energy,time_ms,violated,priority
0.09874269773159325,1018.4994038726778,0,3
0.0016196885323871478,17.035973946114726,0,2
0.0009475645514915889,39.580455309527665,0,2
0.003740628753713853,67.70620302254497,0,3
0.0008354069183362663,12.050419779420391,0,2
0.0010485880284172753,59.45888364328307,0,3
0.0002468020989695329,12.26652581612593,0,2
0.0002506400958335952,18.53561559202487,0,2
0.0002611597735919113,4.788625398859389,0,1
0.0008393584352935233,32.63994224360372,0,2
0.00031381597482150846,3.4382687372957843,0,1
0.0007128750540725961,11.384774826451626,0,2
0.0026491382913830562,28.741656639364127,0,2
0.007935490461764845,86.94378539943254,0,3
0.0017270277096442562,18.921870965589886,0,2
0.0006605376957465128,33.8773881346547,0,2
0.002260917812931412,22.92087182812856,0,2
0.0026786505945423,46.46962622575381,0,3
0.004995199757508939,132.39758348722484,0,3
0.00014642491763125758,11.193853048692445,0,2
0.006815612216344656,107.89196683847734,0,3
0.00010332876310282554,1.0475326974261723,0,1
0.003718331891302988,46.45962791066882,0,3
0.0019391676824508626,35.09936148366027,0,2
0.0047810256546388956,127.63779680306153,0,3
0.000494193920652612,14.98016424188489,0,2
0.0011460349774232025,30.37561438350481,0,2
0.0013218251167681238,43.911178506786136,0,2
0.005590049254195509,79.34866103441149,0,3
0.0031545666477744813,133.10354363386207,0,3
0.00019959610567461952,2.493903468851413,0,1
0.0001987137750051678,5.200960078022303,0,1
0.00040670178234534615,12.575169202811528,0,2
0.0025285336839878897,31.454826899930094,0,2
0.0008417499432392427,52.21983010795067,0,2
0.0005881306866602933,29.627348583310567,0,2
0.001460024165975831,28.577193633110696,0,2
0.005027159639010691,72.51482196111526,0,3
0.0006260462702986202,23.97327323325775,0,2
0.0012031525431030002,40.40033072391163,0,2
0.0005098988591996397,6.33946073850296,0,2
0.0008895409982348065,34.59138025526401,0,2
0.003545813686088761,92.8050177949322,0,3
0.0012694357317118749,33.225097565967886,0,2
0.002562841565417856,27.50035197821705,0,2
0.0006774196101177133,50.09728968495818,0,2
0.0011112918721700976,45.19445812605855,0,2
0.0020806812030116886,153.87285430253627,0,3
0.0006600757810526144,37.428778507605166,0,2
0.034933614871015775,214.531997286073,0,3
0.003301946367346755,64.62931429819683,0,3
0.0014812181016737073,17.21063830252384,0,2
0.0031095373762508867,96.14651409522884,0,3
0.0004474447342998173,7.762337350738743,0,2
0.0013274470539902266,21.19962778523078,0,2
0.0023865175717461104,24.194184797299677,0,2
0.03732389083298912,472.31685971007033,0,3
0.0005028302231625066,29.54261766143687,0,2
0.0011366096351985858,44.19908264034051,0,2
0.00020847824477503008,2.5919643155464565,0,1
0.0007615956527397789,25.573412469566097,0,2
0.0014830446784001822,35.71017304696827,0,2
0.00131594255644428,20.812782680885686,0,2
0.012794074204665854,192.94498483191833,0,3
0.0015034310199600108,21.340641730820455,0,2
0.0007049827091667702,24.936256332475757,0,2
0.004605758245988802,72.84409565222617,0,3
0.003964261236894343,118.89622921964073,0,3
0.004438730390832708,147.4551210011112,0,3
0.001337013394260043,16.827704732441607,0,2
0.0006283207292597834,19.04585897872416,0,2
0.0007331422982949908,13.442896592793932,0,2
0.0023239045642789165,33.52141921764628,0,2
0.0010061864230163338,18.44943344441896,0,2
0.0022939514544672575,76.20532438459,0,3
0.004223408746138309,86.46378143368783,0,3
0.0003738743411839602,25.117092066683735,0,2
0.00033135078156044625,9.937881517460633,0,2
0.006158783681447079,67.47761455971485,0,3
0.0015350658755528092,15.562285360413176,0,2
0.0013773069231721564,17.13362615289684,0,2
0.0006613216381412212,41.026558858502824,0,2
0.00020968119567540746,6.3559234915404375,0,1
0.000289778502724708,17.02526045204123,0,2
7.382784146838255e-05,4.959796613412125,0,1
0.0011662136438651226,16.55396704265301,0,2
0.0007289833580260832,53.91058941473555,0,2
0.0004801006730787529,12.817122638942891,0,2
0.0005972594962782272,18.467190333842986,0,2
0.0014613907732580372,28.931316012698254,0,2
6.17421520617019e-05,2.7317357486939,0,1
0.001073265120574108,47.48581965151773,0,2
0.0034887574701371197,63.96985417082039,0,3
0.0003420322967060112,11.362351225754743,0,2
0.0011752950847134555,47.79736613039359,0,2
0.0022515171181271506,69.61663300367265,0,3
0.001197461987042996,91.54325459899138,0,3
0.0021798222529143176,128.07037529032405,0,3
0.0005077985093115747,19.746646150665974,0,2
0.0007905432382264258,34.97699954794608,0,2
0.008618706801335791,93.50810879337622,0,3
0.0008165508769895051,41.87892859044629,0,2
0.00016600541460780175,12.276617358971217,0,2
0.0005130127868321103,19.64486699204332,0,2
0.0004913992904389449,24.754460873481595,0,2
0.0032141603326021535,130.7147457837181,0,3
0.0007064910685290207,54.00964077195663,0,2
0.00024810789839550406,8.242172188425513,0,2
0.0027370147127780834,65.90446697185055,0,3
0.00239718540490187,29.820861171722598,0,2
0.04022589094227597,504.1532097227378,0,3
0.0011570830656470444,12.553698794896697,0,2
0.0007731730624072068,11.152720619912987,0,2
0.0014064466061416816,22.26422011305548,0,2
0.000999521453032502,10.133010135701824,0,2
0.00020505159968907104,15.164204337400925,0,2
0.0006856364763281991,7.4387691447245565,0,2
0.001028071584586953,11.153996973656893,0,2
0.0008504901859098423,35.885517793794605,0,2
0.0007087621063647773,35.704210754844794,0,2
0.004286911045003093,67.80124824978698,0,3
8.88301309969624e-05,6.790862161726979,0,1
0.0006679346360963906,7.025373601599269,0,2
0.0005518934129132052,34.237935495569694,0,2
0.000667565760975208,33.17926660735173,0,2
0.0005003738963478422,9.174855361613488,0,2
0.0011993892904698916,21.709209908359878,0,2
0.002175220086206386,30.876436583468653,0,2
0.001136817012758644,35.150242533079684,0,2
0.0010416069963686434,12.957536605507492,0,2
0.002782358021549762,84.3397265743379,0,3
0.0004828834841728162,24.3254732922567,0,2
0.0011838004514112034,13.754869298843326,0,2
0.0006654807344032924,39.098769310004016,0,2
0.07654033160623508,306.64370043837334,0,3
0.0010110138498560836,46.30139230564787,0,2
0.001672193585268965,30.267071615917633,0,2
0.0007894103982037019,46.37996782575566,0,2
0.05355897889437526,393.8666414778351,0,3
0.0006267599488688002,28.703719813702904,0,2
0.0019005712262238808,20.82326954147653,0,2
0.0016364878552338356,33.5030153932416,0,2
0.0014913375520213996,27.53950389409455,0,2
0.0006789639831701785,45.61318870196729,0,2
0.06934165940324874,475.311986843202,0,3
0.0017419156385873246,18.898802430158327,0,2
0.0007210542225195242,30.424106663657714,0,2
0.0016865768090625938,52.14874797251491,0,3
0.0001976121821441544,2.4871549282389105,0,1
0.0009326082449935013,11.73784514438369,0,2
0.0005787995684769062,26.507278698708,0,2
0.0007856225172289121,9.773103061513787,0,2
0.0010276959479815788,30.822684403876078,0,2
0.001448233414581814,22.90507832677162,0,2
0.0008924124246635737,11.231938921683023,0,2
0.002106962910919864,161.07253864589157,0,3
0.0030635244433430946,38.27797246014079,0,3
0.0008570308419146936,12.165232662321529,0,2
0.0022793347253199305,104.38667217857319,0,3
0.00017454981856308206,2.7875998311147336,0,1
0.00152793299187228,54.045196071838184,0,3
0.001959975344917254,82.69904965473971,0,3
0.03019804076780956,326.62159579962656,0,3
0.0008963047563183962,41.04806096733855,0,2
0.05293466685620091,893.3590813077707,0,3
0.0003549202795444775,23.843747365549937,0,2
0.000781399289319211,57.78691075955517,0,2
0.0005381743336737366,26.748270720340194,0,2
0.10645519726384299,300.70078861437594,0,3
0.0006980235945332003,18.63495412042511,0,2
0.0007425104728554101,9.236791482333295,0,2
0.0005602981151429614,14.958132864308412,0,2
0.0003043383466682,8.066476540962412,0,2
0.0006026601507403782,15.773498261678617,0,2
0.0015956511726394518,70.59840328190175,0,3
0.002508157472783413,26.913569004447304,0,2
0.0013913518885740413,20.069709683033505,0,2
0.001886241000847548,19.122450170504784,0,2
0.0003474069089451456,5.499493443814224,0,1
0.0008053702513156112,9.357795505836378,0,2
0.0017781088447902345,25.23959085005492,0,2
0.004523805516225124,139.87551143515182,0,3
0.005776330066348477,118.25598003088437,0,3
0.0027786094953480764,93.30216954464214,0,3
0.0006625498504186603,17.56085910346017,0,2
0.0004101577695278307,12.30146281182056,0,2
0.0002162080825949923,8.792835959713695,0,2
0.00246016172622626,76.0678986828397,0,3
0.0056793896430856585,60.91835667666637,0,3
0.00015670610449311455,5.542921180467763,0,1
0.0025720329181201317,27.905106818397254,0,2
0.0012368477545460022,22.840016002113625,0,2
0.005459704046759801,118.50574465050951,0,3
0.006402443699163245,115.8856388797146,0,3
0.0016460694964628036,20.46522120495196,0,2
0.00382751382398659,47.61407196312609,0,3
0.002469041477702714,28.688401646357416,0,2
0.034798001439919415,344.9469124133796,0,3
0.00013314297213282757,5.177500740833699,0,1
0.0014687949316238747,30.069920193009,0,2
0.003111527702387373,32.72722119749825,0,3
0.00015380164967544307,5.889547061172407,0,1
0.0012029888850132178,31.88517558248139,0,2
0.05185221968343665,456.7199032149869,0,3
0.0011416023492937613,43.715530850928886,0,2
0.0013916979331043502,16.170481393634294,0,2
0.0013725726738373603,36.37998758778169,0,2
0.0005228127239950015,5.672223246567463,0,2
0.003435413552555839,133.59215231941246,0,3
0.0009767839094506024,32.79916018447992,0,2
0.0012683876421374354,20.060660111378674,0,2
0.002325139625575168,27.01637054895726,0,2
0.0018668544025983627,36.9583246723658,0,2
0.0019705328961038496,24.499203525160024,0,2
0.001404040858092668,24.35750822230749,0,2
0.0015386380634628651,24.334906932350854,0,2
0.005607551671627946,69.71746066898658,0,3
0.002037766166687475,22.326421428436497,0,2
0.0008063620715832762,21.52723822817796,0,2
0.001226176560862889,37.168256232329185,0,2
0.06657541540766825,430.0012744904691,0,3
0.002530637826055241,27.72648182646803,0,2
0.001447031654366455,55.41137592074953,0,3
0.000678819565570698,10.840901021380253,0,2
0.0004221346282313982,8.642155762064002,0,2
0.0006975241090151874,46.86006857112886,0,2
0.0017421283318444754,21.659499647630337,0,2
0.003901347450087033,41.03458917281348,0,3
0.00027192603240774085,15.419228412244873,0,2
0.0014627520109134924,16.026381424339462,0,2
0.0021263652966198223,23.297141987742837,0,2
0.0002438733236990139,5.872215933659916,0,1
0.006255668404603069,67.87047468214712,0,3
0.01851912785456213,304.25536821143726,0,3
0.0008926207487951918,45.78036917303439,0,2
0.0010007367506311817,38.321345714591224,0,2
0.0007040431840858727,43.67688499050547,0,2
0.033856001103483815,187.1650132546967,0,3
0.0023229392599247722,24.9261008304018,0,2
0.004003764429177138,106.11962704360629,0,3
0.00436979925218716,94.8487884908355,0,3
0.0003276302997537465,8.683828889802616,0,2
0.0884668674661343,505.923577924705,0,3
0.0006698473149370026,7.339062592397918,0,2
0.00019601669364685442,1.9871901072900209,0,1
0.0003858231665899689,16.279393153856127,0,2
0.0005529524159602019,27.48276904363905,0,2
0.0007367714169256346,49.496725162844925,0,2
0.0006149206993678613,16.416377770271474,0,2
0.0032557095823408135,164.0078385125147,0,3
0.0008402783610626424,43.09585412335787,0,2
0.10767099737607858,581.7074991911536,0,3
0.00033462232025202935,12.81373708930833,0,2
0.0015828440954633817,27.459413198455213,0,2
0.0009281062867585793,41.0633746551671,0,2
0.0024229066860064308,30.123467687501233,0,2
0.0014549490803242094,23.235863800835386,0,2
0.0012518218945134676,13.715363238012703,0,2
0.001208266456034118,36.238359918878444,0,2
0.0005108367457095502,19.864793364517055,0,2
0.0005406034538397852,33.53753777119212,0,2
0.0026333358711084073,33.14327193025899,0,3
0.0009585792088504919,73.28120768642779,0,3
0.0019323714121196537,20.96514017691025,0,2
0.001907866207763855,74.19076310129506,0,3
0.0007780887043314865,23.585673757881896,0,2
0.0009412884984970392,18.42393044788493,0,2
0.0034462536286051482,114.48493173994245,0,3
0.0005668334740324319,25.07912686657439,0,2
0.0017068824216910166,41.09995304738015,0,3
0.0017874634343151654,18.121056873926836,0,2
0.0013126955741599253,54.83224169399808,0,3
0.001212143536950826,36.74288272159195,0,2
0.0010739620522465271,43.67631422017846,0,2
0.003881214616749713,103.6157758578663,0,3
0.0036819119363095693,149.73745331587202,0,3
0.0005280912014489465,29.9447566146533,0,2
0.0012244784741967513,61.683655368830905,0,3
0.0033760580220170504,101.25482264105503,0,3
0.0013267817718856378,18.833171640656758,0,2
0.0038008218051360145,47.254784302766566,0,3
0.004350937896535133,89.07462335052034,0,3
0.0016471909977608433,18.04715427625194,0,2
0.0019896200154715746,34.51622195094119,0,2
0.0017709020542583894,25.137293150508143,0,2
0.003991109516365274,134.01637667710466,0,3
0.0005603467634807892,8.8703571307262,0,2
0.002339187009866374,24.603698895392498,0,2
0.003806555338224305,70.29303689028974,0,3
0.14995655686216472,461.55317377157735,0,3
0.0003674272693764165,15.503198075151557,0,2
0.0007499091939877272,13.848056826604992,0,2
0.0013317457635411908,44.240743504325316,0,2
0.0006341591449476297,48.48002917034149,0,2
0.008476196263453818,105.38269002671451,0,3
0.0015655825391747888,24.761057386028664,0,2
8.462336157240156e-05,1.6563412071490946,0,1
0.0018358388542722925,29.0353974221619,0,2
0.0004384660960488913,25.76105340606965,0,2
0.00013031711773314834,4.375882913256998,0,1
0.0003118020406195266,17.680348001796073,0,2
0.0016731929734104597,50.71836075392634,0,3
0.0001824525900908458,7.094992737731367,0,1
0.0017530321638691072,27.725737176397327,0,2
0.0005359007756020511,20.839452644371793,0,2
0.008301050039302118,87.3109053791481,0,3
0.005661986232145278,60.73168394215037,0,3
0.0021777254786400366,22.07747945868055,0,2
0.003175979761984126,123.50360899365357,0,3
0.0016200790536144536,20.15369876950758,0,2
0.0006399483916259716,31.806631708741268,0,2
0.0036834185125430366,37.341987016277315,0,3
0.004099706257599456,88.98627814698315,0,3
0.17604220462011008,367.19550596010913,0,3
0.0004096360026688008,16.659239245031955,0,2
0.0004111346350919655,24.15525712735631,0,2
0.0007141745071813716,10.137440353896846,0,2
0.0013282077503475188,44.59952538163622,0,2
0.004404304575887057,44.65023014041325,0,3
0.0007543447460382867,22.865939297136425,0,2
0.0012067616550867155,40.08875741536774,0,2
0.000488978087401271,9.680353693729709,0,2
0.0022891511978396185,175.0004202111628,0,3
0.0070994849469058225,77.025408346565,0,3
0.0005040412968668737,9.123258314135818,0,2
0.0007507974371501494,19.89985810230202,0,2
0.002880634886994761,89.06887721657782,0,3
0.0005205121266303952,30.581476683062235,0,2
0.0022776072786658014,28.4581338586114,0,2
0.0008826267757792302,27.29071159794198,0,2
0.0023280498346927906,28.960818291010487,0,2
0.0005414861074297214,41.395385515879376,0,2
0.0011695237415724814,22.891200844678465,0,2
0.004114254961189445,74.46891953986045,0,3
0.000873190567889067,23.143883473041093,0,2
0.00026212677356504444,15.400647561623277,0,2
0.007481751332404922,107.92135217202838,0,3
0.0006407927434107667,43.04882298406192,0,2
0.00046740005063584386,15.694698676661966,0,2
0.00038670219973558994,17.10935216609554,0,2
0.0010047404247784451,18.55384973256756,0,2
0.00041893000657493225,32.02624940583534,0,2
0.0013973167869343382,24.24085804251936,0,2
0.002372984022104196,25.453137772043068,0,2
0.0009670931688974409,15.295424452886271,0,2
0.004405842477754706,117.62162923688098,0,3
0.0011100942752963639,13.809514776556052,0,2
0.00010627838054618127,4.3221712851369745,0,1
0.0014283586601463846,95.95795169449545,0,3
0.0003601282876991245,18.141624908165262,0,2
0.0015909373137876937,29.171425308023924,0,2
0.002366499282862437,37.46197025963001,0,3
0.0021743864019948436,111.51904360559504,0,3
0.005276475560964456,96.74945164862025,0,3
0.0006755058298459142,12.226804066843476,0,2
0.05025469170019669,621.3677005089164,0,3
0.0008524858659867804,39.04128763586429,0,2
0.0018088562087373128,37.03182838275782,0,2
0.00014475646007896238,4.808825825672997,0,1
0.00036670391582603075,6.637421516216778,0,2
0.0036417404130387548,45.27696022798839,0,3
0.0006334740719242016,31.91154206552741,0,2
0.005691899583096173,80.79438840758563,0,3
0.000746726822121159,13.789290156180163,0,2
0.0005845223760892522,10.717801818577339,0,2
0.009257480178450784,99.33659839688755,0,3
0.0011728568116328602,21.22896620680359,0,2
0.00026605902327795077,10.346177256376874,0,2
0.004797717559668067,48.6385965132159,0,3
0.002120848778518427,105.41015008550218,0,3
0.0003900680357584211,16.4585008385778,0,2
0.0005651403516613372,25.004215922371948,0,2
0.0018456580487926464,33.406816551276606,0,2
0.002011932166958104,32.13100887183002,0,2
0.0004431304962930121,33.87632198906039,0,2
0.0020314738923498028,84.85613089055846,0,3
0.0012464934338835049,33.038262029618856,0,2
0.0008561834015376989,53.11524179911766,0,2
0.0012689264061545092,33.87619780488738,0,2
0.004356032851035235,47.72609673190339,0,3
0.0024688057233011045,182.5758712160791,0,3
0.002748094038834714,161.4578594268981,0,3
0.01865980886599481,248.1130255255786,0,3
0.00044561956669875744,29.936977349245776,0,2
0.004421868051577716,69.93571136547952,0,3
0.0020504014606459436,22.464857772311774,0,2
0.007960766084376463,86.36982302044686,0,3
0.0007384832421405808,33.8203104837437,0,2
0.007168392596913221,90.22167956203323,0,3
0.002620759994668361,130.2566723163811,0,3
0.00011243867004550175,6.3756953332110395,0,1
0.001133603862845814,17.9289367367013,0,2
0.005418999585590298,78.16696074401352,0,3
0.06399420330481809,379.37293335809994,0,3
0.00018701801549026882,12.563977239845658,0,2
0.0007555573403885903,25.099699517766076,0,2
0.002177630345647343,27.40774372962718,0,2
0.0011711388332652883,22.92281318995066,0,2
0.0008241281232016748,27.673173220707657,0,2
0.004987304391145284,62.77041506487653,0,3
0.0011756315237810044,66.66272748257394,0,3
0.0010434447882235324,14.811308996379838,0,2
0.0007750243586038736,9.68373571134419,0,2
0.0006916496392538139,23.22471438148812,0,2
0.0014039036312058371,33.80453896082799,0,2
0.00035850984890142135,15.126937118315414,0,2
0.0003727686207996697,27.567400327277696,0,2
0.00018082175935284447,6.071764483906414,0,1
0.0005222217670477375,39.922670360532855,0,2
0.0008740432450346107,36.87931376736716,0,2
0.0072896564754967455,116.41745220511528,0,3
0.0006292708467057009,11.389940704734302,0,2
0.001288196997597108,16.02510333519479,0,2
0.0037718116784530363,126.6526344571502,0,3
0.0005904059124238492,29.741964107260493,0,2
0.0012216692128594684,93.39384214166971,0,3
0.001372366685331304,17.1473788304431,0,2
0.0002323441826538995,2.4931493578424195,0,1
0.00275038974836622,28.928752138394632,0,2
0.0014909969612914849,18.76574814380721,0,2
0.0020766600981687255,25.94734904743613,0,2
0.0004504728731310929,4.738098700237263,0,1
0.0009350659804475766,36.361699975165656,0,2
0.0027913866896001776,106.89094238600624,0,3
0.0019591053763254626,31.01287537878031,0,2
0.00303865832636493,139.16140839403297,0,3
0.003291714308084508,163.60435631633044,0,3
0.002331677224551629,70.67854605884274,0,3
0.0011003102191730798,21.536477903969217,0,2
0.00452913969000803,65.33107795291451,0,3
0.0012429096759944962,95.01762740217043,0,3
0.0037862383649181204,113.55696247409053,0,3
0.003461351764775744,140.7676248789949,0,3
0.0026301372019376205,109.86272947352042,0,3
0.0008309274432841678,10.38223078634809,0,2
0.003114687924754258,156.9038089118174,0,3
0.004161913195550245,76.8551858030963,0,3
0.0018272055706721692,113.35476199216376,0,3
0.0013962557572506531,25.601744443697935,0,2
0.0009292830360227217,28.16872471525865,0,2
0.001069732644104636,33.07600208637418,0,2
0.0011910615221244194,18.854648147302377,0,2
0.0010283647021656936,20.12828136964667,0,2
0.0015839893322589264,31.003575773344,0,2
0.0308278474484773,318.4821102712271,0,3
0.0031603031002262584,132.00814174207477,0,3
0.000658682477864374,33.78223847601707,0,2
0.005616032562398424,60.23877498182772,0,3
0.1709956645643802,1529.3813468870992,0,3
0.001916172684439707,20.994204134816503,0,2
0.002702366332180135,138.5978630845959,0,3
0.14015854225346383,332.5357784414622,0,3
0.0015248113741066771,67.46414890915385,0,3
0.000946220126444885,13.431241240112913,0,2
0.0016828381460953403,18.050484445585305,0,2
0.0020117579596559323,153.79433592468425,0,3
0.0027132689025849556,182.2789566464637,0,3
0.001959173015142191,121.54165595676045,0,3
0.0007583152926611965,57.97148523588166,0,2
0.0030644883552118115,44.20405227549665,0,3
0.002620319539058008,28.709063514031673,0,2
0.0008365737331599534,56.20150184633563,0,2
0.0012659435634795931,44.77825170873411,0,2
0.0007608323055283963,14.891844001006037,0,2
0.0009079450385375189,51.48389733419267,0,2
0.0007241607786909371,30.555184456927485,0,2
0.0010325473397310122,40.1524356168783,0,2
0.0006677499933393564,51.04797338885767,0,2
0.0006891780852034241,50.96686553399488,0,2
0.000624117271796391,12.777247626561007,0,2
0.0014730789504885423,23.52540190190171,0,2
0.0007520098418092708,9.396175074456986,0,2
0.0004264455326062547,6.750684428910616,0,2
0.0006433515469468614,10.274468792806788,0,2
0.0017346370801341925,32.0323487854552,0,2
0.0006442800191113837,32.4558965284878,0,2
0.0046227359558075635,73.1126129846482,0,3
0.0016647683745075635,26.329768136884727,0,2
0.0016736706276743326,33.133843949531624,0,2
0.0007853306368996569,40.277717640652476,0,2
0.0008921029524954134,36.28039630304788,0,2
0.0010330465517141621,20.21991966182401,0,2
0.000277248728230345,3.4489596915146468,0,1
0.0024061704528977983,30.06449859754275,0,2
0.001613977413836781,17.510744834678796,0,2
0.0007414392661460877,7.952837277886326,0,2
0.0012469862170250243,44.107702992534534,0,2
0.004706044944025263,58.800855712124495,0,3
0.0008005379104965674,45.39350934999496,0,2
0.004128507350789219,138.63002104273139,0,3
0.0017022401830073877,125.8859623899563,0,3
0.0007866127754459593,40.34347543987451,0,2
0.0018748082893353668,27.043380173845332,0,2
0.009303905083315743,101.93657604883455,0,3
0.00033477525645726866,20.76852770464098,0,2
0.0006753972696252969,29.882451524557684,0,2
0.08727772308762882,425.1260950252017,0,3
0.0006397546801718961,29.298839407818033,0,2
0.0008700953312763064,30.776528179024858,0,2
0.0020393463789072476,22.34373474168203,0,2
0.004178769956547199,45.78394745557215,0,3
0.0005006452896957656,33.63363689045684,0,2
0.002004405104565276,67.30537170314683,0,3
0.0005911887360339786,33.52262405677186,0,2
0.0006983115980171016,8.68195501715648,0,2
0.0017204776001986909,35.22249635940489,0,2
0.0005800098114885784,29.218255834077915,0,2
0.0003112652559236169,3.410322240788593,0,1
0.002779423971716171,163.2985766030736,0,3
0.0011981330853774743,21.68647231994223,0,2
0.0006001024664281057,6.439348133125181,0,2
0.003386784367892015,142.90172033874356,0,3
0.0009426024694161831,20.45968180525597,0,2
0.0004470350301339891,30.032068992355466,0,2
0.002201584290772977,124.83810670004948,0,3
0.0016708283901121447,26.425612584807837,0,2
0.0013301372838855233,75.42378498400083,0,3
0.0016079298243561787,29.482999968161984,0,2
0.0005361997857217363,20.532769829600518,0,2
0.001288029891346208,25.21073312895044,0,2
0.0030186689893009952,177.354859929599,0,3
0.0008202531805427096,31.897000509304213,0,2
0.0012235249063004407,32.66412578697107,0,2
0.0007579441206170597,31.659873035540706,0,2
0.003289517480478462,60.74525471482849,0,3
0.006533630834568399,103.33508709106307,0,3
0.0005781122463616403,23.510897870000484,0,2
0.00019627970517223096,8.684250053776026,0,2
0.08993376142809678,262.456905368526,0,3
0.002274174819941394,94.99392382825171,0,3
0.0007819021101448168,16.971596081569214,0,2
0.003188226646085937,107.05659200325739,0,3
0.0015835151685682552,19.785626370431586,0,2
0.00017705098199608655,10.402217740205122,0,2
0.004728771231669033,59.08481499778965,0,3
0.0016363701006998604,32.02882959945943,0,2
0.16541519031956572,1149.003543887056,0,3
0.005482889078290537,86.71668705524868,0,3
0.0017124292487540843,21.302530371272297,0,2
0.2301869706086286,1354.0884057712906,0,3
0.0008005509074945227,30.655602553696653,0,2
0.00031161766388237175,11.932816718160774,0,2
0.0015526094255803968,24.5558762460068,0,2
0.0005286112830475128,20.242182285721874,0,2
0.0011301418586568332,37.543439191719266,0,2
0.00033452732310692424,14.11502026095876,0,2
0.0009730731741796206,43.05290125528941,0,2
0.0006161363661301888,25.997210663301747,0,2
0.0033682795329199834,73.1102768247383,0,3
0.006025670538845984,95.38709441210453,0,3
0.00023060872117057398,2.501974586788041,0,1
0.0009213535933308618,38.87552298146821,0,2
0.0006724514039121072,13.766768671347755,0,2
0.01968644159189517,181.9454018316818,0,3
0.0012843671556896708,38.932148161001706,0,2
0.0009579896500484441,10.279625913405143,0,2
0.0009692280853034637,13.980738049393747,0,2
0.0012482621054705873,13.394369642164959,0,2
0.004556651255248047,48.89475613794912,0,3
0.014882433561724315,158.96775056946882,0,3
0.003353705249857964,172.0034680386629,0,3
0.000709229136670873,35.2500142861262,0,2
0.0032370131002206,59.77569247011163,0,3
0.0003163094431776869,19.6229599026948,0,2
0.0012514563418333177,37.93454504145862,0,2
0.0015767314641407003,41.2679865728693,0,2
0.0010346095973407514,43.21638970758556,0,2
0.001203297252101431,17.35709471513939,0,2
0.0008425421894550728,22.4931294127924,0,2
0.00017441673433008805,10.247448659037591,0,2
0.002084591578571057,154.16203875224633,0,3
0.001160725725132193,13.486758365369685,0,2
0.00036460842943228014,11.052127370685788,0,2
0.0019091710931829374,23.749988635194796,0,2
0.0002986044371092464,13.675184755154895,0,2
0.0022860409463304927,28.56351042882565,0,2
0.0027888716298169526,30.25768456716338,0,2
0.0018359067919414026,33.66318546272989,0,2
0.0004057530060694338,15.778425671797262,0,2
0.0003970970461610446,12.278191938612087,0,2
0.0004927647039260195,9.035333215477438,0,2
0.0003753177317097889,15.677292574346014,0,2
0.0018926683562600836,37.469366390016305,0,2
0.0013234676315999779,24.267101430218975,0,2
0.002532155500036689,89.56599616071756,0,3
0.0012079990550578003,29.087360566387446,0,2
0.002502680276832821,31.498835328838055,0,2
0.0023492141885959107,25.487649248275076,0,2
0.001525510780984589,75.82073838049459,0,3
0.004303983666743787,84.24228687754407,0,3
0.0013189872009995672,100.8335817423981,0,3
0.03557712644177318,864.0132220611315,0,3
0.004965352025292753,132.55870991720377,0,3
0.0004463618028262202,33.00984531079583,0,2
0.007056662704288258,88.17123729572198,0,3
0.0003084282878744779,11.993781296778279,0,2
0.0013824108189274234,23.982267107506896,0,2
0.187579950645228,1031.2092056578028,0,3
0.0008102781260158619,21.63178411352604,0,2
0.001450008698354786,34.914701014750136,0,2
0.0022527906365932713,151.34376338074244,0,3
0.002408074286588518,178.08459235061275,0,3
0.001387271573835399,78.66351403497889,0,3
0.0004283816376700413,18.07510202448444,0,2
0.005588811482274384,56.658597196284035,0,3
0.002571773409619817,27.050055566560914,0,2
0.002102629003038355,85.51054930950494,0,3
0.001035403820677959,34.767542177409645,0,2
0.002199417533667026,23.600661523157243,0,2
0.0014346076594599056,22.689575090079046,0,2
0.005250421612190739,61.005943149805425,0,3
0.0010207185186694994,45.16093420289008,0,2
0.007349173937314522,79.73439309541692,0,3
0.0009234396824168486,20.043743446054435,0,2
0.0015212168530227168,24.08104702125855,0,2
0.00024002715034456123,3.799658860168937,0,1
0.00690961108201733,80.28447465591861,0,3
0.00039150919894486135,8.015176328315093,0,2
0.002274470889428961,24.406015130828667,0,2
0.0019734989150983684,24.53607938912042,0,2
0.0006712656555788824,20.132617525353655,0,2
0.0017611171541386077,22.00471880408282,0,2
0.00045824050982035683,19.141036873328844,0,2
0.0008438152566828532,32.312330041037455,0,2
0.0019795228708785117,20.82073150466923,0,2
0.0023443488928803088,29.506070117606743,0,2
0.007362622291489442,92.66626236474316,0,3
0.0009686607102631482,37.09305362746309,0,2
0.0019144219343636502,20.13599623850031,0,2
0.007802790272409808,110.75769323201655,0,3
0.0006773550149050993,34.122064358186435,0,2
0.008618951736891704,87.37773966139025,0,3
0.0009085234997680494,46.59598298370024,0,2
0.0006421730951830053,10.16567787173875,0,2
0.00040876526083211974,30.229463952919495,0,2
0.0023776907272262363,25.008683133198033,0,2
0.0006751315678465781,20.248564069654318,0,2
0.003675133900410797,71.93374982903349,0,3
0.001353882641747796,51.84440837081091,0,3
0.0017820354032098626,119.71815756804934,0,3
0.0004721043925296381,8.190136744631104,0,2
0.0018921957298557199,34.94187590201774,0,2
0.003850684435397783,156.60116017262928,0,3
0.0013631083199592347,24.67256034463454,0,2
0.0005343710113819342,9.867861591024198,0,2
0.0005222413096182493,6.0680505297092395,0,2
0.0023263973303344503,90.46608850870301,0,3
0.0020640779756763267,91.3235999388541,0,3
0.0027291514542304705,113.99862626463022,0,3
0.0002556904138205221,4.083433373069663,0,1
0.0009893511416119536,43.7731078575235,0,2
0.0014699630918369214,48.83233863936433,0,3
0.07328872803397993,290.7011195846982,0,3
0.04769829456969203,469.98955607022987,0,3
0.14382760993309468,451.0308730251514,0,3
0.10614866988401978,346.6309856606554,0,3
0.0008691289941890621,43.197336202881274,0,2
0.0009274291858109715,14.668103863401281,0,2
0.008582799359505813,106.70806295083764,0,3
0.004721099346645313,87.18129149575668,0,3
0.0007240355296471715,22.387089728633523,0,2
0.0020379085765217207,29.396038361850028,0,2
0.0012640343115313858,19.991808379668914,0,2
0.0004208449165838201,14.131436542213914,0,2
0.0028531259878240597,33.15117426156591,0,3
0.0025970094800906378,152.58123835696566,0,3
0.013956407239228412,303.2815390100736,0,3
0.0012141644430986058,13.028487595644062,0,2
0.000804040294925201,39.96230613955604,0,2
0.0018942041323000726,27.323157662600032,0,2
0.004492107035487702,48.183307681796066,0,3
0.0008734049275849233,17.88079186767297,0,2
0.0025108476937328976,26.931893210359696,0,2
7.676622569282717e-05,2.5777121315124503,0,1
0.15111775197788066,492.6327145022891,0,3
0.138489724132786,723.7404800726853,0,3
0.0015844251605254883,25.303625900353374,0,2
0.0010931485807345598,41.860084236261415,0,2
0.002288284965663733,24.544637448122014,0,2
0.1720769839957558,428.23394897761773,0,3
0.0002542297476735424,4.601614339104228,0,1
0.0004642167386817235,23.385127569572134,0,2
0.0020027697809753536,21.49054965057075,0,2
0.0019313717890841364,33.50572311467925,0,2
0.0010417137495321747,31.576760475754828,0,2
0.001908330111393544,24.01832007399633,0,2
0.0043196471698252244,68.38053786027457,0,3
0.0018200101872109574,28.810981688974323,0,2
0.0007228773787740451,53.45903323473872,0,2
0.11450948354269057,371.4166637454146,0,3
0.0006725861164309426,27.352998646384318,0,2
0.0006766517936289848,22.721105818415502,0,2
0.0395083746837342,807.1791244650088,0,3
0.00033995519019129996,10.511372764035515,0,2
0.0015395423151755969,24.371141306575545,0,2
0.0027670409922457375,30.3165909379396,0,2
0.0011093510318413377,33.62700341789378,0,2
0.00024499729662851645,12.34184930971712,0,2
0.0055482845394127225,78.75582650902497,0,3
0.031527969187743116,92.37918347534968,0,3
0.0010350863694925786,10.493562335829164,0,2
0.0007499751160813552,42.5264088030326,0,2
0.0035456756947979213,135.7750317518327,0,3
0.002434163338270108,30.280864730536432,0,2
0.00031700621641928266,17.975444336058004,0,2
0.0030573187988548857,140.0160018869799,0,3
0.004956048596762618,50.24373465087936,0,3
0.0011440338171748786,27.54714418109709,0,2
0.000748555498823686,19.84043561047775,0,2
0.0006403903668241215,13.110398741288854,0,2
0.003050688349972092,81.4434324035466,0,3
0.0016037751688485185,31.390845858723683,0,2
0.0021392473081885736,30.857810140005302,0,2
0.008809136790686676,94.4886987428169,0,3
0.00033457082522004076,19.6569289490634,0,2
0.003708174991531331,98.28504001036039,0,3
0.0006288482106650273,10.909351657091028,0,2
0.001071634713001444,13.389807977780245,0,2
0.0014050755913340407,27.816438079725252,0,2
0.0017426619545138954,21.666134061300678,0,2
0.0031221105579499666,126.97122908012918,0,3
0.00032464776771835206,24.818585956639815,0,2
8.042904293756714e-05,5.947978185082484,0,1
0.0027113849880064395,83.83569110890137,0,3
0.0005209696995682935,11.307921026293132,0,2
0.0015015354669694878,27.17812214624412,0,2
0.0010124210600543798,16.16859186252686,0,2
0.0009341384614268368,47.90971269777556,0,2
0.000398131788342488,24.69899108969734,0,2
0.0008258965436778147,16.350365922776426,0,2
0.0035338008126319163,76.70300315931115,0,3
0.002271269115465112,80.33806805022719,0,3
0.0011042671288526242,74.1852972679843,0,3
0.0009440909676919338,18.478783447376077,0,2
0.0027087324219727746,27.460754347472463,0,2
0.0017545311126673773,31.75739896820471,0,2
0.0005668786095857128,38.083229200776344,0,2
0.0017474361153309523,37.92901891804661,0,2
0.0004056210718186642,14.347402977696365,0,2
0.00031932737657146173,7.689071032102968,0,2
0.0012336789684910747,32.69861510176816,0,2
0.0008339143853321819,9.136634176445872,0,2
0.0010430331062875784,15.045346763023671,0,2
0.04602266762127438,306.2042913956478,0,3
0.0005443576719282521,6.851307706694753,0,2
0.0007807193185287916,20.69293645356684,0,2
0.0009145464307355923,53.73204372427221,0,2
0.0062229750950204095,123.19693151736973,0,3
0.002220345073184608,24.08949201404608,0,2
0.000932259832218489,35.699149955009524,0,2
0.0002952890615341625,15.1446650417204,0,2
0.0010556918496614533,27.630752647318737,0,2
0.0021026473482577243,50.62956076551273,0,3
0.007013950725831158,76.09741027978231,0,3
0.038915241691409634,415.7595198166027,0,3
0.0017536773934207753,25.296114126617603,0,2
0.0009793325414490224,18.08465984263089,0,2
0.002160205703278599,22.721163571531793,0,2
0.0013542657063616442,27.725219384711064,0,2
0.0008102070579073802,21.474507887293278,0,2
0.001070031624083577,32.09241713570155,0,2
0.0019657555829762858,27.903166204308352,0,2
0.0006546987960781769,32.539754391922386,0,2
0.001534792074945184,28.14194625369457,0,2
0.005453330623924952,86.24919424252587,0,3
0.0025866674808498217,44.87388958093737,0,3
0.0004769184829551613,16.01431551650326,0,2
0.00039711124378025907,20.366879626718625,0,2
4.9770787121710516e-05,2.100024781540089,0,1
0.00025150534753339975,4.016596923904462,0,1
0.0009950200973537187,15.737113256138958,0,2
0.0016450197788643569,84.3691039839733,0,3
0.003919398586410986,150.08605222942393,0,3
0.0007105899388712615,54.32299011863158,0,2
0.0021317094177095482,21.610975002574044,0,2
0.001279419859077435,23.15778079922208,0,2
0.0007856856044331725,8.524245767977632,0,2
0.0005056831473143818,7.177983381264119,0,2
0.00091177280655943,9.59007702204906,0,2
0.002365634674653166,29.7739738291257,0,2
0.08296563311681962,816.4189361753555,0,3
0.008202269118947161,101.97701388824277,0,3
0.00221038956061609,129.86628620175136,0,3
0.010824939233149743,143.35871883734606,0,3
0.0015541843777415064,41.49165558402465,0,2
0.001252391233143127,24.513174239154257,0,2
0.0010633387411014012,35.705561242675095,0,2
0.002645844322946197,121.17170896703516,0,3
0.0006324207466034243,11.44695458555961,0,2
0.0008730836160398914,36.83882325502973,0,2
0.0003169861823421976,9.801173859920794,0,2
0.0018139596960932236,18.389672308183595,0,2
0.0013676195793908582,24.754215132392247,0,2
0.0011706056112248564,11.867437649750158,0,2
0.001504187558078491,29.44160796064286,0,2
0.0015707407139534627,25.085082213129255,0,2
0.0019514226637394813,35.78128439525553,0,2
0.002269994196041422,140.82413930098232,0,3
0.0003523783209946903,14.868223899226638,0,2
0.0018473812146528562,29.244268368344734,0,2
0.0008126051962681562,47.74272411880958,0,2
0.0051975209507382205,64.61963860140915,0,3
0.011766578994949678,106.20452347596138,0,3
0.0006859484439940486,13.579797795881099,0,2
0.0010167606375459494,42.901120501057704,0,2
0.0038688474777247555,117.27374259599286,0,3
0.0016932447149517484,30.648101692409817,0,2
0.0018462351258481627,36.55012255248832,0,2
0.0012146878408662994,13.178678123278683,0,2
0.15205444499500803,342.2890395843406,0,3
0.0012192001642010856,53.94260747557385,0,3
0.0014765164028531382,61.675155961585105,0,3
0.001124064237730768,43.71123259731397,0,2
0.0010224428257940464,43.140874316989915,0,2
0.0012041355205308724,55.1457837429248,0,3
0.00039823247263564594,7.353884917629234,0,2
0.002496999258337012,26.78335190929095,0,2
0.0010144517313986248,33.70020019961351,0,2
0.0011693518643677346,30.60559019413412,0,2
0.0018457342914577775,33.84338248597026,0,2
0.00045874727508966065,23.1096008744324,0,2
0.0018193226995546715,25.824606123251368,0,2
0.003761144467012001,73.6172429338297,0,3
0.0018185072182730364,19.513335998701553,0,2
0.0005492745331484609,11.245028846583766,0,2
0.0002980455743212621,8.938990849695283,0,2
0.0002939547146416616,11.430950717476971,0,2
0.0024398165594984064,99.22342644168761,0,3
0.0003315921462150157,8.678802033755236,0,2
0.003627121971088921,94.93310954039521,0,3
0.0014079261813110565,94.58528608060945,0,3
0.003339536961840733,89.15474857119025,0,3
0.006245261003286254,113.04059751919135,0,3
0.003311276799617377,52.88183467261319,0,3
0.004114508551574891,75.97979687750538,0,3
0.09872556519046505,494.8630307042955,0,3
0.18239269481517723,1346.7568145171213,0,3
0.0007596313295310485,9.444329796810592,0,2
0.00020071143870204063,14.843235916943133,0,2
0.0019214630531441683,21.052167115622893,0,2
0.00021602855596610307,9.02366872160692,0,2
0.0005094762434902452,37.677354739258256,0,2
0.0009410433406601295,25.122788994346816,0,2
0.0003673137818711331,18.503597417687473,0,2
0.0017826362619006461,25.713834537904653,0,2
0.0007242336679199005,55.36602227789324,0,2
0.002724438276864184,124.77107557682665,0,3
0.004320576626874135,53.71678206292697,0,3
0.0006771935707337868,38.399421541189376,0,2
0.0018457957901149694,23.06275720260408,0,2
0.0003377653686533643,6.237280535658457,0,2
0.03699994829119024,181.57671099711843,0,3
0.0008953049231435475,12.914425195266066,0,2
0.00020780344522130872,7.957445012373431,0,2
0.1438495423837352,564.0944652158286,0,3
0.0008979156763632613,44.62808813540037,0,2
0.0012938534103589417,34.54166754451686,0,2
0.0012274161471367536,72.11397461010623,0,3
0.0005085125117610516,25.27402270638714,0,2
0.0014314506523651867,59.79272703326474,0,3
0.0009009985411395965,9.664304431220053,0,2
0.001343170724903464,14.407138520059393,0,2
0.0005288724776724123,5.794496940544491,0,2
0.000626638482785414,42.09793166015613,0,2
0.0024804893133765675,30.857157440090514,0,2
0.0002405924453706804,7.439088887211796,0,2
0.0012559818473665465,15.615346977144727,0,2
0.0016096208767915462,31.505264463362916,0,2
0.005977585823455543,116.9998630955909,0,3
0.08882696678981601,429.10604899480336,0,3
0.0007919775332848021,36.27018806033052,0,2
0.0007007588038954466,27.250249624102032,0,2
0.0008737804964494641,16.135502892646663,0,2
0.0003377543041932237,10.238116534368782,0,2
0.003636937600523058,52.46140992600661,0,3
0.0006469518134100494,20.003670681700953,0,2
0.002290911824512587,33.04551178244187,0,2
0.0011287725942355374,45.90537105648163,0,2
0.002821054363793466,51.72685054909585,0,3
0.0016324704255621526,25.842204548721956,0,2
0.0037614073438602133,40.80914866153384,0,3
0.002114511913504043,89.21955379892397,0,3
0.00048372381575530497,30.008882900194326,0,2
0.004068982898406895,136.63126570934412,0,3
0.001167496456468863,25.341123944764746,0,2
0.0006367081156977634,39.499604243680494,0,2
0.007969357898949621,100.30266129450041,0,3
0.0006096973961414256,21.56587723037199,0,2
0.0012948815428722622,34.32078705576971,0,2
0.005710453922221053,61.27553686326478,0,3
0.0010534013918478788,40.33803983692365,0,2
0.00013874074066140115,2.0012812065372674,0,1
0.00046692032169399643,23.52132178311228,0,2
0.0019345364960685917,97.45314845179279,0,3
0.001622609792506406,49.185067190098096,0,3
0.0029799280784553127,58.32641931227503,0,3
0.0023468177432492314,25.461649167594764,0,2
0.0001840005441439137,10.810523064726755,0,2
0.0010368490602498171,12.955169938273775,0,2
0.0019287528694060495,27.821509754063417,0,2
0.0015371485304385547,22.17276951930603,0,2
0.0012839702188637396,15.972522428622595,0,2
0.00010962694492320835,1.7354078152940882,0,1
0.0024154689727150127,85.43862520820328,0,3
0.0020271527665609215,29.240889987745792,0,2
0.0006528847866205108,7.002982855479639,0,2
0.0070043849851807284,87.51804025770738,0,3
0.0007109963769312268,52.58039615045979,0,2
0.0004864835060703195,11.714016738192434,0,2
0.0010918375501473118,55.99771928917393,0,3
0.006108717091314477,75.99212140409107,0,3
0.05338345303938065,241.15405447204233,0,3
0.0005388519447647448,20.634329309167057,0,2
0.0027013937767401005,29.59733893398432,0,2
0.0008672615097636827,10.915388488079953,0,2
0.0007185302083952356,36.851684488300805,0,2
0.00028644440624554736,7.647131716239285,0,2
0.0027193027046590866,29.179244836092614,0,2
0.0004983900186080239,6.272756960204931,0,2
0.0009733292329160562,19.26910730325205,0,2
0.0005429041609236693,16.786530034747663,0,2
0.0015230370371616408,58.32186016990609,0,3
0.0003596663544771194,13.772751628369097,0,2
0.0008308615020361231,11.793768658142941,0,2
0.00055340353451788,10.219322093246772,0,2
0.0006494608456122452,6.831065247196068,0,2
0.0013909508566198716,25.176516380885428,0,2
0.14343735541087912,428.4885758494357,0,3
0.0008372709323594948,22.191834871439458,0,2
0.000383289255923849,10.03187684569411,0,2
0.0031953668308175353,134.82506343366467,0,3
0.00498608029149033,108.22549221893506,0,3
0.0011722316467020358,36.24525866879857,0,2
0.053167812881045974,640.4512545304733,0,3
0.0028653159171077676,168.34495763988104,0,3
0.00513862291369708,63.88737221826155,0,3
0.002139307445754081,132.71669604877002,0,3
0.0008538280569019109,22.347346767111166,0,2
0.002012150539997653,21.59120908204599,0,2
0.0012555074699877576,18.11020679560697,0,2
0.0005310746664265726,40.59945445100508,0,2
0.00041622818936191405,6.583012919846139,0,2
0.03462415257641425,158.63961927336547,0,3
0.0002685362999742636,15.227017838709905,0,2
0.002480432267258434,183.4356903473322,0,3
0.000691366373160638,21.376963418976874,0,2
0.0003975785832950644,29.402174313210526,0,2
0.0009355656811968199,35.825741270356886,0,2
0.007639814247143432,82.88767656794556,0,3
0.0014553362509784093,25.247388275853965,0,2
0.0020619773996764196,78.9595752717546,0,3
0.0005525132408469315,8.823760629215085,0,2
0.004153578537061707,146.91807011785707,0,3
0.00014180600320174916,4.710811317574789,0,1
0.0021533027018648997,34.087042561733554,0,2
0.0029078580216815963,133.1711480017511,0,3
0.0011365305583897298,27.36647351517832,0,2
0.004661814202718574,74.45022052251568,0,3
0.0023305997641301294,33.617994870712344,0,2
0.002204427664362246,27.745015868329336,0,2
0.0001262549451587176,4.834697435217004,0,1
0.001133511244155634,14.266418428896944,0,2
0.002125565021754336,26.42668395786896,0,2
0.0003316244949891416,10.052307796520884,0,2
0.024652662796906092,184.1488827110323,0,3
0.0004714954967369324,14.29212235371317,0,2
0.0021447319473532384,46.552533675826695,0,3
0.0026849436592096556,81.38687125502071,0,3
0.0004091911319120689,27.489694266151716,0,2
0.0006651936161444873,41.266765626719746,0,2
0.0006921713521380375,34.40221049834817,0,2
0.0007200707267707859,21.596380528030892,0,2
0.0002331078888996608,17.820569716179914,0,2
0.00012267502179779302,6.956134963720535,0,1
0.0011859295475612423,31.660452285483775,0,2
0.0013412152467736705,76.05194713016337,0,3
0.0014375063912916534,37.624031614392926,0,2
0.038926351692144756,370.51172360226036,0,3
0.0021748534063871566,99.60174214303856,0,3
0.0016306063574388382,23.14584814075872,0,2
0.001538880524351342,24.338741663400295,0,2
0.0006397604856192611,26.723257291542584,0,2
0.004289409187273948,113.69063071587392,0,3
0.00026848380686669333,8.919062151224793,0,2
0.0009662066839665862,48.67309745722759,0,2
0.00048305362015954833,9.563066355453289,0,2
0.002902417755245684,102.66270674110135,0,3
0.0010228529465847326,10.975635963064441,0,2
0.003441343195698121,36.19623887510434,0,3
0.0006669386893862991,25.539172085255064,0,2
0.0025789593048124075,32.082118987989276,0,2
0.006031567381451076,104.63652196466195,0,3
0.0013190408659156212,23.87492973582278,0,2
0.00021842367185666026,9.216151688585203,0,2
0.0006829097637040043,8.495361774933151,0,2
0.0003210213903504934,8.508659992270266,0,2
0.0016305239131084864,17.690265021374127,0,2
0.00039933360292856686,19.84762678284412,0,2
0.13064445878103842,520.8872699296094,0,3
0.0009133138683790706,27.3921340081375,0,2
0.0003590719826164167,21.532156013632836,0,2
0.031234402836206116,108.72284947751476,0,3
0.00031171435413920406,18.69230246288581,0,2
0.0011571667749648586,92.24401021583054,0,3
0.0030260787901976675,36.57377462819819,0,3
0.007225031031521043,95.28331048637999,0,3
0.00036382304656314634,4.577318533271384,0,1
0.002153993112612012,28.406742287904958,0,2
0.000431553835983344,13.809248566769321,0,2
0.0021010073937048276,80.98453234686544,0,3
0.0011432306626510838,34.16306721807448,0,2
0.0012557798742202056,36.05291654652563,0,2
0.0009102451023596195,9.204364617682852,0,2
0.0014824121026376113,26.030102577890144,0,2
0.0017536165617419537,24.641708065188176,0,2
0.006831634563054422,74.23348968419702,0,3
0.0009676514044695868,18.77425367858354,0,2
0.0007868406829974887,46.92782354591489,0,2
0.0009477539620272787,11.319391042431416,0,2
0.003386284401169588,93.70505077510462,0,3
0.002572634536994372,26.014384746653242,0,2
0.0006079206240841635,36.25688451728815,0,2
0.0011936355841454171,35.669313312925965,0,2
0.0025146238241204465,53.84785534831839,0,3
0.0005546161179243095,13.47699652217207,0,2
0.001304088063252605,16.40694979972385,0,2
0.0023451001485909327,32.953197697793314,0,2
0.002779595847627005,36.657156629587426,0,3
0.0009198018454189839,16.76517946327667,0,2
0.0034911929201696555,104.32702891859284,0,3
0.005906333435039465,71.97929400614866,0,3
0.001622539086752435,19.773556512906406,0,2
0.0006309182523273006,37.83372387333374,0,2
0.0002176155957820722,8.388117675644677,0,2
0.0007231916364537621,31.554885782337657,0,2
0.0026083265313329696,45.8003594590371,0,3
0.13530727990345479,772.1865709628357,0,3
0.00023694556332096828,6.053667941314649,0,1
0.0020058458243035707,25.235881435224574,0,2
0.0016824144488969343,17.012512328341323,0,2
0.0013591750548360025,59.30463165179968,0,3
0.0004697872977432052,28.17132463112758,0,2
0.001620775256015216,20.391244281273114,0,2
0.004162996829087044,54.90137242167786,0,3
0.013601932710948096,86.23859347783396,0,3
0.001122644239717808,25.094502147273307,0,2
0.0009489933406816676,9.672850933106657,0,2
0.0007652946898812352,24.522542279075907,0,2
0.0011087332541591436,11.301039777956818,0,2
0.0006716094105167178,8.449630200499348,0,2
0.0014111269567027647,27.08744119175453,0,2
0.0004631626190551775,13.297205660853294,0,2
0.002782435213726065,71.08780015138551,0,3
0.00491962282670475,112.54345167836541,0,3
0.003759019731639337,104.01935959549778,0,3
0.002260541383401992,29.32092900584855,0,2
0.0007520553675891492,14.436160719453502,0,2
0.05761090845383178,548.6350478646674,0,3
0.00040025190873385624,7.765638364391856,0,2
0.0002646249840638903,17.052685708648205,0,2
0.0037898280088125525,86.69776940294467,0,3
0.0015635884632273194,39.94776361533597,0,2
0.0021786539167882204,22.030467369588848,0,2
0.0002824739860705903,8.637254105539453,0,2
0.004165022146639025,64.29000483339314,0,3
0.0003558885121843514,21.341255622272467,0,2
0.0008472922871315751,36.969746325878454,0,2
0.0628900846689216,146.27451397413049,0,3
0.001357620224887134,81.41122645249949,0,3
0.0021840271796238226,33.7119739081298,0,2
0.0032604454993389737,121.91468494466896,0,3
0.0028850673590450696,34.869483147196156,0,3
0.0009061914124749341,10.2829873793427,0,2
0.00073906827917249,18.882286232169168,0,2
0.0016096703261684851,62.0456638981706,0,3
0.0014217413330375706,27.584450690076796,0,2
0.0012737367389218505,49.096911530954635,0,3
0.0555863217259595,152.7659744921669,0,3
0.07292863374234931,205.25637708109983,0,3
0.0020188372316901405,26.185843612235224,0,2
0.0004215309345697972,7.020810910559631,0,2
0.005022512105260344,70.57601972506401,0,3
0.00044424547881269014,9.930233218658604,0,2
0.0024129529634438793,105.28392658547136,0,3
0.0009966027636832556,45.73449513030317,0,2
0.00027108888405044505,21.60995833163872,0,2
0.0019703120951872284,30.206858525273226,0,2
0.0007227180915539049,39.23025875572741,0,2
0.0009532840048366215,19.681556829335676,0,2
0.0020129758390573546,75.26925853220456,0,3
0.0060221952841503276,69.801312544765,0,3
0.00809532512537383,96.68558970064117,0,3
0.005808074815758495,70.78183603604748,0,3
0.00036959191998813234,11.82653533772,0,2
0.0011734478196317095,14.763343068468503,0,2
0.0007679279686786867,28.714387767144906,0,2
0.0009584330692048989,14.794078994607345,0,2
0.0006132240808793227,36.7726729459579,0,2
0.0028274135246577066,51.53511638823653,0,3
0.003362377737712512,43.61257867792032,0,3
0.0009061225339443426,18.707858367164864,0,2
0.000193054998233896,3.516421157526564,0,1
0.0014370484172962549,26.193005301500527,0,2
0.0015048457565940854,38.44695965451249,0,2
0.0018127551077280937,28.87114370696301,0,2
0.002019595534002172,46.20115411226765,0,3
0.0038275934802194443,53.78509942794678,0,3
0.014731766596508879,150.41409342831835,0,3
0.002488141931698186,54.29305960467301,0,3
0.0021804858391390185,66.23374757849578,0,3
0.006563401479126495,109.31677116903151,0,3
0.00037150584566214025,14.641204392486586,0,2
0.0007999652673948132,43.42335525047869,0,2
0.00329945077940745,143.9643204381881,0,3
0.0034196953929073047,103.87558469015434,0,3
0.0006064119888741096,6.13201547546075,0,2
0.007745691304430865,101.0646317803961,0,3
0.0013924190246319438,33.83534258362817,0,2
0.0011066867275889866,41.38126638025758,0,2
0.006304705148694886,88.59331458235246,0,3
0.0005727896905569702,24.99242573027367,0,2
0.0002800736066607227,22.3261790719672,0,2
0.0031657349106903395,57.70168235171087,0,3
0.0018058626950921324,69.60801103455458,0,3
0.001057717286663086,33.89271770006694,0,2
0.0027807157393445066,28.045515005923704,0,2
0.0063796502251023185,72.39294242502277,0,3
0.0008908989202079336,28.547312200183363,0,2
0.0012169412289419889,33.67512179689966,0,2
0.0014698934101847994,33.62592698844894,0,2
0.000564230271827052,22.23655651911591,0,2
0.003311670154792457,70.91571063078652,0,3
0.0009019763364744733,11.768853513214127,0,2
0.0008718954464835369,10.969462281085429,0,2
0.0011669400956274747,17.89036085308016,0,2
0.0010696432274417348,39.996134608965704,0,2
0.002983359433757961,141.6516120234723,0,3
0.00036248853659690656,10.030760179350159,0,2
0.001186853218146329,38.03065486520932,0,2
0.0009931458992071896,25.373657167551745,0,2
0.00046875827156993803,14.999749625880435,0,2
0.000634503322136791,20.331559527387093,0,2
0.0022815429252521354,40.06227166825199,0,3
0.0011227456241160105,19.714614925645545,0,2
0.006406522566862302,83.59135663492742,0,3
0.00012696231815211635,3.5132933503340555,0,1
0.0016660636771110835,31.981106775051636,0,2
0.0022096770756449046,28.8315388809629,0,2
0.0019695794390394406,50.32033409224177,0,3
0.0005356348730144463,29.07509153640806,0,2
0.0016402308965024835,18.61248448810426,0,2
0.0015082319984963228,81.86917175058079,0,3
0.0006914057650191189,22.4098116131265,0,2
0.0017571888251151028,24.69190528223867,0,2
0.005509638852570549,113.75232316477158,0,3
0.001315464402846282,42.151777428931915,0,2
0.001160298247594195,14.597906105745869,0,2
0.0016893696462806397,19.17008538439331,0,2
0.004535055591672295,125.49377551950411,0,3
0.00523617765289213,127.23746342174105,0,3
0.000702471309927422,10.843131757894126,0,2
0.004804370254562025,109.90688323792659,0,3
0.001600950363513136,34.933896817942916,0,2
0.0015871264741677332,38.566672120273445,0,2
0.0023053096315781675,109.45741965625231,0,3
0.0013900356146557317,31.071509996374953,0,2
0.004273489035002968,141.30959604764476,0,3
0.0003998860638655335,5.619173461342844,0,2
0.0006782372446277495,19.47190847798371,0,2
0.0021368083691914275,68.47032165336452,0,3
0.0026761111637705515,159.60546422722044,0,3
0.0007718052521650297,9.217967751008889,0,2
0.052281581121241115,434.5538581845609,0,3
0.00014424252022759485,2.7985756580134193,0,1
0.003216580224947354,41.96946189172901,0,3
0.00047435072233323507,22.522443565696268,0,2
0.0003100657168016467,8.580119179145825,0,2
0.0022356694914726994,25.369211017359078,0,2
0.00014227362406823535,4.552599642120164,0,1
0.0005738583497013253,7.487618667877146,0,2
0.0021773752427329597,55.62926149956853,0,3
0.0013601705576920709,20.995175691641055,0,2
0.0010232937527803164,65.94202288009522,0,3
0.0021625007951369085,139.3536084078448,0,3
0.003214570179149687,140.2607410392286,0,3
0.001227784011641841,22.37875407603786,0,2
0.0015803411306900342,34.48418842638522,0,2
0.004065758699741221,41.00609602437697,0,3
0.00406302993342761,53.01381219513507,0,3
0.00020549310896224773,16.380965002189946,0,2
0.0005341692269771941,24.51323716949948,0,2
0.003249714398902631,149.13067951186693,0,3
0.0008683889874726802,10.582881398158001,0,2
0.000592169899084555,7.726545049397926,0,2
0.0005215695441448303,41.57712388503626,0,2
0.00082180386042408,9.932480699806964,0,2
0.0007040837480861824,21.528885999014626,0,2
0.00422581372963512,42.62036593307359,0,3
0.0635174804565448,348.24530133286675,0,3
0.0007821311776923146,17.0666689500866,0,2
0.0003576808522352064,5.483605834354558,0,1
0.00710759089115775,80.65323332925308,0,3
0.006816065203702023,119.68525898720615,0,3
0.001672901142521852,133.35598067577305,0,3
0.0005818824267202622,16.705601834447588,0,2
0.002463485991036541,29.77416904270643,0,2
0.00040540773789341834,12.314537107291757,0,2
0.0002972008730591309,9.510101378157591,0,2
0.004569466104373355,46.20627128206016,0,3
0.0016375834926831315,29.827941744924804,0,2
0.00016553553805699332,7.222781256044295,0,1
0.003864080645655315,59.64476409477575,0,3
0.0017511241227756622,83.14437477347745,0,3
0.0009468490630825424,24.190829902487387,0,2
0.00679231194783104,89.57663509291301,0,3
0.003485358396576926,111.68227059180798,0,3
0.0007707940394796175,35.37204343560417,0,2
0.0028467674654711075,28.786406722791458,0,2
0.0011614286161235638,22.533895334572765,0,2
0.0007094813442594028,56.55658785207777,0,2
0.0014939724891077392,15.227686608339368,0,2
0.0007710628214287688,49.68802171859081,0,2
0.0017812296082683236,34.559198044841516,0,2
0.0028289070936737696,129.81966578292847,0,3
0.004901254489116003,140.7129726291485,0,3
0.000755522796068956,29.12205854218741,0,2
0.00133753819603017,21.302523052623716,0,2
0.00018550159714666924,10.06931435743885,0,2
4.917471222282945e-05,1.5938484936017918,0,1
0.008680148545941953,104.90995729751832,0,3
0.001289125576898373,17.000916959893285,0,2
0.0016071216068093408,19.42398315534708,0,2
0.0007191466694108376,39.036396423462804,0,2
0.0018502268695470385,20.995409233145015,0,2
0.0011236864519646055,24.06248797210034,0,2
0.0008569590427561031,55.22325593329319,0,2
0.0015103952078109712,56.476747100831766,0,3
0.002039469857464287,93.59207867322881,0,3
0.0013200234679262833,78.72728205070322,0,3
0.0003134159525672591,18.79434072986075,0,2
0.0003683581070174555,8.426721778836308,0,2
0.0013713590082068455,29.924047106574392,0,2
0.0019368971888067796,21.9788987993035,0,2
0.0005252987558482986,20.702248810610385,0,2
0.0006256092344968837,49.870689226970754,0,2
0.0006024935958197995,28.60674048054275,0,2
0.0011805580970728339,32.66833004072615,0,2
0.0014125380111172272,17.771376712703624,0,2
0.09564910666307462,278.81269647130944,0,3
0.0008219985078110457,10.34170055929066,0,2
0.00013023036700706754,1.41510124942427,0,1
0.0015622350750016743,24.11418162657337,0,2
0.003898397983054744,59.766346984818775,0,3
0.0011689419802391563,28.404920977168622,0,2
0.002147401212443563,128.77133323875518,0,3
0.0009475034581247701,51.431957036333344,0,2
0.003314513577426632,101.34843354155883,0,3
0.004753406622036046,98.139108691514,0,3
0.003361722598399135,76.90424208036711,0,3
0.001050477981345266,25.526283214042085,0,2
0.0019214209450302345,53.16944056802238,0,3
0.0034909310882831994,152.31914504010027,0,3
0.001080472923968961,29.898779372065743,0,2
0.001957943998845862,62.73892283142822,0,3
0.0008660966012223862,19.813206097703553,0,2
0.04304620743517348,346.73909140816073,0,3
0.00017401169229113713,2.6677735895857024,0,1
0.001530118573345224,98.60229645558165,0,3
0.0023158389738884913,30.54115657397008,0,2
0.0020153765737521362,92.48642835119482,0,3
0.002227378924895017,83.28622574308507,0,3
0.018806816398177263,103.21734993795978,0,3
0.0010499577364480187,40.471221817205176,0,2
0.0001130203245375941,2.8875303921323274,0,1
0.00015597426374916115,12.433550539092517,0,2
0.0010360383330548972,34.258227208429254,0,2
0.004723018975059461,54.74298126808331,0,3
0.0012065959988993638,15.18038584995074,0,2
0.0016519718537425939,23.213403112135335,0,2
0.0012431985262840817,15.025538285951919,0,2
0.0019881030132188828,31.66385109284058,0,2
0.003783814143411739,60.26354107576758,0,3
0.0012507418015088982,38.24414032006783,0,2
0.00365403592714881,111.73006496133651,0,3
0.000486303087622942,10.040241739892299,0,2
0.0016415860756690596,26.144991839184414,0,2
0.0017381819668960967,17.530813288776432,0,2
0.0007679104141127703,28.713731366240967,0,2
0.001292758845543193,37.1145673935038,0,2
0.007380304741025408,80.19541601683528,0,3
0.0015456036545432922,19.445497804122976,0,2
0.11455624893459988,559.5814643940506,0,3
0.0006998158723450989,41.96524728649853,0,2
0.0008759108184959852,28.028183754576254,0,2
0.08009880780089879,649.9713437700738,0,3
0.0005576750344957124,18.075337373050626,0,2
0.0036902075043102078,37.31524102302868,0,3
0.0004756734657261197,7.92258215032776,0,2
0.006565247945529352,104.56250604350953,0,3
0.03830639283195982,258.78080797173726,0,3
0.0066556814312619395,106.00280989446897,0,3
0.0005920844686331774,16.38412449269177,0,2
0.000906369408387708,14.435442123206885,0,2
0.0014524349737496433,35.29371119462566,0,2
0.0011441813494074164,11.569919246363025,0,2
0.0023477636723618646,57.04991583317259,0,3
0.0005422454770672353,11.832189165624685,0,2
0.0007833260690289295,46.97303032382424,0,2
0.0030931050311249924,79.02503217870294,0,3
0.000654182365202446,18.10249361403336,0,2
0.00048410280035652355,7.710143228090604,0,2
0.0012635787150320206,27.57220302284238,0,2
0.0009470137186859157,37.32221600189559,0,2
0.0054487985742491815,118.89673253633859,0,3
0.00039633945798632074,7.219167948903217,0,2
0.0003666683511457388,10.146423746885588,0,2
0.0012682410554197086,28.349032367092452,0,2
0.0013099706295506383,23.87676520265513,0,2
0.0009109490108955456,17.67412080405373,0,2
0.0013886911999251956,16.92369949352498,0,2
7.346969797159561e-05,2.74718135389873,0,1
0.0013803675723667922,41.249409853179905,0,2
0.004230250110826149,50.523508347361364,0,3
0.0003217052195448003,4.520581223979542,0,1
0.0008904857933270553,13.745265677221385,0,2
0.0010394990544452594,33.30894601614084,0,2
0.00030077985139946416,5.2814803463626045,0,1
0.0005427568886468782,43.26608148818951,0,2
0.004765124733020089,102.03981401874674,0,3
0.004603030121235425,137.5519679238882,0,3
0.00015870268009258767,12.651047334283271,0,2
0.0029515489673020722,160.2146550233743,0,3
0.0004855177729825623,7.732679023385637,0,2
0.000948212307252721,36.54938602238554,0,2
0.08902415225805753,240.09607087829463,0,3
0.00508514591499753,89.291546902112,0,3
0.0022578272833809914,29.776101601285454,0,2
0.0026028661593418805,58.18194946699083,0,3
0.0038956020771921387,71.00493249379126,0,3
0.006101539098879808,79.61197756089605,0,3
0.0007909725998824501,24.02633329772367,0,2
0.0021029009947146817,45.03127167135564,0,3
0.0003816974860793233,8.731879270731735,0,2
0.0027282442752655494,119.04097358546431,0,3
0.0005443252350223129,5.9147135792946965,0,2
0.0005000470096675128,9.701850653398257,0,2
0.0009916309415701633,12.862202236715705,0,2
0.002480366888969139,29.62397823680388,0,2
0.0027754415458128043,42.5502996831405,0,3
0.0013758399645688157,29.4620732866279,0,2
0.0009452959977499613,28.904473120138896,0,2
0.002681533176445195,74.20321883393416,0,3
0.0007169161784422686,21.921265358682305,0,2
0.0006267930375031826,19.165555072193463,0,2
0.000871296811189877,8.880909709099779,0,2
0.000622696594855338,20.182813174052157,0,2
0.0029007215782060557,46.198821441046704,0,3
0.0019255429715849756,37.35914819176612,0,2
0.0006089379234309696,19.73686775348067,0,2
0.001902819822962035,58.18283855658675,0,3
0.0008139039767730802,31.372394562587726,0,2
0.0009236836703887592,16.835933281164113,0,2
0.0022232717670710596,22.661251101314942,0,2
0.003799369116525108,49.28068689677944,0,3
0.0034184141242645416,127.82145294396469,0,3
0.0010077256687030546,18.3553282475328,0,2
0.0002668305793543215,15.913994554643287,0,2
0.0033453806702106784,47.009075781291365,0,3
0.004475102594560697,95.82931445623909,0,3
0.0012507338415278233,27.29191857688962,0,2
0.004202238478443781,64.42452620469177,0,3
0.0023121222628185683,27.944757693385164,0,2
0.0011927203547668775,15.72953021113217,0,2
0.005201148502511528,65.4365182737555,0,3
0.0005490382948018579,11.757040713443006,0,2
0.0014259121314753648,14.381347764028506,0,2
0.0009391546105812842,19.38984053640556,0,2
0.0021030585061498006,21.435947505149823,0,2
0.0038645258094248554,127.78658762725584,0,3
0.0018602151934925322,22.482921286494925,0,2
0.00019202789974853669,10.423572183251615,0,2
0.04810838802308921,142.190289114344,0,3
0.0025580878482458305,32.18373060234289,0,2
0.0017712925556032386,32.26339994132783,0,2
0.006380167660717498,64.34857232517474,0,3
0.0004656225964057272,14.920069298043245,0,2
0.0003241639135331117,9.8467004176864,0,2
0.0025271560574174254,162.85234040275344,0,3
0.001220566079400952,40.35992562912619,0,2
0.0016220304410716818,33.48853452160463,0,2
0.0010110019185564142,13.19140314431698,0,2
0.033438859678002184,191.5186064258162,0,3
0.0016209669136991308,37.08195078164591,0,2
0.0010978229756053435,35.582587407551365,0,2
0.0019202644097671702,26.983432995437497,0,2
0.0025989347479553264,49.8881350200695,0,3
0.0025142394898666153,69.57387837163104,0,3
0.0003469880557922621,7.163935516096839,0,2
0.0009642406268326202,17.575162775703667,0,2
0.002663012193115527,26.858390221714927,0,2
0.00022027805681472856,2.221662380107025,0,1
0.0028577201222984685,170.43677143376794,0,3
0.003569823163110276,114.38879767972989,0,3
0.006479513244310953,107.91957019050398,0,3
0.004300667377598702,130.6357108099444,0,3
0.0007871795263546355,16.856568708891658,0,2
0.00017182443260553015,5.1346152903194,0,1
0.0005717643318225472,31.036254587825145,0,2
0.00011244300059140124,3.111515700241593,0,1
0.005507064696323519,120.16814153371682,0,3
0.005039568758736948,58.41200715381021,0,3
0.00556070484555906,106.74111551290613,0,3
0.0002883026372153742,6.173678367476005,0,1
0.0013209798904256396,28.824738256994802,0,2
0.003656260047363784,64.20132695556292,0,3
0.005096227045850235,105.21699903617817,0,3
0.0005783907077933176,22.79462536161095,0,2
0.0024571980859927536,30.914419647633483,0,2
0.0017232159162960691,33.07817880712286,0,2
0.0007155430866487357,7.7751905274026685,0,2
0.0004233896217972406,16.685966217685063,0,2
0.0008697542135127649,37.94982337002861,0,2
0.0007505616493279644,59.83132072757786,0,2
0.0010764483365136072,40.25059147036076,0,2
0.004023565482380534,97.77137061165324,0,3
0.0017031373844143434,35.16307317593344,0,2
0.0004433118659599963,14.185492606480242,0,2
0.0008314551885111025,49.85914720194333,0,2
0.27413001775390683,612.0968399023334,0,3
0.0018635746797573986,18.795488839904184,0,2
0.0026615913917137257,56.995001352721324,0,3
0.0005580759305128036,44.48724501012011,0,2
0.0028005709130135142,110.3716984049123,0,3
0.0005733118185938435,15.864648891495522,0,2
0.0013794693547893484,35.24374667358577,0,2
0.0009851543308896195,13.843325816233948,0,2
0.0010998247204126832,33.40792753837235,0,2
0.0005064210103020508,5.161822251066968,0,2
0.0001525205040126562,6.6548987031760936,0,1
0.0031913130367212743,91.62126655214722,0,3
0.00308367043631549,167.38641324716383,0,3
0.005564661097888315,64.49818216982642,0,3
0.000878890168333187,26.873971017129477,0,2
0.000743661997667555,59.281312248231565,0,2
0.002715964815833184,62.13160353506241,0,3
0.003167619174022249,138.2121365898919,0,3
0.0003274936983154976,26.106290559502366,0,2
0.000488529405261364,29.136294325504778,0,2
0.0011508576308228114,45.35579183013327,0,2
0.0017155817872602697,24.107245840349286,0,2
0.0019241246613526226,32.04726938839774,0,2
0.004227674178453964,50.49274299370644,0,3
0.0008438281860130047,54.3770910334919,0,2
0.005262819104347571,95.92512475005627,0,3
0.0019018995093339455,58.15469797354343,0,3
0.0006793420726696828,20.30072289949037,0,2
0.00037146545052340555,11.902966708275274,0,2
0.0006064516486283465,23.376025854220366,0,2
0.0006186412118632263,15.80552266496497,0,2
0.0016242952617759815,70.87257219049759,0,3
0.002484462434503147,97.91372796350691,0,3
0.0005180071315307842,15.47956421400604,0,2
0.003435310213746329,41.51982491087036,0,3
0.0035608037573898643,38.6921880191244,0,3
0.0008889313315432275,28.44482586534913,0,2
0.000966141649803879,52.44366698362162,0,2
0.19444187456168427,467.3105950398381,0,3
0.0018957762453020374,70.88692748228532,0,3
0.0007656815663557826,18.60582026625564,0,2
0.0028973071175119186,44.721944333231214,0,3
0.0008764957841258127,33.785031596800025,0,2
0.0004175002411713208,10.145124017185129,0,2
0.00033238844307920357,19.93204750022373,0,2
0.1302417326860118,404.21880510525017,0,3
0.000600492139307161,38.69628470018724,0,2
0.0008394011391537446,50.062572250820686,0,2
0.0011565000505648253,43.24388778517836,0,2
0.0003980031616131083,10.168491640990903,0,2
0.0007424076461428128,40.29903831214767,0,2
0.0014327307147853161,53.572713832822885,0,3
0.0010325342901358477,26.379982148204743,0,2
0.002748411916889159,164.81161730572566,0,3
0.0008604658995813441,33.91132940608577,0,2
0.048574576670439136,400.09384892993114,0,3
0.0008976479199634806,13.855818068027931,0,2
0.0008606518385929368,18.429896060507897,0,2
0.0014727454587579963,23.455923859935467,0,2
0.00037884210578160575,12.122531119149697,0,2
0.0016132766500443333,19.660677065384775,0,2
0.002180055053412423,38.28021679316083,0,3
0.002148238062072355,25.657235581287015,0,2
0.00036694141706971966,11.893288204443468,0,2
0.0018413066247375425,33.53867878041861,0,2
0.0016001953391035033,29.16667559429469,0,2
0.0015404092969844752,28.057951841289217,0,2
0.0031911218103644733,53.14974770712111,0,3
0.0015846205926832444,50.77642115405196,0,3
0.0033652247545891485,102.89903764934462,0,3
0.21228144897704573,453.39988336744113,0,3
0.0009231393270164437,17.720221496428294,0,2
0.0008324735165962095,25.45468132834229,0,2
0.001303057403297288,42.23463616646955,0,2
0.001311188625011378,31.861469524766914,0,2
0.0029514479560591622,160.20917197646722,0,3
0.0013297534881039925,33.97356737961804,0,2
0.1460672462224799,328.8017251262144,0,3
0.0040711790159970165,98.92836444255602,0,3
0.0007696850403375858,29.667950352236986,0,2
0.0007774194720767402,61.97230276198537,0,3
0.003872482750890561,75.13343461844111,0,3
0.00018202691632364227,3.8979027263150816,0,1
0.0008157542207118333,52.56797800295208,0,2
0.004152247548250001,85.72754360266242,0,3
0.00020926961497567275,6.008043383500247,0,1
0.0007821756715225352,10.991082642493339,0,2
0.000819015716552021,26.207603007829736,0,2
0.003412047898362115,94.41797666276373,0,3
0.0011545076658691091,17.699759248515246,0,2
0.0005892461500112781,11.43248141669816,0,2
0.14095340370338902,310.9991623156548,0,3
0.00023861809707063282,15.37677717066497,0,2
0.009564060239085539,97.48406552724079,0,3
0.002238382259230235,57.18791579462505,0,3
0.0010561457100122,32.29394322906292,0,2
0.0028245950060683156,44.986379013088666,0,3
0.008271948624255083,107.29342100643098,0,3
0.0004139149129046048,6.389063686665875,0,2
0.0001674864906170735,3.249552316109379,0,1
0.0011972901151542984,23.229675733368698,0,2
0.0005598930118980405,21.581396557051338,0,2
0.0011130383986294337,43.86531970169812,0,2
0.00030722399099380467,9.957729758029506,0,2
0.0027113453029601353,30.76693196113286,0,2
0.0019652374711064827,22.778430202424328,0,2
0.00027011250968548883,4.923326391121213,0,1
0.003948200772888215,155.60028240040384,0,3
0.0011259532020817245,14.604463401798828,0,2
0.0014527334811466016,41.707372474531226,0,2
0.0012921228220909374,42.72606119685207,0,2
0.0017635293268355124,58.31385426571666,0,3
0.00650825292615709,108.39824412715659,0,3
0.006427580107447847,99.21415580186051,0,3
0.0006195235633117921,7.550008680987782,0,2
0.0009112655228815821,43.26740815637868,0,2
0.0010561129409856875,39.49020969446106,0,2
0.0011301946986107328,42.260277202976624,0,2
0.007728493036478891,83.97887837860831,0,3
0.000520229407440124,15.802323792620973,0,2
0.001562228170030751,34.088950501987405,0,2
0.0003335289976697594,18.104471209500844,0,2
0.0007599936144182554,10.67938179102212,0,2
0.0011032464427110258,24.073636680312557,0,2
0.001128709501592409,20.572928234866254,0,2
0.003020564772490163,99.87969650565266,0,3
0.0007180986586128139,46.27496068235816,0,2
0.003028874978902754,66.09224645494116,0,3
0.001257129192654889,15.19390701908502,0,2
0.0007898250305524221,7.965952590189507,0,2
0.00043927279006879537,28.30715646862587,0,2
0.0007977414076444125,37.87721824331568,0,2
0.00015427259366643933,5.101264496917527,0,1
0.0007738961615044112,22.21823609310566,0,2
0.0011278417876254456,21.64960987443073,0,2
0.0014582605136019956,28.29299134519664,0,2
0.0018186962070627125,22.16408376462744,0,2
0.0012290859553908842,40.64164864857287,0,2
0.0014778834468394367,117.81006741418398,0,3
0.0005851763465145574,7.635294212313917,0,2
0.0014461692678556337,27.76009969215935,0,2
0.0012531442650236867,30.451009907016356,0,2
0.00035001940941191265,11.344812876476174,0,2
0.0006164777385491042,29.270715574511616,0,2
0.005927789982221709,122.38549562935175,0,3
0.0006611115442973569,10.529302231928515,0,2
0.0015340758804737906,21.55673641615863,0,2
0.003580785696545825,59.639796809555634,0,3
0.07938213664153583,216.5751553068827,0,3
0.002128233346797235,63.59782085775969,0,3
0.00023553020439593482,8.806953120273135,0,2
0.0010053529910355283,12.007318457278735,0,2
0.0011501941595550252,25.71032637551326,0,2
0.0010186334298693935,16.965854962902245,0,2
0.0035236543726199286,105.29707181394639,0,3
0.0006796783925510694,40.75768062121063,0,2
0.005019304743598406,77.47644907161205,0,3
0.002073764023640977,22.533807807714997,0,2
0.001413161580041265,14.28983733357316,0,2
0.0005352961747256507,9.756814992247694,0,2
0.0016287658548269765,97.14093117523198,0,3
0.0020088419251462217,36.61505524930696,0,2
0.0012627321511312912,37.73412030209702,0,2
0.0010325846734327946,23.621860331952394,0,2
0.001506687878163172,41.69297300508815,0,2
0.003348004017586322,43.68426005346861,0,3
0.0008877569763287619,52.94655403188405,0,2
0.004311438072305944,66.55003616993908,0,3
0.007750753475573855,100.53312629787914,0,3
0.0009300422739021729,20.294196230748366,0,2
0.0011986885089006448,13.60209183082432,0,2
0.001386565775007817,18.091704662991496,0,2
0.0004893961321265563,18.29951620827435,0,2
0.0011269670779959912,21.865276805242083,0,2
0.0011440856601748258,24.49931418936104,0,2
0.00078768013606931,11.068431027183584,0,2
0.0027375599301819303,35.50821982357227,0,3
0.0004852939564198089,7.7291143719224,0,2
0.0016533864332735296,23.23328069347027,0,2
0.00035498727960560545,11.738209381666424,0,2
0.004675484352030265,82.0981811118008,0,3
0.0011434374554435437,22.184833045179406,0,2
0.0008133956724330185,8.225026784665902,0,2
0.001907747411845798,24.892005391165814,0,2
0.000711339005381946,38.61258431233572,0,2
0.002060251438655943,123.54529885959154,0,3
0.0022304312870622916,97.31999232419616,0,3
0.00036041095917537777,23.225225065242856,0,2
0.003300837406694171,109.14734932941853,0,3
0.0003147539016576985,18.87457235457209,0,2
0.0017333115276143244,56.18001290403389,0,3
0.0026425070070683378,26.93441067847909,0,2
0.0009067225291232125,34.95013878077135,0,2
0.003848996701776915,148.3617805591708,0,3
0.00016475870285444103,2.315178782815148,0,1
0.0010333200548681882,18.83426984752005,0,2
0.00011276373210074369,2.328126550291942,0,1
0.005392539970795503,65.71779671209916,0,3
0.0022807897417766627,23.06326103283896,0,2
0.005701229471680209,100.10953614307131,0,3
0.00031037094581983453,9.931529235427325,0,2
0.0007482328540886285,48.21683690523199,0,2
0.0019309462794556745,27.133533946920892,0,2
0.0017004712909653808,38.01068847352182,0,2
0.0007296909953337627,23.349310077471188,0,2
0.000466777006076448,25.337379738524216,0,2
0.0012684742172947103,38.53077126669263,0,2
0.0016743317101555728,19.997189272049035,0,2
0.0016583975704411614,16.76965454672574,0,2
0.00034461734808061725,10.298171674027166,0,2
0.0006888144506005669,22.041305560525704,0,2
0.004130107765695466,85.27044436851457,0,3
0.00021870102516017453,10.036276573440494,0,2
0.08487356991000364,279.8822273318713,0,3
0.00011904396107867859,9.489636757163236,0,1
0.0004944161943274605,6.451069202484967,0,2
0.001566012453578287,51.782650056705975,0,3
0.0013779484670785552,31.522554102751766,0,2
0.0009897691049504532,31.715435953746507,0,2
0.000852124119946963,14.962693715093152,0,2
0.00031142375982279574,13.588294825009042,0,2
0.0007531659849322056,44.91943693993838,0,2
0.001527202366279234,17.329895695282882,0,2
0.0009476149948570319,11.54839276678825,0,2
0.0019568423991632253,23.371323372954336,0,2
0.0020829813479110782,95.5888381851094,0,3
0.0012144773611909353,23.56314056960786,0,2
0.0889023968969387,261.12161014981587,0,3
0.0007957998250914016,29.756573135392316,0,2
0.00047370775238771216,14.155769535621324,0,2
0.003205936694548642,174.02321534695378,0,3
0.006657084680793947,80.458815409854,0,3
0.0003456305342281787,22.272760421148647,0,2
0.0011027212583534975,17.021267242633943,0,2
0.002704974101969301,35.08555702136274,0,3
0.000319145064496928,19.137893381867507,0,2
0.001974751037512076,35.993682448094006,0,2
0.07672857875011718,355.8374378833304,0,3
0.0011034382352668936,13.447379161276707,0,2
0.0011308858971776257,43.5906440857876,0,2
0.0013534826395653174,17.02839121673981,0,2
0.0018488546875803137,20.97983842806813,0,2
0.0012826020567375987,23.37791967723073,0,2
0.0017720088384413533,31.1152153652055,0,2
0.0005354302349370776,24.571105323695065,0,2
0.0006488700117354742,19.840606389230842,0,2
0.002649007718865815,26.717145042582402,0,2
0.0009274425259188682,12.029630007722877,0,2
0.0007941738521917057,8.009813579220829,0,2
0.0005057713664862903,12.921836830451467,0,2
0.027850668630662784,136.39056823793445,0,3
0.0005212337187649244,11.161636830724364,0,2
0.0004450014249313273,19.416664171535018,0,2
0.06870438281791884,343.6296437635661,0,3
0.0023847217839807373,190.0990465355464,0,3
0.0010435891427978852,31.185487931876793,0,2
0.0033299263484177924,55.4616074907797,0,3
0.003743444717734061,52.60264638521782,0,3
0.0062527898899540765,99.58609120045998,0,3
0.0007530240617030741,32.85655842884144,0,2
0.0005500428857779683,14.05291973950886,0,2
0.002308715046706259,68.99114054997841,0,3
0.0008539273882050191,28.236444107592703,0,2
0.003357101363599398,51.819187340014274,0,3
0.002268919103009245,180.86778971270914,0,3
0.0005333846723803731,11.42183590557313,0,2
0.0012809779929690273,42.35753999828626,0,2
0.004746375691695228,66.69576845594938,0,3
0.004968679149179181,50.24309874205178,0,3
0.004998133570413968,56.71621217913225,0,3
0.0015552729341538896,37.79264115703335,0,2
0.000812530033143071,52.36020828887793,0,2
0.002129295986641088,65.10783792291738,0,3
0.07411791766643348,613.4707063520491,0,3
0.000845145135639742,50.40514891134156,0,2
0.0031756992641126,65.56567111416459,0,3
0.0006699570421487688,40.17472889103028,0,2
0.006388504424289762,80.37484149897685,0,3
0.00136435793148176,17.993077099983534,0,2
0.0018127826481788548,19.697947946605403,0,2
0.004578020982634419,139.9829098514702,0,3
0.00027259611498099896,4.786593972529343,0,1
0.000791101979750596,24.030263299640996,0,2
0.001317460221044807,18.51286698743074,0,2
0.0012516521376085834,16.506719310739406,0,2
0.001347295053895594,44.550417296868986,0,2
0.003021246997488051,39.42078289953139,0,3
0.0005316501195323264,12.16226154830273,0,2
0.0007978999544970027,25.56732148718031,0,2
0.0007246177049148064,14.05894369524593,0,2
0.0403804514451391,347.1387587003233,0,3
0.0010294688410804618,14.46603048668358,0,2
0.003422605830483709,38.837945355504274,0,3
0.0017157074467860178,20.491355649984136,0,2
0.001350860349636408,15.328858489872177,0,2
0.00044560243138115434,26.721051869989207,0,2
0.0034406333744084723,44.62761338806422,0,3
0.0034387378023621466,45.3498843498732,0,3
0.004587127727391798,64.4580262197318,0,3
0.0006484026150018578,24.993049860626694,0,2
0.006067851381779095,116.4761020853126,0,3
0.001847874939647458,20.968720759670703,0,2
0.0024308832446225553,46.66228408434025,0,3
0.0006083395799276629,22.74705350581376,0,2
0.0019920884777703796,158.80012619604437,0,3
0.00010807284272467865,4.165729570337747,0,1
0.0027832590060423543,90.21086191582759,0,3
0.0007909896789749539,50.97212737512269,0,2
0.06227966867546089,201.8565354855991,0,3
0.00036300876673028083,23.39263025535377,0,2
0.001882474687089383,52.09172214703348,0,3
3.85833182068552e-05,1.8319580132961724,0,1
0.0017646279181987134,30.985611653327204,0,2
0.0009732694966982839,24.865839511165266,0,2
0.05789951336463828,372.6308981697324,0,3
0.0007319819651689723,31.93843255557997,0,2
0.0006087461907693565,20.12914450197028,0,2
0.0002512359682814939,7.507663634646797,0,2
0.0060533527422155,72.29752610091394,0,3
0.0016193425182864628,33.433039511951954,0,2
0.0026388179143853807,30.58568267879189,0,2
0.0013453210348388612,17.449829869170884,0,2
0.0009599847206085846,16.856649177504273,0,2
0.008828907683223001,102.33300574750048,0,3
0.001316597652537777,16.564335032516382,0,2
0.0030879221493735447,63.753419714490775,0,3
0.0009618002747103814,11.147915072995218,0,2
0.002197061464956628,26.240352309268953,0,2
0.0013549527641785134,17.869042272669724,0,2
0.0014218750268889726,27.29375694365118,0,2
0.0004404961532479973,9.846424425894782,0,2
0.00180919269912131,28.81440641774457,0,2
0.006295832429471347,82.147088132936,0,3
0.0004778975277027896,7.376679711216378,0,2
0.0010217700363314862,28.274356726166612,0,2
0.0016441683291182868,37.61271654704595,0,2
0.0013177515883023075,28.218175709338496,0,2
0.002622626953962365,103.35885081369162,0,3
0.0008877024850885093,34.21700029873533,0,2
0.0012502737395249722,24.257657504646197,0,2
0.0036998890419077226,161.43656845537288,0,3
0.0034767104208150005,88.82567844164319,0,3
0.0038412861618279818,85.86439089600974,0,3
0.0004019156213377765,4.064155813357949,0,1
0.000956253327920705,19.74286164587255,0,2
0.0007505667355828483,17.170294169489647,0,2
0.0003048710902533687,9.881467648273885,0,2
0.0005443343908501053,17.442252363789773,0,2
0.0010842485699428164,30.003258811999,0,2
0.0035912543978462858,115.07552446204711,0,3
0.0014951882278806592,17.857609581730355,0,2
0.0010592622183365652,23.67772182152209,0,2
0.0037208013960535243,90.41429892441357,0,3
0.0027992267489472178,85.59242238907697,0,3
0.00013771072233649745,3.0049477325897844,0,1
0.0002550030417348932,6.515014322497069,0,1
0.0016700575383907915,21.011272909504843,0,2
0.0004974050608775026,14.863914242785501,0,2
0.000703428635789181,45.329610456131185,0,2
0.002568469613582883,112.06955557373165,0,3
0.0010206163611457364,26.075493709412708,0,2
0.10445245602463951,299.03100936488727,0,3
0.00103784032665114,33.20975008989563,0,2
0.0011337709238710312,42.39399953509009,0,2
0.006273704443678009,82.73726795065497,0,3
0.0013703569150208862,15.55009534229563,0,2
0.005581334501958654,101.6618212916824,0,3
0.0011230368475889407,21.557376124624934,0,2
0.00016341979546674742,2.6027323709467467,0,1
0.0009408222260296705,20.529422596229168,0,2
0.005714769637489899,122.37539700243384,0,3
0.002598175560098052,26.20446621988445,0,2
0.0031768466563378162,57.904215550418876,0,3
0.0003751376527956419,5.974691803422753,0,2
0.0012010082058683837,13.050321916092866,0,2
0.0010504790913099527,13.625507183625874,0,2
0.0018822123732140721,28.856201518061308,0,2
0.0012610723499998245,40.87381856475746,0,2
0.001605040054225043,22.553920459019515,0,2
0.001090139881569837,36.047179491582334,0,2
0.000694845303183093,27.384150811761323,0,2
0.0015762887821865923,68.77791442083165,0,3
0.0013140577669282867,31.93118876729545,0,2
0.0009485226105218357,43.52807787886149,0,2
0.0022850570696607564,26.485355451989328,0,2
0.005285260245057074,115.3282077100978,0,3
0.00141048793308044,16.846001298709208,0,2
0.0016471542433620122,21.49182436378162,0,2
0.0006783729772459584,13.021782370426267,0,2
0.00019647598832214143,9.016360839629742,0,2
0.0045612639930213954,80.0925528143832,0,3
0.00041612100737973813,10.111609071600803,0,2
8.044982298377233e-05,1.466354657613678,0,1
0.0005822600756361805,18.6316826419688,0,2
0.0007488103865488133,32.672703926778105,0,2
0.0006492821714914807,8.471737512418725,0,2
0.0012518745106485636,27.316808803517205,0,2
8.760905035532083e-05,2.8033933478972224,0,1
0.00843193553084109,101.91000670023344,0,3
0.005167118267986015,100.25179388189649,0,3
0.0006134927524941455,10.218032075524855,0,2
0.0012444042776301178,24.143778925995065,0,2
0.0009663347755003317,45.88212776344517,0,2
0.0011384367923172327,26.04337987651123,0,2
0.0006030431230231755,36.162160336955594,0,2
0.001117727546576387,23.93488468118213,0,2
0.0010857769833281634,17.29280650526911,0,2
0.0010620040960340276,12.30934506992672,0,2
0.0008713925740335245,21.174564370123647,0,2
0.004296820785242187,131.38460459444167,0,3
0.001082424607848292,10.917029436941437,0,2
0.0007052951517785565,26.372419425357073,0,2
0.0062167767572603935,75.76260414401196,0,3
0.0047563797402128995,72.92006695590742,0,3
0.004270636000267538,51.61573422966026,0,3
0.0017258564659655428,22.385661808457808,0,2
0.0002503655658380683,15.01345324908198,0,2
0.0006714456100521024,6.772011128622893,0,2
0.001127367503346828,14.867660413499495,0,2
0.0022256248354305458,132.7380902047535,0,3
0.0007202124552868013,8.347749004821496,0,2
0.0009429585107565956,37.16239852165813,0,2
0.0008176105628413285,52.68760245569977,0,2
0.0007517774175213789,16.804504357501465,0,2
0.00523357836213107,63.254042206578845,0,3
0.006010065294944238,71.78052742559957,0,3
0.005597414888767177,115.56455229679595,0,3
0.0034360927660935466,132.44616206316294,0,3
0.0006800312981138731,8.287404237955005,0,2
0.0022799472290132676,135.97792230256823,0,3
0.0010979979449493237,42.32295914615561,0,2
0.0011239536152580565,12.754039247734417,0,2
0.00147707541629813,44.86717525123746,0,3
0.0025348132226316066,42.21859624097426,0,3
0.1293546633041825,520.2829122590249,0,3
0.003188689918345515,65.8338769145747,0,3
0.000710484074769541,26.566443803858807,0,2
0.00038268063947013476,14.750644247395858,0,2
0.00034057873185116557,11.038822072898245,0,2
0.005192763907977744,68.4818838241235,0,3
0.0016448037225956125,16.63219406294683,0,2
0.0009408930946968267,20.148172770608245,0,2
0.004338163881280394,92.89692514473569,0,3
0.000497336222947042,23.61380827967274,0,2
0.0001909727066476417,3.9428335728572144,0,1
0.0007068121202092643,18.058181012857187,0,2
0.0016726832875600486,16.91411118686195,0,2
0.000667952134196612,31.714749316774746,0,2
0.005542582140746518,62.894330510821526,0,3
0.005115897430794067,93.18406738987751,0,3
0.005808777831718567,105.80461243525625,0,3
0.0007273042927947831,13.25653677892088,0,2
0.00023065286215198658,6.621947493422452,0,1
0.0002303243762468109,2.8977494581990877,0,1
0.000539283490847724,14.923019128165333,0,2
0.00048700514033836467,11.14094340348008,0,2
0.0006432013000469894,7.455137679101932,0,2
0.0013120843781080202,40.11982249861269,0,2
0.0011936666535305044,12.970547589069099,0,2
0.00422791161106841,51.09935898300178,0,3
0.00020283524241563515,12.163243851364781,0,2
0.0019065507937033432,61.00753050990595,0,3
0.0005087700831210504,8.933640941435359,0,2
0.0032423734761311096,107.2141480637651,0,3
0.0007733044450494017,24.779201004601482,0,2
0.000820115426960205,26.242792532546787,0,2
0.0010890604207188324,24.91382432179003,0,2
0.0024095154132059266,31.438999881849664,0,2
0.0004001731768519559,9.724081825974592,0,2
0.0022718937637498503,27.13410331067091,0,2
0.0006202056242599932,29.447717719949225,0,2
0.0018820153920063286,150.02560633652328,0,3
0.0003392121199713064,7.401854216435274,0,2
0.003040150010765817,144.34806109691596,0,3
0.00169903513380816,23.874733321524936,0,2
0.00018584043687784813,8.823810220458084,0,2
0.0008683921941080281,8.781149566198973,0,2
0.004266226837749041,56.26276407853584,0,3
0.000792985798326379,18.140691272333363,0,2
0.0032207205959269357,124.14451851172528,0,3
0.0009409119919236582,28.77042264402715,0,2
0.001457196736034226,33.335472296275285,0,2
0.0007672570845664797,14.886227701221975,0,2
0.0032494621345231342,125.25237756501406,0,3
0.001994871959743049,25.097817411768688,0,2
0.0009922079025661823,63.93882112058277,0,3
0.0008697235781647869,22.220368548575024,0,2
0.00021720841625665115,9.4774143124086,0,2
0.0011341088347382683,17.50575624807987,0,2
0.001078301736508893,13.986387904776546,0,2
0.00038364188863424344,4.8266626965314385,0,1
9.965436879743816e-05,1.0157519688368406,0,1
0.002923860800121566,60.36619958657758,0,3
0.1086509995222529,272.28420994114794,0,3
0.0006363554585310176,11.590965365086834,0,2
0.0010195231006084131,11.569016249968755,0,2
0.0016071967026250757,24.80819552504886,0,2
0.0015837577821589978,30.401195004066345,0,2
0.001045035257543563,31.743660158829275,0,2
0.015965948183452493,150.83980394608665,0,3
0.0006839544449485661,40.79160394162399,0,2
0.001256031378334755,15.180638622486011,0,2
0.0018294769515947292,22.2954665232898,0,2
0.002127419030925711,25.408585864044646,0,2
0.0013217314550114537,23.20866464403299,0,2
0.002833321148751501,28.879331332088878,0,2
0.0010222144131979806,13.337702112059388,0,2
0.00041494909685466417,4.708625867875557,0,1
0.0008816823843496792,19.708274183847937,0,2
0.0015814612446426969,15.950172266931808,0,2
0.0035022627214057653,134.99672085816252,0,3
0.00105668508633024,10.685160288628081,0,2
0.004412268541785658,70.27272387788712,0,3
0.00048442740995060905,19.09149157469787,0,2
0.0004220396284490444,19.367565529080096,0,2
0.0011911020213588328,19.838406582615967,0,2
0.004772393174562076,62.269478596763115,0,3
0.0009720049467119784,14.901809709697,0,2
0.0031482310938523326,48.595129897144034,0,3
0.001509641321166887,24.04355190812475,0,2
0.005028454461796104,91.65337283762972,0,3
0.003704484006964195,102.51025042322145,0,3
0.0007084853095249618,23.427174394187578,0,2
0.004219887345149276,116.77245945611028,0,3
0.0016716257264659516,19.96487066535944,0,2
0.001585602935968921,48.16377283245987,0,3
0.0007632318430188075,30.079293618047615,0,2
0.0008043790735523322,24.03719324222479,0,2
0.0013867572902620023,23.09714404164912,0,2
0.0018460050781880528,32.41453672635577,0,2
0.0011894454073620112,35.544098607106974,0,2
0.0010086301797289636,32.31980641364949,0,2
0.00016722585001156906,5.529584168885657,0,1
6.39158047668355e-05,1.6329702604989755,0,1
0.001690385840655492,101.36589153799895,0,3
0.0002182167051746222,4.992021152703318,0,1
0.0008487032695301916,17.5223769052584,0,2
0.0037263676769438057,46.88205431345011,0,3
0.0004669257560162807,7.207322807478004,0,2
0.0006579965944303663,30.195724054098626,0,2
0.0010581044169390482,10.699512506951084,0,2
0.0008503342422765303,11.095035124467078,0,2
0.003573972125928528,73.78843570860019,0,3
0.03464234020628485,147.9205855351764,0,3
0.000885048734343587,25.40938011027734,0,2
0.004438127011325496,113.38869076670399,0,3
0.1377979566902357,343.382429472956,0,3
0.0026171580106640253,83.74618064839984,0,3
0.024319028299700902,230.35533064894855,0,3
0.0006748067548205299,25.232396287304496,0,2
0.002908484562996628,35.152508011757234,0,3
0.0012175959254376626,14.542217668200449,0,2
0.006762423350203959,68.38137338290052,0,3
0.004029659259708887,45.72647096430536,0,3
0.003116607019509126,101.01532227955299,0,3
0.0007287506494485887,22.28312994914651,0,2
0.08671508771463482,232.25799156736016,0,3
0.0021491545736370553,27.038872753396195,0,2
0.0007617591146892316,9.880591032466441,0,2
0.004275730157937339,136.81866694765614,0,3
0.003218115794137249,53.5993461594501,0,3
0.0013905807558080394,83.38774182668635,0,3
8.02015982006918e-05,2.219333623910815,0,1
0.0005114778669813642,8.146136749302633,0,2
0.0022095900279437255,28.66005144478604,0,2
0.0007355544290128979,58.63501418473208,0,2
0.0005942047427196132,47.36726766060797,0,2
0.045998312472972515,130.65481236481014,0,3
0.0001130528983559606,6.742567561697498,0,1
0.00022207558972291966,12.054607391146366,0,2
0.000511798375465267,15.294028470663555,0,2
0.0026809302634647563,103.33799123781407,0,3
0.0002506313295129012,9.017762104459727,0,2
0.004856736509729421,72.84368546648871,0,3
0.0002975392523280808,13.164088548375677,0,2
0.0009403435619404665,15.979554963851454,0,2
0.0007839614644674545,51.490471734530004,0,2
0.001309261739272784,22.248697998850915,0,2
0.0009723678878167526,29.38661245974306,0,2
0.13885390602180187,342.8892497251976,0,3
0.0022896565223927794,72.15306849705487,0,3
0.0011112462389034534,38.543112749035245,0,2
0.0017445680584300925,27.855062004347847,0,2
0.0001518364369479055,11.27121367251601,0,2
0.00046712757936272806,29.20128345424031,0,2
0.0007445990124738463,13.294469010516545,0,2
0.0008447275690283419,12.581414627975612,0,2
0.0002655852153681292,17.3028149701561,0,2
0.0007344440130246851,11.015546873984412,0,2
0.004549748931875203,88.67923026771308,0,3
0.0001448545967174715,2.203034085809651,0,1
0.0001301183992777049,3.783812225806555,0,1
0.0011111792764926514,44.26782595000533,0,2
0.00071707552756437,20.852386465606134,0,2
0.0015731882982566703,54.56538059017705,0,3
0.0004885654018864729,35.832806654823514,0,2
0.002125426188950402,33.93612418431801,0,2
0.0008519658879772976,41.357712125791494,0,2
0.00018146169193002925,11.122046028106446,0,2
0.003850558791581557,60.54663765392797,0,3
0.0008236409208551352,36.44050971213456,0,2
0.0035185065713609362,47.546650401891114,0,3
0.0010949567086335143,53.153424315359146,0,3
0.011461354383891275,67.17654926921526,0,3
0.0005077606389880022,6.744822447214999,0,2
0.0019775901419807323,26.723777606194645,0,2
0.0026132438322260675,26.991714625717258,0,2
0.001753664515585973,64.23203229855899,0,3
0.00022260714516546913,14.620804000657417,0,2
0.0002733171412682268,14.977145428775431,0,2
0.0008965390258443681,44.155825335024915,0,2
0.0010794042878328805,15.763910426481283,0,2
0.0013215971086181844,29.293963558318037,0,2
0.0012444006159487231,22.21819415316387,0,2
0.0007761315869575682,12.203984021754586,0,2
0.0011113468432825673,49.16954028236222,0,2
0.001211297000313934,78.9157176587783,0,3
0.0004774542825771909,17.60827047864669,0,2
0.0024981706909994353,65.29433036459616,0,3
0.002917582714658609,91.94066594608356,0,3
0.002643255930690884,173.60865419427503,0,3
0.0045245340243715345,142.5799067174374,0,3
0.0018726637944914473,35.60467951854879,0,2
0.00012973953199822108,2.0400396042414526,0,1
0.00012012218626118685,7.82593247823298,0,1
0.0011702400788373964,36.877327118966406,0,2
0.004326816209356373,77.94435102867725,0,3
0.22252865956860746,713.7966612730926,0,3
0.0005299332461650924,9.587620104617605,0,2
0.0004231453752818322,20.84051306597734,0,2
0.0013221027410475364,39.956194944243,0,2
0.0002253730986172533,8.978548569491734,0,2
0.0003751979198100656,27.518106001640508,0,2
0.0013698999759370948,43.16913293816175,0,2
0.00032839976849979494,5.243473230850641,0,1
0.0014328818373734317,21.491055498518225,0,2
0.000745380855132688,46.595573872533286,0,2
0.0018641871705977152,138.38346280859398,0,3
0.0010279444855147487,15.633585617762549,0,2
0.0006981731761433013,9.274161384151718,0,2
0.005776006350687808,108.03455700410662,0,3
0.006663023302395301,120.5482702470023,0,3
0.002229689829575145,29.501559359968123,0,2
0.0011028464892387621,13.392848298410808,0,2
0.00025099660551923774,3.3341054998966255,0,1
0.0013909935590029193,20.862794820130237,0,2
0.06698935523345857,224.44043703888462,0,3
0.00019906242263255126,14.599816677339032,0,2
0.0002762950817022797,17.507853945335476,0,2
0.001374533956427277,43.60295572019415,0,2
0.003893992302999825,123.52519424387268,0,3
0.00213647201916936,32.492725728192056,0,2
0.0012990662454262208,63.06168893478289,0,3
0.0006522454568331729,31.66251163307203,0,2
0.04548993970046906,145.72023172461812,0,3
0.0014774683194698633,22.159785142669875,0,2
0.001162789303847206,28.289641235634374,0,2
0.003996312133229779,58.3632168359963,0,3
0.00047154930884220895,7.023278971353313,0,2
0.0013676471835388443,29.992512998580487,0,2
0.0013227870234521146,25.78246334122562,0,2
0.00392648827423381,61.74056173669932,0,3
0.00026455413513016586,16.763871184230613,0,2
0.0005069332317516481,7.603230031576277,0,2
0.0007943065760853427,52.16993711834613,0,2
0.0015069199408923848,41.631007765926476,0,2
0.0004966388629657555,6.711232141962983,0,2
0.00034069081001777914,5.074265950269622,0,1
0.0003421907080184088,15.934493524393387,0,2
0.0002881537135615778,10.554298425917827,0,2
0.000391323068122826,5.828385332809746,0,2
0.00018831532689442647,6.897485837166955,0,1
0.13496684673537077,640.3359896742581,0,3
0.00014932528669480918,4.736895609754653,0,1
0.0005312579796819229,24.738622758185777,0,2
0.0021326868944010406,28.825964421568422,0,2
0.0010823783910247672,34.10857542323762,0,2
0.001110754160180648,16.893003959036218,0,2
0.0029113599277566697,135.5707353500708,0,3
0.0007003397268850763,8.5048497783191,0,2
0.00016990311070682823,3.230342693501977,0,1
0.1689757759820254,462.577111186052,0,3
0.13343266542277016,460.5455438006579,0,3
0.005735168519152895,125.77228866486917,0,3
0.0009961398711839107,35.841298845447284,0,2
0.0011785321186925048,32.55878328654042,0,2
0.0009557246412145329,23.25194008111316,0,2
0.0007783509078501751,11.674083739237656,0,2
0.005140855826515179,125.07250152289443,0,3
0.0017271890242799444,63.697850489704706,0,3
0.0007115337902321603,24.066697037079887,0,2
0.000928542485118315,9.590744448373279,0,2
0.0008144896674264597,18.103248105372106,0,2
0.0015711822039779315,23.565351352257984,0,2
0.0006640599773307327,20.069022690228532,0,2
0.00022562000294502066,11.112106840798626,0,2
0.0007555700945037498,49.225215809021975,0,2
0.0004381285317570712,5.32058542896405,0,1
0.001641656622581633,120.4038683939542,0,3
0.00033727957861979705,13.436745985723983,0,2
0.0016163714354702737,27.46751000431898,0,2
0.044586441495134875,280.07977314484816,0,3
0.0016577101376141386,36.74410305898485,0,2
0.0014432903044749265,19.50789638929784,0,2
0.0008279383193687713,40.191321217872165,0,2
0.0009794217081700392,47.54490951793463,0,2
0.21983050452295486,822.3283134025324,0,3
0.00031479196387490456,4.25387963675042,0,1
0.0011816192429771393,38.344043416642776,0,2
0.000443016013370646,7.073520841865645,0,2
0.0010354016596719933,23.013346741379692,0,2
0.003024260172164637,95.93555819893498,0,3
0.0021283140302052086,38.33998206599356,0,3
0.0009695936799039548,21.263196676655824,0,2
0.002189638116408632,28.971625564792927,0,2
0.004106640728939387,76.81070362278207,0,3
0.0006774214683646945,50.28675770959825,0,2
0.0020668473745908823,22.85603296508563,0,2
0.0001718252895968379,12.755038199772626,0,2
0.0008398594691533374,26.466169581799626,0,2
0.0005482111511526893,10.423057466429466,0,2
0.004377068463731191,132.28245838335607,0,3
0.001750120165397457,38.38014836102663,0,2
0.0054542415826785064,81.8053558209217,0,3
0.0005736741522582503,37.37473750534995,0,2
0.0015123195754118562,20.44091441144571,0,2
0.002894345095465391,35.14861330662056,0,3
0.0009647480163332134,9.96470471735919,0,2
0.0026943417724698015,130.79374769200874,0,3
0.003240573042417193,42.87679689932466,0,3
0.0011569723331704112,21.640037404943094,0,2
0.00048338591557088904,14.056747910156792,0,2
0.11639167492639604,709.9784183372977,0,3
0.001045257709310123,46.245545532454685,0,2
0.002118365505455554,134.2334204570337,0,3
0.0008126181227052812,53.37263676161235,0,2
0.09924603150909582,301.1291801606042,0,3
0.000184126069455227,2.895219892323381,0,1
0.0001862681065684625,11.416638039622752,0,2
0.0009526386197919056,33.041873570664855,0,2
0.0005643700639675848,17.784777535359467,0,2
0.0021258199209085796,58.729082570834755,0,3
0.00048486725460985175,23.880403627786105,0,2
0.001674214303464465,81.27282345066254,0,3
0.004484813134400157,98.35198569388987,0,3
0.0010830983362216443,15.81785930232693,0,2
0.027355857324269893,234.53609566591524,0,3
0.00023744004061160206,6.904700131183722,0,1
0.0009421218726688585,45.734231554454574,0,2
0.0024329825110581656,180.60662048490866,0,3
0.0009936396856039008,39.58521328634803,0,2
0.00022806252483200572,14.451525342263288,0,2
0.0004832623248002933,30.62264499157387,0,2
0.0020952611471651257,57.88484890419582,0,3
0.004004152074649921,127.01968168301217,0,3
0.08788143970689435,313.682753831231,0,3
0.0015643029416693942,52.91049488891658,0,3
0.0011364722814528065,13.801196276511938,0,2
0.005792784263802641,86.8829828512096,0,3
0.00011772272296150667,3.98181667095564,0,1
0.004827414435160919,82.0337772513272,0,3
0.000443178747528278,7.076119175607432,0,2
0.0006383447818804538,25.430761982506183,0,2
0.0027107165125599777,29.97619791946979,0,2
0.0014765589743444604,23.575831040064486,0,2
0.12926706030654414,491.41525554732596,0,3
0.001954198680625113,29.105932809400848,0,2
0.00012865978410910297,2.4461894300542637,0,1
0.00022387495670422758,3.574552892954298,0,1
0.000681153966511756,17.803223886507332,0,2
0.0017753386171837475,25.927522480150397,0,2
0.00041989850179754333,18.577653253286304,0,2
0.006621262020866002,89.47512933126764,0,3
0.0014258659051045012,26.669429022854327,0,2
0.024009958709956595,270.01189834763267,0,3
0.0006552517703082417,41.521015217856295,0,2
0.001153554039570075,33.54507819250186,0,2
0.004043699601055834,148.1098813782521,0,3
0.0002450957727016355,8.818591735229624,0,2
0.004748603593954759,80.69451975037465,0,3
0.0013538091303868097,24.493288032485125,0,2
0.0019770161622608374,26.1583736414441,0,2
0.002834480887577069,186.1682807623659,0,3
0.0012337554934992146,27.056267231214825,0,2
0.0012055988995857765,16.01453499127172,0,2
0.003134672327325053,59.599060941091814,0,3
0.0017239232657147194,23.295899885990544,0,2
0.0003620286605460648,8.724632847083384,0,2
0.0012957923936962824,19.70717447796032,0,2
0.0006829666853931432,50.0907618404482,0,2
0.000794750285868947,23.111150035869233,0,2
0.0023001053172828595,168.6964095322489,0,3
0.12020143361837743,503.95226262738066,0,3
0.0008029349782988264,8.293367626084398,0,2
0.005897141027820663,110.30026282008536,0,3
0.05064424772044336,236.59749695243508,0,3
0.006026356743729002,88.01053412238592,0,3
0.0012220591223103684,77.43761667473163,0,3
0.0017728183237716937,28.306126603935727,0,2
0.000397207989896558,6.2457449786486645,0,2
0.0050463219382445995,73.69784233244738,0,3
0.004102761686345427,76.73814991996478,0,3
0.0038742156475862384,51.26067374239273,0,3
0.0037508109883369646,66.96898547189814,0,3
0.0006240095626810433,8.256419754190802,0,2
0.0034065465596202814,45.25075387608534,0,3
0.0035571469319508,120.3158285704261,0,3
0.0014238998754761666,31.64829924043317,0,2
0.0005908621319631069,21.259330000493485,0,2
0.0005043583565435933,9.085637772566345,0,2
0.0009976768575391598,27.562375330637433,0,2
0.0016842581648655343,22.372790257888862,0,2
0.0015985107977241704,87.59468424077906,0,3
0.0006890538969829999,33.93688690009269,0,2
0.001872890163287709,28.484017505830156,0,2
0.0010204227301577487,26.67064308076068,0,2
0.005027565604767974,97.99236279341193,0,3
0.23090610234578357,733.5835635163568,0,3
0.0010539559701473894,20.542672918483348,0,2
0.0006404277041663548,9.538562230930424,0,2
0.0011323077171838099,27.548051036836252,0,2
0.00010028427141185382,4.939143355350978,0,1
0.001819218250028953,113.72376654937703,0,3
0.0011747114720923359,43.026533607946284,0,2
0.0001804811684566306,2.6880955424555313,0,1
0.17213619628473387,384.6614076528127,0,3
0.006602936679400689,103.82535009036913,0,3
0.0014163771973798233,27.606630940097922,0,2
0.0019258138366068632,30.74896595079714,0,2
0.0021586071343532736,160.23902256518832,0,3
0.060415327732158984,206.48463952872416,0,3
0.0002700150524523018,7.851973758455838,0,2
0.0013876206664328883,18.755450725673096,0,2
0.001107787776226834,17.687757749173294,0,2
0.0011037859331840046,32.097833448913,0,2
0.0013864077314694088,38.30167049310108,0,2
0.0006005081640420857,29.575883301595145,0,2
0.00023282482962176833,5.174879221060742,0,1
0.0006895273643182086,37.78450032293882,0,2
0.1751301554833375,416.3330705940299,0,3
0.0003688987237187047,6.586515115301321,0,2
0.0008313130611136958,10.999301918076926,0,2
0.0001804122063794058,2.396499858210069,0,1
0.00019341980601656465,7.0844492300659345,0,1
0.0014776234224150682,22.162111451732102,0,2
0.00021274580411062633,13.039493903304324,0,2
0.0021468842097776024,29.011499880801168,0,2
0.00015968213195607345,5.032001827392806,0,1
0.12026164836624748,1189.7005282372318,0,3
0.0002487677029421175,2.750973724036657,0,1
0.0021330975056412693,67.66610286375544,0,3
0.0004532659326081863,7.127206638812417,0,2
0.0016428135881293392,22.199840121386917,0,2
0.0005610935809251807,12.471142007135848,0,2
0.0008430435593300099,12.821503349657192,0,2
0.001176391683046279,18.49772067581971,0,2
0.00221405150247123,144.24494009787037,0,3
0.0006422428480009983,15.625203720043626,0,2
0.0003142653625004348,9.138762291709376,0,2
0.004982778965993771,120.08142385990435,0,3
0.0007842796682126907,34.6990419524832,0,2
0.003594227976208348,99.29613958219278,0,3
0.00031985849465882135,5.762011044813952,0,1
0.0005697057201347836,20.86679401398725,0,2
0.005161487703460034,98.1346016627248,0,3
0.00032445854267313014,5.180544708661786,0,1
0.006969057361863311,109.58227460406246,0,3
0.0007328581816569874,10.91522638184604,0,2
0.0004074409573646863,26.76066114158748,0,2
0.0016350454399021042,102.21067532831262,0,3
0.0020618278541246655,25.03861411100821,0,2
0.14911461231938114,451.709801626901,0,3
0.0008759006601844025,21.309892817803274,0,2
0.00092513196795998,44.90947601211396,0,2
0.0014715796424444067,22.38065056790554,0,2
0.001369255717318366,24.772749659934277,0,2
0.0007478155788494902,11.373220094065504,0,2
0.001363179279903786,16.55430150744738,0,2
0.002992976998967757,53.43821210528837,0,3
0.0012343815689666992,45.21208937167888,0,2
0.0022872391484368383,35.96481639263678,0,3
0.0006829726124370466,37.4253151224857,0,2
0.0001563432203650344,10.26859933040165,0,2
0.000380039303654963,27.873187164952817,0,2
0.00017754320089974446,11.566898218033021,0,2
0.0005808908921923778,36.809026190479074,0,2
0.11150461635493975,688.0361319370786,0,3
0.006160475377780318,98.36269946312632,0,3
0.0008348398806150318,26.482784348613006,0,2
0.0010093217791939787,24.555911316210235,0,2
0.0006795918681492705,10.121875246502853,0,2
0.0008812549628806331,27.95516323551703,0,2
0.0002782657978371548,12.311369253135002,0,2
0.001348838487813063,17.846804603673963,0,2
0.0008694262758075936,11.748821935566948,0,2
0.00394220147700809,108.90944890342452,0,3
0.0019844628376293064,30.18088049940772,0,2
0.0020523910099592346,27.262871304922875,0,2
0.0004409459143488428,6.706165363904097,0,2
0.0005478063686912817,9.780827895720115,0,2
0.0006237649150429175,9.35552817934295,0,2
0.0009119551231908948,25.194179057218978,0,2
0.00392740222500763,70.7492074645664,0,3
0.0011361680885461152,15.032911691368096,0,2
0.0008784864929768739,55.666619605491825,0,3
0.0003182097414408356,4.772663757124495,0,1
0.002126227685705664,28.24367846042597,0,2
0.0003211798289557179,14.210023300264227,0,2
0.0015409845337674432,20.8283576277346,0,2
0.0018152173267099072,62.96005659053654,0,3
0.005591614378571207,73.98398706375325,0,3
0.00011019573748056258,1.4894349547336163,0,1
0.0011213668495288793,40.346988944007485,0,2
0.0005188934893922523,32.88046739555871,0,2
0.000709070981700863,38.85544522740459,0,2
0.004384409968598149,96.15014351437149,0,3
0.0008426752855067852,15.045575244422764,0,2
0.004466424730804339,66.98960044439053,0,3
0.0009925583419784514,39.54213407094488,0,2
0.0001583034820485668,7.796672204736995,0,1
0.0005944951067329016,13.037282152069466,0,2
0.000608271141850166,37.28180623288274,0,2
0.001136922192909562,35.82739334854401,0,2
0.0010273636755411704,75.3498381336668,0,3
0.0044748336249675275,108.86876704201184,0,3
0.0003367621572402289,22.118488120352264,0,2
0.003440771396243993,100.05681708032117,0,3
0.0007945699623485105,35.154317490526815,0,2
0.0015706247631707435,21.22433055401326,0,2
0.0016284078008419985,79.0491990360196,0,3
0.0008452114391573921,39.35821718242607,0,2
0.0003869745994150815,14.173842686236913,0,2
0.003046407694019436,105.66338145358714,0,3
0.0027688282451686277,72.36846818122658,0,3
0.0027700064473351388,37.44014534342744,0,3
0.0004303379315105261,11.247681021037007,0,2
4.9377867078044826e-05,1.967145060959785,0,1
0.0003477166737682927,19.05406725269006,0,2
0.0050429628279114805,79.29613844913479,0,3
0.0009836685169149235,18.70234390191389,0,2
0.0015934516889408372,30.296061086841245,0,2
0.0007753174254664087,11.628586101845027,0,2
0.0006881846036108764,44.83506676033949,0,2
0.005343727661717706,118.44681133693322,0,3
0.0006438502894630421,47.221851665915345,0,2
0.0004315043673049956,11.920979462032577,0,2
0.0002949247009082563,10.611445890218178,0,2
0.0004493098936299379,15.584126436751276,0,2
0.0008155284869935886,21.315351526358405,0,2
0.0033856843792001677,49.44544494371291,0,3
0.0008941776598347987,31.014179534762366,0,2
0.0007062953673988654,44.755469617845044,0,2
0.0006642735403529932,49.31075281281852,0,2
0.003622177828505579,67.74929827528646,0,3
0.0013808777223855329,26.914710096873698,0,2
0.0009417121402626263,16.002811647266356,0,2
0.15400186653483885,1697.1673593448254,0,3
0.0007338078800600732,23.812375585222597,0,2
0.0006164602706293296,33.780593055511545,0,2
8.410169716250192e-05,2.1981540406891527,0,1
0.00019486526641292537,8.621462889319996,0,2
0.0015340408422764298,37.32186469657544,0,2
0.0008296378069167842,12.116253587352267,0,2
0.00025810780152409876,16.815663198476308,0,2
0.4139679071200018,2151.732528550451,0,3
0.0005774418000788428,35.39223188498623,0,2
0.0006522032636581358,10.413558967131223,0,2
0.0006047869542116977,29.786619818275682,0,2
0.0009125933052753016,12.332151145662856,0,2
0.0005216789604205511,15.766026038459072,0,2
0.0007238152299324886,16.04378280667356,0,2
0.0021566637423215316,67.9621179871214,0,3
0.001913675728367747,35.79343529272637,0,2
0.0014504176396231262,19.59993510008498,0,2
0.004186635382768352,46.29750483646064,0,3
0.33036174246116035,1136.2344684808668,0,3
0.0013813329838788184,24.991253112061052,0,2
0.0003932808357681299,6.279412266266698,0,2
0.0012135250569653396,44.75418530193248,0,2
0.0004596000960954684,16.833920031141602,0,2
0.0007604666753765496,11.40584736229842,0,2
0.0008446943677677609,11.414612133342018,0,2
0.00043160474108444314,26.453670442691152,0,2
0.17707770389878716,618.3053680820817,0,3
0.0011080564945539178,38.43247779541232,0,2
0.0024219448381963883,179.78726531711644,0,3
0.0008924214516376522,41.55660428215049,0,2
0.001957101583946581,29.353557048313917,0,2
0.00028299646123727785,4.244517932813718,0,1
0.0021459250742155186,34.263424525121955,0,2
0.3623152903655371,1667.6705048271338,0,3
0.0028876816573517082,97.67204388753025,0,3
0.0011023247645903511,32.05534301236198,0,2
0.0023930177921610684,29.060548842054292,0,2
0.0033443343553205694,53.3981121461981,0,3
0.0003370844619809255,20.660387664394612,0,2
0.0014940861978342383,27.031198687852413,0,2
0.0025706780913512402,92.49347844902525,0,3
0.000501610133381896,31.356871945747432,0,2
0.0015114222267935172,98.46880631416283,0,3
0.0010961937797462978,17.502639439066122,0,2
0.0004590225316333632,6.703688464062619,0,2
0.0021089426787511555,73.14779803310577,0,3
0.005539062606207241,94.12703925090156,0,3
0.001180704305262783,13.056705035342254,0,2
0.0019581402386408702,35.274428757561076,0,2
0.0005870610748959381,17.74198481286982,0,2
0.0004798823864876851,17.69781771273047,0,2
0.001339839704414355,21.392870207616767,0,2
0.003865541318075999,46.942715028240585,0,3
0.00038371362333579714,6.942195976819033,0,2
0.0037662094386353043,119.47166719157059,0,3
0.0020586386164896282,53.806343341820664,0,3
0.0017243319071878198,105.68676305999884,0,3
0.0007340576620876345,46.51466923009903,0,2
0.026051182557614433,81.38168993261738,0,3
0.005307480683408492,117.96667713392343,0,3
0.0006717702513799683,12.101437581507955,0,2
0.0010754153075823627,47.57981417417446,0,2
0.3820116608230698,1153.2051849768936,0,3
0.0018933099488088617,22.992150923716967,0,2
0.0007157883748532991,22.556364736407396,0,2
5.3615341703575375e-05,3.2861607973420393,0,1
0.00042723875775884415,11.80313536207523,0,2
0.0008043206672689074,29.66293607084109,0,2
0.0001747560185633907,4.211495569118541,0,1
0.00013878774203147955,2.5001571501897266,0,1
0.00045771263819534817,33.9771997381683,0,2
0.0009016095461297906,20.039617395432774,0,2
0.0006685000916413247,32.92458268078404,0,2
0.0068964565519751475,103.43639415047669,0,3
0.0025860201661563704,114.41380654418892,0,3
0.0015530369077052387,40.59150372929407,0,2
0.00039918077871093895,19.66022251542144,0,2
0.00030042203978173016,11.968393264658909,0,2
0.17586349169831564,1053.6939145790448,0,3
0.0004957032276177916,13.69457285589457,0,2
0.00048236589327299925,9.022182876830309,0,2
0.0023381062865484884,28.393709466236686,0,2
0.000101488663721724,1.3717478253911994,0,1
0.0005828494570040775,25.787124899790022,0,2
0.00023967713363871513,15.614909475212162,0,2
0.0007024994418703913,31.080823069923234,0,2
0.0004086117831455512,15.069394203675976,0,2
0.0031202331730970866,145.297151928036,0,3
0.0020629877794474624,134.40317370074575,0,3
0.0012505215776963798,16.61126397033024,0,2
0.14307343609348044,491.6565732098995,0,3
0.0009218794843968925,45.40387904992136,0,2
7.29750940093131e-05,5.352205506481825,0,1
0.0006358843744720402,41.427719004058304,0,2
0.0012722040167166633,40.090477616467155,0,2
0.00016506501826438815,5.725211377240599,0,1
0.0006978015933780735,12.570372696907665,0,2
0.0005779790767418185,35.42516233830609,0,2
0.0028182309594743885,91.45278473626166,0,3
0.002060707098167996,32.40279988879436,0,2
0.2999132679454425,914.2836605207443,0,3
0.0007039540295106301,46.23559537272429,0,2
0.0010144826128081095,13.71201735232648,0,2
0.0038627607136708444,42.715967948709505,0,3
0.0009903260379498962,18.82892236385429,0,2
0.002234547965636682,39.896814505529726,0,3
0.0012829196261531254,37.30699880349,0,2
0.000562141377044714,8.549377394553261,0,2
0.004964842757758313,89.43792109220757,0,3
0.003582746256111205,60.88273801005358,0,3
0.008085530101292189,98.18980167728171,0,3
0.001582362688354755,100.2687947450165,0,3
0.028641010683439754,358.75106494943975,0,3
0.0005225894158406753,16.577577477947642,0,2
0.003686189024872795,132.62977044002062,0,3
0.0011934394635406667,34.70493687266672,0,2
0.0010552844812875158,23.390990292659673,0,2
0.00044252293043163066,5.9812578592006185,0,2
0.005852955736201055,64.72434824863555,0,3
0.0009956217061490955,15.655272376151702,0,2
0.000493614161491945,12.901522801952316,0,2
0.00047544108193828917,22.139446407670114,0,2
0.0012125864338466965,43.62908664601658,0,2
0.0038474002346987903,121.24164910975479,0,3
0.00040356271446741096,12.801813361512878,0,2
0.0022732831386024846,124.57064350098437,0,3
0.0012172823541673741,41.1729787516779,0,2
0.004045414060210243,136.83082365611403,0,3
0.00026627281575838127,17.488758714427632,0,2
0.0008682468181363614,11.487981289861306,0,2
0.0010124250180985998,34.24394809892168,0,2
0.0008717986533736681,15.772692799990853,0,2
0.0016810013863710854,25.212472616590176,0,2
0.0016185853521212992,29.157601975976775,0,2
0.0019941940784351654,26.954058612911812,0,2
0.1508953134323265,685.8590518638681,0,3
0.0011246424870030153,41.47624144459402,0,2
0.0004231638698239987,7.190957209952984,0,2
0.0005296768181163663,10.323939457874951,0,2
0.00029515771698993264,6.542341345237767,0,2
0.00021724812596190024,8.012000106623386,0,2
0.0017243587446119245,31.063030363703398,0,2
0.0011358096927785574,36.030146442883435,0,2
0.0003329864222160002,8.024735590039933,0,2
0.0006079903929040394,13.333233879078536,0,2
0.0007084591460215753,10.551825925761753,0,2
0.0018045790465788271,21.914612458895594,0,2
0.004473808617927374,70.34669095687583,0,3
0.0004399521060421229,7.959669802721211,0,2
0.0019445630827518907,29.165498537126926,0,2
0.0019411621372074435,34.65854701009139,0,2
0.001358750209075018,86.09925324082661,0,3
0.007229542737527145,115.43221844730965,0,3
0.004029295288705072,61.2798976626391,0,3
0.3129018151229587,641.8908906123123,0,3
0.0029496311949242754,65.38027979263158,0,3
0.0007581326572808185,33.54221452722981,0,2
0.0007738799915562744,12.168579671818822,0,2
0.0033513787748591178,101.28437034641509,0,3
0.006621330756933935,89.49567108228449,0,3
0.00035521943462780953,17.243722226604955,0,2
0.0007095149181120364,25.98763032007506,0,2
0.0003752828313409776,6.700500387269554,0,2
0.0012096154986254277,26.526876962472933,0,2
0.001095931947391888,39.43183640873836,0,2
0.005312106578580212,79.11878085142997,0,3
0.0019285198033801676,28.723470328424686,0,2
0.0008506901540151031,55.42226554838291,0,2
0.0007516879349712028,14.291731436970254,0,2
0.0024254423675685683,29.454309373379715,0,2
0.0001818351952768179,6.70598928066816,0,1
0.0531202011151191,196.9615639183325,0,3
0.00046168550636116327,6.238896793671062,0,2
0.003522575452904517,114.30906098334763,0,3
0.0004594150257415168,8.954465722438854,0,2
0.0004614503453886392,12.060861736636884,0,2
0.0007299181647334843,45.628963410508554,0,2
0.001639980833232906,36.35112278302073,0,2
0.002556058402388203,140.06607210720836,0,3
0.000645325710880898,39.55293364235471,0,2
0.0024795101266075724,115.46116574845944,0,3
0.0008456920823185728,39.38059886947926,0,2
0.0009747544322380398,21.605995223571295,0,2
0.0007263881379250849,53.275417379380954,0,2
0.0024153061407313986,32.08364300818974,0,2
0.0005593670905629397,35.44513808593932,0,2
0.0007516036700539794,33.25335124175461,0,2
0.0012977646780103803,95.18183361131857,0,3
0.001230894731106142,39.94305381480984,0,2
0.0026246232281586534,192.49749637044798,0,3
0.0006954627150244253,25.64831030075481,0,2
0.001978251299446554,92.1194871222456,0,3
0.00025537273788173544,2.8240148678440624,0,1
0.000903314285486103,26.268165425807545,0,2
0.0010561649712912023,23.410506862356485,0,2
0.0009467443510101109,17.054889891088372,0,2
0.0017614866454470396,28.125196659230333,0,2
0.10598205938076384,434.33548022723284,0,3
4.8364630587661196e-05,2.382027016180878,0,1
0.2167671538275079,542.2767814572524,0,3
0.0011116022114565785,17.748661839055416,0,2
0.0031397233314809886,152.41428739161196,0,3
0.29208828892175004,609.7849668943425,0,3
0.00010581084013081437,7.760474568506053,0,1
0.0013118359179068112,97.38099254187487,0,3
0.00015065598637278326,3.339376990058017,0,1
0.0009698712911652886,47.76754396142007,0,2
0.002563764771244808,46.383960323635606,0,3
0.0016749882259774805,61.772711666465725,0,3
0.0005185945476391431,20.660080384124367,0,2
0.004464368841971884,98.9553149857848,0,3
0.0004028687747564564,6.000347664402358,0,2
0.001503327857648428,22.390640239926366,0,2
0.0005002534443449841,23.294861849497693,0,2
0.0005406004901739008,21.536766311051768,0,2
0.0014000902871467093,22.354875507265596,0,2
0.0008409035261854144,40.82070239233107,0,2
0.0010758803456472964,39.67791853611599,0,2
0.0019381862841149626,34.91497322242316,0,2
0.1224367587711358,585.7121393379892,0,3
0.0013668714034446472,21.49284612010479,0,2
0.0005777475208022703,7.807278126389758,0,2
0.000656742279272814,41.0545604684532,0,2
0.0035718780422718532,36.89327096306225,0,3
0.001353378453778354,20.298625261357984,0,2
0.001593160422651352,23.266943147051247,0,2
0.0009382896616277057,24.52394280532307,0,2
0.0007525068364689656,9.956597913486974,0,2
0.0019116253344531359,36.34544951045317,0,2
0.0005332905753231672,7.788318941700051,0,2
0.00041077823784696385,11.348387890967464,0,2
0.00022121649430874277,12.122150814004115,0,2
8.312466625598082e-05,1.4841522497835484,0,1
0.0006604465160827783,20.95067936420054,0,2
0.0011697875732271038,21.07284636667314,0,2
0.0017010442654397438,37.70462904158331,0,2
0.2336935036370875,701.8595650189296,0,3
0.0002586599387084701,9.53924664406497,0,2
0.0004624898675493481,28.911368785904216,0,2
0.0016853876809003734,53.110976076452836,0,3
0.006719386702450724,107.2866904352161,0,3
0.0005693832222868169,7.694248814292298,0,2
0.0008627634938723203,29.181843373738857,0,2
0.0037580035131309754,121.94880095582367,0,3
0.000561328772725646,27.24906491905193,0,2
0.0009844763771544793,18.71770362906287,0,2
0.001015640308679502,30.694378664305503,0,2
0.002547612206320942,165.97634232230004,0,3
0.00012040121342228488,1.2436019759074872,0,1
0.0002774019074383555,11.051303436328821,0,2
0.04259249984837929,149.17551322772897,0,3
0.0020863831297277613,39.023758541079054,0,3
0.3467916361066864,722.4810071096297,0,3
0.0009827664018550628,17.780335505942016,0,2
0.00046171755113237585,13.426637005543729,0,2
0.0004989276792003136,32.769495348715445,0,2
0.001412652226868363,39.026715508511565,0,2
0.0022800736344010717,142.53295980836296,0,3
0.0024875146367408095,32.91290104174792,0,2
0.001317445614637869,36.39648472744693,0,2
0.0009479618684704111,17.150647434047457,0,2
0.0008244755905979038,29.664785928381384,0,2
0.00030356241877427655,9.174172933550269,0,2
0.006048926538050666,90.0930141500178,0,3
0.001283229402199342,20.48898831509658,0,2
0.0005463334936922048,10.218634361528148,0,2
0.0011622086238006534,19.749777990887623,0,2
0.001460512284813017,21.752942958427415,0,2
0.005636540671924201,89.99717101765827,0,3
0.0012737967516213806,44.181109549171,0,2
0.006333788429369563,118.4673259653176,0,3
0.0006843457624990997,13.011364680265162,0,2
0.0021519043850539966,32.72743024457583,0,2
0.0016880368757812433,30.13911321091251,0,2
0.0010304518532349327,63.157864448027496,0,3
0.00038016080400687474,12.05945813572352,0,2
0.0005233956815295441,28.680869420363344,0,2
0.0012093782057553053,19.016404624313886,0,2
0.000921744629575364,40.78093168473916,0,2
0.005606317294210941,122.9465803349219,0,3
0.003850567012542346,133.5553123298623,0,3
0.09078280383956415,518.7610813018512,0,3
0.0007401014005353081,27.294562260301944,0,2
0.0002933588714736536,18.338578020601723,0,2
0.0004824981771971836,21.347263190840973,0,2
0.00036947740521697255,6.2786461709615216,0,2
0.0019745165158007623,28.83637006221551,0,2
0.0008585467878100983,27.055055892860153,0,2
0.002674347182655361,35.524606525568615,0,3
0.002033477364212184,70.53031504410849,0,3
0.00037321490784229035,18.38136635222427,0,2
0.00042615215228540863,6.804259981624565,0,2
0.0012361599273570019,30.074683985390926,0,2
0.0003417206318374659,20.94454513030452,0,2
0.0017630766855673342,23.327689262210722,0,2
0.003772797594139201,55.098950413343694,0,3
0.0016502538058975615,24.57896265570491,0,2
0.19692164087456612,697.1997102045631,0,3
0.0014325482875024876,106.34178573471964,0,3
0.02271189385687662,142.57324653221914,0,3
0.0023795493527894998,145.84597523801705,0,3
0.017136941016215393,106.77686899085107,0,3
0.0006590441884268389,10.362888046754728,0,2
0.0005813698552252764,9.879401456982404,0,2
0.13607401424591645,482.3522051321597,0,3
0.000564898503777297,41.431298219832904,0,2
0.0013871751107869621,21.81210399357868,0,2
0.00198193322792184,26.78246704863822,0,2
0.001517454319407045,49.24203346546342,0,3
0.13899304677503607,820.0323176927579,0,3
0.0003640376722959343,22.75688211609716,0,2
0.000730929253486994,29.11919764852055,0,2
0.000567766411004859,34.79921348272103,0,2
0.00031252744724356575,15.171288401223293,0,2
0.00257367526477186,141.03143530651028,0,3
0.0014537989773578473,89.10541376426067,0,3
0.00044004048510066715,21.361263359609982,0,2
0.0002026063791343031,2.460429920676448,0,1
0.0005522008697690958,30.2593269271453,0,2
0.0011058405134237454,14.943559497650552,0,2
0.04444519215202766,305.3413979667583,0,3
0.0011517330339145268,17.15396936444581,0,2
0.0035172005034531263,155.61220412960876,0,3
0.09581787500317622,462.612399415683,0,3
0.0006268621716495406,22.554618160494474,0,2
0.005267120034712315,71.19179806625502,0,3
0.0008870727268408043,30.767747894433853,0,2
0.0008602671080864082,52.72699857936078,0,2
0.0013104584243199204,23.39762559422339,0,2
0.0028756975837455206,53.787114430844056,0,3
0.0013444032678208435,88.30020555737747,0,3
0.0004448785846006558,10.721257003012814,0,2
0.0008235768015287982,13.149835434090878,0,2
0.00034539833536399516,12.651015536774715,0,2
0.0006102981182896521,8.075000354389973,0,2
0.0002489025201497845,18.255234296140365,0,2
0.0014638104376506287,27.83121116655695,0,2
0.07657080891946522,317.58628388185724,0,3
0.0009060982157317914,42.19347811824832,0,2
0.0017340429202417976,29.467138687589127,0,2
0.003167908987583481,100.49238483001106,0,3
0.000206957431325954,15.178859562808414,0,2
0.001834087328252837,32.74677610305705,0,2
0.00045829768494499366,8.182691983232655,0,2
0.0016532481720385533,29.78202669672917,0,2
0.0034444048986717306,45.57374493531743,0,3
0.0002934053434066168,10.556779123186141,0,2
0.002312319089868944,80.20182410741864,0,3
0.002484416032752076,84.03211315487805,0,3
0.0008554870677716006,22.35974324211267,0,2
0.0013237426934770407,34.598473617922124,0,2
0.00036027307984184606,12.185764305501712,0,2
0.02642130364928968,99.8136116281396,0,3
0.0040728062067738905,132.16428130151198,0,3
0.0006960222282247819,33.7876050605908,0,2
0.000867092555967344,54.204068923540916,0,2
0.0018923321113443517,83.72282743119855,0,3
0.0013657274381803717,89.70077387728266,0,3
0.0010374845228084024,48.311628641475245,0,2
0.0011033311118768389,19.961607668194805,0,2
0.0012633131120979692,15.341537583712045,0,2
0.0029785915731389127,30.765324206370007,0,3
0.004482340662476798,123.83163422643021,0,3
0.00023888543593700214,9.51686116162039,0,2
0.000517188098797468,16.782972207608772,0,2
0.0024346819966778663,32.2138597462787,0,2
0.00036549745980410885,10.097435951720476,0,2
0.0019742355583490493,28.832266884052906,0,2
0.0007385214490714057,27.2362944559598,0,2
0.00155591289764323,21.02552463655671,0,2
0.0006836476552544286,41.90174029501885,0,2
0.00320233839960315,93.12324202303947,0,3
0.0013350490344068437,24.153877975305875,0,2
0.0006219061127360881,10.568246875976042,0,2
0.0007811664284616628,27.09443206545235,0,2
0.0006371522971329952,30.929831413409076,0,2
0.0013783927538464256,18.30983670918523,0,2
0.0036102238673583493,94.35990532381895,0,3
0.001035432519530909,48.21607481090339,0,2
0.001758436404512392,28.07649425982995,0,2
0.0025850078389080566,141.65243408519146,0,3
0.00106241219142599,27.76811562967731,0,2
0.0022026306361159586,29.143532700169814,0,2
0.0006543556841704186,11.838686775218163,0,2
0.0016082926436439247,98.57455101967233,0,3
0.00029333211602627717,10.554144388347845,0,2
0.0004759359413629623,17.124264171261014,0,2
0.0033034121869083507,48.24391972790864,0,3
0.002385357319133072,45.352445609716,0,3
0.0026096480214530906,31.69128287989905,0,2
0.002713450130013343,133.64128782160643,0,3
0.0007713784499705173,28.253525730012754,0,2
0.0014164406233480367,21.096537430107205,0,2
0.0017179773407717176,29.19413122461623,0,2
0.001374265214897655,20.468374788950793,0,2
0.0018036932855647041,23.959302920002926,0,2
0.0034526893785084794,167.60686711899984,0,3
0.0005572489887772155,35.310921376480216,0,2
0.0006198770786925026,28.865270344553593,0,2
0.0019198902101174107,25.40252650710294,0,2
0.0013822125344709732,20.586742563839394,0,2
0.0036122836794053536,61.384676767464114,0,3
0.00011427375832834974,1.66888469009341,0,1
0.00011636137473054466,3.516638781816568,0,1
0.002515362226962105,79.26564586518683,0,3
0.0005557485556426929,30.453731884763126,0,2
0.0012503608911725627,30.42018094706166,0,2
0.18740360576964737,1251.417071131963,0,3
0.0056432617541703105,125.42991242860266,0,3
0.0005924614672625101,29.179572011979825,0,2
0.0029140234106955275,52.02853251268871,0,3
0.0030036137850230175,139.866639525037,0,3
0.0033326104580375993,34.42192011811092,0,3
0.0015934952692070556,38.76833862110567,0,2
0.0009252042376236256,17.590771214081325,0,2
0.0002057050353858629,12.859123099650578,0,2
0.0037413473849092146,118.68299331220753,0,3
0.0011607699800414016,25.72913732421471,0,2
0.0010929238110214143,20.442072358330808,0,2
0.0007038346012148524,46.227751340119674,0,2
0.0012663943841947623,42.83412874029539,0,2
0.0024422988805281663,133.83231415518267,0,3
0.0025403477954206105,56.46302004019797,0,3
0.001174215368525471,21.962551538911836,0,2
0.0016791533364124084,61.926318815438755,0,3
0.0007499328409167614,10.136292133451462,0,2
0.0030715683122362752,55.33200098025868,0,3
0.00015248280312002682,11.183531992417004,0,2
0.0018899667545742023,33.744477267186554,0,2
0.001026521486373479,50.55764684896814,0,2
0.0009324398864425584,25.760102511326405,0,2
0.002738454009274022,127.51917762559037,0,3
0.00128148256907681,81.20307286926618,0,3
0.0004182823816266139,13.573439918850342,0,2
0.0011783590187516054,37.379895838052406,0,2
0.0010395074916380478,23.104604982868885,0,2
0.0003326653878442544,24.694617070930445,0,2
0.00024813714138129,16.16607701069775,0,2
0.0009028019641826607,43.825491452376724,0,2
0.0008309259214456971,51.94320445543713,0,2
0.3777100732129267,898.1638200394641,0,3
0.0014331305036781653,49.707534346173205,0,3
0.002189177548976297,32.60571981758307,0,2
0.006151776635165124,116.96281853103935,0,3
0.0012744835727992925,41.357530134738624,0,2
0.4456630317336399,1219.5798036577157,0,3
0.0007762896082677799,37.68409345731669,0,2
0.06450894710924762,246.36641990451253,0,3
0.0010373815927038558,33.66347075564024,0,2
0.00048095378136970386,17.616048305984208,0,2
0.0021342271629290134,34.076647034480416,0,2
0.2371103540139652,495.62429741548044,0,3
0.0018153482311312813,57.58646279244386,0,3
0.0003271154781900098,10.308264699731133,0,2
0.0011609634357594163,42.81573951400421,0,2
0.0020255750232151225,26.90666199004493,0,2
0.10217287532255967,318.9024379039944,0,3
0.3300517886560767,683.2086008622186,0,3
0.13903313996667616,278.8337157910799,0,3
0.0019736796421992516,31.034369973114902,0,2
0.00043718470015739524,13.868369736064654,0,2
0.002183143385861044,73.84196109488963,0,3
0.002156132261210647,47.7919174269821,0,3
0.003997425362005481,76.00245667812213,0,3
0.0024714029370328182,54.78007412641475,0,3
0.07176905451580491,389.1165944348189,0,3
0.003265853116332613,62.09318186410187,0,3
0.09699570478272498,534.2293159115736,0,3
0.0007774526172949372,51.062971625722305,0,2
0.0009070239091294469,32.63488986585541,0,2
0.0017711468479229063,42.68337745163186,0,3
0.0004743769935456094,10.543736468470373,0,2
0.006230554835303405,116.53644242299754,0,3
0.4123750578295956,1543.0061391388324,0,3
0.00048717002645465784,8.813942461252283,0,2
0.000511501174070518,7.779211339815855,0,2
0.005891923254050795,110.20266945824493,0,3
0.0008324454819488562,52.74916160512574,0,2
0.004747168745319587,131.14792202267148,0,3
0.0035189321023310523,63.664969909404164,0,3
0.006045890282240828,102.73972192792993,0,3
0.032826879580971684,128.47298048589022,0,3
0.0006090359079473538,19.76347240062643,0,2
0.13024550144053565,622.7474854339412,0,3
0.1749443878089815,381.78607623434283,0,3
0.0005809897729464919,42.611478672120576,0,2
0.0020948786396978755,31.201227150246115,0,2
0.008070105692619293,106.77749836504823,0,3
0.000684474686361336,23.151458345827397,0,2
0.001109133090752208,17.440138689110256,0,2
0.00040106853952764465,6.403756495799358,0,2
0.0017589124687603138,107.80625502216655,0,3
0.001258061404006033,40.82462382253467,0,2
0.004075819213485199,90.59116328326812,0,3
0.006585300372673999,88.98916863181111,0,3
0.0001175731159915316,3.8152972634827726,0,1
0.0002703624726291181,4.870377305607772,0,1
0.0014666255341444097,96.32774572957052,0,3
0.00071146347027149,24.06431855665866,0,2
0.00377529538151168,119.75989140244754,0,3
0.0006894363704856991,23.912813227730204,0,2
0.003349580224235669,148.19614664859782,0,3
0.38563975155559443,918.6470664340613,0,3
0.0010419345891075525,46.09852006182771,0,2
0.0019083250092138135,32.428769236955816,0,2
0.0011114679664910685,17.476852548832852,0,2
0.000615532533485544,29.880324650548204,0,2
0.0003179544651015894,20.147663512390213,0,2
0.000410677571182796,7.332457002950505,0,2
0.0016602502703772868,36.8004065694206,0,2
0.0005700801814897815,14.900104239719123,0,2
0.0010748425568216265,19.362483058167157,0,2
0.05094106920126529,220.4443094958023,0,3
0.002743663371777549,98.71752118737497,0,3
0.0019247647422932143,36.595267126720245,0,2
0.0011508166972823925,42.44153297298184,0,2
0.0011097159832358671,39.927788596048416,0,2
0.0018648112752218703,31.689326620289414,0,2
0.002417688554117983,31.989015443828734,0,2
0.003272652768447998,144.7926298626057,0,3
0.00016838134829004343,10.525928455204035,0,2
0.1350924753408888,1195.8405534345704,0,3
0.0031998972435215685,70.17377056420975,0,3
0.0045449977607231705,81.14882086943895,0,3
0.0024421932355608877,53.557315983406085,0,3
0.0009150596914472336,27.65466123163413,0,2
0.01632254472713549,119.03546962118774,0,3
0.0008828446985613052,26.681069319361345,0,2
0.004007206101553697,72.49888558724909,0,3
0.0005748559673315738,26.76881187671255,0,2
0.00029973234034208344,13.957372086138774,0,2
0.0021828687566925534,34.853294642882105,0,2
0.002352592138808389,28.569624086887064,0,2
0.0007749305669940418,49.104642403034674,0,2
0.00187169495246716,24.7648435273547,0,2
0.0024849468677288385,37.792536620084114,0,3
0.0005091809189058357,23.710579699940972,0,2
0.0011384326266283302,17.31395439077235,0,2
0.04965896614732158,201.14546813805478,0,3
0.001973895332138069,26.673848516017436,0,2
0.0037069991691531094,116.8172441388335,0,3
0.0021178471742735994,25.71890666655023,0,2
0.002414143980437313,32.630213404192055,0,2
0.0014821678066739069,27.722501098132643,0,2
0.19526911049981543,691.5834810209145,0,3
0.00039860142239985283,25.96878990069465,0,2
0.00380749381353083,151.68522038596487,0,3
0.10544420540875205,259.8180071964585,0,3
0.004607010600922253,68.61704612334869,0,3
0.000946207952135037,21.030883511267188,0,2
0.005323626384434029,99.57323160304642,0,3
0.0012797495686398717,14.15198755722195,0,2
0.0006590387325261344,41.76098178186054,0,2
0.00043016375171338155,27.257973942839453,0,2
0.002205946339054662,29.187403558694026,0,2
0.0034680140098583816,76.05357326207114,0,3
0.005433521164703958,73.44092008479446,0,3
0.002573212068354978,26.57823390377019,0,2
0.0019355575516425074,37.72598365065674,0,3
0.0017982751718253506,58.354788713335154,0,3
0.004874226729964194,127.39696751902183,0,3
0.000641987472969401,15.618990670095087,0,2
0.16264056858893122,434.0791375995905,0,3
0.0018407779978093972,33.303591098787074,0,2
0.0023365773273980634,74.12088822320604,0,3
0.0013843913142917335,20.21802295922731,0,2
0.00022915420132426064,7.269227832980663,0,1
0.003142837944684443,99.03904768256733,0,3
0.00022484203689528967,5.418532934776237,0,1
0.0030504852232978905,96.76746907169019,0,3
0.000767690301081986,37.26664989990422,0,2
0.00038708239253433215,14.27540125617007,0,2
0.2959911956752428,666.38434913186,0,3
0.0013867042868418115,21.089816133411,0,2
0.0007504891382890521,18.086253661297704,0,2
0.002534284397608216,185.8717839560251,0,3
4.418834007785025e-05,2.421418548910768,0,1
0.0012539398974061886,45.92845853628579,0,2
0.04466860990153779,666.9665204466917,0,3
0.0022204728955463396,29.49558173544705,0,2
0.2835712412737051,1483.3096567343382,0,3
0.0027292070775225665,40.93396904067265,0,3
0.0012763564131129492,44.26989034141579,0,2
0.0024374136292616283,45.589441161486086,0,3
0.003375747956761143,98.16595086428283,0,3
0.28054418000893994,648.8699776124207,0,3
0.0001883699976628611,11.545465944010319,0,2
0.0013054371608663849,23.61813616981166,0,2
0.0009869870811945306,45.960158722685435,0,2
0.0008106638442659814,22.395849892468192,0,2
0.0017440519486260331,31.417788673805827,0,2
0.12453691295122922,477.0699812515535,0,3
0.0017562811186147753,23.329504894397118,0,2
0.001686318993263938,26.925014412304566,0,2
0.0012877851694250795,19.180336669882195,0,2
0.00375098869461633,118.20346919611143,0,3
0.0027596817965780986,41.10283859204881,0,3
0.00027446608928098783,6.083699461023998,0,1
0.007615772184118416,102.93680642878563,0,3
0.0009525413531209913,46.91401980319382,0,2
0.0053463380956114154,71.01791361683833,0,3
0.00044544339333438656,28.226191444900827,0,2
0.00487652734621585,64.52249952734789,0,3
3.177802102355034e-05,2.3589651617617378,0,1
0.0012681257757453626,30.560927912759286,0,2
0.0009459423055026193,28.587986388049064,0,2
0.003942146034182463,133.33791814671167,0,3
0.0013445449054771883,25.148399156115744,0,2
0.09571661822567054,641.4138742563574,0,3
0.002210300593526123,26.841650974847475,0,2
0.0006954029601185827,44.065255826845366,0,2
0.0010332340320093325,18.69340232898248,0,2
0.002772221498966311,173.29832226924466,0,3
0.000707471234214995,28.184663018300963,0,2
0.0017059185942846218,30.458382976941504,0,2
0.0013585333510851782,37.85478917204132,0,2
0.0003610729272427773,17.123660464481688,0,2
0.0015969844510699358,16.76948544338278,0,2
0.0009595867927102157,21.27252772426601,0,2
0.004693955063469904,102.67302009973956,0,3
0.0008820142374593485,54.312985099558325,0,2
0.00040103403261056094,7.702349897198532,0,2
0.0024474473297646034,49.95781995899204,0,3
0.00016434463178661253,8.399976784262435,0,1
0.001936546297773543,25.18096306460924,0,2
0.00036765556218215005,18.7915975919731,0,2
0.003455545016435924,75.5847122800977,0,3
9.556687287202974e-05,1.0613973813002606,0,1
0.12238454033092562,335.7962533793616,0,3
0.00036732719220924914,17.42026511595355,0,2
0.002138340888508048,47.76166912846184,0,3
0.0004562594323512617,9.377222481509326,0,2
0.0006457805572078432,8.266285697822823,0,2
0.00053086299309597,6.902825631840755,0,2
0.00029015704086671873,16.14486966271262,0,2
0.0019293477031669577,98.87539816156807,0,3
0.001596751810877132,81.83049162498163,0,3
0.00029089961700014526,7.059395245118907,0,2
0.07146307034019919,350.8375327615291,0,3
0.006560783881213696,94.65872757562911,0,3
0.00015255087874302498,8.488210545853116,0,1
0.0002664569278351018,21.087778665120066,0,2
0.0011287635553624818,14.67734256027761,0,2
0.0011436915803039738,90.51337153274197,0,3
0.0007871633539561942,20.26157134269612,0,2
0.0008138534348286475,50.1157550544755,0,2
0.0005155881533836169,37.16352535988172,0,2
0.002287064009140712,105.64619841914656,0,3
0.00023025760221740327,11.312415730964009,0,2
0.0012608471809606107,30.59756037454827,0,2
0.00010788738071622526,6.606035370922561,0,1
0.0068610685815348495,89.21465742079731,0,3
0.002264604571140825,28.449515449916856,0,2
0.0008096516143301697,20.15723530611491,0,2
0.0006169202581548864,24.287889892566223,0,2
0.0034213368705837454,85.17823115674058,0,3
0.0010380882891564151,24.301008316276583,0,2
0.0030910482153288124,164.3015883212735,0,3
0.0028812168122114104,147.6568785551635,0,3
0.0014640774088553977,28.80287344119107,0,2
0.0034086380329677118,167.46431012036194,0,3
0.001174703496477211,22.138336345290526,0,2
6.945218077807205e-05,3.453158469725736,0,1
0.0009200507536614092,16.98116082826207,0,2
0.0005324562750905396,26.310601249177378,0,2
0.0009428912789385528,17.40272304272649,0,2
0.0006641699273271344,13.557179044493315,0,2
5.8830303583218315e-05,3.0149411022224997,0,1
0.0006437668749747955,50.94862228467125,0,2
0.0021019126933312484,38.794509270690604,0,3
0.0016041869310854876,30.23233517870004,0,2
0.0030314772100392367,37.854645480719405,0,3
0.006985868024061616,100.79182459621217,0,3
0.003181866890704346,41.3399499189711,0,3
0.004839664387336993,98.78826775315382,0,3
0.00458185421522482,146.5987486825167,0,3
0.004848480964121464,135.1002715942643,0,3
0.0012098454330544512,27.02293052556473,0,2
0.0008090710955997628,39.97914565837491,0,2
0.0019859873422289932,25.421543866395766,0,2
0.00017770438765901415,4.951635618224076,0,1
0.00047816169068317873,11.904401279363219,0,2
0.00047018851975425826,26.48262825670429,0,2
0.0010891856819309309,11.865434665030623,0,2
0.004928592952271645,57.77451215638884,0,3
0.0016883252829307826,24.359089692560847,0,2
0.0008560674462166543,12.603206486025963,0,2
0.005897992874518163,111.15294234653967,0,3
0.000960042898081025,11.429986313298246,0,2
0.0001766870955603386,9.030824339383761,0,2
0.001512609453934507,16.222663904610748,0,2
0.0023832144163583886,30.98900050174918,0,2
0.00044094157201749785,10.322170975743225,0,2
0.0008496123541640818,43.08702185177715,0,2
0.0007336208734848356,40.82001025678573,0,2
0.0007823456129691137,45.10053251203632,0,2
0.0027847286347039393,29.866081154550017,0,2
0.0018565598881277814,146.93077908489337,0,3
0.000665773777808083,13.589917184592977,0,2
0.001188281278394169,17.144474783998792,0,2
0.000726959713239757,17.017679730683827,0,2
0.005864890155726106,120.53751861400941,0,3
0.00038670308321625226,19.61116044867496,0,2
4.649898819153586e-05,2.920891438218782,0,1
0.0006891664881546961,42.19824567971673,0,2
0.0012489432854541167,24.570528285306843,0,2
0.0007858185178899833,36.32149245255703,0,2
0.0007824686840615612,39.68191507956901,0,2
0.10053539921532122,481.1417391707333,0,3
0.0016496741359617437,20.599801762895535,0,2
0.0007318772901615321,16.224566723922692,0,2
0.006296612385390867,81.87501847540629,0,3
0.000946214926130351,23.557140600462965,0,2
0.003782275303990493,42.85094098993431,0,3
0.0017565261447553097,33.10330369195757,0,2
0.0013112143277997147,16.373388315017404,0,2
0.002249664348330707,49.20793440299348,0,3
0.0007139127341695175,14.572539889347821,0,2
0.001168998626385164,14.685762320758021,0,2
0.0017395711066643886,34.22267574388599,0,2
0.0010603288514865724,13.776170758793702,0,2
0.0006684176738740613,37.64757333222289,0,2
0.001765058149182173,18.93016406303414,0,2
0.0025471846453280736,128.30525966002537,0,3
0.0015995789738818098,23.07866149317086,0,2
0.000656472949353702,32.43871620891251,0,2
0.004167557805149919,54.14639796926796,0,3
0.0030069380288099555,173.34347388406167,0,3
0.002557040781305568,52.194865003509754,0,3
0.00026897186069772843,4.9643505063264275,0,1
0.0008744503573455027,19.531595201334493,0,2
5.8929464639319456e-05,2.895168699679698,0,1
0.00416178960702414,78.43264142393085,0,3
0.0034935619831304634,89.92422602700076,0,3
0.0021512828486765292,22.28547093779734,0,2
0.0003308584860366533,6.2353236102035705,0,2
0.0008589703642680969,42.200690737688376,0,2
0.003530635856772934,66.5379854102601,0,3
0.0010730693603179168,11.11609106088376,0,2
0.0021439273771429756,25.52496417236291,0,2
0.0070581633153262635,76.89063220574954,0,3
0.0009566345603232791,23.215092326708703,0,2
0.005745049283867355,84.57983388688663,0,3
0.0033635712376504953,93.72407380701715,0,3
0.0008097616626998902,40.01326909058381,0,2
0.0024053307497850954,123.26862348599883,0,3
0.00120450629257058,33.56290938697581,0,2
0.00047717813007941044,13.296307740429139,0,2
0.006491062605599972,72.09189381623352,0,3
0.004681754361833004,130.45452596427376,0,3
0.0009244365622138397,45.417005162732146,0,2
0.0007462500291016933,37.845131551117134,0,2
0.0063836601034005635,68.46444868460013,0,3
0.11779849229256864,478.3586537179845,0,3
0.0007703715596776545,15.15556103924556,0,2
0.0010648782734892157,25.841892464562594,0,2
0.0030654895889860078,172.65887574699434,0,3
0.0027730103057059907,137.02452544273916,0,3
0.001297580880546565,26.48649931061457,0,2
0.0013428407268884488,25.79090125437616,0,2
0.0005630299175765417,28.85421180737684,0,2
0.004891445013863996,58.23609514998762,0,3
0.0007220926523880517,44.46527709419247,0,2
0.00021115122489760054,4.3100641020003225,0,1
0.00643178143846759,75.395358980236,0,3
0.00036363364984720863,17.865099702356364,0,2
0.003936453210244934,101.32423868019833,0,3
0.0003270100838888749,16.158757674885553,0,2
0.000734345448410106,14.104003972556713,0,2
0.002746938393913098,50.69959724149374,0,3
0.0002887658602491611,5.329683710478253,0,1
0.0015009429044706172,18.7425659501498,0,2
0.0019418961909085707,28.589007532771056,0,2
0.0031026571863411396,36.93931723844977,0,3
0.0009886744547982025,12.34577019358331,0,2
0.000691981803111847,36.781603333418396,0,2
0.001098913573383564,55.353816471653694,0,3
0.002175402281080943,27.84614148320188,0,2
0.002053465881502393,29.62732365252451,0,2
0.006335337108212348,121.67791049180994,0,3
0.0004716251850290632,21.785751372899856,0,2
0.002520416128331164,140.24057374639705,0,3
0.000238283416658548,11.007010304779062,0,2
0.003102841150312467,153.32266716460126,0,3
0.0017549149897747973,22.800481692457716,0,2
0.0016883541936968114,18.10751781634003,0,2
0.0009248499435364247,46.90260155877269,0,2
0.0007253767186893781,8.21808897285623,0,2
0.0012483025938218762,12.931359162421963,0,2
0.0009605568829928193,11.436105665380113,0,2
0.0007566526656963479,43.61938967107664,0,2
0.000684518038482788,34.03419785794813,0,2
0.0012030261704578716,22.67210242725267,0,2
0.00844612096510848,88.6903454085253,0,3
0.0010730995752727282,21.904338748201777,0,2
0.0013028535043816375,33.53542704374832,0,2
0.005080776529117254,60.49022007747405,0,3
0.00032559619168559355,23.46893008960465,0,2
0.0002682112969150931,8.58155643180766,0,2
0.0009139715111162207,43.344534163981635,0,2
0.000696694972548351,19.413024554732022,0,2
0.0005138315499392721,9.86876440408088,0,2
0.0024418139177339237,25.64080252719712,0,2
0.0002502763636116476,4.806864173064775,0,1
0.006605097174730471,82.4791329742133,0,3
0.00047071863024493725,4.876246915024164,0,1
0.006151472418589778,72.10948874641771,0,3
0.0008855444370176456,45.38246717072148,0,2
0.0020708765177166097,22.559835690046054,0,2
0.0015138390402965637,19.017884055541014,0,2
0.0017464764179829359,39.00904166620591,0,2
0.002380889957046753,26.97407429472354,0,2
0.0017270552018890824,88.2731820522398,0,3
0.002412139138122713,46.32808722393394,0,3
0.0002653139780409143,16.666025585488676,0,2
0.0014790949594801852,106.61296749271224,0,3
0.0008592281426812386,43.280525483741854,0,2
0.0015526229318813948,16.303657582766995,0,2
0.0006391329096435194,36.84462990914466,0,2
0.0017751385154276239,36.234508206775224,0,2
0.000626067182255629,12.31665327743132,0,2
0.004192653534744139,101.74505808163016,0,3
0.0007599288822674399,24.314309883088214,0,2
0.0005312912679534703,20.91671272966379,0,2
0.0011290555057897036,16.62219459055432,0,2
0.03785607575995858,169.15206859816155,0,3
0.0006198392958280258,15.954652932337817,0,2
0.003906821438028201,94.80863868972064,0,3
0.0011479297621014766,36.72859475543968,0,2
0.0012247004404840587,31.523768508258115,0,2
0.0005152521434833169,25.31402393329124,0,2
0.0015773662603366777,16.563480329365255,0,2
0.002387148977799756,29.989002314410758,0,2
0.0008860454064575936,42.02015590632185,0,2
0.003222272365182726,148.93736750608502,0,3
0.0006032208145977728,13.473451830368262,0,2
0.0002383088759388772,2.646737402413874,0,1
0.00029892926755885953,3.0966544026222964,0,1
0.0004584748579367111,26.43008395976293,0,2
0.0038988592629629953,91.26989713972176,0,3
0.0021837973454172386,22.622293625998456,0,2
0.0032890957962391776,91.64885634484136,0,3
0.0013131542439736856,30.74013312421657,0,2
0.0022491590211272824,26.365347365088667,0,2
0.0007594307822377105,37.52623721902732,0,2
0.0018455906343959035,20.49774160679297,0,2
0.00018876078193369051,9.327356812718115,0,2
0.0004297427113106066,5.037578826080686,0,1
0.0024449261885036285,27.699566902964218,0,2
0.007315641598134905,105.54978454048491,0,3
0.004360775476821707,56.70327961750698,0,3
0.003553100493914334,45.48130702906605,0,3
0.0023021092731501515,26.986046824103454,0,2
0.009150841242718642,96.09041522706528,0,3
0.0010618602397124007,25.768652446190053,0,2
0.0004927189236791783,30.340820389864774,0,2
0.0010387464315775219,13.049444936350886,0,2
0.0017530603638270387,38.862586975063024,0,2
0.002499040931501758,26.802094228728613,0,2
0.0004510810990957577,28.335216991473153,0,2
0.005149207903887236,132.54052386792384,0,3
0.0008628406061748836,19.272281498334703,0,2
0.0030005858784620263,35.17380862860477,0,3
0.003728024644786765,146.77075504079403,0,3
0.0008009003339350004,14.782029495477268,0,2
0.0004894163842481598,15.659125355209826,0,2
0.0013152946876331326,14.32863417163655,0,2
0.0027792822932597903,35.57608109218961,0,3
0.0028661744765185685,30.09689363598478,0,2
0.0008751611657708365,53.58685675710827,0,2
0.00021671649579732636,13.269733931766718,0,2
0.0015270315705763306,33.85188465252689,0,2
0.0017069690059474685,19.338948719129423,0,2
0.0017820807389772788,21.216925302418748,0,2
0.0017996679756490947,113.04836913992948,0,3
0.0008553006630162737,10.948238622418428,0,2
0.0002874356481467826,5.4169814556464155,0,1
0.00046620605133054966,23.82870657402443,0,2
0.0010943676196524198,22.338466632826233,0,2
0.03306838010441689,109.26739472563172,0,3
0.004857144753462061,60.652111149620936,0,3
0.006958354481616501,78.83403859158716,0,3
0.0003125190107911095,6.379205094626564,0,2
0.00213106714901826,51.715589913619915,0,3
0.08754033568304204,310.23022747397107,0,3
0.0006405826922418469,8.32267889445733,0,2
0.008733461821084781,98.94495430787627,0,3
0.0011965832711618367,38.285288445859145,0,2
0.0023844859539690947,48.67263884881673,0,3
0.0006486919739326868,7.723134454114016,0,2
0.0009100883478367633,29.11873811700096,0,2
0.006345625616444751,79.71810015533471,0,3
0.0012931933604034458,16.801629543588554,0,2
0.0022656496129823053,25.16305591984254,0,2
0.006845747941692507,80.24800414783546,0,3
0.0003644943183212139,16.847372937268172,0,2
0.00023082208870268072,11.476461094150439,0,2
0.0008127902383208109,46.85559931720442,0,2
0.0012003980058865483,14.071441860832103,0,2
0.0007957720004296537,9.328288937179593,0,2
0.002237990262880835,112.7307053778781,0,3
0.0008085114483990689,41.32460745770344,0,2
0.0006104135251752692,19.53049022647429,0,2
0.0009042855802254931,71.56644160386044,0,3
0.06050606607877696,199.57634477830604,0,3
0.0006784196828376888,15.039495772021008,0,2
0.0028968976306927028,59.13209592448968,0,3
0.001913683387300496,28.17365265507574,0,2
0.0004746323656383047,23.45331156091594,0,2
0.0008075473589440956,16.597029479807347,0,2
0.002454652049198849,27.262179652061285,0,2
0.0006483504892380705,36.51732074513007,0,2
7.979736173344278e-05,5.012569944953925,0,1
0.06296182855300557,235.31316880603987,0,3
0.0003603694503611442,22.637052613266917,0,2
0.0008497598647738588,39.25290194053457,0,2
0.0019659013658025405,28.363946320334307,0,2
0.0008763516328057321,44.792052471641966,0,2
0.03662093417008198,162.4247375596368,0,3
0.007279900182536647,82.47696110469963,0,3
0.0006569172428784222,30.34493530076909,0,2
0.001675093913919503,85.61733860983539,0,3
0.00139198990653748,20.083574727747532,0,2
0.0016596909654183255,102.20103808561448,0,3
0.0009958988519676393,78.81684568598457,0,3
0.0005039890215610364,9.49812314946877,0,2
0.0002455303654141807,12.207755773919828,0,2
0.0005819643297153965,8.567802276934835,0,2
0.0020091450283001317,92.80830508647922,0,3
0.0008741929138120763,16.134773440806285,0,2
0.00030933212632549385,6.909197101248898,0,2
0.0011074878845411002,11.877754487521889,0,2
0.0017129113175413106,87.55026035489567,0,3
0.00274240126766678,29.875331274195723,0,2
0.00010102287906554588,4.790947616794515,0,1
0.0012203183397515589,22.523129193180463,0,2
0.0027524132910502,136.00675203131712,0,3
0.002937668192927514,73.13672691818006,0,3
0.0003943700145768588,7.2787948020509186,0,2
0.0008841824670303856,43.961501865078326,0,2
0.00033560122405944297,18.673467322736258,0,2
0.00198586455618515,51.11611990046498,0,3
0.0004316137876858264,21.740991256149933,0,2
0.007405204860030595,92.47023324477848,0,3
0.0013188717137494054,33.9477354804357,0,2
0.0005956833201604972,7.48338232472374,0,2
0.007726424901695659,97.06464758334351,0,3
0.0023781427044799615,188.20958191478843,0,3
0.004668717805539713,116.23325603070523,0,3
0.00039858401504878443,22.177945271916442,0,2
0.002229319436203075,110.8416353036877,0,3
0.006804827355639116,75.57666917852696,0,3
0.0008795555766193684,54.161584811563706,0,2
0.0006737173726850494,37.94607052555558,0,2
0.001796422327610094,23.358927350199057,0,2
0.000369734548527151,18.62404727551594,0,2
0.0002931055412720805,6.861420430614595,0,2
0.0021906331059788585,31.606366884111793,0,2
0.004298332915579166,137.52734095095175,0,3
0.0011907481273583348,58.50073012931886,0,3
0.0009422743163330958,20.888737392317157,0,2
0.0009163760652296603,45.56216573261051,0,2
0.0008979037247608782,17.24534104271928,0,2
0.08053912249373928,345.99031678332574,0,3
0.0023549672687752515,26.68038557665201,0,2
0.0038990195639775397,46.42057176885043,0,3
0.0001430215176003353,3.1945076851819207,0,1
0.0005859460466485166,32.603112177682476,0,2
0.00033732547402757503,10.792899570409581,0,2
0.00037100870351228823,17.148475783744722,0,2
0.008287661671721491,88.88477425930695,0,3
0.002441913740150983,153.39183095975707,0,3
0.005158040834531412,74.42000697172122,0,3
0.023391224606473873,90.69956604354398,0,3
0.0023672100807209636,24.522294448646054,0,2
0.00033758121243118624,20.787695461107457,0,2
0.0004988486870145956,25.298483682332613,0,2
0.006952089062606978,86.81208816079729,0,3
0.006124434432554404,125.01326954465335,0,3
0.0007734513177669415,38.9598266236779,0,2
0.0007053782306816078,36.05326622133258,0,2
0.00046622543133421245,10.4135429997766,0,2
0.0008042004507024915,38.13870945232457,0,2
0.00224771890185279,106.59668003590191,0,3
0.0058230247458674915,129.0872866181274,0,3
0.0005646312688534586,15.73314164522836,0,2
0.0014266081247731525,102.82972344434985,0,3
0.0011225236179641382,13.158573864780427,0,2
0.0020414178788066345,21.894108919259303,0,2
0.0008128048346450177,38.54676704407747,0,2
0.004944085853333662,108.1442449555354,0,3
0.0009258085172262151,25.797148229952583,0,2
0.0010940679160860991,55.48427818485568,0,3
0.005401601009414705,55.956018236720624,0,3
0.0007986927167997456,40.93148179184659,0,2
0.0007539277456373062,9.795298269145931,0,2
0.0018174109609164091,26.756309577737987,0,2
0.0012959518020622164,65.27890813704798,0,3
0.00015617295005631034,7.717073508318731,0,1
0.002525099452507178,127.19279755221386,0,3
0.000767442208967802,38.91986629632479,0,2
0.0013767169282326095,15.597388109030009,0,2
0.0017591851890481458,18.223670787341824,0,2
0.0001201533535620582,6.926580962331972,0,1
0.002851368805246793,66.74878984077762,0,3
0.0012859613142235373,14.282312796799529,0,2
0.0007287314455273936,37.24689488087528,0,2
0.0008380255642424926,42.94721537130772,0,2
6.138196643478929e-05,3.779800468932855,0,1
0.00027738737667039125,14.177813409227223,0,2
0.0022809151931968436,56.78608360535212,0,3
0.004360697684921609,85.78823959334598,0,3
0.005733247506043406,108.0481687678788,0,3
0.0009608530017095479,12.493997161020314,0,2
0.0014965611178915956,33.17640271130899,0,2
0.0017731863665657835,32.72728460827541,0,2
0.0003756204885428817,23.595065434223173,0,2
0.0012547508539123141,13.935679074799785,0,2
0.005420419123316854,68.09502177951673,0,3
0.00046948206850399963,23.198816646394672,0,2
0.0007572779668083429,43.655436927767084,0,2
0.00043072143221543956,22.015018024998145,0,2
0.0009220124549783533,10.977207124971272,0,2
0.00020694641688013887,12.743419753398262,0,2
0.00017114544897974665,10.750712995214096,0,2
0.0014100755035094145,28.782763688599477,0,2
0.05106820081547032,325.3092312057789,0,3
0.007063389096809844,75.75450956423784,0,3
0.0019036708584592684,35.13560625098857,0,2
0.002686940780819146,27.83443410026981,0,2
0.0008628583496594452,24.043076223048033,0,2
0.0004933558448289092,28.44089741267303,0,2
0.0006788708646812415,15.049497762824311,0,2
0.0008899436535982657,47.30406826963005,0,2
0.0007151774293687782,13.73585868440896,0,2
0.0007384085122264805,14.182040090750087,0,2
0.003000579427385858,153.365505495202,0,3
0.0015166407919961057,30.95799721920551,0,2
0.007739788889658604,100.55809877422872,0,3
0.0018217560362434441,20.233026655857618,0,2
0.001878264211389208,104.51006391034191,0,3
0.0005711192391982132,26.38167371974688,0,2
0.2164639724079912,535.5796847699962,0,3
0.0006939277683265664,43.589930793726076,0,2
0.0024134955643849913,27.3434765311281,0,2
0.0018937018124788652,106.65977373317342,0,3
0.0003738792280703299,23.48568600460988,0,2
0.09157375094872451,237.50341381773487,0,3
0.0017459701169374399,22.34921390149699,0,2
0.00010993794017786808,6.337684474871581,0,1
0.00032035150655507325,23.090893884595758,0,2
0.0005825124880631549,6.4695768609363755,0,2
0.00026961785538431795,13.405384402322447,0,2
0.0009120040510533034,10.85805003302263,0,2
0.0009768991750087515,61.36512959233501,0,3
0.0012116811019742466,26.50365341280265,0,2
0.00027919514673280563,15.534929778021782,0,2
0.0012705085276987396,50.019383899962776,0,3
0.000867234779332901,53.40289039256865,0,2
0.001322029409086866,70.27115612213143,0,3
0.0045932677998149875,114.35483882962397,0,3
0.00046385851096712933,25.809937884444572,0,2
0.005741672059524094,108.20693700094668,0,3
0.0007936963307288154,38.9938172328733,0,2
0.0005009954065275517,30.676371547993313,0,2
0.0015750987752970107,32.372046688871244,0,2
0.0032428407778649286,149.8880646823283,0,3
0.00034312402376002427,21.12901266022661,0,2
0.0019554206243319627,23.28065862216204,0,2
0.002722215005409694,29.195625476212125,0,2
0.003684686262030143,39.518083578922074,0,3
0.0009554855848860194,47.21401812571058,0,2
0.003842082620385571,75.58549759474856,0,3
5.812384938294471e-05,3.3507142052877987,0,1
0.00185150289976214,146.5305618631714,0,3
0.0015845112644964504,19.786100314091826,0,2
0.00014228731790836242,3.4529520039983908,0,1
0.0024965198504231225,29.26498857659914,0,2
0.0008912444411858572,28.515817769571825,0,2
0.0006081890186659123,12.414484727019651,0,2
0.0015967064868598851,20.76201695609678,0,2
0.0019815797348299033,20.80801256134281,0,2
0.0015614161550826986,36.55179175623665,0,2
0.0008439146394063849,47.53216366803379,0,2
0.0017151025327357715,35.2494587239167,0,2
0.0007219881511693148,8.595777024884883,0,2
0.11061281292963292,737.0916501023643,0,3
0.001773687296444793,22.70400644207185,0,2
0.005227458898281731,96.48198202283048,0,3
0.0020655484481293777,95.47217412306593,0,3
0.001093494148764756,27.223831179224355,0,2
0.0008435853953946401,41.943017777256884,0,2
0.0008992856034088513,16.597903323544585,0,2
0.000490608732658894,26.077818398432395,0,2
0.0020574348221396254,103.63587483631464,0,3
0.002917871419442559,54.989892419361524,0,3
0.00017410862737810793,3.808357420685639,0,1
0.004581835158262247,101.57206849092636,0,3
0.0014596489901410963,71.7116657115517,0,3
0.0016564835036424334,38.77725990965726,0,2
0.0005453617660871147,21.470662295893977,0,2
0.005712756021925338,62.233955568756535,0,3
0.0009978294890021016,10.336669625620726,0,2
0.0016146987059745064,18.928004588861764,0,2
0.0016508099301410376,36.1089185657704,0,2
0.0010055509909573997,49.99593795709809,0,2
0.0008476290088820416,67.08256030220905,0,3
0.0013799529001373343,44.15229269598593,0,2
0.01320133521851694,97.72121564235903,0,3
0.00046706174654917345,26.30651767774638,0,2
0.0006180051515377624,7.001632655370194,0,2
0.0011234564530944776,23.089716862760067,0,2
0.0026954075424049143,151.8145870152964,0,3
0.0005306699679602006,33.33469019906405,0,2
0.00018522539173868534,8.78419975087541,0,2
0.0016456844374456146,64.7899009413852,0,3
0.0019393045516360214,95.27685125611589,0,3
0.00039314237829413286,18.64453436460795,0,2
0.0006584901848869269,8.562365404384678,0,2
0.0007113943963007633,22.76142439689759,0,2
0.0008268605786079325,39.213352016355955,0,2
0.002029402619416579,107.87087437198954,0,3
0.000721592481018772,8.591066293297446,0,2
0.0002504727700177803,14.439213463081908,0,2
0.002041290812055018,161.55064604812537,0,3
0.0021608399097552164,22.384474008012333,0,2
0.0007627362895962432,38.984949222082356,0,2
0.0026727504550131736,132.07032154603007,0,3
0.002055901221512531,30.267413769916754,0,2
0.0004095587456773116,23.06775166846491,0,2
0.0010515522881501909,13.210320887524135,0,2
0.00025807142554903337,13.190537224897538,0,2
0.003104352122730021,40.332850396548935,0,3
0.0006466734813382425,51.17865522904615,0,2
0.0013677888408497975,77.03855343985269,0,3
0.0018249572217810457,35.05053917263677,0,2
0.001103594398078281,15.922615860097064,0,2
0.002049166833606257,101.88445817071639,0,3
0.0011189765407489099,24.993296246160746,0,2
0.007353171416857843,95.53502662432975,0,3
0.00061020034789432,31.188537771750234,0,2
0.0008369133343527011,18.693173749504826,0,2
0.0031323198665924594,176.4229859363903,0,3
0.0004941140456747482,24.41597223200253,0,2
0.0034700822170830145,86.39180425666795,0,3
0.000546104156789256,6.501754296826924,0,2
0.0012862853649675248,71.57127569409744,0,3
0.0010102858751856508,46.66806945644941,0,2
0.025050891087026485,162.4324193234461,0,3
0.0031800287579462124,158.11084859325857,0,3
3.701029711553714e-05,1.7106611727074075,0,1
0.00037296599053367397,9.285429806232344,0,2
0.0004507179024583687,27.59783754301699,0,2
0.0009130950908613391,50.80628471942055,0,2
0.0024080718968550324,28.669790566138015,0,2
0.0027782127313426483,137.28159621616805,0,3
0.00041237381386829725,19.55657331344646,0,2
0.002445197766604306,31.299646762087434,0,2
0.0010766086097373248,13.987683186527626,0,2
0.0011800447391346462,12.655923275892937,0,2
0.0375688224843551,239.8610239160393,0,3
0.0018449334084495962,102.65547693355795,0,3
0.0003481540793256846,21.31776809565797,0,2
0.0008908540597098242,19.486057182427864,0,2
0.0003260057092647274,16.109127871506402,0,2
0.0016677866410309535,88.64953731342499,0,3
0.0010628640867901156,41.84450999863281,0,2
0.0046350514840433595,57.87878930189047,0,3
0.0017208739513782656,85.03464125220572,0,3
0.0003424428087483152,21.510968454462358,0,2
0.0002877944576252115,3.0220488149391986,0,1
0.0037149184644073726,146.25477025708983,0,3
0.0009796736290131167,52.07357571619072,0,2
0.0012759027206289254,24.505274839392104,0,2
0.00014678061167585474,3.2784702602898537,0,1
0.0022106660045615165,45.124588750994974,0,3
0.0006141239751259666,38.576956848210315,0,2
0.0005096512418199247,9.788476465414636,0,2
0.0011726324523033088,32.67476225208429,0,2
0.002299186734203186,144.42625760236936,0,3
0.0002510297379388832,11.602901337062953,0,2
0.00022078050664606547,3.185412324350663,0,1
0.0026599669923069716,38.377897434776045,0,3
0.0004952981639283554,9.51280802076179,0,2
0.006371306240721579,82.84626466476844,0,3
0.0008301763375571694,42.43194247670153,0,2
0.0018983846609574864,35.03804014434664,0,2
0.0009461640200924662,37.25007768272071,0,2
0.0009995518265042192,14.715613960782333,0,2
0.00026581129105088155,7.406686316711813,0,2
0.0005272209040849132,10.835650430346766,0,2
0.0010329275154203985,12.297728973864976,0,2
0.0013163522583410062,13.822645561654786,0,2
0.005582497133123417,122.1085060691259,0,3
0.0033084170795091936,164.49430862363184,0,3
0.0010572369830645569,54.18138341785304,0,3
5.6605565665423225e-05,3.5557485987998785,0,1
0.00042396125003164387,10.288463296899288,0,2
0.0011727405707520253,22.52391936856916,0,2
0.007295446189932383,93.38503896713728,0,3
0.0005177876603561298,25.43859233269223,0,2
0.0008680261754844775,43.72369472370544,0,2
0.0005866353206838701,30.063943794602498,0,2
0.00010900591878445603,5.490780866542907,0,1
0.001440480430419179,17.149933234416377,0,2
0.0019214894606363001,98.21109874466048,0,3
0.002474671862137024,28.036567782891087,0,2
0.001855231947191709,23.74781516731076,0,2
0.00025727505252268705,12.639766606247859,0,2
0.002111294385026166,22.170109691845465,0,2
0.0008682886012135292,53.46778300956882,0,2
0.00037834196582799785,3.9193027960949176,0,1
0.0007570253643268422,37.192194992389545,0,2
0.045402351233135865,225.07928149458013,0,3
0.0029263350396226094,33.15364430699852,0,3
0.00015922623624117888,8.96816712005893,0,2
0.0006606289643571695,33.50296695153405,0,2
0.0012907083810576169,26.52714396621618,0,2
0.0008926053923950699,43.853159180123264,0,2
0.0011405640359768718,12.232494626560955,0,2
0.00161773377242476,93.25885310734459,0,3
0.007661021809733267,99.53472876812008,0,3
0.0010107637003854589,51.25960967027162,0,2
0.005798741326210018,111.37193112283113,0,3
0.0012745850237149213,26.01710294754411,0,2
0.0020122980011889184,22.349248904667057,0,2
0.0648994817153921,436.300678200953,0,3
0.001637885234222032,129.6245572549624,0,3
0.0016769365748754259,24.194773867993405,0,2
0.0015733299809591432,72.7212349006896,0,3
0.0024429591625860754,140.831312033113,0,3
0.0019716109243522635,43.12594503519663,0,3
0.0033327243558081364,82.97211771265604,0,3
0.000411805737039746,7.909233677018174,0,2
0.0014360609429647537,15.079672856378599,0,2
0.0028304791627324745,62.74726467641888,0,3
0.003659732103952765,41.462599049834324,0,3
0.00013589402724617185,6.845172564951968,0,1
0.003421384914134777,158.04380990751653,0,3
0.0006016245071974906,34.68235163219285,0,2
0.0022707961347617567,24.354179721875646,0,2
0.0003102298742510322,14.339204001481848,0,2
0.0008204606003201308,21.118641897781654,0,2
0.002682489420972613,49.510077673835795,0,3
0.0017519718092119808,36.007210528559995,0,2
0.0010304757242569965,40.56939385095166,0,2
0.002563040602577958,33.2999379893631,0,3
0.0003107070472537753,16.51532354404825,0,2
0.004204431184407139,79.23626002660764,0,3
0.002823759861234696,36.68729562122021,0,3
0.0010546045108793267,10.924810836719997,0,2
0.000510772315129137,36.816400380525785,0,2
0.0044916686358069825,125.15789112083641,0,3
0.00311182062341896,44.89722356194243,0,3
0.0005261397937783997,26.963663166101068,0,2
0.0004095836276397924,20.99038146253693,0,2
0.0005378256963939995,26.57592388591435,0,2
0.005649211123503266,115.31290940812832,0,3
0.0013395243015519051,33.349043053510336,0,2
0.0007484113279071616,17.519848835061048,0,2
0.0010363888578447543,47.9031598532431,0,2
0.0005839351359202153,13.042689733985206,0,2
0.0013048840254675992,60.31333469939826,0,3
0.0010551064417119655,26.26812377343419,0,2
0.0006243157417312187,11.990748660008473,0,2
0.0018558772988042417,23.756075962321077,0,2
0.00900001278094737,99.95712646324581,0,3
0.0015839550637622983,35.1137888347849,0,2
0.03680275350265369,234.79146576584674,0,3
0.0005634037054037287,26.719072596870532,0,2
0.00026462115374334595,13.41992895689469,0,2
0.0009130002271549128,43.29847162228116,0,2
0.0008770695089387006,19.590096187993773,0,2
0.00040536868333485205,24.82106658440371,0,2
0.00036606820601718925,18.710464701965847,0,2
0.0007260551206763156,41.855507377767296,0,2
0.00015177382500169737,7.7574581695391895,0,1
0.002806905557901481,29.47452735851201,0,2
0.000777831105107378,44.840280897891844,0,2
0.003194216836714592,163.6975341594035,0,3
0.0014704638128500472,116.3745888402657,0,3
0.002680209830482243,132.43891641985553,0,3
0.0006899745484924669,8.615846372654643,0,2
0.0015115533348186152,84.10559849242071,0,3
0.0011928786373461898,85.98253315043087,0,3
0.00014997883944214898,2.950541757683516,0,1
0.0006146356740314763,11.583358117455937,0,2
0.00023876920949290656,12.2364675991692,0,2
0.0011340170397739573,26.5466413620181,0,2
0.0012402476283967755,17.894243204519682,0,2
0.00018016740254963884,2.34079917679537,0,1
0.0005163240990202782,12.529875175333197,0,2
0.002148795965731975,27.91792386694816,0,2
0.012583747342745366,113.61415500113718,0,3
0.0005474107818017523,11.17386631707139,0,2
0.001425611145484879,28.04612457742522,0,2
0.003581453433876497,52.72691695813967,0,3
0.00040127776766024615,8.895696045977148,0,2
0.0004469798519312904,12.454849228024852,0,2
0.0003710563703363605,29.365926694082354,0,2
0.0005777488193892208,26.68791348457006,0,2
0.0006632531404437962,26.111995890971844,0,2
0.01150853013770738,78.17133884012411,0,3
0.0005702970160223897,28.18044989630251,0,2
0.0008527635367913969,42.13814809965658,0,2
0.0032773046324175666,39.018617988756006,0,3
0.00672129958257235,74.64898203198169,0,3
0.0017895796392941655,19.49542730884018,0,2
0.0012728686293235962,13.366036179300204,0,2
9.735954152960859e-05,1.1591338568065734,0,1
0.0012553265030711904,24.696105668073702,0,2
0.0009351719487288662,47.42606906851536,0,2
0.002557047770879753,126.35303107898407,0,3
0.061214985172314725,326.26855677300836,0,3
0.007501310379750283,87.93271262622257,0,3
0.0007659042928339185,39.14687208722037,0,2
0.0013027814644800218,24.552080019818344,0,2
0.001238789454409668,27.669419950447555,0,2
0.0004677646948988105,37.01956047278301,0,2
0.0008069001775953005,42.88997503765006,0,2
0.0005182281186260118,28.835162523638093,0,2
0.0012176358398718432,12.786052161241637,0,2
0.0001789463741606655,14.162069501758925,0,2
0.001115394692494261,24.397536860301546,0,2
0.0001544896951002339,11.135596626918876,0,2
0.027178011671980706,111.40533586262244,0,3
0.002688458234931364,28.833585730558955,0,2
0.0008506543046716517,52.08628096986837,0,2
0.0010095350203803363,19.025588925675923,0,2
0.0001431254327050468,7.963761449799685,0,1
0.0012750463809240893,18.771503213987987,0,2
0.00039706131137126247,7.62604891887527,0,2
0.005279226469024934,123.58344436342263,0,3
0.004571708934044899,89.93947522228537,0,3
0.00045989324079383687,22.594274767128642,0,2
0.001797373411670892,34.52075830694998,0,2
0.004015383229514509,87.83030886694034,0,3
0.005182109085307505,67.32781018813623,0,3
0.002339928243511071,30.401182614939856,0,2
0.009025330605545447,94.77246325724151,0,3
0.0015538500645583988,17.60420172306022,0,2
0.0017451822821573692,32.8895184717713,0,2
0.00040953353774071454,4.39222756617882,0,1
0.00046374633230855704,8.739713735704264,0,2
0.00250327311137663,115.63353135934848,0,3
4.626766732639768e-05,2.6672309525594025,0,1
0.0009637819785885744,23.99449316515614,0,2
0.0015387755966227883,36.021790209001665,0,2
0.003908361626421022,50.028811573535016,0,3
0.00048075228941244207,22.799380264490786,0,2
0.0001154081373246353,5.669931483607638,0,1
0.0012613732865459023,77.67329098279555,0,3
0.006892765738497963,82.06322676755391,0,3
0.00019214664906982293,7.564732385010684,0,1
0.0010560527843257038,58.76071285037315,0,3
0.00040105079976097155,22.588555006988923,0,2
0.007684760839321607,98.36844406083273,0,3
0.0027572889629927104,146.56094778263704,0,3
0.0030999529493788785,45.638164715469735,0,3
0.0036860344224352594,47.92960372439003,0,3
0.002276202239444178,24.796625042518663,0,2
0.0015415978644627,75.73776398619287,0,3
0.06814436402137186,173.9231393631817,0,3
0.005393152974871644,103.58210995503588,0,3
0.0013184875412847947,28.83987937616051,0,2
0.0006882005443863746,15.053324407882238,0,2
0.0007116356806591779,36.469974362659386,0,2
0.000831279428965068,38.42275133219472,0,2
0.0009930927310724995,39.09764120493682,0,2
0.0024703901480312143,46.5567082801886,0,3
0.0012968673927889224,18.71115090183604,0,2
0.0013888077571352724,85.52049594654711,0,3
0.0004899395133853962,19.2887116249219,0,2
0.009005395245187455,94.5631276340249,0,3
0.0011573380045711492,37.029616243371954,0,2
0.00284166010466,58.00457569271116,0,3
0.0007179581601678733,33.184903768633305,0,2
0.0062642734039618266,115.61822401813686,0,3
0.003932796221148456,44.556253908875355,0,3
0.0007003831114829012,16.996520167166494,0,2
0.0021679384670241554,52.61036320241374,0,3
0.0007505810403023574,34.69277316545913,0,2
4.554041536314779e-05,2.1597260587905445,0,1
0.001579919733708859,19.728764976190394,0,2
0.00018905361733475702,9.522895604091104,0,2
0.001619070098898749,23.836293345754882,0,2
0.002362973417312953,116.76311136488235,0,3
0.00016090057568919367,2.0904776879124776,0,1
0.00031462531368284903,6.189640681968325,0,1
0.0011964005825254092,38.27944323031086,0,2
0.00037894964280219787,17.971452653713893,0,2
0.0010581236792454904,11.52704960402275,0,2
0.003535114323891767,42.088023794346434,0,3
0.0011235069330113347,21.173491390687488,0,2
0.0020203085544660154,26.27012591829698,0,2
0.000800376773705209,40.908828263499686,0,2
0.00046109989221904986,9.476705507776106,0,2
0.0012309788195368771,13.410109037934967,0,2
0.0012002927005636125,38.40397352030335,0,2
0.0008910593456009275,10.095175091191829,0,2
0.0008374273742609916,16.083818642678768,0,2
0.0023617317146975153,186.91079293970148,0,3
0.08412126355304529,197.66497897055928,0,3
0.0006453540328024643,31.889290099411312,0,2
0.0010431518210126348,49.47083053921609,0,2
0.005394647995135434,130.91441232777666,0,3
0.0019858851414635446,22.498903482742246,0,2
0.0007260256919408584,44.70746719675009,0,2
0.0006335061189446299,31.303841581417842,0,2
0.0006503183703311156,37.4894475256051,0,2
0.00039206484890103206,15.435427439737508,0,2
0.004476871757634767,48.77040730994907,0,3
0.002513693063968442,31.57873589546506,0,2
0.0002594586352864469,10.214776840624658,0,2
0.0009175571562394019,17.292183944095584,0,2
0.0004068171480723802,23.45212871260342,0,2
0.0005401757595188034,27.39433418089409,0,2
0.12611549670077604,318.4219883655366,0,3
0.0012380171529621498,16.08476056990342,0,2
0.003692350003931944,81.8535836706288,0,3
0.006505935589292448,81.73202395793871,0,3
0.002422883438047875,26.909346921745392,0,2
0.0005566692813871758,8.195403211226301,0,2
5.018408804598961e-05,2.3195698926708936,0,1
0.0010330234429000002,48.99049846563465,0,2
0.0026933150939547476,28.88567531082931,0,2
0.0017191316497841861,47.902663640595215,0,3
0.000866523655229293,49.95321458607086,0,2
0.0025694077239788045,127.7508055879139,0,3
0.0011504360232259517,16.9369631023322,0,2
0.0003766983532371201,17.411458348845212,0,2
0.0027737682365144064,64.93220825921874,0,3
0.0019678309055951642,23.42841175409616,0,2
0.0012153967935071579,59.71170408198757,0,3
0.0011083947545136427,28.53006212951588,0,2
0.002461416110138917,31.979596324460577,0,2
0.00040953358067418485,25.076086763383323,0,2
0.0003445575592658639,19.171814232159182,0,2
0.0012058152058020022,12.661927000954105,0,2
0.004576784818375629,47.411620057869214,0,3
0.00034945044668376366,19.68224634344991,0,2
0.0004859813069633434,22.448902775893718,0,2
0.001493006762603703,16.914883116627024,0,2
0.0007128248504215463,41.09281091232191,0,2
0.00038488634857521625,19.51902703654465,0,2
0.002860088726972945,30.03298888829044,0,2
0.008682559955356441,101.77969058250353,0,3
0.0015305439195288776,78.43746318964521,0,3
0.0010670228679463055,15.394963285273008,0,2
0.0006138564860024411,30.52090949611575,0,2
5.2512442515567065e-05,4.155909076676065,0,1
0.0005890947797726321,27.212016691621102,0,2
0.00045871586952851934,10.738256347424192,0,2
0.002653078396131314,122.62852649473555,0,3
0.0017577282002917442,21.949093878441438,0,2
0.01314142173493734,63.17815278151446,0,3
0.00241565338457429,139.2571929883174,0,3
0.0007235982475887333,36.44865762546786,0,2
0.001486562074061098,15.609971058234683,0,2
0.0020310455145003087,26.409738895461828,0,2
8.316427203591194e-05,5.224066578713428,0,1
0.0019320106462618076,98.74885719795714,0,3
0.0010209169554757848,73.58755804640866,0,3
7.243518539150211e-05,3.348042810904278,0,1
0.0004881361853601192,24.270103313848725,0,2
0.0019404972548206251,24.377857103648676,0,2
0.007519320330269466,80.6443501934835,0,3
0.0024969886887419015,98.3053896082635,0,3
0.0006876709501676746,7.4913900041255745,0,2
0.000680711913743629,15.204281679666765,0,2
0.0006003676581335826,16.728916596861673,0,2
0.00021785340896384876,10.703005272676773,0,2
0.003924243608837329,42.75015447116025,0,3
0.00044741148002537236,35.408778220424736,0,2
0.00416492973258884,47.18618922585859,0,3
0.0005657313975506618,26.829461958638227,0,2
0.0014587543146978577,115.44788257175459,0,3
0.006424724257785352,83.47230986813902,0,3
0.004522513977741849,92.94847785715868,0,3
0.0007007519879789741,35.537755625544065,0,2
0.002547447253428482,183.61965841234294,0,3
0.0015955811599104597,115.00927729028398,0,3
0.00031357912212303697,22.602741317599936,0,2
0.0009447116803249849,18.58536358954432,0,2
0.0008896805689282835,41.09695642054668,0,2
0.0029568460642182917,66.043680940658,0,3
0.00041495307042109064,19.167900083745963,0,2
0.00566802255280099,125.65113214582954,0,3
0.007744024924119852,83.05429619400263,0,3
0.0012951762034154424,15.419984156894092,0,2
0.0002321788900488212,14.29719392283032,0,2
0.003587545153706277,38.4762498474454,0,3
0.007141659194267954,83.71676864607883,0,3
0.00033330912147477946,16.37527409620574,0,2
0.0019521634367086896,23.241879511324107,0,2
0.0020672843551152635,102.15203929534249,0,3
0.0009503893422273269,11.867696547256552,0,2
0.000847036924926971,33.347485830817185,0,2
0.00021789194017268548,15.705621999224807,0,2
0.0012948603296694147,26.612476439594285,0,2
0.0033146086762777826,168.09620971835517,0,3
0.0015411307195912082,19.727176180270227,0,2
0.00039682441379743983,28.603050843584334,0,2
0.0016818783341816872,31.042033684175728,0,2
0.0009713935710456083,23.573256050643124,0,2
0.004685990369042565,103.88102545634405,0,3
0.0011475218325142907,36.71554284147147,0,2
0.000788309159113446,21.965803781550054,0,2
0.006383372253423851,68.46136150739451,0,3
0.0018676930606213954,35.19834348820607,0,2
0.0005356864605821095,13.3365485168416,0,2
0.0038288374118671084,122.50559426866927,0,3
0.0018616069499780247,35.754442101704335,0,2
0.00119716604094451,24.604625169922436,0,2
0.00033652296695414394,13.248767015930762,0,2
0.0005720352648075163,6.135050801394206,0,2
0.0006662081535324748,16.16718069210882,0,2
0.0014967391643023863,36.32205998969822,0,2
0.0028694564281521936,31.869134639094437,0,3
0.001431412075853985,33.50847622759878,0,2
0.0015908574760243274,18.023473795414027,0,2
0.0011788104331291738,26.132370527495496,0,2
0.0014946787313971375,36.27205851357323,0,2
0.00035151284187112284,27.819224170868345,0,2
0.001162344326205824,59.40970051352434,0,3
0.0009903341084809942,24.655539868018366,0,2
0.0008270583715115519,9.185584537021535,0,2
0.0004170845953073067,10.383814694324405,0,2
0.004577103279910872,113.9524039730132,0,3
0.0048875461592870215,70.51732061012135,0,3
0.0008926970804198128,16.47630050103471,0,2
0.00045936991230961923,14.697773251540097,0,2
0.0002486368698449677,11.492300048808143,0,2
0.0004815680566517022,18.95913091055785,0,2
0.00043364165648248135,26.552244590714263,0,2
0.003434942342878202,40.8954058662834,0,3
0.00300041633761266,149.18052929162812,0,3
0.0014791826732519137,83.31263570612467,0,3
0.00020473777729868126,11.531533030918462,0,2
0.0023202533284189452,26.28709717478271,0,2
0.004072639223421875,104.8296643431104,0,3
0.0003304087309505975,3.669628933650574,0,1
0.0045568900006965445,56.90277165856385,0,3
0.008395215064499003,104.83268320426905,0,3
0.0016544735498156189,40.14987311151236,0,2
0.006491215911790619,81.05707549635785,0,3
0.000926485543135658,22.48345221396426,0,2
0.0002476367228800455,11.44607203354654,0,2
0.0007029537459836392,43.286734737145075,0,2
0.0014462732143742506,16.38541967029415,0,2
0.004533096962871267,99.1544974951024,0,3
0.002650758118777096,104.35922709563584,0,3
0.0005803797409132771,7.429125417403123,0,2
0.000735562786707866,14.127384445908492,0,2
0.0024561603370189177,31.43997266384807,0,2
0.008250207592606274,103.6447649015532,0,3
0.0010746076003880767,67.50280514683794,0,3
0.001917583911692684,24.090003975718613,0,2
0.00036365456991506906,26.212172918604892,0,2
0.04125813913779412,327.23052307542787,0,3
0.0008402540422019471,42.947033746398134,0,2
0.0009657799086833684,10.3579432375241,0,2
0.002177710702812765,54.2166856562841,0,3
0.0002576063191813934,14.85044714375501,0,2
9.512640216249799e-05,2.3084762985812795,0,1
0.00429366644760661,47.68688340120694,0,3
0.0006646140920927875,7.3814245012195565,0,2
0.0008933360539057743,9.58098636676384,0,2
0.001202363386524764,12.62568041565764,0,2
0.05914084833394496,273.62912096550093,0,3
0.00036065275327039234,4.689577352058415,0,1
0.0007182554641223537,36.711446904035014,0,2
0.0006779826675111708,15.871157216183429,0,2
0.002831741468590171,142.6387855642587,0,3
0.10314268568108532,289.96669103070883,0,3
0.001765680037285267,36.288947398761316,0,2
0.0006928390406764096,49.93974568561536,0,2
0.0002789786394223149,14.828831636299233,0,2
0.0005547707907701474,39.98780463904105,0,2
0.0008168971727958038,15.689510972291071,0,2
0.0024142932690551125,30.904055096717613,0,2
0.0012430343876361067,63.03892541120444,0,3
0.0005106210584883296,32.075293160556626,0,2
0.0006875064192728177,16.684035535188865,0,2
0.00017585527351020948,2.061430662984218,0,1
0.003321959619302938,164.15010771445336,0,3
0.0011658549446233266,71.38628216217691,0,3
0.001813564530336923,130.72148957001198,0,3
0.00047414906855642057,37.52482884655343,0,2
0.0026133873827090684,129.93747171327777,0,3
0.00016837564151382276,3.107669698361284,0,1
0.004375991389478617,49.57739290029221,0,3
0.00031592837227319403,15.7079406624808,0,2
0.002578319422509665,157.87267416785062,0,3
0.0017710020569307653,69.72360266931531,0,3
0.0031482475417835536,64.26270423310366,0,3
0.00585377708682556,73.53916166835154,0,3
0.002699828754103639,136.918419269659,0,3
0.009375951944450001,100.55663528014666,0,3
0.0014261701638226905,33.385766291270336,0,2
0.0002102183695599888,2.334754923402817,0,1
0.0006353968751014708,7.448321425643694,0,2
0.0005108261321094711,25.096576690686643,0,2
0.0024802773210816135,151.8694735564942,0,3
0.003061781903468463,170.363157893717,0,3
0.0023256567115018134,130.9889534852985,0,3
0.006647329168619739,73.82744208509936,0,3
0.007796421578278111,80.76433399188866,0,3
0.0007047550532417441,43.15274667569355,0,2
0.0011910936787894759,13.494386537500944,0,2
0.005246199961564139,77.23566837494353,0,3
0.004581557403491925,111.18276772923379,0,3
0.005183181935250366,115.77079312025548,0,3
0.00020141172860254565,2.9059603689914506,0,1
0.001460212485458137,81.24889951719705,0,3
0.0006500011673189995,50.35263329355918,0,2
0.00022188939877383358,2.3490508311576153,0,1
0.0009550224343373018,48.95156282331367,0,2
0.006234962396764034,122.87691960125501,0,3
0.0011879707119647914,20.447526890295062,0,2
0.0007464473033035568,11.928579788695751,0,2
0.003464134396099042,148.4010050673897,0,3
0.0059106094313429456,104.99038701210432,0,3
0.00034046819068471885,10.242201907249173,0,2
0.00145760655114141,56.534822412327706,0,3
0.0007618589202771751,52.968455190303054,0,2
0.0004575468948013059,23.452470601928976,0,2
0.0008204715759999814,42.05489259022063,0,2
0.005775526224020589,66.28277094501087,0,3
0.00021798277089318498,8.454693917053993,0,2
0.0005067172529732545,19.509457730079305,0,2
0.0005639018103343757,39.20543157985258,0,2
0.0003724227425376415,14.338895529262398,0,2
0.0017701969106157127,79.12787546166514,0,3
0.0034667008755454253,126.21938905575131,0,3
0.11398617169928695,345.82885322308965,0,3
0.0012812586701761142,27.942023963279023,0,2
0.0008868973025814366,47.32242059279425,0,2
0.0005911022833148252,23.498601231631994,0,2
0.0012910483948904883,26.72125316003859,0,2
0.0022203827759273357,22.69361273023453,0,2
0.002754631373046967,57.01351132388523,0,3
0.00133099810828138,14.695698609573432,0,2
0.00023929569781177805,12.105303955879101,0,2
0.0022040756860986616,25.295053330299698,0,2
0.006041310154376828,109.66250224537855,0,3
0.0017053529237969006,32.85793310092922,0,2
0.0006994282879997558,15.86880395179834,0,2
0.003527038040005883,110.38671975130502,0,3
0.06757248149170475,292.42078484387764,0,3
0.0015218939625026866,20.209143028360412,0,2
0.0011968057802269115,44.68210858665351,0,2
0.0015241193033647168,18.05889424371527,0,2
0.0013796346550211942,16.34693312720962,0,2
6.0199699517756854e-05,2.0768008699367404,0,1
0.0007149749383153674,12.978300861046602,0,2
0.0004355637519822213,4.9987431940858205,0,1
0.00148670792909291,24.941283398373773,0,2
0.0028086352771115306,63.72301971378551,0,3
0.0002325995803536587,7.279735687434676,0,1
0.006807351582764925,75.16072830403098,0,3
0.0017981432409259967,54.09300086061183,0,3
0.005564926630064169,63.865826738391334,0,3
0.0025687954734966946,114.82526440667904,0,3
0.001050417736533754,40.44283140071513,0,2
0.0003693868236193282,4.239264314693167,0,1
0.006094117959901978,67.73871624893259,0,3
0.001888754539234789,33.550020915537544,0,2
0.0008732234203896521,15.511101844858743,0,2
0.001449052097610574,29.99150775104873,0,2
0.000495273448243053,7.1193923470927265,0,2
0.00032753536493947756,7.763026738589391,0,2
0.0009157148240387722,48.860044923003215,0,2
0.0013890550979477841,24.536705721649565,0,2
0.0029498491926035794,88.73942369130067,0,3
0.07760654962227487,171.70533658152078,0,3
0.00014358530653661814,6.198525239001251,0,1
0.0012752513937889186,28.93322261123788,0,2
0.03359874730143411,250.96722008410794,0,3
0.005134858496760505,111.98233620132868,0,3
0.0012699711869503059,22.433170099020092,0,2
0.0029697255752438316,127.22088976593979,0,3
6.546215505366596e-05,3.589595052533877,0,1
0.002648329909854401,29.437314715200223,0,2
0.12183998882503586,302.5099838690864,0,3
0.0026025233971771595,66.37427233576325,0,3
0.004974454913891812,83.45236299069681,0,3
0.001156937059650785,27.420957521926272,0,2
0.0031966258665407105,61.59107443733077,0,3
0.0004430220511933681,13.865388026449827,0,2
0.0028250886040900747,29.908038735531882,0,2
0.002117342900719498,37.61044494076187,0,3
0.00123124966624151,62.285496946759444,0,3
0.0005616661459770504,28.789308650746694,0,2
0.0005255176320394712,20.233303619576144,0,2
0.0008410257972128559,37.59388808263113,0,2
0.0004733643132912278,18.359939015982604,0,2
0.0013193126410234704,28.397677396305617,0,2
0.003396573352774595,151.82697000712577,0,3
0.00036785757780438444,4.358649011040684,0,1
0.002030450728917819,21.495537861412462,0,2
0.008372427112230577,94.70492262496263,0,3
0.003092541519112944,165.00957894694218,0,3
0.0634322669681577,279.3480559061583,0,3
3.6666668551781214e-05,1.8548648050409635,0,1
0.002484214528715223,125.66950528865122,0,3
0.11689954888542291,543.5004853191286,0,3
0.0007729739195866265,53.74122863587581,0,2
0.0013062014992700868,23.07315372019344,0,2
0.0017438658993775894,52.460191962930395,0,3
0.0019715954103121007,22.6269956899231,0,2
0.0016899811565381222,18.659270496192345,0,2
0.0012856060412282959,74.66922060511442,0,3
0.0010195796060160228,18.819774080344818,0,2
0.002475867021040433,32.87689680109261,0,2
0.0003792767737138744,14.60278713889034,0,2
0.0015744522002752207,19.721393110391908,0,2
0.005207983749002854,113.5770708150626,0,3
0.002720025441654224,28.79577870685184,0,2
0.0023040790693244855,133.82310194703376,0,3
0.0007918214914289039,13.283741770786701,0,2
0.0015767950920780878,40.2142885527194,0,2
0.00015977138055423215,2.6803538229488364,0,1
0.0039708709761167695,144.57575851444585,0,3
0.0017212301867617482,37.53703779284879,0,2
0.0002846934253922912,12.725807944925535,0,2
0.000936515085342015,11.190575466310408,0,2
0.0035586151157576597,42.52248749831478,0,3
0.0010090083194213165,17.923054328833786,0,2
0.001320734309377674,15.15739454936728,0,2
0.0013571265554465967,13.870628438089687,0,2
0.0015292690208288126,106.32285774670662,0,3
0.0005402787720850943,21.47817015347503,0,2
0.0019278989970611053,71.97708580121686,0,3
0.0005662583319901207,21.801888385374504,0,2
0.0001505250210323917,1.564436489046224,0,1
0.00038315381420845327,17.12699141634089,0,2
0.0027840089668252637,30.94544521112188,0,2
0.0028700955242272263,114.09739418074054,0,3
0.00014033400752231346,7.099107221478075,0,1
0.0014249347217412712,29.492342492248255,0,2
0.001291821009586505,30.617887753112253,0,2
0.0008482200877793293,31.667846774896898,0,2
0.0013466109206090276,26.538636690371316,0,2
0.001593096533775653,21.154637906647547,0,2
0.0006928772048106966,35.050731145742105,0,2
0.001044588036164538,40.51545945122129,0,2
0.0010579819915348342,23.072747797383148,0,2
0.0008384467736996027,48.69778540493384,0,2
0.0002906078528892502,12.449429646207017,0,2
0.0007667260890643222,33.099285220064544,0,2
0.0012786216533014895,14.463161412970265,0,2
0.0005730128532709342,10.121879093351987,0,2
0.0011372280301449086,29.00365201810459,0,2
0.0009861232583583787,34.019798391509404,0,2
0.0733677922328401,505.37612933891194,0,3
0.0029953641888377956,164.2497785777856,0,3
0.0010341074376215861,20.379904221657558,0,2
6.561712277141397e-05,3.363335343906171,0,1
0.0014974687904707878,33.97494649219252,0,2
0.001108303757808914,41.37793255312061,0,2
0.00017623510162510225,9.033278526970522,0,2
0.0012924418323939809,13.432605082525138,0,2
0.0016693768202324225,30.302704979397756,0,2
0.0005111519130411911,35.537980170278466,0,2
0.0006585753694449837,16.79618364721723,0,2
0.00031363008225600964,13.435685254755699,0,2
0.0004163103961472456,27.062046761083096,0,2
0.0008321535345300451,42.09633338819483,0,2
0.00565768823353574,81.3274009639702,0,3
0.002188499287174288,22.36774479696871,0,2
0.1447481993529832,488.46105510538837,0,3
0.0007182409606731284,28.552855232489375,0,2
0.0046762670440477746,85.86093192651002,0,3
0.0009647045829854238,43.12233494590002,0,2
0.0009100304093482444,31.394707298262354,0,2
0.00012833492777787332,3.8606609310836104,0,1
0.0022802351950950675,27.017915295811587,0,2
0.0028573410234216602,33.85589254481944,0,3
0.00027146219759791544,21.02894144804407,0,2
0.0006872577237869442,25.022421355169993,0,2
0.00030205309031114673,4.289090331612702,0,1
0.00222159617922689,113.8723039641699,0,3
0.0019463416063298265,21.489774823819175,0,2
0.0004271634265355317,12.850228543143842,0,2
0.0010335558547890356,19.914065093998328,0,2
0.0005419126731776249,16.3021955255789,0,2
0.03926578713212713,139.20485838268738,0,3
0.000216648641672583,12.58315899277561,0,2
0.0005468401443523059,24.4437771754431,0,2
0.0010877321227970868,32.72191742871251,0,2
0.0020425260186298995,27.122586373731227,0,2
0.0004515517400825552,4.615123314860546,0,1
0.0005231700275218252,6.198905937114427,0,2
0.0002816397513618132,15.027528813991326,0,2
0.0005987906151119881,10.306472273132584,0,2
0.00011100120736519021,5.922721611571456,0,1
0.0008408567116829366,44.86582026207047,0,2
0.0040114484964123235,154.4474446408423,0,3
0.0013099049729327745,21.97520475645068,0,2
0.008046807430990207,88.84569860719031,0,3
0.0010664638924821842,22.072953864346708,0,2
0.0006512308640657361,24.313358661794254,0,2
0.00047786263509611455,9.417585040067621,0,2
0.0002876092015413776,10.7377368877313,0,2
0.0006168801824849253,10.957666861854259,0,2
0.00046586429690239446,6.696645503441164,0,2
0.0019931494886905893,20.715199153238327,0,2
0.003319038423563964,167.90092478004445,0,3
0.2158443677248984,707.5583412237543,0,3
0.0010569557891941547,19.185973513012925,0,2
0.13251676884670316,786.4279679350105,0,3
0.0006336088185218037,44.05183088207847,0,2
0.0008835767428518341,16.03877868722806,0,2
0.001452216552060023,37.037060654857044,0,2
0.0045397934341169675,46.39934843040032,0,3
0.004945335691906854,55.939290695327145,0,3
0.00017847693310730941,9.52304226208939,0,2
0.0018403461266526774,20.817122107063323,0,2
0.0008089251939520586,11.628032666848227,0,2
0.00044719259068798476,8.254444751045487,0,2
0.09012474628137324,435.7965744138202,0,3
0.0013993707687112,30.12089660328958,0,2
0.007104114636739856,100.87693316337756,0,3
0.0037831894530533147,43.417737229794604,0,3
0.0007264866503363829,13.997600978877456,0,2
0.00046973546446692097,8.343929467944418,0,2
0.005763935287541321,58.91079530778906,0,3
0.1604469003650873,711.7766759455109,0,3
0.004001182532415078,149.3820261751203,0,3
0.1522237211162521,349.50004552365516,0,3
0.0004062198030373148,26.406112859083137,0,2
0.0018217045251244725,19.285628572228415,0,2
0.0014791021305530347,26.27334912263142,0,2
0.001408263264393033,25.994239513171745,0,2
0.00011333814048103856,5.066219589051815,0,1
0.0009063946444338873,33.00099500100383,0,2
0.0031831480818713025,35.1454931075929,0,3
0.00031785254238847054,9.561862179629774,0,2
0.0007234493352164951,18.450717195806945,0,2
0.0022550472470376096,29.911566771467548,0,2
0.001296126570578083,23.527426886589875,0,2
0.0008651666440044003,47.441119260274284,0,2
0.000696050249079108,14.982203467430462,0,2
0.0009364824917899806,17.19475357599499,0,2
0.0006325699909621897,34.68676074103851,0,2
0.00019601406275374634,10.458775658395268,0,2
0.0009593843056981938,20.65036380699037,0,2
0.00016159730227375657,6.9227112263916375,0,1
0.000969876323707245,22.004796635286436,0,2
0.0008380268448831746,31.287287461547187,0,2
0.002068229110741511,113.41064126804224,0,3
0.005328368493350135,98.35297868845461,0,3
0.0018663659483928743,24.783366859743715,0,2
0.1909230656076356,636.1693594606215,0,3
0.0009255124930880738,35.8969876995625,0,2
0.000711781524374561,39.03029828891743,0,2
0.0007474547157572527,12.865300672645912,0,2
0.0022354985563830944,173.17390290561815,0,3
0.001973916449689494,33.114782408173184,0,2
0.00033149009164376266,7.8567590570975065,0,2
0.0025077855307524427,29.965948946735548,0,2
0.0022933486577233243,25.321118392939816,0,2
0.001871240849648576,34.35785033155599,0,2
0.00421037235624841,59.7864016126175,0,3
0.001976639925276152,34.02221756601085,0,2
0.0016698668571002303,37.88635695120536,0,2
0.003592205881152972,39.92889807716848,0,3
0.004226231220387168,78.00932493125656,0,3
0.0007997388771421242,42.67188478121858,0,2
0.0026424264418816925,29.88987403126993,0,2
0.0017033898373652098,30.920112871458073,0,2
0.0005331954980331934,9.841917937974081,0,2
0.001151886585300478,16.557989468643044,0,2
0.0008915967056112511,11.168029822827378,0,2
0.0017272948223854495,28.977413004008337,0,2
0.00046568642115465687,14.009104173103426,0,2
0.08270303689571737,397.46710528443856,0,3
0.003031612455014548,40.21214122786313,0,3
0.0007698054765403684,7.867862943102058,0,2
0.004985096046239365,113.10310605950949,0,3
0.0024357523545088435,24.89481599265909,0,2
0.0008803554886843154,45.12436091732558,0,2
0.0016144429102117137,22.924749652442795,0,2
0.0013249780590050089,54.221565740306254,0,3
0.03837080259432668,303.4792342784601,0,3
0.0006913424935168137,20.797447748113868,0,2
0.0014494859510257967,20.582395538310966,0,2
0.005385590391015421,63.81246343157375,0,3
0.002301583089137141,42.25936352183906,0,3
0.0031068307396199734,59.860944426129386,0,3
0.000230942538198818,9.180858822134846,0,2
0.0018035755882390354,69.44066241140915,0,3
0.002235748631676337,25.65854758440723,0,2
0.0007488281846946952,16.33064077392104,0,2
0.003690366360809575,68.11813493947919,0,3
0.0199303701911915,82.17299811863757,0,3
0.23132352974141612,675.3995944744477,0,3
0.007901161340641689,87.23760387429228,0,3
0.00023539006061346068,9.357665034258325,0,2
0.0014488030025883913,15.057697830856082,0,2
0.0013620672867459696,16.138781937783502,0,2
0.0005046373701681962,22.55731141575793,0,2
0.04191289982043306,113.1062898499475,0,3
0.0010404449168573988,18.481463841337828,0,2
0.0029321390175090626,91.76799465341176,0,3
0.004832277749930392,51.15731588613887,0,3
0.00015393810829038981,2.2128094974126347,0,1
0.000532484639604489,29.198614471332128,0,2
0.0020223188337328223,22.478935022994428,0,2
0.002556500763815294,110.36320421821003,0,3
0.0011563912174200402,39.89379192194734,0,2
0.004295727399662091,48.59122994437676,0,3
0.001404320703966155,35.81553385952336,0,2
0.000956880667063433,10.63613609332593,0,2
0.002537153667087996,26.369142803545962,0,2
0.00042489453587642796,32.91464666389291,0,2
0.0030057656594440463,76.65848794051912,0,3
0.0025937627998680003,111.11491714648041,0,3
0.0006999978406274357,12.852659263614594,0,2
0.0008582939870964415,15.759134562860853,0,2
0.0008157021024516135,13.035304126410638,0,2
0.0008426542914653101,44.961734215425594,0,2
0.00042255165082979464,6.7525745748705885,0,2
0.0007345153742605688,32.83286775082723,0,2
0.0006835108569252247,39.698960120767886,0,2
0.0015563523922212483,17.299519598028635,0,2
0.0007852310974480971,17.124525009919143,0,2
0.000725199457486477,56.177902723032986,0,2
0.13950588075956843,399.46383883301223,0,3
0.0014275288429883713,42.943919691599355,0,2
0.0009658098622329243,38.39467628329446,0,2
0.002858447534816639,56.33349578858134,0,3
0.0006029297204855605,21.952116347871836,0,2
0.0024233154028993776,26.756095726484407,0,2
0.0005921948784635239,7.417759646242924,0,2
0.0009375843238767954,41.9100582368139,0,2
0.0008281396834980344,9.143582638918238,0,2
0.0012512803989866898,23.096592243649834,0,2
0.00155013930059585,20.584211260098755,0,2
0.0018599804258650624,33.038905211867814,0,2
0.0017096246341494203,132.43684257987456,0,3
0.0028581636940473703,56.32790193297074,0,3
0.008425579588014693,87.56872484353772,0,3
0.0016054219574223494,25.65539968981405,0,2
0.0033328819160002177,170.83345126544774,0,3
0.0005484454435623226,5.605433727374744,0,2
0.0008199188423064425,57.00508755950979,0,2
0.004299288523256244,148.31911482504876,0,3
0.0010862667638934637,41.82307862899656,0,2
0.000705619894743608,24.342845944205152,0,2
0.0011349429448333948,16.115951029014585,0,2
0.0009366227494994525,51.35939055073364,0,2
0.0005716585394248977,44.28378632536673,0,2
0.0007244483197948275,7.669433227314052,0,2
0.0005740236732887198,8.151015388332212,0,2
0.0042650305477178055,61.30840639500151,0,3
0.0020513676476541657,35.30844213146985,0,2
0.0011052862818856615,21.782677256581774,0,2
0.00027682984258657845,10.079119848544856,0,2
0.0012467438744692954,19.923554840182383,0,2
0.00038278755863708905,20.990025848198343,0,2
0.000485258258018767,16.740694396657254,0,2
0.0017563355716305943,29.4646059104632,0,2
0.0021980151545972636,29.187317731856375,0,2
0.0016157117415531636,69.74968574805979,0,3
0.0009499436655365882,48.69124048838786,0,2
0.000933942836445235,10.311767054794176,0,2
0.0021793053480718694,126.5761256423555,0,3
0.0023269768984090656,124.16113926123754,0,3
0.0010489526200998453,15.0783476935692,0,2
0.0022994126607595016,32.65117599522689,0,2
0.0011068974387228685,42.93219598790532,0,2
0.0055550170140068415,101.99565875891274,0,3
0.07223843903565484,333.47266062843596,0,3
0.002630012782654693,29.03826455705836,0,2
0.0003854839131153049,7.978487307092868,0,2
0.0008841626179959059,32.19154737479875,0,2
0.03234123869878952,122.59826263338924,0,3
0.0017474672203444063,32.25539046254034,0,2
0.0010363305154860105,12.279211436651133,0,2
0.0012034637581388368,83.67115544560288,0,3
0.0035784266364353935,37.883315340914706,0,3
8.297088227673577e-05,3.3953853932325626,0,1
0.007833522886135834,89.90134976701492,0,3
0.0017326846736988768,22.982805960862443,0,2
0.006504896323573484,119.43639128527968,0,3
0.001865599382038258,33.86455771907819,0,2
0.0003756910018032453,8.523771423543709,0,2
0.0006933761308413583,8.215633901058329,0,2
0.0008854119936464271,15.640195671588906,0,2
0.00019874882789378575,3.6685787138386536,0,1
0.0004314724950008912,18.483968748202066,0,2
0.002210394010473821,80.47841206680476,0,3
0.000701740274915482,24.209004780567792,0,2
0.0036337303862751047,66.71891797376794,0,3
0.000768246905610032,33.16493831486829,0,2
0.0007334370576380214,42.5987213037795,0,2
0.0021576263797959154,96.44598883290988,0,3
0.0025032768286175297,107.23856376562131,0,3
0.0013824374461180744,14.129320568556212,0,2
0.001258406289701866,24.24637686652648,0,2
0.00042932923486143845,17.067497067537705,0,2
0.0012289659749748756,26.801611198527453,0,2
0.0001266265969954225,2.495522055828672,0,1
0.0019351593749648438,86.5017044727706,0,3
0.0004953185406263772,12.632511870651209,0,2
0.002378645331733357,101.89944083162308,0,3
0.0008700137260242094,44.594273427903126,0,2
0.0033616245066678384,61.72278234128717,0,3
0.0006998629932844658,27.82225997122203,0,2
0.001238377006054888,14.212221752975259,0,2
0.001048146350426311,12.419214199634986,0,2
0.007780313522038197,79.51936211322875,0,3
0.009618449234117605,98.30618592027358,0,3
0.00033060131766259293,14.271938132165635,0,2
0.09438157916250633,206.88183765153178,0,3
0.04305017181689051,171.1090207474112,0,3
0.0007195597992827377,24.823752096654637,0,2
0.0017814856163938157,34.32482179313811,0,2
0.0031519659065209747,114.7601784313282,0,3
0.0015521840175978568,30.590014598277783,0,2
0.0008686975947116212,27.187877433809742,0,2
0.000451410844966023,17.38006895776419,0,2
0.0007874739889908189,30.543017309479804,0,2
0.0011226158644856066,26.607499238370057,0,2
0.0001488760967831584,5.136005823764127,0,1
0.0020972338349552295,21.43495840952071,0,2
0.0008831069223919368,14.815162811354384,0,2
0.0008688029233204253,34.538275388642525,0,2
0.0003300165114270917,13.505138328983406,0,2
0.0002550935925690174,5.2797559669470395,0,1
0.00023655330492373147,13.739240750100358,0,2
0.00019063834029873185,8.229787520505372,0,2
0.0011799561003625967,42.961115898683246,0,2
0.0008451785763402206,9.560259002989609,0,2
0.0005184227988575047,30.110488822553517,0,2
0.0018639168961486383,34.223375232728706,0,2
0.0005376974044657176,13.713334526387403,0,2
0.0014516819674887512,31.246874253247146,0,2
0.0025049343671793936,96.44414289498994,0,3
0.0020118618930670806,23.838029660572495,0,2
0.008885534117625417,98.10617352891083,0,3
0.0013779326040674258,59.48484723105307,0,3
0.026181056989917212,124.44898742465534,0,3
0.00011236292276354958,4.850666335417738,0,1
0.0004923120550705673,17.92462893297993,0,2
0.10981874773188868,261.57233684696325,0,3
0.0017109552594679219,87.69839415326457,0,3
0.0005870811112763267,10.428344791916514,0,2
0.00043247383759883047,6.216668671904972,0,2
0.0009849105678575016,21.47918709106434,0,2
5.4220930396838334e-05,2.4236778417856057,0,1
0.0022122537764141612,26.43459056140226,0,2
0.0015759528838240613,22.378199375891278,0,2
0.0014481685459038834,31.171249257607833,0,2
0.0006910156094421196,23.839019635072344,0,2
0.1668717067446393,486.1334819438332,0,3
0.002042340720555576,25.58210672156122,0,2
0.021465148347807574,180.289015744247,0,3
0.00029826957662333674,20.737276001514847,0,2
0.0025566978312418017,36.304571284267695,0,3
0.0018611469456147034,33.78373662120065,0,2
0.006093304491303167,97.37387820901472,0,3
0.0009998057550980697,38.49418586583108,0,2
0.0003651608997565506,8.654802296604743,0,2
0.0019532810694221584,31.21435228345363,0,2
0.0002470506237246463,19.13788787897239,0,2
0.0007808993365643048,39.50352603284442,0,2
0.002005838173756273,37.02449622283957,0,3
0.0017837926994803957,35.1544946338597,0,2
0.00021638770162100447,9.341378043896185,0,2
0.002229695827766352,23.173672313795404,0,2
0.0012868736663480195,18.273335308884246,0,2
0.005803599754253045,99.89241387890043,0,3
0.0010659781851560693,12.73755170966965,0,2
0.004216246295813542,43.82028653267733,0,3
0.0005551759711491795,10.247641567380855,0,2
0.0012861486461044373,24.780903461003057,0,2
0.24794812435298713,541.0660122042937,0,3
0.0008936645312095213,34.66173058056245,0,2
0.0007729828879242725,34.55236721003866,0,2
0.09677536574703703,543.7966875348958,0,3
0.0007272094178466522,31.393364956965936,0,2
0.0022763911680124724,28.513793616313393,0,2
0.0012281600568490602,21.815855231038903,0,2
0.03711558987492888,119.73048978716514,0,3
0.0027864067637684317,120.28816226357874,0,3
0.008399331315749005,95.00925020863032,0,3
0.0014767404199972113,20.969403263469864,0,2
0.006993509594184958,77.73583726172284,0,3
0.13056292754803833,298.13103874355426,0,3
0.0013754499005113022,16.297349056616717,0,2
0.0012213110243762988,47.36984875600597,0,3
0.0011923030060412892,19.053564098792748,0,2
0.0005337966593352997,31.003417249112506,0,2
0.0061886744076957555,63.251877939426606,0,3
0.0019660626492465417,36.290305012282346,0,2
0.0014279104559236473,33.84338986324401,0,2
0.0009997647022301761,10.390753443527148,0,2
0.005671236208468157,57.96335641403473,0,3
0.0004057570296060006,26.37603050621876,0,2
0.0038059964148594817,138.5728274454491,0,3
0.002032598132788996,35.904452104384966,0,2
0.0017759648970134552,115.44569997243445,0,3
0.0010986558189733956,11.418548493244037,0,2
0.0010472735581197208,16.735925152833037,0,2
0.0012234845650020698,21.732804286091604,0,2
0.00016506180774959308,6.162494983921537,0,1
0.000492077624271663,6.527052918506539,0,2
0.0015866418553397111,17.636199879082316,0,2
9.569192045594423e-05,1.5292019989093029,0,1
0.004794990115957555,85.17359738303927,0,3
0.0013489947329934587,34.40451059319448,0,2
0.001309965169716157,13.388611447509847,0,2
0.001163063923305369,58.836169811974685,0,3
0.0008141121035448808,13.657693145517722,0,2
0.0007099657114415619,37.881833562364484,0,2
0.0011313415482045678,22.296167260357766,0,2
0.00016668982720802986,2.2134646975536656,0,1
0.0029242258617886655,30.392061127235312,0,3
0.001214384491625548,23.932754689896605,0,2
0.0019310682110275125,134.25805917979733,0,3
0.0031457948585145606,172.49859328879523,0,3
0.004734650217434596,107.42092844954426,0,3
0.0023997055982612325,166.84020501482811,0,3
0.0029971993774128916,159.92238236102924,0,3
0.0005401078532973836,5.613448368407952,0,2
0.0009650375034574196,10.655086742427804,0,2
0.007690758728446331,84.91452515896455,0,3
0.0003845154278146491,5.460038174404572,0,1
0.005930897553046549,109.47468092084596,0,3
0.0004164348395841132,24.18693122727774,0,2
0.0007802412175557974,15.033318541452367,0,2
0.000538141244271489,21.393195158230963,0,2
0.003735626928996709,38.825113838904755,0,3
0.0026853825767076344,186.70197709493215,0,3
0.0011714180374431497,46.56839622248022,0,2
0.0006639760068963223,33.58869990722939,0,2
0.001359976423466865,32.233262326269035,0,2
0.0008340201540531292,37.28073554228527,0,2
0.0006780984153845633,20.399030139605156,0,2
0.0005295453622240941,30.75649787282271,0,2
0.003290280586781631,56.63279413981645,0,3
0.0006259647987693845,27.980652515760006,0,2
0.0024095198283782793,95.78772947594106,0,3
4.326702139077351e-05,2.3725324318283416,0,1
0.001823853333296153,31.392432238373775,0,2
0.0009711250850731707,20.903079391382217,0,2
0.0021293955772355784,26.67254506605656,0,2
0.0014841524932212972,25.545451338820847,0,2
0.00044482537630221555,16.195682653043086,0,2
0.00098732446588505,13.110625206541162,0,2
0.0026248280751669712,31.100906938668974,0,2
0.0016564720407554246,88.38482920702612,0,3
0.0038437413301565444,120.29867333321734,0,3
0.0066627558513729715,69.247347052362,0,3
0.002889187987821804,29.52919379996996,0,2
0.0008067276788630909,31.289792176029735,0,2
0.0002709542646194074,10.771479650858353,0,2
0.0006503127395185855,50.37676937438336,0,2
0.001376047045877375,56.31144218027558,0,3
0.00024016678708520912,15.611920535033263,0,2
0.0005165880488816479,35.91592903982623,0,2
0.002491057447410896,28.177659793150877,0,2
0.0013797529062282308,25.333640966432412,0,2
0.0013022864111423807,13.786764908121548,0,2
0.0023776460790520286,25.17115071319239,0,2
0.0043730030163474844,80.29270158532854,0,3
0.001755135443055731,101.93993446403785,0,3
0.0020501713475090124,21.70431185308839,0,2
0.0015763134535176386,84.10778566619024,0,3
0.0004054660546637133,21.63456255763649,0,2
0.008777882350231577,99.29123988136217,0,3
0.0058561267052226074,107.52433333125077,0,3
0.003881538215402146,48.619666577094975,0,3
0.002695208611702633,84.35271588134792,0,3
0.11837030552467645,846.5300201766215,0,3
0.00263277434688849,31.19506025090243,0,2
0.0008161385181437071,29.714852490340014,0,2
0.0013585593603939313,25.076786634892482,0,2
0.0007249714341380123,28.82041757578547,0,2
9.613292268000649e-05,1.7450150016902182,0,1
0.001898692202784589,21.790322732642547,0,2
0.001974966490795469,35.849801069143425,0,2
0.003359604992634333,85.68274043705804,0,3
0.0026896815377879385,68.59713733188715,0,3
0.0005943827021571699,10.971333778999725,0,2
0.005385017426788219,127.63212387661221,0,3
0.0012927004137348764,75.0812685021845,0,3
0.0028049156997418103,143.77149913267448,0,3
0.0007772601675172639,9.735864518451255,0,2
0.00044405960627696224,19.023191466110326,0,2
0.001931156515782795,45.77099535860238,0,3
0.006391724305361973,110.01530028723045,0,3
0.001511261355168017,32.95798263365342,0,2
0.0001263878641859928,5.024406274273344,0,1
0.0025668232164233326,60.837147359670205,0,3
0.0015529788615843414,30.605679164382227,0,2
0.0025458758522848377,43.81999019390801,0,3
0.0012465849012815889,22.628141254560113,0,2
0.004796022337028833,87.05790579585997,0,3
0.0010047135378271723,37.51044667177574,0,2
0.0006538898179523874,29.228902033610932,0,2
0.0007459551495248839,43.32578397669769,0,2
0.0006566969986180611,42.68825628409056,0,2
0.00046892482836186723,9.705491367539295,0,2
0.00011449394843507346,5.8686136662306305,0,1
0.0037399008867820714,81.56073604121569,0,3
0.0024454047711054603,34.72423324596239,0,3
0.0013567289404591211,34.601762380895586,0,2
0.0010059141443310858,43.42494620307435,0,2
0.0008202092739576387,13.1073308517977,0,2
0.000455334072060838,16.578294596225923,0,2
0.00031438467494377634,5.803027563373537,0,1
0.0013564001850792256,28.073860650978617,0,2
0.001341423655644698,46.27713821353701,0,3
0.002260972711564299,32.50073646547868,0,2
0.006631409767848013,88.05811165564056,0,3
0.11618878779845604,321.0597650050746,0,3
0.0006626782854208333,33.966885545399265,0,2
0.0007203262757455295,10.228481561715446,0,2
0.0025374538912174348,57.570388597824866,0,3
0.04138151522812065,190.16240689676906,0,3
0.00028228921441519406,4.511114720003892,0,1
0.0014185773039074722,16.80835447149342,0,2
0.0014297569726229946,61.24975173546774,0,3
0.0016086724391785625,31.703272833897074,0,2
0.0006035673146877198,10.388689529869575,0,2
0.0011380762448024069,66.10054982893521,0,3
0.0004883800867527344,10.650720580378549,0,2
0.00015034574356141646,5.831319779701945,0,1
0.0007900706211559502,39.96747581824785,0,2
0.00039778080813298867,8.233000186819439,0,2
0.000826263272980621,9.346298067040497,0,2
0.004543793994673512,54.294554777184835,0,3
0.0024820191141673668,127.22079631578309,0,3
0.0014548300052690411,25.842202409796805,0,2
0.0010352489112137495,14.881361401417761,0,2
0.001225846754102739,22.50777034650317,0,2
0.00037314373391389465,14.472777111611855,0,2
0.0007078223299093211,24.418826709969323,0,2
0.0014324729441194057,99.59308335499374,0,3
0.0016318666609365525,38.67742503165696,0,2
0.0022349958207315422,25.649907956867974,0,2
0.004499275497465812,88.67048081203151,0,3
0.0003777055901258402,6.7091992026509395,0,2
0.002516957652089253,108.65614252802239,0,3
0.0007381628886772984,32.99591179682053,0,2
0.0008462410533924483,9.711877278470547,0,2
0.0006894887652753825,29.764978162840983,0,2
0.0006176731693890796,12.784184694183374,0,2
0.00014790720639369165,7.482214294002476,0,1
0.002250227219101525,28.186067235224908,0,2
0.0023443208821199322,33.28886329002839,0,2
0.0001895355916096304,7.351339772776838,0,1
0.0016780579303998313,18.52762482615578,0,2
0.5125281422332308,1094.3077377192499,0,3
0.00045399970487625607,24.894919715668383,0,2
0.0075251525742511755,83.64527538047919,0,3
0.0006702168753248035,33.90440808738579,0,2
0.0021210588240961363,35.583269720422074,0,2
0.0015511160884327496,24.787566303090085,0,2
0.00033204606808832503,6.096697340004546,0,1
0.00013223507944276,9.1936810000226,0,1
0.001681365579718226,30.871550795525696,0,2
0.02717876256115372,76.92149896697725,0,3
0.0008949150666872839,15.403409954740338,0,2
0.0017292372902120358,30.545790858492225,0,2
0.00016260428436989913,8.334604042256249,0,1
0.0012351304861975573,26.936048470497212,0,2
0.0005242446669599837,18.085668020336982,0,2
0.0024539146666911677,29.075798299415126,0,2
0.0007773646707406463,14.273191511056615,0,2
0.0021176022139569165,21.643135175265016,0,2
0.0017546278546026952,32.21671931079332,0,2
0.0005541179277013038,16.669362516743274,0,2
0.0009034796443873619,49.541999631683716,0,2
0.0004861213653866355,17.699231617840454,0,2
0.00035734233975469017,27.681685354727843,0,2
0.004379371253910509,137.0624364719169,0,3
0.000372880861278919,11.217262502223736,0,2
0.004146541111459043,81.71888880043461,0,3
0.02568818781207712,100.0836397437204,0,3
0.004631324290721675,118.11643272103522,0,3
0.0007492923333326808,48.70736918901762,0,2
0.0009416839108770124,19.49034155409355,0,2
0.001836966814925497,33.728544833284474,0,2
0.0059586130424909905,114.80773627114073,0,3
0.0006216287177588013,12.250887353149544,0,2
0.0014992205027564924,28.88627116165257,0,2
0.00011234036247413244,1.6148556311774376,0,1
0.003909710643821627,85.26399160610929,0,3
0.0004225214490470852,8.326936205952121,0,2
0.0009080584484717413,17.496040458996212,0,2
0.001621012338118871,21.525330278536646,0,2
0.00037636126947841297,19.291140882903786,0,2
0.0018274611176361418,33.17226790134687,0,2
0.0013618214667770324,18.06357440529481,0,2
0.00414015283575883,59.513330503093655,0,3
0.0027940137510991093,181.62345087488524,0,3
0.0007863981666828104,51.11941512042644,0,2
0.0004042401172731624,20.72012633936928,0,2
0.0003709735161465764,28.737630575644076,0,2
0.0015912428311729522,63.25805500654967,0,3
0.06877497403981514,236.7401682866846,0,3
0.004649883772660561,49.22638666522303,0,3
0.0004851121177381366,5.135680341983886,0,2
0.001835642886401743,119.32503749169747,0,3
0.0054931654358713914,119.79638758056296,0,3
0.0008060730134184011,34.53158326758236,0,2
0.006158724644397077,69.66457075082062,0,3
0.0016669474573354523,35.88037790139082,0,2
0.0013536471083796147,19.22150413685815,0,2
0.008479733583262173,106.21609181763195,0,3
0.0004909117286411357,38.028698246388245,0,2
0.04588190218996689,154.81772917860542,0,3
0.0019112305452091956,35.09210106958059,0,2
0.004798498612484108,63.64860507409092,0,3
0.0041252943238912895,59.299744299241596,0,3
0.000708280940541943,8.463367478580794,0,2
0.0006137841411659889,7.272569062878517,0,2
0.0008034721763548889,29.253682640517184,0,2
0.0007619418653514046,23.84671279507714,0,2
0.00099532325266461,14.307443237753372,0,2
0.0008056401486451417,36.01214812127145,0,2
0.0010701874920681473,19.64971087825816,0,2
0.006111090564345297,112.80074957060096,0,3
0.11575367940182177,489.9201014910447,0,3
0.002095095261955072,38.03039125577381,0,3
0.005083479562151787,72.18434023805575,0,3
0.0008800094656803171,44.51723187472479,0,2
4.2959531235123816e-05,2.1732032299732387,0,1
0.0014574802612611348,26.90270488115809,0,2
0.0008297648915505293,35.54652614355773,0,2
0.006994629209162507,77.22848147117021,0,3
0.0026952369874431096,33.76020443538552,0,3
0.00013933653388286172,1.6649555592164766,0,1
0.0028419150042231,48.915459685597945,0,3
0.00044739343104646483,9.629964823370315,0,2
0.0011860842743128333,26.910176700471016,0,2
0.003694985191971931,151.20845295084754,0,3
0.0006775807702656789,8.028478771175898,0,2
0.0004081533011774465,4.1715658452715685,0,1
0.002051626739495315,23.207028143054583,0,2
0.0026449090052008714,29.399289903215163,0,2
0.00024248309769158075,9.63964068301614,0,2
0.0020736935976287474,64.90098247172241,0,3
0.00041562568165892823,18.57848524068339,0,2
0.0027144705879501713,27.743479619105624,0,2
0.0008129303308280625,14.440113331616974,0,2
0.0009002513424434253,27.081989650880836,0,2
0.21517401719878532,486.14979626399554,0,3
0.00036375115684539365,4.556301904404494,0,1
0.0009049600117893028,49.62317507568771,0,2
0.0005050871942374261,6.03537140260449,0,2
0.0004688717309674409,10.637879114871106,0,2
0.0009177171225983259,14.66555223914391,0,2
0.0014342151745374496,33.99282013678798,0,2
0.0016496951848891017,30.290050725299732,0,2
0.0012924029575868629,23.729808695213638,0,2
0.0035512230490454305,39.20944988534071,0,3
0.0003588074692059011,12.378328632135705,0,2
0.00218773704903413,24.746643377745936,0,2
0.000757866564245153,58.70847486671948,0,2
0.009313060202014112,95.18493110702484,0,3
0.19557995745930706,655.4617862729764,0,3
0.04727565692093161,238.7837824463785,0,3
0.0024847484866450495,107.26568462011556,0,3
0.0039194275041337205,88.9249516119171,0,3
0.0023954339638806127,51.56075884914158,0,3
0.0007425601036623082,23.240116248174772,0,2
0.0005913291190551831,45.80757663928385,0,2
0.0005375264193319774,34.94163304568193,0,2
0.0014520204026858994,16.664098131600625,0,2
0.0010925044972810722,32.86548333113552,0,2
0.000990568915683103,39.37894438768366,0,2
0.0006513529827109557,34.75441825395406,0,2
0.001335864081908808,14.84869813596734,0,2
0.00013638811792090563,1.9605341784523895,0,1
0.0006975358467693228,38.24914139284772,0,2
0.002043645507612504,34.28456980267542,0,2
0.0004357488866624369,4.928984635171726,0,1
0.00031823588196548685,14.225157147539928,0,2
0.0010336963161466219,39.79902888103487,0,2
0.00410284997252803,79.05177165341446,0,3
0.0006945930616044573,37.061590903941905,0,2
0.0004069148452046529,16.1764384144709,0,2
0.0011927507046850705,28.269788865860328,0,2
0.0009230773523789156,11.562352502274855,0,2
0.00834614496894195,88.35716751046073,0,3
0.008488712391638314,101.43304482462366,0,3
0.008752954636403404,100.45319937148803,0,3
0.0015043058641802832,25.892334128491985,0,2
0.0017213189627310443,76.94302916019093,0,3
0.005313417603173691,98.0770096775402,0,3
0.001016459406106744,13.482597065843672,0,2
0.0008628087960549177,50.11275481492334,0,2
0.0031506212276386824,136.01116764040896,0,3
8.610029851482972e-05,2.9703333453461442,0,1
0.006081007163258722,112.2454591266993,0,3
0.0011862157936708571,44.286737059337604,0,2
0.29861806712845923,651.4402922791322,0,3
0.0005200839733673113,10.249671532024626,0,2
0.0007686535614395091,16.762997771753867,0,2
0.15223286032278158,466.4302639761917,0,3
0.0004942957137618729,14.869748895059326,0,2
0.0058905332398800775,128.46228851087244,0,3
0.00032733442234268636,7.758264129971235,0,2
0.0008135303756130836,52.88313064037909,0,2
0.0014451014806948635,26.67421281219871,0,2
0.0013276609575305406,26.165176043543596,0,2
0.0002032967073369885,7.827261643811886,0,1
0.00321591666545113,162.68428178213154,0,3
0.00041546264909142483,17.935370814553067,0,2
0.0002586687963578713,17.984020642597198,0,2
0.0008141898837281939,56.606780106958524,0,2
0.001933323682477632,34.341704353974585,0,2
0.0005820371555087516,8.2648051498509,0,2
0.0006933437070802336,36.994928754792575,0,2
0.00038766719410347923,12.132931209385015,0,2
0.0011284740361392465,18.03354707021338,0,2
0.005809505434926025,77.14409094927332,0,3
0.00226302001642374,23.520017236027694,0,2
0.00031426391879721947,6.193426652206112,0,1
0.0033638628082411845,116.04830692622453,0,3
0.0008137188481952896,56.574031229372885,0,2
0.001083853701867816,27.642403083841494,0,2
0.0007944185741916797,14.111288272863916,0,2
0.0008385233126950003,45.98014123147523,0,2
0.0044425301250115255,49.05047075192246,0,3
0.00046273120851727986,8.173829467518042,0,2
0.0031235389985989157,44.353596599542655,0,3
0.000564416640763574,43.72278938262772,0,2
0.005269532179900457,93.08267222805328,0,3
0.0009712087915609399,41.92672880003298,0,2
0.00024374193289661766,7.628461086361136,0,2
0.0019022721229931935,27.344533898533168,0,2
0.15879145367535735,356.2936212283728,0,3
0.0003486616122799885,13.42405246114003,0,2
0.0007641708211738448,38.65727695530604,0,2
0.0017189890713450106,33.877362600410045,0,2
0.0024858369830361095,85.75771059069037,0,3
0.003018810179640322,51.96020550271057,0,3
0.0020652993537831447,92.31896693366627,0,3
0.006304431657057957,108.51280636583624,0,3
0.0008068546534616683,56.09679616460124,0,2
0.001222728189905131,65.24144058724724,0,3
0.0004204729488352714,24.42146845006039,0,2
0.0017478615167471699,121.52056235686672,0,3
0.0019064764675837704,75.78981089027678,0,3
0.002507149734597297,78.46698334081165,0,3
0.0034546549397289792,147.99491203174017,0,3
0.007511998086534917,78.07369055070053,0,3
0.0026730708638668314,29.712320954758294,0,2
0.0002754434062788253,10.683365855090262,0,2
0.000297544832409355,11.108678392739492,0,2
0.0018387642412790988,38.057508136256054,0,2
0.002096976460065998,90.52570786548903,0,3
0.0008153070902849502,9.00189654555313,0,2
0.0023877651042266217,91.9329312292559,0,3
0.00186154825572776,19.707437586121287,0,2
0.0004626609777589392,23.71460303377906,0,2
0.00368645546466167,134.22045144221582,0,3
0.0005053829482073406,9.279335526417833,0,2
0.003964302992497293,73.17455769477354,0,3
0.002609769136678698,29.00869530059828,0,2
0.001932854252639638,97.77772205925854,0,3
0.0002507323594263304,17.432237638171593,0,2
0.0008571424451129823,35.076509471712484,0,2
0.004917198484341633,90.76345195361745,0,3
0.00044988463073817464,7.743480535252394,0,2
0.005395327835717735,59.971366445215594,0,3
0.0010203373257274798,10.604568812253559,0,2
0.0018965755425413104,37.377187804613946,0,2
0.0006566455583231428,12.940989590967,0,2
0.00589232607434742,98.85073700090693,0,3
0.004793676912731663,87.01533140542439,0,3
0.0006301339883316897,13.042090361286682,0,2
0.0008337972553831148,35.994722972466185,0,2
0.21368227737905732,704.0210298616722,0,3
0.0008867379341344896,35.25126141339831,0,2
0.0006506372505495099,25.865346368430973,0,2
0.001999272943274857,25.04264508150928,0,2
0.007070990541555792,72.26966571212039,0,3
0.0019447872029032072,72.60759800272669,0,3
0.0027854309687536005,46.72889800263437,0,3
0.000665722748965757,38.66580990617799,0,2
0.00021861341653883737,14.21085458284272,0,2
0.00017575749543620903,3.190368685830786,0,1
0.0001137530391884486,2.08861937571015,0,1
0.008224822744283326,97.45379104143103,0,3
0.000486496471067455,7.7744429464260065,0,2
0.00047697776964325376,8.757788086958447,0,2
0.0008431242413125031,42.65131093867689,0,2
0.001207747753954011,16.03761346270178,0,2
0.1261954660856418,707.0014075292796,0,3
0.0035684640560056198,47.33308848540229,0,3
0.059893811053278484,143.22682343433735,0,3
0.0007765236555596158,26.7889211459765,0,2
0.001553165862030846,78.57034215703717,0,3
0.002973534795431293,30.904538684105308,0,3
0.0020052534492655733,22.68247548894344,0,2
0.0003089482734659286,5.487860291682204,0,1
0.0007019076005634233,38.488865028241854,0,2
0.001191271380954828,30.381963578525347,0,2
0.002510501896798907,26.577640030965206,0,2
0.0004132619642710525,14.25692841966312,0,2
0.0005536387680673018,11.916853246753368,0,2
0.0005457956512382526,17.081922823440124,0,2
0.00460528362796876,83.59559653245839,0,3
0.008288366066769404,93.75406396719728,0,3
0.0016568664933656596,63.792118044198915,0,3
0.004977037496384229,126.9334379735548,0,3
0.003995612775721373,42.29989158409092,0,3
0.0005752452473148423,21.476475990619697,0,2
0.002782391410858794,119.19563003308838,0,3
0.009196394225592118,95.57995471778945,0,3
0.00021712772931318914,2.5944955705871036,0,1
0.0007192076803069372,15.68466907228691,0,2
0.0005942296955873937,21.635356446502016,0,2
0.007624769224940646,87.50559038990646,0,3
0.0023912431441633253,27.048607758512464,0,2
0.0007270596778114248,28.903433335902005,0,2
0.003607126618142017,62.086394705111175,0,3
0.001278235099304269,16.011014419157192,0,2
0.0007166460584373905,36.733110438417086,0,2
0.0008862228269073826,10.02453208916367,0,2
0.007414532825443232,92.87351915473211,0,3
0.003256636345582539,164.74417717299892,0,3
0.0012862431685390335,23.741947859156255,0,2
0.002113602320994768,84.02386440597638,0,3
0.0004917252024916194,8.734534046427507,0,2
0.0008189606233365381,9.785897528855307,0,2
0.0005982027293273209,10.625898529299796,0,2
0.0013815932655224493,15.627927428515255,0,2
0.0012038259694382306,43.83019586829363,0,2
0.14016702583068327,425.08224458077973,0,3
0.003599671378780995,57.524445550058616,0,3
0.0019014046166432954,34.9116872104565,0,2
0.0011967531385005344,77.79433253480306,0,3
0.003140402762465347,124.84315203124494,0,3
0.0007211563136453723,12.09824985875333,0,2
0.0012816868037458904,23.533049411197787,0,2
0.0012978091915634973,27.934824239529707,0,2
0.0004297141124580728,22.928372772374065,0,2
0.0010073464094121458,22.8549273124551,0,2
0.004064977256991826,103.67242338221052,0,3
0.005825108041454205,69.02019405344679,0,3
0.0015174221199339218,32.66190476464562,0,2
0.0065273085303215505,77.99590187463902,0,3
0.0008085471335748221,9.279283371633078,0,2
0.0009705916716074583,51.788123804169466,0,2
0.002506083749622344,28.761045955323432,0,2
0.00120884889613982,12.797580776338,0,2
0.04616077018376725,112.8516557328736,0,3
0.005499283214250569,97.68398329479064,0,3
0.0014900382562609232,35.31590192409319,0,2
0.002014792726275495,34.678909196971915,0,2
0.0023315685905776697,43.036947648411626,0,3
0.00022168289983315746,17.172765717932453,0,2
0.00018552189484224445,1.9281659608321673,0,1
0.0009298647360553683,23.71509716043497,0,2
0.0019077415714119706,33.887288312351586,0,2
0.0003529369274460363,3.89681599219775,0,1
0.07876060464857298,233.68315632321702,0,3
0.0024300835022770216,27.888829850476913,0,2
0.0011912627354704274,41.0968078772296,0,2
0.0026457748761192575,30.364209819792876,0,2
0.009408555249192844,97.78498644339835,0,3
0.0010922979552350017,37.682668880980856,0,2
0.0007160799947235226,7.906319112947334,0,2
0.005097843358583667,105.51174029885247,0,3
0.03954892316530841,123.44372231155762,0,3
0.0003926167133345527,7.126820194197555,0,2
0.0030093989847826794,112.35431382452884,0,3
0.0013214585390210365,28.818713210135858,0,2
0.0007430116353647827,18.949630457822085,0,2
0.00198691217674038,36.481691388477664,0,2
0.00022500085001270112,5.738379801203621,0,1
0.12052971691885178,310.5030364126069,0,3
0.0011012377051758263,17.598297661969003,0,2
0.00046058396247162733,35.679344175464514,0,2
0.0036494054406233482,40.29349262470963,0,3
0.004755826262786877,98.4329000028445,0,3
0.004135011786260442,154.37847033605644,0,3
0.0007919030414006219,31.481207752463888,0,2
0.0023310588850535253,135.39011528389725,0,3
0.005179434341889965,117.51230192264146,0,3
0.0008631398894994386,10.811583271377238,0,2
0.0031374214888464213,172.03944240521753,0,3
0.0010875330116962747,43.23364211143724,0,2
0.11805700594800701,358.032259980049,0,3
0.0018139092355809268,31.22127296366783,0,2
0.0035945429968753527,42.590807485840074,0,3
0.0026927820303689833,100.53358787950037,0,3
0.0006640855707016986,7.511820855123911,0,2
0.006857326406283498,118.02931223456616,0,3
0.00017222593073317586,10.003045725850793,0,2
0.004835683095260772,81.12430164895349,0,3
0.0010684480390075626,18.873401890777707,0,2
0.007718455756193748,85.22033113241001,0,3
0.0001461323959201291,1.7314848500877746,0,1
0.006090218107828221,107.57952633644189,0,3
0.000592232567874976,6.538905855773367,0,2
0.00025962126135345827,13.307400987109313,0,2
0.003589950898888349,85.0866434635018,0,3
0.002962661495854989,58.387315795336114,0,3
0.0010225971017645138,12.116487780140666,0,2
0.0003729556232765025,12.866419086360596,0,2
0.00011471407003366408,1.974475471562009,0,1
0.0004252041660476166,27.64018177561448,0,2
0.0023032965612221094,45.39273348593499,0,3
0.0004447101167758461,8.56846407709764,0,2
0.00217541454128681,75.04859406291314,0,3
