energy,time_ms,violated,priority
0.00014465579663428243,2.671259011290562,0,1
0.0013032030258959887,39.50310708529776,0,2
0.13022906536923942,392.5202012302244,0,3
0.001434088028163387,28.390800525121684,0,2
0.0008732988929147776,36.47832514255908,0,2
0.0009304484585691082,11.625721005778196,0,2
0.0006621632332128232,33.9607580377325,0,2
0.431744728738474,1036.3606364497464,0,3
0.00027772480119859415,9.325645266657821,0,2
0.000693982322446246,39.351406884846035,0,2
0.00023747037257056965,11.802721564623038,0,2
0.25828935732329,1589.150889064007,0,3
0.0008893637443990084,40.7301835060916,0,2
0.0025820931830088695,28.29024326430013,0,2
0.0008450352188999624,13.377009859254839,0,2
0.06568558296181787,1755.2443331794439,0,3
0.15872604884201438,1402.814984819015,0,3
0.00011461365525884399,4.456955372907827,0,1
0.13037527671640892,1231.2879830466088,0,3
0.11080259393382796,609.0022214860361,0,3
0.0008342492464889321,38.206105334633804,0,2
0.0005242336649935452,26.055393419159962,0,2
0.20181370056367065,584.0933134001601,0,3
0.0018023062942749315,22.420596121014132,0,2
0.4046796279960253,1523.7875128378118,0,3
0.0004087267083849029,5.895723752094057,0,2
0.0010269459757778904,51.04113529115973,0,2
0.0010877973550028884,13.691061568497123,0,2
0.0009728482794554167,37.83093171883094,0,2
0.03005694676059813,229.60336735667806,0,3
0.17468076234051758,955.2632105690316,0,3
0.0017901516498427766,31.055815276954622,0,2
0.7622597331169986,1590.7630350102586,0,3
0.29401974844927914,1035.7522224585848,0,3
0.49950596419408233,1482.61042775451,0,3
0.0010024203288576642,45.90783490078019,0,2
0.0003832391364992187,10.030565063827812,0,2
0.0008476125228947791,32.96091708730613,0,2
0.0007789386384729433,8.35833436467093,0,2
0.0013988435520584353,42.402193314852674,0,2
0.38142377050606163,1425.7111196495446,0,3
0.0018225500164565631,22.659364822702216,0,2
0.0018011108389832115,28.486143481242845,0,2
0.000583771893598195,34.29815683233266,0,2
0.12793392040521592,693.0844756456972,0,3
0.00041993259731697787,11.130297848190159,0,2
0.002833852769960803,145.3414859176647,0,3
0.0012631052780344243,13.285411471105627,0,2
0.0020383599059747124,28.933757448367828,0,2
0.0010322294578785853,27.557161018579027,0,2
0.00012238855312922655,9.051014627657933,0,1
0.0015715975743174383,19.550591700459155,0,2
0.0004900874767960054,32.92435698163416,0,2
1.1389327765568245,3681.6420920864052,0,3
0.00037872700196442817,23.495172002945882,0,2
0.0010222110320694381,10.964455718624848,0,2
0.000353053313180164,16.168779449154417,0,2
0.0008186503749905039,27.195657197639292,0,2
0.001392708155444142,17.528681252477565,0,2
0.00017386311769560943,7.9624076574750795,0,1
0.00032244829887545046,5.836385117411085,0,1
0.00030983270278030504,18.203498229838843,0,2
0.00031354627836064817,11.090584588288593,0,2
0.11800892009997477,792.6635773450947,0,3
0.5561218491149321,1122.4125737200059,0,3
0.0017525510965703335,27.98863488393614,0,2
0.05054961481783381,380.6905481271942,0,3
0.0007357444688681034,19.256730491427753,0,2
0.4171856476929368,1680.021505781086,0,3
0.0002583988985882797,19.109403217013085,0,2
0.00276006145787437,29.60501372625663,0,2
1.0601908222589984,2624.968587378968,0,3
0.0012082880055691585,20.961558818556714,0,2
0.0014123981126179484,42.360682031835346,0,2
0.0008439296639317664,9.24636478950292,0,2
0.0016646270658916672,20.707873714373545,0,2
0.0020704513509055664,29.865455221472516,0,2
0.00015095430072423934,5.014718786458,0,1
0.0006344191570242882,10.033893940944443,0,2
0.0010159326019244608,11.804371369555074,0,2
0.0009037619747560767,16.689150212434544,0,2
0.0013131172532212508,40.601424333977455,0,2
0.00039816191205612844,15.246867143294198,0,2
0.0014465464468587578,16.80777979728698,0,2
0.0004384018190411628,5.453695720124052,0,2
0.0002666829256520934,3.3175216595586794,0,1
0.0006296160041767663,22.27042715662822,0,2
0.0008020594621167547,12.685272013156379,0,2
0.0005898476679015364,17.690727057743782,0,2
0.0020563567380525393,32.552376213245616,0,2
0.002506400211298311,31.316844385113708,0,2
0.00268318174905715,31.176550253318855,0,2
0.0018196679025167693,29.06050535886092,0,2
0.0039733128800432845,73.37243361443763,0,3
0.0007224680838189045,33.08686442027528,0,2
0.0006141757163570062,20.40298612378139,0,2
0.00033451995577882926,8.866438966087944,0,2
0.0005050396649218795,21.095871363605692,0,2
0.0001335684152177567,5.635775486178112,0,1
0.00017047105657036138,2.696148883099162,0,1
0.21076972615257855,1870.0792147043655,0,3
0.0005494617476147968,6.831337457355285,0,2
0.1294723952722297,500.7083703736649,0,3
0.11618538843396739,729.0148019001609,0,3
0.0002664763736147383,11.790049612430485,0,2
0.00022903977677845747,8.906618163576853,0,2
0.00418358771464386,126.81424935971769,0,3
0.000848723857621904,42.18316275975542,0,2
0.00043478014455908373,5.4324692710750435,0,2
0.0018357294697180697,19.91662959726158,0,2
0.0016271923420985237,17.82804257363449,0,2
1.113973738679219,2623.7002732599585,0,3
0.0025115418657107678,26.416536842280927,0,2
0.0006964556665173695,21.111186996886147,0,2
0.0012083645691451544,15.098213366652086,0,2
0.0007204793770437346,42.33008635615435,0,2
0.0009490844450557101,19.430141611190972,0,2
0.0007652097972924651,47.47149189910274,0,2
0.0010998675479056837,17.39536740431336,0,2
0.5110163931533493,1811.4048970627741,0,3
0.0022641286342776723,23.81423073197824,0,2
0.0008745564797388382,15.171935006969075,0,2
0.00015285096674636032,7.5969788646144885,0,1
0.00037327441058611604,23.156908368109367,0,2
9.805829440303932e-05,4.873680591868245,0,1
0.45605530656086424,2602.556735413025,0,3
0.0009447010732732983,18.49072510268672,0,2
0.000871168944532269,20.97684190873545,0,2
0.0004140512254417861,18.31938953471371,0,2
0.06639854426905568,414.5074338509449,0,3
0.07721865716335995,680.7024796334791,0,3
0.0013353428870254752,24.484846104164582,0,2
0.001867096894325,34.235087154988626,0,2
0.0023412995312647677,23.735770562043516,0,2
0.0014960092912992985,39.65167053524154,0,2
0.0003350509127967356,13.625983261193165,0,2
0.0009820155577028992,26.216613602546072,0,2
0.0011539391208614566,27.785653589398965,0,2
0.0009056360865034196,34.67964331340667,0,2
0.0014087164751619625,33.920427236497936,0,2
0.23083185758657943,1611.6327870914963,0,3
0.002027941694981647,28.785874834980604,0,2
0.04023955457166284,150.71768480527126,0,3
0.0005659951155784728,38.0238755680827,0,2
0.0012812184410415767,75.27500297499185,0,3
0.946905720735667,2229.6582672836425,0,3
0.4842137222989882,3346.661615190168,0,3
0.0014099785707161736,22.300044506740665,0,2
0.0008729464147145668,17.871404957953825,0,2
0.0742909931876478,402.4268128910003,0,3
0.0008442765803725669,37.354391438833275,0,2
0.5912750192279889,2443.906272305266,0,3
0.000681502665646117,45.7837388426223,0,2
0.0020066137984238955,36.32015101446266,0,2
0.0017999202838696066,18.93166151883126,0,2
0.002129555162735688,26.60825966271494,0,2
0.0003399278817070292,7.378313257303573,0,2
0.0014384822068624684,34.63715509060503,0,2
0.002398596592573629,25.737935360343716,0,2
0.30911698415274697,917.7138764004416,0,3
0.7426881043856928,2530.504043496645,0,3
0.0004987665691551713,9.874137357954762,0,2
0.22222064576868017,1072.365326883515,0,3
0.4896667925670054,1964.6163822957224,0,3
0.0006711783196488774,33.35881752858723,0,2
0.02257659445467597,350.64615409063134,0,3
0.0006018167759776124,30.31679150500043,0,2
0.6410645273417079,2644.6084524495154,0,3
0.0007197415944480839,8.948389464987397,0,2
0.0014111883077003152,17.544994874753986,0,2
0.01606677587450829,116.49022099504984,0,3
0.00031440573544411514,13.266011531550943,0,2
0.0003721626166535879,21.103019603786358,0,2
0.00045752606195953655,33.83547703973633,0,2
0.2896207447250098,1553.2734444795408,0,3
0.001528239964377928,36.79842851673169,0,2
0.06397960688150216,454.1265937640808,0,3
4.8957470078379026e-05,3.6205573681769248,0,1
0.0005703518100609612,12.379785677971526,0,2
0.000536928238752549,20.879407372268172,0,2
0.5317673869617289,1878.3225221823432,0,3
0.0004910580433796905,11.824166837718549,0,2
0.0006616567992024454,32.88558015802764,0,2
0.0012901772865939398,39.89212338087681,0,2
0.00039160627159467965,19.727342543252938,0,2
0.00032566424695036367,9.767330819092564,0,2
0.0007163635384381928,14.665760322445177,0,2
1.0931319682686222,2411.122907754497,0,3
0.5875209432501617,1996.2614471226073,0,3
0.22106968815804728,662.2205587406496,0,3
0.0007487862799599209,50.30389053302013,0,2
0.0021661940760127566,22.78414960856224,0,2
0.0026971473338358257,28.941508526494307,0,2
0.0011529265278218158,25.024875989008276,0,2
0.0007528019035849219,55.67204503089075,0,2
0.22598884104898403,1668.9524066647914,0,3
0.0021222477403088362,30.612597987073222,0,2
0.42180803627849184,1437.3451882331938,0,3
0.001788725546245329,18.13385198997156,0,2
0.1760912841143598,955.2057375419173,0,3
0.5343026486439886,2546.2428722245513,0,3
0.0008214153264583312,15.061470766310117,0,2
0.12662941950470616,710.7381145056241,0,3
0.0010244223665677812,50.915707194499035,0,2
0.00023062462646390207,9.379133677282352,0,2
0.026399604688498262,84.78486368614753,0,3
0.13476793962208763,460.6925980737255,0,3
0.0005668096227162518,8.972664975154627,0,2
8.079727780791784e-05,4.07019930857721,0,1
0.000825369362209703,19.87403561163725,0,2
0.13946654461790225,1033.1216997481126,0,3
0.0009680986630205298,29.93349186299205,0,2
1.0849887670193068,2253.6697596703834,0,3
0.0008314880953331139,38.07965291966548,0,2
0.0021634861402472466,34.24824762466466,0,2
0.00044811828128237826,20.522468949304283,0,2
0.0005779634406693099,19.2000102673782,0,2
0.0016002402368290123,42.72119685998451,0,3
0.00023929550345358873,10.587452161249693,0,2
0.0023981345338490883,30.183018373288686,0,2
0.0012627061026681615,14.671693514179404,0,2
0.0016128515089014,29.573243972030852,0,2
0.7644987885573687,2313.5093039240833,0,3
0.00015592631039206394,9.161086901855814,0,2
0.000339566133701265,15.023851866234235,0,2
0.0005120576038909728,29.035591350749097,0,2
0.00047271364648744733,34.958646210432946,0,2
0.0004481273434316014,9.726839417813029,0,2
0.11017131991918495,311.1411361293308,0,3
0.0012060317725401076,22.270958477007124,0,2
0.0007971616426010706,49.45369569614733,0,2
0.0004910826333033777,13.016126901466325,0,2
0.0003614662341914365,13.84167466205755,0,2
0.001336464693761728,26.458140493683935,0,2
0.004284348048613897,129.86852884163662,0,3
0.00019726552884688294,3.61706057852422,0,1
0.0017490822791581943,22.014020407558835,0,2
0.0011918956695632108,19.034841711852202,0,2
0.26428411503782484,786.7257555024621,0,3
0.0003924271280188647,7.195543504218993,0,2
0.00039420898027279816,7.715890341881747,0,2
0.13567410913692243,948.8570776016222,0,3
0.0005247169280077988,5.319507584100303,0,2
0.0005204055169914815,5.2757990960083525,0,2
0.0003899597121019443,13.094350694125735,0,2
0.00025171122973677415,8.361875259382792,0,2
0.0009947881019875544,49.44282883149884,0,2
0.00042514509319758754,6.724041554272012,0,2
0.0013214665048320558,34.58690539141763,0,2
0.0008608304588086368,38.086805518895694,0,2
0.0007134036844786738,27.741968244609456,0,2
0.00014838355951656663,3.9329007172724797,0,1
0.001243006861401249,41.73858799582221,0,2
0.17937067485338515,582.9234511066907,0,3
0.5683649394000113,1199.1592068113803,0,3
0.0019679886018865557,122.08855048973909,0,3
0.1356498140735987,399.5440933182003,0,3
0.09959396876161117,502.80883669142304,0,3
0.0008180562500141894,37.46451481884833,0,2
0.0003203506207491691,6.558381563216874,0,2
0.0001457458479651104,6.087909275258987,0,1
0.5649271485681526,2353.8129232792107,0,3
0.00033009897792209494,20.478424363850113,0,2
0.0027178621387888417,29.163786967368267,0,2
0.15899738454536708,1372.7339961074115,0,3
0.00047422829045275596,23.889464005177242,0,2
0.0018425894350315966,26.578635735355853,0,2
0.0002657614984203248,11.101049627342613,0,2
0.0008523756861334356,48.33290612583972,0,2
0.0014797246283866424,18.407697053913616,0,2
0.3851432424653988,2215.536333486456,0,3
0.0008464264982274778,12.209372932150337,0,2
0.0021854122339702202,22.155406720206646,0,2
0.00038623656941101533,15.707621822979384,0,2
0.0006254364990373783,36.74606360444928,0,2
0.0003348162887349755,13.61644147689677,0,2
0.0008354137961831224,13.212799983879291,0,2
0.0009610640867245144,40.551064499626705,0,2
0.000798613213804477,53.65129244568171,0,2
0.0018328881627583816,33.607835880454104,0,2
0.0010218085810806711,20.918987275955356,0,2
0.16607212262626234,1159.18557673104,0,3
0.0018500158492199758,49.034601165167224,0,3
0.0014875731083066454,15.956029589335701,0,2
0.0015296780572322257,19.252589983995556,0,2
0.0033102925164362105,102.35383839463631,0,3
0.0015941521703188393,17.09921956606635,0,2
0.8594260344664896,2530.7873629424494,0,3
4.585321536095136e-05,2.099939296781131,0,1
0.326501310109906,696.4887612866613,0,3
0.4315918731197067,1747.4165766835988,0,3
0.0005743526901001764,25.411809007518944,0,2
0.3758029941765636,766.4954342530432,0,3
0.17214973510181825,1273.6709737410229,0,3
0.00016541662998703272,9.718668507662342,0,2
0.0003865765976403141,10.246198319367053,0,2
0.0014814413716638937,23.430291217441418,0,2
0.4815384134996602,1386.865035271616,0,3
0.019677731071546366,402.36908137937655,0,3
0.001406241044080242,15.089549116204083,0,2
0.001058223940534513,10.728127828317715,0,2
0.0013758694529379344,27.238240902823307,0,2
0.0022963885971636973,28.550496023693466,0,2
0.0026102169737961937,30.328754540842553,0,2
0.0003336692735359503,24.67588183990625,0,2
0.00048723755320568776,9.974976100805234,0,2
0.0025417761608124726,187.97226230344359,0,3
0.14775076606246926,1297.3215221664782,0,3
0.00051201321065219,29.033074087202493,0,2
0.18867218760335527,772.2576021576768,0,3
0.00028340781720986814,8.590748432581872,0,2
0.4271270601871638,2602.043125843587,0,3
0.0006246659746131189,31.047067006481175,0,2
0.00035887561144328563,4.516822980957724,0,1
0.010968685360484539,180.24021072678775,0,3
0.0004031095285457251,25.007796275634465,0,2
0.0012008452893537138,17.321726106447066,0,2
0.08332145258833991,1056.4486926613965,0,3
0.4890776322438336,1429.017162690699,0,3
0.045836972764497164,254.55364538191867,0,3
0.4528111675576363,3131.8354762448907,0,3
0.0023437388701384324,29.139191587656683,0,2
0.000450612044244018,8.262422081398554,0,2
0.19034757239901054,627.1054859507685,0,3
0.5198871621365192,1662.2082084220945,0,3
0.0009156792474141997,32.388897110450216,0,2
0.6565304984961201,1376.1522010652634,0,3
1.052587429612557,2489.6772669070338,0,3
0.22267857055749274,872.8921831232931,0,3
0.0011875380863846346,14.946402453409272,0,2
0.00027236386405649434,13.968886856742118,0,2
0.4035148852009295,2204.4510588333487,0,3
0.2283395283577976,857.1784993616923,0,3
0.07251581359797027,230.135842848384,0,3
0.002809673965228514,30.783691499878902,0,2
0.7198418149458199,1705.1698214699352,0,3
0.000763055933458508,58.333896479133145,0,2
0.0013767999032601472,25.245001920551857,0,2
0.6653680049594705,2641.9051541022327,0,3
0.002152643135867656,31.051039742588916,0,2
0.00083370324763374,25.27147958852627,0,2
0.519298076701424,2059.27907366217,0,3
0.001282514990358315,64.6072710445298,0,3
0.00021136819200800216,6.535478559412804,0,1
0.0005633474949729843,7.090314388669636,0,2
0.002873874130416665,111.75569540727129,0,3
0.8476591199139208,2423.787876277282,0,3
0.5189333139213679,1760.1645042595521,0,3
0.024700315569614557,163.81401222494733,0,3
0.3303385998149546,1819.9305426575634,0,3
0.0014973897822872248,16.061325349005145,0,2
0.0008117173192923696,54.53163374684895,0,2
0.0024961975388100768,27.08233571568234,0,2
0.0004933275462357498,13.075628235109388,0,2
0.3948698003516782,1300.4337696172768,0,3
0.3491579800473917,1825.9309582985,0,3
0.048799037614851756,162.0238276153793,0,3
0.001287273393159736,13.966190435407691,0,2
3.849875364722663e-05,2.261904529701052,0,1
0.1889521817626009,1076.643785669298,0,3
0.0006190530873553703,16.526699056196662,0,2
0.0005790359156651088,22.516839111376928,0,2
0.0014478429253880632,25.117392956538808,0,2
0.11074273735109523,843.0600535762525,0,3
0.2783744982032669,2061.5449503612494,0,3
0.0017334178686124258,17.573150409894406,0,2
0.00047226672627331275,31.72714876948881,0,2
0.00047789199521664974,28.077430209647385,0,2
0.0005684837859552052,7.067834290108743,0,2
0.0010907546138904404,54.212543921667596,0,3
0.0009729782625049421,19.26215910290697,0,2
0.0007803726035332868,20.42478814995789,0,2
0.0001429368452583652,3.7411036343498356,0,1
0.17830268307006444,742.6062583942424,0,3
0.0008055400736113117,13.974628197814674,0,2
0.0014254937577859361,26.13785239803358,0,2
0.002114554464917841,74.79484458348445,0,3
0.001675644478763818,17.624521698069355,0,2
0.34575866868316124,1382.7448129192974,0,3
0.0008040055083669218,21.043335075374813,0,2
0.0004772050703889737,6.0061223438781886,0,2
0.0026541234161648955,28.795742432185914,0,2
0.0014426450414581466,15.651885206953029,0,2
0.0011616443149683505,34.84006741502506,0,2
0.0010601768892431335,13.188545102493816,0,2
0.0013157983517150906,26.04900661688738,0,2
0.19927093420312955,1605.9884283697768,0,3
0.0024585492370550726,26.37092869872109,0,2
0.0017127775089536435,27.113475404976228,0,2
0.0005664114771381084,11.213311140434014,0,2
0.0011757554720194581,35.63987605490445,0,2
0.001755659981561631,34.75699632629262,0,2
0.2276442396364833,863.6461886481343,0,3
0.0020526571648089636,127.34115312642952,0,3
0.0006322522480810394,27.97353202960984,0,2
0.3916407141543448,1349.1475713092925,0,3
0.0005079019876520361,28.79995228591061,0,2
0.00051906123737085,19.876481114325188,0,2
0.0008518706085480075,30.131893421842957,0,2
0.00041336996580863133,14.62149254658151,0,2
0.35278188404951044,1455.241280507513,0,3
9.2775134587761e-05,4.104767055900525,0,1
0.0002650960522897467,5.2481360925899505,0,1
0.7583925076407817,2289.7835519077835,0,3
0.0018005041082223168,28.50219809616014,0,2
0.07031899896260668,388.3234918729175,0,3
0.0016375400645303256,39.430261223689335,0,2
0.002361968308309734,29.727828793830533,0,2
0.4219581298382218,1431.7400795020865,0,3
0.00038941657614965914,7.70932335918031,0,2
0.0025557459405149093,25.90979857505294,0,2
0.0007715437250495707,10.951774971613585,0,2
0.000832799428532928,8.932786059019064,0,2
0.5294222787530135,1720.8868015348692,0,3
0.000571173687009069,28.38840028687717,0,2
0.1934104788246437,1648.25370043233,0,3
0.38168174621827283,805.7220227259818,0,3
0.5013235967861581,1702.1468817279363,0,3
0.3711693502414432,1076.484894444283,0,3
0.0021808864996503636,34.82924753604745,0,2
0.0013020954501703204,39.05248162469366,0,2
0.000812776940883518,16.090635684055496,0,2
0.0012099278546441855,40.19393891948086,0,2
0.00245436939662943,26.32609482996006,0,2
0.13365414233026418,1175.3878602129016,0,3
0.0003620133752133889,9.66457680072142,0,2
0.0009421921217905163,24.97276708869278,0,2
0.3383746655494062,1944.6285285297217,0,3
0.000812789405326814,37.22330917946188,0,2
0.00032279117658644144,7.772475733078293,0,2
0.0010225816803185823,26.764156112054128,0,2
0.0007324344126452293,11.594525458911848,0,2
0.0003703204035026815,21.757312088563616,0,2
0.0008991871076813411,29.871096482820494,0,2
0.0002967428616290389,18.409103492640547,0,2
0.0006248439983907459,6.572143880825173,0,2
0.0008261974781175348,48.54130695517362,0,2
0.001278806287131542,12.964361124804958,0,2
0.0010168236844031297,24.484056520442557,0,2
0.0004977598607202714,10.190394155700085,0,2
0.0004501936358898793,6.390330494362749,0,2
0.000376147734765613,12.63056207851111,0,2
0.7395116437716478,1500.3253145991594,0,3
0.001579529355078984,25.22543878707996,0,2
0.05192867005432194,368.0941606548165,0,3
0.001262178718344329,93.34204670587775,0,3
0.001264650792637227,13.570227046549611,0,2
0.0009134787654331764,40.416190817463274,0,2
0.001314433434979598,35.09108710226064,0,2
0.001970592141603937,36.38956846745788,0,2
0.36822200148888967,1172.9612996452347,0,3
0.12192144642406345,1356.856809391906,0,3
0.0008326112763944819,41.943168550194756,0,2
0.0005850926800391048,24.43974359083559,0,2
0.14071604251132186,1306.5972875503846,0,3
0.004009064860721151,63.463982291852574,0,3
0.24601702372624568,1387.702765933106,0,3
0.0008334018940906919,27.98457464118572,0,2
0.12990387621243976,856.9882237335219,0,3
0.0011532978350894533,22.831965778288268,0,2
0.3314385033346276,783.7258426996943,0,3
0.0014838300560220078,15.922111365401392,0,2
1.0796876196140313,2549.4267167860853,0,3
0.0005841388454503264,33.12286875483125,0,2
0.0009663398065740176,29.879108237499192,0,2
0.0006526372603797251,13.361123402642452,0,2
0.0007904184091827875,19.032453022167328,0,2
0.0024234339800548294,94.23953082989489,0,3
0.0004747520642080762,15.94156993293578,0,2
0.0004893834370995911,24.652911352375984,0,2
0.0002768661805471843,15.699353385488287,0,2
0.06256411744618859,539.2067285317027,0,3
0.0012520795176519334,15.56683016725558,0,2
0.15900078781152813,345.9803198452926,0,3
0.0011628658004656338,23.806782732101283,0,2
0.0013138627091625514,40.62447374020587,0,2
0.0009825120155594418,39.95718789775685,0,2
0.004303745748907369,112.64246691223751,0,3
0.5612647860598262,1925.8962878404823,0,3
0.000643893623735959,28.488596065744158,0,2
0.003055237996840083,128.91247814058212,0,3
0.0008518073629078993,22.577122421601093,0,2
0.0012153116049918634,21.083405258923936,0,2
0.4200306340687582,1239.2008629901072,0,3
0.0020868094543558093,33.03444640052163,0,2
0.001169016625885547,21.15945800030389,0,2
0.0015828271602366217,29.228979504962926,0,2
0.001394357342696866,41.81960277704935,0,2
0.2500125703859207,751.6632176749721,0,3
0.0005539551463216438,19.594193369220488,0,2
0.00028343449508659373,16.071801515113332,0,2
0.0007070242867292385,35.14042912115935,0,2
0.001969893263487488,36.376662766408934,0,2
0.0007855802061444012,11.151017577512576,0,2
0.0006850946560881363,22.75892124904195,0,2
0.001731552885525398,17.554243469511654,0,2
0.001773161300462607,22.0453257435401,0,2
0.0026161118305585884,30.397248334881475,0,2
0.19350880329335018,778.5402659962817,0,3
0.0007760489872016201,34.335712155899294,0,2
0.0018036848986714594,19.568964071013593,0,2
0.9726047553633723,2779.429814129516,0,3
0.0016467925263958054,33.7139778855434,0,2
0.17012999165473186,1253.2688964151305,0,3
0.0004918351603584345,25.22504125506721,0,2
0.00011167953092081797,5.625906736818247,0,1
0.00022990597387902498,10.529001844534637,0,2
0.000129958015636381,2.055399701023096,0,1
0.0004442727960616872,19.65652052362964,0,2
0.2814641106826301,2082.109014132571,0,3
0.00046988922103318007,6.777969201585509,0,2
0.0012715219364880668,44.97556681653566,0,2
0.5491524996569156,1115.5202496855372,0,3
0.0015310096945851416,19.045680597514682,0,2
0.0022873574821911046,24.544293611067502,0,2
0.0008091165142192444,24.526198658655247,0,2
0.0014680171751492454,15.927158550413285,0,2
0.000795296197066771,40.0634046002233,0,2
0.5082717002649446,1066.7644790075203,0,3
0.0006638327251929854,15.984401438569048,0,2
0.0008238919607509029,13.157739776257552,0,2
0.0010288005616003848,39.3959969668226,0,2
0.0015643583466605055,24.763982090505642,0,2
0.0018431172967849512,37.73323887998709,0,2
0.002444986706392091,30.397983740665094,0,2
0.0017476418782565498,34.59826104153056,0,2
0.5286115066159213,1175.8040671664498,0,3
0.0010554897081961824,19.104595825069733,0,2
0.9082714361341738,1825.4254125339241,0,3
7.365190217666392e-05,3.3730355100717477,0,1
0.0004778119399946412,20.160760416561544,0,2
0.47395489763690624,1606.4790236848492,0,3
0.0024728607058390347,30.762257960957555,0,2
0.5886172642739458,1904.6758236269823,0,3
0.0015564562157540877,22.451275368269407,0,2
0.0014727875625007594,27.196954007955995,0,2
0.0008512909566768018,14.768321275920208,0,2
0.00046122155072988573,5.05329162973178,0,1
0.0015825776835025837,25.052396399299575,0,2
0.0008724040316289636,10.980112476560983,0,2
0.0007668741007241564,23.2457331051851,0,2
0.1718599277328987,1049.702903180628,0,3
0.00032307419146100684,16.27500809903361,0,2
0.0005485209147732673,27.262515148146704,0,2
0.00035329447031981525,6.524045765458611,0,2
0.0007708925790065683,20.176666301833105,0,2
0.6404445042976848,2283.058442474319,0,3
0.0005504235567636171,31.211085125135828,0,2
0.0019802623914276047,31.31958200005127,0,2
0.001404007350307185,25.92683717962684,0,2
0.0008390051405148865,37.1211604900331,0,2
0.797435170356701,2586.698852398957,0,3
0.0026398360212671144,28.31544979613163,0,2
0.0013570569235881126,26.561805879843888,0,2
0.0015517166545165578,41.128192122055594,0,2
0.33885967029395325,1161.3277392920456,0,3
0.0012329604000653352,19.69065468693773,0,2
0.16036609463541632,1120.0539310380793,0,3
0.0004096395263934989,31.316013254877415,0,2
0.0006343696459912567,10.033110880646145,0,2
0.00021020984444545404,16.07006612109986,0,2
0.0025186963039069443,26.49178762060774,0,2
0.5724283588110363,1349.3519731357314,0,3
0.0001360424913259994,5.209493244541847,0,1
0.0009402322704084535,20.408235390583076,0,2
0.0012562261403880899,24.86964890982159,0,2
0.06886712758815317,640.2813929340414,0,3
0.0007846881091395366,44.494766021712536,0,2
0.0013213895445591277,60.515665240315684,0,3
0.000810448926178694,45.95550120214284,0,2
0.0018428493957847291,23.194177135216016,0,2
0.5711561103592249,1265.1602543329682,0,3
0.8586914367697166,2021.5611456644401,0,3
0.3260781307779638,945.8283373308105,0,3
0.6224764124665179,1256.2873823997309,0,3
0.0028507910288933873,30.57819864854601,0,2
0.00020564397589430824,11.660786603770022,0,2
0.0015160473448409433,30.013358251893717,0,2
0.0012298116262488223,24.34671782946359,0,2
0.671193746355821,2586.499633137489,0,3
0.0020750365716858403,32.84808024201638,0,2
0.06003101694830741,921.8874590809987,0,3
0.00016270662578145715,3.18467245865008,0,1
0.26963317551553534,2647.5456075499856,0,3
0.2506362938215442,519.6376217318085,0,3
0.002100682169708286,22.541190154266744,0,2
0.12452319711115611,1195.3686013700624,0,3
0.03168843728114355,110.1562243381067,0,3
0.0008919122678505138,14.106372736623825,0,2
0.0008166315004951222,8.762794393204642,0,2
0.001063752025211453,20.820920852199485,0,2
0.4921545895148277,1597.871228011398,0,3
0.4116038020845994,1702.7983945319286,0,3
0.0012654442997341415,18.253541698744986,0,2
0.22852070481001632,931.925267399553,0,3
0.5377449001739629,1190.2539397612886,0,3
0.02083517727402087,325.56572007240123,0,3
0.00035519672201856837,22.035418746014464,0,2
0.0005236281550771506,9.601245430999974,0,2
0.0005738109198562398,28.905983872442377,0,2
0.0016499322785218015,30.468163527267933,0,2
0.0012408370205946571,13.309485164523565,0,2
0.0008295393298274339,8.897817538064668,0,2
0.03560381382670703,316.08295282982573,0,3
0.0024740795509858083,26.84236801989743,0,2
0.0002920477998443849,3.6757254374855335,0,1
0.00114948759642183,12.329651563787383,0,2
0.002066082488132364,35.84270422230698,0,2
0.20173200609229647,1480.880328928717,0,3
0.45871225019852563,932.693754277633,0,3
0.0011952860647041008,46.480819726179355,0,2
0.001669922543638387,30.225965262992364,0,2
0.00042915158436911783,11.45694808608061,0,2
0.0006503164871173232,23.00263312721417,0,2
0.47523475647093083,993.1092053598392,0,3
0.000997569853048589,33.13938230899061,0,2
0.00044099908736102767,22.61778146162206,0,2
0.00026239554165315637,5.371895576864836,0,1
0.0008099287617084689,16.03424996349259,0,2
0.0028013201399062046,30.059325902390842,0,2
0.0013108715185703823,14.066194588594383,0,2
0.8474266546475353,2757.030768939935,0,3
0.00125325450377287,27.20254741543187,0,2
0.49156932070237835,1456.923091393137,0,3
0.07320109311524163,628.3478600538992,0,3
0.00020919080537503727,12.290518144700878,0,2
0.00043411591526355413,14.421379353407115,0,2
0.14113151138070237,1308.1286259633207,0,3
0.00020519602473299264,15.686770969005135,0,2
0.32640645068201624,671.8751624824494,0,3
0.0013004680023371222,34.037309002483035,0,2
0.0016983720749481394,36.86405814520424,0,2
0.0006438797885849829,19.517490163164727,0,2
0.1530635328730251,552.0718222166013,0,3
0.39296393691025516,1084.9154358028443,0,3
0.0012389289261840943,25.36398589963687,0,2
0.0016397739270725428,20.398701966167863,0,2
0.024966669814028744,67.30412354512107,0,3
0.0016721770659734075,33.10427574207839,0,2
0.00012112807756524272,4.02388831069871,0,1
0.637111623133652,1836.897835885987,0,3
0.000962975397079415,19.714524277391973,0,2
0.841154043535338,2726.450622029541,0,3
0.0006311082332371308,7.943153784936402,0,2
0.0008918360290459745,11.224684383094502,0,2
0.00043146693547919317,17.54706826948563,0,2
0.0007410112907436749,36.82964677326418,0,2
0.0009583356127890188,47.63107195551259,0,2
0.000713626185256186,10.293780083901597,0,2
0.00057506762094752,24.2643591731404,0,2
0.0005339202619770466,9.66407415314267,0,2
9.133203026569375e-05,2.7684857234142966,0,1
0.000964473245841333,28.926507427547293,0,2
0.3089416317696386,655.7536961417327,0,3
0.001254068654252262,13.451410517285773,0,2
0.24526880246617144,1372.4270353331133,0,3
0.034177559392020225,400.8097955668189,0,3
0.0009838499500894552,49.5618849451559,0,2
0.0002160642976419602,16.51762579756949,0,2
0.47273808863650235,1685.33890993521,0,3
1.1219527457551228,2653.4701344416144,0,3
0.0003314565558318362,18.79483291045727,0,2
0.000979734711681352,40.92422612248908,0,2
0.0005509095913295376,23.245037120891546,0,2
0.0009846612637859913,10.561688815635184,0,2
0.0013303649599595746,34.81980575211529,0,2
0.0024472791972291867,30.801555097068647,0,2
0.28178085702060307,1716.0990705851618,0,3
0.09809551278348075,394.5810302066065,0,3
0.001929529640206632,24.28513820227018,0,2
0.0011364954093704147,47.95320029695351,0,2
0.0004917534409933997,7.777510841831897,0,2
0.0012283733651850565,19.4452991418714,0,2
1.1008644384604596,2220.330903690425,0,3
0.0006476600932856706,17.166206645336533,0,2
0.0016463611718884063,28.561316823525758,0,2
0.0008822193884301715,35.878447603998616,0,2
0.000773915005059113,45.46957212140617,0,2
0.0015158004781096223,32.9012457198272,0,2
0.9698867164959981,2012.5771105012097,0,3
0.0011951185563721656,91.3641046361064,0,3
0.000981977287067776,32.621395519757556,0,2
0.3668287339636536,2705.008115607004,0,3
0.0005934924290631598,12.88206497059303,0,2
0.00022003506596585042,2.73564773997322,0,1
0.0011634940270837664,14.643782949205837,0,2
0.000432430154012376,18.0629196801807,0,2
0.0005868520849347191,17.7888481639059,0,2
0.03812822636947798,344.9192616245924,0,3
0.000654471254731612,8.237201719724968,0,2
0.0024702936600428937,25.982685924014426,0,2
0.0006481799862094515,7.032387348270007,0,2
0.041433347937445304,241.3058780683235,0,3
0.000722398267489621,31.961975833362946,0,2
0.1996267246347884,708.8153368172832,0,3
0.0005854530153989386,24.702559711554915,0,2
0.30973593459019894,862.5239888314466,0,3
0.23092987214242922,786.9616289360466,0,3
0.00048179687659293967,22.06484727972916,0,2
0.0011436420526663145,18.08769948984766,0,2
0.0007310284003340426,30.535583970369654,0,2
0.0020149808441497956,34.95618535335488,0,2
0.10131658986535161,863.7515605482279,0,3
0.0003641334345635416,4.529800898127202,0,1
0.0016361673625159862,20.342110144296168,0,2
0.6790342108448422,1627.9499627030382,0,3
0.00024822098748158105,7.524153991709539,0,2
0.0009446125397879135,41.79368158441307,0,2
0.17589642468203373,1529.5510112742363,0,3
0.000221327505339303,2.37493584520476,0,1
0.5593773317191382,2675.236332918148,0,3
0.001198972518823521,36.34363860600404,0,2
0.0020800734637521734,33.219240695837556,0,2
0.0004966949481066724,22.747134128572164,0,2
0.0022312031577604485,28.08201331271153,0,2
0.0005283402013829688,22.069151590936304,0,2
0.11923097121329744,1175.6206715592614,0,3
0.0006945385352971808,12.825564991299148,0,2
0.0024370125183521907,30.316308381873238,0,2
0.000343339180644917,6.214514671433031,0,2
0.0008608792712920453,30.450542830512372,0,2
0.23620039940956974,1451.7108735997633,0,3
0.0004409732237913104,8.631211384695629,0,2
0.0010514580351408162,48.15361430005208,0,2
0.0005500711302108583,10.157784877030677,0,2
0.00014040927087984292,6.43032213187091,0,1
0.00022343946088450962,4.423455909841892,0,1
0.5941022584828609,2043.0003673756073,0,3
0.22997147187856354,876.8626996971965,0,3
0.0013945436187250725,28.549809383105373,0,2
0.0020029404958642693,31.706790630047074,0,2
0.0017607223692134735,34.46278852893712,0,2
0.001614100283002612,31.954523196848452,0,2
0.000774020388431133,39.697642226736036,0,2
0.0014901874810649921,15.673874695422883,0,2
0.3799906523164948,1100.5054930359559,0,3
0.2741258151918341,985.6110828563505,0,3
0.6077143649294864,1243.9820804642125,0,3
0.3907300396665439,1276.3210404733143,0,3
0.3996929142358945,2232.4780763643334,0,3
0.0011695602843698049,53.56234195943005,0,3
0.0007208132064270608,7.734624393006299,0,2
0.0009155912694804127,37.2356284837325,0,2
0.0006465433586248022,12.65485543472063,0,2
0.0006191671983355249,45.78934243289581,0,2
0.0024293331784117625,25.55186130314746,0,2
0.001938614916273945,35.5464415480126,0,2
0.00047350187241908183,9.693772226692431,0,2
0.0010616691426895454,11.518511533748676,0,2
0.6893086648962781,2206.5333432005164,0,3
0.0027175553151110453,29.4839427671489,0,2
0.0005525206249014741,23.079185335796325,0,2
0.0005036148707110757,25.829194238765183,0,2
0.29832400065615194,2596.4092315589005,0,3
0.13178767031810348,278.7159341785389,0,3
0.8763290359562892,1836.48993025368,0,3
0.6225193652979549,1792.792284255152,0,3
0.00150729148092826,29.840017438158274,0,2
0.25900629434256994,646.5619510557407,0,3
6.517945044871712e-05,2.6507437134689753,0,1
0.49353967556019346,1098.5303929732452,0,3
0.00034581075776372514,17.18744129532892,0,2
0.0005204754660062003,34.96583947625207,0,2
0.15794117579647818,1101.866426081204,0,3
0.0015453303268274255,40.4461207431522,0,2
0.001862572733225319,29.484751947224947,0,2
0.0005457515397532943,24.146372312369948,0,2
0.000996421357467565,10.480415182140858,0,2
0.0005363487081819565,8.490465008888577,0,2
0.32658587565191605,782.9584921074412,0,3
0.002963165352305574,168.02261624565614,0,3
1.0542424806693986,3184.4117909274855,0,3
0.12614239018818266,482.63509958073274,0,3
0.0017969459519060458,19.495850298632405,0,2
0.13389247740201965,1244.3285737213223,0,3
0.000494933325029356,15.002577303927756,0,2
0.550470636840186,1755.948717910937,0,3
0.106317122740724,2279.934696355055,0,3
0.0012160122225950282,36.86015155863842,0,2
0.001982339543160549,24.76883727976494,0,2
0.365197129300189,744.8771930478123,0,3
0.005243275338856743,113.80804584227081,0,3
0.0015837852450502573,38.13590109165844,0,2
0.001266137395506143,33.138769806709824,0,2
0.0011811756225957029,41.77988724507916,0,2
0.8992748075235343,2571.215829303644,0,3
0.0019700659247703597,36.12312721454642,0,2
0.0739183340347509,1460.2276255515042,0,3
0.0006473638560996299,15.58784820333813,0,2
0.00040853218007044995,10.82813021376925,0,2
0.14353820823673893,1326.2576629827045,0,3
0.0007344569739528652,49.3412395602597,0,2
0.40022209794250996,1100.8849741542092,0,3
0.000249354636694106,12.56135228065088,0,2
0.8981666045293211,2921.4562436237693,0,3
0.0006174028650915361,35.00906373298668,0,2
0.24729330113331427,1328.5267683977604,0,3
0.535665343090969,1829.7779571962194,0,3
0.47605543983545245,1613.3978205796816,0,3
0.0012539736420369985,41.65714491257521,0,2
0.001400153045974712,37.37952123346343,0,2
0.0007277649550323999,48.891665901888175,0,2
0.001401780565931855,27.43718603930919,0,2
0.46988322651943126,2253.336081829679,0,3
0.0012055141063578867,15.062597546348524,0,2
0.0010384632998806903,10.922614667580481,0,2
0.11664957497342991,411.38400934210125,0,3
0.000498845213473953,29.30848770626905,0,2
0.0006325925185562821,16.766841138444562,0,2
0.0011881096804480737,42.02515488325329,0,2
0.0007177461103051641,8.33966900860001,0,2
0.0018316540791049859,35.85114171892873,0,2
0.00036020895033003856,26.638573584639722,0,2
0.5451586253389806,2273.5975106633164,0,3
0.34362921785000766,2378.7552526702125,0,3
0.0010620653534060183,13.36719755419045,0,2
0.001046893623884678,37.03013906380401,0,2
0.0019838344091067735,31.376076584351132,0,2
6.256566533485138e-05,2.613413003682769,0,1
0.0005737248481390601,35.59229714140452,0,2
0.2560516308267317,2361.6808672645607,0,3
0.4875849795134715,1165.7485784474434,0,3
0.7156259630450996,2166.6328966320516,0,3
0.0009688183657062339,39.400289120412985,0,2
0.18839785517306307,1013.0842961623634,0,3
0.0001498573414810485,9.296733519761373,0,2
0.0005422471088713258,14.476229850808721,0,2
0.00018435033184256196,8.442690510653115,0,2
0.0009695537856015799,34.29451731441535,0,2
0.0005850750031363986,15.619594990546972,0,2
0.0011901520671798774,21.542014135505557,0,2
0.3091574348272984,2291.475822393527,0,3
0.0007517431670743908,37.8694010722473,0,2
1.1534528294663144,2408.9998087332683,0,3
0.001544884833651848,15.661828598467473,0,2
0.0004914897605865033,24.427960142025142,0,2
0.00100659959671504,10.801230783956626,0,2
0.00141111033085361,24.48015048012323,0,2
0.0005986942044003337,14.415933621376652,0,2
0.002515858832285142,27.564558418084108,0,2
0.0008767101917489794,27.107771545764194,0,2
0.002047377137522797,35.518201036628604,0,2
0.06991770871037631,712.4151059677677,0,3
0.0004911751190515608,28.857849187520706,0,2
0.8507592221109248,2503.0755537870655,0,3
0.18383583923590952,993.9796749073231,0,3
0.0003097738944335136,9.389965401303078,0,2
0.0039765783161893765,133.5284374741441,0,3
0.001240264772878542,26.920598482072446,0,2
0.0006150269792006736,19.016558725516532,0,2
0.0007600180643785444,29.554651126769464,0,2
0.00046745988484079903,23.548502519971645,0,2
0.3782706195334227,1326.461403876186,0,3
0.2352468743605015,1722.77700736644,0,3
0.0022128685180908205,67.07717853534407,0,3
0.0008483990746616025,43.51234597279187,0,2
0.29470511776592656,894.9869100046999,0,3
0.0004613039903014044,16.316988203789467,0,2
0.38343899470976056,875.1510585432787,0,3
0.25222971303760505,855.9787920154135,0,3
0.6403294836080646,1579.486366069038,0,3
0.0009067658938438108,9.729973783409303,0,2
0.0009387519223416805,10.285267945647297,0,2
0.0013660629431019842,21.605480439826906,0,2
0.07400253896423518,174.61581937840234,0,3
0.0008553505038566869,42.512519468846186,0,2
0.0009904973957039962,32.90443448344212,0,2
0.00045557058256245404,26.765987640506225,0,2
0.00036113574161249955,4.489921508779497,0,1
0.0016414105335601451,35.62767796400537,0,2
0.0007648497039862343,56.56301738798892,0,2
0.001694427423366176,17.177870673099267,0,2
0.16640532683506212,1459.370822151523,0,3
0.00033296608450673296,16.549037016092836,0,2
0.10188547268195809,981.1691626714658,0,3
0.0008704849514659091,35.4012268726181,0,2
0.0007552274120100008,57.73542375945706,0,2
0.00043066594123872823,5.004013747536898,0,1
0.0018643806712332906,29.513371824854477,0,2
0.000161743408124917,7.407361425870018,0,1
0.0012871993367671532,13.806777354431846,0,2
0.00048816293329107256,16.391889844034328,0,2
0.08957347804117291,647.8909860869574,0,3
0.0006510227155101377,32.35704631375658,0,2
0.0001787643470777381,3.2778229244623796,0,1
0.36111069174712007,1170.6077892899402,0,3
0.001321245216455937,43.891914153429894,0,2
0.0018989560284165936,37.16844925546402,0,2
0.0012379515799482985,15.467895673957186,0,2
0.0018713546718466011,20.50316357623993,0,2
0.000556872289086751,31.57675249349845,0,2
0.16407188899988298,680.3215817028392,0,3
0.05684149946478192,506.2979065962482,0,3
0.401820003663467,1367.587013410854,0,3
0.0008138593798240807,10.124368156676503,0,2
0.15593031700075877,3763.5732326915518,0,3
0.0017018886237348482,26.916857350197592,0,2
0.001416891000883737,104.78350178104309,0,3
0.0016293188117259983,35.36522078907612,0,2
0.2834293227479168,1010.392433839751,0,3
0.000944117941046019,43.23776096380368,0,2
0.19631776743325824,1450.469217568347,0,3
0.19002403639213217,681.3975874310037,0,3
0.0008746954686620484,49.598521712082196,0,2
0.0013603322729536095,26.93064961902826,0,2
1.0705427113498913,3458.1521506256986,0,3
0.0012982491314304677,34.659018965207515,0,2
0.0004453665071052181,17.318866955886797,0,2
0.0014549245015306423,23.23547127197823,0,2
0.0007413893104756682,28.83023897351869,0,2
0.27927706971817023,945.8248993609805,0,3
0.25030204146107365,520.9297812603942,0,3
0.18532324039887105,475.1535315655065,0,3
0.04558654587224028,255.8778090135818,0,3
0.5751214592461403,2371.5095800207173,0,3
0.00041201553261110784,4.4193673527026185,0,1
0.0008457358970877885,28.0954412769972,0,2
0.1833069089568288,1349.4287817084337,0,3
0.0005614986856081383,14.6961741712872,0,2
0.30304432442131773,679.4249432947805,0,3
0.0010571082487455497,13.142795121740427,0,2
0.0017102856516693205,30.956546394373024,0,2
0.00020500531932212594,8.337237544651941,0,2
0.02048118017788748,290.34698156239796,0,3
0.3487052160876109,2412.936402990572,0,3
0.0009512951947842336,11.97303985131663,0,2
0.0018352735784052737,29.30973151004998,0,2
0.0003097737356604542,13.705709299935785,0,2
0.0006496545868765701,21.814573984466662,0,2
0.000664224739468812,27.74514683421158,0,2
0.8357997405210413,1846.7373615726588,0,3
0.00047196253052599616,27.729058333368275,0,2
0.001466512727776789,25.44127944643057,0,2
0.803208048818138,1773.1992466167671,0,3
0.0009860035548402222,19.52002226695969,0,2
0.001015158348737832,41.284861909192685,0,2
0.0008961129905421811,9.615663716670175,0,2
0.000970546606819127,12.073549072782045,0,2
0.0004939101620268797,16.407750931610224,0,2
0.00036431263442261605,9.72595952504547,0,2
0.12854214816319467,452.95426810161484,0,3
0.0007936266692279212,39.97930138239594,0,2
0.00030047344964826653,5.21265779283305,0,1
0.0011482736720974996,43.97099670383619,0,2
0.35584645614847077,2039.6857409413376,0,3
0.5947415070952886,1223.8566479079195,0,3
0.32964902065581564,975.2056988949612,0,3
0.002240499383117869,27.871695248379478,0,2
0.0002690279021413269,8.937137057221092,0,2
0.00046086460500592536,17.921537994973814,0,2
0.2113512083701234,881.5693870711685,0,3
0.0015022134968943573,17.45458897579258,0,2
0.0011391494167525922,22.296681259262684,0,2
0.2378349769391375,1113.1858330695998,0,3
0.0006685393883923762,29.579029653134334,0,2
0.0011808128320361087,17.032765703328526,0,2
0.2697801343081677,1872.4732891594992,0,3
0.0014069137238073293,43.50159969451941,0,2
0.0008832822863190328,17.288569269649727,0,2
7.594928001965667e-05,4.4622229092959325,0,1
0.0004803804579814223,12.82459198362646,0,2
0.3429050697539842,1169.6566540814558,0,3
1.0470002215161027,2465.777421917936,0,3
0.039742319571680444,169.77653543539975,0,3
0.00027409763824192725,15.54236662774487,0,2
0.00024502620057959636,6.41310088971348,0,1
0.0010039841604522989,18.539884319890437,0,2
0.00042644068787332817,15.083822858542005,0,2
0.3501811347003515,2574.3530561825332,0,3
0.0010024084038825311,10.543387268872383,0,2
0.001551241771073896,22.01929748346681,0,2
0.000650879742054096,38.24092203953382,0,2
0.0009458478982580045,31.76036831172519,0,2
0.0014818616918110116,35.681687960560026,0,2
0.6272082510056781,2524.202151570342,0,3
0.00046494066847912807,17.80403495956777,0,2
0.26967090235527513,1160.409486870888,0,3
0.4813027540966853,1707.6121900659232,0,3
0.000854027928249318,16.715970901312556,0,2
0.3319320237254991,1897.9870404379105,0,3
0.10611973853306762,982.2912136616858,0,3
0.00035822325278327805,3.9248091551671176,0,1
0.0007543614120120919,20.13899016188029,0,2
0.2210112484565078,1056.2590380859635,0,3
0.0006083681420519949,37.741470939446685,0,2
0.43782225126867913,2375.7891657143537,0,3
0.0013069155514128185,40.40966847508575,0,2
0.5018710649165486,1705.831498528616,0,3
0.0009847368710711932,34.831564970003456,0,2
0.0019583533653239776,33.973803485221694,0,2
0.21356508585017278,1004.4128013704039,0,3
0.0019687828082746626,31.166070298591148,0,2
0.028785429731346627,326.79556268468474,0,3
0.6447187475212821,1888.029803346344,0,3
0.0008139903762428192,10.12016390821188,0,2
0.465904276364866,1150.185198291089,0,3
0.00023789763833054135,17.59327117905781,0,2
0.000175993936879761,2.215066817749898,0,1
0.0020040567805473027,24.930361627742712,0,2
0.0013886540011097536,28.429234122497558,0,2
0.003922943778274435,119.95250509982831,0,3
0.00013257751828464563,10.56846965849819,0,2
0.0018109361609552125,38.779171462858336,0,3
0.05613351054883663,192.36471237475877,0,3
0.005210869021697959,119.20612750278042,0,3
0.007707466270206046,101.64563978803235,0,3
0.0006759612433026023,6.81755453253731,0,2
0.0049489036519174395,59.81340849689912,0,3
0.003405387105046583,161.68972720332607,0,3
0.0005627099589267222,8.685818395561295,0,2
0.000966022396110665,11.196852312914816,0,2
0.0005897029035510684,35.3621990455274,0,2
0.0006465670083853053,7.879581690248903,0,2
0.0018369126543895805,23.110505000619348,0,2
0.00532278697474635,74.7954630370253,0,3
0.00017406274094204565,5.322345412180462,0,1
0.0024717720428543404,24.99446695757958,0,2
0.0006267529380093099,16.012767298842125,0,2
0.0023837647547748776,43.44875378438732,0,3
0.0005238172831370152,14.495039192891817,0,2
0.00161599526974045,19.300454668408026,0,2
0.00037476141109608527,20.342630550939226,0,2
7.756550183191585e-05,3.682854384749896,0,1
0.0007131708602047663,11.878221373073995,0,2
0.003940509816617043,151.8892059414605,0,3
0.0010265638298126239,26.22744422452718,0,2
0.0010427223147609962,22.328731572148033,0,2
0.0007468409912713578,7.552028324319855,0,2
0.00496119338016819,120.5554324324103,0,3
0.00017151224832519452,2.261894064965168,0,1
0.0012354702445480543,40.85275515065156,0,2
0.0009273841016873264,15.44605125137698,0,2
0.002344905521819216,77.53796706721512,0,3
0.003538664127943761,54.251266559422504,0,3
0.000996212036263692,59.41490273990867,0,3
0.0033063836505030394,70.80250605698734,0,3
0.0002174115353799555,17.33104710964161,0,2
0.0012362322696668501,46.225237534387,0,2
0.0008297852465934953,25.372481648857686,0,2
0.0015288467718664795,15.583151419380085,0,2
0.0014937941458468646,31.98793008885211,0,2
0.0029292565637381997,63.918500462661385,0,3
0.0015739418720159483,30.21277263180533,0,2
0.0022444024582643093,68.17525856711424,0,3
0.0013753373032403607,17.30334839172687,0,2
0.0020102632573033943,24.009349281933257,0,2
0.0021657041665619856,28.090818678076857,0,2
0.0007275977634402198,39.49513491280768,0,2
0.0006495907564134624,30.842940599218082,0,2
0.0005332625157238633,42.50923377025354,0,2
0.0029995712754276567,91.11402749528038,0,3
0.0014148954295171328,16.898641728276324,0,2
0.0009968636311645284,10.160780789002821,0,2
0.0015524610211555838,42.95960456348845,0,3
0.0013372032735607699,43.341370530985195,0,2
0.0007341739700825938,10.316565795811425,0,2
0.00021964576827243062,8.656333742177582,0,2
0.00809425080990013,106.74653295045859,0,3
0.0010965406545433967,13.795761175497365,0,2
0.001102705403630749,35.74083643843841,0,2
0.0005693021944210505,33.953649704940915,0,2
0.0023093934759741224,70.61470884146763,0,3
0.0012738156617834668,20.287635583397844,0,2
0.0011881482047497406,24.53057671670778,0,2
0.0029103119879803243,93.25590483533146,0,3
0.0010578701296901545,23.646604420042056,0,2
0.000818032980323135,25.013130646292463,0,2
0.0017683266718748632,20.496100986568454,0,2
0.0009699261153752027,16.154610005580494,0,2
0.0017955853962456725,34.83772727964425,0,2
0.0014037247446370936,30.059194648930067,0,2
0.0004606823323546469,8.391148197198753,0,2
0.0006239280414536468,40.20651652888777,0,2
0.0017365410940608204,18.869496633981647,0,2
0.0008813845171606554,17.10051412845347,0,2
0.0031771610452422314,69.3279558554965,0,3
0.005160674613045218,61.63592696869772,0,3
0.001179744694903349,11.89857239843947,0,2
0.00032581016295518645,3.8912764154521247,0,1
0.0006731681640386344,12.269800430690943,0,2
0.0004860418458254878,8.85905895113175,0,2
0.0004049234983829959,26.093655436194254,0,2
0.005197648018686797,91.26700385773829,0,3
0.0015812708358105018,28.802228762225756,0,2
0.0022351381984006147,24.287321996266588,0,2
0.0014773109685547493,28.35788359976009,0,2
0.004532609384118256,57.02551593141952,0,3
0.0002692752043610886,10.61225106122488,0,2
0.0033387830085116776,145.68049625437234,0,3
0.0007183822723846701,13.789785152915583,0,2
0.0001618708749534642,3.466283654832013,0,1
0.00025626580715062573,5.591905576211428,0,1
0.005781563572464729,101.52014583804275,0,3
0.002229159978808616,27.166322942337136,0,2
0.003752494476138429,113.98458428897254,0,3
0.0014124963434513052,67.0661341583993,0,3
0.0004292145871337658,16.544321890360933,0,2
0.00048262105476025056,31.100559882190954,0,2
0.0003908278290932542,15.064682333861658,0,2
0.007761646644755983,78.48548217040984,0,3
0.0007213259553793074,14.892537492754647,0,2
0.005577710421472531,121.70968243918794,0,3
0.000784731605160533,36.01164383908519,0,2
0.0059467652951184285,99.04638365180686,0,3
0.0004314533500615432,6.659781625224644,0,2
0.004369154710826962,139.80814998666654,0,3
0.0029689290123202927,95.13418581213212,0,3
0.001395842374595502,42.680904703373564,0,2
0.0005706422608559739,5.816413339029269,0,2
0.0015095134759919844,28.976030338641273,0,2
0.0017421739965900798,20.19297380863728,0,2
0.000566654373595265,18.366375295804694,0,2
0.00023612620026484312,2.8776223656096915,0,1
0.0003371708159295911,9.33016979189738,0,2
0.0009839432264274269,18.88738937009205,0,2
0.009084890259661856,98.71767893145983,0,3
0.26600200613769553,849.7175822061381,0,3
0.00013921503817625463,8.971149494198787,0,1
0.004811336622717258,67.60859531491654,0,3
0.0015071506892326192,18.21571527393268,0,2
0.00011567582444625494,2.1069898226842225,0,1
0.0010084810796829424,38.87248034609207,0,2
0.0022831209288366283,75.49496290718888,0,3
0.005841092945344586,66.28167538522935,0,3
0.0005341341353415614,5.444295178859254,0,2
0.00300405703589938,76.74996533896051,0,3
0.002477329955180588,54.05713444379859,0,3
0.0009671776059277412,30.948620669854325,0,2
0.008697562824987383,98.69540532956596,0,3
0.005671453746504869,65.73598112715783,0,3
0.0008411050276885068,26.91443669280296,0,2
5.9472971165388453e-05,1.5194613221389746,0,1
0.002451174329269845,29.87196704136964,0,2
0.0007191364894118077,17.474789595084648,0,2
0.0008229262634175822,31.720163764539905,0,2
0.0029198855247882143,88.69351835978432,0,3
0.0007872841499173636,30.346318102540952,0,2
0.0009663026170420297,11.200100262854809,0,2
0.00042291983892550443,5.5181953570987465,0,2
0.004589749647998204,94.76023731771504,0,3
0.0062055353818152095,71.92634815973007,0,3
0.0007961621961135952,30.68852747386918,0,2
0.0005819013673964,37.498277673009376,0,2
0.001727697868084297,22.784784130771573,0,2
0.007850770459548217,95.67575574554945,0,3
0.0006493514860828085,30.831579907085914,0,2
0.00026435798640885933,2.9997965114748233,0,1
0.0009832536509314122,23.892753213897915,0,2
0.0029183814049296166,60.253071675783325,0,3
0.0005428276072001343,20.297427674987983,0,2
0.0009647769744904654,27.698344639352694,0,2
0.0002786570879756135,8.929083543368916,0,2
0.0059282013024895466,74.58369102007745,0,3
0.0005867764001256171,46.77511437298175,0,2
0.0037930443168866105,53.299616788629955,0,3
0.00026141956132361415,2.6366039959451912,0,1
0.002219849344095841,40.46107628567677,0,3
0.00020595635487532003,5.912921067601431,0,1
0.0008552916193998297,27.721672330149097,0,2
0.0003071173965769121,18.316733369121046,0,2
0.0037164586038837036,94.95094987314674,0,3
0.1206803227236877,387.5395612057056,0,3
0.005562251791268942,124.33318996475596,0,3
0.0012693873430167247,29.039062166402374,0,2
0.0007126172358822463,42.73289547464343,0,2
0.008216792694106087,95.23817941711962,0,3
0.00405458132110321,123.97760816527246,0,3
0.0011755477074004272,38.871322777916966,0,2
0.000381404570528587,8.167352089012548,0,2
0.00140647524504352,38.919895270819694,0,2
0.004075178710847326,124.60741798105602,0,3
0.0002299999634677512,8.600166170279858,0,2
0.0004561756224399672,11.654726522282619,0,2
0.017543797134019656,67.09111150820875,0,3
0.000386157303592294,10.685720823624711,0,2
0.004777956281544471,83.89751534002461,0,3
0.00042285527406081547,6.734674381890216,0,2
0.15965932316286663,429.5847169133672,0,3
0.004481996705836806,51.94937030888097,0,3
0.0011508422242532308,13.744952473318094,0,2
0.0012769476266091587,13.87549020549033,0,2
0.0017037950798597255,38.084985231653484,0,2
0.0009944056624732493,47.21494952995748,0,2
0.07786851185978211,600.3978096867161,0,3
0.0010370385117856782,14.572399016576032,0,2
0.00031884051305090593,4.135602257050767,0,1
0.00042724004162812863,9.32268724308155,0,2
0.002485290336514586,27.005509860791474,0,2
0.04372327247856709,364.0199843741226,0,3
0.0026965634822735942,128.0343762355629,0,3
0.0021237447031239934,136.85612897018095,0,3
0.0015460951677041758,28.180594638900867,0,2
0.0009502965382176999,51.58356975511214,0,2
0.0006330697063350916,20.257534995495554,0,2
0.0004413482419530324,17.012020559171354,0,2
0.001116797771078145,35.78584945191721,0,2
0.00143976197842986,26.224700365536314,0,2
0.0014780155098457512,19.4919869705625,0,2
0.000586735073923767,16.84491931217538,0,2
0.005162549732692645,94.09752022975974,0,3
0.0007486178794436994,19.12626678282367,0,2
0.0009435219654850526,30.5813902184952,0,2
0.0009840796239528329,12.380870160604928,0,2
0.0006532203625338206,28.501842238561025,0,2
0.001511020574413905,24.06551881282864,0,2
0.0007119162588083429,13.812511798194828,0,2
0.14083574441855107,317.6112374888677,0,3
0.0016345418158331482,61.118841135846786,0,3
0.0002398774521941379,7.334772796643998,0,2
0.0022452949814090895,178.98458345292784,0,3
0.0025411135618659333,39.223849819476264,0,3
0.003576640910162986,81.82080773729008,0,3
0.002046580163380981,20.860277932843577,0,2
0.0010585441423478436,23.098200099639772,0,2
0.000865679336699608,28.62504065737698,0,2
0.0016409693227837784,29.909860832764338,0,2
0.0014438806854936612,20.2893192897058,0,2
0.0011551207977826235,44.524792198663896,0,2
0.004019789456162485,150.30809905925713,0,3
0.0015633250740833813,30.331441041022416,0,2
0.002290186664528455,47.283326646636205,0,3
4.942046055234207e-05,2.9474767922816696,0,1
0.001735091159624747,57.37350180711116,0,3
0.0030907038845386318,37.6657847102507,0,3
0.003923973206897853,81.01457831717913,0,3
0.0052818008116894575,101.38738275363795,0,3
0.00019600440936942662,6.280621673192302,0,1
0.0004893712500040205,5.8447495506851155,0,2
0.0007947644897224358,37.735872477955326,0,2
0.0008386536941809304,33.051701055018604,0,2
0.10273971603918719,236.80984793018698,0,3
0.0010671797248919522,34.589379785567026,0,2
0.0019132690985772143,48.88167409775634,0,3
0.007054550517019989,84.25521720840626,0,3
0.0006257641841173441,7.5631071849292715,0,2
0.001379304129502824,30.831628769815797,0,2
0.0016737874750247879,22.073816842475985,0,2
0.0337889589282792,180.6623402081276,0,3
0.000399785204866961,13.219522816802062,0,2
0.000603881123786518,13.814649713678909,0,2
0.001054686036883947,13.680074444996214,0,2
0.003890355264298747,74.67773819795423,0,3
0.0005237130388925737,16.758241796754195,0,2
0.0005217635224942888,23.943934482474486,0,2
0.003895121623074159,94.65022539206443,0,3
0.0007258696119225281,9.415077076206083,0,2
0.00039326639855087673,5.131281663446986,0,1
0.000195127676592086,3.426303271836567,0,1
0.009046628342890531,102.65641871564357,0,3
0.000980119710100425,21.90864683533445,0,2
0.002303439619113907,30.05493864710997,0,2
0.0024673634654824627,78.9529197945253,0,3
0.0018831368740376648,29.99209053580422,0,2
0.0006724552253223026,40.10578105371576,0,2
0.006069828401400873,61.86823742526386,0,3
0.00041738742295681944,33.272204612301685,0,2
0.005438116067143092,99.05315361179605,0,3
0.06604264877130712,186.18597759815748,0,3
0.04975134109837088,133.01784875964913,0,3
0.0013331574313706217,32.39530458172104,0,2
0.0033433600632855128,34.07802997293207,0,3
0.0011750973400414572,26.266987955452233,0,2
0.0009233329637157892,26.50850437157444,0,2
0.0010360460838819486,49.19206055155807,0,2
0.07963805586681737,220.85812841447105,0,3
0.0007416784871925509,59.12319592094154,0,2
0.0003874764071712717,11.578925387562164,0,2
0.0015246695135231057,23.534331137428875,0,2
0.0013187848894832906,16.07176539134042,0,2
0.00032787988791132486,6.3614853069189365,0,2
0.0029340843289630643,81.19179857691864,0,3
0.0009376795315051349,30.046315830477283,0,2
0.000920747324312212,20.58149402063194,0,2
0.18012933370015485,578.1708255315225,0,3
0.0010242162856736229,23.430421419544757,0,2
0.004257600606586363,137.9971535454223,0,3
0.0004700769238564407,37.47236915591233,0,2
0.0006453572945106793,20.650724315702025,0,2
0.000527479884205577,9.614347879402912,0,2
0.00200820995641932,26.047999825773598,0,2
0.00626103479191356,96.64341337512013,0,3
0.0009457396426238373,26.17044841286436,0,2
0.002994655890252649,35.76633009983097,0,3
0.0029399995241872717,94.20719049224545,0,3
0.0021456661484556957,93.6214508419259,0,3
0.08044972645772079,217.85021067330828,0,3
0.00195028824467547,22.605158566886388,0,2
0.0032047065069672597,73.3122730369546,0,3
0.0007001778909518258,41.75918356453741,0,2
0.0013194065619484814,40.077876044364956,0,2
0.0010948748374090293,35.08336702927594,0,2
0.002073282186676587,32.00254815211138,0,2
0.0007224458317593111,9.08921170946933,0,2
0.00059523992144407,10.849406485122689,0,2
0.000886797978058935,42.105675135822466,0,2
0.0012401857921258976,12.5081642654345,0,2
0.006564587912483905,92.24517060160782,0,3
0.0012148733914450944,14.805416928258655,0,2
0.0005180292212971778,14.334872306612542,0,2
0.0016273174416499335,29.6409496474001,0,2
0.0012005445528502961,14.33856655002022,0,2
0.003365383114172881,125.83851567697674,0,3
0.0005282871711078926,12.83721142900655,0,2
0.002627618282514087,85.1662419978801,0,3
0.0013034517212714035,36.06903474570785,0,2
0.0003173512708003378,11.86640911625651,0,2
0.0031403629340430532,121.0470864476342,0,3
0.0016096593072412572,35.98076533319021,0,2
0.0003600470563040582,6.985588756505643,0,2
0.00157182591242618,28.649587558557013,0,2
0.00010900191559677913,8.689131103128796,0,1
0.0014509689372070097,29.95678879573233,0,2
0.0001297163154629771,1.4095154939739196,0,1
0.0007834206288825736,7.985209838942122,0,2
0.000989616863178883,20.4316871290232,0,2
0.00015244750237736703,2.337172952494511,0,1
0.00085543370726048,37.32497939181013,0,2
0.0012198165942455402,39.0869091352859,0,2
0.0005836209303259659,21.82277294996348,0,2
0.0019456008623905915,23.710645196869592,0,2
0.001676174951158754,32.52094049301914,0,2
0.0006253956468620128,8.788019736711949,0,2
0.00021708900591703862,2.862957828655594,0,1
0.0003606402767294834,19.576113479344837,0,2
0.001208706776833818,13.133975657093043,0,2
0.0010954834519361517,19.953801887280868,0,2
0.00021597378087531835,3.93654265184449,0,1
0.0005207775594538855,5.2524156467195,0,2
0.00019586871714416542,15.613752776263999,0,2
0.0025333018316834027,28.746587536203048,0,2
0.003408701123219634,76.1948038655145,0,3
0.0024902771722810557,95.98915873191312,0,3
0.0008515651638779252,28.158333467153135,0,2
0.0018350415397630376,23.086964194892893,0,2
0.0025639062862757747,95.869667866658,0,3
0.0011538373516087172,25.17756696549619,0,2
0.003608640196927725,70.0143937981378,0,3
0.0007147044416575962,15.975810957129712,0,2
0.00028723430585404737,11.320026938062492,0,2
0.001984647984461109,22.52074991630537,0,2
0.001621111027558583,31.45259701164485,0,2
0.000531277515757296,31.85865483702141,0,2
0.0022124581305784105,36.849609147129556,0,3
0.0008420379621577414,26.944289570724465,0,2
0.0013150052889616683,20.29801845147555,0,2
0.007910915654725565,80.63397770270409,0,3
0.0009448153765297738,31.241797534396387,0,2
0.002686451375474904,81.602796537934,0,3
0.005768812970218281,91.877952830872,0,3
0.0006312938062664727,34.26760677524092,0,2
0.0024815525264293677,25.293842055396826,0,2
0.0013097843869272648,41.91166121079329,0,2
0.038344868659706356,214.82154913592242,0,3
0.0034046084823658794,134.17707755814277,0,3
0.0022599743857933652,31.75701590899884,0,2
0.002618376295102271,34.53100206877366,0,3
5.934757701844606e-05,1.9235709159036525,0,1
0.11368679033562196,513.7578580537596,0,3
0.0003309109387737209,10.72547001171861,0,2
0.0002810550298046331,8.39874418074812,0,2
0.000786947242217957,14.33393570592643,0,2
0.002972398921657535,129.69412773130696,0,3
0.001525263451357065,17.307893900298055,0,2
0.00406456586873915,123.46396611891711,0,3
0.001954075515208599,35.59271993962644,0,2
0.0005967636832933163,7.8700865192356195,0,2
0.0018219344606786956,34.97314137785295,0,2
0.002564197759055599,29.0971784012982,0,2
0.006267729061705919,81.29717960287931,0,3
0.004178512293524069,64.49823460454635,0,3
0.0005559694995585243,11.478578519539688,0,2
0.0008604645948364834,11.22721446276469,0,2
0.0003656930538517242,12.092212544352735,0,2
0.0016324084437623486,21.173570384308217,0,2
0.000639319254286471,12.272122377780393,0,2
0.00010178272960172057,6.103516061900209,0,1
0.006086182709194935,72.68962705647782,0,3
0.0015898360638485962,32.82384754302701,0,2
0.0016617130016451024,34.30782296775158,0,2
0.0012195100288157634,22.227944629801023,0,2
0.000748314153292793,21.483787304683467,0,2
0.002184682156637779,22.26791688780017,0,2
0.02713173927140287,148.24900732522374,0,3
0.00043105780375299243,5.148289575212922,0,1
0.001413459224646181,27.132210495083772,0,2
0.003636161132681013,43.947348036434384,0,3
0.003465991789286354,133.59863702262885,0,3
0.00030536513984449405,3.465124294806764,0,1
0.0021958234408182065,42.603096653281284,0,3
0.0020184800203072797,22.90465820856505,0,2
0.0009653396595313541,19.93045857507502,0,2
0.0048089837620247265,93.3033121921944,0,3
0.001812371120392989,22.801743861217446,0,2
0.0012583855442799645,57.747810505979324,0,3
0.0021930983027529053,24.886135377595863,0,2
6.95391791971798e-05,1.9242838301709724,0,1
0.004862476669517059,88.6281044188551,0,3
0.0005017128721277969,7.99061294550079,0,2
0.0035125029343504766,53.85018925006885,0,3
0.000694049225934191,14.862287537496327,0,2
0.0006927112488226347,55.21975301698093,0,2
0.002336353038961412,23.56379808486776,0,2
0.00128042601968326,15.47547698482676,0,2
0.000475950434106155,6.173436589657733,0,2
0.005568887616591204,85.95964179354485,0,3
0.0018593548690473305,47.50423179281804,0,3
0.0009335164649166485,19.99021049825919,0,2
0.004343090479295854,105.53572713322569,0,3
0.005816272203587714,126.91527336258699,0,3
0.005848920151276883,90.28213813920712,0,3
0.0017422138089013,104.47381404982158,0,3
0.0004423998866528313,16.542231057618366,0,2
0.0012181928504205251,34.973808766490826,0,2
0.0019291628876078738,23.316236477717602,0,2
0.0028590999571954556,135.7517010153977,0,3
0.000997271557534103,11.316517348021412,0,2
0.00020907777110211055,16.66671777197531,0,2
0.0008575288966213669,51.14372657101035,0,2
0.003486047930382515,79.74836295819472,0,3
0.12106751074094055,648.368618389237,0,3
0.001552511163253571,44.57194812194882,0,3
0.0011570685141694286,37.50285105780117,0,2
0.0006400665596841312,24.67173183787892,0,2
0.002359405039303984,41.42947503369595,0,3
0.001307331578900288,41.89117517766727,0,2
0.0013273982676787577,28.964791898762332,0,2
0.0009367347670695256,29.974483276513144,0,2
0.0021246417969519936,32.57288748020024,0,2
0.04549954474465607,156.15332655759494,0,3
0.0006275320789977914,19.188152867028553,0,2
0.0005389078461655832,20.77251133458302,0,2
0.0006129743153320184,7.950739815791552,0,2
0.00166270159911734,25.490881417702735,0,2
0.0002616304530301459,5.022155856894267,0,1
0.0010999887369354082,14.352489957528528,0,2
0.0013559626699102807,59.16446625951567,0,3
0.00507509656048153,51.72918543917078,0,3
0.049987474329942196,414.73318382696397,0,3
0.0023864918310435644,29.083694484784704,0,2
0.00023463658618554705,3.2970983419848765,0,1
0.0004797788700572236,5.846968296932248,0,2
0.0007050319720154362,27.175860834347915,0,2
0.005064773897748622,123.07240629970562,0,3
0.0016111282977286478,31.258913313810815,0,2
0.0003208090322841154,3.2440090016791747,0,1
0.0007079576529978154,18.08744796776692,0,2
0.0027275888127929193,163.56293640664444,0,3
0.0014456039904581907,40.00266347380391,0,2
0.0008191657721977988,10.625198736457513,0,2
0.0011403910293237595,12.391647259511318,0,2
0.0013585637822090847,17.621598304084632,0,2
0.06050946167884686,467.03749656571824,0,3
0.0021379585435801125,21.5628471359511,0,2
0.004722236932582985,143.4411741568805,0,3
0.00031472823957246843,20.281387156435905,0,2
0.002515222505800243,30.65250924741738,0,2
0.0011088434219665728,31.83443227273336,0,2
0.0008657812778802493,15.202503698628341,0,2
0.00117799060782947,14.23742274802929,0,2
0.0012980549677173792,41.59392224628377,0,2
0.0007663518342790999,28.655452898031154,0,2
0.0016025280821962366,17.41329264034328,0,2
0.0013331254340286426,24.28235748745317,0,2
0.0007198387352828573,34.17835480899912,0,2
0.00786203247525644,79.50057995449005,0,3
0.0014223750015343966,40.83579318391879,0,2
0.0006851300720422513,31.440890077041097,0,2
5.769432114233953e-05,3.44093662246198,0,1
0.0062145992322837455,103.50729333614,0,3
0.0019364007235497496,32.251733413084935,0,2
0.0015653701100983596,30.371118578563006,0,2
0.0010314391297299805,48.973319733820766,0,2
0.0014553951276401946,41.78378723549357,0,2
0.0038089472859632306,121.88212793830364,0,3
0.003300930152680917,127.23624177882728,0,3
0.002204253919600541,45.5091542130083,0,3
0.0061203971273416525,86.00343002301219,0,3
0.0007807660947754416,46.819518583322136,0,2
0.0013180991349687633,39.388647295027134,0,2
0.002929941682683144,93.75491447113792,0,3
0.0020193263407371686,22.914261811269316,0,2
0.00028183531472803945,12.297267719081361,0,2
0.003977217096040622,47.501437476904506,0,3
0.0016478681770803942,52.7299710144402,0,3
0.0026660602697368956,105.07057637904555,0,3
0.000626275201528699,12.930114118303331,0,2
0.0011227359053156587,23.180070590393363,0,2
0.0014118846430245463,14.276924993956909,0,2
0.0033586573591425856,92.94055699099954,0,3
0.0010744760776013015,13.518163046627,0,2
0.0015663602018990681,28.5499643426027,0,2
0.0034001914825407516,52.12834216611132,0,3
0.0009330750180818133,28.530790189966176,0,2
0.04116081293610157,199.54785472935222,0,3
0.0011117003384870333,14.505301198236843,0,2
0.0033277511172155674,68.70494248834939,0,3
0.002010122304692924,28.246110403042074,0,2
0.0006388390779267011,7.249212567364628,0,2
0.0009149089433360612,34.2103051875855,0,2
0.0005949225851342681,7.105389848969209,0,2
0.0010219000925881156,17.020262882643962,0,2
0.004489942307429403,100.3638222053696,0,3
0.0010351919918477556,49.15150777334072,0,2
0.00045659731703799394,7.0000943467158665,0,2
0.0027399020368411107,164.30131276033418,0,3
0.007892175042481218,104.0815688825193,0,3
0.0006683783341600248,25.763025387206753,0,2
0.0034217951370595578,113.14700578735557,0,3
0.001105546292982064,11.268555882576322,0,2
0.0016430163793600052,19.623178200504793,0,2
9.989581764535305e-05,3.2378186119256562,0,1
0.006532472889968704,119.06703697623887,0,3
0.0008922136697134448,25.61508241706987,0,2
0.0016458429723171684,31.592958033820846,0,2
0.0627791721533637,190.72022734995642,0,3
0.0007041289792870946,7.1201260478463295,0,2
0.004197588982594529,52.81056828749004,0,3
0.0008494393774176193,27.218812990154323,0,2
0.0034134748823247273,45.01671835470774,0,3
0.0028601431738595907,106.9465672738379,0,3
0.0023286338670216733,28.14432014127335,0,2
0.0034441993335005993,135.73736994735887,0,3
0.0009272938971663536,27.71024673738386,0,2
0.0017426380720964672,50.03041239461309,0,3
0.0018916852858936258,57.461233398014684,0,3
0.0005051836859705579,15.447085681760232,0,2
0.00046616633594592885,25.30423161685045,0,2
0.0071290210970264955,110.0413838507537,0,3
0.005822367326743822,127.04827336576066,0,3
0.0006003893614122453,11.648680635414241,0,2
0.0020749947591507155,66.3975523205911,0,3
0.0009504065312808355,9.610475493094055,0,2
0.001673114843506202,19.392531561078275,0,2
0.0010130681595963648,19.446460196908916,0,2
0.0004969199050249016,32.021991395623736,0,2
0.008091420239439432,101.79950987806657,0,3
0.003976299846433466,66.22728501287297,0,3
0.006071003253154609,116.53660417559064,0,3
0.0009073572531896778,17.604433962273212,0,2
0.0007069439491369864,9.933931278443453,0,2
0.004482080768312244,86.96078046651505,0,3
0.0009968843990814562,47.33264136164262,0,2
0.0005930210681960589,11.383400504066586,0,2
0.0009157195279775398,35.29693325037966,0,2
0.0016275809128587315,39.54970220527255,0,2
0.0017851812908115847,27.368617806909423,0,2
0.0009957914158203842,24.197416941372833,0,2
0.001557775228454663,32.161917676795994,0,2
0.0006249202418242201,29.67157045807059,0,2
0.000684137082051465,40.8024965682039,0,2
0.0460300013805768,434.06173750760416,0,3
0.007394755421894154,75.3728860008492,0,3
0.002596976304356668,140.96790102950663,0,3
0.0027065543252852054,118.09458004362178,0,3
9.666547717916138e-05,2.211361895636636,0,1
0.0014020372391542494,61.1748293454234,0,3
0.0018138833939891127,25.488573747599933,0,2
0.0007916734387306328,47.47358975319234,0,2
0.0027989188445399415,92.550627380235,0,3
0.0001249801763702914,3.796358272748223,0,1
0.0021852422543215087,45.11663826947927,0,3
0.0003733761144375106,6.218768026267319,0,2
0.0013438019535756145,24.47682610814245,0,2
0.002380765612848257,24.074213322423315,0,2
0.008141037268983154,82.10820676869061,0,3
0.001375481134392103,13.908814068726581,0,2
0.005038853662956089,77.25067520940426,0,3
0.004373965677700561,90.3051489571371,0,3
0.0011125957513095858,48.54568289346193,0,2
0.000498944593579978,19.232104893652814,0,2
0.004542184685524566,103.90901105155486,0,3
0.00036281161058540027,11.996933117948835,0,2
0.0012416506997791567,27.754657307646802,0,2
0.0032964708583924276,127.0643557285295,0,3
0.0012563229334517606,12.703890773013297,0,2
0.0017041347219736605,56.34987879937222,0,3
0.0005597453831973667,5.705344200069564,0,2
0.00027525818563325883,8.921655556114379,0,2
0.004148095507854323,53.80393156626725,0,3
0.006384954822064365,116.37823297480148,0,3
0.0006924899910043688,15.841705062693647,0,2
0.003096820700645501,168.10022998760732,0,3
0.0010134993907691485,22.65478389156442,0,2
0.002628253015087185,41.859305856234144,0,3
0.0007539744510556044,34.60018586817301,0,2
0.0013347716074982251,49.909823683366945,0,3
0.00037209037930494905,22.191775337080426,0,2
0.0010339410038481278,38.66115589451666,0,2
0.0002826555989941584,7.221503176010738,0,2
0.0013338251193844783,38.29356299143533,0,2
0.0007941646769097521,29.695431621005994,0,2
0.00036994228433417594,8.269331565736898,0,2
0.006391176424253568,116.49163378799898,0,3
0.004578929177337607,146.72385138538118,0,3
0.00031069597662082386,6.779611308625565,0,2
0.0015395073801009432,29.869333068254814,0,2
0.0003362154198011864,18.250294368730742,0,2
0.0009734569004978162,13.678954270528797,0,2
0.001096720598752708,35.546857220092555,0,2
0.0013996743771976985,24.577286942865122,0,2
0.00071590071831045,8.123667858585405,0,2
0.0017447763431791459,31.801945889066438,0,2
0.00025311881394337037,9.464626984788014,0,2
0.006043775713182937,124.78014375490869,0,3
0.0018453759004312875,87.61950307680087,0,3
0.00059561425502734,27.332973817384072,0,2
0.00042895236380514846,34.19410847684285,0,2
0.0028331778361055607,51.64018218733968,0,3
0.001051737989897609,13.641836049084949,0,2
0.0003951156000580526,15.229956919489055,0,2
0.004892197339468621,75.00228683162206,0,3
0.0037862983985562865,58.44414117708395,0,3
0.0008569704254514132,26.03106235443258,0,2
0.004136230005550934,132.35481535190664,0,3
0.0007044192547916429,26.339667856522322,0,2
0.0014078013707757048,30.719245860262763,0,2
0.0004603640108781902,9.50470205763378,0,2
0.0004547379779887066,29.303747890091035,0,2
0.0007935001092518435,10.292295704178644,0,2
0.0001660889387498162,5.045065025086005,0,1
0.0009194602069746009,43.656496443450095,0,2
0.0009249360311950164,30.58445590184807,0,2
0.0004926906354980898,7.553441081527513,0,2
0.0009273955496272208,29.716783450685735,0,2
0.0006490311650268324,18.63341411116094,0,2
0.0005283815268941988,15.789581411520086,0,2
0.002549959301693878,121.07352590237373,0,3
0.00040298064987355313,25.96845643002995,0,2
0.001001352622498667,19.428120570764644,0,2
0.001632826887503437,28.671279260354034,0,2
0.0030189072340944157,57.94976261949443,0,3
0.0006193921492831454,19.847348177054247,0,2
0.0014092603616127745,27.342296415715243,0,2
0.0009757119338882953,24.92824077966177,0,2
0.0006622593036051084,9.30602548979193,0,2
0.002122882856589391,21.638012133453838,0,2
0.00409636321732626,117.60487984427087,0,3
0.001951415517460053,32.50181239960782,0,2
0.00032071100332388023,7.16886318642519,0,2
0.007337391902455195,87.63330094426937,0,3
0.0038917415986541113,128.68652024685625,0,3
0.004845944254928503,54.989247225741536,0,3
0.000791827608557178,7.986150027377441,0,2
0.001496238500109718,17.342415225647102,0,2
0.0008883255179918398,15.59836452680234,0,2
0.000439525339102349,14.064327907612824,0,2
0.00129752535443201,16.829883796833794,0,2
0.0005500665818891504,14.053525146027498,0,2
0.0021579187691009877,94.15606715316034,0,3
0.001963203354999966,22.277407449065077,0,2
0.002680836715862078,51.46029316546194,0,3
0.0011053728385863445,24.708433972293072,0,2
0.13895190543322486,449.1826845176563,0,3
0.00244039519900981,38.867357312647606,0,3
0.0024116675755454747,30.341592688845804,0,2
8.32950186227318e-05,2.3049345609189076,0,1
0.0006028511735106127,38.848303108387505,0,2
0.0035250102431060664,49.53321908133275,0,3
0.002448969214188814,70.30888495404996,0,3
0.0004931827877626444,14.159072186461534,0,2
0.0005196624370322214,17.1834509125181,0,2
0.0029591085570597952,29.84473467278635,0,2
0.0008735673278514657,26.104740115785102,0,2
0.0032843256783759277,99.76363709521625,0,3
0.0023498034099661614,30.98907768242823,0,2
0.0005975344131107244,38.505686010428256,0,2
0.0004451542417470066,5.60055988800393,0,2
0.0039340915114103436,49.49546257960527,0,3
0.0008359422935035339,31.257581629586944,0,2
0.002533982229698407,27.534602732636937,0,2
0.0016773625000043905,133.7116195638739,0,3
0.0004430454016466093,16.566368175416976,0,2
0.002346515682749159,28.02534166506726,0,2
0.007211135548889682,78.35720008719444,0,3
0.0016873573654011384,18.33505940956775,0,2
0.00018041580386686783,10.760146484171797,0,2
0.0026645586662340675,102.70693865348184,0,3
0.00031094738508715016,12.254569540503347,0,2
0.00038298454028769805,12.663982576595041,0,2
0.0038739445051655602,111.21933136357491,0,3
0.00019139026755458571,7.542772364738999,0,1
0.00024518391218451835,7.845615785604167,0,2
0.005856538012792092,97.5436026309231,0,3
0.0025648719220387082,139.22522537181223,0,3
0.0004411006250849494,10.09081155877889,0,2
0.0020623927739742576,31.618547589064217,0,2
0.0018407234751516898,22.432525636961074,0,2
0.0010416747040242523,13.591617101619004,0,2
0.0016228633135605935,36.27591490347303,0,2
0.007895734393795609,94.301800627002,0,3
0.0010154492107393189,46.59936604228368,0,2
0.0015194620502922405,16.51068560456888,0,2
0.0009120060483929209,29.559897774286185,0,2
0.002342052076662799,25.449063041666545,0,2
0.000558163705622518,35.96860016685798,0,2
0.0018825259228491412,33.055816793529985,0,2
0.0003463714700424532,10.59105811222662,0,2
0.0009231855920744452,16.815463872948772,0,2
0.00037972204417747004,8.285810111991806,0,2
0.007860160613382652,93.87692924952918,0,3
0.002832405418906498,28.869997527618402,0,2
0.0026474938649360684,157.89870505845283,0,3
0.0029365154757568118,34.036198569532125,0,3
0.00022690273606460506,2.8547012314082143,0,1
0.00260874430927226,28.346977869449493,0,2
0.0008494596958974132,33.47757020793758,0,2
0.0001133478696548487,1.3137783985325642,0,1
0.0009704340254665531,38.24522031666995,0,2
0.00532736973547781,129.4534022308338,0,3
0.0003660782037430244,12.104948127645832,0,2
0.0018654784725820445,22.280128765936052,0,2
0.0025989633535213087,56.71126331880391,0,3
0.0010334541926721717,33.06939862198499,0,2
0.0041827878880887435,64.12632916650536,0,3
0.0015165273758646124,33.89898432971009,0,2
0.0016346260549078542,16.52927786585564,0,2
0.0020018750178710768,31.883193200194942,0,2
0.0008647085931509542,15.183668117424162,0,2
7.665489985111454e-05,2.954706982535476,0,1
0.00012480099117600162,1.2587076130283563,0,1
0.004923046334368369,141.33860741945458,0,3
0.00048320812465277237,10.347361283167572,0,2
0.005138965617081048,131.2942558266031,0,3
0.0033843759922799178,75.65106344535,0,3
0.0010078295331809731,18.357220098305945,0,2
0.002192530135616928,46.95057942944003,0,3
0.0007016447294174093,15.68388679695541,0,2
0.0008851687906881703,52.792192517958426,0,2
0.000870808090680895,56.115701756052175,0,3
0.0026991191890564856,30.628196399044192,0,2
0.0007286311424303516,8.445327277327891,0,2
0.006226408118271645,75.2535750220752,0,3
0.0016710714027987888,19.958250164043605,0,2
0.0007049882487331886,27.783888637356313,0,2
0.003083222428301439,70.53314991743378,0,3
0.0002471435773434651,4.7950493273165895,0,1
0.0002956193013941488,11.394815148125863,0,2
0.0027461667818404335,27.69706396060114,0,2
0.000151740148114077,1.9798829559189075,0,1
0.0015643267995417885,28.512901625659232,0,2
0.002782586393885676,28.064381900249845,0,2
0.0010340345146670944,20.06221062781623,0,2
0.003804557615269402,46.36537611103873,0,3
0.0013863303439553079,15.731353480340534,0,2
0.0007989024493634173,25.59944469810971,0,2
0.0018377144023656534,28.366396060060048,0,2
0.0013472020915792167,43.66545175721149,0,2
0.00013102269850003446,2.0224262016586763,0,1
0.0006965856976693765,41.54494221156184,0,2
0.00010475723037458887,1.251155998963701,0,1
0.0020844676400010474,32.17520338009704,0,2
0.005913565850047662,77.15933047865069,0,3
0.0009343254268988587,50.71663306572121,0,2
0.005413162813468842,105.02551992806329,0,3
0.00028328617114746995,4.37271848050097,0,1
0.0031210599907819893,99.87049033245229,0,3
0.00042438342238589516,25.44863008756159,0,2
0.00035314384017427406,11.446081781546468,0,2
0.0006099145261916303,18.226025277563842,0,2
0.0028855698851769133,156.63320812937147,0,3
0.0012931875134936835,31.42404819949575,0,2
0.003862603240007684,74.941753561938,0,3
0.006608451833274541,71.80835515513368,0,3
0.003903705733459666,99.73488391069486,0,3
0.0007557161907109425,22.955395773767155,0,2
0.00857318936587941,86.69177198035533,0,3
0.0010609508839674272,16.376512550671478,0,2
0.00136210009517102,26.427298719605435,0,2
0.0006846234164246686,26.98130187935704,0,2
0.0002901911693562594,8.671758682381704,0,2
0.006483516508606344,70.45079057094114,0,3
0.00040618742106718906,32.379392002161055,0,2
0.0010695310467256163,42.150676340799464,0,2
0.007303246987722321,111.96609363162479,0,3
0.00015103125061496637,5.647365471760232,0,1
0.0044952335736805965,124.39182312100195,0,3
0.0008129527394193811,18.597463782995572,0,2
0.0005743681232575387,27.271326959032294,0,2
0.00127825372898372,39.08537710735141,0,2
0.0011010519332678003,11.104899389695468,0,2
0.0012527435727212332,22.833690672332704,0,2
0.0020788357028704374,36.50287696114828,0,3
0.0007220570627743206,23.403280055457063,0,2
0.0010866863888767647,26.406136082728445,0,2
0.0005066951634458837,16.23616854068757,0,2
0.0006530683590706141,8.612629475870339,0,2
0.001722595567962983,31.376403390021046,0,2
0.0005661445089829995,33.949493371377734,0,2
0.006985035858062753,90.60119049417263,0,3
0.0013263934306651818,24.176102727738705,0,2
0.0006827279589672594,17.4428602920945,0,2
0.0032633673904638076,128.61070567112577,0,3
0.0008980805373032544,17.23920276918451,0,2
0.0015908051183105535,22.35389204757302,0,2
0.0003209126242797892,10.61147763154027,0,2
0.004031362988045988,46.7262210261748,0,3
0.006978017270996351,98.05465357542387,0,3
0.000842381037224403,18.03864729409061,0,2
0.0049680316594768814,137.47506226671905,0,3
0.0003469925535059448,7.4304572512619185,0,2
0.00016707810979222048,2.180010405921551,0,1
0.0027283722369334127,56.33013137778368,0,3
0.0010234639219495923,30.58408762388954,0,2
0.00040483169099943977,7.3738506461406,0,2
0.0030246657927616633,39.88912554034652,0,3
0.0012035568411109673,39.009628556164245,0,2
0.0010427035127659923,34.47862179581332,0,2
0.0009445765855707731,30.225412852083867,0,2
0.0006941791231666167,22.243767168627524,0,2
0.0004362444590503198,23.680025737974635,0,2
0.007829446863693901,90.74857951280049,0,3
0.00018163695879983672,6.791775115050827,0,1
0.001220357203575324,29.654294667716133,0,2
0.003500438886281176,112.16549875378442,0,3
0.0003315888573029789,17.999157381743213,0,2
0.001959436121361901,22.234658847145027,0,2
0.0010666049891090526,31.87326856119084,0,2
0.000434013450570941,8.331152461462853,0,2
0.002627272633476783,84.18639915441189,0,3
0.0013318808344415295,23.386880530962635,0,2
0.0024514549364085592,106.96387599037963,0,3
0.0014177988728628832,31.69210298393599,0,2
0.00038683812507355007,5.971114691620079,0,2
0.00023476966046957195,9.04933091588719,0,2
0.0019910829273038382,86.8765499865569,0,3
0.0013697797437958999,43.831446708616994,0,2
0.0006972971330911553,16.944100133188996,0,2
0.0018448638418170564,23.210540218061197,0,2
0.00042939624619448593,25.749229715326855,0,2
0.001958412007948994,22.22303774242591,0,2
0.004668493883793785,81.97543345955262,0,3
0.00418097268010869,49.934968989884965,0,3
0.0006362796655020508,6.913903188081659,0,2
0.00593224565277279,59.83095723149456,0,3
0.0004811231798518886,8.448180976033813,0,2
0.0024257852157772253,93.50327936126162,0,3
0.0014128930975540281,45.21102665658907,0,3
0.0011954988734571483,95.29966870984873,0,3
0.0007399601474289757,20.476131054567492,0,2
0.0026209197658089295,26.502643184413937,0,2
0.0011113552083057985,43.7989844505909,0,2
0.002638885276009271,40.733024021567026,0,3
0.003220898727270321,152.93011352222007,0,3
0.0004035688508876413,12.931664546040547,0,2
0.0004795669501058844,9.901167054195762,0,2
0.0008970756952061127,41.16715858010279,0,2
0.001302065006206626,16.9891511595789,0,2
0.001476692606385665,117.7151390932542,0,3
0.0007903293510337151,36.26852661194802,0,2
0.0023323148868017044,32.77354001468259,0,2
0.0035016296533448895,42.32137450872063,0,3
0.0007730026096129661,9.420426854800498,0,2
0.004093061294181216,113.2629368827956,0,3
0.0017893022100802815,21.37032628770221,0,2
0.001383940375288729,26.851041151484562,0,2
0.05676283317789381,201.25222267457693,0,3
0.0021616828789219594,21.858856865938083,0,2
0.003615540193689128,165.9185699732261,0,3
0.025084967491180735,71.18469738351344,0,3
8.845532906356429e-05,4.059250047988718,0,1
0.0004938274092160415,8.224945260769,0,2
0.0006526828007144419,14.242011579278566,0,2
0.0031518195494487076,48.320551581621665,0,3
0.0005028232087533314,6.005411481387466,0,2
0.0019182211309208134,19.396980725927147,0,2
0.0012468575388932847,39.89807121675581,0,2
0.0007919508187555949,11.128442387871209,0,2
0.014428625060232556,140.70606985910126,0,3
0.0023846161117827016,142.99619195401993,0,3
0.00402669982249502,83.13547797824863,0,3
0.0003031739344500941,19.53681674283466,0,2
0.0695766678613508,164.4667974968175,0,3
0.0007412656889058419,40.23705110244877,0,2
0.0087046162656744,94.58556891455414,0,3
0.001508231228869198,21.19356902040009,0,2
0.0003348354539949564,3.377055991974377,0,1
0.0010622887545887188,27.140172147311564,0,2
0.003765387672583613,84.16782956880215,0,3
0.0009894026900408887,15.7578854013142,0,2
0.00026299629746118024,4.790374521270848,0,1
0.0008058705314419171,38.26319369006379,0,2
0.004109792527201286,84.85101477681253,0,3
0.005641295427427573,86.48671106055546,0,3
0.002181828862130826,173.92535648433378,0,3
0.007570457723883207,91.49801899491203,0,3
0.0013610415023979075,20.866129894031932,0,2
0.00037694038174829723,17.297943254511324,0,2
0.0004994139041946498,7.708799901687646,0,2
0.005802673822898012,105.69343030602528,0,3
0.0008175281789356592,9.880803984829809,0,2
0.005093208824999792,111.13750658348823,0,3
0.0018116139637286417,21.636804165407895,0,2
0.005094755187931298,123.80094218329005,0,3
0.0003643329312089584,11.674417485658822,0,2
0.003328517706848004,37.770282415232536,0,3
0.002085022243371678,29.29859956360803,0,2
0.0006738128360549594,8.04760653746155,0,2
0.0018251178524981513,22.058728022348735,0,2
0.0020078869791429832,36.597649499142655,0,2
0.0007022740058761899,45.255205006148095,0,2
0.0007866780447810654,22.585198632114977,0,2
0.09608678265494364,307.7263255733124,0,3
0.0014364207057679615,23.924313344883636,0,2
0.22140316251137038,575.2767724061067,0,3
0.0005449179925305868,16.662048189424947,0,2
0.0007436410892873423,18.070243633701086,0,2
0.0029990620383620863,97.20545979814771,0,3
0.0005373401500179741,25.513217614245967,0,2
0.00047444446643570617,6.153903051597094,0,2
0.0003231832455655339,9.816911957950971,0,2
0.005308056328284799,81.37782178992511,0,3
0.0011720614297555595,45.17777855278109,0,2
0.0014296952251590424,41.04595375175329,0,2
0.004993647351860931,87.68489718578988,0,3
0.0014806597645452705,33.8722228376231,0,2
0.000653392940654611,16.69338662637914,0,2
0.0009845882312620943,15.19780205678414,0,2
0.002587374080276945,26.163430460076174,0,2
0.0011664859765645572,26.68504532997259,0,2
0.001331577960064827,43.159043130655554,0,2
0.000652961763509541,20.923028297462256,0,2
0.0020749497768450314,33.04703042161248,0,2
0.0017190391233373604,39.32549370662328,0,2
0.002417943602642067,110.9603885821928,0,3
0.0018470306516035317,18.826319844359,0,2
0.005555087228504615,121.21602797815936,0,3
0.004308306736987487,52.07103005319816,0,3
0.0004186745981859526,33.37481229820706,0,2
0.007330709775778614,79.65651023856864,0,3
0.004939425533079442,101.97966591313568,0,3
0.00048541677715298494,29.108563974088927,0,2
0.0017653335996614813,68.0457938573437,0,3
0.0009116535625771999,12.02283686811661,0,2
0.0069543115961292245,97.72154294433828,0,3
0.0021749147755911634,34.63913948927529,0,2
0.004469748986716914,92.28269670800937,0,3
0.0013910687496868775,31.82269944798452,0,2
0.0005884275643210757,23.190182173426543,0,2
0.0009509135083949322,57.022599950672145,0,3
0.0027213366283383063,29.57042164103383,0,2
0.0024703144009407736,31.079438197356875,0,2
0.0015833343175314849,40.45224592553257,0,2
0.0038538040875214156,117.83840926353771,0,3
0.0032762466546804626,70.15715601451942,0,3
0.006965003910003826,79.03523065621965,0,3
0.001460720641588125,22.547235957369015,0,2
0.004772382417198502,109.17511542656608,0,3
0.0015131818911861777,34.61621328506565,0,2
0.001784232576638827,34.617461268267,0,2
0.0006796226186042708,10.490446364183205,0,2
0.006664018693234815,121.46471535705646,0,3
0.0007578141073304869,48.83426197870476,0,2
0.0019386499402693207,29.721445967259353,0,2
0.0015495234059719222,25.80809602008903,0,2
0.0008312113560491469,26.597850071357215,0,2
0.006706393956182724,102.8157386558138,0,3
0.0019037342294614143,83.06528054604001,0,3
0.015519139683062844,162.54361917200657,0,3
0.0013119195596423081,84.54134444163844,0,3
0.0008400521092995897,9.532473072466725,0,2
0.0009229666283792387,26.4979870368187,0,2
0.00019618675175062282,5.012330397487131,0,1
0.000718143806281233,28.30235479127306,0,2
0.0016768958468345958,37.483705826274985,0,2
0.003912473220861898,125.19484410236076,0,3
0.0015248145144147044,17.673630540274264,0,2
0.00047391301728130433,13.114091460241669,0,2
0.001208321600794639,45.18160088938236,0,2
0.0008270670202434825,32.59506527572174,0,2
0.00010743635870882101,3.263452821267828,0,1
0.000612682791764641,39.481861941414685,0,2
0.0035948733175675558,39.062392590322226,0,3
0.006006180279225685,69.61568781633864,0,3
0.003729953166333955,65.49532573138589,0,3
0.007901607768559122,99.41144746966805,0,3
0.0009860775036608835,38.86173648815677,0,2
0.0008455882007035806,36.89539224061514,0,2
0.004284586079843363,137.29213684679354,0,3
0.0009960057419084601,22.263747806073496,0,2
0.0009906606920616922,43.22531319685266,0,2
0.0010536231716813077,26.918777153861786,0,2
0.007909967040363331,96.39717253339484,0,3
0.0004599619169878115,11.75146169469693,0,2
0.00019629395028876692,2.7583100681790476,0,1
0.001854930229735623,53.25427341620155,0,3
0.0062272803737469145,119.53643866500607,0,3
0.0004318907928158986,34.42834651543012,0,2
0.0015728297819477255,28.64847827316084,0,2
0.0004219408907960799,10.253030400744702,0,2
0.0008666470030741151,25.897940623553765,0,2
0.0006501515117278922,12.48005415530383,0,2
0.0006919787164568994,22.42838208857485,0,2
0.0022011241988544434,23.917721154605044,0,2
0.0002979864682744614,19.202531487682975,0,2
0.00030087074185993255,3.4141242112518255,0,1
0.0033719759200602625,73.57895756710437,0,3
0.006891897903127131,83.99016934712434,0,3
0.00020871717785549916,11.329492079590063,0,2
0.005984507676929925,116.11068278219442,0,3
0.0045468097854185745,125.819036835841,0,3
0.005767922541501935,104.35399273581895,0,3
0.0011156643900988028,38.69635448223803,0,2
0.11349831306936661,248.77975849634353,0,3
0.0017599775908051303,31.70467718126783,0,2
0.19340902793436743,1015.6919521631098,0,3
0.004565262832526635,61.70530907795559,0,3
0.0006323530075729045,21.93290057127613,0,2
0.0010617339066317576,39.156205078754724,0,2
0.0003344499045067484,9.72572399151321,0,2
0.0004964272828244656,24.098496130152824,0,2
0.00011064660461233066,3.8377313754323574,0,1
0.0006288163984414387,39.84589806852777,0,2
0.000372186907302424,18.06738883143226,0,2
0.0018238458570784659,20.168824048206123,0,2
0.0005963497370501784,38.852046577133095,0,2
0.0003491371000270011,15.446942426307817,0,2
0.0007895705936110057,15.389533253780396,0,2
0.340806553898794,811.9585311333271,0,3
0.0010529011768837175,46.58371699443204,0,2
0.0022291024591439643,32.5544116263832,0,2
0.0009321082828688704,29.568331865730705,0,2
0.0011451397997137476,42.23217188540565,0,2
0.0006203652594955415,24.714482994554068,0,2
0.30287639365780655,860.5499869370088,0,3
0.0032833718066830444,79.1269218038317,0,3
0.0006123020950557244,44.90801538905003,0,2
0.003786823863419241,68.51170193283788,0,3
7.390177044108495e-05,2.3288381696294045,0,1
0.0012888159730915798,24.106043909765628,0,2
0.0012622776881352595,43.78157563205559,0,2
0.001553913562722905,16.050087221413115,0,2
0.0009797240944497188,15.405296466881234,0,2
0.000993331723542809,46.25560409874105,0,2
4.948942290144492e-05,1.4956545869963669,0,1
0.00040483561134450685,13.69303347472829,0,2
0.00451791653928847,146.60829955576236,0,3
0.0014109367463001916,31.360174353059016,0,2
0.004284518054334949,111.98383613287145,0,3
0.006192451414790342,83.69882359837432,0,3
0.00012593789734077708,3.806057593549173,0,1
0.0008752856350235309,27.765804262597165,0,2
0.0007132795129894579,21.55652082542409,0,2
0.497777467139741,1032.4195756041338,0,3
0.0008150082015761817,9.012689834307487,0,2
0.003599026455969295,52.561149991670526,0,3
0.00044544333766543447,28.226187917353837,0,2
0.002980237324316634,182.66299814129073,0,3
0.00032328461544570033,21.23328519103031,0,2
0.2359238894160186,1091.7641216452507,0,3
0.0016800961392607263,31.943419194994473,0,2
0.0013453185205223636,88.3603192179253,0,3
0.0006042442273336022,10.885006869600323,0,2
0.0018467290425498038,66.44565629315542,0,3
0.0007354316851638282,45.0756573793766,0,2
0.0008891977442702069,30.841453238495085,0,2
0.0010561716814564948,49.181817110915865,0,2
0.0021595197009771465,26.22497331662164,0,2
0.0013560866151754822,16.468168955306574,0,2
0.0006880454705899841,19.008326555476746,0,2
0.0006200048804119408,27.430999716193003,0,2
0.00016450542454709652,3.607605194856645,0,1
0.00022853497551018494,11.25567339588814,0,2
0.0014725397104576726,32.63969354580784,0,2
0.008155914389708769,84.24093879187461,0,3
0.0021317991146007653,34.03787902173016,0,2
0.0034143924604947487,115.48734584425752,0,3
0.005773590665771974,112.53314936446158,0,3
0.00048744767256154737,36.18450868612541,0,2
0.0003863277130452338,7.345191620925661,0,2
0.0001744411109736599,12.949217424864766,0,2
0.00045260160084190673,27.740597937879794,0,2
0.0020194041239393616,98.02966949980255,0,3
0.0007892541155016922,28.397510667929797,0,2
0.003948017824772352,128.11484560909392,0,3
0.0015700747709002042,30.602352839896252,0,2
0.0006409936318659818,14.056995157188316,0,2
0.0018925291429933017,20.92835156161558,0,2
0.0011863634149305443,32.77513502869736,0,2
0.001951406975628883,25.81953236874248,0,2
8.959499765705276e-05,3.569339211213931,0,1
0.004531826763273621,147.0596921981824,0,3
0.001581543670970645,53.49363994047643,0,3
0.10718802263597382,294.13229321527797,0,3
0.0015888536162080933,29.71795495878808,0,2
0.1347644405363609,472.2643847715693,0,3
0.0016467697134048564,60.31676211704922,0,3
0.000986734058477851,39.3101027743373,0,2
0.0007789423985419406,50.747915977547905,0,2
0.0013171685961822408,23.517432591525836,0,2
0.0011924006535637833,20.26284068264955,0,2
0.08807508942953454,318.12326055921193,0,3
0.0028434954686277973,104.8666629318792,0,3
0.002030296743876736,24.65570372379514,0,2
6.46899110881276e-05,1.260872106852182,0,1
0.0014363725148626237,14.836027369237014,0,2
0.001189263800232014,17.837154234584624,0,2
0.07815381427156018,523.7166190678864,0,3
0.0012459422325475813,34.42109255543283,0,2
0.0011391594148435534,33.126485915556735,0,2
0.001006060992320462,24.245353300285323,0,2
0.07781496137723054,303.34890234005076,0,3
0.11250918227524233,295.45667032285405,0,3
0.008072683494118417,89.2709942333287,0,3
0.0013201776142655651,31.815340144706475,0,2
0.0006553618261050256,14.372089764677346,0,2
0.0015767243153349474,35.045050435656684,0,2
0.1805836022046922,745.4035854578627,0,3
0.0016348661460186273,16.88623155650619,0,2
0.0012771232497452523,44.296487750472586,0,2
0.0009139945778080162,22.026618289203864,0,2
0.001479876105259284,15.285367948443692,0,2
0.09048176477482393,360.0060794168042,0,3
0.0028803796323634665,38.26143207867881,0,3
0.0012987822766224236,43.929606713972134,0,2
0.00133568361441047,14.770528824332427,0,2
0.0006075417146999539,11.841605420832098,0,2
0.1649539571483214,509.39956471270966,0,3
0.0021297519390275433,76.62887303430117,0,3
0.0016156298674892815,102.37681965038998,0,3
0.00032177430948732486,20.11489630402572,0,2
0.0012682376514401338,33.147746265817666,0,2
0.0006942283696811591,45.228816713220176,0,2
0.0052673391221546165,98.52043334138834,0,3
0.0013865443531376155,33.73340482044212,0,2
0.07934674096894463,274.16312710312405,0,3
0.0010710334206997538,27.99344746724076,0,2
0.002825468674166807,173.17700673249232,0,3
0.0017888408393795432,33.458520628220946,0,2
0.0008723316752945925,22.800008341863794,0,2
4.062416196156017e-05,1.8917095950938692,0,1
0.001256209205140154,16.621204412562726,0,2
0.0003476675325458785,25.808265295803007,0,2
0.001973138003829258,31.504578554108342,0,2
0.004505421774626969,108.57745556825486,0,3
0.026344475902488545,88.55169478176168,0,3
0.0031962703194295633,141.41322591992272,0,3
0.0011887925255860453,40.20934767397255,0,2
0.0003520918574061434,4.757924452864434,0,1
0.00026161631893554025,19.420459872561878,0,2
0.0045899194339669965,67.03241745230478,0,3
0.0006072083474050659,33.273609121087624,0,2
0.0006950004844868286,21.00409747467621,0,2
0.0007756257273572379,49.148692286342175,0,2
0.0010272662850552936,37.88505677069469,0,2
0.0009079155165638216,16.426123710664008,0,2
0.001283584842429045,19.251826889135266,0,2
0.001852679381141485,27.05702779070755,0,2
0.0015736779448943734,26.742006042928047,0,2
0.0001260011191605102,1.9812563627076427,0,1
0.11819008681012795,408.8774164311785,0,3
0.001217829651222287,19.149296143191616,0,2
0.005125534954403208,95.86812489256968,0,3
0.0004152494745092371,7.480408050527373,0,2
0.0009867278068606787,31.09437522181943,0,2
0.25537897331318826,876.7470232824367,0,3
0.0013856216911401471,24.739630760401052,0,2
0.0005646900851086392,12.516682025894966,0,2
0.0006136629337911136,38.36156559080019,0,2
0.0004413357816137412,15.307547684217555,0,2
0.001728209968036085,27.59387665248038,0,2
0.0009385950257248816,14.758578170676905,0,2
0.002215958423770683,49.117998888903664,0,3
0.0012365180258784479,37.36967919370901,0,2
0.001677289587744002,25.156801263786797,0,2
0.0004737524456266285,34.74638138689449,0,2
0.0008557538542796165,12.745640671541572,0,2
0.0007575550543063353,18.256537204280562,0,2
0.0013970712414434429,20.808048888044333,0,2
0.00023107867567314193,6.383907917358686,0,1
0.001623864177532762,21.57054863031653,0,2
0.007046619006886405,93.23550126178333,0,3
0.14877590347337344,362.6325911845384,0,3
0.004264677968531492,72.47101884831086,0,3
0.0004412798686663717,21.421427820942515,0,2
0.0012749479697866746,16.869141488930488,0,2
0.0022039973912414343,69.45372512528036,0,3
0.0017124477961477655,83.12882473695072,0,3
0.0009388003890583696,12.689076246961886,0,2
0.15559522643394577,471.37746105453095,0,3
0.0004498767692504751,32.99526988363123,0,2
0.003410463957148782,53.62653490623765,0,3
0.10555360538385254,337.8286193597853,0,3
0.11501415397633873,421.09441935007953,0,3
0.0027392748022204896,66.64414709030879,0,3
0.0006549678058127428,48.61996393176186,0,2
0.0004201057693966727,19.562695611394147,0,2
0.03503600048337088,112.50625909036799,0,3
0.0006232023331087291,21.615513240498334,0,2
0.0007832747246388594,8.090300484122753,0,2
0.0018993831390010545,123.74436945225136,0,3
0.001772802340053867,34.55371918027622,0,2
0.0018039322796739666,18.632484537656826,0,2
0.0015391427422626939,20.445154114686638,0,2
0.002011736964622801,30.59568149840234,0,2
0.0009764612022249915,15.59090068248381,0,2
0.17047330419926104,603.5262882872267,0,3
0.0005370186152715867,16.92286181483312,0,2
0.00033173886087732476,15.447791557668465,0,2
0.09289723697646751,253.36473054394398,0,3
0.00045049219222992505,8.150362390834646,0,2
0.0016228570258779312,23.700640324755092,0,2
0.000995581281698297,30.088160730124514,0,2
0.0015461802532722104,55.63185465169215,0,3
0.0006046491514409074,8.03183794918869,0,2
0.0002011853379603315,6.978029614848959,0,1
0.001018854642992092,24.553671168587385,0,2
0.00044663341760949304,28.30159912523883,0,2
0.001980339971427916,31.13909777037526,0,2
0.0022327124191524736,33.956406456310646,0,2
0.0022943032355672408,42.91270103227633,0,3
0.001059883420182768,15.47882242696871,0,2
0.0018326769820554024,24.248587429784717,0,2
0.002269455682930167,30.027710875614808,0,2
0.0036049466505791348,121.93259134751143,0,3
0.007600767228679959,92.30289386468236,0,3
0.1663843303693688,345.664684256624,0,3
0.0005590683195328384,35.426206009675475,0,2
0.0011723303870118894,14.236653226057731,0,2
0.006371354569855621,95.56066040483942,0,3
0.0016291349466206547,39.63542063196405,0,2
0.14033279450487868,434.32001433920715,0,3
0.000520321522065439,12.539378058105228,0,2
0.0008273940239818313,12.583495992069748,0,2
0.0005721060741805718,8.580723874476565,0,2
0.0005828394418032106,43.26568785059051,0,2
0.0006203421550703675,19.678489128932714,0,2
0.0014648515219774433,21.817571773605735,0,2
0.00013122621376241098,2.9087048532297515,0,1
0.0005818548306938759,21.311783380479408,0,2
0.0006583121783926046,16.016156397516095,0,2
0.0010651639494800847,15.975844592502485,0,2
0.003942243361737103,141.8426533630977,0,3
5.888484219075526e-05,3.8675476280903536,0,1
0.003444366739555222,75.53498844686078,0,3
0.09378109834623648,301.337940177328,0,3
0.004268945902066614,93.61801566882933,0,3
4.7339100343094573e-05,2.999713384704965,0,1
0.0004275884236207925,31.741000931006937,0,2
0.0008056476440304226,24.34804294842033,0,2
0.0008545946990150983,12.8176250310628,0,2
0.23609643544632536,651.4418856649141,0,3
0.0004209075150958432,11.628224933645125,0,2
0.4502922246072841,991.4131679354451,0,3
0.0010420385108818558,27.23561165267354,0,2
0.004378523975019404,48.419486383831575,0,3
0.0006491929122990552,31.514329340946542,0,2
0.0002907311592852279,10.72201690522519,0,2
0.006971689654073221,104.56477663837195,0,3
0.0013770126372420737,33.18502371500074,0,2
0.0004563630519844586,11.102911740866814,0,2
0.000634723132059647,34.78135550428531,0,2
0.0008129433792257367,9.872296334445338,0,2
0.0063590389305501665,114.55332018402422,0,3
0.0012387882075516694,16.455404117760228,0,2
0.0015508291487505842,34.375024182806314,0,2
0.0014177211526681284,24.091783045471058,0,2
0.0003852051696442989,11.641555814068466,0,2
0.00043304072400532877,13.736914556060409,0,2
0.000815373891371907,18.122901301852455,0,2
0.00020835332195963825,7.047277789345295,0,1
0.0005589930475127783,36.418266947995015,0,2
0.0007236562516224275,9.781130749890108,0,2
0.002478582459175021,30.099636889397033,0,2
0.0010701721892084602,12.99605513831774,0,2
0.0012949817382453994,57.29413560532439,0,3
0.001760351389101872,38.60451917364516,0,2
0.0028660818394854373,99.40885432940227,0,3
0.0016582971400486925,28.179966735906046,0,2
0.0003353483115450988,12.065894960231946,0,2
0.0003941750985402327,29.26064289533042,0,2
0.0003382017673647806,24.804700647054396,0,2
0.0018600477417174807,24.61073649652378,0,2
0.0008830990778556666,55.95890299277044,0,3
0.0008680333160092563,21.118487252361824,0,2
0.006401991067621044,102.21891732922103,0,3
0.13555023718931578,488.055080515846,0,3
0.0010943753780645838,20.469222502037265,0,2
0.0062108016087470555,82.50098745221172,0,3
0.14567574597382077,324.40922979325956,0,3
0.13242891596148257,459.7838107265006,0,3
0.0005318015887427955,39.47701525793883,0,2
0.0014411192839112804,106.97803309307287,0,3
0.00125445837878835,22.39777083020283,0,2
0.03926472431041542,147.67537832549803,0,3
0.001929258245195415,58.305467608167184,0,3
0.00025513065617792277,3.7259966968566034,0,1
0.0010513096779400492,38.50665654067194,0,2
0.0009677509761958067,25.29396897419758,0,2
0.007613671301448256,100.73830578029799,0,3
0.001240826522519657,54.898135583169406,0,3
0.0022425510328492326,104.4269001867094,0,3
0.001095085310237846,14.801464891246422,0,2
0.00390616796081115,155.61626020103228,0,3
0.00044572881313557195,29.275401782169553,0,2
0.007810795574784508,105.57279455037686,0,3
0.00030655564388697956,16.7985382812173,0,2
0.0014519475828747267,90.7647820453372,0,3
0.0007762479515241574,42.536587368140495,0,2
0.0009414498979807337,43.839668791087625,0,2
0.001117556123565015,12.358386939718436,0,2
0.18591524591469177,1239.2380659208525,0,3
0.00623761066950749,116.66841490991179,0,3
0.002673218031285689,167.10937421646943,0,3
0.0004676182761730574,15.174410530772189,0,2
0.13881273616025247,435.29030179046237,0,3
0.0006104015188370253,11.605473721314565,0,2
0.00024049154720404871,15.795448851705043,0,2
0.0009001573249749629,32.38782888391141,0,2
0.0008154043219678206,39.58287261258276,0,2
0.2071240495197574,1078.4546945168968,0,3
0.07006851486598731,331.96051764014624,0,3
0.0014440864091426675,31.668825789714152,0,2
0.0009753689347630574,14.833985653309222,0,2
0.004207091743201103,75.78760450532181,0,3
0.0015420387991284402,20.838039719775967,0,2
0.0012565856979135346,22.636449527020094,0,2
0.0007901852586868149,21.83009710617445,0,2
0.0005923479775519491,27.583346921218197,0,2
0.00413461449589187,131.15820961821706,0,3
0.0010907524144120565,43.454048376558546,0,2
0.00036406672455802097,6.586741769938585,0,2
0.0019375871666677071,28.85852009036656,0,2
0.0009372602256232433,17.53053703978675,0,2
0.00044185595801206134,7.054998541296339,0,2
0.006583254795734399,123.1333506788188,0,3
0.0006430125063302551,11.480689197237435,0,2
0.000981205850407577,14.614128971276592,0,2
0.0005982848464947704,15.637285538536515,0,2
0.0007966509819809876,39.23619675138935,0,2
0.00743776069452707,90.32336017176898,0,3
0.0004095780446405691,13.853440059660327,0,2
0.00023544620447957191,15.339265425180912,0,2
0.0023925816302262284,117.83805670317564,0,3
0.0002999070181528262,11.947875524352618,0,2
0.00521409853091622,83.25214781597487,0,3
0.0017347485303118196,108.44335850298144,0,3
0.0008325119431469709,28.875329847051063,0,2
0.0006403873653109084,21.66026254674818,0,2
0.00033305865539541406,11.983512703795773,0,2
0.000584858811795952,27.23460553097675,0,2
0.0006056532195435573,37.121350039168114,0,2
0.0030284455155557754,111.68752635312147,0,3
0.0002754500700334856,6.638150485435895,0,1
0.0004981718326472061,30.53366246989933,0,2
0.001634551049637615,31.85906103513363,0,2
0.003438630221744496,123.72255840944774,0,3
0.0003393172277644541,15.800686698473815,0,2
0.0006991045156379252,25.15391120666676,0,2
0.0011470757198907505,25.425596135152382,0,2
0.11038230469309797,239.10578573015854,0,3
0.0006110915176514692,19.830177803581513,0,2
0.0016208094058188223,35.5443624330484,0,2
0.0007129107445975166,15.845504986224633,0,2
0.0034149511829870867,122.87058216692611,0,3
0.0006144016959544166,29.825429432637026,0,2
0.0003994565998902391,5.3979786368177765,0,1
0.0005707044327334491,13.88473698562419,0,2
0.0003536536156914437,8.604081475890931,0,2
0.0016307356619140278,21.661825776557766,0,2
0.06292283155234141,278.49308976741173,0,3
0.000710844048946832,18.579229328430273,0,2
0.00338301953627151,54.01578831470915,0,3
0.004800722834023703,89.79283144511949,0,3
0.024874074060349805,91.3975661501469,0,3
0.00028398481191649485,10.473215054354052,0,2
0.000810524743525828,10.766579889004278,0,2
0.00018607691063308275,13.64742148317633,0,2
0.0008504657615762144,41.28489020096585,0,2
0.0016241770069397692,101.53126309564263,0,3
0.0007757730282842198,28.41448735846309,0,2
0.0007703642418451469,50.18905106519241,0,2
0.0005014752520888175,30.736133761161792,0,2
0.15143842229751578,521.0224380460694,0,3
0.020761238031666067,100.19330779202429,0,3
0.0003995176009682565,19.39412617711788,0,2
0.0007628314587959816,48.33796419111954,0,2
0.005744635873378439,59.335286746206336,0,3
0.00012423456542781213,1.6788195020884347,0,1
0.0006448128411913122,47.86613449275667,0,2
0.006252233138131543,111.63071439654101,0,3
0.001245751915827045,43.208386105701,0,2
0.0003881545399832611,8.627313791157466,0,2
0.0008120372062013365,35.92712424787233,0,2
0.0011922808492903227,31.162474182177984,0,2
0.0004210817932108464,9.359171122743827,0,2
0.0019267995436802656,25.49394555182327,0,2
0.12689183021708755,519.5829966425835,0,3
0.05387257415137499,210.17616150808203,0,3
0.003429364407717132,168.9010867705331,0,3
0.0013694240460088239,100.43753994783019,0,3
0.03914790860050851,189.95221354307114,0,3
0.17217032056620418,618.4741530165038,0,3
0.000842504575901726,54.888977039370076,0,2
0.0020918918077900113,155.28657033407987,0,3
0.0004127236246245722,15.221036820717988,0,2
0.0011226582545447166,20.998226080949387,0,2
0.0025624790623413845,31.118468150069273,0,2
0.00041752188748935915,7.553859418293192,0,2
0.25673815801323946,645.9118375085246,0,3
0.1394496683937665,480.70279419404045,0,3
0.000291542185218565,5.274618523320318,0,1
0.0007121195029271462,21.52146334709961,0,2
0.0005918188154395039,20.01749506144855,0,2
0.0006634291519305607,20.049958073022545,0,2
0.0004837081447384691,16.777215442977315,0,2
0.0004468684340540625,15.49944542869852,0,2
0.0012025655678412058,33.222744709440605,0,2
0.000530421987300262,25.748730278434603,0,2
0.003194235327250364,148.74314510819895,0,3
0.00041222049481636787,13.376729132003973,0,2
0.004385533301886796,78.30165713330192,0,3
0.0020988128054361243,33.51119524884112,0,2
0.0007972452056250328,52.36294586700248,0,2
0.00036132660998219277,23.731877702509202,0,2
0.00016613259720790993,5.0208098315968765,0,1
0.0008947667027745458,27.04137257695303,0,2
0.0023207855093911977,28.183367824728364,0,2
0.002661923748332706,35.97138595353312,0,3
0.0056127882991702455,104.9817227757174,0,3
0.3713415487270185,893.0903824252745,0,3
0.007563524781978509,83.64051157060483,0,3
0.0007097498603788322,46.240038219773446,0,2
0.0012364372752381072,34.15850332237032,0,2
0.0336764522176045,88.67497228029633,0,3
0.0005256601743557957,20.941565055713774,0,2
0.005711370188784028,103.33084033350161,0,3
0.0007339023528012615,35.62645249524879,0,2
0.0010479017105826764,34.00485302331332,0,2
0.0008448137025176685,46.29383149596205,0,2
0.006718706985836936,90.79193280709728,0,3
0.00025836805574076035,6.752928952363334,0,1
0.0018177052064421197,24.56858798511809,0,2
0.0006846806712349625,22.218176913083195,0,2
0.0011518585049477888,28.023704510674598,0,2
0.0011719548175672693,18.712296119308196,0,2
0.0005129709339267676,18.4567901293282,0,2
0.20300074595119288,445.37010437162144,0,3
0.0009338050326220434,15.868443671282078,0,2
0.0023592064231881846,175.13002957550677,0,3
0.006728541085133697,107.4328560697487,0,3
0.0009123813511526857,13.876033356171678,0,2
0.0008553815851258551,15.409058140797182,0,2
0.0005710151091732106,6.934345630039572,0,2
0.002733599081819776,134.63365242705206,0,3
0.002799098295694111,88.79297486462534,0,3
0.004778602807127732,81.20430584895821,0,3
0.002011266393970473,35.91022590494371,0,2
0.0038948823825231843,101.79998425726936,0,3
0.0035960094335949337,53.55914421286234,0,3
0.0005588066052688304,7.551323768796537,0,2
0.0013460163621243737,42.416497769291276,0,2
0.0016407848633420172,16.947364898513214,0,2
0.0025034181943067164,72.7988080279695,0,3
0.0062545079926374,118.916034623573,0,3
0.24928330050031966,775.2228850198674,0,3
0.006009170893226482,108.2507097204917,0,3
0.0012483232787545422,44.91490500866601,0,2
0.0014095952757402477,25.167667961898456,0,2
0.0016793149109709912,106.41231833864228,0,3
0.25233703958969045,704.0928179839806,0,3
0.0015302302445673452,27.56595093624233,0,2
0.0027274830973818627,99.90039762324015,0,3
0.00026940141659208126,6.492382245938224,0,1
0.0017627727002626657,27.718044503665958,0,2
0.0011375992673937209,38.477802872911624,0,2
0.001781819492131371,33.32719318613149,0,2
0.0006272675982371139,22.975131373028333,0,2
0.0029608579448756325,72.03507009659926,0,3
0.006075075688016558,67.18064037901276,0,3
0.06864055248348215,264.8626872147934,0,3
0.0006268371782393727,45.9740606378957,0,2
0.07148731995407427,226.43406935055046,0,3
0.0014610391454683684,47.41133724777842,0,3
0.0036597722756806362,134.9705353412941,0,3
8.616762078635142e-05,2.252150791227318,0,1
0.00041540093221768544,27.283471099414093,0,2
0.0809939438281211,369.7202403980385,0,3
0.04812462512954055,200.8526244505334,0,3
0.0009016355754933708,11.976847754319527,0,2
0.0021418810540556337,103.97517235300413,0,3
0.0003044970859748698,14.996915645325641,0,2
0.0001833122371573916,9.028389052078536,0,2
0.002374279473844962,28.832992734269816,0,2
0.0006185405382445971,19.62133825367678,0,2
0.00037779482431746664,24.61324487805882,0,2
0.000898445642917994,14.127264570647696,0,2
5.3971026263511265e-05,1.7513825934949514,0,1
0.00020194045072646002,9.802968810788897,0,2
0.0008647825815992148,31.115039002100612,0,2
0.005515844145732206,73.26954189206678,0,3
0.00027917788066848586,8.856078608989733,0,2
0.00140347433138933,21.049987486702378,0,2
0.0004140127207343877,6.209563221699491,0,2
0.0009817490999506383,21.76103607508287,0,2
0.001378527969959162,24.833148161227317,0,2
0.0024078696618161297,95.92615463098008,0,3
0.000991095700276505,48.11161014728054,0,2
0.0009502740513845046,14.25267027917791,0,2
9.009674069326925e-05,1.608635395735614,0,1
0.0003348439861610926,21.21789344950896,0,2
0.0008445112218149042,52.79245469117233,0,2
0.0008167306159629635,53.2098095478722,0,2
0.0015379651904162952,34.089887113269,0,2
0.09905713819599249,303.8262543639116,0,3
0.20857684928740117,591.3478918197086,0,3
0.0008510260312351351,62.41672275139201,0,3
0.0013375009126007508,16.24246619655311,0,2
0.0017882712071477468,71.24222006667878,0,3
0.00016772421704089316,10.628097601143352,0,2
0.001643045615573564,39.973854974904306,0,2
0.0005698314552080045,14.893603316435048,0,2
0.00010529327005366568,4.194736394972181,0,1
0.07543341781028595,503.4217004918451,0,3
0.003788012234903856,136.2933885780925,0,3
0.0008476518187940151,53.71273403967053,0,2
0.0011519788571433868,31.825208125867068,0,2
0.03367108730755322,123.46458815241652,0,3
0.0013594562534464082,43.124660940816064,0,2
0.003342999751884191,164.6475043294483,0,3
0.0015987433237667176,35.437069557827634,0,2
0.030518897191029046,153.8612835098106,0,3
0.027284547534099327,154.61502424216422,0,3
0.2662403012743859,839.5857330165354,0,3
0.0029990189829104215,47.884551890947904,0,3
0.0005059572222913629,31.62861906806314,0,2
0.0016450028523279916,36.07492489655535,0,2
0.000990812260934565,48.09785090776812,0,2
0.0006110656783522278,11.055478450179058,0,2
0.0004000993141326558,11.634793271018664,0,2
0.004747804181404095,85.89788082145792,0,3
0.003342889980040408,97.21044868533396,0,3
0.1139460624629586,667.5060660789912,0,3
0.0005851968862389461,37.081881987955896,0,2
0.00022214913446544948,12.173257331491081,0,2
0.20058842180591482,481.68314646175827,0,3
0.0008011991175358938,17.807845804093112,0,2
0.00337069956352368,49.22660266677907,0,3
0.000920059063555141,13.70340567211417,0,2
0.0019407208818894518,26.22555207084814,0,2
0.0017651381797078858,55.624122981613674,0,3
0.0006575783325774281,48.813750124022704,0,2
0.0012912660077994144,24.151869415874028,0,2
0.001230918369541234,29.664255925978814,0,2
0.0006987395864771848,22.674394649585565,0,2
0.17355906497096454,427.8933035572295,0,3
0.0002669753936111416,7.375610596907246,0,2
0.2094835527737875,852.188702094738,0,3
0.030364930860083097,135.1685907165206,0,3
0.0007729792065368523,11.288796154259941,0,2
0.0013045212674431647,37.93516941475223,0,2
0.004578293321563309,89.23558943036242,0,3
0.001547195294501111,100.79941334965383,0,3
0.15653790645770616,733.8627989881398,0,3
0.0003429144477691846,5.008014790670034,0,1
0.0032856482133940173,64.04062264907856,0,3
0.008417924055213414,93.08880378340919,0,3
0.001746272117208425,38.295760635363294,0,2
0.0011602210377221127,32.052911187170984,0,2
0.07635765238526644,285.81652537392114,0,3
0.003948081349472847,40.779005690146775,0,3
0.000981374138050197,31.846005200928467,0,2
0.0008986616361407918,58.547596444210136,0,3
0.00012690379733291534,2.812895995489505,0,1
0.001175703754386426,18.77215441319555,0,2
0.0006544914464166262,17.10634940882798,0,2
0.0018037215681322646,27.43206074195735,0,2
0.0022857980478787226,41.17693860886848,0,3
0.00237900279010652,28.890352175292406,0,2
0.0006699689338737618,20.247601413515397,0,2
0.00023248873111114015,15.269825087648645,0,2
0.002408226843210462,32.550235800528554,0,2
0.0008783456290784924,11.621601072542536,0,2
0.0005165906442151295,18.92133110378424,0,2
0.0004177116761199281,7.812888896786883,0,2
0.0016687833357287571,91.44545633820475,0,3
0.001799728149668877,62.42282093908335,0,3
0.0006424106027504958,41.852901257515434,0,2
0.0002706800119599574,13.331376532694431,0,2
0.008095388816923663,69.28048557922415,0,3
0.0034240416907408157,46.28025999239881,0,3
0.0001349257455831892,8.549773063573426,0,1
0.0007010212399083881,9.473113419632485,0,2
0.0010626229577276824,25.608456377657944,0,2
0.0017790996594787714,25.98244975301495,0,2
0.0006562217528599265,14.58550756291583,0,2
0.0013992451841821885,18.513747657971788,0,2
0.00046463813982275723,29.045662521414947,0,2
0.0009998754123744587,14.89219436021401,0,2
0.0015009701372710371,25.506459318047295,0,2
0.0008263288338077977,40.11319057738444,0,2
0.001270023912048721,13.117843264038205,0,2
0.0002045723906451124,9.526142462725355,0,2
0.002035132870111993,124.73619756298676,0,3
0.0008240065444439707,28.580323637168433,0,2
0.0016248671483750715,29.01124711206561,0,2
0.08690934882998094,266.3224662122006,0,3
0.0007422979795373896,16.498680129536584,0,2
0.00034356769533551565,16.678101834737458,0,2
0.00022860788969854067,8.43094240067632,0,2
0.0002184701604599904,10.173307677704745,0,2
0.0006374765942700301,18.537668342479865,0,2
0.0035102548655612086,139.8436370405533,0,3
0.0003201486551335536,14.164400870962798,0,2
0.05905537809314381,195.84416622126508,0,3
0.00013475566731484918,9.883372326181915,0,2
0.0006231545029088642,11.225661310687965,0,2
0.00010200710367350935,1.8212893865309177,0,1
0.07620558263773831,165.08619628876625,0,3
0.000600994112502726,18.16306492222742,0,2
0.14487721633270242,398.7090142601014,0,3
0.0012234442726556972,35.577469613560176,0,2
0.09018444947766861,621.302060335265,0,3
0.0012397573739267604,16.46827800876294,0,2
0.00193144982371437,34.48513817044614,0,2
0.00045229059259148103,14.252860107472678,0,2
0.09142995025608674,297.6305306562942,0,3
0.0006478881320573798,42.20976101704402,0,2
0.0004902706601172594,22.83000232261791,0,2
0.00450518288976489,142.91337739257074,0,3
0.0009373345245037954,20.833658342701213,0,2
0.0010219617611588669,14.925004323024973,0,2
0.0021872108637833883,143.65568240729624,0,3
0.00044224168928811087,5.977456528954596,0,2
0.0003137186992338456,10.180304269357604,0,2
0.0004385861382595514,32.16718218903279,0,2
0.0004367637262244683,26.769872003336815,0,2
9.74726468588036e-05,6.093252712336208,0,1
0.007093821727493835,95.86097250346417,0,3
0.0007949638880776968,12.090279370552409,0,2
0.0009578429444379909,21.005502959703282,0,2
0.000185295950872765,6.83362018234318,0,1
0.0009596464342738007,15.322423679476758,0,2
9.924377062830687e-05,4.621397318386752,0,1
0.09635940128488021,650.4127555618717,0,3
0.0047703940930945606,76.167635080915,0,3
0.0010125941548139402,18.31998302950012,0,2
0.0003818118174002277,28.342884376864966,0,2
0.00047274914781301943,6.904155657267147,0,2
0.002208472604782551,145.05215037614974,0,3
0.0006295578568474612,23.217772737298738,0,2
0.0008040285379942256,11.975241225838332,0,2
0.00037200655370416865,12.902892303103256,0,2
0.00043489536576607246,8.47655263193514,0,2
2.7325611340385345e-05,2.0041397612359075,0,1
0.0009929327348923486,35.725905481935655,0,2
0.0018032663924845854,27.046262370481173,0,2
0.0018316603896237466,24.751784438687675,0,2
0.0003896907186849827,15.524732393795135,0,2
0.0002585076291152551,4.615533470608218,0,1
0.0051438284631966915,62.46609564690408,0,3
0.00030884108783154533,6.019626655015574,0,1
0.0006058988202099275,13.467005301209586,0,2
0.23950897098225582,675.3629393270159,0,3
0.12889059917228302,417.34060429943275,0,3
0.0007884719976216975,36.71608154711365,0,2
0.0016148109714849627,59.55340520628061,0,3
9.094648156758885e-05,3.1544408165076216,0,1
0.000601968808540964,21.65895030073665,0,2
0.0006601403456639611,9.832163298525865,0,2
0.0030410544429602484,134.5459789064,0,3
0.0003728983272117431,10.301896427795503,0,2
0.0004846678503217491,5.885753872197136,0,2
0.0010394323723426366,25.04957978847222,0,2
0.17448591752743803,619.1159091780767,0,3
0.0012325604090059475,45.4561993787108,0,2
0.0007776709748485418,10.330167888082313,0,2
0.0006683267003935209,14.656409555119565,0,2
0.0013529535732625434,25.305675073770747,0,2
0.000745590937953014,10.888810516293974,0,2
0.0019655233538822445,30.9061195398504,0,2
0.0015478992713786094,17.117295262435388,0,2
0.0021741602819098827,68.96869594049716,0,3
0.002258874971097349,23.331503873902744,0,2
0.0009813983458756028,10.85269924667433,0,2
0.0017606303848940249,33.47460488592111,0,2
0.00022151745562094713,13.577120940739396,0,2
0.06963543377582143,418.203133398673,0,3
0.0011427132828903525,27.53857616594722,0,2
0.002210299242223246,29.868446519031078,0,2
0.0008331907537319562,24.22898973473725,0,2
0.0016054064681702764,21.241516909384096,0,2
0.00032839730141634346,3.3919552911122244,0,1
0.000659520666657162,8.914257091492896,0,2
0.0030738196640692655,67.40888830066552,0,3
0.00077440965021307,50.45260847885292,0,2
0.0036950947307041494,128.16282101834835,0,3
0.003608755302617876,70.33830816875044,0,3
0.0018090569332620075,134.2910018860522,0,3
0.0003722533373109441,13.393744688604466,0,2
0.0019255580785515185,93.4740202841877,0,3
0.0029042619649249876,178.00635995408783,0,3
0.11283797419829655,479.8010507167085,0,3
0.003082259890747785,58.60255104294073,0,3
0.00036547124519123415,23.158635841816444,0,2
0.0006848530199985186,33.72998771887079,0,2
0.007534612965493182,110.03751349246856,0,3
0.000659223231753683,22.86488310038107,0,2
0.0016287287056205532,26.005485348704553,0,2
0.11722550761607985,282.5275247510185,0,3
0.0009310561286954792,37.09197203971596,0,2
0.0010243898193947035,16.107625559922614,0,2
0.0015368313804694327,20.414451213142527,0,2
0.003671761129879222,69.8106508400333,0,3
0.00047094532732182027,16.334542439043766,0,2
0.0013775998258749146,20.95135012475462,0,2
0.0017113873085525947,125.51811958459888,0,3
0.0018384314379883188,28.90771136148509,0,2
0.0013562528948094217,26.43474718295865,0,2
0.0006362261575293487,25.346358955908897,0,2
0.0003177890320480475,11.719897455406471,0,2
0.004614015438590774,61.04914169848104,0,3
0.0018136393616276817,32.67135376271559,0,2
0.0036466072905142026,133.56545404364485,0,3
0.0022526352937485223,33.55086263949188,0,2
0.0001744108644815568,10.689890752885134,0,2
0.0011416187380660842,20.56540591401151,0,2
0.0017260069201424765,23.3240569425785,0,2
0.006358006883662132,92.8540419329138,0,3
0.0067888085707726075,101.82183761274571,0,3
0.08336120845105124,463.7503849397509,0,3
0.0005420966079990888,26.69903088153182,0,2
0.0004915664843789952,22.89034383050675,0,2
0.0034815734128118827,52.218323580722235,0,3
0.00025034456913728233,7.27996076361378,0,2
0.0019842903336475923,67.11601746688811,0,3
0.0008089062423036307,25.490752406669007,0,2
0.0017099866512512996,33.32937757040809,0,2
0.0019706759529846867,123.19175668897056,0,3
3.441987826669288e-05,2.151670477468583,0,1
0.04986520886399893,443.6263482945968,0,3
0.0031106852412120887,56.03666313731115,0,3
0.0023559530000020735,109.707589781452,0,3
0.0008992759805607226,17.097801100644645,0,2
5.068682234651616e-05,3.106667667210901,0,1
0.0004078054313634161,22.34679180322749,0,2
0.00028203200981067813,18.52382022278887,0,2
0.0002417420068931876,3.5304652630507607,0,1
0.003118659276897866,69.12688489745348,0,3
0.0002731121203342936,20.273823113340594,0,2
0.0012043851238819018,26.41217480509581,0,2
0.0012441393106816922,55.04470393126405,0,3
0.0011591230716217285,36.527001131085875,0,2
0.0005617312266441385,34.42930842158051,0,2
0.0036811440497109154,55.98500841575559,0,3
0.037307553382857295,126.5126906543319,0,3
0.004786257785115619,89.52227683420887,0,3
0.00048356634529243077,30.22891077653636,0,2
0.00024735292053391667,7.794737788696434,0,2
0.007846932422168796,103.82463945237691,0,3
0.0009250982006597426,36.854616532024046,0,2
0.00280620278570586,182.82345838604928,0,3
0.12027978267580379,268.31511551593684,0,3
0.000998767789013549,36.8340467685872,0,2
0.0004834798167401563,23.81207033445314,0,2
0.0019123088246608838,60.662246003550486,0,3
0.002190899975762436,162.636204183328,0,3
0.0006166041326311158,30.368632704718884,0,2
0.0014177054748899097,27.63252041860324,0,2
0.0001569240308215607,7.61769806035929,0,1
0.0008360123457943754,28.99673985428678,0,2
0.0030063783869444436,133.01179923656215,0,3
0.00662969549992318,112.66050826785813,0,3
0.003172515842178432,77.18452061147237,0,3
0.000702468206642882,24.36481703458124,0,2
0.0030817840932558732,100.00519522244146,0,3
0.004692956418284882,84.90556807229468,0,3
0.0005922778644874341,13.164259237339044,0,2
0.0016579255985302833,24.693226718570937,0,2
0.0010213478845948823,16.059793820671075,0,2
0.0003844172719116444,28.194280082046184,0,2
0.0007367260379340764,23.37041777669112,0,2
0.0002835556190784525,18.62389065162059,0,2
0.0005051933106396948,15.267801644865798,0,2
0.0073483051460323775,107.31662400663035,0,3
0.0006437462459516428,8.701045817385145,0,2
0.00022348435020424156,14.6784186964065,0,2
0.004491313692187157,130.60633817174562,0,3
0.0020162472370612553,27.252134982025243,0,2
0.0012160238414985404,39.460487167264986,0,2
4.8612433018259116e-05,2.3598351047560433,0,1
0.002275858275512294,148.27163697687251,0,3
0.0005621033938527828,10.125871339330454,0,2
9.361330690902353e-05,5.129792098436613,0,1
0.0011234537586956215,41.432401750771966,0,2
0.000491089987960921,21.72739238992901,0,2
0.0006011097644746437,39.16216125601019,0,2
0.0004126175938100963,6.02597827573171,0,2
0.0011043927430228757,24.47950328978033,0,2
0.0007972016918116361,10.772829145435665,0,2
0.00039466149858524046,8.77194065469426,0,2
0.22424945898473295,903.516599125469,0,3
0.00019681293059097872,9.554059195186909,0,2
0.00667739685779027,104.99617066073863,0,3
0.0019461339915478068,37.00155749955696,0,2
0.001122116516492205,31.000214506881655,0,2
0.0007804597385031505,50.84677032288203,0,2
0.0010251437502985866,35.5566838099869,0,2
0.006007040342782454,94.45540626522674,0,3
0.0021255866561857343,32.32717471198156,0,2
0.0006210067274760975,40.45844376482754,0,2
0.0799940540496612,179.96542767956768,0,3
0.004456777357804024,67.78129693224088,0,3
8.543389418278448e-05,5.611285392168805,0,1
0.04444506343397952,121.74052484886272,0,3
0.002214906539072642,49.09468325677113,0,3
0.0009484314323789233,30.777000490630734,0,2
0.006006111993369993,91.3444912652076,0,3
0.0013724697523463955,20.58496579995861,0,2
0.0014477879189875088,19.568687345655285,0,2
0.13761858698151458,442.93162272521175,0,3
0.0009373770041123059,14.966853511289598,0,2
0.0030403030417137313,59.25859592622368,0,3
0.0006875294021628365,19.99319213843851,0,2
0.0008589846337788873,47.07036566200678,0,2
0.31351231501634325,901.2434225419995,0,3
0.0001377568922272928,8.443316491458898,0,1
0.0037951329198017557,50.21431125863566,0,3
0.0017664944868247018,38.73923735280799,0,2
0.0018897499675824207,34.189598242811954,0,2
0.0017449767051586822,23.585570179769245,0,2
0.0003868089930710175,7.539300361356263,0,2
0.0010874946038139837,17.099892584858516,0,2
0.0006393718139504739,41.654924874427685,0,2
0.0003683531498951633,22.57689016429827,0,2
0.0012565496205751013,27.85214840007626,0,2
0.0004081048982015217,5.399733505390767,0,1
0.0011676739920724352,25.60709940901377,0,2
0.0026358126120573366,96.54275337494902,0,3
0.001269618205735323,27.842736779686117,0,2
0.0028938152970079344,87.45602331046386,0,3
0.0004290434195919676,15.437062468940471,0,2
0.0022874056281004737,34.78821301478503,0,3
0.0024973571538678676,99.49121096946102,0,3
0.006742644297804136,100.42528113200845,0,3
0.0005896585209912663,21.21602385264887,0,2
0.000979329769951911,30.861243719953713,0,2
0.00037873233712213897,13.136173298375939,0,2
0.0019394427702274753,126.35424510335896,0,3
0.0004434346433827681,12.894974379425697,0,2
0.001784902165910705,30.33140590276445,0,2
0.0017790488281508136,115.90461710641041,0,3
0.000246541329158947,18.082057685755963,0,2
0.000979428656541548,10.830917626558792,0,2
0.0011717921910690612,32.37258230026427,0,2
0.0009861285663362663,10.905007934829133,0,2
0.0003648024611551193,23.960171087688003,0,2
0.00023448676660152402,8.43687771184117,0,2
0.0009361122415405866,28.290905125158595,0,2
0.0016179850915312727,35.96213274912845,0,2
0.0004572319858803381,6.81003604765765,0,2
0.0003116491608056677,14.512292176190218,0,2
0.0001010510265772673,4.905406808153439,0,1
0.09591212817725608,259.02626395089004,0,3
0.0012850223248152954,18.766811520720353,0,2
0.0011971149390779389,12.36477989971942,0,2
0.00039431230780817875,8.740160144271474,0,2
0.001182437593550895,32.66667810546689,0,2
0.007183984847347894,112.96181957139433,0,3
0.0018731532892972149,35.035502650704686,0,2
0.0024186205156439197,179.54049220679846,0,3
0.0013074275675293988,23.55232770176758,0,2
0.00018420585079309846,2.4468926142323233,0,1
0.0005926843962448434,38.92742250165665,0,2
0.0014834657773883533,53.37537608165214,0,3
0.0004481499690523732,5.9295794144989555,0,2
0.006029060143344482,112.76768102233376,0,3
0.00011378498301357806,6.974043969965321,0,1
0.001968850263418768,128.2701364406074,0,3
0.0007001792466243695,24.28542541013028,0,2
0.19541057795803293,533.2673228800953,0,3
0.0010921631896395933,20.42784567833017,0,2
0.0005595061522313339,41.533597070973855,0,2
0.0013349311352398817,14.76220760577515,0,2
0.0004286630521427903,6.260310463179521,0,2
0.0004183975679108707,18.511247135657058,0,2
0.0023887670519060025,85.94828523203877,0,3
0.003909267362515847,95.10903722096846,0,3
0.00023494716306229907,7.624134656422601,0,2
0.0007969273434120222,26.95502195082566,0,2
0.004057994788758835,89.94779928509156,0,3
0.00047555560352890167,18.94546913529158,0,2
0.0023686711492532926,74.64302615156714,0,3
0.001646135196058637,40.04902175120863,0,2
0.003131494364591805,98.68158179044714,0,3
0.09505319630421762,323.49335583101333,0,3
0.0006093383287491628,44.69064415354495,0,2
0.002159535954011341,32.389765735168474,0,2
0.0008274858224093638,26.249498970099012,0,2
0.00047074553071250645,21.92079280648388,0,2
0.002011447061759892,48.47444143988359,0,3
0.004878012881238856,95.07742823205885,0,3
0.2353380395994708,731.6510123293258,0,3
0.0009684177365668665,45.095456395041204,0,2
0.0001611067975395974,11.816040809937729,0,2
0.003593872389484191,79.87917603847707,0,3
0.0010433176113480286,35.28884953948595,0,2
0.0032516513791496227,103.14886033888281,0,3
0.0006693763942722887,11.951404153033067,0,2
0.0028473421392962066,37.82257958061224,0,3
0.00012102069620948228,4.463181565506598,0,1
0.0016577514570419024,26.468884031531495,0,2
0.003574402961797626,48.31258300298433,0,3
0.0038586111147069654,141.33058606401727,0,3
0.000563145031147715,16.3761240961104,0,2
0.00038072000825735734,25.005633200685605,0,2
0.0003100413436002552,11.355983666788127,0,2
0.0008420367021166607,41.471508180390096,0,2
0.005374162199726283,104.74788265055825,0,3
0.0002488624841592263,8.417447059261928,0,2
0.0028244000157381928,103.45020465577882,0,3
0.0012253070818384654,16.27632800917219,0,2
0.0010133573988906502,49.909296770688705,0,2
0.0027952995640272717,111.3608192631762,0,3
0.0008756365703658177,64.221731225049,0,3
0.21778932921527155,862.9150833581552,0,3
0.001219701933841723,76.24654050267594,0,3
0.08469796409051922,364.93127135684676,0,3
0.00340291532214303,115.09914669566425,0,3
0.003537900039265034,63.732617523374046,0,3
0.0005099821423133129,20.316974219313465,0,2
0.0016898124614500528,18.686628629924805,0,2
0.06656654199208256,200.62253614484695,0,3
0.0013753286037027621,18.19730166205688,0,2
0.002296184302406766,149.5958728984617,0,3
0.0008867957138890131,24.499111233368634,0,2
0.0011789205936872194,22.97836042391219,0,2
0.00011768029372501588,1.8789704778557015,0,1
0.0056955377112991425,126.24488436893627,0,3
0.0008346535380054269,26.476873189767204,0,2
0.0005541446692456372,26.900320811100023,0,2
0.0009177212944689128,20.341822770006992,0,2
0.0018326201242366482,33.013277974884836,0,2
0.0007127688881943913,45.16567401200899,0,2
0.0015131839066233742,60.28312732774012,0,3
0.00027677898657493474,20.546024132658385,0,2
0.09866683709427401,477.87720254680227,0,3
0.0005523600612341292,12.243379922176882,0,2
0.0025159943875355567,55.921729213823845,0,3
0.000962004695411409,52.71562610191997,0,2
0.15894854742990364,754.4571337092915,0,3
0.001556961667363171,22.738286792481208,0,2
0.00011486967187902345,1.6775875718038458,0,1
0.00488151817048458,72.70557558279813,0,3
0.00057100338198262,8.504552906877654,0,2
0.04720437083576254,201.2477230492308,0,3
0.00026981763209726987,9.950736686728963,0,2
0.000649568465733437,31.532560153994574,0,2
0.0019071314750666874,25.777297263771665,0,2
0.37558356049477587,776.2607659524906,0,3
0.00023908364825759839,17.747801116016802,0,2
0.001541488927655196,20.47631959441389,0,2
0.0001419789026235861,2.568700475156386,0,1
0.0007900251230468,36.78840457181582,0,2
0.00017341407792308367,4.790833692506324,0,1
0.0005877127806324812,32.20529727860844,0,2
0.0014333132954296739,25.93168756050479,0,2
0.001388038492330685,61.41126415632434,0,3
0.0007803293648325383,13.260383204535913,0,2
0.0008025126290060443,35.50572647731393,0,2
0.0027891649433012993,30.84371234802686,0,2
0.0009207827514143695,22.401834629273207,0,2
0.001574647353357464,25.141982538775235,0,2
0.001847366174511561,27.514764124440788,0,2
0.0007009823629398556,16.893175638929865,0,2
0.003088494813650858,68.45827213994075,0,3
0.001466768080963355,58.433985847951995,0,3
0.0005995067189552996,20.79364073735763,0,2
0.0009257772372876437,29.17366328169757,0,2
0.00025585351898168814,8.062613889792612,0,2
0.001167553742561757,42.00880199237652,0,2
0.0009038973049149376,31.35130137426939,0,2
0.000297610420336456,22.092395647629637,0,2
0.001356839221693377,32.69885876974877,0,2
0.0009773132729698983,53.55450064647763,0,3
0.264665911317924,581.8085697746493,0,3
0.003571138349609387,47.43710373171495,0,3
0.00032830792078543473,5.242006722412579,0,1
0.0012210414011312024,18.57031732395388,0,2
0.00022081873234289432,6.421356424335554,0,1
0.0002576429425161539,4.81895958383991,0,1
0.0022856885089168138,91.05862863824375,0,3
0.11927184761654307,424.55951581755073,0,3
0.0008501038824698607,15.178209387717029,0,2
0.0004742131208745094,35.202073488599396,0,2
0.0003440674387540373,12.379610787704669,0,2
0.0011392390216202384,40.99003303798833,0,2
0.0013314444615950742,32.08686314000148,0,2
0.0023241212640672366,28.223876868165352,0,2
0.14589333539479815,460.9281232482455,0,3
0.0006653626471526219,29.437772446375547,0,2
0.0014694557062120688,19.519468567317453,0,2
0.0009748820264187957,13.17387759639535,0,2
0.001717872789786127,83.39217486439806,0,3
0.0034436716998493674,152.3590545907751,0,3
0.001921153556532235,25.51958272793912,0,2
0.0017474330765345427,21.220637989069868,0,2
0.0016208710977411145,21.90332456904215,0,2
0.0028331337342931357,37.63384268049561,0,3
0.0005497544007982705,13.375041131559845,0,2
0.0012135747436216955,19.376830595484307,0,2
0.0004937648803293043,19.43931470514848,0,2
0.20160089095560493,1057.1519329398739,0,3
0.00010036321774013444,5.1297610992589755,0,1
0.0022918399351072004,29.33659656646867,0,2
0.0015282704392039245,78.11290256231695,0,3
0.014121920153384239,110.12861099862359,0,3
0.0005706843501903923,28.03737448118369,0,2
0.005550384704878269,114.07367945774389,0,3
0.0007473221053941074,23.91094966520761,0,2
0.002702528152129557,28.378489519485054,0,2
0.024878335383698148,164.6994703372572,0,3
0.0022098660460301506,31.88385897434917,0,2
0.0009326937676649343,51.89679102459416,0,2
0.0003320762667331257,26.28098608545549,0,2
0.0002830037941318868,16.31455664439022,0,2
0.0006822142318074582,32.353588397541095,0,2
0.0007540008993322618,46.168111391986486,0,2
0.0016972562962956376,31.325861121769474,0,2
0.0005565610551931544,34.961070857357086,0,2
0.0004889791262429971,27.54097958910043,0,2
0.000981917083645598,24.445988071688213,0,2
0.0334637657563616,113.94197286917883,0,3
1.0196483607604154,2770.155618166838,0,3
0.002199634111013524,32.38347985001357,0,2
0.0007843460908791142,38.997642933202506,0,2
0.0005641760042607727,28.418335849111838,0,2
0.0009216211609450266,25.680469836237776,0,2
0.0011828411088752521,12.253233540205189,0,2
0.0005407362064965555,27.23764039225421,0,2
0.14127395350114924,347.70266091028685,0,3
0.0006875179177617822,39.63392097892023,0,2
0.00031153535007575657,3.460014907002837,0,1
0.0008982336224838299,51.78122561522621,0,2
0.0024971636327109146,47.06127850642202,0,3
0.0006055358006621604,37.28789799737088,0,2
0.0012547756929007262,16.302493500152575,0,2
0.0014664740677030647,67.7822239732516,0,3
0.0018514115879796102,24.073954166705814,0,2
0.0007785130294428158,8.174946791735175,0,2
0.5133683780392658,2131.077019523653,0,3
0.0009418107298974275,21.0361466241152,0,2
0.1293764295771365,611.4297478835056,0,3
0.0036746836918764964,72.29224948991828,0,3
0.00028094199113334195,17.202315213174487,0,2
0.0007402568147034796,16.534267872801614,0,2
0.001861882392485828,20.283083269003555,0,2
0.00032589609372374903,6.014987715408112,0,1
0.0003106888034193499,15.352263841684621,0,2
0.00044928915144038585,11.185585239104348,0,2
0.009438846097526724,102.8254534937824,0,3
0.07801000776029954,578.6923637009298,0,3
0.0009836081648668333,48.90494189454852,0,2
0.0006594181190154313,13.460184113804232,0,2
0.5994921800997356,2040.3839761293182,0,3
0.0014279848684365527,17.00116477550285,0,2
0.0020256320216531934,22.06694855344601,0,2
0.08757394848390482,552.644098511756,0,3
0.22972156257565893,902.4914465569636,0,3
0.02520803465692696,174.16523987908425,0,3
0.0008567005511801421,53.81470441360881,0,2
0.002274160920988507,163.9212160034356,0,3
0.0014881171641886483,19.350027102541983,0,2
0.0014657084498034061,32.73784942079291,0,2
0.28898331312307535,929.7055232066324,0,3
0.006248078884897793,65.60932251982986,0,3
0.4324725913819141,1733.073972774697,0,3
0.00015383162448705947,1.7085050340651806,0,1
0.40347677554900296,1896.1127888187661,0,3
0.2632039832853416,1008.8674995937463,0,3
0.0028667354258042916,30.10278400697437,0,2
0.0028437117626803152,79.23847372339402,0,3
0.0005007690299565392,27.863706824488418,0,2
0.002235961360797838,32.91829732511387,0,2
0.0003302031434950728,12.999958236699786,0,2
0.0003991708656204226,4.281088404299396,0,1
0.003173352597112674,162.19628140112312,0,3
0.00020692948087530074,11.654977284935635,0,2
0.0018181573003052624,20.193057901141827,0,2
0.003032585063593641,73.59314116367803,0,3
0.0009302987832061375,46.25440247684899,0,2
0.0010590805896688493,83.81713789510788,0,3
0.0008906195595264482,11.400336608067404,0,2
8.23805685394702e-05,4.378857046202582,0,1
0.0004667098945756167,23.204789357275725,0,2
0.0016417534609782386,19.245148911184184,0,2
0.0032488034970707676,72.02085625515771,0,3
0.0006657191190278437,30.770351432056728,0,2
0.000933225543952834,46.11406853701653,0,2
0.001404259906614851,69.38958968390013,0,3
0.0004545397345076822,22.895803321041,0,2
0.002258877665581395,46.108695518835695,0,3
0.0021208932901903422,27.148401536136998,0,2
0.3083067549530227,669.4573008950472,0,3
0.16156632622878148,385.2965352093275,0,3
0.00033658743486945746,7.461613263431368,0,2
0.8765423936581803,2190.5641964928786,0,3
0.24999254071783236,974.7450165291692,0,3
0.0003524887654745873,16.292461609550426,0,2
0.87793562659627,2059.2032081036323,0,3
0.0014399154280385121,37.063398627516285,0,2
0.053486724976007635,135.20522636666263,0,3
0.09211189977925884,483.92525075340586,0,3
0.004492140697275201,111.83715990989933,0,3
0.0008196398971954182,26.224794080057624,0,2
0.0023120429705555134,27.52649862004042,0,2
0.0007788886330216511,38.266324064922536,0,2
0.0006100480279438761,7.15117429005363,0,2
0.02587510336707314,84.51585112045427,0,3
0.0019501457492681071,24.962755127755557,0,2
0.0044008213224222765,113.27706598963371,0,3
0.0018082972993714735,22.58056005328289,0,2
0.28463983680499266,974.670893257281,0,3
0.018735647978050416,121.08508356054753,0,3
0.1796441475888541,719.938174743062,0,3
0.0010226942203291486,50.535041260135685,0,2
0.001762843534536045,32.536389384921975,0,2
0.0008821040900013123,50.85139295294419,0,2
0.27233944253279235,870.0166824856666,0,3
0.00043853340478497443,8.422571279739115,0,2
0.004264455783596775,80.36747719743964,0,3
0.000840685533068702,17.160253457717893,0,2
0.0005622044488510985,27.620762094083968,0,2
0.2028163718742269,460.24118370910105,0,3
0.0007833769699723925,43.588530677029304,0,2
0.0002496976729961435,12.796530556407559,0,2
0.30204935114410403,1849.9389168730193,0,3
0.2300191692250442,683.7298563332862,0,3
0.00054088731573774,26.57346432997834,0,2
0.0004673137558933513,21.58659380838873,0,2
0.028506645199650935,215.30769955994145,0,3
0.0014120305824881346,26.610977202931362,0,2
0.06578780494779057,332.1654061218109,0,3
0.3955824361385155,1843.210164309901,0,3
0.00018529446248887268,9.470763761726392,0,2
0.016454759507119356,69.74913469716589,0,3
0.24963205537423586,1617.4481609189331,0,3
0.00040834691769851226,20.569006413718576,0,2
0.0003500380673837279,19.71534315440827,0,2
0.0009439693753175775,59.29660350776705,0,3
0.0006924196107852384,19.293893936372484,0,2
0.07762925308159231,516.5264695622772,0,3
0.0012838618580781622,15.285278913401807,0,2
0.0003520274212616307,25.37408959374683,0,2
0.2118451980006453,1297.4900669301574,0,3
0.6546901297709009,2020.3791380589103,0,3
0.00015009098704641966,7.462515321224835,0,1
0.0005603670307349634,22.061413224815922,0,2
0.08514526108387532,560.059168540772,0,3
0.00040915449583123475,7.858313341611989,0,2
0.3006928551449295,1244.9625242037505,0,3
0.0003975206084160265,7.336944573109231,0,2
0.129634209820808,274.5530333802556,0,3
0.5040468090413247,1584.2228850749293,0,3
0.0002638510412128792,13.48594472844959,0,2
0.00091030606643883,17.15553068192656,0,2
0.0008500709503205771,39.29131841931158,0,2
0.0019714304264982297,20.422351948115097,0,2
0.00023071350080349352,4.741714193990968,0,1
0.3584390093219748,1523.738905478492,0,3
0.0013835984274039557,16.218974652140133,0,2
0.06676278119637408,270.3404135472172,0,3
0.0009317782442201303,18.33092340691826,0,2
0.00017259704231170026,9.949846192295908,0,2
0.0005535057877775919,6.953519242021247,0,2
0.3434669441087367,1371.0767033553655,0,3
0.007091681115717705,73.46381881010224,0,3
0.0009235137217168193,49.08845179512125,0,2
0.12890398577560883,276.40936629847,0,3
0.0008546136075581272,16.41390130775266,0,2
0.0006009224076932492,13.14424991488171,0,2
0.00018176558753938026,14.385186041543072,0,2
0.12182950984141881,758.0653753434002,0,3
0.001570131148010429,36.75580438004265,0,2
0.0011463164170739633,52.984146012226354,0,3
0.1671746287471297,648.040649094022,0,3
0.001376832550696591,15.291558883120354,0,2
0.0007852390360393531,37.23947607834327,0,2
0.0008237719203175615,50.4402498889493,0,2
0.26162842941380543,697.3387406105027,0,3
0.00043948144127077846,24.753100396788753,0,2
0.0007797306664734796,36.04010451852035,0,2
0.0007654190972137047,24.48997209391239,0,2
0.0027482365455337356,30.52282642468793,0,2
0.0017522961094985487,22.013545267593692,0,2
0.7728988840761507,2056.3853767447613,0,3
0.0008454367452537004,47.04165034016437,0,2
0.8046743068607776,2011.072662081854,0,3
0.000187992745077113,9.53381559885935,0,2
0.0005675323999482267,8.355332346380512,0,2
0.0010042714183640116,24.37111794342508,0,2
0.0013217465709632,24.395166251871775,0,2
0.0008216300192847065,22.89427133503822,0,2
0.004195617913641739,49.95178384696168,0,3
0.5250124883992706,1429.5972035910513,0,3
0.0011988929648033856,38.35918826496861,0,2
0.0004767605948960299,6.199330707735002,0,2
0.000630318746059751,15.692531278027555,0,2
0.05310502432689531,146.2942771790715,0,3
0.05332760538697462,150.7129829038316,0,3
0.00037749477671993205,10.518685591976958,0,2
0.0007588149942632205,15.59546284192401,0,2
0.4221524495387451,1153.7754404080029,0,3
0.2843681516735602,1198.626794952604,0,3
0.2849746960599016,1328.7570926538408,0,3
0.0016964463788771932,78.36383679424858,0,3
0.0001976096158389735,9.13375799481075,0,2
0.34148163276735916,856.2845308626408,0,3
0.0004922988567246797,10.04890987894503,0,2
0.0005941089759953658,36.58425294097065,0,2
0.0006521882989563049,18.1728704251113,0,2
0.005030184477951218,64.38865578004042,0,3
0.0009591174490896195,47.393481746147465,0,2
0.002298667835537421,29.88963906053837,0,2
0.0017478952674512915,32.940647102201694,0,2
0.0036744753795979325,43.07335268762353,0,3
0.00039927680086691587,11.125629787469652,0,2
0.0007847553606343798,36.25015312589258,0,2
0.0013576173667743197,26.074704726029154,0,2
0.0006541037142735579,40.05132244435984,0,2
0.00027164639313472986,13.92136069421904,0,2
0.0011748967111351583,23.98224372450436,0,2
0.0007708444465825245,39.39937304419022,0,2
0.3903658689800869,1621.7222620066707,0,3
0.00019099939194698698,11.761428204065158,0,2
0.0012100887415298486,28.327433108070334,0,2
0.0004683526448017166,23.591578966983015,0,2
0.0010647733019166286,24.92568805091926,0,2
0.002267934229375811,23.814940728187274,0,2
0.0005249859024978572,37.84091386316841,0,2
0.0007580075292737435,46.67685610312537,0,2
0.047934447824117356,355.3783019739366,0,3
0.0003323440938475304,18.492234626852902,0,2
0.001780320124145408,33.551722480452355,0,2
0.0020693675053022153,21.436897257562297,0,2
0.0007734679417472268,30.45110604857136,0,2
0.001696791518359406,37.8992870198569,0,2
0.0008525107435191532,42.125656664593016,0,2
0.003120020783926614,173.60367596451934,0,3
0.0004226782357866593,10.257327798152792,0,2
0.00020439779560511785,12.51544952284621,0,2
0.3144121228839339,834.4911456930653,0,3
0.0014399834459817888,31.49741471604277,0,2
0.0016963142025525535,39.70967207109731,0,2
0.0043553647770263135,80.38594550366462,0,3
0.0005667259166393947,5.870801207165121,0,2
0.0019052569775563494,38.89051417074954,0,3
0.0002788685647342695,14.142468484113731,0,2
0.0014677330577675494,17.205227173252535,0,2
0.001055843426356838,26.28647187852132,0,2
0.5533082842759838,1154.5836967096016,0,3
0.000641253063851172,11.835457300087093,0,2
0.00021321345763615035,2.415582303537548,0,1
0.00017591763286533055,2.28558465275927,0,1
0.0010535610228240542,21.505513623910318,0,2
0.0007563852688206495,8.569397496182557,0,2
0.0016593753844913858,38.844957061522045,0,2
0.0008277340797880911,40.901351589773334,0,2
0.000997080757095622,46.058086298867565,0,2
0.0007928255320622681,25.366854872351286,0,2
0.23845782144075822,1462.792793512307,0,3
0.00093013993479955,13.693717371201911,0,2
0.0016454137930671494,17.924904984030572,0,2
0.0012181227203508739,22.48260516120472,0,2
0.0007744544407910168,35.77432340826236,0,2
0.15122071312586846,938.4378151199037,0,3
0.0002567324867526606,12.17537954707609,0,2
0.0018927529379193842,23.63517403668723,0,2
0.2605164716137561,900.7659085918059,0,3
0.0009851281189434313,12.799136010330288,0,2
0.0007096606571653886,39.97051944599132,0,2
0.26673610225637523,717.3164545312192,0,3
0.02212500994804197,123.43440232503902,0,3
0.000956738450860563,37.66638855398346,0,2
0.002411110880403714,28.705971803911037,0,2
0.0011375061697906635,26.628319749529286,0,2
0.0020750903981716453,21.789941788430653,0,2
0.0007943077122869826,39.49293418182004,0,2
0.0011892019327953388,46.81837761357578,0,2
0.0007729319928396477,47.327278224009,0,2
0.0020392980327954375,23.10403993384878,0,2
0.0009495404455966699,43.88892007882869,0,2
0.0005543154850991415,7.095491054064058,0,2
0.001838548980143846,23.887084335541523,0,2
0.0002754481270039261,8.813102479677465,0,2
0.000289204319290201,20.84580877895367,0,2
4.3702848182962846e-05,2.2337383713249936,0,1
0.00015695366602635932,7.711038000442017,0,1
0.0010787310072095024,49.82975097026647,0,2
0.04885621851273352,129.62972833646452,0,3
0.0003775216922296558,8.432269265388442,0,2
0.002253253834541396,28.842676878609122,0,2
0.00036247016372742684,16.753814037691136,0,2
0.07916214288242632,381.0411924869716,0,3
0.00120239228101332,33.50400361057848,0,2
0.001664959190583934,20.79066921258649,0,2
0.5666938028112425,1979.4546735149925,0,3
0.0003415962098416889,17.506155683155654,0,2
0.0006496699999955237,32.94719685872783,0,2
0.0021233662761440983,24.05648338265331,0,2
0.37199659539870916,1579.92179350716,0,3
0.0008311400485002521,32.72163252289915,0,2
0.0004921101529298893,27.717329738725777,0,2
0.0011146784931721867,12.628647704009207,0,2
0.0022170495439570634,26.395535026596967,0,2
0.4370291365434747,1526.6566643934045,0,3
0.002301644298277857,24.168920699231798,0,2
0.0001777286505427034,11.164244941373928,0,2
0.004628474629308235,94.4774171046136,0,3
0.39640228720831916,971.4767376820209,0,3
0.47124497626088835,1647.3703874683802,0,3
0.0006779256540718614,12.776114306249617,0,2
0.0031180850007842304,32.74213533942009,0,3
0.0003686892181297404,21.254136015400736,0,2
0.001403032432236254,15.895527196893557,0,2
0.00037636846118160823,19.288167391343393,0,2
0.10468733728962641,290.1385753912992,0,3
0.0011544352980237536,21.75636404690089,0,2
0.16729954554549947,540.4283699203933,0,3
0.002676375893371081,27.724990801203028,0,2
0.5094393607572242,1114.7993822617218,0,3
0.22502883463334877,1180.5800366386338,0,3
0.0007703285923089252,42.86249502386279,0,2
0.0003664690478910756,7.480444826098242,0,2
0.0008856761973323796,11.12647169432224,0,2
0.000296842262732174,14.583679540690504,0,2
0.321335277067508,2111.51937267747,0,3
0.002297369296683958,33.146352376904055,0,2
0.002232790394437418,29.033032940128372,0,2
0.0008941250016113639,12.900399781257825,0,2
0.2485764024840957,578.1384063881968,0,3
0.0490584466466934,131.02373320730803,0,3
0.0005461962549520948,21.50351576990669,0,2
0.004242076049704172,118.20313015138412,0,3
0.536965664819243,1701.043624802165,0,3
0.0009010453435735539,44.52392778761152,0,2
0.1332749829632692,552.7666183284534,0,3
0.5431375774330217,2149.952056212379,0,3
0.0002752305624235957,3.2768135338443747,0,1
0.002489209145683769,31.863012489601786,0,2
0.0007841882706196841,15.42737793514857,0,2
0.03221771643122048,75.71864053441077,0,3
0.0008235665725834698,51.73335257862927,0,2
0.0009279210466944447,21.72206093461875,0,2
0.00042610950221175713,26.239121843511107,0,2
0.0701294902013565,294.57846648112036,0,3
0.0009429612689635096,20.62582193745943,0,2
0.13397275190063407,428.6992978224101,0,3
0.0009414950073214416,50.04422911695239,0,2
0.001813645171693093,23.21548547158699,0,2
0.0022683471385933117,104.84577748997651,0,3
0.6937518717042723,1572.4355717326903,0,3
0.0021603460116964178,22.37935764182071,0,2
0.00035793357907008914,16.534002443386527,0,2
0.1573577920428253,496.88187789754966,0,3
0.00045845489181219013,23.494940747404645,0,2
0.001816427099838989,35.73466782245764,0,2
0.008027288326750922,94.09839106371143,0,3
0.22224108100850531,777.276137036133,0,3
0.0007211079081276664,18.561305290546034,0,2
0.0020851135365922485,26.03721824243139,0,2
0.0007340861365418368,15.087225676563925,0,2
0.0006764682810187834,8.796135066999382,0,2
0.2728842167294667,1156.80713305697,0,3
0.0006449340506738655,12.38674854243995,0,2
0.10404402600065989,415.93396498499175,0,3
0.00035732529317540585,20.599030319949563,0,2
0.33042334425603487,1292.1651951704919,0,3
0.0007622668066632185,47.88273198654788,0,2
0.15866550361617854,448.1046141817712,0,3
0.40498805701335805,920.6676709237216,0,3
9.664889953438551e-05,6.071120128472831,0,1
0.0008140234344131276,20.266076941910434,0,2
0.0009837525056415552,23.873176019672574,0,2
0.04012104597151256,180.93527104163948,0,3
0.0007556605692412863,11.124995150306852,0,2
0.001840832970111539,19.330070292984136,0,2
0.0015706661344222017,74.4878708971215,0,3
0.0017489677793135175,34.40753698923009,0,2
0.0010551524398612724,51.838996603385745,0,3
0.002106029911515868,26.2984050839004,0,2
0.0007068124360632011,32.66973477639175,0,2
0.000779928543871442,8.364696256477776,0,2
0.0001985380183963828,9.171053718399865,0,2
0.002320697259645141,30.151326811030312,0,2
0.0017889909897201813,87.89203752567282,0,3
0.0009245264250491162,17.423526038039192,0,2
0.0012996490660095441,25.568065827544153,0,2
0.0006574419223497126,30.36917178532259,0,2
0.17139036397002808,530.3038129298926,0,3
0.0004268995842989425,24.04444710780947,0,2
0.0008322306610909873,23.18965242402256,0,2
0.0006596966073432862,33.45568363834544,0,2
0.0014766969919760295,27.255049806289367,0,2
0.0003761896932427452,4.262006609925739,0,1
0.0006446928284139756,29.79849057811869,0,2
0.0012392728606596033,25.296303499553613,0,2
0.003655122133122839,88.70053550769494,0,3
0.16393425650229362,650.1532435437596,0,3
0.06687328364443919,270.08546553693526,0,3
0.0021277097006343836,22.342482313229542,0,2
0.0007459516513529544,10.982058402223162,0,2
0.001151031401287165,14.460045719046777,0,2
0.0006392043159815161,32.67098752344198,0,2
0.0003131272653194455,4.07160216701057,0,1
0.0004644753196596825,22.027455031643054,0,2
0.001362246938516957,31.88936290633264,0,2
0.0012537537520103618,18.458028615676817,0,2
0.001251251093133794,31.151377042825416,0,2
0.0013410000191839465,26.381565348642603,0,2
0.0024599019521041507,30.717274075442248,0,2
0.0004501624287925375,25.950890397920077,0,2
0.2649127428793194,2137.347225913506,0,3
0.0005007987793139801,24.899686763505905,0,2
0.0001732145535695587,2.0622411566415533,0,1
0.0009881007839508504,45.671226052299644,0,2
0.0020430378430574517,104.70180147407882,0,3
0.000251433077941129,15.395459554884084,0,2
0.17563132726854133,1109.7927700299997,0,3
0.03128446236900277,205.05197189516812,0,3
0.0009366342723332345,47.50022897071898,0,2
0.00013209517881870847,1.9058639595884688,0,1
0.3450958101448537,949.0696668439327,0,3
0.593961336111023,1871.876673174599,0,3
0.004230297880760548,93.77904076422422,0,3
0.0009062836757611061,45.96103664223122,0,2
0.0006094763811772119,19.500505829110875,0,2
0.0007251620258614259,40.34934446846379,0,2
0.0005421807778121799,31.25554919943639,0,2
0.37230449601152604,1008.6079574040809,0,3
0.09486746974926417,408.8527576920826,0,3
0.001995836812748841,25.073070576381898,0,2
0.0012380811734202812,13.000742869780428,0,2
0.0015479613029298807,16.035569962592955,0,2
0.0007577333537475159,13.985306673266699,0,2
0.3235473096697143,826.3123032851059,0,3
0.001639406943333473,35.85949583422327,0,2
0.00046693315342626957,8.799772225346771,0,2
0.0018656997969406783,20.00954091219083,0,2
0.0012214855031356324,39.08204798365274,0,2
0.00021045310526249605,9.980608476325177,0,2
0.0005364079830738641,30.212335292869554,0,2
0.09291921473352827,817.0884026255757,0,3
0.0003246930220924352,7.600863927014552,0,2
0.0005384786725928285,10.342142589470978,0,2
0.27818064397618664,1724.0608660192581,0,3
0.001501457216758182,33.284941511208515,0,2
0.001248471292875304,27.308382039042453,0,2
0.0003344413632241793,16.525964216547962,0,2
0.0017113940021975136,37.43410160733543,0,2
0.0020897959339965773,22.765941133309408,0,2
0.0007773730661136425,10.099908237953084,0,2
0.0003169007051677699,15.02882012696303,0,2
0.0010857194485206338,13.557589903418346,0,2
0.2269965279919969,606.2456500651394,0,3
0.0006480358786032826,9.34983575172937,0,2
0.5017005945867943,2136.7802504569117,0,3
0.5055112641077937,1196.6452325935027,0,3
0.0013117827298612377,29.299787067990245,0,2
0.5270322197626807,1666.0458021765573,0,3
0.00015930326545852996,12.607486057556354,0,2
0.0019249990308506746,25.03081364540029,0,2
0.0006340853598657052,50.182413466524636,0,2
0.0007639580366786749,37.74994532788476,0,2
0.0010709928014422168,65.57779307795087,0,3
0.001557184874656382,95.34774403415128,0,3
0.0004886150200662405,22.57056171326308,0,2
0.000569087272692843,14.648296720032624,0,2
0.002020483153044533,22.010857507549616,0,2
0.006013351832110409,62.2932393923422,0,3
0.00166550776106622,20.79751931888429,0,2
0.0077522288011416,96.80358868633535,0,3
0.6883290465642543,1504.213604325523,0,3
0.0002286520299674885,11.686854158371355,0,2
0.002682355344197806,34.87873795016322,0,3
0.0005681708534609203,26.245479129926338,0,2
0.00011480726428163481,6.102465752151408,0,1
0.001036491210046118,25.80467554665981,0,2
0.0009357164060189364,47.953685102776724,0,2
0.27145899977744126,623.2077510077967,0,3
0.0009227380957346438,45.59584557468355,0,2
0.0006677445762920621,8.54743516074193,0,2
0.0006808793043317828,10.024049509743204,0,2
0.1762834785135164,709.0278060071354,0,3
0.0014714819512085902,72.29301188051517,0,3
9.739576000596936e-05,5.419278630290078,0,1
0.1081674772904369,436.33681323907604,0,3
5.1763773685317824e-05,3.2516054488011754,0,1
0.000882572095964428,45.10999255616052,0,2
0.0004239780394839475,20.106896542919795,0,2
0.0006470356692085075,30.68526680341639,0,2
0.002176395771337324,122.5820659804988,0,3
0.0006615670831005517,14.665900180816918,0,2
0.00017947667212810456,5.001019356118115,0,1
0.08424205079570664,267.54095251648204,0,3
0.001303380739811541,28.509441417054965,0,2
0.0006750860368379471,38.023158379568706,0,2
0.0023972030289010097,31.145317062096364,0,2
0.0010618884832857805,23.227171141149956,0,2
0.0011731571057533,16.926263825714038,0,2
0.0026785008413199012,29.17920907348672,0,2
0.0009391278463806706,9.86151789944159,0,2
0.0002482775504941363,13.814618045910565,0,2
0.3141826795296728,980.9141946240798,0,3
0.00030400008905258954,6.247928847748449,0,1
0.0008226887864222451,38.02568133297966,0,2
0.0007962411864313695,40.10778424110877,0,2
0.00013866428198132125,6.576067891134833,0,1
0.5141854246362094,2003.502406339595,0,3
0.002481357081471032,32.23867653885094,0,2
5.809566936469713e-05,2.6852528520478547,0,1
0.0008474244815077779,52.18300485682829,0,2
0.002255660481510518,25.052113313194564,0,2
0.0741285342226479,478.6390379577934,0,3
0.0007371341236239986,16.46451990187233,0,2
0.0002477713306994835,3.093968792789849,0,1
0.001765617216098018,22.939528835352345,0,2
0.0004966928596441729,9.360620463020982,0,2
0.0007262444233209281,36.83057241810881,0,2
0.0007126267687973664,35.431762327078076,0,2
0.0007233764817800502,52.140880369244606,0,2
4.317583059683057e-05,2.2126791527574707,0,1
0.0006704145294468555,37.30309340616724,0,2
0.40397186300619564,1112.8795791096863,0,3
0.0019130632462541024,20.840640246259575,0,2
0.0016785746980144112,37.49239878675702,0,2
0.0011620065660752042,12.462464734274436,0,2
0.0023278234241628686,131.11099016533447,0,3
0.14943217666430994,1101.4843550895546,0,3
0.13667542784491643,475.319945189855,0,3
0.049935067562427694,129.8620363676142,0,3
0.0005822949432070567,8.401328163778281,0,2
0.1711441480783141,388.65345581267366,0,3
0.0015027300228176463,16.11670747933475,0,2
0.0025405494474003342,65.39369956621948,0,3
0.0005444576451205349,6.798748500252927,0,2
0.0003900859042965102,7.962517165695248,0,2
0.002535661910272657,26.26731294038113,0,2
0.0008452155131374391,12.443442025907396,0,2
0.10423442599821342,336.43878780671207,0,3
0.0007517971750837348,8.349708731929779,0,2
0.2267409405744784,541.3342202148228,0,3
0.0007923343305669456,38.92690299460999,0,2
0.0012492364285064457,15.59945823313628,0,2
0.0005842812478601936,10.783941863388707,0,2
0.1276882177403114,351.9728630236695,0,3
0.0007733584937951757,9.899341479386395,0,2
0.0013667132166124744,27.897643385718084,0,2
0.0007529635021509233,8.826474295931666,0,2
0.3353226037333861,1153.5025743794943,0,3
0.0009606549419444906,45.558467024926706,0,2
0.0012722532764872243,18.730382538145893,0,2
0.05996470231214476,487.0350299612955,0,3
0.000177028400468598,9.048269103320173,0,2
0.007430217070115196,79.6887219984277,0,3
7.527545291273531e-05,3.847476184758014,0,1
0.000967874245597398,47.55107208644156,0,2
0.0021646438776140816,24.52413418081973,0,2
0.1291911204753722,861.6811421332493,0,3
0.001321262162672628,13.687158592635399,0,2
0.0001275918222830653,10.097797530149878,0,2
0.0013022500185961975,28.868831704397238,0,2
0.0005240267635950612,16.76650199037717,0,2
0.08414766280287884,451.26486874009004,0,3
0.0011029165042108534,15.912835234476134,0,2
0.00044856294088723933,22.926932560995443,0,2
0.00048328381543295384,24.34368295299864,0,2
0.0010940421505867802,11.488229523099323,0,2
0.00031605758819825666,16.19734992494677,0,2
0.03659768416393918,284.354316278194,0,3
0.09018748302047581,607.02981544137,0,3
0.22740036880609368,611.8950503777825,0,3
0.0005729208152180343,33.02764587060247,0,2
0.0010139777259632462,10.874862518065072,0,2
0.0008981732748062128,25.027107307002986,0,2
0.5584964786818417,1350.862635320664,0,3
0.0002724499628772585,13.546196625450067,0,2
0.0007498661824015248,45.914939184895424,0,2
0.0017591204803892133,22.099277694156854,0,2
0.0006067963716567544,29.81153609747324,0,2
0.0013551207757238632,17.346164052417357,0,2
0.00024291541743836652,14.958331609007695,0,2
0.0009272501237537453,23.084989397064856,0,2
0.001571138747713235,16.27566868901083,0,2
0.0021894906055254055,26.067426470497534,0,2
0.0008537829267628025,18.927022670633445,0,2
0.0008291419512446214,18.380771056036913,0,2
9.048302527570958e-05,4.471095391717603,0,1
0.00027810900314885776,12.846671020744308,0,2
0.0014944025072548607,28.701830922427767,0,2
0.0009353965155237817,18.402105852466978,0,2
0.00020456043395679864,10.0499295082593,0,2
0.00013030605707014075,6.660198403432861,0,1
0.003209081844249426,79.89389103439535,0,3
0.0005135200496209146,23.720998117076878,0,2
0.0016187456139106229,37.8938391237849,0,2
0.0014173693218394283,26.711590513246023,0,2
0.0010135175876546459,51.052301014983136,0,2
0.001818751521114822,34.931351088829054,0,2
0.00022114403294163366,11.333210842331402,0,2
0.0003850040256523019,30.469763890546535,0,2
0.0013112922689297278,16.3743615810658,0,2
0.0017277350497091396,33.989824360166274,0,2
0.0002708181560313795,13.38211013320768,0,2
0.7760685715142748,1824.762250765271,0,3
0.0007095085138636689,34.85772107496403,0,2
0.001769619779553023,69.66918299301548,0,3
0.3399280740110597,1040.5173505642742,0,3
0.04551476868296123,151.24831298485844,0,3
0.0012069681859590204,14.148459572000915,0,2
0.0037305047017443297,71.64891298360696,0,3
0.0030002274287522774,67.01264074980195,0,3
0.0004936555325242114,25.231703448702937,0,2
0.0005741904123331256,11.028030301112071,0,2
0.0004758880499878854,29.1390269181551,0,2
0.0005487609816993558,28.122955998025947,0,2
0.0004988157432428412,12.104991826225772,0,2
0.0005759860042384944,41.516994397517905,0,2
0.000556277725547304,30.9523124043604,0,2
0.00018851818117994302,4.413094663023269,0,1
0.015550307282830968,57.26499430430682,0,3
0.0003011395854410026,23.832613310830595,0,2
0.0006880375365125576,35.16694929780723,0,2
0.0005529628266511624,5.930499816176444,0,2
0.10708594995425881,641.4510798222188,0,3
0.004372287096611063,86.01623871151429,0,3
0.0027080785886401007,166.75902245854817,0,3
0.004623338683546679,55.044100612909205,0,3
0.0013611890697388628,26.77874562375229,0,2
0.00020338414596654544,2.3841327387657443,0,1
0.0012991930820091474,93.6456641483494,0,3
0.0015675967295015227,19.69322500869376,0,2
0.6454132252619231,2240.699780105289,0,3
0.00019009350459282703,9.716052225497183,0,2
0.00048601656100519627,10.85559477557346,0,2
0.0023410251148129916,25.502796272317156,0,2
0.15466340251406463,1010.386480193212,0,3
0.0014930112213887682,27.55615770967883,0,2
0.0025235848656856245,30.045053750086574,0,2
0.0007397384536879678,15.099700016686809,0,2
0.0014540463340058502,16.14912076561991,0,2
0.0002903637661569197,17.88012283130438,0,2
0.19389359697674974,907.0643480485986,0,3
0.0007369019145752116,45.12112612492316,0,2
0.000582924418384181,46.13346409588111,0,2
0.0003438909037859626,3.8960804385551144,0,1
0.0006302720401716039,11.878039399895595,0,2
0.039306806041244945,249.80692220172648,0,3
0.0012825674767997781,31.124656816787713,0,2
0.0016876603682691744,36.91496500708795,0,2
1.0115722009644204,2182.9199418126177,0,3
0.0012689318076521156,64.35228049210164,0,3
0.1229116977628607,767.4199463774845,0,3
0.00017935003433827633,8.862337544427035,0,2
0.0017563250235405497,110.32572801063237,0,3
0.002875667229387455,136.3767414546657,0,3
0.0014425367858507299,15.471137897507216,0,2
0.004747621308723969,59.28447059515543,0,3
0.0005866818380607556,31.18448859988826,0,2
0.0010080033838854462,11.816131768221746,0,2
0.2783370900369344,1388.9406992715299,0,3
0.0007650173137589013,38.7968907859734,0,2
0.001363912995219129,30.464161045490023,0,2
0.0006819077077449732,42.83487582575502,0,2
0.00032895438730860306,20.142154750207776,0,2
0.0006675651220754464,41.107561520445,0,2
0.00025299928209035537,14.24978632041827,0,2
0.0009071648300046128,45.695163592348536,0,2
0.0007644562779787494,9.932088717856114,0,2
0.0024432873736220384,26.20413999234837,0,2
0.0024091179248131667,26.24458970719143,0,2
0.24089982389314551,976.354348716585,0,3
0.0004757824470800803,5.9771053416999695,0,2
0.000897662998493948,45.52384983819445,0,2
0.00016916936181237316,3.249104840511135,0,1
0.0001725131841777164,12.434727316809271,0,2
0.00031196630558777633,6.367923157441353,0,2
0.0006515365808611361,8.339965426130641,0,2
0.0005107329024697879,25.091996375281685,0,2
0.0016354142471884877,45.569923982227884,0,3
0.0009019878765609651,41.665467078303166,0,2
4.0034772857264524e-05,2.03031314749309,0,1
0.0009485210078403806,43.84180041960974,0,2
0.0005482669052682735,27.259799280416658,0,2
0.0008814465981441506,16.929261764660534,0,2
0.00011932614278820359,2.895742571627392,0,1
0.00368608082879635,38.706500091606564,0,3
0.0006049186161794102,6.589897789707344,0,2
0.0006501935392075866,12.791292392604545,0,2
0.2905462861539793,657.1384573075063,0,3
0.0007852607132416207,16.13898561199797,0,2
0.0008984326292610624,17.25549930159847,0,2
0.18416731923160837,632.1023079695779,0,3
0.0007491088645063627,37.245650046362485,0,2
0.00265492745850965,27.878647997409406,0,2
0.0013202294342719446,24.367164816026914,0,2
0.0022144347739065555,28.770726682366202,0,2
0.0002688378479364344,6.9198816334685285,0,2
0.002867645333344432,30.112338690640193,0,2
0.00028011113545876203,17.24878270697223,0,2
0.0011964611872579219,23.538045150788058,0,2
0.0005322899819968349,29.980395364305007,0,2
0.0012531555519652933,13.651699222307153,0,2
0.0004134869817393612,23.289003381267708,0,2
0.007706421150258727,113.45556644424467,0,3
0.002397773065310265,146.8176683475908,0,3
0.00039333766583106114,19.94762496063812,0,2
0.0010227749775225845,24.820152352231954,0,2
0.0009213406934482803,43.69401308259965,0,2
7.27445316010386e-05,3.7181158276235555,0,1
0.0019314231796356287,36.39939448898503,0,2
0.16803255478938167,659.692901165072,0,3
0.6466362659112876,1443.3275093905042,0,3
0.0015703337472570674,40.42036394603685,0,2
0.0007921301107799861,48.7780685124006,0,2
0.0028659361063752436,41.34961157908886,0,3
0.0006175420331772978,30.514998037672356,0,2
0.0017055914712923279,22.177851307403635,0,2
0.001291751875072336,16.78290125185168,0,2
0.0008345252469221488,41.49254771160512,0,2
0.0008432531072981793,41.66820318622324,0,2
0.0003951569210397492,21.004172449011257,0,2
0.0009230793762648386,17.396255111553952,0,2
0.0005732413072486167,41.31915700439879,0,2
0.0017229071755143679,40.33219721067357,0,3
0.00022065302757072678,10.198852652472176,0,2
0.0007008701156086097,10.112126011232368,0,2
0.4237034064438756,1787.5589089550306,0,3
0.09665903053022894,599.6072519774563,0,3
0.0019031045479554177,35.865704587784435,0,2
0.0008975073389392734,45.515955759676366,0,2
0.0011862734521382381,14.813227302243495,0,2
0.3403450685545667,1052.1970485651284,0,3
0.00024766004195838503,19.60016649386877,0,2
0.00335969470661741,48.473540925745056,0,3
0.05840057896760958,365.72935777065106,0,3
0.003793259946784487,77.96056350636015,0,3
0.000620985233636007,30.87535042214003,0,2
0.0008650030759084119,43.86754294573537,0,2
0.0011578514287409213,25.326212417497928,0,2
0.0017164354399152205,21.97115656370072,0,2
0.0006912775036355373,7.6775571917377645,0,2
0.0012619959732962378,14.793512551470018,0,2
0.005683442358239998,107.10954628390277,0,3
0.0010506919986387646,20.179827021217978,0,2
0.0008173127964343303,26.15033731133285,0,2
0.0007387776321615673,17.294329943387194,0,2
0.0017921048890279523,34.41956987520249,0,2
0.676221051771499,1598.682806056211,0,3
0.001350443899148112,25.450321161418703,0,2
0.0017786493670579736,140.764830098868,0,3
0.0005328262713779058,42.16862578529768,0,2
0.15971766719587657,1283.7414198171505,0,3
0.000866336807562551,17.04349051132322,0,2
0.0004953782095930997,30.3324258391617,0,2
0.00048332616658603095,27.222585534681947,0,2
0.00017477207349200053,2.5216044899571735,0,1
0.36212806592651114,1121.83015628776,0,3
0.0005449044454748912,39.276639785497984,0,2
0.0007547694588773864,47.41177681507661,0,2
0.001508578776026145,18.8379165632811,0,2
0.5232015207094125,1309.054370761886,0,3
0.000626909231833518,28.976511006154922,0,2
0.6003817693860509,2337.7500089511464,0,3
0.48497702350420446,1271.363411958393,0,3
0.0006590940131106159,33.68758899264835,0,2
0.14296479272773494,568.2608192848171,0,3
0.0016069026755954707,18.836617075981934,0,2
0.0021317025151059306,107.37684259374454,0,3
0.0005702141310238713,32.871611380889696,0,2
0.0036238459049776194,69.6004001255744,0,3
0.000988931717367781,38.93382385355996,0,2
0.2720392719978772,1298.8620103949918,0,3
0.7740285489683553,1724.2837626425703,0,3
0.00019540370070299706,4.27415427258296,0,1
0.000640841065543401,40.25522391787112,0,2
0.35119513109953,1070.3504958175251,0,3
0.24782311986228167,956.4319479243499,0,3
0.052788013452305445,175.9930827799316,0,3
0.0005863835539451171,8.632863033212114,0,2
0.0005136938554793017,6.679574878335106,0,2
0.0002502381666909944,9.851770888001218,0,2
0.001115454589098836,35.68953512983748,0,2
0.002443082749662693,27.133687174886717,0,2
0.0003300821187125766,19.028520234350836,0,2
0.0012044367654100493,26.345194734863096,0,2
0.000934673539259858,20.720240136785172,0,2
0.0004522602722460992,17.805295822101993,0,2
0.0007856648826830795,11.566725015692553,0,2
0.0021759414176377094,32.034670993719416,0,2
0.22014581352620122,1365.3667766276726,0,3
0.0013565578603934641,34.91777625408483,0,2
0.004325608445190612,83.07860942936249,0,3
0.0014954494882046159,19.429413320003704,0,2
0.00028214646557673,6.254742725598538,0,1
0.0005826941635823727,22.940423011001982,0,2
0.009212786073445237,102.32025720804145,0,3
0.0005934452011611349,6.723382951231994,0,2
0.0004889500069459034,13.624324654098842,0,2
0.2867671997804695,791.4055979317438,0,3
0.001574640209906785,17.153907585762653,0,2
0.0015908608891385169,32.69599582348747,0,2
0.42787150763846127,2005.3864806637262,0,3
0.0009682316107474323,47.56862921856668,0,2
0.1265006396784818,509.0765284041541,0,3
0.0007233476300467981,13.632132003154771,0,2
0.4718949097966421,1879.8937172778808,0,3
0.0016366998798841696,17.829976847107126,0,2
0.0004800699425887023,5.148727127854842,0,2
0.0013442189555322728,26.44489165618298,0,2
0.27690088955887354,2233.348034260117,0,3
0.0005166621400364508,40.889373536868696,0,2
0.0008861116616578404,47.10038255579229,0,2
0.0008864707817524553,40.948686931146526,0,2
0.0007609765155965878,21.204194611617826,0,2
0.0018405398933123147,91.51153859039341,0,3
0.1690572399387713,475.39549715016676,0,3
0.0001791914421787783,8.277378586594475,0,1
0.0001510228324919016,8.706139657396816,0,1
0.0002860705527382317,6.341733557037263,0,1
0.00013017874773730163,7.970954586032406,0,1
0.6091974640658883,1432.497511644785,0,3
1.1717721636088154,2538.2412106779816,0,3
0.001967356861932697,25.581593650608355,0,2
0.0007711723320452399,39.10903479624086,0,2
0.2928245887138236,1378.532635492308,0,3
0.0010340128065041555,12.121022376518518,0,2
0.0012416551042045546,23.84750740970938,0,2
0.0010567808816628558,21.5712380733013,0,2
0.0027020952331515673,30.010365708328916,0,2
0.0006270121146900848,12.04253580597047,0,2
0.0009071755958899113,22.014848813327767,0,2
0.0005550569774443663,7.104982494306356,0,2
0.000665676643597021,12.286237579344139,0,2
0.4450164093031237,2071.318686238669,0,3
0.0005820632200311858,29.31933997075146,0,2
0.0004063869399360629,8.889086897538972,0,2
0.0003237641694508299,12.746458549276001,0,2
0.17526659324804975,404.40116919482034,0,3
0.00169535387422917,31.29074856417919,0,2
0.1769850252571051,451.86956824938113,0,3
0.001824353030965949,35.890595090901655,0,2
0.003207929273488027,82.57204493886806,0,3
0.0011129356456745746,14.471531829235762,0,2
0.3499328306742151,1373.5221634753902,0,3
0.0002720528787853553,17.08933796825203,0,2
0.0007097306037275572,44.582605439294746,0,2
0.0005454586591617986,27.87946295491508,0,2
0.18832948582352402,737.7551730468992,0,3
0.00040474425174443765,24.782832111144515,0,2
0.0009070940984868882,41.90133845426914,0,2
0.0008405371026620071,9.522787975803718,0,2
0.0005469235030216604,25.93750918215699,0,2
0.0004671329323554862,23.22582277157899,0,2
0.00042281947677453045,20.772863325077452,0,2
0.000332568534857514,16.865794922106144,0,2
0.001060543114355665,13.778954538436924,0,2
0.13867578812925668,495.48245161395084,0,3
0.0005959925390242353,33.162117430454956,0,2
0.0020764920314055866,24.34129076449534,0,2
0.008312537713466794,94.17613325517577,0,3
0.006604293071571619,84.5379637903719,0,3
0.000479365899665931,11.221660851012606,0,2
0.0003900476064502987,19.273670950285716,0,2
0.00030576816854687285,16.252802366912917,0,2
0.00033843925083108675,4.332176785908514,0,1
0.8215265229298736,1849.9742107340394,0,3
0.0006122314367393544,32.54255206297091,0,2
0.22499491269035732,883.0493448641262,0,3
0.0007964472326617444,15.009759288891003,0,2
0.41758485280781665,2093.739370110439,0,3
0.00022207002500999564,11.803910934403184,0,2
0.0015134410692027665,119.77586977885379,0,3
0.0024653592868773317,154.8645919672711,0,3
0.001601321178259441,98.0502471518281,0,3
0.14083738757740227,861.727245873258,0,3
0.000976505723899803,11.063231993455313,0,2
0.000815933060886609,51.25384410272308,0,2
0.0005087653679853065,6.391459410323929,0,2
0.0006149081769643666,34.21461820113506,0,2
0.001858492100009034,35.694617592092854,0,2
0.0007520219873012545,20.954681575751497,0,2
0.0008382861789340061,9.497286341975094,0,2
0.0009825555561707446,20.19386646578492,0,2
9.767467687557637e-05,4.953448377105944,0,1
0.5770882820239672,1794.4123648925254,0,3
0.0006714914401016404,31.03715516796079,0,2
0.00026645278296521906,3.3473625648576637,0,1
0.001531330536677078,70.77996924739507,0,3
0.0016175143070174473,20.704920940843287,0,2
0.0011203854113237721,13.133509136016459,0,2
0.0005977988587038241,14.507060766151428,0,2
0.001579069919302451,16.935449210694696,0,2
0.0015693567772250094,20.3896431887251,0,2
0.003226966631361838,162.54683079631656,0,3
0.0016662044295716319,24.039930904559903,0,2
0.000639288668287721,31.785396149783942,0,2
0.45097069771269643,2113.071641083383,0,3
0.00266683436690338,29.052116152365066,0,2
0.0010221659296511924,22.659808620220957,0,2
0.0013186176881490354,42.189841490580136,0,2
0.0003262821447879358,16.22272964178067,0,2
0.00035926802769702896,6.630925668499512,0,2
0.001391846506457456,25.68898430912738,0,2
0.0014486248673360347,15.781114278919029,0,2
0.0023184056143765435,30.121552938052584,0,2
0.0017461345475792375,22.68640305463308,0,2
0.00010885132279316575,5.78588361614615,0,1
9.979240122154367e-05,1.8806769108732058,0,1
0.0017852149151850105,22.292325832905227,0,2
0.0008273281860360847,15.889851360452026,0,2
0.0011857701688587144,29.52115192462239,0,2
0.00047271885318241443,18.610741509078647,0,2
0.5228819770745832,1792.163126685615,0,3
0.0006772534753700314,13.32364396903037,0,2
0.2938638307159408,1931.3992438833118,0,3
0.09824584662565272,412.7774102505888,0,3
0.0009961863833188984,18.77402194055709,0,2
0.004810769722641253,98.19846365845892,0,3
0.0029645741858827686,151.92878532340913,0,3
0.003526241601720801,41.98238779289426,0,3
0.0004021895867461803,24.62640781733637,0,2
0.0008426752220134899,10.586263956827493,0,2
0.0017697174467877926,38.70983691321991,0,2
0.0020721942853691097,26.944797458529816,0,2
0.0004030878539017202,20.60261158508029,0,2
0.0017498346398275822,22.734475973298856,0,2
0.008041236713610914,89.30864151713938,0,3
0.0007875975666681453,49.473914997180216,0,2
0.0013592697161936916,32.98602545539646,0,2
0.1758184078843267,1158.5451213028043,0,3
0.0011767492055771763,14.78313041109879,0,2
0.003040820248386407,32.61265143860694,0,3
0.005232522050911739,102.93968713613124,0,3
0.0012046901995632128,24.759264623599357,0,2
0.3401419252574071,1789.2697332364116,0,3
0.0006612014646624802,6.943090979609836,0,2
0.0014049571442925255,17.98409230239713,0,2
0.0021161911355807297,23.9751932860411,0,2
0.0005162177614968243,31.608449189402116,0,2
0.9802416407480828,2913.267965076692,0,3
0.0002462004862169923,5.499098027427614,0,1
0.0021547689036207607,99.53509924930131,0,3
0.0006273483799792021,24.698440642533093,0,2
0.0005580285570907956,32.16913939889598,0,2
0.0007530370782602823,9.79176117594212,0,2
0.0019464437642143606,25.309660084229154,0,2
0.00731663234835683,79.70635727011219,0,3
0.21571590126283688,1736.9182252110515,0,3
0.4615183550840358,1410.8762324881359,0,3
0.16965649732196167,1472.9739566049384,0,3
0.5955280754452092,1403.6321027793467,0,3
0.001585036408088256,19.792657884252154,0,2
0.0017087179109581618,95.07619694617021,0,3
0.0022157767958444342,28.788162710210152,0,2
0.0019901524216174877,36.7317761653384,0,2
0.44133197041728195,1002.8459979815285,0,3
0.060121180284182126,157.5257464044496,0,3
0.00102784762777239,24.943252696683796,0,2
0.002227691783344289,23.07700288069085,0,2
0.0011585495725316827,37.06838097455171,0,2
0.7416284298714854,1932.8544940593285,0,3
0.004176505903440374,107.50319092021388,0,3
0.000600673478507619,13.416554904274403,0,2
0.0010469222291863362,13.073121480342675,0,2
0.002230527429378827,24.77297730178211,0,2
0.23577639628868335,1466.6479697180914,0,3
0.10005122053745862,309.96434816701185,0,3
0.00053240014386782,10.867465955252314,0,2
0.001503370761051349,83.65030508791315,0,3
0.000100567875646579,6.15785589833983,0,1
0.0020641819291014035,103.97573606791899,0,3
0.0005901615575940649,15.190748454956974,0,2
0.0026427546362385564,28.34341682483378,0,2
0.0009880244779968046,52.51745677409426,0,3
0.0009536294496359745,11.908156398601506,0,2
0.0007384019376956999,29.070572285710334,0,2
0.0003422747542835031,8.012441463003217,0,2
0.0015512712808434881,87.37291305485465,0,3
0.0006525390685278958,32.869307209175325,0,2
0.0010289343060700946,10.80455032375515,0,2
0.0017465723289099128,22.356922489436883,0,2
0.0005851664658237634,11.027984574184627,0,2
0.0005891567638565545,36.07456585948379,0,2
0.0030654434239579934,141.60182789628652,0,3
0.46334078679537205,1794.180041446436,0,3
0.001699172639917634,20.22984603814056,0,2
0.0007199294118553399,28.343316748681737,0,2
0.00016377524905996334,10.287744774164192,0,2
0.0002559126662907062,12.890679581844521,0,2
0.000998584858423368,21.842502080624232,0,2
0.002242523196798435,29.1356614943929,0,2
0.14232645141379327,561.165111258374,0,3
0.38026668361832044,1480.8372126130755,0,3
0.00022943310299708723,12.922458378247082,0,2
0.0006086433694463569,43.87093292796026,0,2
0.15081965616194584,936.4899091745219,0,3
0.03472914197863721,127.94454653555212,0,3
0.17423622591874346,746.219527766198,0,3
0.20051188035155432,704.835894420965,0,3
0.3448229577157226,1807.4993811410498,0,3
0.0006784608804770292,47.170183073851355,0,2
0.0035712288195865007,47.422143579138435,0,3
0.0003804851344283334,13.853113647938777,0,2
0.0006136194334253604,31.452277103596042,0,2
0.0007157342349127459,7.438768291659147,0,2
0.00016834141138945814,7.211623969552322,0,1
0.00027426727296366087,10.637748271899534,0,2
0.0003504790378701744,6.469270544147822,0,2
0.0012299367410160155,85.51169700777734,0,3
0.004605816437108638,88.7426914709998,0,3
0.005165113359205665,86.65088384594478,0,3
0.0022072281131444824,87.74585164375875,0,3
0.0027477886296871073,112.44669359802758,0,3
0.0007640047785204306,59.183974401212865,0,2
0.0014684045518365417,16.32194190036591,0,2
0.0015930153845041498,34.289019577199525,0,2
0.003382798165178392,35.812278033392175,0,3
0.000947429038113629,28.501222042609434,0,2
0.0021998481024590186,23.288877441003937,0,2
0.0008885501130874554,26.729985096840558,0,2
0.003168368110895987,115.35736760042715,0,3
0.0007321550949184221,37.52805676253888,0,2
0.002477272276245363,25.746783595711047,0,2
0.0018750369977745761,32.27341301106931,0,2
0.005230343227503286,62.4982464438421,0,3
0.0018324088507380718,26.340272419141524,0,2
0.002753345945652625,46.190633802689554,0,3
0.003093596079739953,67.46595188379727,0,3
0.0003389440021645845,8.644364746402402,0,2
0.0022886314174970033,28.667113464201766,0,2
0.0014372328412261268,57.13556243360087,0,3
0.0005332789570071986,5.6456026476211765,0,2
0.002300482572664392,26.40146603312516,0,2
0.0013173775129852036,24.316637000797787,0,2
0.0003331809411837369,23.164498417808304,0,2
0.0009054006640775818,33.802653241758655,0,2
0.0014598247386499097,34.59980109899762,0,2
0.004243524743808116,44.92443253965801,0,3
0.0008019306428453691,40.56744133700389,0,2
0.0005823423219340523,22.58676714092939,0,2
0.0005311466857342961,8.487974425310872,0,2
0.002493927493642566,27.721066108143184,0,2
0.00043674713196182566,25.366688471649354,0,2
0.0010764968682087305,69.97713450163359,0,3
0.0005646482114129184,24.37565705030756,0,2
0.0022393958898712304,50.80797410762138,0,3
0.00042738989015919155,6.068846519075508,0,2
0.0006461573669236738,28.883261151320237,0,2
0.005874373626348066,62.18955175757849,0,3
0.0008202311910743452,53.31871376063802,0,2
0.00012153194846672894,2.206060809833169,0,1
0.0004338233832161508,22.23647511742901,0,2
0.001281250339051002,22.053069572410035,0,2
0.003541530518605349,47.02778153617426,0,3
0.0002543267306989736,9.495153503875594,0,2
0.0006548638324109513,26.798739872480454,0,2
0.0005193551703007438,36.10831393287202,0,2
0.001304765531661557,101.07424979067389,0,3
0.0026309195132077218,47.756729856938236,0,3
0.006513188716700192,115.05101207817494,0,3
0.0018508053759001028,35.660442114683555,0,2
0.04301375911972331,266.48372442078477,0,3
0.0006566774298603799,7.846748494383981,0,2
0.006505729550770675,77.08470175281728,0,3
0.001548541818780485,59.62143775347748,0,3
0.0006514534270244508,28.1230065028632,0,2
0.006554004278161375,109.95117124014573,0,3
0.0003387455282275324,12.646884503378804,0,2
0.0001803304953538689,7.784801619150977,0,1
0.0005963846838297074,23.131415101930138,0,2
0.0008712432384370478,47.77432725340871,0,2
0.0007141617584886246,24.637527648576434,0,2
0.002528063081543819,31.66620481096804,0,2
0.0007324979508526048,29.119625716122204,0,2
0.0037620559854357146,162.40658280944626,0,3
0.0012070980841985912,28.60984097233357,0,2
0.002506436539220768,28.765094741743425,0,2
0.0006801918170195265,23.465614755989424,0,2
0.0018956363145615706,30.293161926530743,0,2
0.001283621463716461,15.338207664480906,0,2
0.00013240026857156044,7.064517140491576,0,1
0.0002648666634319014,13.398868002819906,0,2
0.0053902330020445645,64.40879611495828,0,3
0.002198475898697762,24.43699581496124,0,2
0.0017245140300834276,37.11947537599683,0,2
0.0025454688762369506,31.884227637880166,0,2
0.00038808690645235355,6.510616730841032,0,2
0.000375166888831123,6.81006913029092,0,2
0.0004096561332178562,12.323561917846341,0,2
0.0006162018029979781,21.2580536244257,0,2
0.0020608923000393696,27.36647117585813,0,2
0.0008828121108260374,12.690132709580046,0,2
0.0011456743427899602,20.796402101232022,0,2
0.0028107016886668667,49.64911781257137,0,3
0.0016106823904181212,31.033866065313266,0,2
0.00041157229222687087,21.96037473607271,0,2
0.005029534540568634,51.404789441916435,0,3
0.0006892209872779777,37.79319889495442,0,2
0.0005215172933508319,18.987964786086287,0,2
0.001373542164066698,32.55478854382643,0,2
0.0013680330635962958,23.54678661095396,0,2
0.005073643446269943,99.98996596295596,0,3
0.0015701960977149022,25.09247384590514,0,2
0.0012646696938872957,46.045459891218364,0,2
0.0008388114839260447,32.295638431762704,0,2
0.005194021302666931,100.0759444607236,0,3
0.003993507075731551,72.49056371357918,0,3
0.0012557098315193825,14.41114175706333,0,2
0.002510953169817639,137.6872647735556,0,3
0.0007991234104943326,27.568579368272655,0,2
9.264939179268475e-05,2.0205221520948466,0,1
0.0019326884203595745,72.15589637802496,0,3
0.0016197600739684024,16.554896855197867,0,2
0.000457159315194078,23.432604442967573,0,2
0.000639421158282777,32.77479551771488,0,2
0.0007003172620758186,8.29787756441076,0,2
0.001587396651470345,110.36419757617838,0,3
0.0016514406216537026,37.46829791229109,0,2
0.0005257562935786263,36.55335382475748,0,2
0.0006749492149452154,39.201691818313016,0,2
0.005649219493614655,80.21772823532821,0,3
0.0003607470791781106,4.785048455469449,0,1
0.18407478320977616,1791.9437140719526,0,3
0.00801075710628987,84.80655562058818,0,3
0.0009548069949400433,22.630204323986135,0,2
0.0018715646222493211,22.363638849137235,0,2
0.0010874332263742705,42.177255782908205,0,2
0.0001401593752695139,9.74461989073141,0,2
0.0013825988757703515,15.639302414459214,0,2
0.0036609659035586445,141.99446143625033,0,3
0.0008130345381423071,16.827643183273903,0,2
0.0012618652711541458,21.169281956829117,0,2
0.06464682242377821,634.0730594006634,0,3
0.005567415928485974,61.47046040870235,0,3
0.0003607766114289029,13.135544459974742,0,2
0.00037195955167311723,28.81401426197977,0,2
0.0018530038753330417,21.955762218849294,0,2
0.15962567964457952,529.2042645569569,0,3
0.001546612398741558,89.8287178877149,0,3
0.000947671500273736,42.360955440910445,0,2
0.0009511159606522461,38.92215137953869,0,2
0.0035066507277852197,139.40292473366992,0,3
0.0046356542139426625,52.43632076607694,0,3
0.0020348791033956014,35.94474388591091,0,2
0.052410982892787394,612.8039287438845,0,3
0.0010709550030479013,21.106085880225574,0,2
0.0008612135574742063,45.95200601962459,0,2
0.0005613315658780719,32.60267078794865,0,2
0.0017362774874254475,19.17043345068198,0,2
0.0004882271248502548,24.69805265979326,0,2
0.0004403829835129604,16.441464951238604,0,2
0.001325092806708669,102.64891131093886,0,3
0.003132584485875583,41.59741051825796,0,3
0.002252859252973794,46.62816875873541,0,3
0.005509458425950392,130.58154219072688,0,3
0.0006950925763231565,25.950912408828327,0,2
0.005744056744599557,102.03190510897493,0,3
0.004432738499987529,78.73890772908055,0,3
0.0009126448495758588,10.81369206739712,0,2
0.0014311758058910267,15.151263354351114,0,2
0.0002034133618181511,11.814441361146569,0,2
0.0008706547195181907,44.04400127861226,0,2
0.0014155016924543024,24.363823643301515,0,2
0.0014001596771823852,17.5382265693467,0,2
0.0005953494636687268,22.2270562376532,0,2
0.0013955826814056598,14.50456844515011,0,2
0.0013191050886570818,27.301951776711604,0,2
0.007881350113211897,87.01886590195222,0,3
0.0004880907582114671,18.222609398169766,0,2
0.002199448741379707,24.44780937564725,0,2
0.0005379129550530416,11.578361405708664,0,2
0.0005412272879574625,31.434995220924815,0,2
0.2217135545377837,1583.7202792220646,0,3
0.000668401229135815,14.38706936179152,0,2
0.0001918172511012817,4.546325705919176,0,1
0.04956747020889308,512.0338942502628,0,3
0.004414548531401931,55.29608772972728,0,3
0.0020529997083540627,32.80790314183972,0,2
0.001505358325533848,80.32181360393315,0,3
0.0006674483304273108,7.908422120054203,0,2
0.0069547325445112095,77.30481384174574,0,3
0.0007291604632278401,32.593503005151184,0,2
0.0003908656035772439,4.670518502559655,0,1
0.002047451566835646,44.65135891436431,0,3
0.0011773496007610883,45.66475812291789,0,2
0.000835077239015186,42.803534721503205,0,2
0.025679241843265442,400.4826576287981,0,3
0.0016054010877688846,29.633081715127425,0,2
0.0011240100435656113,14.079210486867286,0,2
0.0011580197214747332,15.360292014755307,0,2
0.0002032208310466596,7.010819025475034,0,1
0.003577532983305814,61.57702470297196,0,3
0.0028325816858470088,155.32365527958714,0,3
0.0008593499651436289,19.49714696534228,0,2
0.2964566539484667,1725.3422013225186,0,3
0.0002995768940356948,17.399710697978897,0,2
0.0031099513032476884,123.63258878817258,0,3
0.0013540296557298208,40.732865806045936,0,2
0.004079442255525259,152.30381140021134,0,3
0.0028525144947223156,98.40754408415376,0,3
0.0012044407744408912,46.372974749645664,0,2
0.004104824418512525,128.46986552883902,0,3
0.00046935364723041183,30.5100964722049,0,2
0.0006312485998578617,24.30412188224568,0,2
0.0001432563316825707,8.320463882750056,0,1
0.0003851573974496675,14.829200941709903,0,2
0.0007906700483453661,33.87173141528981,0,2
0.0008547906643197926,46.87215593618992,0,2
0.00219001151872458,29.081037908108346,0,2
0.1230225227320913,949.1002565584573,0,3
0.0008960111683363442,32.622942190462254,0,2
0.0014376763580586482,25.537501502012574,0,2
0.0013252243885561131,28.900839841081307,0,2
0.002110061842350295,27.988440496002628,0,2
0.002535737259460672,139.0462919166622,0,3
0.027737620211234316,402.2467806317316,0,3
0.0017987829334105774,28.745399238191645,0,2
0.0018208408270920164,22.807626510513096,0,2
0.0008684908838410356,18.693919222829084,0,2
4.544194381378879e-05,1.5676800582078647,0,1
0.0002996043848887294,3.3889826341440976,0,1
0.002177252604431946,38.674623356137445,0,3
0.0027556469469477646,47.43060117591845,0,3
0.00245024254748615,27.23548932877823,0,2
0.005335371246708877,56.483357613630595,0,3
0.00026425218418888916,15.348017980478362,0,2
0.0010510741336431635,18.670271035745778,0,2
0.0012340683604523887,85.79894900831742,0,3
0.003014548126349839,34.59643246541438,0,3
0.00048655135414628857,14.636777660167628,0,2
0.0008250833542663369,25.82287005861523,0,2
0.0005011609432153741,19.923085208612456,0,2
0.0007416551753544577,40.66840980038004,0,2
0.0054280854578278425,62.2953703464761,0,3
0.001963650008576442,42.26678175352565,0,3
0.00499707349976426,66.35585367189286,0,3
0.0015015350374555905,19.93879802514886,0,2
0.0005895879563412375,9.421893479345103,0,2
0.0012932017248191796,17.153383279095774,0,2
0.0011111865585437806,13.166161271942201,0,2
0.0009597745068293176,48.552323508178844,0,2
0.0009916541022241048,11.380708729367273,0,2
0.0008912234024359552,9.10882527565842,0,2
0.002482790200172126,58.84545234926126,0,3
0.0008662072657354043,46.21845666950964,0,2
0.0001437033738877692,5.232107617162299,0,1
0.004259207987814063,48.880759347831464,0,3
0.003610627909738388,65.54050051081269,0,3
0.0025526294578220405,29.29522732606026,0,2
0.0016199339401876697,31.212120548104384,0,2
0.002185944859419283,119.86554439050504,0,3
0.00294864217995889,30.13685047348405,0,2
0.0005777438215114896,24.94098975512309,0,2
0.003552467362288436,152.1851252729601,0,3
0.0012066747152818223,14.297575669917943,0,2
0.0011618064483033459,25.336978687310637,0,2
0.006159536832833021,202.8239411441735,0,3
0.0015196793249208692,27.585380177949265,0,2
0.0005279201668553028,22.615717059041923,0,2
0.000998189963609148,44.619132851201364,0,2
0.0010602949192602177,53.63737166146195,0,3
0.0009509767934206383,34.62419002414377,0,2
0.003663339251757256,43.77385372336566,0,3
0.0011272412565229927,43.72125262710479,0,2
0.0024230635500166993,122.57604731546454,0,3
0.0013841682990976213,50.39629415242028,0,3
0.0024696593879402545,35.06864370193859,0,3
0.0012070297097325263,37.77675454260799,0,2
0.003315217990994316,36.85005972528507,0,3
0.0004297919924577864,7.933258130969021,0,2
0.10811630037063437,1374.1671384838796,0,3
0.0010012498630168963,51.32104106571713,0,2
0.0001678259366498036,3.977699427608297,0,1
0.0015064402236483318,31.17928866639172,0,2
0.0014466037998097482,15.034841078868112,0,2
0.0018269829166222202,36.005675523427065,0,2
0.0024020723735293055,40.29760428341316,0,3
0.006881431923973423,75.97865761626731,0,3
0.0034320251742056833,147.02546928959995,0,3
0.004119679438041328,75.64142775784039,0,3
0.00232673547416098,119.2614263723114,0,3
0.0019745763376737245,71.8925075835706,0,3
0.0036958876440975614,134.56386841662527,0,3
0.0010605696634807399,11.70986797952289,0,2
0.0008577322301855009,11.377196158057034,0,2
0.0006684342560607282,51.78056081822529,0,2
0.0006616892444764207,28.56488300365727,0,2
0.0017292084911071347,31.749994417165702,0,2
0.0009614478912669355,18.94794991824142,0,2
0.0012986021091418234,26.877594867760273,0,2
0.0004716606899523259,17.172731731009314,0,2
0.00038436922222592973,8.27339391319201,0,2
0.0011632456868697026,18.58921444055182,0,2
0.0007386185806766644,16.757963115037217,0,2
0.008038453218251248,85.09976284536877,0,3
0.00028923034639768356,15.43254225781568,0,2
0.007006822690592003,72.82330216104272,0,3
0.0038574016580474805,54.774291961838266,0,3
0.0026396042797618494,29.857951072537396,0,2
0.00039747258182950537,23.085585276774054,0,2
0.0005526877508021711,6.922898261987639,0,2
0.006424666509473541,110.58230635700369,0,3
0.0015782815960355674,30.40958289238002,0,2
0.001293767951857707,30.664032892012358,0,2
0.00107059012639513,17.108534905511963,0,2
0.0007744227471335747,10.272156266641147,0,2
0.0007174353866567519,14.139018764743534,0,2
0.12647413583906383,538.9830318547544,0,3
0.08062278502505027,383.38877142006214,0,3
0.0006378361670476803,27.324438787594012,0,2
0.22951386984671412,797.2243335932783,0,3
0.0037528569991803363,59.972423977105464,0,3
0.0004102692443357778,7.247124847519142,0,2
6.248917826238451e-05,3.203006364568796,0,1
0.002503828071106169,25.590589696878936,0,2
0.0045360687348071265,65.2044908747547,0,3
0.0029869306655575935,115.00180272221614,0,3
0.0009936686248986518,14.283658509749,0,2
0.0007386566629260251,16.758827134636537,0,2
0.0031355614052158537,120.72433361244872,0,3
0.007094470896307726,84.06054522680552,0,3
0.0017022501950196922,30.899425962810664,0,2
0.01089988141991002,191.69022521028737,0,3
0.007964790288733137,105.76399545682533,0,3
0.0005196846629770213,12.317222401528769,0,2
0.00042547247807851464,15.884789144761907,0,2
0.005501840288494855,130.40098213188708,0,3
0.001623755297387145,25.94837510495118,0,2
0.3457859111339286,1109.5183476814932,0,3
0.32750077565344,806.3232637357498,0,3
0.0018465038069072476,36.39038784620597,0,2
0.0007531628147376182,14.8431250653895,0,2
0.00010041590575472873,5.506272107867256,0,1
0.12379033639989524,1044.9827784834138,0,3
0.0009195209149598016,9.398042431099977,0,2
0.0005519172568834511,9.259064572812237,0,2
0.001185814915653248,15.72897511338605,0,2
0.0005285665781487516,16.542699588211754,0,2
0.0029174982020304715,87.76621859780012,0,3
0.000521661986411043,20.738080941983537,0,2
0.001967359645704058,26.12445639962751,0,2
0.006172943924600136,65.35039139725356,0,3
0.0010546587867473604,11.644605330048318,0,2
7.582493357239343e-05,3.0143342831306073,0,1
0.16674013153972303,682.6213181308909,0,3
0.0003688515591513125,6.551924703391459,0,2
0.0014090187180594038,30.728248480311056,0,2
0.0013609570799456953,14.407886890868799,0,2
0.00022403788348965894,9.168215839797309,0,2
0.0009230504417067489,17.78489908989397,0,2
0.0019025057083141338,132.2722431647455,0,3
0.0016302455720085946,32.12843018683939,0,2
0.002411895751107749,27.680098299792594,0,2
0.00033821369068200385,8.625739018277415,0,2
0.0006152573639204182,42.77594085197063,0,2
0.00028478369776389185,6.749754979478213,0,2
0.3390338481416357,850.6233985084807,0,3
0.0022210506753591883,85.51414820203742,0,3
0.001685218441910077,22.377919464629787,0,2
0.0024445689418691663,73.53923028304281,0,3
0.018855748902442668,635.1239749614438,0,3
0.0016841676976893192,34.85777263813024,0,2
0.0010644883487066676,19.54506891585734,0,2
0.0012533776535087575,81.4751804962222,0,3
0.003901470044633265,40.5487543325547,0,3
0.0037427606077616456,80.5614264624674,0,3
0.0024493879199331313,52.722096192991536,0,3
0.00023515443668853007,10.073845515327399,0,2
0.001533415742493859,17.598230963002873,0,2
0.0014170860492633446,24.391093826085005,0,2
9.791391405593588e-05,4.0068933155477655,0,1
0.001325959663116707,22.82261304420862,0,2
0.0009387773408759202,9.938445482491295,0,2
0.0011222928401835482,48.07821129882402,0,2
0.0030348319860587455,117.70919062399145,0,3
0.007017697531708053,87.9028094523599,0,3
0.001952086872021752,22.403106138596463,0,2
0.002922107706262862,51.90551372667575,0,3
0.0008322300986908995,44.40552772638204,0,2
0.007175468134570572,75.96369848493042,0,3
0.0039137197415888055,49.02276838527215,0,3
0.00045027064160255327,16.8106154180279,0,2
0.0006475921009581603,50.166013882477955,0,2
0.0015238172479589346,27.66049219551789,0,2
0.0005583391114905939,6.315667087141652,0,2
0.0012434109073873652,28.21081769124081,0,2
0.0005404064599504003,28.834614463705257,0,2
0.0009490498444563455,40.65660701125547,0,2
0.0007076070730059391,28.130117082279657,0,2
0.0006430786018034401,10.788403923288158,0,2
0.0008120605081338375,43.32933339728935,0,2
0.0011902295035483615,21.85380206444122,0,2
0.0020137765810937605,43.34573619621564,0,3
0.002550763525560142,136.10178319178286,0,3
0.0007130122382719318,16.177000013436917,0,2
0.007923273316114305,105.21269394802717,0,3
0.002258497717557465,25.104163891331662,0,2
0.0008270067055742843,45.34863198909529,0,2
0.000700338566178183,9.289483318982182,0,2
0.00218239857753147,24.68625712130945,0,2
0.0002611777828256492,10.055779399999594,0,2
0.005453530296431196,62.58738779102764,0,3
0.0015109526133415831,117.04662497351461,0,3
0.0010481455849991415,44.90179666411896,0,2
0.023712140994133928,169.18885236018278,0,3
0.00025600613166859576,8.831834065910142,0,2
0.0013296562144098421,26.204498015921338,0,2
0.00053039207443957,7.531455864594453,0,2
0.000759724838391029,16.56827784580182,0,2
0.00015727824367330265,4.922382239833559,0,1
0.0011813210150224149,44.10399309645679,0,2
0.0007830822837330708,35.003810622353,0,2
0.0009053507932398009,49.64460344388274,0,2
0.0038236713497165884,97.51820243530668,0,3
0.00038978818782236965,4.409099019078481,0,1
0.0009471578914387131,21.489355161232606,0,2
0.04220737833080641,500.17773949185664,0,3
0.0007515994594022633,43.65361085824767,0,2
0.0008257598066841123,9.867142108415417,0,2
0.005478540667934644,117.92339863419907,0,3
0.0019840288702920594,28.519760156083517,0,2
0.0009835254064936554,14.137853093077474,0,2
0.0002539201861246311,14.74792571425456,0,2
0.10620984644526915,934.8208549521394,0,3
0.00059967226947377,23.25892761235818,0,2
0.3327554496459146,1149.227049277076,0,3
0.0005899458404730691,12.86569308387154,0,2
0.00396241255122809,45.47458938552841,0,3
0.06567661499846084,932.8223874182759,0,3
0.0005903861354771296,8.383358908808672,0,2
0.0008719340977977921,13.93391792030585,0,2
0.0008666128756152161,43.83953563449437,0,2
0.000801007114486139,42.739554466119266,0,2
0.0070032863654911634,117.48840948756809,0,3
0.0014858767214758688,16.40573065726267,0,2
0.0016045182381812754,33.20924158383525,0,2
0.0008941980404788321,19.247255496792256,0,2
0.0010316485936073805,41.012020417864285,0,2
0.002134453839615025,95.41017532393354,0,3
0.008139629966033818,93.41438471388071,0,3
0.0021665734985819364,28.738026643680698,0,2
0.0011033092657688913,21.743714768122043,0,2
0.0006536279997430291,28.00094944678924,0,2
0.0012473373822124722,72.44654052219855,0,3
0.0012919296521650564,13.204277892443834,0,2
0.0007824840925360646,16.195330564763857,0,2
0.0025252839469843006,75.96735544114135,0,3
0.0010814725565481587,27.581674796791557,0,2
0.00026996986935602456,3.0008300621019317,0,1
0.0005611337749449205,8.9671822470775,0,2
0.0004013880367161492,16.425847712920408,0,2
0.004309498326266304,89.19510393620247,0,3
0.00082407669985766,43.97048460726968,0,2
0.005142031205821459,106.42631070327043,0,3
0.00019352545347573106,3.7287568543142626,0,1
0.0016081664320510593,33.28474945198117,0,2
0.0005048604823968579,26.937978071560742,0,2
0.0012578298190700692,17.860918788250835,0,2
0.0008680283463925808,46.31562456543342,0,2
0.0017368431440350715,23.06344093639177,0,2
0.0005073457169023682,9.775297178900164,0,2
0.0003557694373000063,4.02429505568393,0,1
0.0008321246097469431,54.091839426597,0,2
0.0009728675813309384,41.99833814853488,0,2
0.004166076715428641,46.307716777809944,0,3
0.0008624323174468849,37.23088814287225,0,2
0.0001524606178400611,2.4363925443768886,0,1
0.092266393982452,2138.954019798888,0,3
0.001710251902462768,17.774988259910064,0,2
0.008437623175675537,96.83430090709307,0,3
0.006982624261924234,100.37291905979876,0,3
0.0002892359373384156,12.390657779029837,0,2
0.0005144644611392313,19.20725759883861,0,2
0.0010598225580097868,40.804932682976556,0,2
0.0020168188494857167,20.613070148749816,0,2
0.000761222197606043,23.824189147523526,0,2
0.003077739006303614,178.75800630734625,0,3
0.0019104336177993432,21.0933107162921,0,2
0.0009192531488356834,37.618241828855155,0,2
0.002009011857564169,36.88746359372933,0,3
0.1005501254028251,1026.4558866337707,0,3
0.00011667674811793584,4.248093040949379,0,1
0.0012513614222341707,21.53861713332325,0,2
9.662464509345348e-05,6.281036188361823,0,1
0.0009083706123098505,10.096926177174922,0,2
0.0017127656039447473,51.5246111541692,0,3
0.0004238986590846716,12.752015528457576,0,2
0.2630177700549867,2000.6268752249791,0,3
0.0023823351695680876,130.63454038670795,0,3
0.002379031087769452,42.02395267797306,0,3
0.00047333937093959277,20.43388775740636,0,2
0.0021698925475075116,28.782051421292575,0,2
0.0018455012702746835,18.862104126743667,0,2
0.0007698000029139935,13.673987626263404,0,2
0.17352761920401258,1681.762934299992,0,3
0.0036663774158343224,42.07714501251669,0,3
0.0005351956426070722,23.104200412438423,0,2
0.0004199389603063412,18.771288975452784,0,2
0.0012499183773982737,22.94974938441318,0,2
0.0005817129481500917,9.758922524323367,0,2
0.004223358469703277,50.465617069303015,0,3
0.00032555262821782265,22.634137818544552,0,2
0.0013037042504552222,58.27563416828203,0,3
0.001702149775249371,38.61879987336073,0,2
0.001073962734375914,41.34935301106313,0,2
0.0016198184920414383,18.004972323990547,0,2
0.000295370759327341,3.922211447521344,0,1
0.0010533242407557895,11.914703989963774,0,2
0.0017714923107965334,32.69885438816321,0,2
0.0013265088656450228,33.83103521744578,0,2
0.000135410292689861,7.864758481845723,0,1
0.0011982642175779824,20.102299081015644,0,2
0.002922258811011533,29.867196986751274,0,2
0.00035502744732066695,15.869741647719524,0,2
0.0015844718580273263,16.774144937130092,0,2
0.0004230618406998915,7.8090305229797465,0,2
0.0005220216205879423,9.584838164133263,0,2
0.0005134142349712412,18.692939886369746,0,2
0.001789504191784573,18.289781179972298,0,2
0.00046757043572789793,9.21474921303123,0,2
0.0003477510100883197,10.461288767127916,0,2
0.002204110232645198,117.60530915871206,0,3
0.0005006580102966394,15.06114394307194,0,2
0.0008168070848914846,24.57176121477149,0,2
0.00204798338766212,29.080933216993703,0,2
0.0017575842593648742,29.4855541236578,0,2
0.0016755676538115082,19.229636000707654,0,2
0.0012346595567214423,14.629160796403484,0,2
0.003135045739455671,158.59324650936847,0,3
0.00021415455268259352,8.245306763781386,0,2
0.0001183684866576272,6.874954192411408,0,1
0.0011864180118158869,19.903564972367857,0,2
0.004353435068695649,79.0240147909095,0,3
0.0027416413678084278,50.33927289245253,0,3
0.0009219660986404887,16.73562634242119,0,2
0.0009931072496426228,42.87207723706058,0,2
0.0003204634742277526,8.173040801527044,0,2
0.0056023189381673244,96.42793882243515,0,3
0.0019219144202470134,25.492801352958132,0,2
0.0021383815203242485,23.61010893963131,0,2
0.0016432515383262769,18.587681648873694,0,2
0.36395463506593323,819.6454022126389,0,3
7.67885770394099e-05,4.9916026161944576,0,1
0.00038680165084026345,7.139726647890383,0,2
0.000419639701362875,8.0854191771494,0,2
0.0013929148809500094,31.602801240069297,0,2
0.002868784079585761,30.370624571530254,0,2
0.0005214702608485369,8.748280213708643,0,2
0.0013969258909076216,28.912634510436984,0,2
0.0007938762982281932,16.431118792033544,0,2
0.000157248639986651,7.954771444258381,0,1
0.028196308907388654,135.10981088261804,0,3
5.695838756379962e-05,3.9600478764328284,0,1
0.004878193230165626,54.223195087442704,0,3
0.05020684997991336,331.4334732025338,0,3
0.0029071485387873425,74.14337525006775,0,3
0.0005383109365958215,6.378306640929,0,2
0.0002798149134317278,10.187803531357154,0,2
0.0004736713943439376,36.69316798218002,0,2
0.0007121696977354007,24.568804489849672,0,2
0.001864242091596232,24.75516428661272,0,2
0.0005562656962320323,6.967715162962777,0,2
0.0009559392948177811,41.26755020277742,0,2
0.0010831507402747512,33.8996789541085,0,2
0.0009896153332414786,14.225393780018418,0,2
0.0005494048490978535,31.909955743216916,0,2
0.0007131622688970171,28.350957597860134,0,2
0.002932822819419715,106.78138027056666,0,3
0.0027918359457724867,162.15248485376034,0,3
0.0034810906984131165,75.91653580774366,0,3
0.0012397295210984868,22.883381905778272,0,2
0.002993067000053066,128.22081947573858,0,3
0.0026893493059426425,55.66234691455009,0,3
0.00031976982334637233,11.938436633209317,0,2
0.0014714233097740594,17.434513085875253,0,2
0.0030562038478037894,105.43452642900213,0,3
0.1119300298401008,792.0362379658717,0,3
0.0008675902050817093,46.29224654034326,0,2
0.0004660274645730014,11.045474949142454,0,2
0.0004083952124547629,16.71259966128885,0,2
0.0009602791847180218,36.972347109562705,0,2
3.055880886772782e-05,1.9864599159540408,0,1
0.0003166113431827114,20.58116024388057,0,2
0.004261807903915274,45.11798875587761,0,3
0.0013812698769687282,23.77462059259058,0,2
0.0006068258011901076,18.254957580083513,0,2
0.003213414464144369,40.25083128146578,0,3
0.0009500755922528858,48.69800265303313,0,2
0.0057755849614997915,104.8390303798561,0,3
0.0013916231536119637,22.238794018264375,0,2
0.0015761349555728213,32.62178345051117,0,2
0.0009512401802571202,18.746779164474418,0,2
0.0006558582699556032,28.31316196334286,0,2
0.0012164240989297392,22.334760989519225,0,2
0.0010409984592907524,19.215131124867863,0,2
0.0069291456735181885,119.26547604166359,0,3
0.0005986129804387689,46.3718242432098,0,2
3.9076138287528086e-05,3.027050658748559,0,1
0.0014925795098991769,26.51274834024119,0,2
0.0011904588962567174,24.639319230317586,0,2
0.0017520276558506758,24.878424093216054,0,2
0.0010088852098064528,14.32595771369342,0,2
0.0025603896069115663,110.53108415428561,0,3
0.0006613320397472711,12.207109191571714,0,2
0.0005625081857223462,21.657501511504584,0,2
0.0013550733691864612,22.732958010851224,0,2
0.0014741918140515058,80.83680773825796,0,3
0.002699639190518518,28.579957940113317,0,2
0.005014097422370477,118.84082308775021,0,3
0.00047811666177026646,8.229414412141988,0,2
0.0059398184885541125,102.23703079961253,0,3
0.00011129190726504081,4.0520359402605495,0,1
0.26322793171301484,891.6561897279514,0,3
0.12571595802745336,1062.9544620439217,0,3
0.00127897195139326,32.6186626040158,0,2
0.0015067669655466863,38.42830424741016,0,2
0.0003757624576691322,21.82464063408514,0,2
0.0015096104791458968,31.244904486889002,0,2
0.0018286833467739648,25.96691877626495,0,2
0.0020534245976733018,22.82468883529909,0,2
0.0007907518570054472,54.97724472295164,0,2
0.002460539962456619,39.320588520502966,0,3
0.0016694795368784557,129.32698453183954,0,3
0.0013805058330566106,25.481882671469734,0,2
0.004470484982001955,53.41857311762388,0,3
0.0028391000859183816,126.90789181391898,0,3
0.0001901557583174644,14.730501495421052,0,2
0.001687477288933295,17.2470064627143,0,2
0.00047727881599643593,10.40862116617306,0,2
0.0002675285250082309,14.2745922714619,0,2
0.00221080385387259,23.404861427198057,0,2
0.0005283664362642673,9.333230754465276,0,2
0.0014584436492492193,28.10060204535888,0,2
0.13387924680811233,537.0088888275689,0,3
0.09988790958748196,732.4895353431704,0,3
0.001205857015439691,41.60028901715334,0,2
0.00033963397658072454,6.5439067336545484,0,2
0.0009012284716412714,33.64688665158703,0,2
0.009006564291783392,95.34875236222061,0,3
0.0010066527763309527,43.45683267672505,0,2
0.0038222556336090312,54.943663148269515,0,3
0.001293721434797224,44.63148193040677,0,2
0.0005292067588761966,27.125538597034524,0,2
0.006191330723062467,88.99833561531788,0,3
0.0009187638786628444,49.022734159863866,0,2
0.0013952714755995068,74.44787961048709,0,3
0.0010538521253322627,38.36978620014782,0,2
0.00024221121431491978,9.911916043257426,0,2
0.0008511423169454044,33.01246121489014,0,2
0.0010504424732090834,39.21771220311302,0,2
0.0012080795986660058,46.51307553956451,0,2
0.00539988796269228,95.38531773592678,0,3
0.0004627686803285415,6.652147036940277,0,2
0.0034591379599422088,49.119031241889914,0,3
0.0009542497267642893,24.33700742490157,0,2
0.004521768802861223,54.03137207463886,0,3
0.0005520679550530976,21.946835758788403,0,2
0.006332923327510392,114.95589547240449,0,3
0.0020801326734691435,21.260174520810185,0,2
0.0015886134917529344,21.071806187229566,0,2
0.0008740833478521325,20.716945794191346,0,2
0.0011805540528697302,45.453296206891686,0,2
0.000498193854306398,19.32297920729694,0,2
0.006678258976981001,114.94717726359278,0,3
0.002052890139880655,29.150608066135156,0,2
0.0007094722224338234,8.142251110530369,0,2
0.0014375154243467852,32.614709524950335,0,2
0.0013037042342618904,39.21894132838668,0,2
0.0011980721847228626,43.62070586104925,0,2
0.01963663141435578,368.78388940613064,0,3
0.0004391083906042048,19.628163306316253,0,2
0.0026528610513555304,31.43306240130774,0,2
0.08247003642809249,292.35635727630944,0,3
0.0007622152120057362,12.787061426910954,0,2
0.0012344947290973745,12.617259331761465,0,2
0.0009935804974961048,14.282391707424972,0,2
0.002648096306417882,35.1639196473765,0,3
0.0008862757734634582,11.755805564921783,0,2
0.0520737944385108,1252.0784209376407,0,3
0.0012094080513747611,20.289250069458554,0,2
0.0005058305474677705,39.18439126867772,0,2
0.0003757838258783902,14.468302832800713,0,2
0.0027767746608124565,51.25472447680097,0,3
0.0017819401687782517,25.61480177380971,0,2
0.1726668139071001,962.4496784632844,0,3
0.00040613618757129403,15.162879001628323,0,2
0.006227152553578093,109.99837941396616,0,3
0.0009024352371989981,62.74206306639438,0,3
0.0010022758141014778,11.066239084831476,0,2
0.0031931751194260176,170.37911332924475,0,3
0.0008174897966684581,8.35522462957499,0,2
0.0006776004508904091,16.0600380337997,0,2
0.0008237130730165608,11.696552330780571,0,2
0.0014933335167532627,27.107148275678313,0,2
0.0006853630897681024,28.046849210278207,0,2
0.0006496651388625515,50.32660269777808,0,2
0.006510826455922207,86.45689274185062,0,3
0.0008426202230482805,25.348290065616318,0,2
0.009548109915103712,97.58727687327692,0,3
0.0025643396932199677,29.429619729537674,0,2
0.010705286949426811,154.4103004947898,0,3
0.004074318205644226,48.27553947288727,0,3
0.00581592949112686,126.83531045879312,0,3
0.0005464152362864784,16.437644773769353,0,2
0.0016896636173367177,38.33551079937469,0,2
0.0019556326684479395,100.23981844497989,0,3
0.0019324565482409324,35.078156086231836,0,2
0.0025853091194083925,47.46885672259776,0,3
0.09460570429462527,580.1624496850671,0,3
0.002102517719983278,21.48896280995006,0,2
0.004334693366239115,44.30310558352412,0,3
0.0005928342033598758,22.993705935706107,0,2
0.0009177587979104316,16.21157978618183,0,2
0.0008018616923098954,17.487209369423287,0,2
0.00027389245042971813,15.018799551938034,0,2
0.0007630032225464545,59.106388416423634,0,2
0.0006955968689476939,12.287241664845746,0,2
0.0010584878303810097,36.51626942596814,0,2
0.0015342402884092896,31.754675748148664,0,2
0.001627318088338849,38.56961777027951,0,2
0.0023828521015291067,28.473098495236297,0,2
0.10848188335381813,1058.5688686315693,0,3
0.0012778482127775025,44.08387917552038,0,2
0.0004298139661991123,14.827948080537832,0,2
0.004667823996144202,51.8848514674725,0,3
0.0003104664031035948,3.173148519330992,0,1
0.0007448074647484463,29.608976487652807,0,2
0.000961978679800747,16.557718742563825,0,2
0.0033518525492977364,130.0051707907502,0,3
0.001038052689122626,40.26197905616674,0,2
0.002191880521266022,31.12424223876702,0,2
0.0041262463797606674,47.35482673680292,0,3
0.0001878506448129963,1.9199436379750088,0,1
0.00027127109139889384,4.980808087484523,0,1
0.0005083050134763151,15.90856759534687,0,2
0.0008731357794128847,18.7938987438974,0,2
0.0010296581886355897,44.10981001241174,0,2
9.77152637497309e-05,1.2975554078188856,0,1
0.21619930594918949,1746.4704305469384,0,3
9.367714545959466e-05,3.2317233930094873,0,1
0.0007884365897988939,10.469604456434295,0,2
0.0041005707198966115,104.58019243542158,0,3
0.0028760812780437477,49.503534623517446,0,3
0.0013544921845901868,17.966356790982395,0,2
0.0014876956819347743,21.124965678038393,0,2
0.004606582966236627,77.2808760959052,0,3
0.00048608357273677516,5.759478155208512,0,2
0.002600442991512241,31.073128450171467,0,2
0.005396858208640582,56.09062101369245,0,3
0.0029327603010992596,29.974528367504632,0,2
0.0006431418987683423,26.319047706042983,0,2
0.006929625304944292,73.36106263815712,0,3
0.0006086701635820887,26.27606864653951,0,2
0.0005825151890320122,12.056508413855749,0,2
0.0040635566114506725,127.17829515131058,0,3
7.79832342578089e-05,4.529340354322914,0,1
0.0005702835858755169,19.673942839325466,0,2
0.0005526368595234987,23.857131376358428,0,2
0.0019822360911785027,28.493989548056057,0,2
0.0018479185606446206,68.9910586581229,0,3
0.0024615491918292313,32.68677116454104,0,2
0.001618508147209416,31.184649043736282,0,2
0.0028020502638008015,111.39233198491159,0,3
0.0007172438499465124,7.33065232729101,0,2
0.0012358887618150484,26.60201173280426,0,2
0.001044223948877045,16.68719095952213,0,2
0.001152475622412344,43.02706567337609,0,2
0.001986760141927731,35.09475543051206,0,2
0.0015605961199172322,35.407195133223404,0,2
0.0009246966777879924,13.292209535115619,0,2
0.0008699243139040437,12.352742228715924,0,2
0.0015841667549864136,16.191112283673434,0,2
0.0013549890818716258,24.87895242591612,0,2
0.0009975948303785503,50.46554851163572,0,2
0.00037675128238672494,6.692247796874227,0,2
0.0007471812555351249,13.272209929966381,0,2
0.004185855624464492,125.92183244531257,0,3
0.0023636151243183294,28.00586244703996,0,2
0.00020363013469353202,4.82630686521606,0,1
0.0009436858637988603,9.645022364715476,0,2
0.10304812581103318,640.7133457577468,0,3
0.0006080618113364103,22.1389710535496,0,2
0.0020655073812612906,27.427754575884194,0,2
0.004160746984368711,90.73865773442226,0,3
0.0025125599576043376,128.78622762129925,0,3
0.0003995635305190588,4.230013009421658,0,1
0.0016406718839348689,35.780201269182314,0,2
0.00219260739653905,25.16343761589963,0,2
0.0008162810449909394,11.59101909648679,0,2
0.07566738561684075,268.0121968327584,0,3
0.00020172657905982881,14.025097008428096,0,2
0.0012944649399093933,30.680552442146183,0,2
0.004863811647417374,104.69160211532846,0,3
0.002239753507237502,28.054874818612156,0,2
0.0019818385931221574,36.58150316678782,0,2
0.0006073734625547793,11.702584445377516,0,2
0.00029674321312734187,6.73258424621531,0,2
0.0002190621257732158,4.220785371263659,0,1
0.00037037871898422663,16.55594412897334,0,2
0.0008886378204092822,35.32678923864446,0,2
0.000632634106581827,24.357466197457637,0,2
0.0008318688773536811,9.18475708433501,0,2
0.0010991562230451843,12.433133625514152,0,2
0.0021162924373619124,24.287609723753953,0,2
0.0017441170876652608,67.64743870027769,0,3
0.00238753423577243,106.72287954844077,0,3
0.000713075568579911,39.10125676368008,0,2
0.006038337178483381,116.34382319509251,0,3
0.148940879413652,726.2451790119512,0,3
0.0012132783339429026,48.232504859261894,0,3
0.08973931689288477,398.7991847532891,0,3
0.00028716741481112096,22.245553175672146,0,2
0.17307360786529472,620.7239770078661,0,3
0.006337263353314759,69.9704317161359,0,3
0.0004604291241598299,24.567242005635357,0,2
0.0010888457661363633,39.643872463051906,0,2
0.001481336283674893,17.000541556714527,0,2
0.0016096401907743447,93.48943194522896,0,3
0.0012457682696294468,22.873549262121085,0,2
0.0005408392006670597,10.420633773748234,0,2
0.0012073144298715176,25.986960656117954,0,2
0.0012699872198015968,98.38013219258319,0,3
0.0006540738593834772,34.899596810595746,0,2
0.0003014019355251916,6.487556220962663,0,2
0.000306796303746198,15.725451043685338,0,2
0.0011919934883741106,21.173427057566784,0,2
0.006841106555706259,76.0418125895864,0,3
0.13012825594819258,418.80474227719344,0,3
0.0006704726152093825,9.637822545484857,0,2
0.000959706417070075,39.27369531208376,0,2
0.00018386047325772426,7.876449324350089,0,1
0.0033080155526649052,123.50300489231232,0,3
0.0009740042542545882,22.098452156097242,0,2
0.0013676331292867482,24.293320883793605,0,2
0.0022505727635785677,113.85021806522619,0,3
0.030999004337240208,446.0285130528436,0,3
0.0014124054321303808,36.02172526188116,0,2
0.00013749292507086877,2.4287182317367937,0,1
0.0008012352790458739,14.71147971304207,0,2
0.0005018711937305081,34.892735556271916,0,2
0.0007392033218786314,42.93363141064094,0,2
0.08837022152316051,827.5984277466877,0,3
0.0009805665601370795,38.03231832170785,0,2
0.0021646626520165167,44.80273470733859,0,3
0.000587667337616871,25.369384320852248,0,2
0.001814476069140674,21.499256238028558,0,2
0.0012619361976387708,45.94593580798729,0,2
0.001992429707312362,20.363798827919293,0,2
0.00591542019498847,122.43339692289354,0,3
0.0009267199188976776,9.810798567964847,0,2
0.0007329670958378315,29.13827604321253,0,2
0.0004989585318220372,15.616048081996292,0,2
0.0003696965223469556,20.272183316722245,0,2
0.004266114015109987,78.74549617472533,0,3
0.007240641839997647,85.79248681941763,0,3
0.0006398219219387495,22.072912900421482,0,2
0.0018768515052223285,19.869446727356873,0,2
0.0023693546649721006,94.19100893378332,0,3
0.002158812205187732,22.854447454149682,0,2
0.0012956105903065653,23.51806075801214,0,2
0.20679091672414476,680.1853995728341,0,3
0.0021497460472427324,25.471783233960817,0,2
0.000811018345390066,8.585914103379286,0,2
0.00040543520221055066,5.757094569386501,0,2
0.00031131595090249026,20.236935946741145,0,2
0.0029946870724088864,52.899093443222995,0,3
0.0009086670144337539,34.985192639075926,0,2
0.15866099754931196,1200.7369419663194,0,3
0.000820271030974392,57.02957357546406,0,2
0.0007177070568649658,13.17781815542293,0,2
0.0005282977825044824,9.751514109556693,0,2
0.001699182348410796,29.2465768816649,0,2
0.001204332018897159,17.311875266302312,0,2
0.00039426794593989186,22.89945697889207,0,2
0.0010338779838373724,21.398512598013106,0,2
0.0003425453897360828,17.557841117248593,0,2
0.0014179394841268398,15.655628040109045,0,2
0.04741678578183137,289.1047077377591,0,3
0.0013405973487562158,19.270644406893407,0,2
0.0010039545041220803,38.93944463693063,0,2
0.0039043446783969095,122.19539368108997,0,3
0.00043933192458697436,34.03304548532448,0,2
0.046473621771725294,350.1355354339064,0,3
0.0779942890680814,1008.9841601381224,0,3
0.0033394509641516933,48.00350538073989,0,3
0.0001957114326612194,3.368614008555675,0,1
0.007351596037727818,105.67676655307308,0,3
0.004638558891751421,74.12635774814957,0,3
0.0019698252428794623,21.89544640674183,0,2
0.002312688526233428,38.79808455730015,0,3
0.0009744776861311355,21.25166407952124,0,2
0.00033951484997086205,17.175112189708944,0,2
0.0017363700222256596,59.90220551892709,0,3
0.002250112054891269,25.010953679838835,0,2
0.006757110170187853,107.98180588149933,0,3
0.00014469866410590806,7.934502131147627,0,1
0.1784369311175275,854.0578790063524,0,3
0.0006967498525040161,15.19490289373207,0,2
0.10991958667930174,376.1875281939072,0,3
0.0005442519372945167,37.839268643507026,0,2
0.001888257558735724,44.754232632307016,0,3
0.0016899250234664743,109.85272150541934,0,3
0.0036231844657837993,124.99452174610222,0,3
0.0009814824186522744,25.031544930220303,0,2
0.0031974946015794255,56.797221942757034,0,3
0.0013568053400870622,23.96703586521833,0,2
0.0014466367046681208,24.89972405991935,0,2
0.0007843593903719006,14.237774788888467,0,2
0.002868823849671651,65.08859310348443,0,3
0.00019150871445000102,12.448927131206657,0,2
0.0035397878345569092,50.264242492996,0,3
0.004414116969492721,50.65857078035986,0,3
0.0024975303852526726,44.363730131055206,0,3
0.0026961872733855317,138.1984086982569,0,3
9.704705156344823e-05,6.308494507320399,0,1
0.002490416999061407,31.19465464795128,0,2
0.00036636966599965485,8.683451675176906,0,2
0.0011675533600287698,47.779335541341275,0,2
0.005868889386233343,115.6624536557162,0,3
0.0025070375380323523,99.66443548244223,0,3
0.0007821252298490972,33.7640605032445,0,2
0.0003365121083366012,21.874799418304207,0,2
0.00013378599717116333,7.770417854527531,0,1
0.0010403877009035568,23.604576398697958,0,2
0.001984306273477273,22.056409228451464,0,2
0.0014009055655074564,18.60254501306384,0,2
0.0004241950539844296,6.023480517575101,0,2
0.0022371356342812837,25.30541673353666,0,2
0.0016178290171522803,21.459328949732235,0,2
0.0004868742836802566,33.85007117728066,0,2
0.002860950801275197,146.6436890356538,0,3
0.002215998525047446,25.06632378382537,0,2
0.001097811455765166,43.64225000430825,0,2
0.000462540590220975,32.15826431211512,0,2
0.0023189423511959938,30.75908900272637,0,2
0.001380260300339165,95.96298464664659,0,3
0.0007122139841182812,13.076959855260029,0,2
0.0034881852855727655,49.5314971543985,0,3
0.0005158336225721579,5.8348651661220945,0,2
0.0009132366836326703,27.472623753958988,0,2
0.0006240519254594047,12.02393717577092,0,2
0.0026394654462712336,101.62381338286801,0,3
0.002415898423543345,24.69189718722219,0,2
0.003567685091576378,145.99900007316865,0,3
0.0017171763870591395,30.332743275399842,0,2
0.000419167271748735,17.153420486356094,0,2
0.0008038669866589851,44.079773356694815,0,2
0.0014488743653174425,19.218267989104156,0,2
0.0004997569054162791,20.451358961785157,0,2
0.0014345922169417742,16.2274264180065,0,2
0.000501188773369287,10.787888070071135,0,2
0.0007755003144832636,42.524296516444984,0,2
0.23882531652210034,492.8594080073566,0,3
0.002244789890931372,23.764657474426343,0,2
0.00024325499484174773,4.18694080428865,0,1
0.0008694956271938977,14.586817240371692,0,2
0.000667184806229332,15.137255772067846,0,2
0.0047236347371653374,67.0746194332119,0,3
0.0024302084444173862,32.27059916920692,0,2
0.001394907345681337,30.420503983184258,0,2
0.0003804852195339343,7.023135643639495,0,2
0.00066432485886952,46.18737220538493,0,2
0.0031336739801540326,160.6226547062613,0,3
0.0010954148362011082,47.28865838119283,0,2
0.00045790373241191,23.47076101908062,0,2
0.006286075136330809,83.38022913614148,0,3
0.036534630387400825,365.0828751652031,0,3
0.0016636394921034057,18.81830050754655,0,2
0.0008771359347487599,26.38661581198855,0,2
0.0011486231970017412,12.68207686703473,0,2
0.0008139608258690283,9.726154112275955,0,2
0.0021486165071565384,149.38316550662856,0,3
0.003246157595713037,67.18679118127714,0,3
0.0007565228370221794,10.874766082056224,0,2
0.00059077080298672,17.771979910748488,0,2
0.0004064783702345392,7.4633487240062655,0,2
0.00042576536974105064,5.647468940049045,0,2
0.0014147484339634045,23.734077782457042,0,2
0.0006529236020376953,6.785964888637731,0,2
0.001580811362689493,25.262110784329526,0,2
0.0017348064063151551,20.555271070842327,0,2
0.006142968352279111,88.30314249793253,0,3
0.0019228677720744488,83.00949939766937,0,3
0.0022982124411521235,27.461725030231612,0,2
0.002988303198563557,115.90452204861934,0,3
0.0013928022695488139,28.827286563217548,0,2
0.0010953820869416366,48.96362480279617,0,2
0.004465205453971279,105.83134843737986,0,3
0.001910165633119073,21.606887233588434,0,2
0.000840115840117404,30.587844721098005,0,2
0.0006075651472505184,33.31562862350869,0,2
0.0016270665396957756,35.02195708574427,0,2
0.00781823244511617,103.8178622198468,0,3
0.0955370495836822,1236.0246487701695,0,3
0.0024842566670158057,27.42895502265413,0,2
0.0010342400939214198,18.98968075676628,0,2
0.0011032322328709426,12.479239514522506,0,2
0.00217582257522036,24.185194477798465,0,2
0.0016637318202804216,28.63639716938722,0,2
0.00266524559850891,27.700427729419932,0,2
