energy,time_ms,violated,priority
0.00022421099327606182,13.172994272671213,0,2
0.0005854988501335488,17.747828477640642,0,2
0.0004819346694240325,5.280231219083433,0,2
0.0013329740978093288,14.60449287430204,0,2
0.0009322994284026812,35.70066621696597,0,2
0.08515563103616408,184.43676513474645,0,3
0.002838500413049527,31.09952333223432,0,3
0.006473519683690367,68.08883959218494,0,3
0.001064712854506462,60.3732219079038,0,3
0.001234512367418785,13.393763057524234,0,2
0.0008749656848405567,43.48743064233796,0,2
0.0003763765355930777,15.880802728773562,0,2
0.04193210846708828,125.6757633193305,0,3
0.009210851024651408,96.88024267618792,0,3
0.00041094425697743423,31.415756950561008,0,2
0.0006173210074550569,18.712431891980057,0,2
0.001043833424186731,22.656952861346532,0,2
0.00695016836887762,73.10225693751374,0,3
0.001784386265142728,119.87608981720251,0,3
0.0014246809488245135,27.88541743947816,0,2
0.0007398511572032826,16.058858056042446,0,2
0.0021998331744650444,24.102079683264446,0,2
0.0032392228612056163,70.30903396383562,0,3
0.002601589657448936,174.7762810867121,0,3
0.0016253454568470643,35.27897703398316,0,2
0.0018017843415048705,59.85547773823361,0,3
0.0005328098981837703,10.54809693692136,0,2
0.0007830996399820316,29.98733884190412,0,2
0.0038115037850688354,160.82229891210355,0,3
0.0014251975499685247,14.990306990410218,0,2
0.0010675474197356408,32.35983895253488,0,2
0.0002389015250758741,7.3868058391930855,0,2
0.0006579960194084357,13.470830655069271,0,2
0.0018861796081080743,20.665590345333566,0,2
0.002785404640985562,30.220069693342538,0,2
0.0003080823294162508,10.234529507852152,0,2
0.0032647226080835937,162.26281835427602,0,3
0.001376586418521711,92.47986289260653,0,3
0.0006733414451037097,7.082242719048999,0,2
0.0004947381599238841,28.05351376098313,0,2
0.0027602524166990437,162.17219657706,0,3
0.0005549416489459255,23.415165451277513,0,2
0.0037519150114840418,76.81112082919974,0,3
0.0034185657560636606,37.45490576809863,0,3
0.05842886509862584,251.9964157138241,0,3
0.002130357324439633,162.8609885309044,0,3
0.000704391939695269,39.941671320455704,0,2
0.0006039805505478065,34.24796803376936,0,2
0.0008915988134552607,19.352620657292352,0,2
0.00021060591563364694,10.467507820781881,0,2
0.0002828568290376958,21.623763422839602,0,2
0.08993513650519556,218.21077950261162,0,3
0.0014377409963840639,18.09546641248668,0,2
0.002482183781294267,31.240865605832045,0,2
0.003251907538491055,64.37837597018168,0,3
0.003978257197760211,132.15814992521416,0,3
0.0018994102046774662,38.88569604831956,0,3
0.0010584628011558372,40.53185705785712,0,2
0.0020436276249178255,25.72118005909033,0,2
0.00020618217282953956,6.8493948867996535,0,1
0.0016591769424631067,33.96751797801162,0,2
0.0038450287742574345,116.55174243561443,0,3
0.0037299412213648944,73.00649880121948,0,3
0.0008052584439764718,8.469753040267259,0,2
0.0010724403264337071,35.62658782505754,0,2
0.00041208719526542503,23.366893317633178,0,2
0.0012085951663111558,26.233193033551093,0,2
0.0031486395793686776,104.59815967276997,0,3
0.007212961704367107,75.86633183653969,0,3
0.0005059957367373689,33.993082982735594,0,2
0.007015514252905994,73.78956857523491,0,3
0.0005571386797182614,16.888165918077338,0,2
0.005583776800434704,58.73047452705437,0,3
0.00874556122573346,94.88440776617107,0,3
0.0009631686649007465,10.552785629076846,0,2
0.0006158566243855985,12.192182231239066,0,2
0.0012658521536895277,23.375620273645797,0,2
0.0005194839710434266,21.919066904372418,0,2
0.15613667046593593,488.6075996884068,0,3
0.0006130677264733549,13.306957084979175,0,2
0.03848048462275626,105.40149087660201,0,3
0.0012518521777954554,62.21939408544926,0,3
0.0012364222967987772,37.47882825817666,0,2
0.0010049659038287953,10.570287195358576,0,2
0.0008612221833826237,32.97889580418119,0,2
0.00254843694361007,107.52855329947012,0,3
0.0033344042679887553,66.01157291844967,0,3
0.00023808281907207137,18.200891851089434,0,2
0.0005972594962782272,18.467190333842986,0,2
0.0014613907732580372,28.931316012698254,0,2
0.000142744799543,1.7965918285587332,0,1
0.002481335835844232,31.230193330054057,0,2
0.001133881258441328,22.193567089196698,0,2
0.0018244534565942376,19.98929877941083,0,2
0.0011433064916514717,34.656272179825976,0,2
0.0014847987726761551,87.23589081312234,0,3
0.0008668364102452875,9.404686250924946,0,2
0.0001839358228302363,1.9346472008879334,0,1
0.005127720208364417,101.51404845820488,0,3
0.0033347468900943203,165.74315610920857,0,3
0.0005054243913008684,21.32583807306603,0,2
0.0036949750246967027,114.24817434477967,0,3
0.0013569186337303316,26.86306942286908,0,2
0.0023754541030436413,29.89756155255888,0,2
0.0002724317655219194,2.9557310344107495,0,1
0.0016677949605325441,112.04341929267497,0,3
0.0014549357723619308,15.303095265296106,0,2
0.0006495892729268432,7.04767731447126,0,2
0.00024664640512156986,2.6759744141694615,0,1
9.978612454665757e-05,6.703688916653299,0,1
0.002451387162300555,26.596168398669644,0,2
0.0010264797014397028,43.311205938933995,0,2
0.0010600822740386593,19.575809563956682,0,2
0.000839511356396441,8.830027075612264,0,2
0.0008062293357166374,36.92287772976771,0,2
0.0005618770396031241,25.732277794120808,0,2
0.0014983163442997866,84.96017002122257,0,3
0.0036454741750873996,110.5027795773846,0,3
0.0016554760728123472,17.96098188389191,0,2
0.0014415448088380696,28.538423243209373,0,2
0.00032916798159728886,6.7388950789619155,0,2
0.000550728796164919,32.35678666631264,0,2
0.0014939440247451214,63.03535980908698,0,3
0.0068098389341442024,74.61078527504868,0,3
0.0005000505988635967,29.379307315076492,0,2
0.0015927928750852582,90.31734452518228,0,3
0.000278562938892939,11.753663317866863,0,2
0.0012503288097993808,24.7528987988893,0,2
0.00048082422830373847,15.973034746877875,0,2
0.0010467903960164392,47.93985047251428,0,2
0.07652212597660787,220.11216872503903,0,3
0.0005797493484172502,44.32052355734118,0,2
0.0007588819420102637,32.02020656389514,0,2
0.0009478472819505334,29.307321645401085,0,2
0.0001792910166865122,6.865614787935916,0,1
0.0007940387403373508,33.50360982102957,0,2
0.00020617272678842707,12.113197972505143,0,2
0.0005940554540861607,34.90234345775761,0,2
0.0013757020027134774,105.16929977687911,0,3
0.0005133041925932617,39.240942007128155,0,2
0.0008690487339508168,39.799817152961076,0,2
0.002438179435972531,30.687025133329982,0,2
0.00037008155962628864,7.326545882146381,0,2
0.009218512027967892,96.9608215345863,0,3
0.0014206079564423513,29.083411820156066,0,2
0.0005250644104653919,17.44269855597758,0,2
0.0006462803216237936,32.121340469762686,0,2
0.0012835442986755298,42.63948543988508,0,2
0.0016956522794311444,129.62877319441105,0,3
0.0004133091476594954,18.92831536582742,0,2
0.0006191512847767471,12.257406990198188,0,2
0.0005272365925760218,5.776573657359413,0,2
0.0006905929478963051,39.15921660465314,0,2
0.0030601955336187724,33.20139592662301,0,3
0.0002861844406897299,12.075244381205755,0,2
0.0007613287336147099,8.259987454189067,0,2
0.001411992976423834,43.65864956213503,0,2
0.005501285073841077,108.90955373449147,0,3
0.1433100277630568,306.61429618573027,0,3
0.00023634360246617853,13.401570853409282,0,2
0.001300678332036734,39.42657775725146,0,2
0.0009367825565892061,18.335735212901522,0,2
0.0015649440543270496,91.94464001735493,0,3
0.001432468321692441,31.092477485327095,0,2
0.004556221640178352,84.13660839692254,0,3
0.003966141271462367,151.87597609536815,0,3
0.002559475130602187,195.66607212232935,0,3
0.001703790642173695,21.4439780300508,0,2
0.0049975053711700905,54.220115234738934,0,3
0.007648007385760889,80.44216647721038,0,3
0.0018166978094076337,106.73584505749638,0,3
0.0005042612444576112,28.593508458491442,0,2
0.00032364423178977774,5.976515222589882,0,1
0.0007356507379942219,43.221444304260515,0,2
0.0022215572290545586,130.5224165289468,0,3
0.000309420331571357,20.78703483841806,0,2
0.006133774797335727,125.57377116889914,0,3
0.0020257210207772205,22.194450936357665,0,2
0.004672630287964034,144.47715511469056,0,3
0.0030811650689957695,117.98746447378659,0,3
0.000815796281929372,8.58059060515969,0,2
0.0031362766127062867,132.3318152944143,0,3
0.002983395336930166,125.88115444836006,0,3
0.0002479339504031535,11.354628925350104,0,2
0.0005843356438386123,7.354472080363354,0,2
0.0007525977847380797,34.46671406576644,0,2
0.000525223314259019,10.397904489425263,0,2
0.0021441190051338585,66.29589652898831,0,3
0.00040339652712254834,18.474347171105315,0,2
0.0025237151535911656,31.7635811396821,0,2
0.00041866965411216736,28.126466808503956,0,2
0.007717044082484246,84.55041661990136,0,3
0.0012014049587033642,39.91080736122509,0,2
0.0009007662338770847,19.55160433375322,0,2
0.0012554264633398327,27.24969093889565,0,2
0.0007173248051942149,23.82961041415457,0,2
0.00033492456152899437,6.184821306184944,0,2
0.00674675827507516,73.1985228561855,0,3
0.0005428173535489835,20.786177236031588,0,2
0.005630951797229529,122.22276704134472,0,3
0.0025633027557008525,32.2618323032285,0,2
0.004358782312124185,47.29033021352835,0,3
0.00011327047636473923,6.422861878898139,0,1
0.0007494857169495206,31.62374296302351,0,2
0.0028736241106482084,168.83308618489724,0,3
0.0008427768940788148,26.058558145835327,0,2
0.003643181006694437,139.50881565038418,0,3
0.002376825728839633,181.70293937254417,0,3
0.001195142946463649,50.42776998721986,0,3
0.00014060243445995215,8.260768291517698,0,1
0.00018801360045278556,9.344627510731112,0,2
0.0005095979898334875,25.327972996331862,0,2
0.002228011045376279,74.0147766051046,0,3
0.003851372857774389,48.473534777888716,0,3
0.0026178370197743515,28.40205549287842,0,2
0.0009203603806793058,52.1878939122523,0,2
0.001453189091840871,55.647163494278985,0,3
0.0016284159398357232,32.23793185067807,0,2
0.000652363362932346,29.876279140253104,0,2
0.002478524514707929,31.19480992836722,0,2
0.0011054695108838168,36.72382103384121,0,2
0.000577823793181232,32.76478154813666,0,2
0.00014795800528511762,8.389775185225771,0,1
0.0002790464435347351,13.869130034990127,0,2
0.002751998607066347,83.41946228891642,0,3
0.0007656637835669417,43.41601523498056,0,2
0.0015818670542009164,17.162365539334917,0,2
0.00042875042269426304,7.917438891939008,0,2
0.0007240334257648738,35.985815136763904,0,2
0.0021263652966198223,23.297141987742837,0,2
0.001541548405506669,65.04397540651867,0,3
0.006255668404603069,67.87047468214712,0,3
0.0025438326031456643,50.36053755898262,0,3
0.0007138567814732513,32.692492683206204,0,2
0.003081539583680926,118.00180581451984,0,3
0.04202169781252337,187.5696475830893,0,3
0.0019897888195973294,38.94632822644179,0,3
0.001252049586656532,25.63259876368698,0,2
0.0031328484057769166,119.9665813746347,0,3
0.00436979925218716,94.8487884908355,0,3
0.00025636275071225635,9.816932966828364,0,2
0.0008122961038786923,17.631313683381983,0,2
0.0006698473149370026,7.339062592397918,0,2
0.0001226902045793549,2.5117765460194907,0,1
0.0003858231665899689,16.279393153856127,0,2
0.0005529524159602019,27.48276904363905,0,2
0.0007367714169256346,49.496725162844925,0,2
0.0003049403215213889,23.311996366134725,0,2
0.00034703930154320636,10.519566344808638,0,2
0.0004049258457910427,13.451681974402183,0,2
0.000297670284122692,11.39872784689041,0,2
0.0013701828294518778,104.74737149144751,0,3
0.0007018675246033186,41.23659035036515,0,2
0.0021457357969245304,27.006317647595292,0,2
0.0017903688658108294,35.04306226244738,0,2
0.0013206924859971,24.38831893672899,0,2
0.0012518218945134676,13.715363238012703,0,2
0.0023644134169058676,25.905273745270676,0,2
0.002479607917352661,26.080653799740965,0,2
0.00014388136075136533,6.070919120500988,0,1
0.001206188166314123,13.086461447267611,0,2
0.0006584471852193943,32.72605634138558,0,2
0.002391623936882624,48.962547027747064,0,3
0.0008017382673054156,8.698408108208124,0,2
0.0006199006572150172,28.389584894734313,0,2
0.0012026764997606887,22.20899896445458,0,2
0.0003719443475421336,21.090642924528947,0,2
0.0012447516425979075,13.50485341939457,0,2
0.0007460876925451952,22.615648849780865,0,2
0.00017096881658741395,6.546931670820047,0,1
0.0017911353266579764,36.66903743188884,0,2
0.00045432397408479727,13.771613664993282,0,2
0.0029037205799734072,170.6013340850362,0,3
0.0005813933511756787,39.058337842050875,0,2
0.004192789616075777,139.28494090281353,0,3
0.0008586427673121844,17.578573381129782,0,2
0.0022111953994282435,101.26609607568156,0,3
0.0026142646587860026,56.74398785165053,0,3
0.0017453953971070936,102.54663802915867,0,3
0.0006288689292146952,19.062476191155927,0,2
0.0003843446596838616,14.717761257406194,0,2
0.0018876867053841014,144.30936977033514,0,3
0.004271484905554445,92.71482394664878,0,3
0.0006040123313390695,12.365649014650987,0,2
0.004035380677457708,82.61437475509838,0,3
0.006691458716351592,73.31377354012315,0,3
0.004606175233876835,139.62385745105348,0,3
0.0010359154568125779,79.19338854354737,0,3
0.005601511013247223,121.583739357969,0,3
0.0007186930383096986,9.045499688976738,0,2
0.0014979958805886688,15.756003875315363,0,2
0.003955162887189023,151.45557936379902,0,3
0.0009799408487873224,32.55374481187141,0,2
0.00016204610246985923,12.388057220759132,0,2
0.0019552107392500585,110.86780002499162,0,3
7.926983810976875e-05,2.6333529052260447,0,1
0.0032641731194363545,162.23550774101477,0,3
0.005659381132887673,110.77161203698984,0,3
0.0016468223998577357,81.85015268011603,0,3
0.0005461117909494202,23.042599098955304,0,2
0.0007871371578160694,16.114674013963903,0,2
0.0018463389603539833,108.47734178763613,0,3
0.001965036377496334,97.66598239977269,0,3
0.0002863335369242776,5.861966445088373,0,1
0.0017205769926155415,34.06245448406759,0,2
0.00041130866815834515,5.17674755643941,0,1
0.004591854130750848,141.97956624588596,0,3
0.0003839245201835761,29.350159318835036,0,2
0.0009585890919595082,40.446634759988775,0,2
0.0005832356527093428,24.60900047998346,0,2
0.0015181362050510339,31.080059949234723,0,2
0.0019823247816692594,43.027400822264646,0,3
0.0006619648531153654,13.104991974243458,0,2
0.0004111346350919655,24.15525712735631,0,2
0.000750144408570394,44.072986134124406,0,2
0.001871032610825942,36.62190151332243,0,2
0.004296874977225378,130.24824910974218,0,3
0.0007542791444864247,34.54371528323357,0,2
0.0007680817328760613,8.333253688227124,0,2
0.002348830687291199,138.00007189239292,0,3
0.01657362590704696,152.3856659253124,0,3
0.0022730261728228915,173.76769859954274,0,3
0.0026741367205213615,151.63360614721537,0,3
0.0008626834452082685,39.508306080932336,0,2
0.0006176024006673016,41.49088249555173,0,2
0.0003015934489576197,11.54895812057604,0,2
0.0009341187047791595,10.134661206815798,0,2
0.001595268911111929,31.224352056705552,0,2
0.0005921488737271568,18.309170511700078,0,2
0.0008580766439631638,50.414293033893436,0,2
0.0021516627478968347,90.78709326115847,0,3
0.0006862577212767453,12.67264889953109,0,2
0.0026106195558712408,80.72003631243786,0,3
0.002519135191396568,148.00591605021216,0,3
0.00023669081279557315,9.063632827400363,0,2
0.003016968916621728,115.52919265842596,0,3
0.020835732902391536,217.3623588725023,0,3
0.0012052524012833522,23.590521342655745,0,2
0.0004275612960986288,21.250595916599305,0,2
0.0006161739479477587,6.480951808704653,0,2
0.0004181625172467338,23.71138691568365,0,2
0.002512310975472298,168.7784881713217,0,3
0.003760160937116967,113.97920140245306,0,3
0.0007216019024358678,7.828973737454731,0,2
0.0015892331630332928,32.53559319384405,0,2
0.0002706766862226622,12.396177795756456,0,2
0.004958499266189964,98.16396260601292,0,3
0.005732619318496602,117.36111127066238,0,3
0.000999243242780678,49.66425765962266,0,2
8.176778109945326e-05,6.250961520428687,0,1
0.000280346385848105,12.839020943651152,0,2
0.0011199353231181337,47.25446528540572,0,2
0.0019049371863641478,35.17716360777871,0,2
0.002556850853701403,107.88356917772495,0,3
0.006108601913835594,112.80334620792465,0,3
0.0003470712597950254,7.5333640315558,0,2
0.0021965843598427295,167.92389526935804,0,3
0.00033781245936253916,11.222167756316775,0,2
0.0003300838087978986,10.20615086269135,0,2
0.0023865668403953142,135.3273127523386,0,3
0.000998564082555832,49.630502126480344,0,2
0.0011271114580979648,34.16536314109479,0,2
0.0007828341304234571,44.38963845800872,0,2
0.0016610204046042481,36.053320517279126,0,2
0.00029978697730857306,13.729341538164363,0,2
0.001084766978669012,45.77057485208208,0,2
0.004270085767283747,92.68445491543059,0,3
0.004745344016251402,92.88107551117366,0,3
0.002434302963837797,111.48375122210199,0,3
0.0021788136386943196,23.871782889883992,0,2
0.002417121826457455,80.29705794495145,0,3
0.0003290222752187564,13.882740691812176,0,2
0.002691663904352324,29.203035560319993,0,2
0.0004411760525144621,9.57595799651936,0,2
0.0065937040820709,121.7613939906296,0,3
0.0035960826100937394,164.6897633669113,0,3
0.0009617149561361143,29.736108429485206,0,2
0.0012938560713179354,14.037608781518884,0,2
0.0006502508790166688,29.779533733122364,0,2
0.07555325846432502,223.71309774399978,0,3
0.0059867282679591455,110.55278949080001,0,3
0.0030063861737149524,126.85122805556115,0,3
0.00027271027264947365,20.848082186357317,0,2
0.00027165053815520043,5.01638347617406,0,1
0.0007384832421405808,33.8203104837437,0,2
0.007168392596913221,90.22167956203323,0,3
0.002620759994668361,130.2566723163811,0,3
0.00011243867004550175,6.3756953332110395,0,1
0.00072504498751708,22.418302042098208,0,2
0.001943089144905339,130.537840044892,0,3
0.09944405377316369,227.81663632877482,0,3
0.008811527015667507,92.68013057001554,0,3
0.0025677994168270156,32.31842746228807,0,2
0.0021265897969232218,105.69548943539954,0,3
0.0004268969406167649,24.2066615600392,0,2
0.0013945010352549667,81.93065773554567,0,3
0.0023766990683350394,118.12638790601684,0,3
0.000898619445700753,18.39699636370151,0,2
0.003198176088500176,65.47469471321453,0,3
0.0016296005825755955,33.36201562893017,0,2
0.0006248407446360872,26.364482543603554,0,2
0.0002527602388771974,5.003922619614145,0,1
0.000479950434935164,36.69112283777972,0,2
0.0016637542750998287,55.27010346418842,0,3
0.00037047717260069185,15.631885458306957,0,2
0.0012474373205763308,24.695655664479144,0,2
0.003337930802427387,152.86718732319693,0,3
0.00037292510946397074,25.053322136850916,0,2
0.006921884520677223,75.83839275279924,0,3
0.002899431907595352,122.33840793894663,0,3
0.002002388057957621,84.48860842179938,0,3
0.0008638633692527807,18.75060826975677,0,2
0.0009788761540307095,37.48423497660189,0,2
0.0009882600126478052,41.698567316011264,0,2
0.002965212789248419,98.50470114961011,0,3
0.0009470583919685715,43.372424768597256,0,2
0.0013978984507487897,28.618491218154045,0,2
0.0008046086532168146,15.928927182748094,0,2
0.001321751333814609,40.06534932952258,0,2
0.0007962344022313691,17.282686010935166,0,2
0.0008976207028286565,52.73761203508054,0,2
0.0001364427116668207,2.519593625317168,0,1
0.0011460536494219018,43.885985079758086,0,2
0.0005811853352148693,39.04436321083535,0,2
0.0007227049884855751,33.09771394119145,0,2
0.00012622399841121605,5.78067933456809,0,1
0.0007703465460121717,23.35099097777636,0,2
0.0003640998168200541,7.454037455020218,0,2
0.0009483906826678746,43.43343967392459,0,2
0.0019705265483167768,83.14424632321678,0,3
3.994243279080029e-05,2.264886112921335,0,1
0.00047958461878038524,28.17687636161828,0,2
0.004850973779062846,99.31161338739743,0,3
0.0035563992184693195,72.80842163284174,0,3
0.0018979983390875707,57.53273292558919,0,3
0.0003556983310674227,16.28991330985361,0,2
0.0004517924577328862,26.544012722978184,0,2
0.0018119992991846047,106.45979504159979,0,3
0.0006023863250551161,11.123853564955112,0,2
0.0007427511826639522,15.205981655502779,0,2
9.181575506450863e-05,7.019106354118572,0,1
0.0007994518069798848,8.673601302987839,0,2
0.0025172776665258623,46.484833702364575,0,3
0.0003296720113602094,13.91015560882317,0,2
0.0003568776845696542,16.3439241517245,0,2
0.0035844433165716444,164.1567187448185,0,3
0.00031778465953497155,3.999650595956486,0,1
0.006529912240457538,71.543818400004,0,3
0.002573612453827895,196.74683843758837,0,3
0.0009585171468348282,18.975870784269574,0,2
0.0005899908446716573,34.66353680623908,0,2
0.0018982217928525229,37.579308393176866,0,2
0.0027132689025849556,182.2789566464637,0,3
0.00036759472429063133,11.365983766676349,0,2
0.0007583152926611965,57.97148523588166,0,2
0.0010988327206251757,73.82021061522144,0,3
0.002620319539058008,28.709063514031673,0,2
0.0008365737331599534,56.20150184633563,0,2
0.00014220435099243048,5.445450157659278,0,1
0.12839804211164596,363.00457225188853,0,3
0.000200023489984487,9.160473994925889,0,2
0.0017381247671242562,37.726911213401046,0,2
0.0007449517488019037,56.94987259924429,0,2
0.0012456479591444966,38.51528204043572,0,2
0.00023590572702175545,7.150849876340907,0,1
0.0009727479805085143,41.0440538194717,0,2
0.0008601763065629918,32.93884590379059,0,2
0.0007871289904929937,17.08504826552549,0,2
0.00137024315873707,104.75198352855091,0,3
0.0006442190539228819,19.527774082636242,0,2
0.002181833914846573,43.19400918135064,0,3
0.0014426354253286474,43.729626588781436,0,3
0.0051894227317313465,65.31428468577563,0,3
0.0008863525362380965,50.25952127133933,0,2
0.001267206720432192,38.41197555693609,0,2
0.0008677091716775597,17.76418544298717,0,2
0.0006737245123041254,51.50471182115558,0,2
0.0005828210661646091,10.762555398303467,0,2
0.005726998566699951,105.75653990294217,0,3
0.0073636268046902605,77.45103573014019,0,3
0.0006184228413556964,47.27702443052452,0,2
0.0027724141214473,56.75827821772449,0,3
0.006422503915904864,118.59995838109326,0,3
0.0019557828320810816,60.472565169359314,0,3
0.0015984598272129804,31.286808164906894,0,2
0.00038442466424570175,8.344139299179716,0,2
0.0030672868078159984,117.45602236950496,0,3
0.0044546773295648864,137.73807638649527,0,3
0.001513219325989717,29.618387623927347,0,2
0.0006829274597581319,21.11603325212976,0,2
0.0005221055492104866,11.332575239508035,0,2
0.0017187841363640655,37.30711266193795,0,2
0.000550398026105627,36.97605417702069,0,2
0.0008867931153519005,40.61245643044434,0,2
0.00525975197600896,107.68032946488417,0,3
0.0006216252978734724,41.76114303063477,0,2
0.0011841194395299972,90.52324708543533,0,3
0.003571416040650709,37.56435228296025,0,3
0.0010567578407285896,48.39632944950141,0,2
0.00026288500756194204,5.145473574622838,0,1
0.0012324356451908893,22.758540616074022,0,2
0.00044378266165335465,9.085345361454937,0,2
0.002579397443773452,27.985007768954663,0,2
0.0029347164921342365,57.44148857834163,0,3
0.0006710811673791905,7.352581076537624,0,2
0.007315214422801393,92.06958500930175,0,3
0.0005158308747840362,23.62350199271849,0,2
0.0037232884664869237,123.68806009974286,0,3
0.005064165796421072,109.92037912653592,0,3
0.002201584290772977,124.83810670004948,0,3
0.0010686499834350104,33.042526351325115,0,2
0.004619022772939738,48.58313808046591,0,3
0.00038146239809298447,4.179424704440172,0,1
0.0005361997857217363,20.532769829600518,0,2
0.001288029891346208,25.21073312895044,0,2
0.0030186689893009952,177.354859929599,0,3
0.0029921844845343247,58.56631512902123,0,3
0.0026214000665744502,28.44071254149364,0,2
0.0004613095718717833,15.324755673336483,0,2
0.0008603237193448807,18.67377830891178,0,2
0.001644540727200155,30.368601460707993,0,2
0.0014705592066180133,29.11282450976333,0,2
0.0016175110314997432,74.07713834864248,0,3
0.008753921122455197,94.97510793154115,0,3
0.0020253030406414394,100.66134825122948,0,3
0.0007819021101448168,16.971596081569214,0,2
0.006584380490420827,72.1405900625381,0,3
0.0013745062913797237,29.834381166399247,0,2
0.00017705098199608655,10.402217740205122,0,2
0.002100874361378777,88.64413196859267,0,3
0.0016363701006998604,32.02882959945943,0,2
0.002920305325404872,59.785982497269885,0,3
0.0013286044231773848,26.30252984088505,0,2
0.0024011766690287153,47.536362132020784,0,3
0.000779153422435984,9.80645653238234,0,2
0.0018692949621726342,20.280796263153757,0,2
0.00019005285081042655,10.776711192734057,0,2
0.0009930379725090546,30.704612252017487,0,2
0.0005286112830475128,20.242182285721874,0,2
0.0011301418586568332,37.543439191719266,0,2
0.00033452732310692424,14.11502026095876,0,2
0.0022496970149360855,28.314777748170158,0,2
0.0006161363661301888,25.997210663301747,0,2
0.0033682795329199834,73.1102768247383,0,3
0.003989099216636493,123.34245826690521,0,3
0.00023060872117057398,2.501974586788041,0,1
0.0009213535933308618,38.87552298146821,0,2
0.0006724514039121072,13.766768671347755,0,2
0.01744022103775803,82.94925945607166,0,3
0.0005107391671132066,39.044851623371244,0,2
0.0030622394735831918,173.64049141632535,0,3
0.00034753583973293407,23.347656475706923,0,2
0.001323838641032169,28.73461319679802,0,2
0.009120827203650613,95.93336712670255,0,3
0.0010113582793466794,46.3171661399707,0,2
0.0002549723777611534,7.883714632130806,0,2
0.0004896965675649098,5.312931623164802,0,2
0.0004622975251947539,9.15215563013286,0,2
0.001590980982711177,31.140424021095743,0,2
0.0012514563418333177,37.93454504145862,0,2
0.0014297122803854985,43.33789608445955,0,2
0.0009213882525640829,45.79471906415072,0,2
0.00043146595450385515,28.986129587268493,0,2
0.000417818242924468,31.9412575948137,0,2
0.00017441673433008805,10.247448659037591,0,2
0.0024883839176410463,141.1007238392369,0,3
0.00046518277369786643,21.30397135695057,0,2
0.00036460842943228014,11.052127370685788,0,2
0.0010020577874474085,18.50431131577896,0,2
0.0012291643754225486,37.258823823223246,0,2
0.0010927486831792958,33.78765519021182,0,2
0.0006467479282953964,12.803740817630155,0,2
0.002033281162708433,25.590959066666105,0,2
0.00046879819359851296,19.78043509118348,0,2
0.0008910322280736674,52.35052155862809,0,2
0.0008514780043782965,32.605760659404936,0,2
0.0050061658907166445,97.98616718296967,0,3
0.0007812279004444882,9.832565996618763,0,2
0.00033033357946668724,10.973718528070512,0,2
0.0004513639522726512,9.240553416013116,0,2
0.0007941650147506736,15.544268329287297,0,2
0.0003922149165283813,8.513230817670019,0,2
0.0026193221555288167,119.95707350129649,0,3
0.0007812532669628484,16.957512599427684,0,2
0.001879062648224922,23.649958597152818,0,2
0.001427601726651689,43.273920304401315,0,2
0.00017940993098339338,10.173217623791144,0,2
0.0009116813583832049,53.56371307670972,0,2
0.00046987715407526925,9.619565141023855,0,2
0.0016224650918468565,32.120122249810265,0,2
0.005633658353522992,61.122016373070544,0,3
0.0032487265192146257,137.07651804086467,0,3
0.0007195424513979252,32.952879258266705,0,2
0.0016019333482751935,107.61879851370007,0,3
0.00039935190909933465,8.175736297146946,0,2
0.0002181511205019674,12.81696057343161,0,2
0.026174273939426337,274.76012304783717,0,3
0.0010136103844968758,33.67225056125352,0,2
0.0008706813974327405,49.370908781463946,0,2
0.003171456166748493,105.35612926242372,0,3
0.00042043989388076275,20.896648910000895,0,2
0.0010734481820653472,72.11486279686507,0,3
0.005135210993673601,94.82840619522065,0,3
0.0014568616599644794,15.96184484511907,0,2
0.0007836414910494925,35.888422408090975,0,2
0.0002915793308053216,13.353456024125935,0,2
0.0006216798527801711,28.471066698235212,0,2
0.0006219354476777385,6.541551582875939,0,2
0.0028003976990608765,60.78410327785719,0,3
0.002403633645127252,72.85971210203796,0,3
0.009580797257575636,100.7713577020329,0,3
0.0038719443233463974,84.04258570678252,0,3
0.0009615445676247284,10.113579169410068,0,2
0.004505538921722003,136.5733373580783,0,3
0.0008649626102779091,26.74453776825131,0,2
0.002364329706742695,25.904356589803392,0,2
0.000769578771304968,45.21480681497008,0,2
0.0025527986539299876,78.93222111974953,0,3
0.0012989661139752428,16.348840121769992,0,2
0.0007970912472556099,24.64596355225212,0,2
0.0003960357315845284,18.13724488320289,0,2
0.0018569226123412489,19.531215175780073,0,2
0.0032668713406278057,125.09873947402073,0,3
0.005936982437963981,116.20512912036475,0,3
0.0013799852893090752,68.58784932486921,0,3
0.0008093965217897,47.554205929268676,0,2
0.0011844252690605586,35.90267771674599,0,2
0.0031560500033262803,144.5375939815787,0,3
0.00017600932336025844,10.341017515170007,0,2
0.001546862767128455,51.38695447016093,0,3
0.0013211408205708465,14.474843683524007,0,2
0.003675133900410797,71.93374982903349,0,3
0.001353882641747796,51.84440837081091,0,3
0.0017820354032098626,119.71815756804934,0,3
0.0002093413636180799,12.299363843318616,0,2
0.0018921957298557199,34.94187590201774,0,2
0.006222640930154401,123.19031601827413,0,3
0.0009499286120829911,20.61869958070869,0,2
0.000961662240466829,31.946527395108095,0,2
0.006925240361242584,75.87516042120677,0,3
0.001275866604755269,39.44963885452163,0,2
0.00241490108978033,44.594315938544995,0,3
0.002297189395384498,28.912518772050458,0,2
0.00029976138325224115,14.898701273991819,0,2
0.0003219371138875666,10.694787000598614,0,2
0.0010314261071417822,20.188202544124337,0,2
0.0005129309654428555,19.641733794683972,0,2
0.04769829456969203,153.25821837321485,0,3
0.008571558063869835,92.99657157856417,0,3
0.0028710226099262263,109.94045129250873,0,3
0.0002587135248873928,9.906951475497621,0,2
0.004367521178174442,94.79934169757821,0,3
0.00045229909762762975,26.573779169012994,0,2
0.00010054741708894826,4.242490019100624,0,1
0.07373553865449713,192.83651355887056,0,3
0.00044595968172242347,13.789018634124073,0,2
0.0003295470876135224,7.152992667839623,0,2
0.13099107679491237,558.5751141689578,0,3
0.0008711108798461152,26.40539170484976,0,2
0.0007895552079150124,9.937373825718927,0,2
0.00019501537680976594,2.0511825650370215,0,1
0.0009835469891628285,12.378962241641508,0,2
0.0018956955517564185,38.809647776041594,0,3
0.0011335766740866837,37.65754414521478,0,2
0.002731653388069585,125.10150596064155,0,3
0.0005167926850039564,19.789611136312935,0,2
0.0014912985984367254,27.538784565063125,0,2
0.0010962619669096208,36.417945391192994,0,2
0.0006687508568336534,33.238168087537275,0,2
0.002088731801547891,159.67881165921548,0,3
0.00040193896970661786,13.352457616159157,0,2
0.002035368181016223,119.58331301931989,0,3
0.001678937101819503,50.89247861211512,0,3
0.002168654271587831,40.04704547028054,0,3
0.0003411867417726478,13.065109357139267,0,2
0.0007295952226439047,14.280437568889198,0,2
0.00013709534763469854,2.714091876635826,0,1
0.0035552923720759506,109.92920386652402,0,3
0.0006901246988197717,26.427037033435965,0,2
0.0008066772631271186,24.94236198667722,0,2
0.0002958594725835276,8.968186994218659,0,2
0.0015607217362042462,65.85297345413065,0,3
9.36765768759254e-05,7.161361963640283,0,1
0.00021904968441710992,10.031816452434068,0,2
0.00025875866974646395,19.781513768792685,0,2
0.001283548023348202,14.062964908035811,0,2
0.0004166413439945953,13.840872137598618,0,2
0.0007070314147877232,23.487662831342227,0,2
0.005683307142693243,116.351567215856,0,3
0.0006617534292539561,25.340612228203476,0,2
0.0008806086212763434,43.767895134971305,0,2
0.0006709289539357431,38.044194215328275,0,2
0.003406072522913643,66.66738557074838,0,3
0.0005263799048188096,9.720295327427465,0,2
0.0007504559594779561,8.222236824170496,0,2
9.687545369550784e-05,1.219278383902458,0,1
0.004019221767601392,78.66861479679079,0,3
0.0013617204050277833,26.65308465125848,0,2
0.0005819325933130336,44.48742768082003,0,2
0.0010344004495091105,22.45220519025175,0,2
0.0014401994669613278,65.95680220172419,0,3
0.0009952242497564532,19.70256539187858,0,2
0.0020006847623516826,21.70630150572428,0,2
0.0009191886083664333,38.78417377162261,0,2
0.004267279422841296,92.62354173496327,0,3
0.0014881717098056402,16.145823886498036,0,2
0.0003915862665437034,26.30698934214294,0,2
0.0010555271218277748,11.102092894596902,0,2
0.0010072669072326186,19.94097522410906,0,2
0.002038125939644987,22.11251716665751,0,2
0.0002158323913775961,12.238508067598492,0,2
0.0017843111245687783,119.87104183047022,0,3
0.0010700545259292639,33.085954632892815,0,2
0.0007695525094760406,23.794469159449385,0,2
0.0017258285999952206,85.77690856131339,0,3
0.002425422099052669,25.510724353215174,0,2
0.028160772345475253,66.68422358723382,0,3
0.0011436701365990399,21.119369077603004,0,2
0.008201313431556221,86.2618701991998,0,3
0.0012521645509410595,41.59704670363586,0,2
0.004010861723046872,50.48086809589399,0,3
0.001286442404610012,86.42393648291876,0,3
0.0006962388622735088,7.323079024633696,0,2
0.004314380625472695,133.40011951209442,0,3
0.0007501393681479479,50.394791771349006,0,2
0.002427556456331956,137.65157808677915,0,3
0.0006100321573188687,40.98230921783585,0,2
0.00033251263552376163,19.5360048111119,0,2
0.001303394677683465,99.64156867875884,0,3
0.0030777467966627593,174.51981493864187,0,3
0.0005278159422487681,9.746813642037598,0,2
0.00274197940452151,104.99898263622707,0,3
0.000860202299064341,48.77670450515379,0,2
0.05702046532948958,185.13332350684624,0,3
0.000910676066984513,38.42499625224357,0,2
0.0007894783916876341,9.9364070135699,0,2
0.006638011543553966,72.01868214035655,0,3
0.0007024345755817056,12.9713757313753,0,2
0.0009205822949313735,42.15989918765075,0,2
0.003899962498656237,42.31239396122795,0,3
0.0015485938706509951,30.31077699392987,0,2
0.00031487589646330685,12.057584652458987,0,2
0.0010672815583768524,48.87828405320486,0,2
0.0002480407755687004,9.498258463965048,0,2
0.0006135301313217129,6.6564559614388426,0,2
0.0015909364159196013,17.260762999861807,0,2
0.00032501742761738327,3.56099545629808,0,1
0.0009748515943128248,29.55001343396689,0,2
0.0009869146374747776,45.197720890184264,0,2
7.093214711195603e-05,1.4521591522767359,0,1
0.0023108689618059107,176.66069403830656,0,3
0.0013542657063616442,27.725219384711064,0,2
0.000633967341139501,24.27659585424845,0,2
0.002093906617916856,22.9415142657895,0,2
0.00012872815203736506,8.648030875982649,0,1
0.07898894535931562,190.8378462524403,0,3
0.0011660449833322964,66.11913459610763,0,3
0.002004850404071344,76.77200361833299,0,3
0.004158221240276186,82.32076933463887,0,3
0.0007547364614303539,25.072429826783264,0,2
0.0006140454676321288,12.571052506399374,0,2
0.001170248941023997,58.16356062732255,0,3
0.0010358869532957977,43.70813480356451,0,2
0.0009641307546154566,10.140780827823301,0,2
0.0006007385122586046,23.004159883017568,0,2
0.005274104512393005,103.2305556334283,0,3
0.001452173183872755,31.520181871116943,0,2
0.001334273421802098,27.315927121892013,0,2
0.006582235217608049,69.23231561632518,0,3
0.0007856856044331725,8.524245767977632,0,2
0.0015455924894478717,30.59826677253414,0,2
0.0035490074963833826,70.2600969488761,0,3
0.001095994874290569,41.96907773459776,0,2
0.1266639556041777,360.51420117063753,0,3
0.0015953135001967205,121.9581009618076,0,3
0.002683159301421091,52.51773545401839,0,3
0.00021811478008392404,2.3664223712042105,0,1
0.0008197057910879389,55.06830385083636,0,2
0.0002366135532387242,7.316062030750671,0,2
0.000925773755745895,11.65182598589993,0,2
0.024375243798337744,216.660418284786,0,3
0.009092520781633272,95.63563860769868,0,3
0.0016084705485823316,31.482748978522032,0,2
0.000974061696049219,44.60909484583184,0,2
9.275177501408005e-05,1.8988617215269117,0,1
0.0014285638155984196,28.281437073290054,0,2
0.0004567284373831645,19.271164721450415,0,2
0.0005876379707569848,39.47785495694136,0,2
0.0008225636156308908,16.284383574770924,0,2
0.0010259578055886128,46.98578051365172,0,2
0.0004118689349342498,7.605700079169997,0,2
0.0029937043276170223,92.56497044560827,0,3
0.0013301808310220932,28.872273762468613,0,2
0.0009948586877195505,30.15647485065065,0,2
0.0016020169838881274,94.1227735764794,0,3
0.0021017126496830187,26.452240533369405,0,2
0.0004422872302359348,13.406752034248523,0,2
0.0012060194955688954,22.270731766631567,0,2
0.0002683764134446465,8.135111712300581,0,2
0.00043576248063639567,24.70937101139327,0,2
0.00033377362090631035,25.516236747109787,0,2
0.005473167693551017,59.38078321142565,0,3
0.001127746959502489,22.326132246604214,0,2
0.000373265085845037,28.535269725601474,0,2
0.0029944314975174826,58.61029613057739,0,3
0.0476422664282015,133.8217065886727,0,3
0.0008839814319721749,50.125070744695115,0,2
0.002279160502535738,153.1153060561922,0,3
0.0036306940609237208,39.779051692507785,0,3
0.0008277273686312866,37.90742295229122,0,2
0.0005046033010473621,10.330496562135904,0,2
0.0018318448269911242,91.04611328365272,0,3
0.0008244943909160102,37.759362300568455,0,2
0.0007849546344760374,15.53983438326282,0,2
0.005536439916527428,109.60551807322071,0,3
0.002864545237645064,168.2996781645087,0,3
0.0018441373830762973,37.75412260766775,0,2
0.0019607160181930577,65.135205848183,0,3
0.0003381289522942085,19.173182876436634,0,2
0.005829897577377185,119.3526414823169,0,3
0.0008261076601933028,46.84341029374391,0,2
0.0009709136893084555,19.221286517235896,0,2
0.0007543820243933467,8.265252053930102,0,2
0.0016776537088818012,98.56663304379147,0,3
0.0007479942697313655,57.18246642776009,0,2
0.0031276811849889293,57.756735258720894,0,3
0.004114508551574891,75.97979687750538,0,3
0.03829940792340322,360.90812757485435,0,3
0.0018460360926060388,61.325525868800455,0,3
0.00890923319367263,96.6601563253528,0,3
0.006063553905773305,120.04085246607974,0,3
0.0010863405988257638,36.08835643162853,0,2
0.00019238771242520525,9.562029054949482,0,2
0.0006081634905146892,34.48515645671285,0,2
0.000748474304039988,7.872494302450102,0,2
0.0010891751416573384,54.13404119821389,0,3
0.000639199378982137,42.94177985047074,0,2
0.0007242336679199005,55.36602227789324,0,2
0.0026935524372729554,28.330934143397165,0,2
0.0014150990905672214,27.69787080486431,0,2
0.0006771935707337868,38.399421541189376,0,2
0.0008200407382415807,34.600736129980724,0,2
0.0003377653686533643,6.237280535658457,0,2
0.03699994829119024,192.7983916838436,0,3
0.0003210292324373804,21.56692743795178,0,2
0.004818779220963149,50.68418749586168,0,3
0.001043239658211482,13.130256591985708,0,2
0.0032943871825704824,109.4399113840543,0,3
0.00030438729367869723,10.11178000657366,0,2
0.0012274161471367536,72.11397461010623,0,3
0.0005085125117610516,25.27402270638714,0,2
0.0011999874603814628,12.621534759274677,0,2
0.0008680740870064225,51.00166949579623,0,2
0.0002585028881313081,14.65808566406369,0,2
0.0005288724776724123,5.794496940544491,0,2
0.000626638482785414,42.09793166015613,0,2
0.0016660853159637652,32.98367668820152,0,2
0.0005198968749667176,15.759280416803648,0,2
0.0009280880722876777,18.16555723419748,0,2
0.0016096208767915462,31.505264463362916,0,2
0.005977585823455543,116.9998630955909,0,3
0.002054044253420908,94.06904643723836,0,3
0.0007919775332848021,36.27018806033052,0,2
0.002472215490127779,94.66887712318044,0,3
0.0006098496165921484,7.675591974817128,0,2
0.03847952667540762,229.12902443308587,0,3
0.0007813337750107214,15.995864196439982,0,2
0.001577987703503995,29.139612589100828,0,2
0.0002388360014823227,14.032252538842112,0,2
0.0011450640442976616,64.92943646969461,0,3
0.0013935037032317117,69.2597397750212,0,3
0.0011619804453014385,25.22139602447864,0,2
0.0009419637340823893,39.74514568249953,0,2
0.001829059750932528,20.039766821476356,0,2
0.0051969560254826385,65.40909902604606,0,3
0.0027848337569986586,106.64001006488499,0,3
0.001396156860279813,30.304318138740253,0,2
0.0006194262764582994,28.36785968343066,0,2
0.0008154479191867477,10.263260538502584,0,2
0.003009791451091997,55.57974670148396,0,3
0.0010132133518382486,38.79911386680262,0,2
0.003527224791359389,106.91836642351973,0,3
0.0005635617943173533,28.01007498655613,0,2
0.002697777038782442,55.2302697320947,0,3
0.0004889890448131511,10.01083353176527,0,2
0.0008922633139673696,52.42285114064343,0,2
0.0009251113047128645,9.730372086487966,0,2
0.0029799280784553127,58.32641931227503,0,3
0.0023468177432492314,25.461649167594764,0,2
0.0001840005441439137,10.810523064726755,0,2
0.0004606460115283874,19.43646254501849,0,2
0.0006915923695055374,46.46157091839436,0,2
0.0005511749127172136,37.028245863903514,0,2
0.0009837510785345518,20.13985464166595,0,2
0.0016509987257173116,32.3151570859846,0,2
0.00029050925012290345,17.068193812045333,0,2
0.13459667805059242,390.38006130957905,0,3
0.0008249464807201126,55.42037637757725,0,2
0.000197783377990355,11.620301339500292,0,2
0.005079057176318232,93.79145230800017,0,3
0.001148110241652705,34.80188498683987,0,2
0.0037997021632329895,160.3243421838518,0,3
0.0010370768264194351,22.510297357154407,0,2
0.024943685916023008,262.52115304596435,0,3
0.0005388519447647448,20.634329309167057,0,2
0.0027013937767401005,29.59733893398432,0,2
0.0008672615097636827,10.915388488079953,0,2
0.001274695263239514,27.667930363794248,0,2
0.00014204831521904334,10.85927171480873,0,2
0.0035728532848853154,118.69058650871273,0,3
0.019653518776792483,115.35610255585287,0,3
0.0007612194849974437,25.287796596189356,0,2
0.0015878762015863448,52.74942535894243,0,3
0.0016182145534854111,80.42828922135668,0,3
0.00046891430653397216,14.498772816482608,0,2
0.00033162906735418604,12.699116057316543,0,2
0.0017302911719920377,34.25476717584604,0,2
0.000630747198509795,37.05808137267659,0,2
0.002300062408860184,25.20022340708191,0,2
0.0013202656653668505,100.93131744535677,0,3
0.000655144165458528,25.087522809169165,0,2
0.0003475502129544912,10.535053254975388,0,2
0.0031953668308175353,134.82506343366467,0,3
0.00498608029149033,108.22549221893506,0,3
0.0012936600215236265,42.975530886497566,0,2
0.0011982383769134346,26.0083934786203,0,2
0.0009983142322588258,42.122794288563604,0,2
0.002174731291291176,27.37125611408173,0,2
0.0007156699876572529,35.57013662395123,0,2
0.0007882825379372408,15.429130044005973,0,2
0.00140765952010063,42.669425758847304,0,2
0.0014207436750931978,59.94674985983055,0,3
0.0016007841305836965,32.77207050249644,0,2
0.0022233850873204426,67.39596014664525,0,3
0.0038116995048704367,145.96191695183342,0,3
0.00037055248170767495,24.8939276472314,0,2
0.0022001869661273034,27.69164226858579,0,2
0.0019678987084603473,36.339830691831,0,2
0.003349049877810304,35.225492631306466,0,3
0.00010027006962980564,3.100338248583847,0,1
0.0004493888500411301,18.961478735033158,0,2
0.001034779151558441,47.38977161671227,0,2
0.009209565566296827,99.91859321395465,0,3
0.0005015296380254405,9.26140255818306,0,2
0.0010446439925874589,13.147931601320703,0,2
0.00014180600320174916,4.710811317574789,0,1
0.0008411418999764174,10.586646021389894,0,2
0.005535371031379151,108.344350375261,0,3
0.0008853514267547999,29.411473611972248,0,2
0.004647442643122217,95.14481999591912,0,3
0.0009119767861961214,51.71251258481093,0,2
0.003291218420633607,60.77666480569809,0,3
0.0004101585956700858,8.396976305358361,0,2
0.00023026565500118348,11.444633629261995,0,2
0.0003941103758431437,22.347540067988422,0,2
0.0006862789758027231,34.10934837627851,0,2
0.0006220186766605351,47.551917888829415,0,2
0.0015028152476214006,16.30469801445698,0,2
0.0038868739840333334,76.94887746068189,0,3
0.0017738440843919148,32.7563575418684,0,2
0.11591588208514793,308.0948878754429,0,3
0.04843392287516278,211.832458885671,0,3
0.0006641902288948313,22.06447383506657,0,2
0.00013247299459336845,7.783142001933058,0,1
0.0003829390655581192,22.498692163448652,0,2
0.0005101871177254763,16.948473223962843,0,2
0.0025859761017682707,85.90641589310118,0,3
0.0008403229446769662,25.982682331459916,0,2
0.00039559927353312454,16.69188546179187,0,2
0.0004522696947176666,30.38373675289254,0,2
0.0015412098360609542,16.72125764870817,0,2
0.0021744630470570212,22.87112310528982,0,2
0.0003405855579075717,10.530863656468771,0,2
0.13195204325170254,329.94257947558236,0,3
0.0009386543885124655,31.182203974854165,0,2
0.003017898386702743,37.983391327243744,0,3
0.001609506267315084,31.86357495627153,0,2
0.00033957956559412054,25.96008805804479,0,2
0.001067024824845983,21.84467731761921,0,2
0.0010471705606939078,70.34951716445339,0,3
0.0027893018307518776,138.63351672754203,0,3
0.0006046120321334467,46.2212193707142,0,2
0.0006546940223662055,50.04987400218439,0,2
0.0010138298529482294,50.38923946057616,0,2
0.0014424481696032907,81.7922344653918,0,3
0.00036633448085062186,16.777016967042517,0,2
0.000573686006575704,24.206063442107443,0,2
0.0016226452922224262,20.42267936898068,0,2
0.002025499259447025,77.56271298816775,0,3
0.0007469269210462706,50.17897773779789,0,2
0.03378917539725169,313.34970724489233,0,3
0.0011707525422449848,44.831783073130495,0,2
0.0938477619547359,214.68146796218323,0,3
0.0033172156006745354,35.989918723176,0,3
0.003056241198843185,94.4986028298786,0,3
0.0025076124068401737,31.560911316873824,0,2
0.0023299090437172276,25.527232736676506,0,2
0.0005005519628196405,15.172891250329553,0,2
0.0011322973135751593,76.06838110864736,0,3
0.001878728970821028,56.94863366939238,0,3
0.0016548074550606366,23.25324880097798,0,2
0.0009538638588740631,23.178590547968493,0,2
0.0017103373906236822,92.83976584770214,0,3
0.0004107699257080886,7.969707637642305,0,2
0.00022782791818956314,4.420289281240712,0,1
0.0049702104180337605,108.45359223133195,0,3
0.0018660423462884407,24.347843878878265,0,2
0.0005534477393114799,6.689076620090791,0,2
0.0006898979336180322,13.385314957688996,0,2
0.0025997540337644406,31.421131012070855,0,2
0.0007530923142651094,24.098126570266036,0,2
0.0019211785769724652,25.06725324246242,0,2
0.004247892115600797,94.95326662266989,0,3
0.0014031985790773332,34.097282352552995,0,2
0.0006249735832301374,37.27393698423655,0,2
0.0014865507679458388,41.13574014693619,0,2
0.004493518478208349,109.19108000282564,0,3
0.0050572593113651235,122.88980422363363,0,3
0.0007963392884295236,17.37670022012697,0,2
0.001052692011949742,12.723039638845439,0,2
0.0024287915430574528,115.3204114295056,0,3
0.003856620153037652,86.20715208581824,0,3
0.002993678924114543,115.39306734117301,0,3
0.0020170454682142533,88.00936869151958,0,3
0.0016917420020202245,30.814417774218388,0,2
0.0005766301152755513,18.451530096542264,0,2
0.0012676191937143204,27.660369195010784,0,2
0.0006918482659909772,15.827024679546511,0,2
0.0024186139183825666,31.371249168076577,0,2
0.0007567002124277084,16.91454374752098,0,2
0.0009067631278174042,20.268904834715787,0,2
0.000978899529591883,12.697066208019082,0,2
0.00013039647083509632,3.168593063117465,0,1
0.0015265442362161635,27.805405191463485,0,2
0.0009957597035530079,31.86321638829491,0,2
0.0014316400468160411,39.616254096152,0,2
0.001249553017015607,15.102339892256627,0,2
0.0010122647758634311,32.39136056670961,0,2
0.0024343364391800496,106.21694779378201,0,3
0.0006094512131514759,16.864695963984428,0,2
0.0054888914149455285,99.97800667919469,0,3
0.00038779010937703277,16.920373511115486,0,2
0.001674858849326779,30.52756343604633,0,2
0.001734644511382791,37.85119998566415,0,2
0.0038257063915778503,147.46404222405778,0,3
0.0004469880319291034,10.225494462533069,0,2
0.0003338280727954134,6.89223374420992,0,2
0.0009127122469586076,20.87960607554175,0,2
0.007460833871477216,90.1730838726809,0,3
0.004858705195832247,88.55936196798721,0,3
0.001057325529828215,50.20242081426972,0,2
0.0003392207063209243,10.854689871790402,0,2
0.0023374791593571234,30.499081521573185,0,2
0.0037935634988166184,121.38986365308006,0,3
0.0024360575343250024,29.442663400019054,0,2
0.0024816161513811375,117.82855404178648,0,3
0.0033329244997493007,64.66499171171945,0,3
0.0016914941728576435,100.8820995000078,0,3
0.006995148105410647,70.55109171468165,0,3
0.0011851366466680872,37.92307048351374,0,2
0.0008195719648247015,35.760230673108715,0,2
0.0008275647865141441,36.1089799710482,0,2
0.0010384257843011396,18.914518825426182,0,2
0.0007569149632403234,9.876114221747464,0,2
0.0007479536313232938,28.830300755413077,0,2
0.005377499706141846,117.3409395783158,0,3
0.0010189195702442707,22.233563228398015,0,2
0.0016096703261684851,62.0456638981706,0,3
0.0014217413330375706,27.584450690076796,0,2
0.0012737367389218505,49.096911530954635,0,3
0.002828755897451321,39.74949742914896,0,3
0.0007676798788786625,21.243189734596854,0,2
0.0012874637333725124,29.452585608379028,0,2
0.0011771771593834086,51.36355142610267,0,3
0.0003052219728100274,18.20368874141033,0,2
0.0032123987729146806,62.326566365631976,0,3
0.0024129529634438793,105.28392658547136,0,3
0.001260345150022304,15.23277570299065,0,2
0.007509542474878533,97.40443744540018,0,3
0.0030364288680489503,66.25707778889229,0,3
0.00566179643286182,116.89377738861553,0,3
0.003555297204456455,113.7656040368835,0,3
0.006025419933557048,116.9044573594162,0,3
0.001686552621250521,34.820663194171736,0,2
0.0016031910881295873,95.615631118007,0,3
0.005837548677771597,130.48690996354657,0,3
0.0009535353619292726,45.27440428742678,0,2
0.001200676741085553,16.871832976475645,0,2
0.002129883763164814,92.93282096828872,0,3
0.002264053860718209,51.79349012038569,0,3
0.0008628835151135761,33.26033889774587,0,2
0.002549584140000363,30.814767954508774,0,2
0.0008883927893402807,12.483638806647388,0,2
0.0005182184901293918,28.12970326516599,0,2
0.007319271837791876,73.82011230231517,0,3
0.0002526923885678265,9.740172727185017,0,2
0.0028503184057151994,51.917433059158775,0,3
0.0017322806291212751,22.46898805640632,0,2
0.006522137767257823,118.87865924261519,0,3
0.0006861604092002822,12.498143028888023,0,2
0.0007890310496632453,18.050220705635958,0,2
0.004453759414782855,86.41129304446861,0,3
0.0004796652310940112,10.466642859196579,0,2
0.0032494284363439175,59.18706590328521,0,3
0.0039060356158880046,94.91543197088815,0,3
0.0008930909932300651,34.42470342876651,0,2
0.0003884560652025211,12.430167256948682,0,2
0.0007359014823907826,43.88976785141911,0,2
0.0038033662740084933,146.6029296076295,0,3
0.0004491212487203937,17.311635553326017,0,2
0.00046799790332745835,22.22080808628369,0,2
0.0014149107915560344,39.153323187859954,0,2
0.0007615728973407107,14.775943798940403,0,2
0.0014189289010645228,31.717362540017316,0,2
0.0005540316357983453,17.728403584132305,0,2
0.0007835717004233652,30.20321961224832,0,2
0.0004970491601083093,21.687653292471882,0,2
0.00031080096442058833,14.757007529987742,0,2
0.004453166485024473,123.22774526708001,0,3
0.003399720235902662,161.420661015632,0,3
0.000969423313588183,13.62227456457072,0,2
0.0010933146574826056,26.567200916695516,0,2
0.0010988291354091257,47.94500670965196,0,2
0.0008293628894850658,31.968267199838923,0,2
0.0015498286334880605,33.818383631180666,0,2
0.0016756073573966502,90.95456578696745,0,3
0.001179368240625112,16.57240728724086,0,2
0.0010959264963247162,14.214994350603769,0,2
0.0017018611458877423,38.041755944497645,0,2
0.004734076871128708,86.22935548566032,0,3
0.0007245091668595404,17.605343960415457,0,2
0.0007614368338386063,17.02042159551713,0,2
0.00046655831953317927,10.673192953837189,0,2
0.0004314275935846445,11.938437465166029,0,2
0.0008408381106281284,15.325911656354355,0,2
0.00022848751428393026,5.107388623188849,0,1
0.005427587012708942,121.32302391644002,0,3
0.00012696231815211635,3.5132933503340555,0,1
0.0010467505385896437,40.34759854035112,0,2
0.0022096770756449046,28.8315388809629,0,2
0.00308267331021934,40.222264321113975,0,3
0.0005356348730144463,29.07509153640806,0,2
0.0015726962821131017,19.00791201039829,0,2
0.0015082319984963228,81.86917175058079,0,3
0.0015361450147254913,33.519797156020566,0,2
0.0007031196103434847,12.815723854291791,0,2
0.0006479271254249552,14.822265384968286,0,2
0.0027061111665821983,27.29307431761046,0,2
0.0003644965813503146,17.3065061289915,0,2
0.0026029543258752944,59.54632595104011,0,3
0.001023955020444971,48.61796994499361,0,2
0.001030543426695472,48.930791241512146,0,2
0.0007249853453529606,14.968089470299365,0,2
0.0006730614081431574,29.36756288084448,0,2
0.0009942350598747365,12.895979617873975,0,2
0.0033953104967844147,70.09977735560055,0,3
0.001119859170928089,48.862606326889534,0,2
9.741466437979743e-05,4.250475880919287,0,1
0.0015186501163035018,42.02399131292323,0,2
0.00017370192262943792,3.7903017985512317,0,1
0.00032863853237879905,6.785090191911217,0,2
0.0028978317001913125,111.69858124396765,0,3
0.0015374980358931582,21.604824325817734,0,2
0.001419790730962122,18.52521896242154,0,2
0.0008357076719517752,26.741727239758767,0,2
0.005437126155222526,112.25522181148902,0,3
0.0026787403998028625,32.37577553737117,0,3
0.004257886496815346,55.556271745196106,0,3
0.00013903733272836887,1.8141385040587419,0,1
0.0006494836759193598,14.517929120692926,0,2
0.0004433577004659069,24.066143512784244,0,2
0.005087586199756734,105.03859962678922,0,3
0.0028063271816402115,89.79938626347091,0,3
0.003494048370209995,84.90427200323006,0,3
0.0005795683009786996,7.517438579895603,0,2
0.0008563940450499025,16.615652058509987,0,2
0.00233244511076674,28.190383571689214,0,2
0.0006196946167476039,13.85205334018851,0,2
0.0012260144350237391,66.54996475987743,0,3
0.0005139527284970921,22.42520353909463,0,2
0.0015805714592274317,28.80899217636432,0,2
0.004013377632821687,77.86705980946637,0,3
0.0025520851549120436,152.20845135716434,0,3
0.0003846765983616929,12.30922847086204,0,2
0.0006766457352828781,9.50818271004037,0,2
0.0032291880789870574,58.81839572381992,0,3
0.00603838415343666,117.15598756093354,0,3
0.001685428793261851,34.79746057636509,0,2
0.002846178711866865,154.4949941567251,0,3
0.0004811076918704616,15.394917506144672,0,2
0.0036423300801767633,66.34361541425356,0,3
0.0014446381540816095,33.04817666184963,0,2
0.00038122110918812014,10.549126759901318,0,2
0.004720130480191508,66.32697241803939,0,3
0.00032970679878064214,7.194441221464337,0,2
0.0019657407832725307,93.33449654776919,0,3
0.0011868275552054891,16.67722509990651,0,2
0.0008401216612600456,45.60310658151683,0,2
0.0008696426716601883,51.86620204766098,0,2
0.00043755199459543243,5.675379828964912,0,2
0.0008140151632601265,18.195706653675927,0,2
0.0008544606035113093,32.93567294980471,0,2
0.0011910251717577348,26.62302328086041,0,2
0.00031409257101979365,14.9132948937055,0,2
0.0005444706707258318,20.98693359072986,0,2
0.0005851028418988993,7.63433513498645,0,2
0.0019260664209005398,74.24133243557024,0,3
0.002897174538998348,80.17043317076798,0,3
0.004190902793805102,50.652063246278416,0,3
0.0015880682646292133,20.720879273238356,0,2
0.0018655082958525643,26.214003575514823,0,2
0.001840402553965957,25.861219291979538,0,2
0.0018013248786018924,37.19025787322994,0,2
0.0013378881508402521,30.606116720537774,0,2
0.0037800539237655604,68.89884242831157,0,3
0.0082250719383239,106.68539498650954,0,3
0.0011469113288206383,25.636945156424737,0,2
0.004825726546847929,93.62815364657025,0,3
0.0006662471189562584,16.189594595060168,0,2
9.43264956688878e-05,2.2921040571918074,0,1
0.0008283652091195465,10.808386436917166,0,2
0.0002500354528708372,5.455954731944309,0,1
0.003146023843386965,137.26987155628382,0,3
0.005061813749225184,104.5065001189884,0,3
0.0012123364726616419,27.733941408737163,0,2
0.0008344737036028873,36.410435461717256,0,2
0.0007977249163635383,30.748763420210828,0,2
0.00090737948135576,39.59151966388707,0,2
0.0006531489648210206,8.471835361376797,0,2
0.0024606359313284008,133.56713415337765,0,3
0.0007636361210930527,9.904937223124158,0,2
0.0007638804835934759,29.44421039072563,0,2
0.0027859925598831066,166.15888079447896,0,3
0.00311967122454128,37.70495092528466,0,3
0.0015209207477069565,34.79325076447653,0,2
0.0009613356858338679,45.64476812722711,0,2
0.00029447488129705023,13.98183576680354,0,2
0.00457120532969211,104.57290004865763,0,3
0.0007531266753263853,14.612071236992847,0,2
0.0006121794180785629,33.230048142999046,0,2
0.006063480568721812,61.15455559592753,0,3
0.0018415966664118073,35.7304322911627,0,2
0.0005321834419493392,20.513315325851448,0,2
0.0015797998892117886,35.31331681891718,0,2
0.00035900689954484273,6.539170023083334,0,2
0.00037500231883312937,16.36240623151583,0,2
0.0012538382597090815,25.886817399699243,0,2
0.001491835478466626,88.97429124574228,0,3
0.002417762386671075,144.19733131416183,0,3
0.0008252756965034363,26.407915487905623,0,2
0.007343764266227635,95.25416887599467,0,3
0.0019214209450302345,53.16944056802238,0,3
0.0034909310882831994,152.31914504010027,0,3
0.001080472923968961,29.898779372065743,0,2
0.0001841947653500771,5.097026060089943,0,1
0.0021713812342900613,129.5029573528039,0,3
0.00039057184880475184,21.200845627607247,0,2
0.0007608775091286226,17.406167951930136,0,2
0.0018756670739784225,89.05774531958339,0,3
0.0006354883892029271,11.575172036977058,0,2
0.001491046896039894,19.454958840067913,0,2
0.0019465838325348598,35.45626187482413,0,2
0.0005945564665494875,16.4525294648742,0,2
0.0030146685884784976,179.7973066550027,0,3
0.0007342145578596179,16.796214572687894,0,2
0.00024881049207147636,7.961662357156788,0,2
0.00418842338523136,91.39443277207573,0,3
0.0010255120323690303,10.343025245486164,0,2
0.0008802734788037227,11.48567784394597,0,2
0.004507231902300702,93.05657115617862,0,3
0.0013005603639142528,16.9695188100231,0,2
0.0011188172804574347,48.817145714318826,0,2
0.0008802386082673836,12.36905677435327,0,2
0.0025920698217131604,31.3282581362326,0,2
0.004253522563644282,59.7702277388942,0,3
0.0025353863674375233,33.08134543130196,0,3
0.002390292700546681,66.14403054708797,0,3
0.0007186546048837895,31.356922330100616,0,2
0.0015777818251636784,32.5749750323084,0,2
0.0015684310527741704,32.38191844345498,0,2
0.0016369617991981522,16.509935213427386,0,2
0.001559957215331246,20.354090469683218,0,2
0.000883152444333069,24.438539364799066,0,2
0.002847464177991918,36.93376092232807,0,3
0.00023453814926318337,5.24263865797939,0,1
0.000503417745828651,9.767249262319279,0,2
0.0014295015578193807,26.03781082395553,0,2
0.004459779834649565,92.07687301647745,0,3
0.0017460824648510753,31.825752499522622,0,2
0.0014035870697511926,32.10907403377695,0,2
0.0007242017358648433,16.188104274500635,0,2
0.0012741145483480658,27.80210253899359,0,2
0.00010085931188843731,6.0153320659934515,0,1
0.004808506133722651,107.48468947581402,0,3
0.0004917785223824058,18.955884578370448,0,2
8.287655218945536e-05,4.942825531624145,0,1
0.008516078713409286,102.92697750936017,0,3
0.0008682745828197335,16.846156792858057,0,2
0.006489681783390341,78.43555155381048,0,3
0.0003719855555183947,16.230776360496318,0,2
0.0014781247837321533,19.17239479171639,0,2
0.0011874998984159346,21.629845409603455,0,2
0.001128734502641696,43.50771735220832,0,2
0.0047111821840316245,130.36753959973814,0,3
0.0030490140942041398,55.57421821882479,0,3
0.003950765757691739,51.24441567430359,0,3
0.005465980657217226,112.8509535324762,0,3
0.0013806251269657534,44.17848705331258,0,2
0.0026020598930900822,58.1639269719998,0,3
0.0007512094116816384,40.77681179482465,0,2
0.0004795620684083493,6.25725476973371,0,2
0.0009026725546889556,28.884529907368414,0,2
0.0011168760679618793,30.90612490248004,0,2
0.00032959690954844853,10.546738949550612,0,2
0.000980154883377168,13.77307389869578,0,2
0.0016832291505628082,38.50628904754255,0,2
0.0012404889068529947,30.143488699930675,0,2
0.0007280804358505275,20.147396416606306,0,2
0.0011217499804733267,53.26133057363165,0,3
0.0005870349739477864,8.248978007887517,0,2
0.0009242877236389857,12.059969185097591,0,2
0.0019190680455365595,43.90144315087772,0,3
0.0007514638125359815,24.046016304306523,0,2
0.0007535973009215691,20.853497515580038,0,2
0.008220342189103494,107.25780615286786,0,3
0.002559132049724348,98.64320938697195,0,3
0.001182270552138809,25.798000000873028,0,2
0.0013504618169551045,17.620625571016202,0,2
0.000305246062861608,6.982942948227439,0,2
0.002827240699011588,108.97761070594576,0,3
0.0018809627284745761,42.04521927668834,0,3
0.0005770880309727732,11.9145929434394,0,2
0.0005933188748588242,12.249695887274209,0,2
0.00016768935436381423,10.001130600079284,0,2
0.006934597323329913,90.4815977660698,0,3
0.0029654633730898114,72.05982349617594,0,3
0.0007544413297795569,9.843838619087052,0,2
0.0012002882398744607,21.877590102017514,0,2
0.00013515843002562887,1.6335509752327184,0,1
0.00046560748246077304,25.273896183041035,0,2
0.00044117218519800996,26.311870887850333,0,2
0.0021528596606724577,30.251846624277697,0,2
0.004228188519264684,135.29738674815036,0,3
0.003421274325753784,94.67328978617137,0,3
0.0009060893235283734,16.515242053893157,0,2
0.004411071875580417,122.06290585963062,0,3
0.00047364459629487985,15.156106648060344,0,2
0.0014929699441994966,34.15383591201307,0,2
0.0013748818643092933,30.00091837903365,0,2
0.0019156713132445007,26.918891096087265,0,2
0.0014445972214379512,28.02789782909413,0,2
0.008176578187446349,106.05639441295305,0,3
0.0005489240770121775,10.00521004459459,0,2
0.0008050630921299874,19.562778906194083,0,2
0.0010451698060932168,23.909763352026552,0,2
0.00010319005624638023,6.154339570719197,0,1
0.002984631978976904,178.00589863420922,0,3
0.00223269265363275,71.44371166800245,0,3
0.0015630351864180229,20.394251380089997,0,2
0.0006075929427880767,26.51098954330619,0,2
0.0015763297150770612,34.39665643144568,0,2
0.002590662678414788,53.48697184906426,0,3
0.002071701814499949,79.85493202552809,0,3
0.003491303403139781,79.86858946033504,0,3
0.0006877803776689993,37.33378546682513,0,2
0.00044650255213649857,12.355590778114637,0,2
0.0009887417619992192,22.618890641353474,0,2
0.0041563708040626805,85.81267258121173,0,3
0.0003176978659007768,7.1015104304415955,0,2
0.00011235510720288943,4.902369435900072,0,1
0.0001764814036781895,6.802576700881657,0,1
0.002184028383132894,26.39659024247442,0,2
0.006786805277159806,68.44980468508295,0,3
0.00022239003374535277,4.05349135268004,0,1
0.002842397684279522,28.667621713126117,0,2
0.0007208775753400133,17.517097433318867,0,2
0.0010059775694033978,13.048288834935168,0,2
0.0010829840309080345,47.253640220414205,0,2
0.0004968819325960215,11.106817532512727,0,2
0.00021028565659174153,9.984483232083505,0,2
0.0010871349096313355,22.445050369570477,0,2
0.0006281256909226092,12.186817493310693,0,2
0.001346300324867139,29.377248481124294,0,2
0.0008871814317252597,34.19691599866244,0,2
0.00020613520535920978,11.18933860852942,0,2
0.0007758967031086786,15.053852518845577,0,2
0.0004187914260456798,22.732648041406748,0,2
0.0003233761900253749,15.354086433160015,0,2
0.0013286974457619141,28.99314090578934,0,2
0.0027916880200190837,166.4985627072847,0,3
0.0016524412362955343,32.06046187280621,0,2
0.0009131096327401779,16.63193422124575,0,2
0.0012310353502115357,14.878531783054045,0,2
0.0012909299371162523,13.019955405986407,0,2
0.0008535065008318916,15.55681773284756,0,2
0.005329744670478411,97.14497349514531,0,3
0.0004080037099339637,19.372249474781857,0,2
0.00038321593711303063,16.7207895059034,0,2
0.0013867895871065906,33.69854902949399,0,2
0.0027538967516451715,27.775026256813845,0,2
0.0003287306823288146,7.348127324510782,0,2
0.001889183743632577,19.053774638426066,0,2
0.0009400521785265291,21.505046353321166,0,2
0.00043938407053895924,9.58767875224622,0,2
0.0007652097119622433,17.50527332594781,0,2
0.001086799316607919,47.42011186972309,0,2
0.0012816129037016568,29.318739460099945,0,2
0.00039323955824301755,12.583233778216208,0,2
0.0010123375317725007,32.39368867585677,0,2
0.0006070021334277826,23.39724460584398,0,2
0.0019032052757477589,24.686009813177957,0,2
0.0004282715497304316,9.573167477372754,0,2
0.0014457166485803113,26.333162349399426,0,2
0.0030221289993162957,143.49241316752693,0,3
0.003210696861372197,71.76880834680169,0,3
0.0009820442550723635,21.428917135237636,0,2
0.000821330070851559,48.98479891894297,0,2
0.0029337865396800483,159.25048290718493,0,3
0.0012919185937080963,15.614378461431995,0,2
0.0005628088131361077,10.251342033405814,0,2
0.0009628651303412765,17.55009167409267,0,2
0.0008565685423836024,19.59523804054061,0,2
0.0002415506154938826,7.729354283714179,0,2
0.00023784751010696864,11.293135798921172,0,2
0.005017329103915032,60.64041176869069,0,3
0.0048924562910702485,89.17454139121342,0,3
0.000633275203906898,12.286727711641015,0,2
0.0006774668040255173,40.40467571708649,0,2
0.007471329838312454,104.98665030372614,0,3
0.0021912669968690932,30.791544062569965,0,2
0.0005420752237542632,23.65226712919064,0,2
0.00022718724268566841,5.197235107200644,0,1
0.0007636836887867278,16.66413137698924,0,2
0.00034384777935106555,6.26729524144831,0,2
0.00057729126288782,11.918788881339578,0,2
0.001358111203448155,33.001673363001004,0,2
0.0020949881435785482,124.94681078018395,0,3
0.0017940860874424524,32.70071198306796,0,2
0.0021531998241030932,39.24625901890919,0,3
0.0053194717644138665,118.90632035665894,0,3
0.0012935724529781058,29.592331360028297,0,2
0.0008971759019464314,39.14630878671045,0,2
0.0007821257061419085,19.005407670129063,0,2
0.0021181305244105143,41.095708233309374,0,3
0.005897279024550393,114.41828318431237,0,3
0.0003019738426151142,6.589288025448251,0,2
0.0010052785391774911,22.47102293629411,0,2
0.000998308605325475,24.258583851437976,0,2
0.0008053460300558932,25.77018805999429,0,2
0.0017589414530296554,22.814799077958423,0,2
0.0006115072311868436,29.034713042442633,0,2
0.000524648709819443,20.22288476395678,0,2
0.002936002290215709,81.24487228109473,0,3
0.0008889313315432275,28.44482586534913,0,2
0.000966141649803879,52.44366698362162,0,2
0.004368085559251245,97.63995446469941,0,3
0.002903016516397654,157.58023832718183,0,3
0.00080388892356599,30.986358605343906,0,2
0.0007335439446444208,39.81790284953899,0,2
0.0020760450440927554,57.448188994676656,0,3
0.0004175002411713208,10.145124017185129,0,2
0.0008744986317099335,12.288398989911952,0,2
0.0038513091942209234,123.2376624559385,0,3
0.0010494845084319743,13.61260669254451,0,2
0.0010007441795305222,43.66528412478928,0,2
0.0007100562127047733,9.2647081919389,0,2
0.0004386394094658482,12.138002384490434,0,2
0.0006939157739069082,37.66682428900899,0,2
0.0070192264123518705,70.7939387303196,0,3
0.0003170727371384548,12.221750106180673,0,2
0.0020611082880638105,20.78775712448535,0,2
0.002576883683575072,31.144715528044642,0,2
0.0008448317169546812,45.85877570868252,0,2
0.0005189679467627442,20.00391650097087,0,2
0.0012301298867349905,23.866828947382377,0,2
0.0009044022847543643,39.461616199890614,0,2
0.0008957200223471735,53.421476626146,0,2
0.0064215392972211596,124.58991659202651,0,3
0.0012549028247485243,12.656596107431353,0,2
0.0029715412288999748,161.29986598566197,0,3
0.000817658903257408,31.51713035278117,0,2
0.004099907667653114,49.55227851928197,0,3
0.0027339993333793185,163.05796213117654,0,3
0.0015404092969844752,28.057951841289217,0,2
0.0063426806653780424,123.05991110437857,0,3
0.0023755269720544506,30.995523740759637,0,2
0.0006890523663537284,16.743754905101724,0,2
0.0028697067615368554,62.61908063488757,0,3
0.00010317823406401832,4.898961558411093,0,1
0.0007583568211050223,7.648573101240146,0,2
0.0036638655995860385,51.48440569322711,0,3
0.006994864796721943,84.54129134334752,0,3
0.003007501946737954,163.25186951554787,0,3
0.0010818676505974319,10.911412123126997,0,2
0.0015833794923966785,22.249547625900103,0,2
0.0008185264724704998,48.81759001253671,0,2
0.002517457225487431,56.27280087104243,0,3
0.0038467764784141704,83.93944974266394,0,3
0.0006532690955440123,13.48743161908161,0,2
0.002597589215121924,123.33502143029361,0,3
0.001807004319456529,35.05927582502605,0,2
0.004152247548250001,85.72754360266242,0,3
0.00015831252901681695,6.907621049843362,0,1
0.0007821756715225352,10.991082642493339,0,2
0.000819015716552021,26.207603007829736,0,2
0.003412047898362115,94.41797666276373,0,3
0.0004667469002988585,27.837167867815328,0,2
0.0005892461500112781,11.43248141669816,0,2
0.0010220745892929111,28.28278429672276,0,2
0.00029250550625777754,13.888328713702544,0,2
0.008144410965825159,105.63916125438514,0,3
0.003503388140547774,45.71168905294806,0,3
0.0028596853182082994,52.08804770044111,0,3
0.0011508306136413975,36.825315121599544,0,2
0.0021825272787656153,53.034723649131486,0,3
0.0028634319715553982,91.62667679489465,0,3
0.0006605756280767853,39.39727213268435,0,2
0.0009831304276340953,20.297767804722316,0,2
0.0013688168791557015,33.26181790192657,0,2
0.0024431423556951844,31.877759241990095,0,2
0.0011841811191618816,32.76858608203688,0,2
0.004407796982474056,141.0446602198416,0,3
0.003941341397312284,51.12217460247871,0,3
0.0017724669687467366,22.990235231890356,0,2
0.003145096992338575,61.020785486567604,0,3
0.0011259532020817245,14.604463401798828,0,2
0.0010989933317097102,47.95217105620916,0,2
0.004668525036369546,85.09295828590461,0,3
0.004948815466359534,49.91235762057824,0,3
0.0005514898393596659,29.93572369652041,0,2
0.0018590617991103286,51.44384217094188,0,3
0.0009687438951708404,13.612727420309241,0,2
0.0005516612851973493,26.193193302461722,0,2
0.003657646136619013,159.5933916481359,0,3
0.0009971284522679996,43.507519771555806,0,2
0.0023385443134293356,126.93981180174328,0,3
8.33480630087008e-05,3.636710487022882,0,1
0.0004696405064417735,10.74370241475117,0,2
0.00233221099515806,30.430343296150696,0,2
0.000875963873559653,19.114166355556364,0,2
0.0051629011268931775,112.65824310276787,0,3
0.0019963263686294834,28.05225078949941,0,2
0.00029471604024740484,9.430589458478318,0,2
0.0015072906591532744,33.69251570933513,0,2
0.001340263452880476,37.08768668715621,0,2
0.0008556894800272444,51.03402225700924,0,2
0.0005971656361544154,10.8845063850357,0,2
0.002148437556315813,27.86685770265876,0,2
0.00035109913064520007,7.66123740146066,0,2
0.0034282328619927947,83.30497593756965,0,3
0.003139374999247745,149.05932029432708,0,3
0.0002541471340454454,9.796246724136042,0,2
0.002432042316430509,31.73292757533297,0,2
0.0044273255103573364,80.69662731506385,0,3
0.0031550639602289455,31.821085625281665,0,3
0.0015765375018386007,28.735465448941685,0,2
0.004111539237702362,41.467825623775404,0,3
0.002200649779078452,28.54408966492302,0,2
0.0025291588221242525,110.35431514233916,0,3
0.0008999378923476272,39.26682219871423,0,2
0.002175541751944622,49.768648260022424,0,3
0.0005098414092366293,14.108299681877977,0,2
0.0018410710087367985,109.80298464533736,0,3
0.0007244498681637794,31.609785971853128,0,2
0.0009950072046782312,13.981777770212378,0,2
0.0011902221741894225,12.004245300701355,0,2
0.00023739592560600306,9.150561808519942,0,2
0.00013481660403313975,2.4556316238632236,0,1
0.0011501941595550252,25.71032637551326,0,2
0.005442507185092035,105.59485582149327,0,3
0.003638438053422513,88.41289570817294,0,3
0.0004040391681141359,19.184010761954124,0,2
0.0012997430715987054,23.674310834371276,0,2
0.0005697387901389791,21.96090771385281,0,2
0.0002481076328113502,3.486392629874036,0,1
0.0012151404036063224,38.883157737872,0,2
0.0038216915395885157,147.30928745652466,0,3
0.00023793636697572727,7.613702302413725,0,2
0.0008076125476347729,48.16667458587975,0,2
0.0017440342624722705,38.984452951479724,0,2
0.001404028647489657,18.31955763412599,0,2
0.001690280543058468,20.42905817274199,0,2
0.0011551182851579208,22.411463068368658,0,2
0.005201330797405641,94.74020269152709,0,3
0.0012675456818144145,30.80095978717739,0,2
0.0017956575235686713,23.291034242487044,0,2
0.0011658653728394343,15.1221544000034,0,2
0.0010418946575481878,21.511017502313305,0,2
0.0006650740953732412,21.281640278787375,0,2
0.0011812009092605975,22.91751493709426,0,2
0.006503394360341726,78.60128441596079,0,3
3.250842539568956e-05,1.9388291476145334,0,1
0.00011974834617769989,1.562458667289981,0,1
0.0009950907469218838,22.76413280788135,0,2
0.0004076619036755214,22.128520308184775,0,2
0.0014590001802023927,26.593118919982185,0,2
0.0005547926564352826,13.48128635223925,0,2
0.0007748676796734657,14.123472109474756,0,2
0.001907747411845798,24.892005391165814,0,2
0.000711339005381946,38.61258431233572,0,2
0.005420426316247485,76.16748483554105,0,3
0.0022304312870622916,97.31999232419616,0,3
0.00044180299553407,20.977058884040993,0,2
0.0031091881941915905,31.358395582353303,0,3
0.0012610760870475348,48.608899459069484,0,3
0.0003585161516101851,7.401945250680988,0,2
0.0033141373722856892,74.0810173542484,0,3
0.0016816642500031595,100.29583484039735,0,3
0.0024518794872083432,31.991760038625145,0,2
0.00016475870285444103,2.315178782815148,0,1
0.0010333200548681882,18.83426984752005,0,2
0.00011276373210074369,2.328126550291942,0,1
0.0034039724327789875,82.71545516892603,0,3
0.001365828327776236,29.803363652608986,0,2
0.0051177811640996185,105.66200661112867,0,3
0.0029986625034430217,67.0291976472564,0,3
0.00025831351936293675,5.636588140248416,0,1
0.0019309462794556745,27.133533946920892,0,2
0.0017004712909653808,38.01068847352182,0,2
0.0007296909953337627,23.349310077471188,0,2
0.000466777006076448,25.337379738524216,0,2
0.0017830207454660894,32.49902458161276,0,2
0.001874081999658027,18.90146270619178,0,2
0.0009931149456413257,21.670487624150752,0,2
0.0024299565397446583,67.24160583187455,0,3
0.0012478919137172402,22.729862307865204,0,2
0.0015671747473818927,20.327440074814874,0,2
0.0006227547461399602,29.568751484589114,0,2
0.0011196747034455156,24.43211323178886,0,2
0.007692065392157339,108.08841222598477,0,3
0.0006213066110484057,17.19275779526687,0,2
0.00033564327494853166,14.64506041102126,0,2
0.0017251119654946223,66.49542795049842,0,3
0.0011626968468314944,37.20502154524867,0,2
0.0003279792529147225,7.331330599084925,0,2
0.0009643007740798028,45.785552212803914,0,2
0.0046172368262141425,112.19739679008947,0,3
0.00012143799038739174,6.591842436695917,0,1
0.00028774012355394684,12.55491114120625,0,2
0.0035004103005935898,76.38148880085355,0,3
0.0011218822208969264,27.26138368625267,0,2
0.001659353787392827,30.24495349434359,0,2
0.006526030055245864,84.64753856968882,0,3
0.0005373514924229148,32.048083638091505,0,2
0.005343822247270609,119.45062746902543,0,3
0.005809997614720651,119.95354758105591,0,3
0.0012786165840358691,31.069979215055277,0,2
0.0007745479341936063,10.883898164108453,0,2
0.0026016786829234366,123.52919170017378,0,3
0.004979585930727464,69.97282385872035,0,3
0.001750678892799674,39.13298058304783,0,2
0.0015559321095259555,15.692692607333951,0,2
0.0007645032649730638,9.975125257730689,0,2
0.0008128456387353067,26.010167297281196,0,2
0.0017180002870761794,17.32726655574443,0,2
0.0006899242184269119,37.45015646769928,0,2
0.006452548713826444,77.98675407970556,0,3
0.0013031497310481077,17.00330448849154,0,2
0.006556929329754627,92.13755268562481,0,3
0.001179183256693685,21.4783610389359,0,2
0.0009447454680921449,36.41575472295162,0,2
0.0007987562860980991,15.4973713398256,0,2
0.0014112574873516213,25.705502228067694,0,2
0.00020550318048068742,8.966681943078326,0,2
0.001655929654023314,78.62448695778015,0,3
0.0005441286438459548,12.162924761291702,0,2
0.004391213070866166,121.51337425400438,0,3
0.007138849135281812,93.14664512647634,0,3
0.003947319059551909,95.91860661493564,0,3
0.004187566975487277,86.45675054500398,0,3
0.0007788559187871561,30.02144711035108,0,2
0.004704632759003431,85.75109183171364,0,3
0.0009957568713074322,47.279105698127026,0,2
0.0023962018871327923,24.167416694899927,0,2
0.0014056117408180455,29.020341489557573,0,2
0.0008454082390721081,45.89007022325104,0,2
0.0009076360458865384,39.60271429620363,0,2
0.0042585714192831135,51.4699193661024,0,3
0.0017191693478860754,31.31399613364852,0,2
0.00027848444632058006,15.116567602607164,0,2
0.0013784253604073005,30.07824003114966,0,2
0.0030345700305219035,73.7390934484393,0,3
0.0022386996999104528,121.52009134713329,0,3
0.0019721206538435843,35.945738584446445,0,2
0.003883787697061334,50.67508606910294,0,3
0.0029902383539915866,66.84089236850565,0,3
0.00263161334527412,54.332441691107064,0,3
8.486125303595803e-05,3.2710255623458284,0,1
0.0006983322690314493,30.47020164041534,0,2
0.0011117116495121325,35.573551252777385,0,2
0.0017626260144186971,24.768308319503127,0,2
0.0042883234783098675,98.1015706209404,0,3
0.001115220365770695,23.024904325243796,0,2
0.0011543026551744562,11.641971158369472,0,2
0.0009373581677238581,18.186508020609274,0,2
0.00024469937047549574,5.052077388984969,0,1
0.0011120062374487245,20.268478725022288,0,2
0.001317460221044807,18.51286698743074,0,2
0.0008179044538638897,35.687472478382865,0,2
0.0021181428704159914,25.600285168998827,0,2
0.003021246997488051,39.42078289953139,0,3
0.0005316501195323264,12.16226154830273,0,2
0.000738583091239613,16.89615106023487,0,2
0.000305009346720284,9.759963955484087,0,2
0.0018666250690571081,101.32330339426142,0,3
0.0010294688410804618,14.46603048668358,0,2
0.003281683984991441,39.66306854165029,0,3
0.001920393923855236,19.36855171735845,0,2
0.0012952402335898608,15.654524444684386,0,2
0.0011723594025096233,16.47391954112464,0,2
0.0034406333744084723,44.62761338806422,0,3
0.000414606572971109,11.47296723173377,0,2
0.00012783868990141894,4.090697609665025,0,1
0.0004176711704266798,16.099374287363737,0,2
0.0006038327763009707,26.34692290032754,0,2
0.0018798883065320239,26.41607056830459,0,2
0.0008799893134400164,11.481970096410087,0,2
0.0034135319881676133,94.4590443033113,0,3
0.0029223675622559735,56.69941644525545,0,3
0.00654463464149365,119.28870857639816,0,3
0.00047942795351283525,28.593476280002193,0,2
0.0019174528091464359,46.593497745808875,0,3
0.0028141147140309684,58.10037553075546,0,3
0.003469866529933004,96.0179302299319,0,3
0.0016842499542456479,36.751554238152224,0,2
0.04327532013883083,113.02469993488434,0,3
0.0022960164636986343,32.26347688865689,0,2
0.0011993965382053333,38.37937134415677,0,2
0.000571674837028777,18.292966637428783,0,2
0.0011941862429544646,21.76636932771966,0,2
0.0005935443946474025,11.51587543111128,0,2
0.0011630998730913836,25.379681894930595,0,2
0.0010095668665362565,23.09529487572663,0,2
0.0031085897144218695,168.73907030604178,0,3
0.0006156858141681765,14.084698993541307,0,2
0.0005060067850187447,11.575633369606656,0,2
0.0006903591790316144,37.47376680383233,0,2
0.0013451088543809647,17.550780908967738,0,2
0.0004648601557180664,27.724640873880137,0,2
0.0006443558806847444,34.976636430515775,0,2
0.0020039911935510204,20.21169021171604,0,2
0.0040211362239553515,97.71234039906193,0,3
0.00033282850319910415,14.522244000294954,0,2
0.004543244511850772,99.13688682227408,0,3
0.0003168019275971914,13.822959416363389,0,2
0.0005172010002000732,9.426995205680045,0,2
0.001744431961734284,36.015643413283755,0,2
0.004851809425797748,100.17073868276077,0,3
0.0027073871273570484,128.5482890938972,0,3
0.0004195881076134255,5.474723420894182,0,2
0.0018545235174591648,24.05457064150856,0,2
0.0006620615984284336,31.43506330985156,0,2
0.006451228469538104,117.50659910310729,0,3
0.004519432967504969,93.30847505572783,0,3
0.000319749535039794,15.181890780451354,0,2
0.00599629565308424,109.29416291074145,0,3
0.001401398479590324,38.779411333794,0,2
0.006251274719178899,81.56570573507207,0,3
0.0003595390880907229,13.858639906117503,0,2
0.002108503952148276,27.348888696941255,0,2
0.0004990463541207685,10.889553005234372,0,2
0.002783857953543999,50.741231303113445,0,3
0.0011033184074094216,22.779175802915404,0,2
0.0022738717814706705,29.493834336519033,0,2
0.004858501624654507,68.27135491355834,0,3
0.0015923498643734821,29.02367654240271,0,2
0.0005251798820291046,16.805179165378572,0,2
0.0006980989115293008,14.412990598867841,0,2
0.0012470829017515502,27.212252425871068,0,2
0.0063283756565957255,122.78236708127987,0,3
0.004336950697303469,89.54093552596036,0,3
0.002410058788769119,29.128437523397174,0,2
0.0009507809259295888,36.64839489924472,0,2
0.004842782613391519,88.26914190214683,0,3
0.0005683764117073582,30.852353030197285,0,2
0.002668391138361353,73.8395531756364,0,3
0.0020033985475439936,20.205712951168294,0,2
0.00034644297551870285,13.353842752435543,0,2
0.00047025798086946944,6.099601171979699,0,2
0.000519073291180312,20.00797706183212,0,2
0.0007347670695648707,16.80885407303014,0,2
0.0005929322156705057,25.871300771531306,0,2
0.0040581845924751205,49.048005347909715,0,3
0.0013550132023590475,73.55221789408802,0,3
0.005958425757172615,60.095002383759926,0,3
0.0005638393719156743,30.606075474546092,0,2
0.0002711842428898365,14.72030123968582,0,2
0.0013056443422006208,25.331951135768975,0,2
0.001265890319705412,40.50709928981794,0,2
0.0026570754434693976,64.56609419287183,0,3
0.003500108507431773,166.18715355737586,0,3
0.000497790339423329,19.187613506632598,0,2
0.0018281067124952892,22.094851963432045,0,2
0.00038428322803690844,14.812416940825432,0,2
0.00410928059340148,84.84044536190298,0,3
0.0008222102138370944,11.55364547735778,0,2
0.00042985850587893686,25.637113776006608,0,2
0.0012319704039487347,66.87326398927166,0,3
0.004161398771449904,95.19798530221527,0,3
0.0005794627111957072,13.256043386673744,0,2
0.000343132511232908,7.849649974708227,0,2
0.00048663948596441137,11.825185832029915,0,2
0.007962922110793835,103.28511373603459,0,3
0.000359516923289696,17.07006911653143,0,2
0.0014870774115922445,36.13551149439267,0,2
0.00149959590829688,29.094975595228828,0,2
0.001397068766029677,18.121037024943547,0,2
0.0008866836632736946,11.569316980549766,0,2
0.0003728225214565025,8.135257527526651,0,2
0.001134879175140745,23.430781243193373,0,2
0.0017957150775056196,40.13967584217322,0,3
0.00041644072072723925,9.08703823693269,0,2
0.0022088136661843724,40.232675558051504,0,3
0.007528371303871229,105.78819333917373,0,3
0.000875419288832173,11.354849332406145,0,2
0.0014157537918548443,18.472545579457837,0,2
0.003970462539198311,81.97439976701679,0,3
0.00041468260096900935,24.73201036288666,0,2
0.00029232413255459404,12.754924350913605,0,2
0.0007235826278557188,39.2771871268589,0,2
0.0009413172856146553,56.14093479732427,0,3
0.0002542361773588489,11.093039706093911,0,2
0.000917894520566271,11.976551619247582,0,2
0.0012120038936883522,22.09113070285208,0,2
0.007780891709272771,101.5239214440357,0,3
0.0004630659624798795,27.61763371791032,0,2
0.000472942829500222,5.716078680500448,0,2
0.0016532634162439465,30.113545409487,0,2
0.001115472827147461,23.030116657464642,0,2
0.0012418068138406984,27.75814693019505,0,2
0.0020464342520374467,42.2508002070977,0,3
0.0007078100938819878,15.444929055833883,0,2
0.0026932921866342947,49.05726199850842,0,3
0.003904663662382345,85.20259003602564,0,3
0.0008881577931039379,18.336957286289906,0,2
0.0005450791327518724,15.083395769511517,0,2
0.0007517774175213789,16.804504357501465,0,2
0.00523357836213107,63.254042206578845,0,3
0.006727075117616841,67.84738313509621,0,3
0.005597414888767177,115.56455229679595,0,3
0.0034360927660935466,132.44616206316294,0,3
0.00042926112828887476,10.430909860146448,0,2
0.0022799472290132676,135.97792230256823,0,3
0.0010979979449493237,42.32295914615561,0,2
0.0010776761221564079,13.025002436028583,0,2
0.002076239370079082,37.8435049042987,0,3
0.0009545497357479652,56.93012897392745,0,3
0.00031946939440907155,19.053416648509828,0,2
0.0009120730258929896,54.3967831671351,0,2
0.003881134260650941,46.90814073005478,0,3
0.000923480418680883,50.12794920188653,0,2
0.00617940520797612,80.62796300812,0,3
0.0005526235657932292,29.99726412544653,0,2
0.0008004182092768167,38.00431431561813,0,2
0.002337611814512609,110.99114577479014,0,3
0.0005358404827376495,29.08625235103028,0,2
0.00017679580908723549,3.857812642576375,0,1
0.002658210727334683,144.29180046728075,0,3
0.002968444470002672,129.52158387984204,0,3
0.003613689666767941,82.66835135914658,0,3
0.003937673791614339,55.331940941819965,0,3
0.0009277641688376218,22.544376322158897,0,2
0.005147233262165321,99.86598744173278,0,3
0.0016976632481339273,32.937853791206074,0,2
0.0006250365101045866,37.27768999462894,0,2
0.005455576515162032,112.63614901243722,0,3
0.0014318139741067834,32.00538298468468,0,2
0.001237161317174648,30.062629321573386,0,2
0.00029958762432558497,14.224591729648234,0,2
0.0014576072276415676,19.018643004501094,0,2
0.00022218731458054439,4.047054886289175,0,1
0.0036380348816843584,47.18806002398165,0,3
0.002888377740829882,52.64630792373398,0,3
0.000693757599051782,6.99704355946389,0,2
0.0017358159939734345,66.90802085387493,0,3
0.000873996855767802,52.12588915828434,0,2
0.0013448601095800536,24.49610000519776,0,2
0.0018301729942349413,44.4726258057356,0,3
0.00736129713007426,88.97006352863389,0,3
0.002639574105890517,54.49680001630858,0,3
0.0008782387386873361,11.391419726403699,0,2
0.00076662091743036,45.72190014721714,0,2
0.00033968601868038283,6.590546405778522,0,2
0.0025549170503044094,33.139203731394765,0,3
0.00043338427351554917,8.94767683592729,0,2
0.0020937656932119137,27.31914434775375,0,2
0.007626156783544319,99.50496307380381,0,3
0.001168073907018536,26.109992935267364,0,2
0.00023698416707501488,6.557811092591695,0,1
0.000673031220228342,16.354446113606215,0,2
0.009636096326545425,97.1869509352874,0,3
0.0037530849651331755,72.81689344657246,0,3
0.0005388779663198955,20.77135959883146,0,2
0.0028012184712015867,64.08190358474825,0,3
0.001300174838172686,13.113196871713361,0,2
0.001266576888181443,35.04863666401549,0,2
0.004536581102561389,54.82999826874466,0,3
0.0008001894670757796,9.671244953531394,0,2
0.00028324217825913457,10.91773185375383,0,2
0.005327967576390438,116.26011262118794,0,3
0.007293365782053329,73.55883112758747,0,3
0.0015136921626064405,71.87096952324312,0,3
0.0004436156854302885,12.275705582649971,0,2
0.000631299065825296,14.111447956929492,0,2
0.0026181845928755984,33.9598315410536,0,3
0.0006835606955836446,32.45585273757693,0,2
0.0022440707347995176,27.12227373925431,0,2
0.0014976576935539871,27.279248134074045,0,2
0.0031583653833094005,40.966384361951945,0,3
0.0079603353550799,103.86527553059155,0,3
0.0012791584557907004,16.69026988582864,0,2
0.001468914727005366,26.77383083883378,0,2
0.004107482589837958,99.81052982250905,0,3
0.0009356747268055337,17.04294856906833,0,2
0.003465849602152367,45.221891769349135,0,3
0.00023701055726408572,3.0742059288109274,0,1
0.000288596270022105,4.055336377253829,0,1
0.0008768378524883963,8.843539381527043,0,2
0.0008624774277443425,37.63231673387465,0,2
0.0012410751037845317,24.079186704014667,0,2
0.0006161092248352593,36.745259380763024,0,2
0.0009587973372426731,21.432027161413245,0,2
0.0031242802605011178,148.3426134663337,0,3
0.005978299021896735,78.00395930773418,0,3
0.0027852181016014737,89.12391889656281,0,3
0.002514954527049569,61.11260080453268,0,3
0.001987862575796845,118.55775407436569,0,3
0.002213985609308589,26.758659082910746,0,2
0.0006940534559333003,16.865279802580737,0,2
0.0012499856944728092,16.309628021244713,0,2
0.002212846661214334,40.333438756117985,0,3
0.0016577591828102534,23.29472629102958,0,2
0.000707381261182019,9.22980582105266,0,2
0.00034339945745886884,7.493224954133484,0,2
0.0022385377206970815,27.055400658668088,0,2
0.004219887345149276,116.77245945611028,0,3
0.0018710531880472047,18.870914966169472,0,2
0.002228790219271503,40.62404114340701,0,3
0.0007782598206955386,21.535957224771515,0,2
0.0022457200565354505,29.128685202652907,0,2
0.005332814335527204,129.58570429267238,0,3
0.0020291018867877393,121.01730039823312,0,3
0.002981920829979266,66.65497049156302,0,3
0.005516212538920615,134.04222271942848,0,3
0.0004993338190087845,9.688013415849367,0,2
0.0003964597813150516,5.172948448309761,0,1
0.004071921934677045,41.06825667439668,0,3
0.0002182167051746222,4.992021152703318,0,1
0.0008487032695301916,17.5223769052584,0,2
0.002501347566904076,57.22192512372463,0,3
0.0004181371004534956,7.6162034665379785,0,2
0.0007986578104881168,17.852423262126614,0,2
0.005072196140331673,104.72085556767945,0,3
9.468514138362461e-05,4.131379113142985,0,1
0.0010955021512056163,24.48779418552232,0,2
6.266901442660445e-05,3.737631409200374,0,1
0.001973772530009418,35.97584724372914,0,2
0.0011986787674774823,15.64018284446622,0,2
0.0006178011550673976,15.012372971413534,0,2
0.002117406927159329,38.59386378426011,0,3
0.0007943344006848348,11.161936329095987,0,2
0.007104179304411727,92.6942783133593,0,3
0.001690358787475693,30.789223063207096,0,2
0.0021581527653236456,59.72026873621027,0,3
0.0005112167228786969,6.6702800082106535,0,2
0.0006844828878004572,40.82312070663565,0,2
0.0003762132375560405,9.141862867443395,0,2
0.006373341465243478,82.66705224002673,0,3
0.007737994272811839,93.52289818918497,0,3
0.0037755532786212767,104.47687487652384,0,3
0.0006159178558994805,29.2441320261246,0,2
0.001192569838034727,26.022737880938816,0,2
0.0006089211116785733,33.053182218829086,0,2
0.0011366037414499727,26.0014462000953,0,2
0.0005382625325877038,12.031799391064597,0,2
0.0011187227230737948,20.377096106345313,0,2
0.0014387410720338842,26.206104955505463,0,2
0.0006947716130469449,7.00727061874765,0,2
0.0032825572948494025,59.83099775318454,0,3
0.00290050975381573,64.83518613484533,0,3
0.002134180950851375,29.989374585357016,0,2
0.0009421890525384807,36.31721622245987,0,2
9.724455591656604e-05,1.261335333726052,0,1
0.0021089463392131376,21.27023822184443,0,2
0.0007285486035308083,39.54674798742839,0,2
0.003588789700384856,99.30876478643825,0,3
0.0012959893090904433,25.144625369435843,0,2
0.0019216043561582896,25.072808746153935,0,2
0.0004039930008356007,17.627351251933728,0,2
0.0058116553723177216,75.82961767426241,0,3
0.0012643728301623114,75.40823238075419,0,3
0.000683537011789564,29.824642940819064,0,2
0.00417200277642823,58.624716888951724,0,3
0.0031507156581270226,70.42804661625523,0,3
0.0027852900658873396,89.12622167463728,0,3
0.0028548419676810055,170.26511593228622,0,3
0.0006352701977079656,30.16299228231174,0,2
0.002837518327902841,28.618409900302083,0,2
0.0049420277489626635,102.03339141312098,0,3
0.0012482614287460257,17.540489972129105,0,2
0.0008485489520242233,52.0087760735417,0,2
0.0009403435619404665,15.979554963851454,0,2
0.0028854502901433997,38.32878800150971,0,3
0.001954980110423963,119.82352055083936,0,3
0.0005680659844462109,37.00936667761468,0,2
0.06566236964554685,250.25860477876222,0,3
0.0022896565223927794,72.15306849705487,0,3
0.0011112462389034534,38.543112749035245,0,2
0.0021371863441351185,28.389247454339447,0,2
0.00037751665913340784,17.579485998165367,0,2
0.0002207357314514408,16.385787524781758,0,2
0.00019250287824436235,12.541517715388602,0,2
0.0022673907541656936,147.7199799318334,0,3
0.002786622479822412,137.24513038103055,0,3
0.0008761722447489348,14.889071515388448,0,2
0.0003881153036412899,25.28562170406517,0,2
0.17888682569957282,551.8929045398319,0,3
0.0005828906557575216,18.36840984656255,0,2
0.0011111792764926514,44.26782595000533,0,2
0.00071707552756437,20.852386465606134,0,2
0.0015731882982566703,54.56538059017705,0,3
0.0004885654018864729,35.832806654823514,0,2
0.0013330871824317788,42.009065484646406,0,2
0.0008013259794195784,25.25187848748084,0,2
0.0013181935062911434,41.539726776312456,0,2
0.006573417900459848,87.31778953625056,0,3
0.00012959918993693648,6.382944890799964,0,1
0.0035185065713609362,47.546650401891114,0,3
0.0017289929459646614,112.64348803175764,0,3
0.0019296968939902445,32.79194842091423,0,2
0.0025537018335614957,166.37308011975037,0,3
0.005421461868447241,130.6533693363383,0,3
0.0009432499697801538,51.68791063573035,0,2
0.0012866296531265334,56.92461263580678,0,3
0.0041155707459006,69.93719274902779,0,3
0.001337504052802926,65.87398165387397,0,3
0.000148978828236689,6.591300043257975,0,1
0.0009934336935108834,39.57700684989472,0,2
0.0004142556855985319,20.402683173889052,0,2
0.0005370466736960053,7.2572751892987855,0,2
0.0019861060625406463,129.3943477373627,0,3
0.00014133047575674103,9.2076476029489,0,1
0.0013184351762426554,61.39441044390033,0,3
0.0008968033280967949,41.76065126655646,0,2
0.0011396429003699457,39.528039119341095,0,2
0.001155144597471027,27.83816199254831,0,2
0.006886962610586171,91.48275081265135,0,3
0.0032472775198374017,43.135108605087225,0,3
0.011530114857680586,87.36040907820711,0,3
0.17659726714914875,554.6722619226574,0,3
0.0025355847660351954,87.94570105224136,0,3
0.0008020591089562926,10.838468902005395,0,2
0.0011455083283529374,33.31111081634516,0,2
0.0002388312764770671,17.516580011770976,0,2
0.000513607871737772,18.479707270876855,0,2
0.001177106181116026,40.827437401372435,0,2
0.0006990142561602401,25.15066365378094,0,2
0.0016574611401584032,57.48834899572619,0,3
0.0018777772877890918,74.80801694853271,0,3
0.0008469411474466822,26.689331795859502,0,2
0.000821527288976973,45.0177900428161,0,2
0.0006251035993851209,29.108649133574225,0,2
0.0005825616678026624,27.127636448450694,0,2
0.0008953399228821005,28.21450385770043,0,2
0.0005433990502248999,24.041712675866375,0,2
0.0015947702312499898,27.100433922667392,0,2
0.0020503251600077874,81.68208249044123,0,3
0.0006462211020603757,47.395733952886644,0,2
0.0012484141937344735,23.735914265589983,0,2
0.0009584690519987961,33.24409968226686,0,2
0.0006918639395739272,20.11923945949644,0,2
0.001068285839415424,20.311160528908154,0,2
0.00020168311451352846,5.864897191106094,0,1
0.0007739421458897121,10.460808297898206,0,2
0.001374533956427277,43.60295572019415,0,2
0.003893992302999825,123.52519424387268,0,3
0.0023382027826667905,31.059442981054293,0,2
0.002509603928412328,111.03290768017247,0,3
0.0002267872996338898,13.900117199891932,0,2
0.0005627790270774812,41.27584963812685,0,2
0.00045209263025958966,29.453729643459617,0,2
0.0004696312051782483,14.89763752176316,0,2
0.00200358806578108,146.94897244018918,0,3
0.0009183061046490202,45.227885002306806,0,2
0.001533524553458638,36.95684941278759,0,2
0.0007743031529347824,30.847153048830272,0,2
0.0008052019001425028,10.88093839603254,0,2
0.005442550975876891,73.56296941903466,0,3
0.0008071074214530238,39.75119130449165,0,2
0.0002423261410330715,13.278910494254356,0,2
0.001885977682467341,25.485790552142962,0,2
0.0012167639694757137,38.59817739306914,0,2
0.001301726284216876,37.853891964666296,0,2
0.0003421907080184088,15.934493524393387,0,2
0.00056017012921376,7.569749482948066,0,2
0.00013519851128111193,9.915851789852647,0,2
0.000366084544584013,4.947011894350114,0,1
0.005368746589457742,102.07518418214272,0,3
0.00014932528669480918,4.736895609754653,0,1
0.0005312579796819229,24.738622758185777,0,2
0.0021326868944010406,28.825964421568422,0,2
0.0010823783910247672,34.10857542323762,0,2
0.0012156342067156396,16.147838677294136,0,2
0.0029113599277566697,135.5707353500708,0,3
0.00020948402002829441,15.550543717820693,0,2
0.00016990311070682823,3.230342693501977,0,1
0.00028828929922383105,11.485041875125322,0,2
0.001917152588175487,25.912745299157045,0,2
0.003344204537477475,164.7068417377369,0,3
0.0009961398711839107,35.841298845447284,0,2
0.0008321070812468158,38.74799808128034,0,2
0.001459837303518185,19.731550038109077,0,2
0.001957575917400831,70.43394757889402,0,3
0.0028032459229584516,53.297699775158456,0,3
0.00460627751176681,62.259674412896786,0,3
0.0006285667547068461,27.809804430113285,0,2
0.0002669161602850183,8.411226665512954,0,2
0.0001882950979694954,9.273802051786804,0,2
0.0006146930581661932,37.67541464739616,0,2
0.0012524107335258048,36.41980743347709,0,2
0.001893755734805475,75.44457589670286,0,3
0.0014471992734912506,79.30316365421581,0,3
0.00013105200604538388,9.728331302032425,0,1
0.001641656622581633,120.4038683939542,0,3
0.00033727957861979705,13.436745985723983,0,2
0.0016163714354702737,27.46751000431898,0,2
0.00043492770758674743,23.833029634749376,0,2
0.0006654956365840774,40.78917716939485,0,2
0.0010692014410887882,33.69333524986901,0,2
0.07324377288090266,363.72040742913987,0,3
0.003090594662613431,107.19598804691698,0,3
0.0005194022695991778,38.09447216434006,0,2
0.00017016193904870568,12.631563361867103,0,2
0.0005221069707200169,38.29284280611676,0,2
0.0025302060706207993,187.82377820976365,0,3
0.00590607653409917,78.45318152576044,0,3
0.002157450036265196,41.0192781771403,0,3
0.0003558561480109309,26.099524238453853,0,2
0.0011470448078090584,45.69665848090943,0,2
0.0010097976977461991,36.3327099992007,0,2
0.0016879417446377149,123.79855377942461,0,3
0.0002880621747002709,13.413937754081878,0,2
9.472077782017248e-05,2.7544577795562075,0,1
0.0008121826408559574,44.50572499910985,0,2
0.0008398594691533374,26.466169581799626,0,2
0.0005482111511526893,10.423057466429466,0,2
0.0008333139999631262,38.80419960288473,0,2
0.0004185240671299702,16.673412609059216,0,2
0.0006910630151870276,21.921895716119433,0,2
0.0026313581236510324,161.27969411286796,0,3
0.0005108357634093307,27.99261503797413,0,2
0.0022247398959418393,29.552262300737024,0,2
0.003742143101463186,118.70823502668563,0,3
0.0013229346485234788,52.703863366602434,0,3
0.0013441370399192845,18.163733002367337,0,2
0.0002824493215733872,8.959855232514123,0,2
0.0005785269967207125,26.93975747125494,0,2
0.00035271919768896327,21.61866292531925,0,2
0.0003488395712757432,25.895268779435213,0,2
0.0016538862813553399,121.30082711555139,0,3
0.00030724379317313715,22.53415283636037,0,2
0.000979803173412278,23.612558567974453,0,2
0.0005778176333077553,31.663066155328337,0,2
0.0020079888982136927,26.673057252770334,0,2
0.000545372943284747,29.885172392019665,0,2
0.0036446304797843917,69.29481980586807,0,3
0.0010797182343287623,18.347992764820376,0,2
0.0025296357095232844,187.7814388218683,0,3
0.0003146983263650425,9.9828579174429,0,2
0.0006729181381405127,33.142177770252054,0,2
0.005492483466873267,74.23787027425189,0,3
0.0015487235387716333,48.80433134102266,0,3
0.0023985543187976396,31.861120709423616,0,2
0.004166319332239975,132.16395019591488,0,3
0.0005623605119286566,7.601014547193135,0,2
0.0021119426970129763,28.05392426328165,0,2
0.0006932612911473969,9.36825086974311,0,2
0.0008676618001366155,20.910031350040583,0,2
0.0014793670956984128,68.888385494497,0,3
0.004004152074649921,127.01968168301217,0,3
0.002437829882129036,113.52027848829852,0,3
0.002475233002265022,42.0624157051836,0,3
0.0003399389939341942,25.234555771135543,0,2
0.0022663089394715794,138.90530872175117,0,3
0.0001862754081890663,3.165436808466712,0,1
0.004827414435160919,82.0337772513272,0,3
0.00016825908483287234,9.220207600450074,0,2
0.0010776177800331805,20.48858733448784,0,2
0.0030844639921750504,122.88072504884116,0,3
0.0003737983359275018,27.41545645161615,0,2
0.003849216528477171,73.18458406526133,0,3
0.002669732456718063,118.1175061297695,0,3
0.0020188183580273785,149.862138079093,0,3
0.0018688156960682835,25.253875405483914,0,2
0.0006343860476853703,18.447795979951778,0,2
0.0009093513292167359,36.22728323033001,0,2
0.00041989850179754333,18.577653253286304,0,2
0.006621262020866002,89.47512933126764,0,3
0.0012042016992996226,29.02040320337096,0,2
0.03306637953701713,124.32697908439302,0,3
0.0022172592940170772,162.62024138292588,0,3
0.001153554039570075,33.54507819250186,0,2
0.007860942342292655,106.22730689794999,0,3
0.0002450957727016355,8.818591735229624,0,2
0.004748603593954759,80.69451975037465,0,3
0.0009310583547147017,29.535026052802962,0,2
0.0011639374200115306,33.84702443590537,0,2
0.000897236385932792,32.28273295095235,0,2
0.0009230515253098437,50.58108272562135,0,2
8.701841190212895e-05,3.466691643753664,0,1
0.003550424519026575,103.24550391389562,0,3
0.0007791898344552077,57.14804727806995,0,2
0.0007499857684743899,10.137007516425458,0,2
0.001653109783079452,28.091816341558637,0,2
0.002858795797317489,175.21967366524188,0,3
0.0004065172858119587,12.89553825125174,0,2
0.00057316223381816,22.833980568702916,0,2
0.0011219100216215622,21.330709167329022,0,2
0.060256357177432114,300.1524166673376,0,3
0.00036305551179454163,13.062805206511594,0,2
0.0005991534918837028,18.880894368801048,0,2
0.000667661412391374,19.415435702632585,0,2
0.0009081922305081041,49.76682783409847,0,2
0.00011585590102742172,5.394959773673626,0,1
0.00013913466034196415,4.384497229076556,0,1
0.0002736479024574393,10.901749136112576,0,2
0.00038545849202233144,18.98438033036025,0,2
0.08103847119152376,285.02749138467004,0,3
0.0015851090591012824,21.055746235900735,0,2
0.004237166357675393,56.284265788684934,0,3
0.0033976355800267337,158.21470565843654,0,3
0.0031401152735949724,99.61071284608231,0,3
0.0010557556245303617,14.02409656900194,0,2
0.00037380243770855344,27.41575728816085,0,2
0.002778021719751641,129.3616923742573,0,3
0.00407497801009276,118.49939516681258,0,3
0.0005683625804644997,37.02868983917781,0,2
0.0007071383764541447,17.041531179711757,0,2
0.0003272383769655561,24.29175593663062,0,2
0.0006382802304623754,25.428190344426913,0,2
0.0008553612040218821,30.776056075050768,0,2
6.033651732374023e-05,1.9013615469205958,0,1
0.00037853628328330156,13.129373252669911,0,2
0.0004394595636683076,8.35537963183644,0,2
0.0010711865547157792,38.54149255281151,0,2
0.0008341041772151821,54.34169302001177,0,2
0.0009231915423553142,40.844947735757664,0,2
0.0023012475673644993,31.104275398428864,0,2
0.0009674344430112885,33.55506053372914,0,2
0.004855232461067309,65.62461585364447,0,3
0.0004354033729282049,15.101784560946506,0,2
0.0005731031559377636,7.744517410139023,0,2
0.0012247265429560321,42.479129808772946,0,2
0.0029566377492916377,181.21654651351153,0,3
0.0011417309439432529,41.07969286916511,0,2
0.001113792103208561,72.56329630520308,0,3
0.0021759060334195085,161.5231648408775,0,3
0.002150544402222253,85.67467672347517,0,3
0.0022632787639701108,30.59107893313921,0,2
0.0006096566519095825,19.339523678869384,0,2
0.0003372627095844297,18.48121426161011,0,2
0.001503552316480079,20.322413803266624,0,2
0.00032755091658578727,11.360967053957067,0,2
0.0011660769531784954,41.955666834204045,0,2
0.0013815739688102042,64.3345390263851,0,3
0.0006659929558392221,20.987180780725023,0,2
0.0007025579647873735,32.71539839653725,0,2
0.0019602834692395623,26.489907268949242,0,2
0.0016754046978547255,22.645216388246467,0,2
0.0005087048052141347,37.76248093711108,0,2
0.0005623550420555927,36.63730011000428,0,2
0.0001879736397213609,13.95377223470356,0,2
0.0004980099812776775,23.190392479405123,0,2
2.6583056823014643e-05,1.973329455983166,0,1
0.0015277249535976503,20.649137608507758,0,2
0.0019158696387796155,94.35931141419748,0,3
0.0010074283832997221,19.15408672436966,0,2
0.0007560653797449746,26.22381265011825,0,2
0.002143664655400907,74.35211532483522,0,3
0.0001299883924061099,6.053055061127011,0,1
0.00028291758983194966,17.340422779069023,0,2
0.0013200442411048466,80.9073951231872,0,3
0.004292954447335164,136.18106835461737,0,3
0.0018760657652467422,31.88057772171818,0,2
0.00047241201811018096,16.385413997879855,0,2
0.0037885737092955207,51.19614985058711,0,3
0.00010914604202850274,3.785684987484593,0,1
0.0008479425036224884,62.19056787359644,0,3
0.0007771463947384003,24.489916502061224,0,2
0.0006848946240699757,13.021800104065509,0,2
0.0002472371094900183,18.3530537521328,0,2
0.002577699029523896,120.03344197053404,0,3
0.00038131357835982074,27.966646175656386,0,2
9.36153541224697e-05,1.779894870264825,0,1
0.0021589369953092827,29.180767781044253,0,2
0.0009016296794377193,32.44080447281477,0,2
0.000329644945826006,24.470401803123526,0,2
0.0002183268685105308,8.697836631673173,0,2
0.0002029421056131232,14.884363903949948,0,2
0.00011708612450115125,5.766658576584141,0,1
0.0002752065607428062,15.080681233794571,0,2
0.005996519515312927,81.05055582957347,0,3
0.0016715460312027568,108.9008349049494,0,3
0.0015084978102681023,20.38479012676487,0,2
0.00458535423986876,144.49651085952547,0,3
0.003376942447779906,157.25110678196222,0,3
0.0010089011439750827,19.182088105080908,0,2
0.005424311545606165,130.72204452605075,0,3
0.0016785214655761767,109.3552828309473,0,3
0.0007917180797013855,38.99324428063916,0,2
0.0015399756417595304,37.112316045745615,0,2
0.004249921817210006,57.430487276337445,0,3
0.0019359866974386995,141.99089159357018,0,3
0.002905058031682256,39.25693353932716,0,3
0.001961482531499413,26.506110562284906,0,2
0.00016687969088353117,6.648253136920075,0,1
0.0009935545597647949,48.93397870825932,0,2
0.0030086985362286264,133.11445006459059,0,3
0.00046047918128020804,34.182567427706324,0,2
0.0008651760396128074,40.287891160180024,0,2
0.00193767937841928,32.927597298457066,0,2
0.0009686345736720173,33.59668656561177,0,2
0.002811750015193224,138.4826973256354,0,3
0.004827923521953562,116.34951796166683,0,3
0.0011923625015760467,42.90142578100075,0,2
0.0019082637961789666,25.792602017686573,0,2
0.0034357407470666295,108.26918144130926,0,3
0.0024469976077083374,149.97997502466086,0,3
0.0005758449392371706,42.23414161373393,0,2
0.0005555660388953595,34.051435267282585,0,2
0.0014092484450238662,56.14248411970337,0,3
0.000559931310047888,26.073828496778436,0,2
0.0018800387868513383,45.30759561636115,0,3
0.005795277369113742,76.98138430922974,0,3
0.0025621419079526492,92.18634497405971,0,3
0.0007415731121657556,29.543234069461654,0,2
0.0013953488142065297,43.97109242547651,0,2
0.007324487666767397,98.97803156014848,0,3
0.0009587592387051938,71.17119221951084,0,3
0.001741042384212021,77.02928582669935,0,3
0.0035619874945838907,128.16097615427856,0,3
0.0032795312037988823,130.6519295298795,0,3
0.005150320558558744,97.92228238976337,0,3
0.038782478439805326,143.14929418411464,0,3
0.00637510427750108,121.2089139360953,0,3
0.0006546241988938587,48.01204149937543,0,2
0.0012274250294407425,20.858020957235077,0,2
0.0007070516223407454,20.56089367637709,0,2
0.0007263956444391979,25.194730244176412,0,2
0.006036983585357589,102.58836761642874,0,3
0.0012893653936109845,17.427406273376153,0,2
0.0009678700798802337,42.82166919213022,0,2
0.00031194086753906334,20.32287492049187,0,2
0.002849615266939701,156.15230742930385,0,3
0.0030928137983861274,107.272957846497,0,3
7.21070800927448e-05,5.352696120664358,0,1
0.0009397048527871043,41.57554942629093,0,2
0.0010176946243530022,13.752417265283077,0,2
0.0008080468454990133,23.497810839942247,0,2
0.00024277239995359302,7.650393599097691,0,2
0.005311840434338414,100.99323587854627,0,3
0.00020802105036206594,8.287267271966739,0,2
0.0010086976903786503,13.633826799099511,0,2
0.0028329108954099386,68.27113470428968,0,3
0.002510596744400798,186.36812691655305,0,3
0.0026022853194286985,169.53828291690235,0,3
0.0016202715945984173,39.04739131456366,0,2
0.0018370509502923522,73.18553670792073,0,3
0.0018932074148881456,25.583488127219038,0,2
0.000520583527574951,18.730692672360863,0,2
0.0004955749497827438,36.78781761497829,0,2
0.0003029953569061025,14.92295334747858,0,2
0.0005281238091192648,38.73413522306049,0,2
0.00183122437223485,57.70667183969502,0,3
0.00035413832050358243,25.973533775970264,0,2
0.001143710664883418,15.45869814319692,0,2
0.0007332098584209694,36.11163095980475,0,2
0.0013655712984482356,32.90929559970522,0,2
0.0005888921088954638,43.19105895981103,0,2
0.002601411366101035,193.10953251291377,0,3
0.003335586459133923,80.38525773553624,0,3
0.0030875788497114398,143.776566791329,0,3
0.002809763132541715,124.31291127920119,0,3
0.000803761379389208,15.281796127377502,0,2
0.0022425649630177496,30.304463026451696,0,2
0.0003071320821729223,9.678535599526231,0,2
0.0008576467195989501,34.1674440056482,0,2
0.001281288170720208,24.3609423237605,0,2
0.00012693475952447263,5.910859226353771,0,1
0.0011668891552374758,41.98489001616965,0,2
0.0007630412889991572,18.38875155254681,0,2
0.00024252994693806204,10.73030086667388,0,2
0.002321150762435528,92.47139514655775,0,3
0.00034657931052716146,10.921620988808966,0,2
0.00019121962057348508,2.5840089438494607,0,1
0.0026840507450491243,164.509300066047,0,3
0.0014058855278068385,18.675036105723688,0,2
0.0593934749470177,396.1528469300057,0,3
6.842351244383298e-05,3.027275122706538,0,1
0.000373570436287392,27.731105219327965,0,2
0.00019546257226616673,14.335793188023416,0,2
0.0012297489692930223,39.01008745859598,0,2
0.0012336626291986894,44.38741209607414,0,2
0.000893461486351581,12.073617052441998,0,2
0.000297517108542336,18.23524811304491,0,2
0.0008446943677677609,11.414612133342018,0,2
0.00043160474108444314,26.453670442691152,0,2
0.005390171871173496,72.85499948093566,0,3
0.0025881398822985647,127.46957945054999,0,3
0.0066181129558678204,87.91149489631164,0,3
0.0034550605670835644,45.895188165428586,0,3
0.0011247411411026463,21.384536822938763,0,2
0.0004958947579139563,17.84238612310644,0,2
0.00034898649092590786,17.188082273490078,0,2
0.0004672476434914738,25.6040871617222,0,2
0.0004466478124057296,16.070471814438097,0,2
0.000841086137265669,26.504825103912488,0,2
0.006533359012793386,111.02343193382313,0,3
0.0008645317723391047,34.44173486294334,0,2
0.00011960710284439243,6.554191827496671,0,1
0.0006225924176028003,34.11662048718354,0,2
0.00010147980834287828,4.4897914222921695,0,1
0.003827539634946362,137.7155918233288,0,3
0.00023388576372444423,14.335192192879706,0,2
0.006309803007399292,85.28497899804448,0,3
0.0008103470337746442,19.528786305876633,0,2
0.00821867807102331,109.17255116575022,0,3
0.0007254906675823577,53.20959429582817,0,2
9.987126237661588e-05,4.418624201939468,0,1
0.0018691533963281983,114.563078776813,0,3
0.000690132792457706,37.817676380795454,0,2
0.0024015205012713594,118.27830884745836,0,3
0.0007392311138071478,32.70594976538248,0,2
0.0032405751637062745,143.37341399130204,0,3
0.0005233803776570326,12.613094299047724,0,2
0.001810588435890841,34.424449914348116,0,2
0.0007881231193138061,48.30519056442464,0,2
0.00029480312178493837,9.290017795798168,0,2
0.0031022269729093347,137.25244736283744,0,3
0.0038442138388781466,133.33495514863566,0,3
0.0005602936558413866,30.702792834063,0,2
0.000354108815249987,16.489473534237465,0,2
0.005125574453840461,97.45178836386366,0,3
0.0020278230821289068,27.40259061831886,0,2
0.0005817350529419229,7.861162862076648,0,2
0.001451662188568456,52.23107700857426,0,3
0.0011895097702913173,42.798783975909444,0,2
0.07544449261138343,359.73336422916014,0,3
0.0005535769365726283,41.09345596951594,0,2
3.4836104474314043e-05,1.7157278157208884,0,1
0.0004358187505979756,26.7119530987928,0,2
0.0004676103485926155,30.464705381334092,0,2
0.0010495174783717962,46.4340113455692,0,2
0.0006826896971677696,33.62344098492592,0,2
0.0006123777102312451,14.757866621516872,0,2
0.0008127075195118407,32.377129220379814,0,2
0.002834068708922829,173.70411513417457,0,3
0.003080933573653347,136.31035924804763,0,3
0.002483797746597579,136.10635576620962,0,3
0.002180148726345064,41.45084501159392,0,3
0.0013711833044798261,101.78650342197648,0,3
0.0006993690138614381,51.91598110191177,0,2
0.000101488663721724,1.3717478253911994,0,1
0.0005828494570040775,25.787124899790022,0,2
0.00023967713363871513,15.614909475212162,0,2
0.0007024994418703913,31.080823069923234,0,2
0.000415392400695442,14.945896256274247,0,2
0.0031202331730970866,145.297151928036,0,3
0.0020629877794474624,134.40317370074575,0,3
0.0012505215776963798,16.61126397033024,0,2
0.0023354917966577583,56.28368873469721,0,3
0.0009218794843968925,45.40387904992136,0,2
7.29750940093131e-05,5.352205506481825,0,1
0.0006358843744720402,41.427719004058304,0,2
0.0012722040167166633,40.090477616467155,0,2
0.00016506501826438815,5.725211377240599,0,1
0.005750111113041608,77.7200341971219,0,3
0.0008005513686017655,52.15573534777353,0,2
0.0015224954714953315,20.573944784093747,0,2
0.0003036258422006732,18.609661115584682,0,2
0.0006459708200360917,20.356230888489275,0,2
0.0011287978088178384,14.994350122246404,0,2
0.0036032114747265305,113.54662230019785,0,3
0.0006398311486664672,8.64812831911302,0,2
0.004528892955768363,143.66550792615135,0,3
0.0010377379284064647,19.730357618831857,0,2
0.0006853143191525417,33.752707359940565,0,2
0.002535055464237506,100.99305885067776,0,3
0.002224166812177022,103.57081836336368,0,3
0.0007654574110124225,22.25932017455514,0,2
0.0007525464944595084,27.076763598429714,0,2
0.0049521668182768075,66.93480645850275,0,3
0.00018817330294733492,2.4995941398989827,0,1
0.0005487796014432596,17.293481264754284,0,2
8.071045376611502e-05,5.991346927587106,0,1
0.0028011906947847196,88.27284883013682,0,3
0.0024291487726319037,158.25847718809214,0,3
7.274247071300657e-05,1.2361357657047845,0,1
0.0009582100300411928,27.864520672608474,0,2
0.002229703702614711,29.61819887025441,0,2
7.000232217476018e-05,2.4280013752293894,0,1
0.003409509520294965,135.83008359884747,0,3
0.00048018991300925593,9.129779734635898,0,2
0.0021853163116594522,87.05994089054448,0,3
0.0018416560053834269,136.71091580653191,0,3
0.0034424523769959743,108.48068246309256,0,3
0.0001649855238087748,5.722454145172346,0,1
0.0017230118358822683,84.86078963907266,0,3
0.003724040162787819,117.35425044041541,0,3
0.0007153517661831623,12.156198360760143,0,2
0.00720147669483123,97.31574684939872,0,3
0.0008501600910011207,41.87159666552086,0,2
0.0018081062252774587,132.61176606362514,0,3
8.577182501644236e-05,3.417029368318402,0,1
0.00019954031208124296,14.63486647855547,0,2
0.0036069338459216544,48.741595082043936,0,3
0.002109056281219325,28.015582650044724,0,2
0.0003377355001237082,13.454909259831929,0,2
0.0009199242266207879,33.099045701580366,0,2
0.0006342751137939188,8.42537348651824,0,2
0.0013281509337278975,42.13159382660618,0,2
0.00014357116689572817,1.9401208841688673,0,1
0.00036094092802201196,8.69841926804277,0,2
0.0002535115824483993,3.4265301087084423,0,1
0.0015830871495935248,73.71822595601088,0,3
0.00039341024433267493,14.154974159632433,0,2
0.0008401470128063469,11.160066369521749,0,2
0.0016735336839711003,28.438886136135498,0,2
0.0016217227667284125,47.15931386859,0,3
0.000810141817585439,44.39389261722866,0,2
0.00045489067075874824,15.777693365999314,0,2
0.0002169260154937634,10.683915562676559,0,2
0.006306959362918721,85.22786183447163,0,3
0.0014305826253315007,87.68245042089389,0,3
0.006932170558488253,117.80056241313314,0,3
0.0021308704246501414,130.60408888961572,0,3
0.0012185742562810765,43.84452961694097,0,2
0.007983763978976271,107.91068159717071,0,3
0.001452214815132342,94.61145722409704,0,3
0.004776823269720395,115.11803828142473,0,3
0.0012956313537643852,37.67665283100346,0,2
0.0020257856997023026,72.88814830147366,0,3
0.0007852267108225414,34.74094214776033,0,2
0.0005952487021665091,14.345069728104793,0,2
0.0015930756941523834,70.48276601489533,0,3
0.001452095634599285,94.60369264010592,0,3
0.0016981663408236198,22.557539074947382,0,2
0.0005754466849523947,18.133830847424676,0,2
0.0006688993377463072,36.65413231000538,0,2
0.0023284375374559834,83.77761802038106,0,3
0.00024365884717914062,3.2933579130746584,0,1
0.002480105212363169,161.5782773772174,0,3
0.0012352027502884047,38.9244708879619,0,2
0.001029233903211742,63.083214553199625,0,3
0.0014379468342382038,19.43141331055836,0,2
0.0014591417413871192,67.94656922143638,0,3
0.0017021884861942145,83.83520997638048,0,3
0.0003534871722297189,11.213317391191376,0,2
0.0028859989513990735,103.83878195921005,0,3
0.005284415582152149,71.42556929468104,0,3
0.00047504093026809474,8.072520472872371,0,2
0.0010993509873322503,20.90179758774833,0,2
0.0010337471147758876,32.79251811909403,0,2
0.0001253367260937346,1.6940845918728016,0,1
0.0007584278868220738,46.48512739254746,0,2
0.0031594733249630754,139.78520914673808,0,3
0.0032452061693295843,43.85345887118586,0,3
0.0009808977061451804,45.67660015426793,0,2
0.00039060552855747386,28.648144811444194,0,2
0.0006289293442426618,19.950891878599013,0,2
0.00042820821485451793,19.939995057739253,0,2
0.00343311212229907,119.07606341185479,0,3
0.0009577240850922942,42.37277791894613,0,2
0.005383565315303703,102.35693042307005,0,3
0.0020264555170433508,26.91835800206568,0,2
0.0012590613199679166,82.02755196778793,0,3
0.0013850210782678288,18.39788384776219,0,2
0.000707796135135587,25.46663730154375,0,2
0.001367196451900275,25.99430375703172,0,2
0.0683858936253075,239.2239775292797,0,3
0.0025067343529311804,72.89524113516737,0,3
0.0026461136629862916,172.3936892992731,0,3
0.003273479886311659,113.53928582409468,0,3
0.0011721890060481304,46.69836811935139,0,2
0.0010216857028750085,36.76044264681722,0,2
0.00041068408435034786,22.504535310364297,0,2
0.0009698712911652886,47.76754396142007,0,2
0.0017631840088925149,55.93170973100092,0,3
0.001702783446353878,61.2664668238969,0,3
0.004028087480152418,126.93557702874917,0,3
0.004945170409391882,94.02179297155884,0,3
0.00013918744644929204,10.208411889458795,0,2
0.0005193859112279492,38.09327239384636,0,2
0.0005002534443449841,23.294861849497693,0,2
0.0005406004901739008,21.536766311051768,0,2
0.0005468565181288706,40.59458182724204,0,2
0.0030543047197470778,96.24913409478813,0,3
0.0010937338032669462,39.35274677206539,0,2
0.002921996160255403,116.40823419336466,0,3
0.0034128420877139803,168.0873389523593,0,3
0.0007245863474011974,17.462014851391235,0,2
0.0012054281712938794,35.05356565399235,0,2
0.0013134877499307778,17.44767313498746,0,2
0.00022156872589807521,7.972084191630311,0,2
0.0011301311596350096,21.487016447422533,0,2
0.002515529061927368,117.13842780777271,0,3
0.002480558193353853,32.95041659294802,0,2
0.0011772999043856292,37.34629862018351,0,2
0.0034474450999668156,83.08097130298896,0,3
0.0006491150825583432,31.96984334372078,0,2
0.0016924639839652515,22.875794245582384,0,2
0.0007311228693806144,23.039594785620555,0,2
0.0012440952432086357,16.81552285613236,0,2
0.000618832853029724,8.220246702280537,0,2
0.0008105490466539604,44.416207825684914,0,2
0.000824124899501304,50.51179104345864,0,2
0.0044383950025075735,129.06747521235795,0,3
0.002064650116094241,153.26434869824695,0,3
0.0018329194093436691,24.768797955433527,0,2
0.00035169149385771287,25.794076397734365,0,2
0.00019921765039085759,6.319580791770174,0,1
0.0035139138252066244,121.87863680778644,0,3
0.004326577532692646,150.06553887153692,0,3
0.0026709175325978253,84.16760059632053,0,3
0.003288026869160379,130.99038493802868,0,3
0.030332720322030784,148.82002462935074,0,3
0.0005898205524484375,38.426671719901975,0,2
0.0011949516674292517,58.85307341876074,0,3
0.0046349522189471585,111.69904701217156,0,3
0.004475810081028214,85.097914526711,0,3
0.003583128125292237,142.7468056348823,0,3
0.0029873404254208195,119.01145819003966,0,3
0.0019328942818156016,32.84628264147358,0,2
0.003140277383970923,172.07991730116385,0,3
0.006100957059794616,82.44409000117426,0,3
0.00029649330750341774,22.00946945619244,0,2
0.0027359339177272413,149.92283315705723,0,3
0.00037211552837158093,12.906672044033584,0,2
0.001061412311780417,65.05547513010431,0,3
0.006564130545613542,111.546342303951,0,3
0.0004248556879200072,19.783880886674616,0,2
0.0028356135091219545,184.73956017169175,0,3
0.000804696968006328,52.4258201841531,0,2
0.0002530834023999689,12.46471842209216,0,2
0.00036304966700639434,16.062478905004063,0,2
0.00042517837178651224,26.059789098562838,0,2
0.003742272619855949,134.64766867526464,0,3
0.0019456832775964859,95.82767563510734,0,3
0.0005589839491137529,27.530756509905668,0,2
0.00018803971456546564,7.49123884162698,0,1
0.0016584703192370656,22.41632681387173,0,2
0.006353829818737479,120.80442580083219,0,3
0.001170984330923776,37.14595604682097,0,2
0.002406310473990621,31.964149352514127,0,2
0.0021912621491953373,69.05240432336448,0,3
0.004788321599882399,115.39513984809827,0,3
0.0030019229989507626,40.57479126036704,0,3
0.0011413247212505682,39.586372375784315,0,2
0.0031341377706264393,99.42109454233976,0,3
0.003850567012542346,133.5553123298623,0,3
0.0015501651795156981,55.77523304312243,0,3
0.05906607226285829,289.0220702724756,0,3
0.0028729856916740225,176.08939253807253,0,3
0.0004824981771971836,21.347263190840973,0,2
0.00036947740521697255,6.2786461709615216,0,2
0.0010113728168951242,40.29167639824685,0,2
0.0023869536017571045,75.2191540707116,0,3
0.0007058348844827821,24.48158885259071,0,2
0.0015283663460098765,83.75093097498699,0,3
0.003230442497968101,43.65395288572415,0,3
0.0013114236428306857,31.604375668557047,0,2
0.0007933823595953612,48.62753690574986,0,2
0.000582137713238441,27.107894529398173,0,2
0.0016831357765438883,67.0537717743017,0,3
0.0007536008306614995,26.13833079211561,0,2
0.0006155326506416417,27.233133961526175,0,2
0.0005177038680880289,33.728286517925696,0,2
0.000659087067328991,40.39638681529155,0,2
0.0007433465027870011,40.73366428667084,0,2
0.0005230646741782085,23.142054816407036,0,2
0.0015965741824654133,104.01643640831362,0,3
0.0018587787621414875,35.34068545384843,0,2
0.007949000009466094,105.59029113327158,0,3
0.0005845421308146952,14.087048984789108,0,2
0.0002502737333109524,18.57847023724528,0,2
0.00039146699615678047,25.50398369139193,0,2
0.0018097092548068352,99.16786984993122,0,3
0.0013163797477553885,17.788640263487093,0,2
0.0009755473237505473,43.161335025547196,0,2
0.002016622985566715,123.60170032724565,0,3
0.0006685041329185978,24.052903714089453,0,2
0.00047511436414637246,21.02057967575856,0,2
0.0011271488337724583,27.163484028722745,0,2
0.0005281782033883364,34.41068702499226,0,2
0.002902911451730548,142.97252805580464,0,3
0.0006666416038113255,11.328451196401751,0,2
0.0023276374090625564,170.71569316906684,0,3
0.00041696714010022105,12.1253056541493,0,2
0.0007470322703753352,23.697352003871856,0,2
0.0012009099797469294,34.92217771417149,0,2
0.0004373254091049155,17.42243173835802,0,2
0.00039872979549615474,19.638010949067947,0,2
0.000829292278838324,45.443293477641994,0,2
0.0013957540521584036,68.74287717672462,0,3
7.681540428068643e-05,3.7832681865274567,0,1
0.0008870727268408043,30.767747894433853,0,2
0.0008602671080864082,52.72699857936078,0,2
0.0007156344771515412,31.661959058449664,0,2
0.0024286434682400083,58.52857766813515,0,3
0.0004933754202716414,22.97457895610187,0,2
0.0035705186249169094,48.249505115092276,0,3
0.0003517653444035056,19.2759250132953,0,2
0.0006714535369321907,9.073556048320702,0,2
0.0014470810410382145,106.13312968369392,0,3
0.004419329362301748,139.26463252050326,0,3
0.0022456885184120065,30.34667258136642,0,2
0.00047377006309153806,34.74767350297847,0,2
0.001645548423601611,52.20007458835919,0,3
0.0010877181473706683,34.50458680491983,0,2
0.0005607708032539469,36.53408732078549,0,2
0.000206957431325954,15.178859562808414,0,2
0.001001585477147544,44.31334624515026,0,2
0.00025027396372042743,11.072920947370857,0,2
0.0008417647259336537,51.59296117596271,0,2
0.0005214119494456544,25.680281954969605,0,2
0.0019264609647962315,46.42633703843602,0,3
0.002312319089868944,80.20182410741864,0,3
0.000800251541770236,25.218020145607014,0,2
0.0013011837371876634,45.13101573160186,0,2
0.00123285473880125,35.85112373972328,0,2
0.0005700684907621088,9.687353803427944,0,2
0.00043045447436421293,13.564746882299778,0,2
0.0019388575761663611,61.09847574559789,0,3
0.002505388579232692,60.378080177715134,0,3
0.0004560306742781009,29.71029229474343,0,2
0.0018923321113443517,83.72282743119855,0,3
0.007940178304575265,105.4731082943478,0,3
0.004451214028492717,59.127561278820174,0,3
0.00013998205219969251,4.41120076393279,0,1
0.00039103813937257974,25.476043771711403,0,2
0.00027132265181220653,20.14098621016955,0,2
0.0007737856767022403,50.41195674984308,0,2
0.0006953238089518402,22.05705658354747,0,2
0.0011302387273693412,39.20185929745804,0,2
0.0004473280242409329,32.80833751636427,0,2
0.0002421911809845324,7.682786802690973,0,2
0.0005377114271601823,12.958462384104205,0,2
0.0003968483636543264,29.106012483079777,0,2
0.0010760314625986578,14.293430025040806,0,2
0.001234650085126742,16.68420245225808,0,2
0.0005961968618764534,43.726810775675126,0,2
0.0009490361958944339,58.167782636717526,0,3
0.0020830504848944713,28.14889532420522,0,2
0.0011662076846725264,71.47853306834972,0,3
0.0014214037249648732,19.20786123889771,0,2
0.0013205588803721661,41.89075876775049,0,2
0.002096017125212116,83.50238638358383,0,3
0.00042454421597949596,20.90940796484624,0,2
0.00048679898208053623,29.836604230620637,0,2
0.0008957752212865816,65.69875841925135,0,3
0.000904879646671763,12.01994027158907,0,2
0.0010325230359589856,32.75368790016649,0,2
0.0017527794079823388,23.685841720834137,0,2
0.004008305581832464,116.56057674777334,0,3
0.0023217021300151806,67.51454792710322,0,3
0.0002719070876501564,3.6751686593811845,0,1
0.001214385346746566,38.52272274093115,0,2
0.0006208486256590138,45.53484278512579,0,2
0.0008600721205191874,40.05022145191331,0,2
0.0002861725287647618,3.8679841631980656,0,1
0.004047350121174052,140.38065245482125,0,3
0.00024078876587287375,13.194665901156288,0,2
0.0006260641597449863,29.153378702424003,0,2
0.00041787047166343995,13.255683926555369,0,2
0.004097812218355469,129.13278598227663,0,3
0.0025835405504666138,141.5720300817269,0,3
0.008133804697119546,109.93867192915019,0,3
0.0012442470239908624,49.5690586227414,0,3
0.0018440287513957928,85.86926386186597,0,3
0.0008501231214659477,11.292583694529924,0,2
0.0023750900310675286,32.09531461426397,0,2
0.0007882889781221033,22.92325673728179,0,2
0.00019198922449240437,14.251859537621904,0,2
0.00014323959811329538,10.505608470615787,0,2
0.0012907308127392083,21.9337961150508,0,2
0.0010280617510986508,45.48474131990533,0,2
0.0003344824300890446,21.791452474403897,0,2
0.004404384949621772,138.79369497104946,0,3
0.00024899084687020877,8.95873723220195,0,2
0.0007137275154633151,12.128596955589344,0,2
0.00015554149400898184,11.407865272705777,0,2
0.0009475638345156794,30.05861275761833,0,2
0.0006470698116923365,12.302642545449489,0,2
0.00011565676802211671,1.5632476988871122,0,1
0.0010238026924812378,32.47706123063449,0,2
0.0011906046986318551,42.8381797023559,0,2
0.0007355062620687966,12.498690071033161,0,2
0.004284194715344467,135.90319220297695,0,3
0.0008531744490624726,27.064393389571553,0,2
0.001271302306679803,77.91993241186566,0,3
0.001498514439295548,109.90540460991521,0,3
0.00017676062760488775,8.231056571490159,0,1
0.003847158437519437,92.71377802323259,0,3
0.007463601296258158,100.8800241552254,0,3
0.0007884151736301559,25.01010014643729,0,2
0.0012372266745342862,35.97825859512367,0,2
0.0001522858396109842,9.92138700835201,0,2
0.0016395076925287712,120.24625961772567,0,3
0.0005832570745513715,14.05608004418525,0,2
0.002057332478284901,126.09684322477312,0,3
0.0015743326449258082,45.78122035334122,0,3
0.004330339385264388,82.33210172184609,0,3
0.0001787976769700616,7.123049009120273,0,1
0.0008947977328132694,44.07006417045556,0,2
0.0009475316532241417,27.553996004487615,0,2
0.00024813714138129,16.16607701069775,0,2
0.0007780235362323436,10.513668890882267,0,2
0.00024831326988909193,7.876991660397393,0,2
0.0006657505169598976,49.42039262826967,0,2
0.0012561881429398152,16.97897371163287,0,2
0.00038353763310413946,24.987387533955737,0,2
0.001707474897788476,61.435266123825016,0,3
0.00032466728881658344,6.172851102517201,0,1
0.0004055815695750133,30.10737491082475,0,2
0.0042897035994125,57.968070609602215,0,3
0.014536329037065511,58.89992973805974,0,3
0.00038269673173177654,28.408573869540433,0,2
0.0005421990631313965,25.248106561486793,0,2
0.003142471123297234,172.20012912823958,0,3
0.0010314243142941402,45.63351187474333,0,2
0.0004010558231387684,21.976928927087567,0,2
0.0017112025254108893,68.1719117361525,0,3
0.002391968953316705,32.330489828028995,0,2
0.00028005938283823365,8.144060506566035,0,2
0.006931133833520568,92.06949786055692,0,3
0.003620016420602781,160.16110928061082,0,3
0.00037527145448116526,5.071157404467669,0,1
0.002838788428234961,173.99339346543536,0,3
0.000310713413750888,15.30307865172083,0,2
0.0016313297392288306,39.31388472346885,0,2
0.0004708215380828583,6.363749381737643,0,2
0.0005792378709571667,23.076025442194318,0,2
0.00020330218189079256,8.099274161776044,0,2
0.0012359538381479572,29.785607132649602,0,2
0.0020965945239382316,28.338130323847675,0,2
0.0021564436517333184,29.14706708480038,0,2
0.00022057741844996062,2.9813831712159056,0,1
0.0020325655039158245,34.54002717945724,0,2
0.0008537024955772378,52.32464411155482,0,2
0.0009860243400064985,16.755822844487902,0,2
0.0006117579153625501,33.52291489320701,0,2
0.0008727823694723692,47.826449576503315,0,2
0.0007165865946087066,28.547806208528616,0,2
9.598643894010122e-05,7.125323043038624,0,1
0.0011746859714365304,28.309095185846907,0,2
0.002007802898941595,93.49559044637171,0,3
0.0008529921283645835,52.28110469146033,0,2
0.006045890282240828,102.73972192792993,0,3
0.0019900425648246263,92.66856059913613,0,3
0.0005825932918859163,20.20700556714451,0,2
0.003775292998892833,71.77908694000449,0,3
0.0009634283561091579,16.371842157785743,0,2
0.0014791675305631028,28.123193300826657,0,2
0.0001257222633619418,4.360624317257402,0,1
0.00042350707874463494,5.6256429347584,0,2
0.0012315674404753565,91.42245466728117,0,3
0.00032395295477945734,10.20860531150697,0,2
0.0013042627006931448,22.163747758339976,0,2
0.002567022103281932,188.27286244664114,0,3
0.0020612786071178097,153.0140728169366,0,3
0.0021189378426574182,84.41551566162485,0,3
0.004081833642251225,128.62925923716898,0,3
0.0004581869439876724,14.534602755244887,0,2
0.0026558162708624116,145.53257192814937,0,3
0.0031979589656767173,42.47998714504228,0,3
0.004376336683923134,127.26283400960506,0,3
0.0006372956826354821,46.74111774934357,0,2
0.18833529550990025,573.693073020872,0,3
0.001013076762883319,31.924699774927795,0,2
0.0016425262747149414,47.76427495246479,0,3
0.0015881688517148467,78.21958040566247,0,3
0.0009213028102473951,42.901497088877065,0,2
0.00265247592340785,35.843714619218495,0,3
0.005011639597211544,95.28556180029301,0,3
0.0023004477866327092,149.87363790351824,0,3
0.00379478529469137,131.6205466899924,0,3
0.004344635676778046,126.34097623182869,0,3
0.0007096435850874374,43.49506792836658,0,2
0.00033844836278794783,13.483308709870652,0,2
0.0005344407638773169,15.541410803959096,0,2
0.0018014319768471956,64.81585939852906,0,3
0.0006465801944486106,20.51081201469678,0,2
0.0004709921951437868,14.84219654145932,0,2
0.06055246897009291,292.0946811003068,0,3
7.516075061425806e-05,2.9942990270352974,0,1
0.0006408969137012836,31.565086809799343,0,2
0.0002491570781383529,15.271192844117271,0,2
0.002545410457419858,112.61710309229703,0,3
0.0036577432702999554,126.86730117828071,0,3
0.0030793591244026508,151.66282751928108,0,3
0.000672348695071661,9.087644142187493,0,2
0.001350501337601471,74.00434104190715,0,3
0.0030005228754985034,132.75273267452957,0,3
0.044843579864630445,224.57517689261766,0,3
0.001174318622552105,37.25172642051632,0,2
0.0008350091670507303,26.488154451639765,0,2
0.005468456866520189,73.89692234387027,0,3
0.0008109808621138649,37.76423202895723,0,2
0.000712004293023006,35.06722662842491,0,2
0.0012392085144419924,75.95285809061964,0,3
0.0009081432453605711,31.49857004937711,0,2
0.0008917367041266302,25.931492102615586,0,2
0.0010746843225057675,78.82047192581891,0,3
0.0012459261397188535,16.55022061476928,0,2
0.0029368436069436748,144.64373508153415,0,3
0.001973895332138069,26.673848516017436,0,2
0.0037069991691531094,116.8172441388335,0,3
0.0006334856111128478,47.02528473957176,0,2
0.002414143980437313,32.630213404192055,0,2
0.0012517509430966466,30.166306109676096,0,2
0.0019267245373627616,36.63252842027359,0,2
0.0002370134845068423,15.441373354196058,0,2
0.003080315859889796,151.70994810616511,0,3
0.0009701300191853706,42.92165613803399,0,2
0.0019331373399230683,105.93144264380487,0,3
0.007072223867296675,95.56911404380351,0,3
0.0014048079599839826,18.987758765689463,0,2
0.0018648279288308557,25.20551125903667,0,2
0.00041493895485533256,25.432200624112454,0,2
0.0013386623944588226,42.4650383040321,0,2
0.0005780560610270302,35.429880814996444,0,2
0.000429844283049616,12.499769920508653,0,2
0.0014208494753567018,66.163446971772,0,3
0.0012753774494170533,24.248562654574112,0,2
0.0001687508986069136,9.247157854588954,0,2
0.0007516783711752364,27.04552836032073,0,2
0.0029956645307141587,164.15546834766343,0,3
0.0013053179141678606,17.639158338777584,0,2
0.00162415826814064,105.81353317026182,0,3
0.0004839315456020692,6.540947737158401,0,2
0.0027545941974375173,37.223669943006655,0,3
0.00198572030126079,62.5752428417226,0,3
0.00033260301066947247,24.689986650990495,0,2
0.00024162328090562529,14.80943566166398,0,2
0.0008792834378199274,30.49757965047855,0,2
0.0007082295222374675,38.809335200432926,0,2
0.0009027486320320618,55.33075179935088,0,3
0.00045421616633764127,6.137961328118162,0,2
0.0030364380778068046,134.34173614119817,0,3
0.0006891333239277172,32.09026496119572,0,2
0.0012153726726220797,29.289615703386826,0,2
0.0015140226848137006,92.79661072811072,0,3
0.0021217515830747415,76.34101873103597,0,3
0.0007181253579256078,39.3516040444316,0,2
0.008239185626563181,109.44496263352077,0,3
0.0007813082833286857,31.126227631658356,0,2
0.0009865791448085213,31.089690491543372,0,2
0.0008182027658649033,25.783710190834817,0,2
0.0018408023295424759,24.875322255797045,0,2
0.0006203969533296982,22.321998396337126,0,2
0.0018950668415415122,140.67574110714187,0,3
0.002320267061529729,44.11489417706485,0,3
0.001116667837786748,15.093180085298334,0,2
0.0042540219676017515,57.498494602555276,0,3
0.0005982661852068416,38.976902728514396,0,2
0.0010308386047861505,41.06716612215493,0,2
0.0009069253513232102,26.373174364885237,0,2
0.006234670523623712,105.94772415750008,0,3
0.0001388334731326215,10.182450457543544,0,2
0.0022769578079318157,100.73989892089591,0,3
0.0013657735588865363,43.03909873906483,0,2
0.0017449432208003683,23.58511759625876,0,2
0.0014354439636979485,19.401843156321892,0,2
0.00020142195924841564,9.379439096697633,0,2
0.05260588393521178,257.14127939068624,0,3
0.0006215654146528867,34.06034310748733,0,2
0.003774382152117286,90.95992138340026,0,3
0.021822211084537146,117.82683693855522,0,3
0.0007453649000521574,55.33037537863071,0,2
0.0021395786724094363,28.912777930394867,0,2
0.0004048022349274984,24.81090659553662,0,2
0.00043198246206869193,5.83751051395189,0,2
0.003583304747191338,47.598715690601786,0,3
0.005795954557754964,98.49248527049987,0,3
0.0011942502951244943,41.422073851942336,0,2
0.00028559026911283624,8.304897369158557,0,2
0.0008537311917692714,27.082054377485733,0,2
0.0016358720857907868,39.42335204011031,0,2
0.001454639703852028,42.30057798230251,0,2
0.0007110626070635851,33.11142658813352,0,2
0.0023669269444736825,68.82967481774915,0,3
0.00036008805539150865,14.345403752544337,0,2
0.0005346402259476925,10.165035474379726,0,2
0.0028197034063134553,88.85623281368872,0,3
0.0006287139859245445,40.9605698589921,0,2
0.0029174860811653847,159.87147063403637,0,3
0.00024280357334241308,8.736117973638704,0,2
0.0006278032736968568,46.04491688683282,0,2
0.00019391379947927676,10.626026461316382,0,2
0.001204913689317569,35.03860464000258,0,2
0.00371198179547355,82.28878956656067,0,3
0.0006015244397483144,31.973432305131144,0,2
0.004578756220092448,146.4996267575281,0,3
0.004470086695203145,87.94025546350372,0,3
0.0004893393460456207,9.398361623263463,0,2
0.0022674450062998173,72.54805260399672,0,3
0.0015579547780942963,40.10172949032961,0,2
0.07727954528252573,325.6009282477409,0,3
0.0022367988445459127,118.89481409302077,0,3
0.0005508504959027461,10.16691832056786,0,2
0.0005361272677086717,32.8275250570331,0,2
0.023730788403252052,209.77726448092244,0,3
0.0010268822278083796,19.352512539886003,0,2
0.0023131511128790827,122.95324284766168,0,3
0.007790028779450592,97.27560436678547,0,3
0.0014911297752683921,21.513960790753618,0,2
0.005836614452963178,84.2104400129722,0,3
0.00076784278428859,35.468911591215296,0,2
0.008361057750562624,91.08417978280018,0,3
0.001312419927922342,69.76037372461174,0,3
0.00059327264394386,29.147123593185217,0,2
0.0017281248380229476,20.25762127831964,0,2
0.0008895443446386921,47.282843399709385,0,2
0.00019490785738967867,10.977878265210128,0,2
9.715470932576643e-05,4.487861143265856,0,1
0.0004025567853697415,5.808073207402486,0,2
0.0007271918456138109,44.526570407773725,0,2
0.0026339455177634566,132.67552637255824,0,3
0.0008927467342508131,64.3490655876189,0,3
0.0005824284670212412,8.403254640031818,0,2
0.003322227716131008,163.21902389272992,0,3
0.002225214337818832,125.33169489281396,0,3
0.00023263311049752863,10.746006081272323,0,2
0.001501747475046361,29.54395867511177,0,2
0.0012039855159900776,59.493303587441986,0,3
0.0020467019281199027,29.529733603506013,0,2
0.001192529399931003,85.95736016410304,0,3
0.0027557840287791126,30.021121179673166,0,2
0.0012351413542344397,61.03282687786034,0,3
0.0008163316478074776,18.096786806677617,0,2
0.0005933684604790312,13.15404413872239,0,2
0.0017035372142177533,33.513779043850626,0,2
0.0006561804444875533,12.90907310149349,0,2
0.0008347503149664638,47.01599751941513,0,2
0.00154526732467804,111.38266275435667,0,3
0.00041679333520616165,24.027234324131957,0,2
0.0003066018278290116,6.796879586454366,0,2
0.0007312099328172803,52.70551447568594,0,2
0.0011284391656567075,16.281075173567245,0,2
0.001942642431854627,35.85489543468131,0,2
0.0004343249750580802,25.037895443748894,0,2
0.0003914929441303666,23.971443362725637,0,2
0.0014443433937981953,66.71846006790078,0,3
0.0017311846256845302,31.95206833446316,0,2
0.0008245465113616081,40.50946781436411,0,2
0.00022673880334808641,11.42115122746929,0,2
0.0012000135647015628,59.297035027144716,0,3
0.005420704062024634,63.543192907274076,0,3
0.0005231995923397902,6.5332950609327956,0,2
0.001663497054656527,30.702774721989325,0,2
0.0014756453417485067,32.71273289919981,0,2
0.002282286912126334,73.02292690597719,0,3
0.004357694701656804,51.08226383326331,0,3
0.0005243689450962141,30.2287355672149,0,2
0.000570138350150442,32.11214512386682,0,2
0.0003175247636890993,5.984037706186007,0,1
0.0016998121080524023,33.44049483033388,0,2
9.459893742280087e-05,1.8168884849759572,0,1
0.0010602039831157407,48.97393335619747,0,2
0.004016265471719922,89.03427938380875,0,3
0.0021632990301930846,41.548808100778125,0,3
0.00030584317017921244,15.112823478324575,0,2
0.0015349523599090702,22.146231290173652,0,2
0.0055076550157637716,122.09603644879373,0,3
0.00020669683955115036,12.65622192389971,0,2
0.0004239045329847495,25.956032301473062,0,2
0.0006277331277372552,31.61979721385875,0,2
0.0009448278129704287,30.230244917364182,0,2
0.0005173602565521873,13.316844204349309,0,2
0.0013287791334314646,16.59272345892866,0,2
0.00038422303789994143,23.526300868926487,0,2
0.0010623186323044528,19.60696567470021,0,2
0.0007243947126074356,52.214274311536364,0,2
0.0004901047322624392,26.051028759486805,0,2
0.0010599362740230447,23.49711766189296,0,2
0.0009561492088179625,50.823158597740914,0,2
0.09571857952183507,595.1277704818306,0,3
0.000646808591466991,31.777312082514303,0,2
0.0015445751233743538,29.108897431883502,0,2
0.0007322574128725489,7.9771086184500115,0,2
0.000453313585220402,22.399873077917817,0,2
0.0002450483902745723,17.663055302186926,0,2
0.0016496741359617437,20.599801762895535,0,2
0.0007318772901615321,16.224566723922692,0,2
0.0016076068833921634,35.638112421382644,0,2
0.0036458849552207418,70.02368708521084,0,3
0.001404923676302443,86.02466236076417,0,3
0.0003156909562667387,15.509704371988835,0,2
0.0013112143277997147,16.373388315017404,0,2
0.0017458355565013284,55.858893794153964,0,3
0.0003959806790197433,19.566845646237127,0,2
0.0009214805162021592,46.41626476503209,0,2
0.0008172778764823946,43.441591282849295,0,2
0.009154030539248634,99.72271311223265,0,3
0.0020623925296235387,126.282035108955,0,3
0.004161950939522031,81.87828420439695,0,3
0.0016060350619144022,115.7627931530586,0,3
0.008281165147661204,103.40851971239027,0,3
0.0004360770404038225,20.143678249672444,0,2
0.0003674158492401056,16.972016330117178,0,2
0.00011137704845443963,1.6069436028848587,0,1
0.0007133251212596855,37.916086145542074,0,2
0.0019634380342105355,110.58755665120842,0,3
0.0014201148609399928,45.43729499456236,0,3
0.0012097872372167726,13.179250939413102,0,2
0.0005862256797099453,11.259182355313476,0,2
0.00023864692403650198,4.497514383785248,0,1
0.0001888402570417377,10.037615724365066,0,2
0.00041651789166050534,30.02255410250378,0,2
0.001215778439954638,22.912430333087485,0,2
0.0025045484741550135,115.69244410888369,0,3
0.0010070076042166913,11.804458926675553,0,2
0.0070581633153262635,76.89063220574954,0,3
0.0006562312919841149,14.547614096308905,0,2
0.00036529648182598745,19.416970552107163,0,2
0.00013890622447225494,6.863861793152447,0,1
0.0015377404541363463,34.089283733211374,0,2
0.0004965023803142606,15.885845392047276,0,2
0.0015727052132610386,40.48140544064499,0,2
0.0036391196444451827,68.58245925979028,0,3
0.005324016995531517,98.26413216198793,0,3
6.593359379478149e-05,1.4616439207115512,0,1
0.00042434422384281196,20.847773219712263,0,2
0.0011108750460077654,16.02766075738511,0,2
0.0006636550445684371,12.248925400534409,0,2
0.0002832200297927312,15.054278515805715,0,2
0.002918992908714169,164.40768082945777,0,3
0.00048012339585120966,25.52048076680222,0,2
0.0011990598301915613,38.364527207666455,0,2
0.00383613894078076,75.46856726688686,0,3
0.00587698539860962,130.28350929459256,0,3
0.000807211752130832,46.53401165363427,0,2
0.0016943275592840984,95.43033275474504,0,3
0.0014359957614737654,36.96250647680571,0,2
0.0006921494924228722,36.79051669167961,0,2
0.0007400676884256706,39.33756066003531,0,2
0.0002711256667672092,12.524090219308635,0,2
0.00023540935833911796,11.632432647229193,0,2
0.0018949918352806194,37.28027607935646,0,2
0.003066565103185249,151.53013572960535,0,3
0.002604684688060372,37.580286558975665,0,3
0.000460722543804711,33.208819535882796,0,2
0.0006172608122891639,37.79540046293262,0,2
0.005762823787554073,62.7793867213573,0,3
0.004095643470121106,78.6618503564338,0,3
0.0012915999339531063,33.24576033231955,0,2
0.0007745487081711904,43.625236779342714,0,2
0.0022649994496663777,28.28348862303851,0,2
0.0023783939409423014,76.0979200205986,0,3
3.0450376658700694e-05,2.1948590900450506,0,1
0.002773926426792904,147.44529559528306,0,3
0.0014351735389153103,28.23424605659408,0,2
0.0006524744703955793,32.055673262793526,0,2
0.0008158931045285439,26.10491354900287,0,2
0.0010826329008567748,19.981901361696494,0,2
0.003153974200536261,158.87009977979227,0,3
0.000135564325539541,6.262114036716045,0,1
0.005461339278383436,78.79598479548547,0,3
0.0005214482063985652,31.928713744878213,0,2
0.0005114847265992268,6.387009254133836,0,2
0.0028488688542010264,139.9631913620322,0,3
0.0036355029158181124,71.52144397969629,0,3
0.007815889060863841,97.59852673007697,0,3
0.007173886723304601,103.5045508729804,0,3
0.003360862457344103,169.29135116375753,0,3
0.001381768396454886,17.254410691606306,0,2
0.0005787597460292672,11.385971545568262,0,2
0.004972625259796892,97.82672361591348,0,3
0.002802974961838727,62.1375398651868,0,3
0.0014138726881871276,36.39305894667862,0,2
0.006148797256061292,115.87957487306683,0,3
0.0026459140328510726,31.01623403191701,0,2
0.001293684242669468,15.164972382267122,0,2
0.0012957321319061708,33.35212303735068,0,2
0.00042760236607902264,30.82152154085575,0,2
0.00044557096176177477,22.017281890673708,0,2
0.001141578957255702,22.458344094434683,0,2
0.0008730455383120286,12.596266127411093,0,2
0.0002943742817279049,7.5771890049353035,0,2
0.000567517485951579,28.58665096390906,0,2
0.00019452818348574626,10.956493730211552,0,2
0.00044228807052538744,5.522937152436406,0,2
0.0019444677332095752,35.88858459339898,0,2
0.004989135458147537,92.083302221789,0,3
0.0015431974303877262,76.25499808934082,0,3
0.00036776243815525827,7.235010183574222,0,2
9.047737453699004e-05,4.445098294918357,0,1
0.0007414165413961825,36.42534303022974,0,2
0.0061758932357224225,121.49867908547856,0,3
0.002653285085680597,122.56302469194623,0,3
0.004247891534143465,49.79511667022046,0,3
0.0001421213793692683,10.244090077921877,0,2
0.0015924716343066777,30.585368650507412,0,2
0.004941399608954324,93.12508806484185,0,3
0.0019166236204902014,107.95080848845205,0,3
0.001181709038988276,13.852363930130416,0,2
0.004010545837706822,103.2313816508941,0,3
0.0001350920326452715,1.5835911705181822,0,1
0.004610636288060664,102.21054417314849,0,3
0.0004700121039613425,21.711238424479745,0,2
0.001783900122992248,34.26198729194823,0,2
0.00038343814356575336,22.1043796674614,0,2
0.0033537482665484024,63.20438082030001,0,3
0.00027104910209881615,14.407344979946618,0,2
0.0016899224643464707,31.848097860744037,0,2
0.0021835844343106757,31.504668931048737,0,2
0.0010758740627063086,12.611733149096779,0,2
0.0013226306709727862,29.320638665490478,0,2
0.0025748771867009626,157.66190316426906,0,3
0.00035573947530536136,21.78222829305585,0,2
0.0005212623366771703,25.609301063677076,0,2
0.001092607331167762,12.807885769429683,0,2
0.002578821468546748,126.69592780954886,0,3
0.0008701017667991115,46.24939254499236,0,2
0.005582355206858025,107.21597060921432,0,3
0.0025007686519758765,144.1639040647013,0,3
0.002517249878638114,29.507992468116967,0,2
0.001875160348563369,27.054738550913132,0,2
0.004056699952047311,89.93064812326517,0,3
0.0009667679427985871,44.65784844760144,0,2
0.0002615122927177681,12.080020259637365,0,2
0.0009635503597533768,18.506165090480124,0,2
0.0002199438365221256,15.853522414542399,0,2
0.0006560326701677983,36.950007493562495,0,2
0.0015570957617530227,30.632828490024803,0,2
0.0007573542278126234,42.65678473878434,0,2
0.00023037224996359535,11.318048304894482,0,2
0.001692871097843392,19.844365880625833,0,2
0.0015846880316769383,17.263367134044877,0,2
0.0022273979753426663,160.55054911551946,0,3
0.0008678212792585202,27.76638182782459,0,2
0.002317100732077007,25.242167432841637,0,2
0.0015688460475544402,19.59048570357965,0,2
0.0005432037906721873,26.84167508587874,0,2
0.0001356915149086926,3.492697285897774,0,1
0.00032612262007952487,19.968763252950893,0,2
0.001006995700129442,49.7593202770251,0,2
0.0006244115679540084,35.1689986857917,0,2
0.0038596105168041627,99.3463090579795,0,3
0.0025976855564349296,146.31054997861472,0,3
0.0026775988688999166,132.3098993112529,0,3
0.0006165669753571981,11.619755215499106,0,2
0.0009723540582635863,47.7711625537648,0,2
0.0009699819056808679,47.654620142419574,0,2
0.0002848296192473936,16.419811513361353,0,2
0.0006915761874364199,33.976716801424956,0,2
0.005759201637043574,106.29623295435944,0,3
0.0010202618678656855,32.64379574989548,0,2
0.0013300395030141291,16.60846193902293,0,2
0.0017098063809500687,20.04288657998032,0,2
0.0003310338136731362,23.860873157546195,0,2
0.0024087972127017354,26.24109591484032,0,2
0.0015033279401513698,16.377041811969296,0,2
6.8780554294276e-05,1.770410297709579,0,1
0.0008347956923110682,42.04982872423322,0,2
0.08754033568304204,878.8346404396709,0,3
0.0005600675877966082,32.286685109022145,0,2
0.00018732680702023235,9.435913748969188,0,2
0.0008597101039795284,10.735367264039649,0,2
0.0004211886392868822,13.476144062719618,0,2
0.10331033838777967,332.50890941443606,0,3
0.008601422999719666,107.4076417945031,0,3
0.001136378398317793,36.35900301447211,0,2
0.0006028486308300436,15.517313504268325,0,2
0.00047527887467873996,23.94046287081247,0,2
0.0005853966168008689,11.243259186471851,0,2
0.005010265942318487,98.56723078332969,0,3
0.001146574097587002,21.608212704993377,0,2
0.0010231187680344728,18.883462979913503,0,2
0.0020072726850057475,115.71492891364643,0,3
0.002189300410338628,27.338219997071867,0,2
0.0004581624760547929,22.509243349829017,0,2
0.0014337566989373932,28.20637248766696,0,2
0.0014893250778835539,33.01599110200555,0,2
0.0023091826264291532,33.31679462623855,0,2
0.0011105327862018367,35.53205955072269,0,2
0.0008532008560957172,16.079332000782244,0,2
0.002144887870910655,26.78363197992407,0,2
0.0011718297764182401,16.907113171126813,0,2
0.0001041398024906451,7.506383080052243,0,1
0.0034113685379381386,49.21908889841703,0,3
0.0005129689592098122,28.892169168830357,0,2
0.0030138194975294383,59.29103272606271,0,3
0.006217695637791827,89.7086641142392,0,3
0.002701462185410355,132.72119152003714,0,3
0.00041745031366344454,21.0275572240067,0,2
0.0008993248800925974,28.77435550929245,0,2
0.0013846702640456655,26.095347570424018,0,2
0.00016392694027899638,9.232926875663708,0,2
0.0014681383353263393,32.54631439130145,0,2
0.00022260344265017707,11.212847314713573,0,2
0.001868447673803797,35.88582658324874,0,2
0.005113482138044502,94.37833970900121,0,3
0.0025339283969163036,117.04958896236099,0,3
0.12739029841772845,687.7872483902142,0,3
0.004108341283400757,80.82361856230223,0,3
0.0007316336005188613,14.393467089655118,0,2
0.00025634082381537017,12.912246476289399,0,2
0.0007291915603476843,35.824737158406265,0,2
0.0007230734766056361,44.27439919777768,0,2
0.0014973106850690073,28.757686040114454,0,2
0.0001612309999193207,7.921180808980585,0,1
0.0023796189223198386,119.86473940165894,0,3
0.0007459548689263857,36.64830829717656,0,2
0.007486664219782422,108.01729208911145,0,3
0.0003086339860610045,17.383323447604045,0,2
0.0912892401647185,956.9715653305178,0,3
0.0020145838932269945,23.615584154837116,0,2
0.0006367550423705003,33.846079887797536,0,2
0.0008949713342200239,17.18902088995352,0,2
0.0031531834902681303,100.88770448079323,0,3
0.002179699243677546,125.65494709282804,0,3
0.00020942970170359976,12.073169343690259,0,2
0.0008278878275245492,46.62947871641351,0,2
0.0020820849655217005,46.15654413942445,0,3
0.0010839828972952963,27.901701339914432,0,2
0.007710621528153171,96.28403057678383,0,3
0.001562322491117512,40.214154349260774,0,2
0.0008619811326135943,27.579523374881312,0,2
0.006142752628476674,115.76565846867065,0,3
0.1575722177721216,972.34520591075,0,3
0.000499504703543593,36.0042324395896,0,2
0.0032219082488404134,148.8293973342559,0,3
0.0007622815691572159,38.397190735330874,0,2
0.0007571608717190472,14.542202128045465,0,2
0.005178030220603048,133.2824098099766,0,3
0.0008667037097889392,42.82698275189261,0,2
0.0006771614087834267,34.10956898828027,0,2
0.08217980921798189,701.4868293749502,0,3
0.00043179933953289373,31.12403882788821,0,2
0.0015648081077540967,77.32286026227605,0,3
0.0006199851297737068,11.684173387727029,0,2
0.001307334652944231,16.324942060581307,0,2
0.0007424906134032125,14.260441844771517,0,2
0.0020185442869781163,25.205955076171964,0,2
0.0008917867675066287,44.06642786803479,0,2
0.0032942606939290525,64.80816743406236,0,3
0.0049922209958953145,94.08286248281868,0,3
0.0002708758814660489,15.615408709741606,0,2
0.005771157140602679,83.26602452684297,0,3
0.0019059724836360317,36.60653652717109,0,2
0.0027262497552471184,34.04321089236952,0,3
0.002874895782756652,165.73152398318786,0,3
0.0012279116830539868,13.37669608718634,0,2
0.00301924627948467,139.467846218502,0,3
0.0020435635091563286,22.26229164043745,0,2
0.0007155576358986703,8.387991001523071,0,2
4.894530134048058e-05,2.821590762220977,0,1
0.0031626099132758974,101.18930766425963,0,3
0.0018095787193036644,110.8020321452754,0,3
0.0002812183373354027,14.947880547492302,0,2
0.002222773782525085,26.05605132398037,0,2
0.000555798372125959,40.0618725661752,0,2
0.00021782096760131762,4.105030638178704,0,1
0.006578119486218439,121.41080749998336,0,3
0.0005109610355784237,25.737823312609205,0,2
0.0005071798367552181,23.42812507821486,0,2
0.0003774775535599131,21.2608290210957,0,2
0.0007966196876276803,9.338225792343222,0,2
0.0024865265088637027,152.25211659828426,0,3
0.0006358764860069737,31.240224400772128,0,2
0.0009034576251972066,48.0223899662065,0,2
0.0009149439862610084,52.74454194540974,0,2
0.0024428771185476487,46.03820067174812,0,3
0.0039140475004134445,73.76372020297082,0,3
0.0006167115440658354,31.064624601060554,0,2
0.0004878834860375191,6.092295973291767,0,2
0.0012869082427745364,24.252934982748798,0,2
0.0006184361967227507,15.91853718523206,0,2
0.000396242644404133,12.67798430846562,0,2
0.0009943648033078672,18.352757801389885,0,2
0.0018800540264859065,86.84521286987089,0,3
0.0006253090333323459,31.497692182080712,0,2
0.003914884263393663,100.76905435509298,0,3
0.0014201727851243897,27.939135422177465,0,2
0.005150087806399877,60.37094429560839,0,3
0.00038255785509525925,17.671470017746355,0,2
0.00014703731429781746,7.815621950450822,0,1
0.002793751927993324,30.43473810006458,0,2
0.0030701613238392766,151.70783807261202,0,3
0.004418952696564324,81.55957281075872,0,3
0.0010485741081333409,48.4367153006162,0,2
0.0006339707846579844,38.81856617316444,0,2
0.00069278318084498,42.419698825387364,0,2
0.00018467241438716272,11.307647783980318,0,2
0.0004635155307558449,22.90398831424069,0,2
0.002215708592706852,102.35008232763204,0,3
0.00456560174565155,117.51851128095679,0,3
0.00046948206850399963,23.198816646394672,0,2
0.0062173740967215625,117.17196667115655,0,3
0.0015011362154542214,33.27782541791722,0,2
0.0006596683544379138,12.977690941142448,0,2
0.0002282719985590692,12.133570659471857,0,2
0.0006499240540355358,32.737585265078195,0,2
0.0003557618658009678,16.4336846341682,0,2
0.0026440799492976064,148.9236411277136,0,3
0.0014293754961334356,45.733593712852624,0,3
0.0015483192581790643,34.32379915588899,0,2
0.0008175925601105272,21.04481859156631,0,2
0.0006162325439104942,31.040496692068572,0,2
0.0006472965597459588,32.60523469610875,0,2
0.001304997122796858,41.75404459631346,0,2
0.0004319617994165096,21.222020067251055,0,2
0.0022363738361601162,27.926035020102272,0,2
0.00017020974149389848,8.57370317424618,0,2
0.00029484160541737244,14.569196147579804,0,2
0.0013594300697590443,16.975467661817657,0,2
0.0004355987764856865,8.039744384384047,0,2
0.000917187667370509,20.332605899449984,0,2
0.0020079561673931406,23.537891874207464,0,2
0.0003236305945815977,16.301726515147127,0,2
0.004864636502502695,95.702254997927,0,3
0.03568221113868633,152.0306510406203,0,3
0.00039152000866154286,28.220710028549505,0,2
0.006135229237334831,120.6986940627698,0,3
0.0005835289104401774,7.2866389888438166,0,2
0.003536464513179566,51.02396862858052,0,3
0.0006705403927711993,21.454279840398137,0,2
0.0057038356053529604,82.294712107389,0,3
0.004111733056362817,78.97087057132204,0,3
0.007912671220431303,92.7548134003662,0,3
0.002632440373139934,148.2680603223585,0,3
0.0020310466544674736,23.808565804696716,0,2
0.0035557708640416488,51.302519887061436,0,3
0.002446802949550581,120.20993839296169,0,3
0.002791904910728466,51.52953368890143,0,3
9.87118269849061e-05,1.1571309912071799,0,1
0.00024318662718567693,12.24965116059942,0,2
0.0001416495303544299,8.165789061971582,0,1
0.0019228388002304028,36.23761419365229,0,2
0.004319673511829216,95.76035772713512,0,3
0.0019588218324794655,36.153514834776246,0,2
0.10034272497985468,666.5175267402201,0,3
0.000519122296061218,9.581318382568671,0,2
0.0014009949289515654,17.494496142051073,0,2
0.0006162427159199139,44.418692808661845,0,2
0.005629190404746341,124.79028458898452,0,3
0.0071859472075357315,89.7323202970442,0,3
0.0021061671171706386,30.38769497405273,0,2
0.0017443558546033962,38.66962171627379,0,2
0.0012080937205108159,22.297502264921114,0,2
5.812384938294471e-05,3.3507142052877987,0,1
0.0022870286056005875,131.84225267320377,0,3
0.0015845112644964504,19.786100314091826,0,2
0.0002296607145532546,2.501891320151134,0,1
0.0002021105753339731,2.2017640027048033,0,1
0.21365235649471515,949.956448235503,0,3
0.007318148269612984,85.78562893292633,0,3
0.0012780581700899897,24.546672886901373,0,2
0.00037080424841744614,8.220146123997157,0,2
0.002656088383854801,122.69251726143982,0,3
0.0026136335656671084,28.47255415327859,0,2
0.003091845915518307,155.74061101026732,0,3
0.0004703843651433577,23.243402405258315,0,2
0.00030505048954718124,5.748948871049898,0,1
0.0002648823805549944,13.08880187679309,0,2
0.000803054362113811,39.68183697224001,0,2
0.0005017564872754547,30.72297316448819,0,2
0.001793597655550048,22.39700274211125,0,2
0.0008900746061623039,10.433733654169044,0,2
0.0006650251933718513,40.72005382653962,0,2
0.0019487128250792929,28.115950741878596,0,2
0.0017531364574778264,21.891755892926035,0,2
0.0005600663966642676,40.369511205901695,0,2
0.0019898373094635177,114.70981722328033,0,3
0.0015257877648587096,39.273751116744705,0,2
0.005523815304357719,104.10123191414789,0,3
0.0002481902126563385,17.889517440610298,0,2
0.0001441796258261377,2.717193794220647,0,1
0.0004585737437406516,5.726299521098479,0,2
0.0009697394054552403,18.625033295293548,0,2
0.0009893623311501888,45.701549553216495,0,2
0.0018842927449800202,41.77180215768725,0,3
0.002679449851889057,134.96764344241825,0,3
0.0003444161604908228,24.825470932087757,0,2
0.005421526899046357,102.1735155773895,0,3
0.0004910419135375206,9.66029391915738,0,2
0.0032438162787290156,163.39557114366076,0,3
0.0011912322178661559,60.0040359496668,0,3
0.005742528167951532,108.22307112872575,0,3
0.0016888385422868279,33.22461128207838,0,2
0.0008940149807404174,41.2971756223289,0,2
0.00834149223223212,90.87103579524197,0,3
0.0014122799172427202,27.783858608732537,0,2
0.0012320555172579204,62.060362740991614,0,3
0.005166126963677107,56.279055973351376,0,3
0.000913294674536279,51.439884936393035,0,2
0.0009839788376433732,12.287135108971558,0,2
0.003276265627117003,174.14663531557213,0,3
0.06338569125725703,788.1021853538294,0,3
0.0017139312152149604,37.995155383673115,0,2
0.000303150659930814,9.699459066258365,0,2
0.007221200436437867,90.1725342223614,0,3
0.0004702297906541769,9.250855908690362,0,2
0.0052394178172954255,100.62943791509737,0,3
0.00027264847811006424,15.356496356650181,0,2
0.0018088540676290627,88.86789844334898,0,3
0.0014315304953157657,70.33022118972102,0,3
0.0006077133787987982,15.642532034244052,0,2
0.0005097876452747166,25.678717998875538,0,2
0.0828397633681119,442.208858133631,0,3
0.003545185472559806,41.55777585297547,0,3
0.0003484226492802026,20.0858121542403,0,2
0.002734137696808218,29.785309102816925,0,2
0.002785162209425306,148.0425224270683,0,3
0.0002694404908693426,6.935393652311788,0,2
0.0009078165574773344,11.336081904566532,0,2
0.0032766176941005348,161.90959826855075,0,3
0.005196892064988799,56.61420663281448,0,3
0.0015230280403120268,29.251619353511437,0,2
0.00048619766991865306,22.458897215758906,0,2
0.002070457151183289,102.3088186894375,0,3
0.0007131318860320667,18.35600261746211,0,2
0.0006900696283395995,39.781021574831286,0,2
0.0004753397003027504,8.95820110787934,0,2
0.002319949058744882,123.31458088746771,0,3
0.00030363907176430096,18.592076615012353,0,2
0.0009754201937932836,45.05752131277034,0,2
0.0010132026844554781,62.03925544389435,0,3
0.0007486414368835138,14.378575944994356,0,2
0.001413295411855688,27.14406979217342,0,2
0.008177956532748812,95.86457102284041,0,3
0.0010322800132125686,51.00871015279731,0,2
0.0011797281663132122,30.366182935992512,0,2
0.0016955387906300206,37.58742430101142,0,2
0.0006286293367617948,11.847081187281972,0,2
0.002353941352240184,132.58204135235277,0,3
4.054558806671171e-05,1.8729197017647898,0,1
0.0015525264169480959,111.90589715743113,0,3
0.0003481540793256846,21.31776809565797,0,2
0.0006913407745688903,22.119798602109864,0,2
0.0003260057092647274,16.109127871506402,0,2
0.0016677866410309535,88.64953731342499,0,3
0.0009018387267155675,45.426880306827606,0,2
0.0046350514840433595,57.87878930189047,0,3
0.0017208739513782656,85.03464125220572,0,3
0.0015595024304491123,89.901942186575,0,3
0.0007782663431141606,38.235751340847735,0,2
0.004930423986666465,92.9182426621201,0,3
0.0030009948078431933,159.5148891652216,0,3
0.0012759027206289254,24.505274839392104,0,2
0.06024742757183043,289.98062929583256,0,3
0.0009188799627235273,10.771399076923924,0,2
0.0005289532190696975,32.38825200445582,0,2
0.0005096512418199247,9.788476465414636,0,2
0.0006937698628912077,42.48011419977094,0,2
0.0002215594233002648,11.776770409227192,0,2
0.0002410230276644299,11.841314525204382,0,2
0.00022078050664606547,3.185412324350663,0,1
0.0026599669923069716,38.377897434776045,0,3
0.0004952981639283554,9.51280802076179,0,2
0.0008616061543459451,43.400309263325454,0,2
7.947258944800676e-05,4.866173721403404,0,1
0.008677635643837526,101.72196625865156,0,3
0.0009367402897325955,47.18492093951356,0,2
0.0017889586690964902,25.811024165413897,0,2
0.000582644850533075,29.34863751410308,0,2
0.0025241655100269856,154.55678440428883,0,3
0.0007390242839691515,14.538864401829366,0,2
0.0031732847603166046,155.9015472051186,0,3
0.0006424199434870143,36.18329209090712,0,2
0.000766728624154121,35.417445264883206,0,2
0.0007956862000918375,14.68579345086943,0,2
0.0015034272743061246,18.77358875944379,0,2
0.0031973665522167702,61.409341682200974,0,3
0.002866376405276069,140.8233266812777,0,3
0.0009172905195535888,45.32666102117278,0,2
0.0018581625446132497,23.203237068364963,0,2
0.004387718775151562,54.79029766491597,0,3
0.0015315769604975194,86.26366146197586,0,3
0.009316268787815413,101.49011363032007,0,3
0.0009438652952973911,47.54381745325746,0,2
0.001434763972289026,26.481101903430805,0,2
0.0014287903918251148,26.92683077559688,0,2
0.0042170676828462,82.96259885391932,0,3
0.0008210907244685525,47.334104391133565,0,2
0.00031467835194463336,14.535916561532227,0,2
0.0009661061285662255,10.52462343029143,0,2
0.0014238401228127027,15.511112779900316,0,2
0.001817222603576697,34.247182657488516,0,2
0.004994618345423631,62.36877062818551,0,3
0.0029691850136718406,171.1670942144652,0,3
0.0014232075306713395,26.821616771925335,0,2
0.0005004431097063696,28.849462904354176,0,2
0.0021634101116296284,25.360171757740957,0,2
0.0028362747038389747,142.8671309756385,0,3
0.0006719938359926384,48.43722611100274,0,2
0.0008273035422099712,9.697911557983971,0,2
0.005792056241623283,113.94743330010176,0,3
0.001997119923544941,122.28533835308814,0,3
0.0056251988212629896,81.16014372998666,0,3
4.623173231469405e-05,2.271336845645887,0,1
0.00406438524363735,76.59696921845742,0,3
0.006270150672130214,123.3530106907092,0,3
0.006372546946846242,117.6166033878065,0,3
0.0004581230303144338,14.657878629916922,0,2
0.0010721302786018624,27.596615136335714,0,2
0.028707866326107178,338.8468920079218,0,3
0.0012774884639551538,15.952246894214726,0,2
0.0012468525274624306,27.640756583990996,0,2
0.0016503661565524582,101.05331256336122,0,3
0.0009427347814803072,46.31598552857116,0,2
0.0009467538788759276,10.313802761115436,0,2
0.0005709758067491243,10.966289862705164,0,2
0.0016652213681906895,19.520247078888584,0,2
0.001384263968700149,26.0876905718354,0,2
0.0005409054304708475,27.246164440953255,0,2
0.00015704252355691823,11.319604161744502,0,2
0.0009557432908427981,48.142128732139156,0,2
0.0025251666672330827,46.60640853105806,0,3
0.000905068084677997,52.17521757898314,0,2
0.004518041444973453,100.15786235045108,0,3
0.0017193491467567196,38.11526239202901,0,2
0.0005974500426894142,34.44170278193301,0,2
0.0013034517064214963,14.19961841047016,0,2
0.0006267558613978039,30.792133669732667,0,2
0.00028286376395603445,17.319986984954514,0,2
0.003416239397573619,168.80881448153755,0,3
0.0006541806536956682,8.168881047162571,0,2
0.0013345811093762518,70.9383292459448,0,3
0.0011742236222725714,23.100564341345027,0,2
0.0015218936939857377,29.94029632155018,0,2
0.0014976163039717191,38.548618192655994,0,2
0.0007473955773568173,45.763661952984066,0,2
0.0003113028904237978,15.294121370202333,0,2
0.002834301446988517,163.39134832454633,0,3
0.007377953924984809,92.12994551912443,0,3
0.0009981681433710388,19.63701545604837,0,2
0.0007176101324131228,38.14385164431131,0,2
0.0034677933969009147,40.65056167252627,0,3
0.0008916300571243278,10.451967138123669,0,2
0.0017756971905181708,82.02466436096232,0,3
0.007620148336093642,83.01281748348812,0,3
0.0025130654445264535,123.46537440601564,0,3
0.0003095114793761054,14.297243554393154,0,2
0.005313633801075443,57.885974583126334,0,3
0.0011309810102469809,29.111431967943183,0,2
0.0004193277114651514,19.369977591811434,0,2
0.006659273400999431,72.54518193450292,0,3
0.002310760838190722,43.54835139488672,0,3
0.002543648364253309,31.763031810875642,0,2
0.00042677695201734784,24.03754003758274,0,2
0.00017711072721691358,8.751685234555016,0,2
0.0032092742726425615,158.58191486687662,0,3
0.00014297305597729058,7.201753161161547,0,1
0.008187908349425838,102.24400393632706,0,3
0.0018163583777916876,104.70913201674414,0,3
0.002680209830482243,132.43891641985553,0,3
0.0006899745484924669,8.615846372654643,0,2
0.0012719843828422946,91.68446473975014,0,3
0.0011928786373461898,85.98253315043087,0,3
0.00014997883944214898,2.950541757683516,0,1
0.000993228394630902,18.718276002389025,0,2
0.0016120813757260926,116.19861064653652,0,3
0.0008791702053495527,10.978369334430141,0,2
0.0019233154621060395,117.76622889319974,0,3
0.0008838692191381348,19.593988382892793,0,2
0.005569807413509348,69.55126838362415,0,3
0.0008290748880658632,26.52667139663443,0,2
0.02943950028943258,154.9221148601502,0,3
0.0005322900057368215,29.980396701422386,0,2
3.3806225574541855e-05,1.7969362397841564,0,1
0.0005125295940231561,31.382619582424983,0,2
0.001607480105184591,23.19265869976546,0,2
0.002321930147123156,45.67945640193931,0,3
0.00021085150410264677,15.198148305897266,0,2
0.002323850161901634,29.01836891195371,0,2
0.0012914802571436985,18.633425524093546,0,2
0.0013578058770646938,25.589064209151726,0,2
0.019180095979742542,325.3261227599119,0,3
0.0001664234103003203,8.176280767939513,0,1
0.001624229667696404,75.02793497073542,0,3
0.00011749728743144157,2.256679349324723,0,1
0.0002923608079529265,13.505003709354664,0,2
0.0013761556426519998,14.991644801878685,0,2
0.0023969187250449673,44.23936636134804,0,3
0.0023456218427350003,25.55287237571839,0,2
0.001982210273992211,63.421822725677494,0,3
0.0008611992950333185,27.55450808509742,0,2
0.0009405751312530721,11.025716645869714,0,2
0.000585128813045131,31.101939102438045,0,2
0.0005060259612976729,23.37482418455749,0,2
0.0008042786093993157,39.51371813755042,0,2
0.0005818223745843877,12.89808560097839,0,2
0.005711139829909388,109.689437067069,0,3
0.0012939603852064037,14.096221300472488,0,2
0.00042809987729847685,24.112051721640547,0,2
0.0006684888074484566,40.93213383950669,0,2
0.11775251223849209,715.6315412704643,0,3
0.00046704940323212345,33.66485871994083,0,2
0.00038927341379900964,7.476472805161038,0,2
0.0007702710260522848,9.61852410393078,0,2
0.004752529271308232,87.7163173617791,0,3
0.0027682170318677007,136.0008164614502,0,3
0.0027233381968595136,166.7522961073502,0,3
0.0013719041294583698,25.85475836457731,0,2
0.00701782997082926,76.45124645923207,0,3
0.002513727763959544,133.61469490436343,0,3
0.00369252714115855,53.275633986572245,0,3
0.0067914939352974,79.6120216712217,0,3
0.001367306593709115,25.236056898946206,0,2
0.00038728902273257946,27.91574112684679,0,2
0.002433343199851239,77.85604941945958,0,3
0.0007553846478250665,14.860722718024654,0,2
0.0006871099101047759,7.485278113085116,0,2
0.0006512442264972027,37.54282113111636,0,2
0.0023025791421017517,132.738707469427,0,3
0.001806361416228161,34.693383945544916,0,2
0.00031363784310056307,6.023799009868806,0,1
0.0024544575719129547,78.53161445886637,0,3
0.0008444438793987413,47.561972277532554,0,2
0.0031947468006013834,82.2327283109744,0,3
0.004540777410341047,89.33095769636998,0,3
0.00213814877963516,98.76736694739986,0,3
0.00287070762958544,175.775850843014,0,3
0.0014991670450169457,69.25092540842893,0,3
0.0002377719845729236,11.749178602994172,0,2
0.00035589966010456965,21.792036543496536,0,2
0.00032855169302630177,6.06400148847727,0,1
0.0011656840399907832,21.968356633859468,0,2
0.005003187713698402,58.64893534219213,0,3
0.0007758703478512318,14.320056916762269,0,2
0.0003926945045499341,20.873285153763394,0,2
0.0003915785287413855,18.08816140639318,0,2
0.0025520348858875555,147.1192915698839,0,3
0.0019025314001414842,22.30206969206562,0,2
0.0018495094027384433,23.095183602919015,0,2
0.0006967295766646663,50.22017500097927,0,2
0.000642988204415773,39.37071039502753,0,2
0.0002926044055916986,4.221684667230593,0,1
0.000604553776247435,29.70135875113477,0,2
0.003476226443952115,77.06246476771746,0,3
0.0017361721800054429,38.48820254075591,0,2
0.002427034907393186,174.94035256297823,0,3
0.0019778989090781453,23.185551266507858,0,2
0.0004929289146245014,24.217297298094437,0,2
0.004890686839691415,90.26625917642366,0,3
0.0017603071657457533,34.63061734709435,0,2
0.0024871568402421774,125.2815750078374,0,3
0.001729491773779129,18.840838606236375,0,2
0.00091925487611106,11.478914413859776,0,2
0.0018846149224841452,37.07613051698433,0,2
0.0015098728849340136,29.703810299920885,0,2
0.0009617962645869929,18.472475543893456,0,2
0.0009332069814953601,13.464273024750652,0,2
0.000817693811744556,37.7716768470028,0,2
0.00032741018380796135,6.2883136854470365,0,2
0.0008455816406632834,44.94604966927278,0,2
0.000629139259321259,31.08805916389988,0,2
0.0020690207556482566,66.19936810043323,0,3
0.0005318643097428824,26.281350088201027,0,2
0.0006413030781288642,39.267528690347255,0,2
0.0056865310140410425,126.06143557836272,0,3
0.00033139440725174924,6.24542352405413,0,2
0.0008020704516744845,40.401412499278756,0,2
0.0008765607793227882,19.43197178390023,0,2
0.0006671375573937102,32.96569328242285,0,2
9.634445348861425e-05,5.426449688026865,0,1
0.00016352693053335186,11.78699935213241,0,2
0.0008881425499583552,43.88635382390493,0,2
0.005493449270749408,68.5977694049179,0,3
0.0014597041516666662,89.37891709833967,0,3
0.0005986115807227327,13.270275855950164,0,2
0.0014746369445222383,18.414078312314977,0,2
0.00041407226024680797,10.658212936179222,0,2
0.0008251970761791209,47.57082668593303,0,2
0.00043177912869221284,26.43820044226837,0,2
0.0001032726293644256,1.4900133682223433,0,1
0.06516009079021781,483.84751082830354,0,3
0.001930377596954665,36.37968954970682,0,2
0.002311140765959259,106.7583744745502,0,3
0.0011393797236234956,21.472628303418393,0,2
0.00012693632101670973,1.5850785269971224,0,1
0.0011104991147608979,16.02223683638288,0,2
0.0031314315362235582,57.796096930184376,0,3
0.000294774307972673,6.534682101073541,0,2
0.0008433327949879557,48.6163116508999,0,2
0.0006581484052483892,34.98322277768825,0,2
0.00041639100297102236,30.013407982682104,0,2
0.0004068171480723802,23.45212871260342,0,2
0.0008489459215544418,21.85185358187223,0,2
0.00030220437479021165,3.2921716875700455,0,1
0.0009132556392164911,23.50718462070864,0,2
0.003692350003931944,81.8535836706288,0,3
0.0013416990267140023,65.91685585993396,0,3
0.0007533846660336052,43.430996558626646,0,2
0.0014368615150687058,17.942369178197193,0,2
0.0024583022818388677,26.78039713150074,0,2
0.0001686213703035591,12.154205891600007,0,2
0.004860432769991236,89.70786691247116,0,3
0.000838241779316374,21.576329142721264,0,2
0.00010634499962786412,1.158507374794103,0,1
0.0006336942968656259,31.313140136951592,0,2
0.002307264540504292,141.27575499063448,0,3
0.0009416389477003465,18.52491355570678,0,2
0.045215146793741764,700.760580714239,0,3
0.0006094416931986215,32.3942660244425,0,2
0.0009666866549962635,17.841908713948346,0,2
0.0020648259125043114,29.791225725711286,0,2
0.0011978878047065374,38.327027658039235,0,2
0.0019383582225690856,37.22854431867426,0,2
0.00030397185583534936,3.7957556799889534,0,1
0.005863838070011471,110.50926455700015,0,3
0.004012334340206006,75.61602346432032,0,3
5.011126677273678e-05,2.524174722457421,0,1
0.0017074148740851048,37.850698364882646,0,2
3.192459896309646e-05,1.9547701367173547,0,1
0.0008079275819055455,49.47008767642928,0,2
0.000553621910815454,33.89873681875946,0,2
0.0009159913584102042,45.00209744442263,0,2
0.004754174503962955,105.39256032892446,0,3
0.0028914477797723505,54.4919153347269,0,3
0.0012537619604394653,27.793927829864234,0,2
0.000472020749684024,26.585825723405847,0,2
0.0024040315809769645,26.189179797316978,0,2
0.23999435620754084,955.7903399033399,0,3
0.002591551737109163,30.378982153621283,0,2
0.000900313964858694,45.35007591562469,0,2
0.03083194382348598,90.00242596236404,0,3
0.00047433584764256306,12.209396650778116,0,2
0.00048343582217308964,23.750907448861792,0,2
0.0012050627851139522,67.87326449578313,0,3
0.00755553440621959,82.30892247633723,0,3
0.00046683613851514167,12.016354265393934,0,2
0.001923505758085138,138.64603860920863,0,3
0.0006396138548122189,14.179231688765539,0,2
0.11051737707176319,603.6230945853277,0,3
0.0008800046314130979,44.327066332853114,0,2
0.0018385320539166595,21.55184928590226,0,2
0.0010794010528742944,15.57355524260517,0,2
0.0009926128978843796,49.99930249993404,0,2
0.0017316868785400106,34.06756890084996,0,2
0.0010817486417426755,15.60742616095503,0,2
0.0006920543213418245,12.773084186749253,0,2
0.0010183018135490947,32.581082818260256,0,2
0.0003138298946850505,19.21606930281662,0,2
0.006328446894851665,121.54557550311867,0,3
0.001254640996049243,66.68919216517203,0,3
0.001377529135857679,30.537651159988407,0,2
0.0006636077479110256,14.7111385053609,0,2
0.0008944568428537697,16.508780023269367,0,2
0.004973515000101924,58.30110248827334,0,3
0.0007997535432427637,42.510102808724554,0,2
0.21694087396345624,1262.9174414198094,0,3
0.0008239523909674705,8.976020732101633,0,2
0.004567354063581406,89.85380162193191,0,3
0.002279102090033939,26.71634940873479,0,2
0.0005727688425562502,14.743060265700294,0,2
0.0011875183017887607,68.45786170539512,0,3
0.00023214299581988905,11.405043970129295,0,2
0.0004701331345338032,9.248954387646732,0,2
0.0017436289817389674,38.65350808978576,0,2
0.0033296412190972286,36.272640192213245,0,3
0.0018364269380114027,103.43385658452854,0,3
0.0007961199443272466,48.7470960626608,0,2
0.003807556027324896,54.935266157984955,0,3
0.0005017564828475158,9.87108221624198,0,2
0.0019191561433423614,138.33251895842136,0,3
0.006367491298731422,122.29547111235607,0,3
0.005856966284439405,84.50407542396168,0,3
0.005880021998745388,110.81426514546703,0,3
0.0010669324225315287,61.5063465722132,0,3
0.002717818526792272,29.607530374337447,0,2
0.0016870810407750801,33.19003586051296,0,2
0.006148121446127306,113.47443459276417,0,3
0.0022992596940557292,115.8169324759157,0,3
0.0010714329680239535,20.578182747717985,0,2
0.0012251091500951816,23.52972209083311,0,2
0.0017469462301746455,38.72704626252044,0,2
0.11888134005984927,735.6288335963698,0,3
0.0007629374537605372,15.009309474550944,0,2
0.0004081059789878181,7.532316273410555,0,2
0.025857383347699638,308.74147065756154,0,3
0.001984656502429401,28.634544681863826,0,2
0.0005157972910767484,29.73459825196916,0,2
0.0017267398415457338,31.870031996785656,0,2
0.0008860269389215407,12.78356125648317,0,2
0.0018286140751440697,35.120773521431076,0,2
0.004593037049710246,146.95654914173682,0,3
0.0005993922530480785,19.177859036820344,0,2
0.001324951114360983,42.39248267337015,0,2
0.0015827418585720988,31.137365529168026,0,2
0.0021171603171825466,26.437392624091487,0,2
0.0011509287715377008,36.824549582892864,0,2
0.0004178535965769334,25.585528358640527,0,2
0.0044508288030860365,87.56139391831611,0,3
0.000630225827938251,30.962611012066024,0,2
0.0022569356040868455,26.456506909218874,0,2
0.0018448579778233434,34.05011071622858,0,2
0.0008814656137396999,46.85342650749071,0,2
0.04717100453950205,188.9005409901934,0,3
0.0031070055952781435,36.42129392154996,0,3
0.002664212293953135,29.023551660750638,0,2
0.0009522365834170522,18.288870155599522,0,2
0.0010830933779132012,20.411861857486585,0,2
0.0008733085891404074,46.419847991635415,0,2
0.0008977267493059162,47.71777096778982,0,2
0.0028570181511768642,35.67614128406421,0,3
0.0018394101861270939,33.94956210346484,0,2
0.004124065100929222,76.11690166700785,0,3
0.0002525753286378202,14.22590780954458,0,2
0.0010005049118824003,50.39683430317957,0,2
0.005509390816909708,68.79683459211911,0,3
0.0015428494072888155,34.2025411773566,0,2
0.0022054041950899496,43.387035093662554,0,3
0.00037921595992195304,21.35874202303172,0,2
0.07193303773868308,374.0339235323899,0,3
0.004616025261248991,102.33000922042184,0,3
0.003336274812278609,106.74580415846857,0,3
0.0006363333302217105,31.44354437400076,0,2
0.0007665174888705383,15.079739697409856,0,2
6.626106926053861e-05,3.7320504252968587,0,1
7.635176438852778e-05,5.503424998234122,0,1
0.0006120266491332395,30.828639878904994,0,2
0.001900123796729834,35.07013896512896,0,2
0.0011627974462543008,65.49273581390722,0,3
0.0006285597230118979,33.41046585216361,0,2
0.0008894218784687213,50.09528727578732,0,2
0.0005895145142037877,42.49212759225311,0,2
0.0016697808159221036,84.10919936847392,0,3
0.004096966078895018,90.82328473125496,0,3
0.001583375093114042,91.2781495568476,0,3
0.003938036371535491,49.17502603713296,0,3
0.0020000421821766185,144.16277385421355,0,3
0.0017500956299147886,38.79686349405795,0,2
0.0024476671862212556,45.17601879882706,0,3
0.0017012617051787855,33.46901283240084,0,2
0.0009240678287943567,18.179235990430364,0,2
0.0019353767689101993,42.90425450444435,0,3
0.000418101582530496,23.54891350703723,0,2
0.16142190060986267,1441.100288390874,0,3
0.0011943278875180023,17.231715018728696,0,2
0.002303891210693501,132.8143453859683,0,3
0.002073475740938853,40.79159953457094,0,3
0.0011800345391191288,66.4635879368049,0,3
0.0005861110654096038,29.523235614239315,0,2
0.00022365995980494342,12.893512945693248,0,2
0.0020120213970372244,23.585545770921005,0,2
0.0014394076830229175,27.64558794970056,0,2
0.0003314188941598005,16.282408379690214,0,2
0.009285778844512434,101.15796050326038,0,3
0.0007912636257190331,48.44973957587474,0,2
0.07269486995604584,307.30286782640064,0,3
0.0018580343359050893,34.29330366490719,0,2
0.0006734972546624296,33.08850984737864,0,2
0.0019479267205351927,28.10460885694027,0,2
0.003310868730509854,163.60206655842754,0,3
0.005279067867208365,101.39096569837012,0,3
0.077258544200307,586.1407291922659,0,3
0.0008605974849722693,42.525251973601165,0,2
0.006315183415674656,121.2908341366304,0,3
0.0001922507589368815,10.21889755477004,0,2
8.493972672033401e-05,4.784096404855461,0,1
0.0015282376500905129,30.065101310478436,0,2
0.0025343618259099972,27.608979039801326,0,2
0.0016924418554110333,31.237002116291485,0,2
0.006043492642117271,118.89395510156768,0,3
0.0009436615968275246,20.91949121573705,0,2
0.0005516514508320696,27.78745654370183,0,2
0.0009160676036100053,56.091592468273376,0,3
0.0014079021137099875,20.313155416753663,0,2
0.0006132799278251293,28.329199656216193,0,2
0.006707368124689541,78.62587253805182,0,3
0.00017507372231111786,9.305869286149054,0,2
0.005163458566647351,60.52768054019962,0,3
0.0020632931865311207,116.21174092479454,0,3
0.0037981212638126265,54.79914176717768,0,3
0.000967357045271008,19.03086706950021,0,2
0.0006409501064326958,34.06906433854474,0,2
0.0009317069251910584,46.039028060343014,0,2
0.09329349206897045,639.2826855037376,0,3
0.0007127954616172886,22.80625219206021,0,2
0.0012416598554671266,23.847598663527773,0,2
0.000850302178930855,49.01808156165929,0,2
0.00020141172860254565,2.9059603689914506,0,1
0.0012287806419724935,88.57034485759299,0,3
0.00012493701925539094,3.2158767506950987,0,1
0.0009703178124223395,47.67112303600382,0,2
0.00812498178481903,101.45822768618022,0,3
0.0012409516960429523,23.83399759423078,0,2
0.1875443466690805,661.589965404297,0,3
0.0005476244253694876,27.060114725395,0,2
0.0008120587498194056,40.904537072283865,0,2
0.000840569345494438,48.45700476445266,0,2
0.001029280565825385,47.54548996073588,0,2
0.0008240237840694644,50.455671719034335,0,2
0.00025067361996603617,15.348957302137878,0,2
0.0010543463107877842,48.703350280883306,0,2
0.001367766613718395,16.033389167379717,0,2
0.000963320597868305,18.95145782311141,0,2
0.0011437452697706716,14.32641148416937,0,2
0.0016637318202804216,28.63639716938722,0,2
0.004701801613583216,67.58684630488285,0,3
0.002086660558026947,26.137251512370874,0,2
0.0006180775097328434,12.792553459236093,0,2
0.00495209147169498,85.23612788669911,0,3
0.002294853635607185,30.47323039173737,0,2
0.0010102533803738952,45.158368081857745,0,2
0.001386793576206205,24.496757490986706,0,2
0.0020324287204721205,36.102111028574726,0,2
0.0015654354806096356,60.71708227773779,0,3
0.005605370889675195,79.59508728496508,0,3
0.000826629416247652,32.06170225550343,0,2
0.0002610103199497609,4.636336544309987,0,1
0.001584222708811451,28.140610074735932,0,2
0.0038955846775668335,80.62819704327227,0,3
0.0007939158093104053,34.273055512108655,0,2
0.0015013407045823075,58.231098129666165,0,3
0.004095256827456565,58.15178532363671,0,3
0.00859364262076198,95.52199725420026,0,3
0.0008353345956646493,17.28919480666481,0,2
0.002526983323565149,138.56627281318163,0,3
0.0006499917181156689,8.621668882041602,0,2
0.007551193130740942,108.54590888553714,0,3
0.0052790671681106115,70.10043149210574,0,3
0.0024549639345956787,50.81119581164885,0,3
0.001171824596468116,26.586649562641405,0,2
0.0014422421560842257,19.13029654212791,0,2
0.003663440095596629,52.660742208461656,0,3
0.0033379996581806705,44.32510686214924,0,3
0.07920941140710233,206.43972202436905,0,3
0.0005643346631377033,21.88832091666114,0,2
0.0002165775756134766,2.292816767345864,0,1
0.0010368892306649872,14.904940452120673,0,2
0.002285965763695632,25.23960303628955,0,2
0.003529212471854321,67.99919575648197,0,3
0.0008791695814178222,16.93942343985985,0,2
0.003458173451636964,71.5749530677772,0,3
0.0010863707976417447,46.898230539898236,0,2
0.0014452940472708578,24.876614043015326,0,2
0.002012354763464454,21.303963397180603,0,2
0.0020066679146847903,35.446412583950476,0,2
0.0023201360933264546,33.351190550671056,0,2
0.0008340707204083262,37.282995860463764,0,2
0.12253486036388096,467.8669182326476,0,3
0.00020987600691225474,9.38146622997335,0,2
0.002975597188644103,51.21641713612376,0,3
0.007441453466886191,82.71492415961492,0,3
0.0043802895945573295,48.36326611116164,0,3
0.009036368226851981,99.77154975705531,0,3
0.0012976550728390217,17.23148761649348,0,2
0.0025329716340065462,79.27513872252408,0,3
0.0017154397565267725,24.358883620769575,0,2
0.0006981410609420876,30.138494606542658,0,2
0.0015489400527976139,21.994622858711217,0,2
0.0024091908792754223,41.467348303867794,0,3
0.0011772164912553832,20.794722008710412,0,2
0.0006404671385619113,11.023814733980705,0,2
0.0038562282181730644,149.567918259631,0,3
0.0018765825224557448,32.30001480954761,0,2
0.0013890550979477841,24.536705721649565,0,2
0.004280103827860666,73.66977757279052,0,3
0.07760654962227487,170.53380865000346,0,3
0.00014358530653661814,6.198525239001251,0,1
0.0012752513937889186,28.93322261123788,0,2
0.0008229018846737852,10.927267139119435,0,2
0.002728368201887765,149.60914425988807,0,3
0.001788221613525729,25.705095468782694,0,2
0.0021890984332353374,29.036803570768697,0,2
0.0011150142890543875,43.24701667232152,0,2
0.001638049114419357,37.16446804643215,0,2
0.0016747764270572344,37.99774650246035,0,2
0.001824687709510212,32.41199930785814,0,2
0.00046893170208497974,5.177527240225262,0,2
0.0014781057198081243,81.05142543192424,0,3
0.0018016561579105312,31.01037118584545,0,2
0.000938454284017548,29.371072518708612,0,2
0.0010844332727830588,48.47421235495074,0,2
0.002389769659753346,138.80009287218675,0,3
0.0015689301502488256,22.278478036678997,0,2
0.005825597677225549,82.72226133331313,0,3
0.002305606235541106,24.408494835034446,0,2
0.0005833723055161325,25.183969353813414,0,2
0.0012910796785060975,18.33305979660021,0,2
0.0006117115735175123,19.144912322633985,0,2
0.0012988330594647889,23.071222546731583,0,2
0.003219074083389552,143.89274528997214,0,3
0.0005546348561866861,6.947287462694187,0,2
5.251425466732917e-05,2.2670211932845996,0,1
0.0009149890004665884,10.102495637123164,0,2
0.0011360417800145195,16.330225622440107,0,2
0.004024913043284923,44.43951396011437,0,3
0.0014747965119437081,18.47311831047807,0,2
0.0004963512263195936,6.583739151213764,0,2
0.0027426775006659156,30.282208278333343,0,2
0.004141117868726683,85.71007823853994,0,3
0.0009236784115341384,53.64811992725895,0,2
0.002039111233473026,29.31155094616421,0,2
0.0037513847405963342,145.5014523252883,0,3
0.000833063251124034,26.072619176170377,0,2
0.0018092156003950601,105.08096139548533,0,3
0.00198144436789597,28.482608787188145,0,2
0.0032262591464278264,139.27642896797013,0,3
0.006315509915977728,70.19958211846239,0,3
0.006559062775455882,115.86134586666829,0,3
0.0015476672269394056,20.55138473516953,0,2
0.0027597520217694646,123.36103004930554,0,3
0.004486620937218147,79.6960235736835,0,3
0.003827995573261848,119.80587386978877,0,3
0.004797284822454353,92.43181371006409,0,3
0.008578823258803782,107.45727681149563,0,3
0.00020007879471661317,7.760269133614038,0,1
0.0001128697797753868,5.045283846047348,0,1
0.0025531919168044603,148.29181286432114,0,3
0.0018450634808840514,24.5004926100589,0,2
0.0010365564060957312,11.444734925637587,0,2
0.00032317064907016964,7.332176523394681,0,2
0.0004652827076743419,6.688285350248948,0,2
0.0013116939089514827,13.886358176973967,0,2
0.0017500025533072681,75.54697104209157,0,3
0.0005001456829424121,10.351679661038746,0,2
0.0037345057818185634,116.8798970896686,0,3
0.0009870029159829178,14.18784114418868,0,2
0.05999937897691598,247.90272984391592,0,3
0.0025044298735310408,44.23903623270757,0,3
0.0017404321283954768,33.533822614384036,0,2
0.006378965105103535,90.5799623828073,0,3
0.007921403580822328,99.22251941097683,0,3
0.0007699507710949307,33.23849356551863,0,2
0.0033555391259154584,144.8573984632526,0,3
0.0008638430665204054,38.61382096880653,0,2
0.0005992877280302498,8.614563287776638,0,2
0.0004493050803893416,6.458612231649405,0,2
0.0014077154092725509,15.647356236848609,0,2
0.006062594992544505,107.09158294828319,0,3
0.00017792966443558612,2.362717854306873,0,1
0.00666514286119357,70.56109694465192,0,3
0.00044257369745757713,25.705100932714597,0,2
0.000971236229037166,13.791350107969942,0,2
0.006156204620393372,67.9713420456933,0,3
0.002057444516873324,25.77129500215147,0,2
0.003916723842483943,75.46558146135318,0,3
0.0007638923974683632,13.148228471636978,0,2
0.0005932290202890308,18.566458560474516,0,2
0.0025965968717182888,28.669315756282206,0,2
0.0034337737625416563,153.48982986950523,0,3
0.0012155824979307199,47.147661757030484,0,3
0.0017067717516708154,93.5902496729527,0,3
0.0003526427074853272,20.481823572366686,0,2
0.005712971224063224,63.502107972219235,0,3
0.0030928997158633314,96.79936827483921,0,3
0.0004599604908669552,26.714942416860097,0,2
0.004400947717095167,91.08786204917517,0,3
0.00027634046357835466,3.665455896252623,0,1
0.0048070076302180065,60.21198175696356,0,3
0.004280148114141325,133.95702144709705,0,3
0.001846521509198389,31.78260022117557,0,2
0.000579309800317491,33.64686372917414,0,2
0.0005444968005146987,10.491106676703778,0,2
0.0037371151980058444,77.34830211582614,0,3
0.007063110194635838,100.29467871267701,0,3
0.0018850668971248114,25.00404567403352,0,2
0.0031691666195902803,45.001499217744495,0,3
0.0019605105003290984,34.82462486513489,0,2
0.0012249118030345225,23.601020948224726,0,2
0.0013891825364160464,80.6850418759055,0,3
0.0016502165528394178,95.84614561428982,0,3
0.0022603690603506003,97.57930674102481,0,3
0.003240119971719204,57.55437806337262,0,3
0.0008231172169275225,47.80743017970523,0,2
0.000332099777853141,4.4099339873089205,0,1
0.08793287575532675,215.70648540699528,0,3
0.001369459712108819,15.222127872033559,0,2
0.0014143589145677793,29.273451533572295,0,2
0.0056134766346389135,116.18397176727937,0,3
0.0009811965586911937,13.93278469344218,0,2
0.0009324956777929677,36.16783795531534,0,2
0.026158084346564983,175.85017102267636,0,3
0.0005859524147585442,6.20323464984613,0,2
0.0007251373840953207,39.76266232332284,0,2
0.007252710215462809,96.2019426284342,0,3
0.0005096962231303255,22.003399787228314,0,2
0.0008630122331147966,50.12457063269037,0,2
0.005302078202500658,93.65757539793555,0,3
0.0013856414047052942,24.476405171557122,0,2
0.0006667397983389631,8.351500072906381,0,2
0.0016269908526129477,28.004006221706685,0,2
0.001078089544153196,14.315889498203695,0,2
0.0027764025259924326,161.25609716632604,0,3
0.00047876809578562804,26.25308602404334,0,2
0.0032735309161035903,36.14342006413215,0,3
7.077141701368368e-05,1.464779289453138,0,1
0.0039829659774138675,52.88957778785333,0,3
0.0012417141541753655,21.934028993105674,0,2
0.001920110175969043,105.28858975583705,0,3
0.0010157594085710708,19.571171590193707,0,2
0.004721960571736483,83.87637072643952,0,3
0.0007143217996698859,41.48848895547575,0,2
0.000849138061328569,16.360790322783483,0,2
0.000871762191534406,47.80278387035398,0,2
0.004434548182551266,46.94671828214881,0,3
0.004215133250045763,60.591149210213736,0,3
0.0010788958368247953,46.57553921164181,0,2
0.0007543567290435196,10.711706838670743,0,2
0.003822214757150058,42.4855446810608,0,3
0.00011702930269384583,5.231214693343476,0,1
0.0008485494136370159,32.91189269867615,0,2
0.006306949645969227,90.66031947058312,0,3
0.0016581151136134192,23.544885752283804,0,2
0.00016587609021081933,7.414668125086908,0,1
0.00036932025536140555,8.379230334704866,0,2
0.0009986382495054827,38.7332480399047,0,2
0.00034987065390514835,7.241387970635082,0,2
0.0009483585863715917,10.470932958059256,0,2
0.000626191299080303,36.36978572950502,0,2
0.0009246613031804146,28.939389646867166,0,2
0.0019870596385226425,28.563326449053932,0,2
0.0005877079082887486,32.2267636651871,0,2
0.0009466781810433976,10.022088393170291,0,2
0.004312119857575964,45.65062049591072,0,3
0.0007708019791845842,11.080024037625419,0,2
0.027154700464966333,116.29938490723244,0,3
0.0020213733372792322,26.812051777416066,0,2
0.001010716887510115,43.63227887192274,0,2
0.0005243609110147292,10.103137886850813,0,2
0.06540569230542596,274.33845372314,0,3
0.002228476278642542,96.20250700344901,0,3
0.0011728531149507516,22.597978782283942,0,2
0.16311205461478015,467.68665198193406,0,3
0.000292366027633226,12.621334626944703,0,2
0.007249022603751581,96.25935723808662,0,3
0.0035831938883555095,50.88059932446976,0,3
0.00037089054149220917,7.146143434630074,0,2
0.0002988056382849861,5.278196685934465,0,1
0.0031482547341813326,71.42839090754936,0,3
0.0010048327729254068,31.448539098165952,0,2
0.0023079573080042443,33.17612453142974,0,2
0.1154540990403826,524.6704081429303,0,3
0.0013744061147908894,31.182869723703664,0,2
0.0064390214852928385,92.55880856884292,0,3
0.0003717648213050023,4.10469686887433,0,1
0.000765158428709089,13.591539161721974,0,2
0.0005053205800049403,9.736277799528676,0,2
0.0031138283841682136,139.1882581614948,0,3
0.0033459580568042423,37.19174864713941,0,3
0.0018958289480247744,32.63128712156775,0,2
0.0023284455404459065,104.08161241202758,0,3
0.0012758666644101205,22.537309665358254,0,2
0.001465579902747841,19.461351844392627,0,2
0.0008632156652322966,15.248112751909732,0,2
0.000852186258716122,15.053285849527207,0,2
0.0006621050351430472,7.310375562371763,0,2
0.00543129036760215,72.12179466625246,0,3
0.0008244157498275884,45.206557810173905,0,2
0.002193464014406746,98.04793258917827,0,3
0.001552844246412982,16.439316559745862,0,2
0.0021274515673803908,95.09717346407936,0,3
0.011697882090998715,77.35576056667813,0,3
0.00024610867879310466,13.495285864896141,0,2
0.0011397979033434373,15.118592808475793,0,2
0.002257883723847935,28.281971664669726,0,2
0.0008549811341144153,38.217692222018144,0,2
0.00027534472174748666,5.698900246662768,0,1
0.0001395677003639639,1.477545229084592,0,1
0.3539108106256372,762.0318357923272,0,3
0.0023792847259653223,25.188498386920465,0,2
0.0024389861333784218,27.110369492529408,0,2
0.0016144429102117137,22.924749652442795,0,2
0.0015843330268675046,49.585324526091114,0,3
0.0008307962404424188,18.84931291694691,0,2
0.004718112998839178,59.09849862262718,0,3
0.0007066940799569077,27.409882508363577,0,2
0.007866905431552077,86.85938056019013,0,3
0.0003651141138919137,21.206174708224545,0,2
0.0031443998576660644,54.12187354108136,0,3
0.0006350491169850534,24.631056318827177,0,2
0.00010530590033913876,1.812540668894107,0,1
0.0006230945558346799,19.501168780524967,0,2
0.0001765574926287548,10.254626957093821,0,2
0.0003779810659888663,21.953499513671833,0,2
0.0016397203327181194,70.78612785957131,0,3
0.0014206775200898468,15.040122366438808,0,2
0.001158109660277141,26.275481659712547,0,2
0.0005513188671869976,9.738669706440309,0,2
0.0002412945686361437,10.785877244569356,0,2
0.0007376577259555756,10.474584508227803,0,2
0.002773677825354181,48.99511665730827,0,3
0.0003170288306669824,14.171201904340078,0,2
0.000722115632511035,22.600259778853715,0,2
0.0039998825652156214,44.46039802592723,0,3
0.0032982900911276416,46.835025346494476,0,3
0.0009521664595673933,55.302732829646885,0,3
0.003694904652399604,76.47465657346568,0,3
0.0015382968212102142,26.477391487984345,0,2
0.0026852752069396702,29.648423149075466,0,2
0.0013571470334157302,24.107055951804334,0,2
0.003885227577197173,88.14901511487612,0,3
0.0014137318335469145,24.972603333242777,0,2
0.0013647003037300998,42.71141628291712,0,2
0.002121673482004926,22.461275229416113,0,2
0.0010313451931042194,17.75166538769021,0,2
0.0005479479136703556,21.25274338695921,0,2
0.002435227997941678,25.780746553168736,0,2
0.00024193929088911777,10.814696356067493,0,2
0.0022864183485314105,98.70384499735113,0,3
0.0014407972545114073,20.45901787587488,0,2
0.003710500415451124,76.79744720964395,0,3
0.00046047653438172596,17.86007278571115,0,2
0.0886455140812544,248.57629560337202,0,3
0.0015173082557944305,34.4250692440614,0,2
0.000847281879929744,32.86273005393767,0,2
0.001500202000709217,18.791344313794436,0,2
0.00043565928282207026,5.778704523757007,0,2
0.008921523356958472,99.1665312620491,0,3
0.0014402355486823057,19.10368034977739,0,2
0.002824668948714692,37.508617682188145,0,3
0.0014506068398691205,24.968058611826176,0,2
0.0008816797806641752,15.175602262065269,0,2
0.0009458776853427396,10.443541053011948,0,2
0.0016338586597707673,33.816509937382584,0,2
0.00039604513723638044,6.995865750189758,0,2
0.007700890703450423,102.25968793244748,0,3
0.006002092624244534,103.30890239650884,0,3
0.00031282401450174856,13.504498447828794,0,2
0.0012773008042048573,18.36077747081003,0,2
0.0010289669222568758,39.909577912090676,0,2
0.0038149079033456923,42.12082378031151,0,3
0.0008007135185106773,8.84076729142608,0,2
0.0022733747368210958,24.067273355882712,0,2
0.001155677900782196,19.891698267275178,0,2
0.0006235984645021701,19.516939754420783,0,2
0.00585464562435414,100.77102291447535,0,3
0.0018196242983315857,56.949302841162094,0,3
0.0005356307801284672,7.112610544960589,0,2
0.0012902328983138262,16.161297362447304,0,2
0.0009452606479477433,11.840217712994109,0,2
0.0015586985255420917,69.6738888604639,0,3
0.002061578277233811,22.762115763929323,0,2
0.000393608382998243,16.99193012952803,0,2
0.006055476972329084,85.98649895806598,0,3
0.006017568726852818,106.2962248428675,0,3
0.0013918040004750395,31.57759730597965,0,2
0.0030094671336584828,116.72538781050872,0,3
0.0021904903093353284,31.487575197064807,0,2
0.0014504985164413696,16.01511594842134,0,2
0.00215433389604129,37.08071236631965,0,3
0.0005680403441602708,22.032049701608994,0,2
0.0016370173801574653,28.176584290776862,0,2
0.0004495103565113361,10.19860340819367,0,2
0.0005418394902901516,21.01582168079048,0,2
0.008614973886586453,91.20314751636307,0,3
0.005172321321995128,64.78785578024974,0,3
0.0027518064178838433,30.58750016647586,0,2
0.0022200393550400486,38.21164440545575,0,3
0.0011070695415572422,14.700713228982409,0,2
0.0015591392417397508,85.49487110181855,0,3
0.001776699314251526,30.580810316478225,0,2
0.00625444221003001,111.09790213742703,0,3
0.00559822100425931,79.49356041636784,0,3
0.0033140682798216297,47.05907230627904,0,3
0.0020374443635832523,36.19120409376017,0,2
0.0008459307255319555,32.81032409166287,0,2
0.0012985799520667727,25.020423981340958,0,2
0.0004921914050368602,8.742815220512755,0,2
0.0006203401210544764,19.414962446284502,0,2
0.00020899487258338047,11.460162898933438,0,2
0.00022448480275779882,2.81186881489413,0,1
0.00036803284644312915,21.37569746851417,0,2
0.0029579741861791593,127.69466522446542,0,3
0.002165446423763773,23.90893555806883,0,2
0.00036049710995416496,5.182026968861895,0,1
0.0032985607494659783,46.83886863795339,0,3
0.00019943864565202108,8.914915747936348,0,2
0.00223765593908847,39.52665762850763,0,3
0.004004451537400683,44.511184097419374,0,3
0.014274838902429875,64.42630311563524,0,3
0.004836608910820986,60.58276372877594,0,3
0.0012127321564911748,23.36634928247752,0,2
0.0005101447776364223,6.774183373112223,0,2
0.0025495686184016124,139.80472978940745,0,3
0.0021576263797959154,96.44598883290988,0,3
0.005682396652128071,71.17699614266041,0,3
0.0013503886362103074,14.296003170069863,0,2
0.001258406289701866,24.24637686652648,0,2
0.007560537933890795,108.68023734644326,0,3
0.004597745456787525,143.89695644603648,0,3
0.0011681618696851765,24.177830339512074,0,2
0.0019351593749648438,86.5017044727706,0,3
0.00029733855868227787,16.304458939649393,0,2
0.005399485232764417,67.63328277002563,0,3
0.0024103347351115854,26.79189699985656,0,2
0.0025371004583153293,28.012409218038172,0,2
0.0008672092783184789,27.141297169370404,0,2
0.002318022244886094,127.10796299152119,0,3
0.0036879230430221996,52.36773128612642,0,3
0.0008726473474862743,33.846556726911345,0,2
0.00043960004484366384,18.97737337305204,0,2
0.0038243907679422736,73.68655147644046,0,3
0.0012892277769310353,16.148707336589283,0,2
0.00040799311239771954,15.824447370105291,0,2
0.0003673836540172187,16.422064600493893,0,2
0.0017814856163938157,34.32482179313811,0,2
0.009300008137557443,103.37355077270288,0,3
0.0012728864842423476,16.883916341855056,0,2
0.0019411302308089027,24.31435667183566,0,2
0.0013054277573804455,50.63240582846884,0,3
0.0013727390094997317,18.228522924139604,0,2
0.0006966821155111124,27.02155780476071,0,2
0.000466242993818123,6.184375276234346,0,2
0.0016115265416454874,17.793044340182988,0,2
0.0006699751002167716,12.908763174485747,0,2
0.0018825278835422042,36.27165637969163,0,2
0.0007765325742626188,30.118642886825054,0,2
0.0016085544103086773,20.148553166369084,0,2
0.0009568355996074936,16.9018446901447,0,2
0.0011006780228710919,34.44823533768552,0,2
0.0033071917431921347,75.03439352418717,0,3
0.0026526743010788474,28.082760177700465,0,2
0.0026117165612413507,143.2125911401344,0,3
0.0011227339477933166,23.2375937022094,0,2
0.00045885659971212496,7.897907386862503,0,2
0.0026788808848436166,103.90324808146404,0,3
0.008112042141495463,89.56596232394787,0,3
0.005537370150134937,125.63323907348476,0,3
0.00019073258177963932,11.077929605775607,0,2
0.0013779326040674258,59.48484723105307,0,3
0.032867641810413066,132.1051156869496,0,3
0.00011236292276354958,4.850666335417738,0,1
0.00027589785391757407,8.634854156643842,0,2
0.0008450429300358192,49.08089643336693,0,2
0.0009515766891945835,10.073946862784268,0,2
0.000599500446187274,32.87340347810896,0,2
0.00043247383759883047,6.216668671904972,0,2
0.0012985796573995274,26.877130176667247,0,2
0.0008352581450468665,17.287612483089564,0,2
0.0038880407537662033,68.67957358198908,0,3
0.0005208822186303513,28.56239965542763,0,2
0.0019109730795681488,27.135415668499867,0,2
0.0013059078862524094,17.341076254576556,0,2
0.0009751172188317217,56.63573473816754,0,3
0.002042340720555576,25.58210672156122,0,2
0.001140758458266612,16.198530096204664,0,2
0.00033626498642714994,19.53058996931542,0,2
0.0025566978312418017,36.304571284267695,0,3
0.0017886060515197007,34.46201496749578,0,2
0.2264073150150273,495.6521309341735,0,3
0.0008753985396076148,37.79063521766981,0,2
0.000880587728389254,15.554978334196518,0,2
0.0005152008635588704,9.15153313416044,0,2
0.006123193444184311,76.69836212406092,0,3
0.0011501221604114718,26.09425926478224,0,2
0.0009176115323642739,11.4938883182491,0,2
0.0008215566403370209,14.593342805557356,0,2
0.001244062130749716,13.170368653925772,0,2
0.0029234902949618687,42.02420805432977,0,3
0.0008142290222401326,47.29119538567778,0,2
0.002363385877828312,73.96756473870943,0,3
0.002772159623458964,47.71481979645586,0,3
0.0018274982578938797,100.21024666346948,0,3
0.00245310299863523,43.332382186521,0,3
0.0009020759429737841,12.96704393842719,0,2
0.0005076868633753371,22.693623888832974,0,2
0.0012804395973979555,16.038627689035504,0,2
0.001371572387062965,75.20970629147634,0,3
0.000420085515331043,8.094008909712741,0,2
0.0010747726768446009,48.042383315074105,0,2
0.002320841991758798,44.71688519069258,0,3
0.00185665956670683,24.654476371566368,0,2
0.0012817846447809107,16.055475585838423,0,2
0.003807872311103791,67.63938512252993,0,3
0.0013419170964516568,73.58356849670714,0,3
0.0014663686089033312,21.078564759078656,0,2
0.007254518558519508,96.22592898799151,0,3
0.001487264625946959,33.74343185502561,0,2
0.0003239815149744619,6.705551949150415,0,2
0.00031338185561225867,6.486167313881472,0,2
0.0009387654779606801,29.380812044678898,0,2
0.0004112793894779706,5.912005475669074,0,2
0.0025466197283266316,113.8340076761066,0,3
0.0004643326622764693,20.04507143409779,0,2
0.001114386881640716,61.107026398180786,0,3
0.0077229176724147785,85.84351866303325,0,3
0.004036715681927351,57.320513373953176,0,3
0.0030387131862852595,135.83060569485855,0,3
0.000879828319194813,9.779666434725748,0,2
0.000221592741169463,9.566077700075082,0,2
0.0005675459665735894,22.012874740405795,0,2
0.001451825821383906,32.93938739250398,0,2
0.0008471460791899535,8.968383403757933,0,2
0.0014493409208394894,19.224456509840756,0,2
0.0002418573414981013,7.569478489577633,0,2
7.91721124531108e-05,1.5254507956344747,0,1
0.003069037512416228,33.88558557921642,0,3
0.001970798394464537,33.921672277185145,0,2
0.004202760960248271,74.23889020126228,0,3
0.0006032305093796468,12.485260210838074,0,2
0.0023177592701284044,25.76288128415001,0,2
0.0017009577953041766,18.780464789443737,0,2
0.00454543372527382,87.57926595465347,0,3
0.0017043177296886473,93.45568421052972,0,3
0.0006267154419164517,34.36572853132635,0,2
0.0021167973425936445,26.51474114045812,0,2
0.002348134064014558,101.3680898932434,0,3
0.0008017914145095506,14.242252324429717,0,2
0.0004755441863257196,6.75262739316196,0,2
0.0019477575702202005,106.80462523523808,0,3
0.0010236376972748882,18.182916541086886,0,2
0.11951277569075812,368.4862082823379,0,3
0.0004625111655481253,25.361642772563336,0,2
0.004205920117578411,74.70992391155532,0,3
0.006504926843886267,92.36859257165793,0,3
0.0015613448880483908,19.557212542064224,0,2
0.0005643711938926806,11.68097618022967,0,2
0.0017723865548222514,31.48297184704328,0,2
0.0009512294640488964,12.617369177636267,0,2
0.0007012151104174014,40.72723998820938,0,2
0.0009104079206793682,10.051915424093165,0,2
0.00016142149214991416,3.110192920246067,0,1
0.0026325734654567023,113.64723496270007,0,3
0.0006367475356911764,11.310571435614353,0,2
0.0015056960183907028,29.011038332443924,0,2
0.0004106565984423539,8.499494652754084,0,2
0.0006408564871780419,28.64631160642259,0,2
0.0019384304601275,21.546480027271507,0,2
0.0024467147129599094,30.647245229056377,0,2
0.006701189540153396,88.88642073547439,0,3
0.0030727075117579932,40.75723736071515,0,3
0.0017167314141021575,22.796378422986674,0,2
0.0008579203669759392,33.275355103833,0,2
0.00032715034189596614,14.122960768780876,0,2
0.0006067470337695864,10.71777025769769,0,2
0.0004667082952842478,20.861880192375367,0,2
0.0007620884966369485,9.545826049503209,0,2
0.0007647248477645197,33.0128923641006,0,2
0.0010593665703675951,45.73246791170164,0,2
0.00688072834093194,98.90819882759988,0,3
0.00018101179043709958,2.012023132930489,0,1
0.03096482940288159,101.5501587410663,0,3
0.0075364973403071935,83.7713772862571,0,3
0.0011861547051750575,37.12342354595997,0,2
0.001063928690093112,14.112242701613502,0,2
0.001933361533802874,106.01522346474381,0,3
0.0006416500335593054,35.18466179481046,0,2
0.00249275270701591,27.708007854515717,0,2
0.0015970851695872067,16.90767682358848,0,2
0.00095161991095147,16.903661779681897,0,2
0.004949219449102432,85.18669421076821,0,3
0.00031610675398707945,9.893283618740972,0,2
0.04373747620686608,213.81055484027527,0,3
0.0011408399268604086,14.290019518986961,0,2
0.0017083896047446316,30.177530791597142,0,2
0.0005388323321254145,7.147220219961142,0,2
0.001059913476909692,45.756077667367684,0,2
0.0008096237636629745,31.402119909274514,0,2
0.001978661166357629,24.784464518633317,0,2
0.0006321147977398091,12.179288783226468,0,2
0.0008629137652576407,33.46902937407345,0,2
0.007184853466992556,89.99658397908395,0,3
0.000663579175965487,8.811629987463332,0,2
0.0008698854697840307,12.504316511206103,0,2
0.0014129572506706104,25.098415028543087,0,2
0.0023939127992413656,29.985855002511315,0,2
0.005176459156122769,68.66197765547678,0,3
0.002390579715703834,25.308073748248166,0,2
0.0033999014955702813,131.86880034324548,0,3
0.0014629088965012235,15.487208394019557,0,2
0.0037871213365685444,67.27078474846684,0,3
0.001263976228434572,69.30970745447654,0,3
0.0018998381456396967,33.55933797528741,0,2
0.0023464432824709725,26.081716296163023,0,2
0.0014491092477080534,18.15136282254817,0,2
0.0030070161513740335,134.41374691721717,0,3
0.0017281092052476394,22.947463461938884,0,2
0.0012721026871376653,28.86178396712276,0,2
0.00043490054992604746,7.485572329059677,0,2
6.430876383429668e-05,3.526349236515602,0,1
0.0168702283123232,82.3103360251023,0,3
0.00048456661043904195,5.386164223307105,0,2
0.004565823906743933,50.751077037979556,0,3
0.0002458857319976919,5.57871699295234,0,1
0.001241670840741298,68.08659909143856,0,3
0.003056972255823491,131.96837573220668,0,3
0.0015607486812939273,32.3033286723454,0,2
0.0009874231935272423,13.11193620526451,0,2
0.004680470939865925,106.19169544776493,0,3
0.002120390554108068,36.49647456488586,0,3
0.008641048916267994,91.47919301688883,0,3
0.0010493736427498513,45.30107687633619,0,2
0.0013045840871161762,22.454693481323506,0,2
0.0014952903543431757,86.84788477695344,0,3
0.0005286489555536192,9.338221263966133,0,2
0.0068389908374848,120.80608311386813,0,3
0.0006493074691171261,14.73165027586306,0,2
0.0012639036784407717,24.352297951184187,0,2
0.001444616730580583,32.775825737089946,0,2
0.001748446073545903,33.68823151705325,0,2
0.001313484808148409,29.800671879859454,0,2
0.002260972711564299,32.50073646547868,0,2
0.006631409767848013,88.05811165564056,0,3
0.004245868460395454,73.08051338488285,0,3
0.001835921022594967,20.407043976387186,0,2
0.0007203262757455295,10.228481561715446,0,2
0.0025374538912174348,57.570388597824866,0,3
6.591224635787872e-05,2.5564766704171844,0,1
0.005831359184018839,100.3702132731772,0,3
0.00042290940380304006,18.256844495544424,0,2
0.23035491661325716,661.0721956265268,0,3
0.003913804321698697,51.91377673028257,0,3
0.0013963954730167247,26.905087149156206,0,2
0.0006612931780239721,36.26178695405355,0,2
0.0009887297174214292,14.212663344914153,0,2
0.003979367265903036,82.36227282400614,0,3
0.0024437222873562596,27.163013860841108,0,2
0.0008701395902714129,37.56360829564444,0,2
0.0019595827078477453,27.825662162791772,0,2
0.0006464968979980112,13.380758883209682,0,2
0.0015271453607376773,88.69805382063326,0,3
0.002023689095345113,25.348478776007248,0,2
0.0009289697503906338,16.409613573518644,0,2
0.0013217971364803914,59.08438692542232,0,3
0.0659393761680528,257.0198970512882,0,3
0.000403467028464377,22.123977556940623,0,2
0.0013693051890667457,24.187837125321465,0,2
0.0011827918042990346,16.79539476621113,0,2
0.004265831012615977,96.78424106107641,0,3
0.0006922932455901527,30.945536844799935,0,2
0.0017487310453356722,21.90438832209884,0,2
0.0012145883952235361,17.459307290744448,0,2
0.0008740461674512789,33.90081144897364,0,2
0.001480230444043269,16.343389478188673,0,2
0.007052513938747904,101.3775600961481,0,3
0.0011673176055672124,45.275656505418326,0,2
0.0004842174143807903,15.154691107290887,0,2
0.0017714311113243147,23.49674936391632,0,2
0.002311957900785864,25.526585121778748,0,2
0.00152091714353991,16.90564171915769,0,2
0.0052069108279624516,69.14227157138485,0,3
0.007292981242104629,103.55879922275179,0,3
0.002093214600456226,30.089268989032348,0,2
0.00036549869153157475,6.4923675844368685,0,2
0.007702588622526812,81.54410398062475,0,3
0.0011797563000854655,20.956057402324156,0,2
0.0007090712897657527,30.61034859262074,0,2
0.0019626190561757646,27.868777670213664,0,2
0.003687747335643599,159.19870553897454,0,3
0.0002491285433023796,4.425280079982499,0,1
0.0006042575641658298,10.673795484371123,0,2
0.0010071519272130964,55.22683407092677,0,3
0.00484665264103849,100.3127634196428,0,3
0.002666487152114978,47.36491580357171,0,3
0.0011251192113411886,43.638946844786325,0,2
0.0008995913339625075,38.83502931361113,0,2
0.0016564290846892062,37.58147740944524,0,2
0.007598297057523798,95.17532714855791,0,3
0.0020267035162026535,63.43032043444409,0,3
0.001802684119822455,22.580197845742745,0,2
0.0004894703137151826,6.950375472088826,0,2
0.00040806801004310067,7.248528057782703,0,2
0.0006197090186033097,19.395210652110155,0,2
0.0012293138938428867,27.890981121743565,0,2
0.0007208193152217248,9.028893398330036,0,2
0.0006528484431132097,8.659561267943456,0,2
0.0002001279618232564,8.94572820943378,0,2
0.0008176507781164473,9.088536587900217,0,2
0.00023737545839859484,10.24741183825756,0,2
0.00012991297574977076,5.038813119575357,0,1
0.001954292004256508,25.950931935004107,0,2
0.0017939779148365095,25.787840400183534,0,2
0.0008419333997043456,8.913198932819299,0,2
0.0031013393654196406,170.06089141447325,0,3
0.00245499367664676,32.599720852751055,0,2
0.007171051590629708,101.82742382533644,0,3
0.0007391337149559078,33.039307771815196,0,2
0.006195786666566759,82.27349736768208,0,3
0.0009705809797401672,37.64501695153948,0,2
0.005627618207740583,70.49084813794325,0,3
0.0028822234730910717,167.40227833703764,0,3
0.0019460917593578067,20.602464516513592,0,2
6.638752594224341e-05,1.5062167946269212,0,1
0.0019875947063684495,24.89636493351413,0,2
0.007030410025049871,78.14600126449871,0,3
0.0020752228015988913,23.0669851544986,0,2
0.00724330582766747,96.18344449489202,0,3
0.0007593292864250549,29.451395046834744,0,2
0.0001991963071568742,11.569510818889734,0,2
0.0016301670526247657,21.64689520972883,0,2
0.0725734379518066,274.9420713508363,0,3
0.0019025285058320276,110.50066361990868,0,3
0.0012617278614771093,22.41212146043258,0,2
0.001606270080597733,30.948851767758892,0,2
0.0008243426648049283,14.188707377758842,0,2
0.001308132902887325,18.803978712837942,0,2
0.00212599594347402,82.45901681733885,0,3
0.000132557905218341,1.473437565078332,0,1
0.0008016199692555459,43.95655892008284,0,2
0.0016323807908597545,18.0232984324127,0,2
0.001046554236475911,11.632896004018326,0,2
0.00041207174082242876,8.52878431993088,0,2
0.0006520021677841263,13.494703262251779,0,2
0.0493603027306145,243.10908076890965,0,3
0.0006917341784308396,29.86191182863036,0,2
0.0010271288401412111,13.624119372728803,0,2
0.00537775452610197,59.37638770494528,0,3
0.0012897890026415957,29.26305551729721,0,2
0.001552085345647755,35.21410055772864,0,2
0.0006445521162754268,11.094125972130017,0,2
0.003825445323915081,42.52145380636146,0,3
0.0006959569769903912,8.717470831282304,0,2
0.0002864632662423851,12.366514573671367,0,2
0.0005099285315623212,22.013428457387473,0,2
0.0008250586486631498,18.719136999468574,0,2
0.0022671238055171484,30.105007561337203,0,2
0.0005519451111898311,32.05749657956788,0,2
0.0006526917944125797,25.315346352006657,0,2
0.0019304238197611148,105.85413491241289,0,3
0.0010126039278252107,17.429087968995354,0,2
0.0007400030981693566,9.826458886624277,0,2
0.002162375207083287,27.085643821768663,0,2
0.0029576690123326193,52.2451947981515,0,3
0.00022572146519901314,2.3896193255104903,0,1
0.0014113836747661206,18.741683227612576,0,2
0.00041611017299706825,5.5255032274554425,0,2
0.00045040520224002835,14.096460619437192,0,2
0.0008748294486713769,27.379787823472096,0,2
0.004177220091516527,74.20012422363887,0,3
0.0006510973386512801,20.377579894885262,0,2
0.0011136904033156112,14.788631274222466,0,2
0.0021940219847849385,85.09747927616553,0,3
0.0017128363380323713,66.43418151229712,0,3
0.0014085287687772537,17.64305677333157,0,2
0.0001983222017328729,4.1047398228707435,0,1
0.0018860320683435573,19.966637532999638,0,2
0.0016139123755575158,22.91721617197563,0,2
0.009303563607026387,102.72168375986287,0,3
0.00043120561632227917,7.616951500954802,0,2
0.008243328232185399,91.01550669850722,0,3
0.0021863862559751363,31.046224827608675,0,2
0.0007229406059617799,32.31547512690405,0,2
0.002675203261964282,37.98732346744121,0,3
0.0006780881607877814,9.00429396845967,0,2
0.0018647072215607337,26.804550839222664,0,2
0.003625179378354506,75.03152964903293,0,3
0.0002977989682909549,16.329705344264262,0,2
0.0008695033857179878,16.753179755509457,0,2
0.13783430439184757,317.05547066915307,0,3
0.0024847484866450495,107.26568462011556,0,3
0.0039194275041337205,88.9249516119171,0,3
0.0031609648143558658,44.88503530904401,0,3
0.0007425601036623082,23.240116248174772,0,2
0.0038943927128775157,69.17625041065001,0,3
0.0011837625854487371,22.80817729708243,0,2
0.0014222343827838427,29.436452688903206,0,2
0.0049932518825632315,66.30510663529365,0,3
0.0022119123582863436,27.706140037705634,0,2
0.0011838329392002314,24.502179618328892,0,2
0.001540048061712179,20.42762096877908,0,2
0.0005326207928836891,29.206080390182528,0,2
0.005212009027244821,92.06656518451115,0,3
0.0024514362112365183,27.2487574096744,0,2
0.0010891304276946221,12.106148500097504,0,2
0.0027642616491882883,123.56261058231588,0,3
0.0006434101306678641,8.059275547324646,0,2
0.0014646524724979504,28.22023071347532,0,2
0.002161341949630594,93.30434254065388,0,3
0.002048110170226913,22.61341289186407,0,2
0.006147835187196435,118.45357900855072,0,3
0.0010928198256250354,12.147157729190551,0,2
0.0006181774968472563,10.980711107724275,0,2
0.005729007215958521,60.650617995826245,0,3
0.0009274785894101803,10.309319479603081,0,2
0.0010268022076601487,18.23912786310226,0,2
0.000469439800961097,5.880144760698095,0,2
0.0006255886325568884,7.836045670926226,0,2
0.0016399239610823196,33.942045473059885,0,2
0.00533198252041801,70.72488232488071,0,3
0.0016726087512435506,20.950889901509647,0,2
0.0014288754466025746,15.776373221900862,0,2
0.001869528402357224,33.02393714596139,0,2
0.0010959221299974874,48.98776474983316,0,2
0.006168768348830873,81.9147226692055,0,3
0.0026091054711583172,112.63413022046673,0,3
0.002746587853993728,30.52949360655933,0,2
0.00013552816933380294,1.948172701349931,0,1
0.0024589773606695036,32.61655187482916,0,2
0.007000516979699691,99.40586822995482,0,3
0.004671030716370474,96.67785869563721,0,3
0.0006753062167613661,21.135252086996665,0,2
0.007704074799169471,110.74353240862715,0,3
0.005627638081589404,74.64653898682043,0,3
0.001149284126467834,44.57620881319889,0,2
0.0010708860655427243,14.220234917051823,0,2
0.002455225538245997,47.306123769244934,0,3
0.004710694695823729,59.00557787853975,0,3
0.0021143666164470374,23.34495770664191,0,2
0.0018908974917047924,21.018130841771484,0,2
0.0005616946699317334,25.107775086094872,0,2
0.00038766719410347923,12.132931209385015,0,2
0.0008933410577454718,20.26834537676006,0,2
0.00042464143473814833,16.470170282260355,0,2
0.0014459614920278268,24.888102200491314,0,2
0.00028090305810691353,3.101482004190797,0,1
0.002161838229277404,24.029752517536167,0,2
0.0008204911471419232,14.574416408167798,0,2
0.0011627262425878595,14.564164797023198,0,2
0.002338012539779929,53.04541332853094,0,3
0.0021793626863833024,126.57945590597299,0,3
0.006410314235244348,113.866663031157,0,3
0.006356308867392353,112.90736356510791,0,3
0.005892209187472323,83.6681307640124,0,3
0.0001806679168809375,10.493364303858,0,2
0.0019781882243958544,20.94225645020438,0,2
0.0014984015051753984,33.99610815671821,0,2
0.0008123972079633922,16.81445215098982,0,2
0.00012850469291530273,2.2118417040508973,0,1
0.0008962428024851001,15.426263138876632,0,2
0.0017496141138900472,75.53020225432671,0,3
0.004602118121050476,81.74760457733802,0,3
0.0006747694199177525,13.001137857638463,0,2
0.002229287039133215,27.923773136435997,0,2
0.00520160827863115,91.88284309285652,0,3
0.004957121442441182,70.39008152342635,0,3
0.0018740296931132555,20.691370922340678,0,2
0.0006307479671237653,36.634441339738835,0,2
0.0012531268549918814,21.56900402200891,0,2
0.00364678663628458,141.44450345434606,0,3
0.044669596096698336,283.5030862029587,0,3
0.0013394611431953548,14.180318343795635,0,2
0.005856802810592242,100.8081527217734,0,3
0.00045234659761643725,17.544744530024367,0,2
0.007960151993772308,88.48047916899698,0,3
0.002294670841330773,133.27666312437967,0,3
0.00609990383390078,87.68410426024477,0,3
0.0010972612696044611,42.55844690629086,0,2
0.0010876383824483353,48.61748089017079,0,2
0.003004178731922155,53.3633445724692,0,3
0.0028354704476720553,30.01794699807154,0,2
0.17270939521996737,388.51456203031165,0,3
0.0003357621014194977,7.617854543898147,0,2
0.0013233680356014054,14.00994730318541,0,2
0.0019873533696770883,22.090279000290575,0,2
0.0026277450578989334,27.818844642593735,0,2
0.007685012088304606,96.26150887596069,0,3
0.0012966869722129811,22.905086124584177,0,2
0.0004131915403661335,18.469679023749382,0,2
0.0034945935430094454,135.54153224860138,0,3
0.00010119409366187214,2.2959169094984175,0,1
0.0012693411296236872,54.796992942089226,0,3
0.002928166779512177,130.8891767185575,0,3
0.0013892037066553628,31.518601189366287,0,2
0.006824225407128227,90.6184995199243,0,3
0.0005663666148689225,24.449839899860567,0,2
0.0011251063983587297,19.874232953652736,0,2
0.0008254651121312816,35.635027391579634,0,2
0.0006570507883770198,11.671218908916765,0,2
0.006040656149289244,116.38850402715886,0,3
0.006259617167621367,83.12109894648275,0,3
0.008091430618175147,85.66061255703367,0,3
0.006861509882738496,91.11359794262012,0,3
0.0053145836505032835,93.87847556093925,0,3
0.000670841355248194,8.40287566637149,0,2
0.000628386145405649,6.98477959869986,0,2
0.0018923734541652275,32.571810652240096,0,2
0.08093308263732646,245.580294433944,0,3
0.00046161225592124364,6.635523817778188,0,2
0.00047674276219944017,18.49097575487853,0,2
0.0007064475789243291,12.478912015403486,0,2
0.00021056409927080078,4.777330954358695,0,1
0.00015244929560563042,8.359505378636323,0,1
7.257892752444106e-05,1.5021899288517295,0,1
0.0020074114877743285,38.67785456659007,0,3
0.00602028167655258,63.734219634906204,0,3
0.001855251693684737,24.635781306095147,0,2
0.00033181640639952717,6.393281490960682,0,2
0.0023459520319812845,26.07625583777559,0,2
0.00039060709316883924,21.41880737006052,0,2
0.001909476787724215,20.214837031721636,0,2
0.000646964236389845,13.390431539578735,0,2
0.001344766485939454,19.09540116665659,0,2
0.004669342943940812,51.901735219061905,0,3
0.0019178727765505456,27.568788144222818,0,2
0.0020695864282208863,113.48506931130922,0,3
0.00545515246084289,105.10729603973301,0,3
0.0008029262754018309,13.820085328576672,0,2
0.003327622990015593,148.74488592669812,0,3
0.0013701978117825638,14.505714677693467,0,2
0.00042647225002726696,23.385461072674207,0,2
0.003381425341381957,60.064390883558254,0,3
0.0007241631689069333,9.070778095126864,0,2
0.00513288749498219,88.3480156719707,0,3
0.009210461234147654,102.37819880856995,0,3
0.00027148860734113443,11.720064018362178,0,2
7.346346156583807e-05,1.3049343474034514,0,1
0.00022553124789075627,8.747469636405047,0,2
0.0013341226904360405,23.566362414397936,0,2
0.0009237847056853013,53.654293592571406,0,2
0.003631842620166811,156.78531939090314,0,3
0.0025508202470693026,31.951258245634314,0,2
0.0017698598184155423,102.79514017772895,0,3
0.0038379705758721126,55.169560256381544,0,3
0.0009142183700415288,12.981708506569582,0,2
0.0016197895585313704,28.61247173521329,0,2
0.0014344677589408926,27.638645937157996,0,2
0.003536713675112128,137.17520642943177,0,3
0.0022234546150249283,27.850716914973106,0,2
0.0007835383336356772,30.390368725124286,0,2
0.0011119598396986741,13.928271126829113,0,2
0.003198366180589842,72.56533193844739,0,3
8.721989232073687e-05,1.0925055604753349,0,1
0.002414651698628056,140.24526533580215,0,3
0.00042916381578083626,8.268925306598673,0,2
0.0010946182959930704,18.840731355160397,0,2
0.0032314698829055905,35.919163840509924,0,3
0.00041916159388829415,18.095052910403307,0,2
0.07723927259257483,347.48750416793376,0,3
0.0003702670898141163,4.088160248385405,0,1
0.002980205590147319,173.09317280953016,0,3
0.0015671735283531451,35.55642502107782,0,2
0.0004137149249322037,5.48762852650595,0,1
0.0010929237916968374,18.811565297601923,0,2
0.0038728457857440724,48.51078628060751,0,3
0.0010073464094121458,22.8549273124551,0,2
0.002440196317185514,133.80733677648726,0,3
0.00244883207887833,32.517901347809556,0,2
0.004917293729280663,69.82453637614428,0,3
0.001597064508965405,36.234599066081735,0,2
0.0006650358367120951,28.709354168136645,0,2
0.0011222846752443596,23.228294960530896,0,2
0.0017352669771944643,67.30417774044997,0,3
0.00042669053324252487,23.397430558690957,0,2
0.006334405683748669,112.51829645548754,0,3
0.0019423669785043486,37.42460774339448,0,3
0.0009970606548385494,22.621561539830285,0,2
0.0071409187124911065,94.719109392894,0,3
0.0011009511923099353,34.45678479985412,0,2
0.0009188018505790265,41.070480899933926,0,2
0.00039632097933579125,23.018699109554134,0,2
0.001098332425582587,63.79219103950454,0,3
0.0008976125451367782,20.365257951155737,0,2
0.006815000724434618,97.96338603469998,0,3
0.0008792086810759587,18.197271179386835,0,2
0.005597326516388875,98.87293438793633,0,3
0.0028278263404186346,58.52845163202526,0,3
0.002723873822521548,36.13021138534353,0,3
0.0006538649020617306,9.284744038622271,0,2
0.004361953719753601,90.28079046393516,0,3
0.04586055196736699,227.84847236868058,0,3
0.0005967318353217444,25.760695375985854,0,2
0.0002787781254521047,4.79837016114662,0,1
0.002265280762142597,32.166510216086714,0,2
0.003938256060776514,69.95539677872868,0,3
0.0013526179866721615,24.026606316969445,0,2
0.0005129551034630859,19.895509976319612,0,2
0.0008580260299223923,11.393678658296976,0,2
0.001954084587981996,24.47662134411872,0,2
0.0013515963028008027,23.875021793800368,0,2
0.000764046680824125,23.912587807787528,0,2
0.006599790571380855,87.54143693126267,0,3
0.0022473493848781155,23.791753772925347,0,2
0.0006869459441644302,21.499543969377804,0,2
0.00035946807506040613,15.518105505516187,0,2
0.00034427937441154416,4.88869468159098,0,1
0.0041329860557532535,73.4143933124969,0,3
0.004666865623663825,146.06023010614274,0,3
0.0009097664620655984,40.66659865793542,0,2
0.0010042150165010884,38.94954888699173,0,2
0.003113795314282536,44.75977989443375,0,3
0.0015098829043453496,21.7040683936022,0,2
0.0008754900268157933,9.268448995429717,0,2
0.0006870701810153562,9.123565702190833,0,2
0.0013501557520454743,19.171927611481266,0,2
0.003143941311394894,44.6433051486776,0,3
0.001010720673447253,17.953470940517086,0,2
0.006806995603816704,75.156797900748,0,3
0.006520878955561616,71.99775206606436,0,3
0.0009136073122354156,50.097346860495186,0,2
0.0008609414917144124,9.505751063048722,0,2
0.0006622466209558254,36.31406867359438,0,2
0.0008863250550540571,12.740630123365195,0,2
0.00034031241400441116,13.199379404122482,0,2
0.006777979676858622,120.39751868224478,0,3
0.002841698607560993,165.04855563566719,0,3
0.0011309064549278507,12.486464341185519,0,2
0.000137939927859615,3.12961558730979,0,1
0.0009051407443925013,35.106847730837146,0,2
0.001998807177193743,26.542046374633927,0,2
0.0020922280956839393,43.30353287651795,0,3
0.0022861232721106688,44.047941330668436,0,3
0.0013464428626978476,14.866225866217212,0,2
0.00395310355874491,123.72141432484611,0,3
0.0006772849032280446,15.366409299193663,0,2
0.0008467203824348763,19.210603833706337,0,2
0.001420065585462371,15.033644068903053,0,2
0.0012443671922852421,25.755076959698986,0,2
0.002352704153634653,136.64729305291036,0,3
0.0015230392843812745,31.522844884593315,0,2
0.0010271104770482968,19.78987860587604,0,2
0.002958659154648577,32.88675642196961,0,3
0.00114479228213358,44.40198784695666,0,2
0.0010324747319491378,12.932650519181292,0,2
0.003537706400644817,152.72149317716426,0,3
