energy,time_ms,violated,priority
0.0012038476871274752,23.83270683295272,0,2
0.0017544474971705971,32.169547899227524,0,2
0.0004738067886289947,7.775493023399276,0,2
0.0019382453348930075,20.386572088492798,0,2
0.226514302016339,1234.7496819786227,0,3
0.0006439133877710997,33.02476740251523,0,2
0.0005875634713006861,6.293217942913533,0,2
0.001004498400049655,31.058967265237555,0,2
5.617765813581793e-05,4.294654625489692,0,1
0.652634794859724,2563.642150092047,0,3
0.21978019784892291,816.5962644324492,0,3
0.0011981790230415794,23.452073429007495,0,2
0.06227124662913164,571.4852487002548,0,3
0.0014828496035070608,31.609402270763606,0,2
0.0008142469269708886,34.35627250077861,0,2
0.001473050260150332,18.53987023635974,0,2
0.11080259393382796,607.4408780219544,0,3
0.0008342492464889321,38.206105334633804,0,2
0.0005242336649935452,26.055393419159962,0,2
0.20181370056367065,582.536370891024,0,3
0.0018023062942749315,22.420596121014132,0,2
0.4046796279960253,5484.87193113206,1,3
0.0027362700322715945,29.97945440511698,0,2
0.3100765805007518,2024.826125732091,0,3
0.0010877973550028884,13.691061568497123,0,2
0.0019166391236437829,20.528552764357393,0,2
0.000776638452059434,23.541713246998185,0,2
0.0006785312474878292,50.179498730169676,0,2
0.002688973088811281,27.260436962995463,0,2
0.002130495794582231,24.754755889204084,0,2
0.00031824301181372823,12.375444253917703,0,2
0.0009933552002256002,26.51934508584768,0,2
0.0014993762384023967,36.087044003993775,0,2
0.0017270074762109038,34.1897594844934,0,2
0.17385655132159478,598.5020652786462,0,3
0.002205205986378064,34.87726172872514,0,2
0.0021803713586020083,27.44224222969227,0,2
0.0006135078171801261,45.12413217219756,0,2
0.0017885317983852413,19.595729540362164,0,2
0.00036775687280056967,3.9461836349509674,0,1
0.001186723803877547,31.681656339515918,0,2
0.43053353993723437,1792.163543455267,0,3
6.630538846287169e-05,2.2264505345006165,0,1
0.9201761071731343,1919.8303739048865,0,3
0.0012631052780344243,13.285411471105627,0,2
0.0020383599059747124,28.933757448367828,0,2
0.15690548690410666,1195.0994995012065,0,3
0.00046530872302827104,7.431084881139837,0,2
0.7701971267325416,1844.6382215436934,0,3
0.26850095501915683,1760.2748046978354,0,3
0.00027016614984060516,11.953301026323677,0,2
0.4391108937025445,1496.3358292320888,0,3
0.001635523983208895,26.840065668625876,0,2
0.6449097959776039,3071.5944980457302,0,3
0.14951069922997373,1082.9635258848732,0,3
0.001392708155444142,17.528681252477565,0,2
0.00017386311769560943,7.9624076574750795,0,1
0.00021199316582987118,5.102259531603553,0,1
0.0024520024011796824,26.262669925704458,0,2
0.00031354627836064817,11.090584588288593,0,2
0.11800892009997477,2299.807388343442,0,3
0.050084107642373296,668.5788983806533,0,3
0.0016904520707125056,33.25091267986175,0,2
0.0002038928376981894,14.996528323870173,0,2
0.0007477276053329026,29.076714816691354,0,2
0.0007285601058471767,53.586346564816374,0,2
0.00018505483136734688,8.474954469134843,0,2
0.35638502384224774,1642.8282187366206,0,3
0.000281012323778811,15.934455295196125,0,2
0.09013129860349754,682.1117299690294,0,3
0.00023665299910242903,4.632031946324947,0,1
0.0024740717179597927,30.759591313589972,0,2
0.0016668220880655467,32.786114828900196,0,2
0.0012159529807517272,31.825286945897368,0,2
0.0007264158231230787,12.601969011479333,0,2
0.2172607116490074,1733.0033918146619,0,3
0.0010475070334753202,35.173952655148554,0,2
0.0012868308421976722,27.43093679173517,0,2
0.0011195411854994458,21.912887460240558,0,2
0.0006023995423749496,6.463996709889077,0,2
0.001946883150309397,30.791660102515497,0,2
0.0013666755391489882,14.374769230118437,0,2
0.0019591825438050733,35.92356954990673,0,2
0.0006192911408814926,41.60433302896416,0,2
0.1857894444143946,741.321784444577,0,3
0.0015367451329053225,27.815424842439448,0,2
0.0007673148638317915,45.08179620856645,0,2
0.0012233593591919314,26.07793670709723,0,2
0.002717358938924726,29.158387424312117,0,2
0.0002630275283091762,4.563040417632297,0,1
0.10260926626154145,406.55140256505365,0,3
0.021416676769598155,282.3644465877078,0,3
0.2902305904128997,879.7588250232366,0,3
0.0020633862736117122,32.634258911301856,0,2
0.0009080001936832871,40.17379547163858,0,2
0.0014263922711698729,16.57360346115189,0,2
0.0010530706568079484,48.2274675202242,0,2
0.0018667054690823816,23.2083398856227,0,2
0.0877766248021237,768.8386471259134,0,3
0.0024630527979492903,26.41923486295883,0,2
0.08384851975130395,585.3691759249034,0,3
0.2669653089205678,732.0663927292397,0,3
0.18048874498203563,1581.9415420171972,0,3
0.0005678280348764247,7.063751081929803,0,2
0.015707041924089015,407.5818203519896,0,3
0.0006922946362764281,23.246372560393972,0,2
0.2449181960496486,749.4182212279686,0,3
0.0017663358280912258,18.953515363453363,0,2
8.206970211960351e-05,1.2991733241949175,0,1
0.0014100671899517166,30.057924236263805,0,2
0.002350100461486303,29.218283858322923,0,2
0.4304346604546774,2341.609829374053,0,3
0.0007871988052179256,18.954928308042092,0,2
0.00044592515589294516,22.46368083721239,0,2
0.18323044948161787,393.06251817187797,0,3
0.000662295568896893,15.947388314060278,0,2
0.0007718083099539139,20.45675050325039,0,2
0.0015228463872467195,18.933215300530478,0,2
0.00041457422078090367,15.875345867813937,0,2
0.001610643949616936,17.251129279592753,0,2
0.001475426547035566,20.943128698558464,0,2
0.001366099275839844,23.69929204835231,0,2
0.647621045652468,2164.9099310575966,0,3
0.0006132249806425747,24.93887645860679,0,2
0.000383224441203065,16.16974273383022,0,2
0.9004479140809515,2113.9531745537383,0,3
0.00055791420111043,34.61144848395807,0,2
0.0006848270305249926,16.489922470622922,0,2
0.00025495693280788007,16.48609592699974,0,2
0.00046109073689892604,23.22765381995892,0,2
0.0004060448605522989,14.362392997104388,0,2
0.0005838012301252251,11.55757801843777,0,2
0.00043587171209302257,33.32140439059895,0,2
0.0003036645940848712,12.81280063534235,0,2
0.530132637243962,1521.2618371699666,0,3
0.001862073039095637,34.14296974953738,0,2
0.001227687926945277,24.30467471766137,0,2
0.0009620899332450794,10.438133262979752,0,2
7.322305331067421e-05,3.3533955223635195,0,1
0.0018999132236222581,23.634821221631203,0,2
0.0008521405201079883,9.336325570222233,0,2
0.08401034570531643,551.4395215770481,0,3
0.0018790037372736312,19.760956741948743,0,2
0.0047640992626783165,59.96114627764231,0,3
0.0005033951953369256,13.439010433192262,0,2
0.14148063684632042,1303.0586902614198,0,3
0.00045071213675209606,9.227209115687959,0,2
0.0008442765803725669,37.354391438833275,0,2
0.5912750192279889,2439.321236109771,0,3
0.000681502665646117,45.7837388426223,0,2
0.0012065306384371032,29.03882503022655,0,2
0.0026415298286166823,30.69258632086598,0,2
0.2558809459773107,2223.979478141692,0,3
0.0009167185657962825,27.49424778428649,0,2
0.00047377404036125123,23.547455720054465,0,2
0.11456212098975314,982.8151744607515,0,3
0.000654469813058448,7.100628422812225,0,2
0.0007616554562225536,16.609568342034006,0,2
0.1214287303280089,560.1228767990755,0,3
0.00019633635346128804,14.440741121303928,0,2
0.0005521075354149215,27.812666093137416,0,2
0.0008717350494693464,13.921804655438972,0,2
0.15665395854395217,585.9486065994222,0,3
0.00193600414399854,30.64718007320422,0,2
0.00044292853494399794,10.660420728142038,0,2
0.2801830112302699,1119.6700734700726,0,3
0.10711639256610762,248.99189500923234,0,3
0.0005185807954331083,5.454461609932668,0,2
0.0001019072372811373,1.8445434046276266,0,1
0.0003721626166535879,21.103019603786358,0,2
0.00045752606195953655,33.83547703973633,0,2
0.0016783830210029406,33.013516467940455,0,2
0.001629675382584124,17.4870921542869,0,2
0.00018647709645480584,12.17087281795783,0,2
0.0022885751103333286,26.59151843175498,0,2
0.0016570697772869724,17.429151956240027,0,2
0.0009243791493564412,13.333809596971692,0,2
0.05875656273177717,339.5995949150635,0,3
0.19799464718105841,1733.4122150140006,0,3
0.0019745511113729033,35.73980932811715,0,2
0.0008008292701099104,31.141667283338844,0,2
0.0007769245259282706,39.84658844709632,0,2
0.9687686890912602,2274.0186479713566,0,3
6.251494516300174e-05,1.3569197276771767,0,1
0.0006658801377100544,49.24390976594813,0,2
0.0008095305147900413,40.23518033304734,0,2
0.0015942306427934887,38.38741540298558,0,2
0.0004571759069626399,8.992574486506488,0,2
0.0006163595470612802,12.064064783622346,0,2
0.375092825713665,787.4950587545598,0,3
0.32220105471517874,2597.6800101087983,0,3
0.0007796172446623211,8.199016500841525,0,2
0.42899391254740576,1241.5541409292944,0,3
0.0006466890635482538,32.57725322845721,0,2
0.13891506233609324,301.0769155450459,0,3
0.13665044714340388,733.921404054142,0,3
0.0014937365341336163,15.143294217969988,0,2
0.35267784525391704,836.557958884522,0,3
0.0015677263568720338,19.49119812448006,0,2
0.00048220682106790453,24.73122691360288,0,2
0.0006245190014851079,7.80320887976814,0,2
1.2265726857583945,3495.933596967942,0,3
0.0010541366791251908,37.28633638575134,0,2
0.0004679487989024205,16.552024678302466,0,2
0.1017094685554499,1292.5449725782014,0,3
0.0005341284388583476,18.892894098890714,0,2
0.33106886811998226,1287.5297736675072,0,3
0.757762719019944,1558.581881822275,0,3
0.0002723703919175293,17.77690377224954,0,2
0.7722274164852478,2628.77564788328,0,3
0.0003379845204565609,3.620051879426241,0,1
0.002830618716160532,29.77260487781804,0,2
0.0006656375579221328,22.351261805053483,0,2
0.0007741800106692902,12.363828761094815,0,2
0.00022922963870770203,3.76181494082333,0,1
0.33733722455930987,2060.3882613658093,0,3
0.002212258493169845,23.268657706779457,0,2
0.00025038065778198396,16.190183561588178,0,2
0.5146320511945495,1412.7412558349633,0,3
0.0002758966777174121,15.644378929948994,0,2
0.0025509066426194892,27.3722853110392,0,2
0.0003858629263139096,25.18426493448652,0,2
0.0016413717450284495,28.474759509281284,0,2
0.0019902806989100393,36.753143501068195,0,2
0.001034945321335166,36.6075103507328,0,2
0.5681362833279158,2025.5764397891621,0,3
0.42525831358677063,1578.8762452532626,0,3
0.001716606727673852,36.59232363647024,0,2
0.0015049879748999984,24.03499619304825,0,2
0.0011422412902705363,43.73999790287513,0,2
0.0017738001966058573,34.89035653285538,0,2
0.0025190318064314014,27.330074643362416,0,2
0.0005813613762778303,22.26214863339617,0,2
0.0011822026961956261,19.400753718855405,0,2
0.00042309600781580305,7.339932046705952,0,2
0.0005332829654681434,5.406348886150527,0,2
0.1315036282920643,604.9763095779265,0,3
0.4824125096368301,1803.6632673903275,0,3
0.0009447981070946647,28.63902251369231,0,2
0.0010539234487818836,44.469165313294866,0,2
0.0007186508114185696,48.27937252135658,0,2
0.0005278898324882653,6.133682109521511,0,2
0.29166558016187744,1901.8610886800543,0,3
0.0009983027121142133,44.169163458623046,0,2
0.0003707757199437702,18.428246597871883,0,2
0.0005972796005394863,10.810892114113425,0,2
0.8583318876848764,1796.6752308014788,0,3
0.00013866252129848786,3.023840511047312,0,1
0.6189451072025056,1828.9945341945281,0,3
0.3402676142954606,1416.5651604638592,0,3
0.6144240496345054,2171.783435098705,0,3
0.3261981674899321,1217.0866958480387,0,3
0.0015802792977170207,18.36165476187605,0,2
0.0002181899265558974,8.484702484023016,0,2
0.0008303109000978525,8.893213601460301,0,2
0.09959396876161117,527.4176713973491,0,3
0.0008180562500141894,37.46451481884833,0,2
0.0003203506207491691,6.558381563216874,0,2
0.0001457458479651104,6.087909275258987,0,1
0.5649271485681526,2348.3907753269204,0,3
0.00033009897792209494,20.478424363850113,0,2
0.0027178621387888417,29.163786967368267,0,2
0.9704529162733367,2029.3106850877857,0,3
0.0004634522827471366,26.27948689788984,0,2
0.0003016808173456344,3.5053037930596593,0,1
0.0008052907911031079,17.479259689269785,0,2
0.0006896568254026724,7.482387665148633,0,2
0.22732234082350086,998.4774824882207,0,3
0.001615928502100293,29.6296637168548,0,2
0.0017315322163756288,37.583816435933024,0,2
0.0007810516445874343,26.226719907357644,0,2
0.0005429496080196263,7.706966870315367,0,2
0.0010202862492270893,31.547125624440717,0,2
0.00013141063220590733,4.365475928155983,0,1
0.0017853372767007243,22.209502429109364,0,2
0.0021710362645808653,34.67193706822677,0,2
0.0008520686707314341,22.301298136440064,0,2
0.2740001840503632,2090.18497575335,0,3
0.19516964419471833,1055.9537884365595,0,3
0.7628974682411388,2184.803099563733,0,3
0.0009338733126199452,17.123500310261143,0,2
0.000877637439376891,51.56354197208737,0,2
0.0006875049840390441,10.979609106297412,0,2
0.00042950129396526754,27.772531835475025,0,2
0.0015941521703188393,17.09921956606635,0,2
0.8594260344664896,2527.786192337369,0,3
0.0007192615706387283,52.90242971811275,0,2
0.00011037694248286922,2.8889092936442746,0,1
0.0006491335050059741,11.90251142650899,0,2
0.06247374566822328,444.60589903282704,0,3
0.3758029941765636,763.0453492530668,0,3
0.17214973510181825,1270.3283261703352,0,3
0.00028913651628352906,6.958948607457469,0,2
0.14850523323032863,1165.8785695415131,0,3
0.04254444264152072,167.25809049899058,0,3
0.46395034011703934,1651.9765280607244,0,3
0.04396341535811564,341.6112022174946,0,3
0.0008054744908923493,36.888308108051625,0,2
0.8400398627497809,1977.96684010968,0,3
0.0018977540170234549,37.14492217068596,0,2
0.0019964766867445883,36.607394924896965,0,2
0.0018776320777714854,34.67293896500949,0,2
0.0005299874704065617,27.181781383688275,0,2
0.050404540625711564,273.7235018802265,0,3
0.35798454435710275,3103.320315204309,0,3
0.14775076606246926,1542.4377350796908,0,3
0.0017795536811210772,32.86179273401745,0,2
0.0003546344789663742,26.08373137811009,0,2
0.0009453327989826488,18.71485878042179,0,2
0.027819491182898733,135.12332008052107,0,3
0.0014223485817392496,20.516824922584707,0,2
0.001152893919899452,35.647338529039395,0,2
0.00016605653255344878,2.6286950217918963,0,1
0.2551821838944978,1558.0712149627047,0,3
0.26560318431150987,911.2532692757935,0,3
0.0006024077976099279,10.450659465422428,0,2
0.4890776322438336,1415.8848144116885,0,3
0.045836972764497164,970.9827119841267,0,3
0.0005083207249162598,8.341890291763054,0,2
0.0023437388701384324,29.139191587656683,0,2
0.000450612044244018,8.262422081398554,0,2
0.19034757239901054,2024.1292233354739,0,3
0.0005439113832542345,5.83411065763369,0,2
0.0009156792474141997,32.388897110450216,0,2
0.6565304984961201,1370.989727957139,0,3
1.052587429612557,2482.0744824177305,0,3
0.22267857055749274,867.5654125210054,0,3
0.0011875380863846346,14.946402453409272,0,2
0.00027236386405649434,13.968886856742118,0,2
0.2680572465968474,2035.922531215289,0,3
0.4719226719577496,1536.5814523643462,0,3
0.34445187884277956,1227.5698401737466,0,3
0.14388715790724166,642.0911849159459,0,3
0.0003409043004751481,25.073862601158474,0,2
0.0006127420572202429,39.62129690920047,0,2
0.7108775984929886,2739.4779383025502,0,3
0.00047004037773551693,19.83284771356305,0,2
0.0015442287216076989,40.92972473925331,0,2
0.00034544857056556424,6.838883852322327,0,2
0.00015083530989957927,2.6167132387331247,0,1
0.0012294296975210684,13.18712776004985,0,2
0.000748491047401082,29.106402616281997,0,2
0.0007416123333253222,14.58739195564132,0,2
0.0014883179980130234,29.274968896893427,0,2
0.19757009986913976,749.3865360938747,0,3
0.0013631515888833815,27.90713571116358,0,2
0.0045289822871431235,81.97557533994177,0,3
0.12845984134569077,985.8610078398168,0,3
4.033997368323124e-05,2.370081121020786,0,1
0.0004953198162237739,16.632208861843775,0,2
0.7311758571809107,2467.8461454496783,0,3
0.0002125456398674351,4.160176281949057,0,1
0.0014007916092705372,30.404917800500296,0,2
0.0005502545060134682,35.91367378363928,0,2
0.0010054719472241363,10.789130637647796,0,2
0.057189604329630474,616.498924742547,0,3
0.4975539748074742,2373.6947769665426,0,3
0.3084091130130485,1008.3219767337903,0,3
9.565060923673793e-05,4.380510101988074,0,1
0.21390342171658994,570.9943678725413,0,3
0.0005147584371630775,6.431778053597427,0,2
0.0004819035139345751,18.453595460460114,0,2
0.1770910511854519,1432.2018333179522,0,3
0.0007406321365624563,33.91872338250353,0,2
0.0005376294414607221,30.485610684747826,0,2
0.0003531322395221993,18.111302380151184,0,2
0.0008033634937853343,41.202579455241796,0,2
0.0021277590748643607,30.202745256240675,0,2
0.0008325911541444979,47.21104877711274,0,2
0.0006696000874638155,12.119908831029383,0,2
0.00020964183288145686,10.752024884452666,0,2
0.04545141089753831,202.08287050042298,0,3
0.0006551587308206411,17.49060201697508,0,2
0.001480401776602121,16.219757933047546,0,2
0.5059982129224982,2081.790075224824,0,3
0.001368887404118033,36.28230965115782,0,2
0.25550645492494567,1931.6059272413072,0,3
0.0008475682845723451,8.914770293672913,0,2
0.00022052246327544772,16.3083228766155,0,2
0.001301436267428874,25.473137419345584,0,2
0.0007041730205554374,8.79846594551114,0,2
0.0024980289482639606,31.212247545162995,0,2
0.0015336383189106266,36.91166505326843,0,2
0.00023459246973358535,6.262854070722463,0,1
0.0010121013894088182,12.738349079659987,0,2
0.0008906668448835937,34.635160800078246,0,2
0.0005979214845433202,6.415945293753823,0,2
0.0013694623323752106,14.667904563858524,0,2
0.23971184811213087,930.8838481415469,0,3
0.03351311663979617,172.8098730154026,0,3
0.0019575706275673723,36.14910913212436,0,2
1.0983170134304647,2218.880739713915,0,3
0.001380896028397943,23.955988297624533,0,2
0.0214438550623084,422.2359303474234,0,3
0.0005894816014864241,6.45854999177343,0,2
0.0006081928887798563,25.662044188106023,0,2
0.0002530736560254084,2.7727563590101556,0,1
0.3068992114444994,2419.0881685785116,0,3
0.0010274051940976471,31.143034965351376,0,2
0.0008239175023092948,48.40735229119871,0,2
0.0010289595355034657,24.76503701006177,0,2
0.0005679891643818838,26.01219471834763,0,2
0.4450735440611086,1228.2147792875264,0,3
0.17451240955583514,630.7886021728016,0,3
0.0006638757862904947,39.004474324780944,0,2
0.0007685110988199742,25.530024824494276,0,2
0.0002885711254337967,5.648230433867212,0,1
0.0023692946114763536,29.820037942218654,0,2
0.0014494216287691136,20.907343093139925,0,2
0.0009376224888320809,35.90450287915114,0,2
0.0002647130520810551,8.024066730542197,0,2
0.000300400714132045,7.233336689937215,0,2
0.000559388293907983,6.128838036518026,0,2
0.001881049298524471,27.13340430331472,0,2
0.0005551778526714225,6.9063834763366065,0,2
0.5572700570450243,2242.0237760937166,0,3
4.951350083823949e-05,3.2316168201391506,0,1
0.2638930396318767,770.0161982059633,0,3
0.0014587298640161052,25.306261176163503,0,2
0.0010906876985921552,38.579198719522324,0,2
0.14213642229833598,512.4665711547877,0,3
0.0006837768597471062,13.383630338593242,0,2
0.0012117857336550466,31.716217075001268,0,2
0.5934363167734115,2113.226298198682,0,3
0.6251562901695386,1793.459437947558,0,3
0.0006168302790155296,7.673336438401187,0,2
0.0006108886676570713,12.016079069796307,0,2
0.2682103425603422,1107.572753168593,0,3
0.0004965467013207425,17.563573778729705,0,2
0.1452351054357723,891.9541744919801,0,3
0.0007264614783056753,14.872490506074895,0,2
0.00274580523730341,28.880531996398197,0,2
0.49348373654295935,1002.4347901415922,0,3
0.027010407990539942,246.88127613376398,0,3
0.4888841471191685,1339.732602323803,0,3
0.0009552692800905402,10.364133022349954,0,2
0.5705440060596544,2193.1704607163283,0,3
0.00037537097581463806,15.26573555790007,0,2
0.4231385407877916,1433.536983516041,0,3
0.0009729167422433535,48.35578135477078,0,2
0.0006336002576624708,16.915061073437805,0,2
0.5903066761277148,1404.5835412488493,0,3
0.0013147440341144325,44.14743093051472,0,2
0.0024363358881542693,38.53278331146096,0,3
0.0005341581773310717,7.705023892151384,0,2
0.0013160825936446225,28.566264113526497,0,2
0.00021674865644904628,16.56994347712176,0,2
0.0005665482022060548,22.031232213394592,0,2
0.0008986182695117296,14.21243401912362,0,2
0.31321226870133007,1019.1073399307863,0,3
0.6302550636629747,2536.548276259918,0,3
0.18202278124212767,530.5684611628686,0,3
1.0823379647970293,3088.55522533559,0,3
0.0006398780423172177,24.882793173908503,0,2
0.0023533750246261128,48.1794957560824,0,3
0.0006155779631768656,25.97364945183856,0,2
0.00031888361741737087,8.346180146192442,0,2
0.001132034687784061,12.147201288479547,0,2
0.000787910221858657,18.97205848066536,0,2
0.014518118456555889,269.0924056836205,0,3
0.0013723953849081685,17.273023899795334,0,2
0.49776532775729765,2066.5749549357192,0,3
0.0008636011262982107,15.9475274718307,0,2
0.00044275125797294375,26.01281810617741,0,2
0.0013686059606049699,36.53731691099863,0,2
0.0007924988171370573,9.974422210610895,0,2
0.00017183202248101956,9.743521720642047,0,2
0.0008790078867480758,54.53120950967153,0,2
0.33948404919072195,1313.9457417383135,0,3
0.00121565599570054,32.45405152994693,0,2
0.022998191944896294,134.05047364460654,0,3
0.3748589406961168,935.1599476712112,0,3
0.8627632575884382,1790.7722161342726,0,3
0.0006159672555679035,25.05040038169721,0,2
0.0009699467931001029,42.91457684200327,0,2
0.0016089828739268039,20.015662874025633,0,2
0.0004806094717857635,8.875084250270952,0,2
0.42526740462545815,1511.5933842130098,0,3
0.2885849645787297,1111.73877452757,0,3
0.0007484590298440302,15.32283561890057,0,2
4.034683533713669e-05,2.983774115137609,0,1
0.00043914941317627825,5.487062190731144,0,2
0.23206941865869,791.6185994351107,0,3
0.0014999710863922676,40.044337463373,0,2
0.0003690843352053052,4.64531039170457,0,1
0.002608816350775522,27.439675279115132,0,2
0.4236475812104062,1678.8175563374587,0,3
0.00035701106709683163,11.859947656704435,0,2
0.0014993879036361477,18.641561116272317,0,2
0.39720915394272865,2922.95391075649,0,3
0.0009154767692624329,53.78670359579166,0,2
0.0003254179139941262,13.730658550237127,0,2
0.0002926031047987032,21.52125988486878,0,2
0.0006992650586291105,35.863621338684986,0,2
0.0006924502283200797,45.194417018886156,0,2
0.0012940574835680876,16.088733015254466,0,2
0.5625296869400589,2096.9284343803506,0,3
0.07555808641515416,467.2850978352035,0,3
0.3240165662486416,1050.9778637607815,0,3
0.6725542179608522,1966.1101150537038,0,3
0.9726047553633723,2778.7037857228042,0,3
0.0016467925263958054,33.7139778855434,0,2
0.17012999165473186,1253.3434382777127,0,3
0.0004918351603584345,25.22504125506721,0,2
0.00011167953092081797,5.625906736818247,0,1
0.00022990597387902498,10.529001844534637,0,2
0.000129958015636381,2.055399701023096,0,1
0.0004442727960616872,19.65652052362964,0,2
0.2814641106826301,2081.4952266728483,0,3
0.00046988922103318007,6.777969201585509,0,2
0.0012715219364880668,44.97556681653566,0,2
0.5491524996569156,2527.230178110077,0,3
0.22258665715318324,1225.0060760081606,0,3
0.0005810512193883821,6.304078081490348,0,2
0.0010461965058400228,11.205500246281538,0,2
0.0008904427185504303,40.77959727572468,0,2
0.21772441460030906,1858.8557922405641,0,3
0.4861453178405173,2779.047575323746,0,3
0.00015661040837974382,2.47693060704689,0,1
0.00015738075901600517,1.5955043500419692,0,1
0.0004913095021592607,9.008650637050735,0,2
0.002631897018212431,28.230294339271733,0,2
0.0008681162684488576,29.150239138994547,0,2
0.0006187514184416588,41.568074166778466,0,2
0.0012468536059309743,30.00931973666087,0,2
0.39409270791082707,2402.5248473946426,0,3
0.0008822429338427646,29.624594578968896,0,2
0.000748390003980747,9.30993254229677,0,2
0.0003929663655858792,19.53116318076138,0,2
0.0004778119399946412,20.160760416561544,0,2
0.47395489763690624,1606.7662165851998,0,3
0.0024728607058390347,30.762257960957555,0,2
0.5886172642739458,3400.8036322096,0,3
0.001367309673163303,14.379613392058618,0,2
0.0004464256415400674,32.83506597601778,0,2
0.0930615116121327,1177.1855010516183,0,3
0.0008173000421582804,17.73992679261447,0,2
0.0015825776835025837,25.052396399299575,0,2
0.0008724040316289636,10.980112476560983,0,2
0.0007668741007241564,23.2457331051851,0,2
0.1718599277328987,1049.562061850434,0,3
0.00032307419146100684,16.27500809903361,0,2
0.0005485209147732673,27.262515148146704,0,2
0.001725255410698092,33.93548862192943,0,2
0.0017323423965877422,18.554605223061426,0,2
0.6016698178225662,1440.3427739949632,0,3
0.0004160865178040122,5.906192693640346,0,2
0.12976692483595936,1114.9381532844463,0,3
0.002015463973103366,21.19876201414925,0,2
0.0014801269328593972,35.62375099028248,0,2
0.0005130513209084415,21.430524017329663,0,2
0.4155277478216219,1407.0571131657448,0,3
0.0003014980366141312,12.721385075285834,0,2
0.0010648110591760292,47.11177597193063,0,2
0.038294667666756946,307.57677588815335,0,3
0.10458166120154055,748.7528064145126,0,3
0.0005556008823522234,18.656370321618756,0,2
0.0003195806070577315,20.664809881175866,0,2
0.0021517708375632127,23.575493264249488,0,2
0.00019980098138673067,9.930482384471865,0,2
0.0005655648667929365,11.19655070107447,0,2
0.208672889555954,2005.1885302473097,0,3
0.0007229861901367097,30.50562395739271,0,2
0.0013424774353455488,40.693605550516665,0,2
0.0025653690843809897,27.51670139059292,0,2
0.0010878497613076433,11.651635902246175,0,2
0.001393809812392553,25.738526267231762,0,2
0.0009013361674315723,15.63651298517172,0,2
0.0018480757532344028,22.9767207124143,0,2
0.5145878030403838,1479.8897789792936,0,3
1.0846188852590677,3277.5257188433798,0,3
0.0005227980946007261,22.05890278003167,0,2
0.52907627089046,1553.640479108533,0,3
0.00046799707610984797,15.546915313547087,0,2
0.0005550133851334615,34.431489912284405,0,2
0.0004769888448020407,29.591063995914954,0,2
0.0022418570028465666,26.0486892229946,0,2
0.00138490167889505,41.97958279477335,0,2
0.18340049885581286,1607.9770777930553,0,3
0.002142860321420452,23.477866783939653,0,2
0.0002959368985924402,14.708617234963377,0,2
0.001185998200840452,39.39899313849094,0,2
0.9429156900189009,2244.341242889167,0,3
0.0005148966437969817,34.59105100960077,0,2
0.7245649993557004,1463.9450327837048,0,3
0.6452569142896115,1739.8456792251618,0,3
0.0013021506979275451,40.262339790027184,0,2
0.0018514822087745014,36.239239610835504,0,2
0.0012719060358865678,18.346749728785806,0,2
0.3048239316589601,1141.6374274572615,0,3
0.0009213331404935961,52.24305305105922,0,2
0.7605587278826652,2461.1768987495107,0,3
0.23994288014544193,956.429278405791,0,3
0.0024797212537771094,26.90357731388422,0,2
0.3833240017776681,1306.8207583403146,0,3
0.3098200335588517,1061.9283795869335,0,3
0.0006356033231532893,11.504559920974412,0,2
0.10806698355676256,485.2006347200709,0,3
1.039177435857932,3374.085371287247,0,3
0.415228751635832,1410.9206981968193,0,3
0.000665507590241354,41.286243708219324,0,2
0.0012262412310852472,43.37392288660924,0,2
0.42622543732639273,1232.8551875014098,0,3
0.5400559370901904,1116.0252519900016,0,3
0.0007625001402717085,56.082671071879425,0,2
0.0004953653956816228,36.434635325449584,0,2
0.00018799317049587367,12.269823009092514,0,2
0.0006566926169488921,30.07454594801191,0,2
0.0005700313134508354,29.235533685713825,0,2
0.0009842900261832436,40.02949673821312,0,2
0.0011663206505863751,14.679358947094777,0,2
0.0008645127839285063,50.79243343487359,0,2
0.0019436831036991765,24.165385942093543,0,2
0.31974448388472604,1833.0218357308247,0,3
0.7152090993953164,2818.4040180352968,0,3
0.0006625335804766638,17.68748645764635,0,2
0.0008619964080583603,10.717012378090086,0,2
0.002713081940042197,28.53272390630098,0,2
0.0014355073366579805,18.06735348070556,0,2
0.0005959969315174982,7.446832742114421,0,2
0.001069771499786505,19.754733825504236,0,2
0.0005384387099024349,12.959163230708796,0,2
0.0009246697724347274,40.91132862638626,0,2
0.3760437881667759,837.6351917609645,0,3
0.41858230833705995,2279.37506912979,0,3
0.0014908365775475102,39.80047585959941,0,2
0.0006233265431502668,6.555350908015314,0,2
0.14113151138070237,1332.7374606692467,0,3
0.00020519602473299264,15.686770969005135,0,2
0.32640645068201624,997.549718089726,0,3
0.0012663390992103975,30.49212813853125,0,2
0.5462888715227497,2036.6691550395894,0,3
0.0009072485270925213,27.210222129780593,0,2
0.0002246054892940931,7.9446204593277745,0,2
0.43333509670258885,1247.748202833864,0,3
0.001103076156977084,34.106979412731484,0,2
0.5661101920012058,1159.8892212770318,0,3
0.011072214045544466,157.2001413852498,0,3
0.002521954790203273,29.303214469537547,0,2
0.0006852785328936272,44.31167062443107,0,2
0.0010431449934560424,10.575259550084887,0,2
0.0011244910057778136,45.73124572081464,0,2
0.0015181723465101029,28.035043570083523,0,2
0.17691270001374207,1339.4511344717287,0,3
0.0005384618947671487,23.82384737375037,0,2
0.00043146693547919317,17.54706826948563,0,2
0.0007410112907436749,36.82964677326418,0,2
0.0009583356127890188,47.63107195551259,0,2
0.000713626185256186,10.293780083901597,0,2
0.00057506762094752,24.2643591731404,0,2
0.0005339202619770466,9.66407415314267,0,2
9.133203026569375e-05,2.7684857234142966,0,1
0.000964473245841333,28.926507427547293,0,2
0.3089416317696386,656.1132048965421,0,3
0.001254068654252262,13.451410517285773,0,2
0.24526880246617144,1372.5384924333669,0,3
0.034177559392020225,425.4186302727449,0,3
0.0009838499500894552,49.5618849451559,0,2
0.0002160642976419602,16.51762579756949,0,2
0.07000543100366627,624.7990168172519,0,3
0.0009586159872134226,12.065179641340247,0,2
0.0009057898718325569,27.166474102146314,0,2
0.4120380657390386,2846.3972085553505,0,3
0.0008024439808011965,17.417468176063682,0,2
0.001534937121357055,32.719734229656844,0,2
0.0008849134647430646,33.8861091975761,0,2
0.0024472791972291867,30.801555097068647,0,2
0.28178085702060307,1718.0387005391055,0,3
0.0010563492239410621,23.036012523459046,0,2
0.0016485412699438387,23.400427524289736,0,2
0.03974358763005179,563.6422822306813,0,3
0.493441051721747,1229.4460689168689,0,3
0.2554300876205359,907.0550905558711,0,3
0.3174458476419027,1829.631064403631,0,3
0.0014867115318585801,39.405233767633575,0,2
0.3128818157392279,2885.6629045341383,0,3
0.0008822193884301715,35.878447603998616,0,2
0.000773915005059113,45.46957212140617,0,2
0.26607156160561346,2027.4976858130728,0,3
0.5908385212239622,1629.2735667047477,0,3
0.001138840019081382,48.05212857960315,0,2
0.0007635738369619216,32.2181760202907,0,2
0.18162504999719412,1271.6335105156556,0,3
0.8513360858227256,2289.736449977694,0,3
0.0011874801854623524,31.47411807862935,0,2
0.00028354184250598447,9.520974108374864,0,2
0.0006436590511884825,26.176581296856526,0,2
0.8169594288682405,1713.7776217930743,0,3
0.0006053502720802605,16.044786410449596,0,2
0.3617131348950336,1402.683292162052,0,3
0.0006546191670401202,8.23906335003066,0,2
0.00045946779719037645,30.867309393742797,0,2
0.3329123722105121,1190.661021047742,0,3
0.0007197528902401479,52.938566781101045,0,2
0.0015833246049714934,30.9905650021192,0,2
0.5747143966149946,2265.780638012716,0,3
0.0013543951823926357,21.62999545219152,0,2
0.07712364003661606,875.8308839803918,0,3
0.0016860642829998637,26.926825528841235,0,2
0.5326557839948921,2908.779520586972,0,3
0.0019221996464111463,20.58810987326698,0,2
0.00026009344845282065,16.818234726758664,0,2
0.000500416594945668,19.16251933801419,0,2
0.0007232966728420545,36.436396096124774,0,2
0.3542288941239109,971.1855569826361,0,3
0.4700229356650753,1829.0498402805763,0,3
0.0006470657205677074,47.59235054770762,0,2
0.00038000064978276435,4.727188226310795,0,1
0.0012240878166126974,15.227588473782887,0,2
0.9616665494574285,3059.3678625018288,0,3
0.43887510695574833,2107.8532135558044,0,3
0.0006875103166195166,13.610718362320876,0,2
0.000674833467384049,25.8414878709009,0,2
0.0003645230391550259,18.36301249475826,0,2
0.315145406219378,912.4314045704782,0,3
0.0007819412086850558,23.702452102469447,0,2
0.767572133682304,2620.4441331433186,0,3
0.000604070542697332,10.933809660527771,0,2
0.0004849501147587921,8.777703719746622,0,2
0.0010137415238696496,14.622827082623502,0,2
0.0004635588757538274,10.061788933992224,0,2
0.0004541370044704883,33.58484568473567,0,2
0.13949284132970974,967.7992082027199,0,3
0.00022014016718567905,12.48277515208997,0,2
0.001339909446928026,41.42983567565953,0,2
0.00024909798043390186,8.810955235119678,0,2
0.0010064969628192002,40.93261723520903,0,2
0.0005432551084659349,9.424469875645322,0,2
0.5941022584828609,2043.2785543906768,0,3
0.22997147187856354,1385.8861308308617,0,3
0.000591618992925996,14.245569889405312,0,2
0.0018775597022865434,29.721997482568817,0,2
0.0017726615709521864,32.73452088025274,0,2
0.0009446320702615146,9.934431266528613,0,2
0.9005379412685478,2930.1201983820256,0,3
0.00024584743262181684,12.608922928198574,0,2
0.0013807965108138067,28.268371567058836,0,2
0.3448719175950729,1878.2802344605138,0,3
0.001032477021970692,40.149701185985556,0,2
0.3907300396665439,1277.0629529679375,0,3
0.001580162457147284,16.924651061142324,0,2
0.0011793165789192944,14.735265986779206,0,2
0.000599257744785603,44.07602466290881,0,2
0.00027710048086489826,5.0809141946158425,0,1
0.0005134157756933189,12.362517773119041,0,2
0.7019896761277907,2011.9706624576318,0,3
0.0007343885934001777,9.130492392104042,0,2
0.19019948596258812,666.507883956838,0,3
0.00024358859740357947,6.3754743249405665,0,1
9.769579006783663e-05,4.122168686882201,0,1
0.0015372035524332881,19.122731865484724,0,2
0.45086001090825756,1542.2410927983435,0,3
0.15847995956782052,1598.659776017467,0,3
0.0014870528648326467,35.79044458291513,0,2
0.0007311574741648381,47.72073781251861,0,2
0.0007788574983286126,7.8959495075235395,0,2
0.0009022383827247524,36.6925879950423,0,2
0.20671034724420306,1531.9892467764432,0,3
0.0024587407037397033,26.372982411623184,0,2
0.0008638650446649537,22.61004608253521,0,2
0.00029406942123669347,18.243250671130664,0,2
0.0009928185348593176,17.970233806012367,0,2
0.0002716174136499766,15.958247997070538,0,2
0.001391917417861648,14.930006048975967,0,2
0.002215182432433757,25.738750813025582,0,2
0.001001297482765661,40.7211627204756,0,2
0.28283178393343605,2072.747552986423,0,3
0.0010149954364783358,12.774773673292861,0,2
0.0004922567263018507,13.141649626099195,0,2
0.000659490866685753,10.430424961289498,0,2
0.0007224973452579971,29.382808274020267,0,2
0.0006643589159875366,33.01988041495779,0,2
0.0009609894734529825,40.14122399055357,0,2
0.02552592436065266,384.8430971097613,0,3
0.0006388164996075517,10.20204306758274,0,2
0.17106979013242096,1300.0123752741126,0,3
0.0003912693085992439,28.778260849727562,0,2
0.0025521498080485244,31.730319091706093,0,2
0.7562321312965075,1809.3633460260432,0,3
0.0007589592254984989,14.928602456021942,0,2
0.03934054637143149,154.0935113046486,0,3
6.170236347535608e-05,1.6472519288606444,0,1
0.0006023822128016311,34.15733627420602,0,2
0.000607164965325898,30.177234119620454,0,2
0.4251642634989432,2379.162490451476,0,3
0.44550845093386804,3074.2650792028435,0,3
0.5338755194283583,2220.4304861074543,0,3
0.0028735638730429057,30.224304423212523,0,2
0.0004473122294703133,33.0801323208001,0,2
0.637744322813261,2511.3711181058434,0,3
0.0017183449815703028,29.810102587909892,0,2
0.00029361261578633843,4.689059461172436,0,1
0.3780089078421797,1202.4654085327224,0,3
0.0015181269544451443,39.73412353136283,0,2
0.0009285550252894681,30.84670199682078,0,2
0.5376661644243492,1909.1943743183274,0,3
1.1854149053308278,2383.898126097541,0,3
0.0011212409214336665,23.901112590390664,0,2
0.0006064278672654474,30.549077308194818,0,2
0.22641223833098476,1673.619423809172,0,3
0.24311397135991034,1840.9150792494013,0,3
0.0017643630580344229,22.20634490940365,0,2
0.0005226986532202327,10.347923493462607,0,2
0.610384502157387,2255.3104276400422,0,3
0.0005576466172522705,27.71607962558171,0,2
0.0007590878113569386,33.585277503921226,0,2
0.00041967261802051053,27.136987264569946,0,2
0.0006076106424091779,25.3803351334881,0,2
0.4970199115006019,1347.0323057012424,0,3
0.00047113525865513466,19.879045035265236,0,2
0.0010656332622962633,19.539450641717526,0,2
0.19558568959977365,1674.3007809640258,0,3
0.001574455571501703,22.348808709165596,0,2
0.0016434140889910699,20.43220710596338,0,2
0.029492744629349105,73.0204952859687,0,3
0.16813745380998907,1285.221613694956,0,3
0.0012810625851587926,22.22406297611912,0,2
0.0005663010809254315,21.685442737066168,0,2
0.0008273712376960843,34.91003866276725,0,2
0.0007684104397270312,29.881003534922083,0,2
0.17632598240987815,2972.4171494696807,0,3
0.0005739203519376255,15.021287972182465,0,2
0.0006443845793751327,26.916409025599375,0,2
0.0004802609636495335,7.602589220030585,0,2
0.00045204510265938033,5.623417455402994,0,2
0.00026517123655139986,8.037955364805002,0,2
0.0013077305862271465,39.221490776275495,0,2
0.0015605889521615372,16.931510130713008,0,2
0.5702002060503912,1188.6053050785604,0,3
0.6060492173611756,2883.9020361731887,0,3
0.12444881994203442,468.9159185255757,0,3
0.0016988710044931585,34.78015509411358,0,2
0.5435763242212727,1589.837765607554,0,3
0.00093771197261713,18.563988431509443,0,2
0.34405068180382864,1970.1064683294117,0,3
0.0006372529984043444,26.618517740561078,0,2
0.0005400924147585378,35.2504206411376,0,2
0.0007528314843702014,14.903888800437395,0,2
0.0010280419451944509,22.41871020247172,0,2
0.00141111033085361,24.48015048012323,0,2
0.0005986942044003337,14.415933621376652,0,2
0.002515858832285142,27.564558418084108,0,2
0.0008767101917489794,27.107771545764194,0,2
0.002047377137522797,35.518201036628604,0,2
0.06991770871037631,604.6432812882814,0,3
0.0020849020073923884,33.296353622947976,0,2
0.057938397885475716,798.9470241821518,0,3
0.001211871970167053,23.837321245205416,0,2
0.5689448281261108,1355.3234410989044,0,3
0.00022258227326567808,16.460652239738913,0,2
0.00191667757057197,20.15716190926366,0,2
0.001867962042987566,36.98025275259927,0,2
0.0005908325500172088,45.16780919714874,0,2
0.0007223382454939395,33.080918215659615,0,2
0.6779093088525838,2043.2969347779845,0,3
0.2352468743605015,1747.3858420723664,0,3
0.2406441956678138,2107.9079188851915,0,3
0.0008483990746616025,43.51234597279187,0,2
0.29470511776592656,894.6372116420129,0,3
0.0004613039903014044,16.316988203789467,0,2
0.38343899470976056,1102.5813247209696,0,3
0.001412318725167764,15.126926666600214,0,2
0.0014713746917625037,18.303824278636434,0,2
0.13153929238029272,2247.027396025261,0,3
0.0011051928138013155,33.50095818222832,0,2
0.0018577532827251779,29.381993278289634,0,2
0.15173091933332647,899.1370913340418,0,3
0.0007061417846786936,29.794892403044592,0,2
0.36228534865971096,1461.2692345444655,0,3
0.09601221905920598,871.0346275371658,0,3
0.0004096978129404035,25.41651515296403,0,2
0.0020509408344347637,25.625993273356073,0,2
0.0009710448180329002,15.357923240758634,0,2
0.0005149661467180647,9.321000498863766,0,2
8.286698783904734e-05,5.140837918990816,0,1
0.0016315034313291287,25.80365396125119,0,2
0.0011575134190026793,18.485749443267323,0,2
0.0019466777639194667,24.32325225868375,0,2
0.0005582072877588315,5.871255257191495,0,2
0.00011781501297047427,8.712787090697514,0,1
0.04130259148727013,279.75177790872823,0,3
0.524606600568513,2862.329918666925,0,3
0.0010998085093125592,38.901814964043844,0,2
0.00012867026584865735,1.3781490261225489,0,1
0.0007285564226938774,42.804634345683255,0,2
0.06799185046787666,409.8126168689587,0,3
0.0010730173802790785,25.825422884145482,0,2
0.001763053685617611,31.911659412754318,0,2
0.19862484560144794,1466.0688591901608,0,3
0.0007905318241104735,44.82612663148976,0,2
0.12615899163430933,393.6375149712997,0,3
0.8481539632789458,2866.0027275226907,0,3
0.0005513204062566947,28.275896303246164,0,2
0.8982290934245979,1876.678534416173,0,3
0.0006277225371918885,46.16963947730371,0,2
0.0582597905190939,292.46559306708383,0,3
0.0002169452792484183,4.294889872204508,0,1
0.0006061779348792969,20.354683358355192,0,2
0.0003239734480731021,20.948860985705082,0,2
0.0018578662894703606,29.670542183288806,0,2
0.31435608031595974,2541.230522585626,0,3
1.2064300867356141,2845.6613511831088,0,3
0.0005043492222036302,19.313111957525713,0,2
0.0006822415403089005,16.420215190760107,0,2
0.0010822965873523922,12.575470877604225,0,2
0.2260274354589863,1715.0495334542218,0,3
0.05534467726693119,940.1676967275628,0,3
0.0017256761252005422,33.94376400661882,0,2
0.35431308345818807,1007.1745796607659,0,3
0.0001938647599997233,11.390072073784403,0,2
0.7980625323588161,2333.8415072923917,0,3
0.001128678288031086,37.49481921151976,0,2
0.0005803810033018858,22.569145231064205,0,2
0.0025885365510857528,32.20125943116935,0,2
0.0008136724889712796,31.64109863975389,0,2
0.0007875815400454064,12.57785419711691,0,2
0.0027594128394941245,29.93807330367298,0,2
0.0012150205351020523,37.568285847404645,0,2
0.0015562503211595518,26.998060473187884,0,2
0.00047332929404842307,5.957341665877678,0,2
0.0008532388008777112,13.494718025952999,0,2
0.00011179194130012705,4.716940612826566,0,1
0.002611612859511107,27.469089113322685,0,2
0.0008738158372730034,17.187813015721,0,2
0.0005516424504512611,7.830358521474013,0,2
0.12810528030988455,1427.3402628868457,0,3
0.1966136847361579,1689.1030462462309,0,3
0.0005228684035466312,10.23415362635504,0,2
0.5480000297321935,1873.2636521356587,0,3
0.000363238917733306,3.820567112122016,0,1
0.000291893558675298,22.314600919902933,0,2
0.2354000775588441,2016.8369444486696,0,3
0.0006963465882442327,8.764246363367366,0,2
0.3781516308195544,1806.7362461335485,0,3
0.0014913218480967136,26.993253398628262,0,2
0.5493996720583437,1872.6288212626393,0,3
0.03823508147354473,378.10416458027794,0,3
0.00030604290226841636,9.276870373050736,0,2
9.592780879876827e-05,1.9638831076848073,0,1
0.0015427480196282416,16.224649411200826,0,2
0.0011255634204000043,22.282904479633142,0,2
0.0011161850709773542,12.229282581170498,0,2
0.0003132162857018153,12.738003996112717,0,2
0.0009177006773608317,28.375192330846357,0,2
0.00207489420201198,35.99557113642722,0,2
0.0010397402397702856,10.936045592264401,0,2
0.045054636581789424,289.91387251759824,0,3
0.0005860788880554222,8.319170889743294,0,2
0.1072018580987823,642.6404578434491,0,3
0.0010023782237095378,51.40956581434137,0,2
0.0015580318351552237,30.844529885889006,0,2
0.208782636666759,1846.604337668292,0,3
0.000569077356644893,8.077840502189467,0,2
0.001069516345345627,22.798517337989686,0,2
0.00030356168167666774,19.628989683736208,0,2
0.0020225248300666356,21.662663137289954,0,2
0.0012329946337060339,12.499928923689572,0,2
0.0016084553943961786,16.91782317680279,0,2
0.00020064072092226373,6.737259982876147,0,1
0.48740420684554997,1005.0258841041126,0,3
0.31682641678262885,1699.0813506889963,0,3
0.0008207158100310111,34.62922005738288,0,2
0.00013199630724223147,8.615054065230126,0,1
0.002534452561439617,31.667351490903066,0,2
1.0934040783695238,3315.490060086727,0,3
0.0007981305680731603,40.20618731795153,0,2
0.0006931131332654897,34.449018781427064,0,2
0.965652942169071,1964.3790962810504,0,3
0.0009829158875759923,15.559677543426533,0,2
0.0009648351804345587,37.51932814372465,0,2
0.0014455853008773071,26.694628569364415,0,2
0.07175966273410778,947.449521747768,0,3
0.00016091804815493975,12.30182002536626,0,2
0.20557246961235345,1183.6066185105701,0,3
0.0012862623013485213,20.343363483067204,0,2
0.827135812692123,1702.8771573566112,0,3
0.001101418571413094,19.107572087211974,0,2
0.001951168348359627,20.51989177208288,0,2
0.0011501653363715034,12.33692114847568,0,2
0.0013905349841756634,25.168988998193125,0,2
0.0008068890267309185,8.75429094351397,0,2
0.0018480582530418486,19.822670901814426,0,2
0.48267006910560456,1639.2681570113566,0,3
0.13663465903588756,1283.3270093765636,0,3
0.0013540203915469225,24.827316812071043,0,2
0.0004973738962281223,32.161328874242734,0,2
0.07908152224862743,563.3433878708757,0,3
0.0023529765300449833,25.248413185530122,0,2
0.0005123471064047422,9.394396131601832,0,2
0.0009694758470970013,17.776308353842165,0,2
0.00046337960402386243,6.684070508812225,0,2
1.2556763980335555,2956.963673536244,0,3
0.0007951099258301769,8.363010362724717,0,2
0.000246573389204925,13.981638222967959,0,2
3.7103146246042064e-05,1.86908772540206,0,1
0.0013379682515725472,29.041303816723282,0,2
0.0005380336332399462,8.517137576621522,0,2
0.0009481242727663968,25.129998529318815,0,2
5.442918650668162e-05,1.4426435607159431,0,1
0.0014040698418080193,27.617821596508147,0,2
0.013010868874208718,183.38143249316656,0,3
0.0007357502901271826,16.57847178069755,0,2
0.0006212296126357628,6.750367224047788,0,2
0.000893367243355322,10.887286363389272,0,2
0.0010284983418217355,32.9108168401835,0,2
0.003992160056682787,129.39370674358756,0,3
0.0010733354110249798,34.34555378840735,0,2
0.001920007339518811,24.903945269967227,0,2
0.0006682152034492101,21.41179835005458,0,2
0.002076539267879336,33.07234571316881,0,2
0.0012596334222343213,22.118267338049115,0,2
0.001622311167574066,44.89249345921489,0,3
0.004473860714120678,114.4430552588985,0,3
0.0010290825306273007,22.03665085774121,0,2
0.0009085926494934088,9.7504665562402,0,2
0.0013277875100468327,16.0478971346999,0,2
0.0013186864883732155,40.32169632347893,0,2
0.15525131176449056,469.1188668160605,0,3
0.003971752739659467,109.9060941270634,0,3
0.0069364751214117185,115.53050136862288,0,3
3.237355187363384e-05,1.941316514252174,0,1
0.0633713548842032,401.53747914584903,0,3
0.00012850177733232201,5.606894081950654,0,1
0.000784724451179179,20.56089691618591,0,2
0.0003264758299564477,7.356395786234994,0,2
0.00044744021861487616,24.287748928825042,0,2
0.10294539006166699,834.5312351747374,0,3
0.0010393553081269487,48.040767166813254,0,2
0.00042609174952771796,8.446885597953697,0,2
0.0020388017493262398,22.153902880757265,0,2
6.33484069997599e-05,2.0298899358687565,0,1
0.004314092938982499,78.63274324085577,0,3
0.0019989791003017674,22.683371942173956,0,2
0.002293350282695411,27.71787590412926,0,2
0.0027004337079561624,80.69683686486016,0,3
0.00048311613956962936,5.839035277303727,0,2
0.002456419353721474,116.63219567948725,0,3
0.0038764098863008946,41.59928541765067,0,3
0.000524323772455857,16.777784599714643,0,2
0.0010467900100344324,33.54257205465171,0,2
0.005254305352298177,62.75419499358588,0,3
0.0077710340187361875,94.70402382771294,0,3
0.04330101157456348,299.7534247427925,0,3
0.062389768285309004,515.3326190204896,0,3
0.0045463712551437685,69.70042646692823,0,3
0.07022873209472306,209.39191922554483,0,3
0.00087424088461738,10.998970630103166,0,2
0.0007591519316557986,45.27644371102944,0,2
0.0038727107190274328,61.67936707383868,0,3
0.0008702868180449522,26.43555688031534,0,2
9.742383806352863e-05,1.7106933313707198,0,1
0.0011315604897249312,29.915458308682435,0,2
0.04099884989318657,216.86250812712194,0,3
0.08710978779694059,521.9554608331229,0,3
0.006361232232936585,119.54366458087408,0,3
0.01676762271450659,232.19275108938123,0,3
0.0011530412436801727,15.206244284053994,0,2
0.000683826385983432,41.006419721037766,0,2
0.00498448363202811,53.49046239953028,0,3
0.0014444642324873808,28.635203886676493,0,2
0.002401754538516097,29.2696980215945,0,2
0.08740073070612861,452.8147659924879,0,3
0.0016678532324779904,38.15454279484287,0,2
0.001263483147877481,16.388330667607022,0,2
0.0010070738487882942,12.670164344939396,0,2
0.0006585329449328561,21.10154715275295,0,2
0.0015598463009884544,18.079672617666112,0,2
0.00033277433560886083,6.456446779889121,0,2
0.001115338001979933,32.02088895676949,0,2
0.0012781545324045702,23.2968548870459,0,2
0.001129199059072589,28.88534055337483,0,2
0.008316136760069244,107.86657450082,0,3
0.00462968973165589,118.42922067715456,0,3
0.0008669904724866328,22.920928725607574,0,2
0.0002677542817502173,7.687113779323676,0,2
0.001089407559551419,19.856573821299758,0,2
0.0006757262566078405,13.110357821253968,0,2
0.000809981281496464,38.458374453488815,0,2
0.001483441676464493,17.929163551470133,0,2
0.0010268772405220721,21.200967039775666,0,2
0.006198703489308031,81.74815950380791,0,3
0.0004207798952291084,7.664340937978663,0,2
0.003308359765569985,144.35304456969732,0,3
0.0007721717812610544,23.610825126431497,0,2
0.0010413403273933284,17.344049825501603,0,2
0.0017130387194020896,55.52293158378678,0,3
0.00037309452829659807,9.53210667198492,0,2
0.0002577202227099448,14.694099127733862,0,2
0.0014436284449970338,27.129434720930842,0,2
0.0016715208577260737,17.937750465407266,0,2
0.0017503948537144949,17.653989022162172,0,2
0.0004562465396715421,17.05998556100035,0,2
0.008152785686606769,94.49629495062388,0,3
0.0018693738538613132,21.667306103441224,0,2
0.00222815290148973,34.159816423185305,0,2
0.0003908278290932542,15.064682333861658,0,2
0.007761646644755983,78.48548217040984,0,3
0.0007213259553793074,14.892537492754647,0,2
0.005577710421472531,121.70968243918794,0,3
0.000784731605160533,36.01164383908519,0,2
0.0032932071928663403,63.24767216048491,0,3
0.0038368421861328128,41.1746688004996,0,3
0.0004541069391891363,8.271379986803892,0,2
0.0002756433648313282,9.114578794631564,0,2
0.0013632523489399881,24.831107439406797,0,2
0.0031410682499547534,60.3257685508491,0,3
0.0010677254814420321,19.44820132977931,0,2
0.00663142756231152,116.44315327545226,0,3
0.0015315036648997557,46.52047050053986,0,3
0.0009544021670475142,29.182913974977012,0,2
0.0019731173310189626,42.25209974025922,0,3
0.0037227443149132652,123.09836085228055,0,3
0.00032471431025506235,6.236298853384567,0,2
0.005169618222565135,82.33477868991889,0,3
0.0003338929511436294,19.91364939952276,0,2
0.0010801841731311228,34.61263014761983,0,2
0.007899386445334122,79.87830191050135,0,3
0.0007190173354730579,27.71493467231251,0,2
0.001255065026611959,19.37279893990889,0,2
0.001318879721086851,33.73744388683974,0,2
0.002569871890934583,165.60498934982024,0,3
0.0019971445822354926,78.70832281990378,0,3
0.0033843341391472325,67.09137956863006,0,3
0.0020052725188477857,79.02864828077952,0,3
0.0017743116179411936,27.387730119378705,0,2
0.0032015631202026466,50.99022396143101,0,3
0.16817634765644313,497.3289775208851,0,3
0.0010302209699991386,22.061029262983993,0,2
0.003357857570287579,102.67377002827918,0,3
0.0008360981832214953,23.136456785697867,0,2
0.007749900736414053,87.94183035353886,0,3
0.0008059732170622878,19.584894654638724,0,2
0.0007875833280892304,19.138026159975084,0,2
0.009027916465655301,104.63965200626092,0,3
0.005350610952934643,116.75420750247412,0,3
8.872412518898007e-05,2.875722233773267,0,1
0.0049526582955471445,98.18199501542254,0,3
0.00027382188717417727,12.656512574721301,0,2
0.0011694936946994715,20.535477808807936,0,2
0.16354885580769976,500.8260440077683,0,3
0.00012161042365062929,1.4095469823570344,0,1
0.0014332980627123461,32.038556864157314,0,2
0.03299892490970063,108.49877634849695,0,3
0.00048175403978208044,5.46669350738691,0,2
0.00026343919917344767,4.038786869796602,0,1
0.005599640079103352,64.90361219743016,0,3
0.0007256617956404064,8.770489075174474,0,2
0.0012280947639440418,39.29768303462771,0,2
0.0005040244862977273,11.530285433762895,0,2
0.0021088809100906283,67.57543461755772,0,3
0.0002841492108240452,13.133859009612491,0,2
0.09455093142660496,327.4229054471548,0,3
0.008411694002404642,85.0587368718624,0,3
0.005094491433463795,81.1382594716634,0,3
0.0009012157822133205,27.556625030078774,0,2
0.00019668591472271643,12.674627450425014,0,2
0.0011398526288403364,29.865760351945955,0,2
0.00019707418754746732,1.9876346963266365,0,1
0.00040931151074034844,19.434344604967574,0,2
0.0007415752812800386,13.516653329311882,0,2
0.004321496505602571,140.0681444631289,0,3
0.001313634188024269,14.274131475485257,0,2
0.0011678254236157563,13.251873640601882,0,2
0.000330238753958738,7.071693381334668,0,2
0.0003056320897667168,6.310097843971685,0,1
0.0006784541207216687,14.528335810176063,0,2
0.0743588400309129,218.4139278235065,0,3
0.0008640138734604807,22.101802846208486,0,2
0.001032071172413166,21.308201258711065,0,2
0.0006566243140723557,14.677544030852085,0,2
0.000718675304397874,26.87273053051936,0,2
0.00203893975162826,20.617682928284186,0,2
0.0012779234595648686,15.573795388468396,0,2
0.0009194819429784212,42.500016684689,0,2
0.004365661715821844,90.13370487877705,0,3
0.0031869995956059285,147.30853283382837,0,3
0.0007353489564224116,23.530358615427588,0,2
0.0003470923814379853,20.813785731230045,0,2
0.0003880359158721518,11.595645139736183,0,2
0.001969435380831388,34.581885086038895,0,2
0.0031868318199644004,119.16211983343233,0,3
0.0009940168626210368,45.615827107448794,0,2
0.0012703015565198289,16.47677057726896,0,2
0.0013665545124938799,33.20684310648182,0,2
0.0022611918453956797,22.865087833595677,0,2
0.0007882510592797572,17.76145808942251,0,2
0.003428959518193494,149.6151510814287,0,3
0.0014685873550700189,24.460065157752393,0,2
0.0293309277012135,519.9449156786117,0,3
0.0003709646301512078,16.18623051437475,0,2
0.0007664376859345097,33.44183259299752,0,2
0.0028811268241594632,55.33346496447199,0,3
0.0023903962068343282,24.171597530591946,0,2
0.0013758738819411808,15.612699004648489,0,2
0.0012847395300976494,12.957520706000162,0,2
0.00021054851950016605,12.62577920249497,0,2
0.0017252610394845845,44.07829924622509,0,3
0.001042660328158073,27.319183814956325,0,2
0.0011980921163344536,47.21732312183422,0,2
0.0034383139907707204,111.44247372281941,0,3
0.001804000762633429,43.83664884280284,0,3
0.0009561951552392267,51.90375583424833,0,2
0.0010513544243360607,16.744569932559656,0,2
0.0009744191864157128,29.11848785345373,0,2
0.05334022775597295,581.1052340560367,0,3
0.000674778987338208,21.87090526548815,0,2
0.0032655912341206313,57.34146034721008,0,3
0.0017136373479806762,27.292528331184876,0,2
0.002377597959613647,26.97974122827429,0,2
0.15027664684251602,747.5354504122047,0,3
0.0012027785886959122,30.72951474944868,0,2
0.0030808096438433596,115.1977351499388,0,3
0.001217254404361241,46.91976762182055,0,2
0.001458575979229988,38.560880565304345,0,2
0.0015400680584441685,20.310332556730796,0,2
0.0002757569112200694,14.968512767659972,0,2
0.005868817103950189,125.67415111872002,0,3
0.00046314957415848225,5.3682165149800944,0,2
0.00032577327627515495,12.18132502093051,0,2
0.000831696602476127,36.28926272624339,0,2
0.00010745429052027534,1.4020476517626066,0,1
0.0007499370552243145,14.866827433686298,0,2
0.0006032091726926025,12.917049446666761,0,2
0.001149182594760517,42.97027323797625,0,2
0.004667134205049893,72.04045261629119,0,3
0.0004026556246755365,5.310200155219179,0,1
0.009408501540821861,95.13841762319277,0,3
0.0013523473892840141,107.80291060141673,0,3
0.0012321376628227436,40.74255812579852,0,2
0.0006397128162049792,50.99496185845973,0,2
0.001031729298964176,33.01420391861573,0,2
0.0027403020979463156,27.637914412220386,0,2
0.0023030245323711635,23.288098408287702,0,2
0.14153491466375923,772.430830764426,0,3
0.0013788772523830068,16.804098894732267,0,2
0.00023331922489729516,7.5623319043694925,0,2
0.007463970454853992,75.27950176047985,0,3
0.0009108702186895772,29.52308331458057,0,2
0.0009362595316205768,20.048950202252726,0,2
0.0011804250397562353,11.936414095053927,0,2
0.0753290582830296,673.5661358795654,0,3
0.0006448537098943037,8.413955602053116,0,2
0.004690952479279993,92.99391265340084,0,3
0.0014976220289397374,36.39174236602989,0,2
0.0009266063831827335,26.60248287950108,0,2
0.004023415676871741,150.4436908228362,0,3
0.05259621848218097,514.3470558025554,0,3
0.0005930576678831609,12.6996663306304,0,2
0.00030607753092673967,9.920570747467613,0,2
5.239916266980212e-05,4.177020116016535,0,1
0.0002696579785395047,15.374738643243123,0,2
0.0006724552253223026,40.10578105371576,0,2
0.006069828401400873,61.86823742526386,0,3
0.00041738742295681944,33.272204612301685,0,2
0.005438116067143092,99.05315361179605,0,3
0.06604264877130712,193.72956527013287,0,3
0.00043558014656848307,8.634984532983866,0,2
0.00621595378195284,113.22116284492283,0,3
0.05680179725074011,780.3046654344065,0,3
0.0003745285569680092,11.452022047457858,0,2
0.003265361032047608,50.40311171034661,0,3
0.0005078221639041455,5.44964019731575,0,2
0.007459401170493115,114.36009370836838,0,3
0.0028628953119651337,91.60950427767946,0,3
0.0008193035638728379,15.396788993555624,0,2
0.0015246695135231057,23.534331137428875,0,2
0.0009046312350485805,41.813591747671516,0,2
0.0025596646675824946,98.66373944711873,0,3
0.09199143620939453,341.8834206356977,0,3
0.0018590754102683032,29.608871657907493,0,2
0.00039032457201076503,8.358363939338558,0,2
0.0028765573274711705,110.87854837265274,0,3
0.004592571599651081,64.5345231654633,0,3
0.0005950428392272376,18.19472397292875,0,2
0.0004191264860710001,19.233880272769802,0,2
0.00019813965691804167,15.794781644559441,0,2
0.00025412035154413607,10.014991825005906,0,2
0.05558622969273451,728.6147790420029,0,3
0.005814070988615425,89.13553352181647,0,3
0.11038087189543741,307.673284440428,0,3
0.001031322320191566,23.238520203836913,0,2
0.0043657903649756535,52.765788319790765,0,3
0.054918532724008526,323.30735036426955,0,3
0.0006010903172492376,17.962332172494193,0,2
0.0031047518569260763,94.93451448734304,0,3
0.0009791216180569647,37.74080309599783,0,2
0.003217033317729687,61.752913437024645,0,3
0.08947186936023632,517.238341622325,0,3
0.0008241450968614234,8.844226517699717,0,2
0.0013060230898653776,13.20645690602619,0,2
0.003465377913646169,78.08446795298522,0,3
0.0007868810867730125,10.267107758887867,0,2
0.0033710287471658035,96.78082966011594,0,3
0.000649130669459555,12.198809315158181,0,2
0.001367787870382093,26.255521039964215,0,2
0.0015880893157061923,25.292966853481538,0,2
0.0013914573618095587,21.33243549323958,0,2
0.0028809796261865385,156.38404175308634,0,3
0.0020047962060644785,30.735534495533642,0,2
0.04622973628146276,1067.4421123595798,0,3
0.000594128270157093,16.44068044100686,0,2
0.0001648941622361201,1.992942796686224,0,1
0.0005188453519064196,14.357456221936284,0,2
0.00037178884398121094,9.034351500763576,0,2
0.001132407080208768,37.44481049444947,0,2
0.004950478214145573,76.41406386562726,0,3
0.00208454839987893,25.19425588841428,0,2
0.0001532863192291169,1.9285207919960932,0,1
0.0008436261441446331,26.995109649235125,0,2
0.0022235666547231335,73.52570772741448,0,3
0.0019015653335714366,21.57797133908676,0,2
0.15601109247422074,350.91984872027064,0,3
0.024664886957521826,240.6826886977583,0,3
0.00034956433146305776,6.710100197763455,0,2
0.0006915698799786663,9.717895839318144,0,2
0.0013150277930799048,39.94486794738946,0,2
0.0010885512074647209,16.68858065771433,0,2
0.006655171392007467,116.86007804386031,0,3
0.0005720886021437981,22.05148256232003,0,2
0.0011949288460389805,18.319456439533027,0,2
0.0005424078478570689,10.417210861451691,0,2
0.005619958901645079,105.61326128262016,0,3
0.0010619469930692397,32.257365683449535,0,2
0.0011459820918641316,15.113148579506312,0,2
0.0013993429667098674,30.534677355445403,0,2
0.003758709322457019,148.1323432312447,0,3
0.002545752537893469,76.07451226942983,0,3
0.0009444960985377069,51.26871289432171,0,2
0.001749657477896046,20.896833963380057,0,2
0.0012236455207574153,29.734199736816365,0,2
0.0004738564498722819,5.96166716374885,0,2
0.03222183075638126,317.7584652108058,0,3
0.002283107641944532,27.59408136327536,0,2
0.0003739594269554922,29.81032461931525,0,2
0.0006595743009185719,8.555176823266553,0,2
0.13110528737428456,660.7821571463969,0,3
0.000846119884628852,9.807101186631781,0,2
0.001292553317252541,42.74029619239984,0,2
0.0011298291654979293,29.60313135368203,0,2
0.005669219373504537,126.72423970886234,0,3
0.003285261620963646,59.880289361869956,0,3
0.0006136986702477381,15.679246800977747,0,2
0.04882808725147558,987.1170426269604,0,3
0.00136159155259025,39.09072571056553,0,2
0.0026239551983333106,169.09016912759978,0,3
0.0018797340472773226,36.47036906973681,0,2
0.0012777762425335184,41.41522435543038,0,2
0.0003631661332722494,7.924548141307799,0,2
0.004365087243844566,111.52261447203445,0,3
0.002007424804632296,23.975448547115043,0,2
0.000422262610156185,19.517694843279113,0,2
0.002233049090003237,40.70166735440455,0,3
0.0002641159900609808,6.9825263086433225,0,2
0.0029697636258745417,39.16507879354946,0,3
0.0030784358540110997,134.3208174224842,0,3
0.0013225840949128893,13.373921173065288,0,2
0.0009735067698301454,36.40139703589796,0,2
0.0010430644786436525,45.51183784233158,0,2
0.000962872741446584,29.247917579858804,0,2
0.0014380969347889672,22.04746687639427,0,2
0.002692050754699778,27.151264967284405,0,2
0.00026060501708573795,20.774232702182047,0,2
0.0013424964821649487,76.54337785423829,0,3
0.0012039204728667844,47.44702114747376,0,3
0.0045493829607053445,116.23114354193902,0,3
0.004182797539801995,82.92019814340772,0,3
0.0011200638423526116,22.20425800134273,0,2
0.0018812528796896112,24.401270656861108,0,2
0.0063363487568268454,111.26177924210423,0,3
0.0020171602824802584,20.397449746366355,0,2
0.0020207396583798816,31.19151779519485,0,2
0.0011294284851456988,14.736615427501567,0,2
0.002848518396967009,56.46931453030062,0,3
0.0003362673041493541,8.890015698850005,0,2
0.0008653532709856152,51.6103786741068,0,2
0.003975643527016896,51.873607320011956,0,3
0.0011858543670923447,30.334604837788113,0,2
0.002568348170131961,57.41036776398791,0,3
0.0012195100288157634,22.227944629801023,0,2
0.000748314153292793,21.483787304683467,0,2
0.002184682156637779,22.26791688780017,0,2
0.02713173927140287,332.083291548704,0,3
0.0003265371259725511,9.91878836746462,0,2
0.001413459224646181,27.132210495083772,0,2
0.0009481209579192048,21.36376533787621,0,2
0.0008749076270036093,28.93018850364211,0,2
0.0011331077599072176,20.639113916480238,0,2
0.0004485188145187198,19.570137775331663,0,2
0.0013445775289637287,43.08465710983228,0,2
0.0010310005412311517,25.052987570090828,0,2
0.007011961792570886,81.27337516326438,0,3
0.0007189217480859886,8.15794892837577,0,2
0.0015824555336095122,19.125864215055298,0,2
0.00419392894271055,55.309303428967674,0,3
0.03851766148482469,186.53669175173104,0,3
0.0005365219984016641,9.7725380016957,0,2
0.0006360378074927737,40.98688137236995,0,2
0.001893282337094993,33.24469178024362,0,2
0.0004061155529928386,12.41786288431615,0,2
0.0030289286147271183,113.25779800926456,0,3
0.0016634135623623135,26.492630912105056,0,2
0.004165204436485374,133.46675894296132,0,3
0.00038534623653213996,22.982365531956567,0,2
0.0010509358185173143,26.883337152746346,0,2
0.004593491758992634,105.08273418989543,0,3
0.0008896702813145968,20.35248795320222,0,2
0.05037520982229215,154.91329904436196,0,3
0.001779558238937043,36.74086256881504,0,2
0.0026644200310573848,31.822195887541678,0,2
0.0005692234338862007,11.044003138125804,0,2
0.001184326031942911,14.433142420748654,0,2
0.004783569858021146,132.37064680016613,0,3
0.004656057855075907,113.1407355320561,0,3
0.0008689423309047521,28.16411855881482,0,2
0.001068866144837665,24.084485534448216,0,2
0.005481434677513849,72.28885800071197,0,3
0.0019549939105140044,34.32830313465831,0,2
0.0007217234407933269,46.5085450942959,0,2
0.00621808629831786,70.55959927344266,0,3
0.013823697349581223,241.98018213378316,0,3
0.0008081474200329269,18.209777661580592,0,2
0.005642858995256927,70.99375178021789,0,3
0.09570229749497756,327.5332255124581,0,3
0.002790814136917969,151.4897191725661,0,3
0.0010454575324345288,19.055499007522993,0,2
0.0009576958367927816,51.98521515613873,0,2
0.009288091587324713,94.67118632539577,0,3
0.0014977650461793482,47.993285664578515,0,3
0.0006194465626028138,18.816112688905136,0,2
0.00019110087569926452,10.373251880285991,0,2
0.0006445704217846436,14.40810299584261,0,2
0.06912051554095046,223.93235710523172,0,3
0.0019810301892113223,50.67550420107739,0,3
0.0004483108779928953,13.396836841262752,0,2
0.001774688067417368,22.32764707596715,0,2
0.0010444155025313875,12.623008142257975,0,2
0.0010648731229255107,27.239858689841363,0,2
0.003948860289867763,130.5752390702955,0,3
0.0010125684272847839,26.769623759565505,0,2
0.0003842396189443996,14.810736003398237,0,2
0.0045351053686565265,116.00971676922133,0,3
0.001731910589701143,37.08692728347465,0,2
0.0009811986902234645,17.8842564979147,0,2
0.030101496830508265,335.10235832848474,0,3
0.001085209162684346,14.1596482638891,0,2
0.0025527655512104022,31.110038767751004,0,2
0.004658852044975998,50.62373316793744,0,3
0.0005543452219558005,35.72253344688259,0,2
0.00016153525916097478,3.3350663254473356,0,1
0.0022412657303941116,31.494123076723884,0,2
0.004598615483677704,120.49026734797684,0,3
0.0014849183348928715,17.73495228948962,0,2
0.0011897856824402196,14.210069211865072,0,2
0.00024741190115463264,5.530406040605113,0,1
0.0003037576015653288,9.719909485923786,0,2
0.00026043112216247137,10.263701996261663,0,2
0.002333416989470383,27.868898920106133,0,2
0.0004355738931810841,11.515418539380734,0,2
0.0024425969910038432,32.21283430777453,0,2
0.005906748880854384,64.18355344785927,0,3
0.0001553440741354079,5.136694673759617,0,1
0.0010539878943055274,26.961410409918248,0,2
0.0013331254340286426,24.28235748745317,0,2
0.0007198387352828573,34.17835480899912,0,2
0.000580641022471513,33.10565485358758,0,2
0.001559815678288521,23.913537167362904,0,2
0.0013422044168576468,40.108983437491055,0,2
0.0018566102742889874,35.65711814682769,0,2
0.0016373788135303434,28.751207845122416,0,2
0.044185470032487954,589.1098984175163,0,3
0.00044599808099826985,26.59969127062824,0,2
0.001788315962226033,27.41667546040033,0,2
0.001223675557440705,39.21056292428777,0,2
0.002037939653582797,65.21182965799609,0,3
0.0037226957388382213,120.6598417617279,0,3
0.00013181721412270874,1.3329307661501009,0,1
0.0061203971273416525,86.00343002301219,0,3
0.0024641942881369,63.03502525141563,0,3
0.0025625994228144653,29.70225886059822,0,2
0.002929941682683144,93.75491447113792,0,3
0.0020193263407371686,22.914261811269316,0,2
0.00028183531472803945,12.297267719081361,0,2
0.003977217096040622,47.501437476904506,0,3
0.0016478681770803942,52.7299710144402,0,3
0.0026660602697368956,105.07057637904555,0,3
0.0013382797377847803,76.30295721798792,0,3
0.0010470736443551729,39.152212018666745,0,2
0.0008216092864897357,22.73552093888717,0,2
0.0012049289890401233,24.87703376201255,0,2
0.009656833216393504,97.39609736013828,0,3
0.001980103890523133,24.912017865589515,0,2
0.0011358937026036803,12.189723926179948,0,2
0.0006471861097096461,21.400220518093196,0,2
0.001767564162139645,105.41897603842746,0,3
0.00038221670529417907,11.421750151938706,0,2
0.08887968874780351,499.11437547346384,0,3
0.0004290780611702864,11.343685968772458,0,2
0.00023965660156255087,3.1605780344984646,0,1
0.0011111256595214935,36.01375338213888,0,2
0.005906627195291685,114.59965524466082,0,3
0.001118269100881602,36.24528627244536,0,2
0.0005877133035463111,6.811994306381974,0,2
0.0006506053048016108,7.069567573719984,0,2
0.0011022785224920112,25.216207421184233,0,2
0.000741221759308419,15.303307414110078,0,2
0.0003760601072084368,22.550868045769214,0,2
0.0012037963190702312,26.9084971400922,0,2
0.004221827280274936,94.3706385354162,0,3
0.0013725250618092852,25.793222069182132,0,2
0.0006933872763550919,10.702913400893774,0,2
0.04716677088888074,155.33643691409537,0,3
0.002759229831883795,157.31942274290304,0,3
0.00101011324833977,12.064172045919022,0,2
6.72574479514342e-05,3.834730534084081,0,1
0.0024234135859622636,46.54285595094875,0,3
0.0029236757461387646,29.487369331076852,0,2
0.002027847986463187,23.504128381376475,0,2
0.0035882655436286653,94.01766166402375,0,3
0.001371915390247491,52.881263831606276,0,3
0.0009951347816166715,11.292270329688474,0,2
0.0007298551979415401,20.953838393670683,0,2
0.008074823482334202,101.59070330408065,0,3
0.004515394329550309,86.67574365177332,0,3
0.0016218038111027763,34.72911382845101,0,2
0.0004306077954735351,11.384128086704061,0,2
0.003886674231496655,149.8140825041714,0,3
0.0005716666576585441,14.605380535858194,0,2
0.003927428844823684,45.5215540778568,0,3
0.0004861894091239633,22.47250003926663,0,2
0.00308097894718372,33.47834501129022,0,3
0.0015546434675514239,93.22594719023876,0,3
0.0022222460956752253,34.06925917186922,0,2
0.0012063971066101373,21.988936092081502,0,2
0.005752687663221026,111.61293935409569,0,3
0.06115004147444242,532.4256131819224,0,3
0.0007522579365606151,14.136831851678618,0,2
0.0010809759644445213,17.216342284846533,0,2
0.0022890304939193304,24.872923161920507,0,2
0.001805334376411856,20.925045288283407,0,2
0.0009257642945628107,35.684114526789706,0,2
0.0031254163166164117,37.328052295874805,0,3
7.056490764190805e-05,2.638565338711242,0,1
0.001586228680285973,17.999695511993465,0,2
0.0015930679959342436,19.414398274717584,0,2
0.002521999251149505,83.39384809306095,0,3
0.0007369089695014016,9.558265881426362,0,2
0.001182648863790219,25.325102042848734,0,2
0.007538159515915658,94.83884428131758,0,3
0.0018935445484938114,21.94746078638674,0,2
0.0011095997174123732,35.555200294566674,0,2
0.0009131128972057747,18.852181812318186,0,2
0.00476843551983053,54.109718536957665,0,3
0.0037210654007569124,123.04284493091288,0,3
0.0008195206661368405,13.05223128154151,0,2
0.0005951606853464606,28.258569697760525,0,2
0.0002636044586261261,4.198339960177691,0,1
0.0012557573982076079,17.645822856847293,0,2
0.0008295354980433984,31.974920495499617,0,2
0.0017015258793675527,32.66182534086849,0,2
0.0014839876709955924,15.12591386341831,0,2
0.0036339621916954665,116.4440217143606,0,3
0.0009831007433641233,29.86235696257576,0,2
0.0038635246567203753,98.83042723874128,0,3
0.0024836353000098604,32.2146255948717,0,2
0.00021284219332783733,11.553404316245532,0,2
0.0040741088311190745,78.2049998035655,0,3
0.0010412857434144275,11.174448552178985,0,2
0.005002893615057176,91.12574715899179,0,3
0.0005381690174283168,30.6840837184395,0,2
0.0013841770451985468,16.86868640057444,0,2
0.20449200842442772,640.8797524381628,0,3
0.0008606776930533683,22.75403557967099,0,2
0.0011872928067620104,36.064830439756456,0,2
0.0005579803691131561,5.987907706616175,0,2
0.0009198128915746212,36.2502197627211,0,2
0.0024856593539710698,31.27249561513528,0,2
0.001186624899779234,31.09126038557625,0,2
0.0015357788398066973,21.580666292075566,0,2
0.007331751344513064,79.6678280690513,0,3
0.00345041178582386,88.26284319148861,0,3
0.000647729557981276,38.841832758623624,0,2
0.0008923223863903076,19.47112095723874,0,2
0.003632485287550221,116.23553788280904,0,3
0.0020637286690626797,39.61452844015651,0,3
0.0009568727617589018,9.650748912938127,0,2
0.0006420983332656249,30.487196063429348,0,2
0.0005581110203026428,7.842540456278933,0,2
0.0013502193542617076,16.987335279133138,0,2
0.0006199675347899929,16.24403133487726,0,2
0.0014093725539431135,25.688558807696,0,2
0.0006142876571161326,26.803098764871685,0,2
0.00017442116136348276,1.8952845564667853,0,1
0.0003613069862571781,16.580520550086707,0,2
0.00031183381550723045,6.6775722193838805,0,2
0.0012001570407247082,39.685068858127416,0,2
0.002598168754986493,30.11453145469404,0,2
0.0005394682755102256,14.134836229011125,0,2
0.0028612587125673994,91.68407762138948,0,3
0.0003473942204841709,18.857097005190653,0,2
6.488761017426752e-05,3.8699502788467997,0,1
0.006474187299657686,85.3812247904481,0,3
0.0021676180331780684,28.11564297352611,0,2
0.0005243881469098754,19.607938771618052,0,2
0.0010021104382606611,25.602690123122017,0,2
0.0002620262191658428,11.432941147245389,0,2
0.00156285718879449,24.891103215644055,0,2
0.00017589065312440726,8.071691662838607,0,1
0.005170968760829657,110.73050973786188,0,3
0.004286364906593442,141.73535687171812,0,3
0.0015313794419986072,33.41580890646982,0,2
0.0010241288987775676,26.16523472906486,0,2
0.0008100735131083673,17.346817817023158,0,2
0.0019388592699493509,89.61736763986151,0,3
0.001077967433554011,22.255778127004774,0,2
0.0014097122579389066,27.351064052721746,0,2
0.004657506165381014,101.63015888469694,0,3
0.004199094375587403,54.78916086380951,0,3
0.00022831154456418295,8.800399142487986,0,2
0.0008088073507852756,25.91683010153554,0,2
0.0009979740395880947,15.894398415943153,0,2
0.0008444672087966392,21.601791744568533,0,2
0.000563655407344658,12.599407122498738,0,2
0.07656471775552205,388.682691787097,0,3
0.000732223250985171,7.857776886499208,0,2
0.0014855016757724501,37.99969673419455,0,2
0.0010847511762049225,34.758971847682204,0,2
0.002293026905286074,28.84895459483809,0,2
0.0009755972520851638,23.706705139764352,0,2
0.0023031979525986452,26.135488763920424,0,2
0.00042297997791933343,18.455806481541952,0,2
0.0043198730417693025,129.09040836718205,0,3
0.00106218816001831,12.68612279728133,0,2
0.00038049865516858117,24.519695304304886,0,2
0.001380880386484622,26.50683985879538,0,2
0.0006673637402766936,7.572895554101272,0,2
0.00039773879050335615,22.67735590613303,0,2
0.003505259498513605,72.36979081946083,0,3
0.0013696912511979905,27.1528968026518,0,2
0.0019250069753547518,22.312131572888333,0,2
0.0018444517443670907,18.602620304707337,0,2
0.0011701334639800374,30.935225447645568,0,2
0.0014439541647225352,28.015421321697794,0,2
0.001596120876823163,35.67814037046563,0,2
0.005198408429043768,82.79331066980642,0,3
0.0011380653535228132,21.38713034060068,0,2
0.0003718305896879999,29.64062350889721,0,2
0.00037220428167520964,21.221487988771102,0,2
0.0012583528657599905,36.126786060731995,0,2
0.0010569190123099525,13.93858960183401,0,2
0.00418382583411282,69.68373529690929,0,3
0.00163784748064652,28.759437306476144,0,2
0.0006628484720714884,25.549873688395692,0,2
0.0026021404922209512,29.527732742142693,0,2
0.0053758491092188235,64.20583895232824,0,3
0.0002526798418862648,4.850343425816734,0,1
0.0011413647847379374,36.99386250724505,0,2
0.004762454299432676,103.92020320446657,0,3
0.001674303423166224,48.068553118401944,0,3
0.13112265701185954,605.3631965696692,0,3
0.000484727307255048,31.23628879661638,0,2
0.0016037512900333873,16.346634372721187,0,2
0.00018452602364532324,8.761401128497749,0,2
0.0019164117095942222,19.53350355446081,0,2
0.0013630477246533528,29.18814178325889,0,2
0.001049998373333213,32.10597509186446,0,2
0.0003454078233873982,7.537048953752033,0,2
0.003726374339321094,76.93494064163575,0,3
0.000996361419501169,43.47405197390906,0,2
0.0006127921633729056,19.608675901357003,0,2
0.06753629702196123,346.1186548238539,0,3
0.00041503929493218113,11.48494148685533,0,2
0.0011137172980109405,29.180977505883057,0,2
0.0013556498021434678,41.17878923509193,0,2
0.0008723837320299451,9.361894362791341,0,2
0.0013046248401978112,14.80420205030597,0,2
0.0005406165982031133,5.452506598510109,0,2
5.093051744136309e-05,2.90383914789815,0,1
0.0009652494865733983,18.528551650675837,0,2
0.0025437181040721467,32.00294245011913,0,2
0.002953145686590984,53.82682983675322,0,3
0.0020652577350109796,54.112690551578716,0,3
0.003756422149573611,37.886214787738446,0,3
0.0017916946430814457,25.176778835230508,0,2
0.0006536241041013515,21.1852341704221,0,2
0.008714189191131821,87.8888554721369,0,3
0.042582870325066545,146.47122136455377,0,3
0.0007084296505762773,8.461048502264267,0,2
0.001559755120064767,68.05650422535948,0,3
0.0016117538011022558,31.951569081231735,0,2
0.0017251340706572658,24.24147391731892,0,2
0.001296419766684833,33.121931763860466,0,2
0.0018142460748485753,34.84349275351727,0,2
0.005654269205910904,127.40619165023668,0,3
0.00616454873520938,81.29772849179294,0,3
0.0004924746780324873,23.382979346933734,0,2
0.0014187114309502937,27.233029793243908,0,2
0.0006206520560026697,12.303868636274224,0,2
0.0011716797352711887,21.356144405600855,0,2
0.001099715862141027,13.291379004171041,0,2
0.0007454791826199984,13.587809532028063,0,2
0.005192694497416516,94.58289587076449,0,3
0.00280426868508561,30.471572884154146,0,2
0.0009189984535465585,22.3313722087297,0,2
0.0003638216510367922,14.023713745682564,0,2
0.0035171173997378294,85.46484213573916,0,3
0.0005852451329225549,35.094883807098775,0,2
0.0023122447382594577,131.83425434877387,0,3
0.04075461003120527,366.86020901168564,0,3
0.0009704340254665531,38.24522031666995,0,2
0.005643059287795849,108.377743310479,0,3
0.0011088652657578932,35.94048960422929,0,2
0.0005184480329671824,41.32829137861684,0,2
0.0014467032672677205,38.2469975489359,0,2
0.0010334541926721717,33.06939862198499,0,2
0.0041827878880887435,64.12632916650536,0,3
0.0015165273758646124,33.89898432971009,0,2
0.0016346260549078542,16.52927786585564,0,2
0.0020018750178710768,31.883193200194942,0,2
0.0008647085931509542,15.183668117424162,0,2
0.001250315116001947,13.417625302313226,0,2
0.00045158874850735744,6.92330797292837,0,2
0.000973820478457673,15.03159432595619,0,2
0.0022569642739370685,39.63068802574189,0,3
8.216435163436723e-05,4.900349306511895,0,1
0.0015317102854727138,29.417253244883476,0,2
0.003745571854508658,114.52897425344963,0,3
0.005342206887321161,136.65567997691412,0,3
0.001986589009498508,31.639738062460758,0,2
0.004519881176990217,109.831685258093,0,3
0.0035422735168535234,105.85346615917877,0,3
0.0005743947925689113,13.140107455165202,0,2
0.0014614314765163728,31.889493622453607,0,2
0.0006484907377498624,11.812004721684781,0,2
0.0007564710567426828,28.285990540630955,0,2
0.0016616462479833827,72.5023008049097,0,3
0.0009389319802638358,16.486978024830567,0,2
0.018582980573872813,122.32928318550799,0,3
0.0018716033805223269,35.92656653845367,0,2
0.002726275529576433,125.10986270042685,0,3
0.053114854816820746,317.93504703743565,0,3
0.007503271167551258,115.03266471774117,0,3
0.0005636397572857701,26.761938007408542,0,2
0.0016750138661546495,20.41305606301512,0,2
0.0016989193569217147,22.036267160035916,0,2
0.0034261695096073743,76.58527525814975,0,3
0.0014067840139182332,35.941602645138516,0,2
0.001238591615649679,32.45286226567488,0,2
0.000938487609965152,9.56576865675346,0,2
0.00020975672988235425,9.95936948944184,0,2
0.0007938507094653284,9.008203690895185,0,2
0.0016194108009873203,21.129832040860755,0,2
0.0016131225782834292,24.730785353830573,0,2
0.001962465144957583,20.00291466213757,0,2
0.00387881026453647,107.33419575149983,0,3
0.002085641794120979,22.662873310891484,0,2
0.0027270261787377213,47.88464087606516,0,3
0.001005859052902078,11.658586082783469,0,2
0.0012430178018862546,25.663417600186293,0,2
0.00046054284330767313,8.394289984343066,0,2
0.00025119721811372916,9.392774610562102,0,2
0.0004015289875973903,17.519839421903228,0,2
0.0007841919718686686,46.76985224224023,0,2
0.007931324602716533,111.45046739079828,0,3
0.006719784611169035,67.77385314240775,0,3
0.0021941622676761798,33.638705950738704,0,2
0.0005315930637650362,9.334396255183213,0,2
0.0011953655822196042,33.078081846289344,0,2
0.002091352769884745,57.87178342817856,0,3
0.0011720908656414784,30.98697395630056,0,2
0.005662882525464112,112.26155141531271,0,3
0.0009893330123510184,18.032520356005158,0,2
0.003816670574863723,71.72490648192772,0,3
0.003126740075404441,143.48733915186793,0,3
0.00041568075269003544,12.710339588115245,0,2
0.0005128756012411107,16.434209960732144,0,2
0.0014873940752596737,32.45601633689545,0,2
0.00699124791836654,92.20019169284264,0,3
0.0012830151124748272,41.11199614522341,0,2
0.0007940666424276358,47.61710090936996,0,2
0.0035311719822445735,78.93239884533845,0,3
0.0007419279470229708,7.562285347022651,0,2
0.0016145771068624619,21.292953775035837,0,2
0.19599217864692745,436.51214796137424,0,3
0.15063444583374477,468.1934111406456,0,3
0.005691272987209743,79.97340497902458,0,3
0.1899198350664019,522.5228890250838,0,3
0.0025164597899239144,96.99838271264585,0,3
0.0006431305416610572,17.002665859055057,0,2
0.0013812621566176243,21.176132782810534,0,2
0.0005394160908202427,21.258619024470786,0,2
0.0005473572030602192,6.344239833103533,0,2
0.004365671904481503,93.48597868031557,0,3
0.0007684344517092489,28.73332619721937,0,2
0.001428223650816262,18.635250450431485,0,2
0.0005808533770398339,18.58666983254443,0,2
0.0013123908637712811,29.33591442757382,0,2
0.0003209126242797892,10.61147763154027,0,2
0.014382953852739636,151.74792336193127,0,3
0.005185932053443937,94.45972060320183,0,3
0.0016308877714262602,32.33088282889442,0,2
0.001275367903878558,17.921388431612538,0,2
0.001848031146081364,32.45011303809717,0,2
0.0006206979951405938,15.08276527039299,0,2
0.0027283722369334127,56.33013137778368,0,3
0.0010234639219495923,30.58408762388954,0,2
0.00040483169099943977,7.3738506461406,0,2
0.005566318787440099,104.6052276838154,0,3
0.00031113906597796006,4.059696404060273,0,1
0.16402524436020524,529.742486825197,0,3
0.0009663317060333838,22.10622836224339,0,2
0.0002314476932434257,7.4060718726346755,0,2
0.004405329407993797,82.7872968370405,0,3
0.0033695735893484817,42.39316828729158,0,3
0.0005826371690375476,18.64374921646814,0,2
7.431017661533779e-05,1.9470323358927195,0,1
0.003500438886281176,112.16549875378442,0,3
0.0003315888573029789,17.999157381743213,0,2
0.001959436121361901,22.234658847145027,0,2
0.0010666049891090526,31.87326856119084,0,2
0.000434013450570941,8.331152461462853,0,2
0.002627272633476783,84.18639915441189,0,3
0.0010238364794205232,23.069843681866292,0,2
0.0037629213650998924,43.61480123004175,0,3
0.005722612311205546,109.84902790404401,0,3
0.001752163463072364,27.906120868059386,0,2
0.0007720381607536497,15.304961967390645,0,2
0.003747476210984622,40.215647227483295,0,3
0.0019742913100814236,20.123455794987933,0,2
0.0011451923429463113,30.27584835447964,0,2
0.0008066222798170914,16.653570352047627,0,2
0.0024041395251225652,27.8656015748881,0,2
0.00026875494432458674,17.31882427664472,0,2
0.004668493883793785,81.97543345955262,0,3
0.00418097268010869,49.934968989884965,0,3
0.0006362796655020508,6.913903188081659,0,2
0.00593224565277279,59.83095723149456,0,3
0.0004811231798518886,8.448180976033813,0,2
0.0024257852157772253,93.50327936126162,0,3
0.0014128930975540281,45.21102665658907,0,3
0.08849306290261226,477.71850280364174,0,3
0.0007399601474289757,20.476131054567492,0,2
0.0026209197658089295,26.502643184413937,0,2
0.0011113552083057985,43.7989844505909,0,2
0.04364453996335748,594.5482047091489,0,3
0.0008231207040329226,21.761128395792642,0,2
0.0017530718360834513,27.920588220892004,0,2
0.0011243149535190451,22.288532455675274,0,2
0.0012303540504090802,12.441294393621455,0,2
0.002405348501296263,37.128221970948886,0,3
0.014182049786321321,128.38630137959814,0,3
0.004467287141705462,117.04927796959399,0,3
0.0007698447558355934,25.456120414838008,0,2
0.0011177501309284912,12.14562811402666,0,2
0.1833025037224048,648.6165679365489,0,3
0.004092015588632919,78.58918229805798,0,3
0.001481697316415286,45.306105554713085,0,3
0.0008005356591302423,20.47800602852872,0,2
0.0010502274831099057,26.865217664154304,0,2
0.018364037303924705,312.3793553316248,0,3
0.001222220907019251,40.414645091456606,0,2
0.00042457008862998045,5.5069947040702845,0,2
0.0004859775715331386,8.533420642649704,0,2
0.0012968471079516507,16.315850131325313,0,2
0.001743799478104068,20.826869612896047,0,2
0.0014350977760842203,14.511655332023164,0,2
0.005743885688003444,80.71271529449722,0,3
0.0007137407129720964,31.14251540086597,0,2
0.004450841296108491,57.730773087239996,0,3
0.0014485458989452777,18.900412131085343,0,2
0.014428625060232556,239.9047809108329,0,3
0.001808334364226152,116.53078668434252,0,3
0.0004955272535720834,16.0610063779455,0,2
0.3057654409462339,1058.518100374029,0,3
7.739565569823032e-05,1.7439363750979924,0,1
0.000806874552180105,15.65488094106197,0,2
0.001112333316335589,20.903560191005305,0,2
0.0006765698739223916,10.775501872559138,0,2
0.005822366191133426,76.78504398594596,0,3
8.649661658767952e-05,2.209882251138496,0,1
0.0863531922761576,734.6227632627425,0,3
0.0011658544260685062,26.06038080749272,0,2
0.003966513336575632,118.53098955952302,0,3
0.003919020043722158,102.68390007518562,0,3
0.0005690830210906825,11.281558913588313,0,2
0.0011024913579034319,13.324924183769317,0,2
0.0005632271951510165,24.575187151840122,0,2
0.001179674457778841,35.252114129871046,0,2
0.0009757194460510463,42.57338459653915,0,2
0.0015070193436975757,27.468361666757126,0,2
0.002439087291597174,29.47928163349317,0,2
8.359678119820635e-05,1.523714098118373,0,1
0.0001073218636549539,4.229600583415232,0,1
0.0018209405272095946,28.10747966612731,0,2
0.0012875053427649362,33.73447149741477,0,2
5.493231250253919e-05,3.27620816232813,0,1
0.0008314010734906027,8.922093268542483,0,2
0.0016204918236412183,25.013414936685866,0,2
0.0001287005351410493,2.497031972616186,0,1
0.0016544339163949843,20.16225236717318,0,2
0.002008481081908734,66.41356700091839,0,3
0.0014557788953241699,37.239376728130345,0,2
0.000990430744533515,15.287985300290273,0,2
0.002515260646458394,162.08578880454684,0,3
0.0014057224290549514,42.9830087736631,0,2
0.02301382178430147,183.26205711247357,0,3
0.001993080782304072,24.289273402071487,0,2
0.0005529887313282279,16.79741064450514,0,2
0.000559929124421743,11.560329164020127,0,2
0.00013433157489711894,1.6043738000879892,0,1
0.002668689959349136,26.91565457126773,0,2
0.00024084700134500216,6.160957715305974,0,1
0.0006002311105852758,15.72690894502752,0,2
0.006471509857081475,99.89224194806617,0,3
0.0018644382236974774,51.5926182568351,0,3
0.0021181793620458998,25.298232935601643,0,2
0.0004263657011268478,16.43450994887464,0,2
0.0042202226836204,65.14206339740397,0,3
0.0015503863114958456,24.69248372804415,0,2
0.001197221315503718,25.63715478982902,0,2
0.001333868816254827,30.055722472920174,0,2
0.0007235586530481959,10.167400037978247,0,2
0.0017780342145180762,35.247928681859285,0,2
0.0007162457938121984,17.404546604872976,0,2
0.0020749497768450314,33.04703042161248,0,2
0.0017190391233373604,39.32549370662328,0,2
0.002417943602642067,110.9603885821928,0,3
0.0018470306516035317,18.826319844359,0,2
0.005555087228504615,121.21602797815936,0,3
0.004308306736987487,52.07103005319816,0,3
0.0004186745981859526,33.37481229820706,0,2
0.007330709775778614,79.65651023856864,0,3
0.004939425533079442,101.97966591313568,0,3
0.00048541677715298494,29.108563974088927,0,2
0.000703660345380182,18.436902028003956,0,2
0.0007290308187825503,46.97943948337004,0,2
0.0018068490838623697,22.732270197050827,0,2
0.006980634752222038,74.91194841915,0,3
0.007141788760533007,92.63439402609562,0,3
0.0003703679888033755,8.081697846730272,0,2
0.005594802761706791,119.80644059957385,0,3
5.6785011945692285e-05,1.487848091448311,0,1
0.0027213366283383063,29.57042164103383,0,2
0.0024703144009407736,31.079438197356875,0,2
0.0015833343175314849,40.45224592553257,0,2
0.0038538040875214156,117.83840926353771,0,3
0.0032762466546804626,70.15715601451942,0,3
0.006965003910003826,79.03523065621965,0,3
0.001460720641588125,22.547235957369015,0,2
0.004772382417198502,109.17511542656608,0,3
0.0015131818911861777,34.61621328506565,0,2
0.001784232576638827,34.617461268267,0,2
0.0006796226186042708,10.490446364183205,0,2
0.006664018693234815,121.46471535705646,0,3
0.0007578141073304869,48.83426197870476,0,2
0.0019386499402693207,29.721445967259353,0,2
0.0015495234059719222,25.80809602008903,0,2
0.0008312113560491469,26.597850071357215,0,2
0.00396474073534255,103.88184723476631,0,3
0.0012995196344262865,42.11997016577786,0,2
0.0004022038469485769,7.803509629848421,0,2
0.0028985042408147888,165.26025078219834,0,3
0.00022714880923111957,5.519644332516695,0,1
0.0007238930177812569,18.517458170745485,0,2
0.0022517788463737505,29.69633514785378,0,2
0.008993086488622116,91.66427339784359,0,3
0.0070299156617465155,71.65416589703523,0,3
0.003832969588318095,151.05897209431032,0,3
0.0011941325609080762,22.922101633106287,0,2
0.0005889890007728348,11.306002514687252,0,2
0.000914118987696888,15.225114068845087,0,2
0.07775016125461334,542.8569585763515,0,3
0.001548752443087352,28.20991897886598,0,2
0.002095144216499088,34.89568657494836,0,2
0.0001323036290845717,8.525771717564108,0,1
0.001110580164276658,22.0162526155445,0,2
0.0031936750196327203,119.41800097965785,0,3
0.0005306855477733976,19.843411391050658,0,2
0.0017629762990940573,23.00305337544022,0,2
0.0013802714784048812,16.485114528416066,0,2
0.001921327481730794,34.99622733988953,0,2
0.04840488248422408,405.6170020516745,0,3
0.0002224317856709404,14.33371586616387,0,2
0.0013133639289922233,15.87357093918522,0,2
0.007909967040363331,96.39717253339484,0,3
0.0004599619169878115,11.75146169469693,0,2
0.00019629395028876692,2.7583100681790476,0,1
0.0006475738483080333,36.92187683026999,0,2
0.0006717040137014455,7.622146712559868,0,2
0.0010018132074648316,21.452708816385265,0,2
0.0014736322572261144,38.958928624393565,0,2
8.307400310611859e-05,1.8569558151860293,0,1
0.0008666470030741151,25.897940623553765,0,2
0.0006501515117278922,12.48005415530383,0,2
0.0017750575401903673,34.09085757226259,0,2
0.0018771082215509887,86.14123896295003,0,3
0.007778383932713241,109.30135485175396,0,3
0.0027341746362730987,29.709921217715948,0,2
0.0012423124731596696,31.778824621404148,0,2
0.002899406889340104,56.25393628994084,0,3
0.0013754753615920156,24.152369433503775,0,2
0.0006872327573943826,25.34479365996698,0,2
0.0024541270353187644,37.32381044323545,0,3
0.1502548766528286,1689.4811384553104,0,3
0.0007072778375596947,12.018995543157313,0,2
0.0017604936519492781,130.6860231911025,0,3
0.0009098208293624457,21.926033924615815,0,2
0.0011228360943850565,41.12647752151716,0,2
0.0012361750573173706,27.5320472044641,0,2
0.003255119340502025,72.34988409355606,0,3
0.001823392971719872,32.55583334174106,0,2
0.0035822107419790127,71.22728296535298,0,3
0.004545894660000488,50.27033901104787,0,3
0.0005267221437181395,34.315825076355544,0,2
0.06041151299154732,634.2126115289541,0,3
0.0004685817152804943,18.667639195779273,0,2
0.000835838020130581,33.298615966207954,0,2
0.0003475217545178467,19.04338612984774,0,2
0.00018919997226797262,4.33521232296602,0,1
0.192851681192816,1177.4250639051745,0,3
0.0007441552597899266,45.610337715976236,0,2
0.0011418389651104658,27.779937917357827,0,2
0.0008521624398727513,31.42731624906307,0,2
0.0004727743365835953,13.061126569329783,0,2
0.0005482353165187326,9.788486559650151,0,2
0.0011401938541212226,26.125703866147884,0,2
0.0014818930569080705,22.07138924650528,0,2
0.0011845310547630346,57.50170876354989,0,3
0.0036545142385859155,106.27240829971443,0,3
0.22279138894471104,973.12639945678,0,3
0.000461698363844479,11.20077139763359,0,2
0.28944813598254565,1023.2783591079606,0,3
0.002173932289607398,73.53040784758208,0,3
0.002099209325303766,115.03180226688177,0,3
0.0007702507275033624,48.80809732599014,0,2
0.0004303769201082406,20.89215662105908,0,2
0.0010551022997154359,25.66971112228654,0,2
0.0011998021824097644,17.99521399243722,0,2
0.010646403376476982,289.87568377813614,0,3
0.004373082148552874,69.20159399542233,0,3
0.0024754826820059203,156.86268815840955,0,3
0.002526976603747698,27.94432780441276,0,2
0.0004891080628763072,15.206539696957744,0,2
0.0007912164860309807,11.784417883621423,0,2
0.003475080325681425,128.15919040317632,0,3
0.001204372168509625,29.301315765970738,0,2
0.001351439654520622,32.56873304698308,0,2
0.0016202899876320098,37.126332720661864,0,2
0.0012071527211562603,19.102520753599048,0,2
0.001129762435483317,45.008152974818685,0,2
0.00131650967555487,24.62402756417571,0,2
0.004063095500541494,97.91770743065372,0,3
0.006593161219598049,103.67163961492723,0,3
0.001961464671670433,128.8287062726135,0,3
0.003778726807003718,59.796251118772744,0,3
0.19747735743137249,2361.6158461437863,0,3
0.0009600855043818274,60.83726384917436,0,3
0.002206670855818705,29.19698981326549,0,2
7.688569967191526e-05,3.5802687064041487,0,1
0.0008890646050034779,13.979756031193695,0,2
0.0004586915115887813,14.550608644852867,0,2
0.001881342970457343,34.03749777499049,0,2
0.002686273837349373,87.17072039957354,0,3
0.005609801431157825,104.92585632700528,0,3
0.001919019734284861,30.640486295601825,0,2
0.13513432895716732,905.7396543587024,0,3
0.002178742007465362,34.32215517988854,0,2
0.0016527118138779876,32.21303278566843,0,2
0.003620210684391061,57.80295735396008,0,3
0.0017052311223555426,21.534583206831645,0,2
0.0030171386853236628,45.88642346191588,0,3
0.001097851316088359,43.73685867593227,0,2
0.0008503173939815483,26.795726158992437,0,2
0.10322250327485313,965.5844993712694,0,3
0.0003238958432257606,9.418814389730581,0,2
0.0022854757668503297,27.754570136273816,0,2
0.2642261907746337,1319.9161067561497,0,3
0.0036086004883393646,48.774805885295734,0,3
0.001315310640724335,20.72034952555848,0,2
0.0014191113056267997,21.284518396649826,0,2
0.0006787511390797644,7.010695604441643,0,2
0.001408845528726985,28.01293568609851,0,2
0.0008191566126761754,53.80208380498397,0,2
0.000776383228738809,18.888721223798292,0,2
0.0016653063428145995,38.1578099211245,0,2
0.0010963865914037918,40.43417842310024,0,2
0.06042585656133102,249.7973255202022,0,3
9.799704105325956e-05,1.1900654509272315,0,1
0.0017712912757633086,38.84443097022936,0,2
0.1625621402891701,827.76104582007,0,3
0.0003757316937266163,12.19265212790787,0,2
0.0017371436933289964,27.736519108165254,0,2
0.0015286133367198144,24.08054922206239,0,2
0.0007700744681763903,42.198294799029746,0,2
0.0005451786613349584,35.518262903606555,0,2
0.18580104135399325,835.3681888240137,0,3
0.0007017076741069115,7.247809430027603,0,2
0.007447631321262849,98.93037596287988,0,3
0.001102082090181366,19.67716307638281,0,2
0.0014838109110893514,26.845296885146308,0,2
0.0004486218662027552,6.728647940771921,0,2
0.00023928225400890124,13.11211254510919,0,2
0.09389592245372409,580.5008482694324,0,3
0.0008852544091503123,27.52286730970427,0,2
0.3355155006701217,922.947077380986,0,3
0.0013373059943243316,29.32713049140932,0,2
0.0012215593855836033,22.100608725645113,0,2
0.0015146801502212044,23.86105697033317,0,2
0.0005315368751615255,9.032573897172263,0,2
0.0004980841319037842,8.464100871764838,0,2
0.0022266498944732765,145.0657224047121,0,3
0.00020926413684931155,2.6427009852848036,0,1
0.08738160905672052,303.0329355051226,0,3
0.0015219273630646749,30.261410829736217,0,2
0.0003588274946672342,23.377527765714955,0,2
0.0011593453183320716,42.4637125689951,0,2
0.0014968654581865408,23.90005935765758,0,2
0.000814392505142088,12.385761230313333,0,2
0.0014891149434468412,93.08820433779297,0,3
0.00010509307303049504,4.893776635141524,0,1
0.001687054051097662,52.451096896797225,0,3
0.00043881541987707176,13.82822215397896,0,2
0.0022902471131394514,44.63924364994595,0,3
0.0013248991975712537,24.780945378922965,0,2
0.005813914554096407,73.4212653529638,0,3
0.0006073557285733027,13.31931568554261,0,2
0.0004426047300869042,8.278489156641399,0,2
0.002143706001413448,28.97490160851837,0,2
0.0006121640175919321,22.421927683723464,0,2
0.0004368672589242972,13.582354942313602,0,2
0.0890383659782331,1259.8664765824385,0,3
0.0013460707869496263,25.592644616508657,0,2
8.646540152400611e-05,1.5437995240198434,0,1
0.0003211654404257436,7.739858348949447,0,2
0.0007553968476212895,56.075072941851076,0,2
0.08668791760988229,514.2729370217149,0,3
0.0009061728607715206,25.03443506209802,0,2
0.0006290831242070006,13.795797634843886,0,2
0.007232225164684647,107.71712302990295,0,3
0.06491642156663247,284.0366269333099,0,3
0.002579184104144352,77.94733318579449,0,3
0.0008463305223929056,11.436721988869474,0,2
0.00037183609881201587,6.727306283180492,0,2
0.00029331804883472206,9.11936010052525,0,2
0.00028271087453733305,11.262805249297879,0,2
0.025110435302086908,124.73032634514466,0,3
0.0006456176440680413,42.40407030182463,0,2
0.0002029417571295039,14.884338345148395,0,2
0.0026592315287531547,59.10538839216514,0,3
0.00026423918472252383,4.181438207123679,0,1
0.0006007075451174843,21.613569806900937,0,2
0.0005047318203380385,22.330950703561044,0,2
0.09773352339232286,374.50446976760037,0,3
0.000751654288898194,14.058959286234739,0,2
0.0002141830407851578,13.953975259180435,0,2
0.00015957726016301902,3.8456983034598595,0,1
0.2620058927485269,860.8523167358749,0,3
0.001264058510712697,38.20199951703301,0,2
0.0006750937956867957,12.213883342606723,0,2
0.07430851449557833,238.82619858782232,0,3
0.0015221584516359184,73.89144558599548,0,3
0.20027846210392586,860.4468462198965,0,3
0.0008557538542796165,12.745640671541572,0,2
0.0007575550543063353,18.256537204280562,0,2
0.003393927257215536,75.58942797062572,0,3
0.00043476488673331365,15.642921926612486,0,2
0.0042149359292394965,96.57846120120415,0,3
0.0004029983138742696,4.162495419906347,0,1
0.00020987529149986187,13.784577756115597,0,2
0.0013604122348359778,31.171653008603638,0,2
0.0005129425724174104,20.43491360799519,0,2
0.0042489824624372926,82.81698613084845,0,3
0.0006040040459100049,28.12612479746998,0,2
0.0008346783234106773,27.08566406819156,0,2
0.0013226943129490006,19.838409662075374,0,2
0.0008740718006842452,32.235322303801254,0,2
0.0007485037428409558,25.317157185459877,0,2
0.0008756964518395718,9.044907495934776,0,2
0.0007055533799829335,9.372196089287161,0,2
0.0005211357059301176,8.855823545334232,0,2
0.004014658417264748,72.32106236887402,0,3
0.002438849487006875,26.969782557333303,0,2
0.0018168400191230177,28.568205361127514,0,2
0.0009027155971425606,27.28160169311684,0,2
0.00033284542200198204,23.953126505745196,0,2
0.0009919291622586047,25.925910768282684,0,2
0.0006266586509313393,16.378887610507263,0,2
0.00030061669612936555,6.888146916340569,0,2
6.541959878390612e-05,3.046336878131963,0,1
0.0006247734059220698,46.37855508601862,0,2
0.0019679169656467367,23.743178184077905,0,2
0.0002686037871370215,6.473159944220677,0,1
0.0018207215532668197,28.6292390588495,0,2
0.0009928162562222302,35.721714557603036,0,2
0.1864337893534894,1831.3353923570974,0,3
0.0008573300940328427,34.15483008659096,0,2
0.04767092642720075,251.81104075088047,0,3
0.0016228570258779312,23.700640324755092,0,2
0.000995581281698297,30.088160730124514,0,2
0.0015461802532722104,55.63185465169215,0,3
0.0010590201550583647,16.75840524230026,0,2
0.0002011853379603315,6.978029614848959,0,1
0.000434212269868257,9.670760334473517,0,2
0.0042826590182466415,63.7861374416586,0,3
0.007043114765446641,112.4555717658839,0,3
0.0007029065662753078,43.08214643224377,0,2
0.0005656057813801955,16.44768212991655,0,2
0.0039919646356544585,147.22162018607892,0,3
0.0006886465183031068,43.63712371618054,0,2
0.0007247921067842964,22.840095890138464,0,2
0.0009371725528587462,13.958294837040734,0,2
0.0007181727956965411,13.654513055110142,0,2
0.001014453858281006,19.28766104022389,0,2
0.00017138154061874215,10.713477789643008,0,2
0.0030767136824850507,52.28356675920572,0,3
0.0006098746074916287,14.697543628445713,0,2
0.0014465124719472673,21.999414264112502,0,2
0.0005186955252036271,33.79289274821322,0,2
0.0005345528238036937,19.579237612829193,0,2
0.3138222062989323,724.805616386738,0,3
0.0011292786971103495,12.488019892147173,0,2
0.0007272675941662546,39.852577386553655,0,2
0.0017399148651682322,27.53318551900883,0,2
0.00197654496010423,26.71550842609572,0,2
0.0005976609526461642,20.729621102041182,0,2
0.00204782936319825,34.799410758221455,0,2
0.0017642435557411644,19.50971772961306,0,2
0.0944812340199738,963.5127642741165,0,3
0.26096765272397016,1415.53101394788,0,3
0.0007283573274459288,46.153458940970324,0,2
0.0019354361405832955,93.95353953681983,0,3
0.003293841224674207,44.5106791795319,0,3
0.0007894827051589484,14.766502863019566,0,2
0.001186525387914349,38.503249891654754,0,2
0.21063680457404577,795.3941584994732,0,3
0.005766488270432734,91.25147127682098,0,3
0.0004005925644705042,19.729754977046444,0,2
0.04121635831666697,213.0756009416294,0,3
0.0015405734092878531,24.597932783762637,0,2
0.0013815455588057236,30.29730447248417,0,2
0.002087196608775519,27.616197478663665,0,2
0.001283179052191222,19.111732929612554,0,2
0.0004449096936003304,9.909012977911207,0,2
0.00569579256355583,75.65988102961126,0,3
0.008066300407938374,97.32098011007292,0,3
0.00020426577487151084,12.769151417179106,0,2
0.0006854930058247964,19.93397421535279,0,2
0.14491084913660607,549.7194036143212,0,3
0.001713844702471595,34.07742044628447,0,2
0.006017410481017391,108.39913971890888,0,3
0.0007977498096194688,50.550618077186,0,2
0.001519868196226404,109.37688419236554,0,3
0.0005779580487200927,17.46687586923625,0,2
0.002342283652351944,30.991315155664775,0,2
0.000420062693330959,7.500023993328494,0,2
0.0015662239834843843,24.673037203772207,0,2
0.0013737625377372106,14.189340437672625,0,2
0.002184151060300861,66.0087622871954,0,3
0.0003350301641439298,10.627824320955606,0,2
0.0044871345746453715,76.2512941735687,0,3
0.0008134256473230682,52.99449161016617,0,2
0.0011449340705211872,38.725892966619966,0,2
0.004077072015332967,64.51739818986366,0,3
0.001965582846646851,26.567341579224205,0,2
0.00023356670967199128,3.4110710244346243,0,1
0.0005627259506032991,6.833682986297627,0,2
0.23799907243098228,1061.622196358158,0,3
0.00029612477287319506,10.92093062404575,0,2
0.0011376776983981114,15.112305855658878,0,2
0.00026466642297808435,14.50310613034855,0,2
0.07925366291681685,792.372823119429,0,3
0.0028040897163815995,94.84465614335484,0,3
0.00044935450925300197,24.623584905542096,0,2
0.008356817030944872,86.3160252009291,0,3
0.0022294794806564213,33.43881260957572,0,2
0.0011523968208087309,34.82739320915148,0,2
0.00036228888627905974,6.468499542444246,0,2
0.002278932672048235,30.153103185034695,0,2
0.0002812845550535753,9.514081074737748,0,2
0.00028790767007763423,14.179863258700836,0,2
0.002066764004391411,30.782486366975807,0,2
8.100966748200578e-05,3.9898416294985037,0,1
0.00023811717003557458,8.258994821182677,0,2
0.0016412154657989614,35.991867481551104,0,2
0.0002634795070659377,16.69577575857863,0,2
0.005502521959529598,104.61863549085837,0,3
0.0012746460721385863,94.62029355204416,0,3
0.0011365547317944047,25.192392354755118,0,2
0.0002528823139210172,18.772111961386308,0,2
0.0010813132406192459,28.26212965150069,0,2
0.1148021863134668,885.2245327172974,0,3
0.0010542047439921834,23.47921081480871,0,2
0.0028746640433573384,54.65556192644228,0,3
0.001132960373781437,27.563929597927114,0,2
0.0013746834157451087,33.349727635304426,0,2
0.006473063566465914,101.78321004382808,0,3
0.0004428311419636122,10.743053857904114,0,2
0.0004498107165867197,6.078429144527796,0,2
0.001666707398452491,28.32288491162723,0,2
0.0006068249693952928,18.33928334115815,0,2
5.957646371027263e-05,2.3734428656441913,0,1
0.0009796239327337795,30.870513558963133,0,2
0.00015198045771116128,2.962253567694267,0,1
0.00043949947715756947,28.633288649735345,0,2
0.005586976028015334,88.41078983179312,0,3
0.0018057272050630753,117.64270715324191,0,3
0.00011640645010925316,3.3850719923635233,0,1
0.0017800020622282414,27.071320515625104,0,2
0.06207608591112181,1006.716545419823,0,3
0.0023357338993044083,31.570401851468006,0,2
0.0024063078346821683,32.52429796984816,0,2
0.004206021743958275,81.97963806977708,0,3
0.00123668102613995,38.44884299367486,0,2
0.006132678607644801,73.99157762692505,0,3
0.01619578079559894,383.2972889609989,0,3
0.001681672329422943,30.425030985754727,0,2
0.0005066319949950426,27.76225827879854,0,2
0.0008596440562718593,47.106500485203085,0,2
0.0012905210004249738,24.137934780630268,0,2
0.14658288058735666,1141.773133940383,0,3
0.0005190613286307846,9.390923981319082,0,2
0.0018919178086438601,23.892163904707992,0,2
0.30200162758038657,877.9317579241629,0,3
0.002820481144230282,124.78711041033044,0,3
9.577004599386422e-05,1.8208617078615639,0,1
0.00850929839496753,107.46003396012415,0,3
0.0005723288509165128,26.651133870829902,0,2
0.000910072385934283,28.86930931063065,0,2
0.0008481949870973799,10.711466197048237,0,2
0.0037927138298640777,59.63707669751026,0,3
0.0037154076245002015,55.72548229386337,0,3
0.004959109260478933,108.7533032981754,0,3
0.0005045523832554036,31.54079915609692,0,2
0.0014992590350011573,95.00280659830614,0,3
0.0006152895025491381,40.41212250283337,0,2
0.000794024317232529,29.082983168693026,0,2
0.0005697944873672326,6.301017552961497,0,2
0.002959958633601656,50.29951136025198,0,3
0.2470453795958337,1107.2727177945471,0,3
0.0002754500700334856,6.638150485435895,0,1
0.0004981718326472061,30.53366246989933,0,2
0.001634551049637615,31.85906103513363,0,2
0.003438630221744496,123.72255840944774,0,3
0.0003393172277644541,15.800686698473815,0,2
0.0006991045156379252,25.15391120666676,0,2
0.0017681277257680407,21.332694609562655,0,2
0.0002175757623189286,14.290343527805755,0,2
0.002388007126789213,75.752343928658,0,3
0.0011893716569993786,14.349926176863674,0,2
0.0076533239611138336,113.98898954813582,0,3
0.0021541211440009975,26.159413825507155,0,2
0.004439708597613936,98.40870642039812,0,3
0.002594094058002505,67.80146570060364,0,3
0.0012536487721669979,19.748977874369317,0,2
0.0006077743264383979,38.51253548723709,0,2
0.0026351641476120066,27.218125529325505,0,2
0.0006233876412984395,27.580663881507057,0,2
0.0004206544309260257,15.513520913050266,0,2
0.0006705413073082401,13.332782149275781,0,2
0.0003117966392970577,20.313478484092222,0,2
0.000660710781992167,32.540948074332086,0,2
0.0012043929676306617,17.938289048869624,0,2
0.0009000734052400616,49.32193503964707,0,2
0.0010609507997293214,10.958365562782665,0,2
0.001303677502638157,41.355247831560085,0,2
0.0005321737788948835,34.953094204265675,0,2
0.0006453614274527161,11.625702412080349,0,2
0.0006338405561001942,28.04313427814299,0,2
0.0014256577771230411,31.60052840410734,0,2
0.002767234894740115,134.3322611575691,0,3
0.0005839466395717917,16.981029941159083,0,2
0.0006492835641600078,10.366940888712659,0,2
0.00015388623594308966,3.7332697817864795,0,1
0.0006585595053907672,43.254089817876604,0,2
0.000194471613703494,6.745166886555214,0,1
0.002238481696508915,34.04414902682444,0,2
0.0018193134405179614,24.16679275609516,0,2
0.0001754209831476441,12.624121358871188,0,2
0.00043991184299310785,27.49996144446011,0,2
0.4045193672389128,2135.8421473007857,0,3
0.000804249095397113,50.27557104323976,0,2
0.0003242971468785363,19.876634875406435,0,2
0.004538547025162651,143.021493040994,0,3
0.001100341532980318,40.302562010967925,0,2
0.0003386921673061294,11.747396692722958,0,2
0.0008936940740928354,9.230801624071963,0,2
0.000793626720757173,28.554837822708368,0,2
0.0013547779360021947,26.93787673405691,0,2
0.0010004128967128728,36.6424438211802,0,2
0.0032964452774782763,51.92955658262758,0,3
0.0015196582871878244,22.193498199071257,0,2
0.0005405550385875947,9.737693869890329,0,2
0.0008392871096702454,39.08234414544041,0,2
0.002829319046029644,179.28406223321562,0,3
0.00112510594626708,11.621012264848412,0,2
0.0003988110426033069,6.282549491762829,0,2
0.0019462898513226982,20.10286969703917,0,2
0.002251909207933649,70.01264007591665,0,3
0.006937273498018254,101.31380730969796,0,3
0.0005757911991207588,5.947241332404907,0,2
0.00025381700024989433,6.175144415946533,0,1
0.001250380072003333,21.248103241171307,0,2
0.00017512951939532682,3.9004784689239624,0,1
0.0019944361306520296,39.656591101559506,0,3
0.10448691274653511,867.4586656571676,0,3
0.0001586649204777969,3.860177989379874,0,1
0.0006000112754299824,19.470619264455873,0,2
0.00021394152916591878,4.001567333018754,0,1
0.007609847628170968,102.83418758781926,0,3
0.0010649139025125647,42.424678254408505,0,2
0.000880185307174525,40.98681451246231,0,2
0.0006180609112256716,11.751100614997645,0,2
0.2505225986148143,1010.4401731746915,0,3
0.004366478149833949,63.76922086474716,0,3
0.0025458087408604425,56.70016233705001,0,3
0.0011099113152007322,33.543408922852436,0,2
0.32280461739293553,1067.4110829933104,0,3
0.0018218625045993788,22.12450090084999,0,2
0.0009359134706085984,17.505347302697405,0,2
0.0002914199775552706,21.63286297736444,0,2
0.0005836554718751291,21.000033022867456,0,2
0.0031903658750657383,77.39806254427101,0,3
0.001792391977518102,28.235906493183826,0,2
0.00037896602677158387,13.976073825525454,0,2
0.000456618676422286,7.75946529835759,0,2
0.0006971209897334569,50.168114545365015,0,2
0.0016273501956310047,21.995698929760753,0,2
0.0005262350996037131,5.435385500341843,0,2
0.0017675201256036775,27.792693576039486,0,2
0.0002403230387878968,3.8029784927432835,0,1
0.0007372899160501619,34.332730601994676,0,2
0.0020551338749162954,147.8971271289386,0,3
0.2572418406799843,2352.8929599165904,0,3
0.001956930735496313,23.61062786585497,0,2
0.002124375070276478,21.942279150447952,0,2
0.00020544051571613268,6.4739682382777755,0,1
0.006728541085133697,107.4328560697487,0,3
0.0009123813511526857,13.876033356171678,0,2
0.0008553815851258551,15.409058140797182,0,2
0.0005710151091732106,6.934345630039572,0,2
0.31736034971400917,2413.7301379879123,0,3
0.0003442962925822744,25.55800938401456,0,2
0.00025222418498045164,10.048258239965856,0,2
0.00032296318653930386,11.620275846479029,0,2
0.001318158543330229,41.814615294347206,0,2
0.25375059538518624,1014.2730358005767,0,3
0.001550970876508091,28.0603635738921,0,2
0.0012758794653953854,43.15494916901041,0,2
0.003096772755696089,75.34175792387657,0,3
0.20026597454458225,1135.5621649582906,0,3
0.0011238327241057423,38.97966974358993,0,2
0.002461238080180177,59.314084598835585,0,3
0.0001690399255156876,5.3268903895351025,0,1
0.001109511812724907,38.48295489975374,0,2
0.00019138851421496804,14.03698992875568,0,2
0.0028085725016899752,37.160894433092054,0,3
0.0016641209802045064,36.494185584360224,0,2
0.0003141845192771141,9.966558932904245,0,2
0.0026452991185686647,190.36820170605853,0,3
0.0018471272870770614,29.04444591155103,0,2
0.005861412654237475,116.54604593961639,0,3
0.0007403094989283872,11.71498628095744,0,2
0.004468009063679115,99.03600260332,0,3
0.00028609228291958733,9.28381539369306,0,2
0.0003181503460819516,12.674664155674556,0,2
0.0044362536624619675,49.057884581721005,0,3
0.15092412738929373,782.2668983081285,0,3
0.00212068678964855,32.25265465364756,0,2
0.07148731995407427,366.4488449369193,0,3
0.002197959701484542,22.702321264357696,0,2
0.002980325998037798,47.162002149550965,0,3
8.616762078635142e-05,2.252150791227318,0,1
0.00041540093221768544,27.283471099414093,0,2
0.0809939438281211,753.8812402371276,0,3
0.0013541223123677757,19.775966317052717,0,2
0.11508101731063766,618.3141786144208,0,3
0.000967252663487842,22.163035310782764,0,2
0.00041713887415581474,6.256450784179816,0,2
0.0006496291061487804,28.741670250334227,0,2
0.0012624675064171094,22.840723682733994,0,2
9.04039158982639e-05,3.135622152349817,0,1
0.005135638266252396,134.22944348754336,0,3
0.003696597620194063,62.81745017665495,0,3
0.37257860628400874,1361.8608372342683,0,3
0.0007574445969483922,37.30522638689622,0,2
0.0007681974541889655,24.928331787963295,0,2
0.0013806887179092916,41.726762873504285,0,2
0.000674122932711902,9.109628406108888,0,2
0.005297434677751781,117.98427799290432,0,3
0.00125680206939361,43.59165607764758,0,2
0.003631990685601119,133.94596446550992,0,3
0.0033824669339410163,37.40468536568691,0,3
0.000795874473296975,38.634818388126966,0,2
0.005353942472188592,84.72316335467144,0,3
0.0001212503040908243,2.3053140832750274,0,1
0.09393052124698358,506.2910214101233,0,3
0.0003269086978772952,23.525891835870468,0,2
0.0012131506205919022,19.19743417792336,0,2
0.0005361238578266445,18.59523261023645,0,2
0.0006234410195039282,30.705359131442926,0,2
0.1751161200234322,964.7836341057582,0,3
0.0010343423728886097,10.683532018714962,0,2
0.0032009598290366173,63.64663832635417,0,3
0.255706171742088,1049.8564888489664,0,3
0.000494983582452604,16.742170337867446,0,2
0.002307122032347479,30.52608335257043,0,2
0.0013847441749325307,40.268032559649704,0,2
0.005943873270399493,88.52834553163301,0,3
0.003768789496228049,73.45753723355405,0,3
0.07543341781028595,703.6705239892664,0,3
0.00174699469118594,38.829563588248384,0,2
0.001174827228115329,17.867464941574536,0,2
0.0008399305883469322,54.721282349233235,0,2
0.16467414487618892,2010.6979426291325,0,3
0.0002580214738157699,5.130398474674925,0,1
0.0008067269074739635,49.445443286713804,0,2
0.0014106804051091098,36.870752163538775,0,2
0.00016040065010393628,4.986911969676896,0,1
0.00208884837199639,153.2022111184658,0,3
0.0020452291269667327,34.75522412318481,0,2
0.0007261147391730611,16.172001818377847,0,2
0.0020948378939996785,28.314387245459784,0,2
0.0023752619383017874,57.623695606987404,0,3
0.0008313319846402737,45.55506462483739,0,2
0.005528266515011672,87.0878794064968,0,3
0.0018914376268681185,32.14179661831871,0,2
0.001478791533283921,35.637822612765355,0,2
0.23226057531852812,2845.4496618264175,0,3
0.0032842181722454625,39.88318971766242,0,3
0.0026066210775996567,165.17247008624986,0,3
0.0016606000731869144,24.906483844559002,0,2
0.0018915103811572998,22.97029716909629,0,2
0.002413010876156515,157.20709698858013,0,3
0.0021688093633701845,28.809310833829606,0,2
0.0005300450050047804,26.105472250525693,0,2
0.0006275149967201619,11.930849743037847,0,2
0.0016300266352244782,31.770875600381803,0,2
0.0006637157605678162,14.782253971338992,0,2
0.0019213184940057274,25.521773669670672,0,2
0.00232357584224796,31.40607031219486,0,2
0.00012373423020309638,8.126845733666613,0,1
0.0015779183513268146,30.000728038150097,0,2
0.001065792283912808,36.96656126048058,0,2
0.001175709752094041,42.30225674053903,0,2
0.0013931990145037633,33.798914821629076,0,2
0.0026319427186738175,161.3155247759796,0,3
0.13303824430676128,1189.03450410411,0,3
0.15272970191186452,1353.493685172457,0,3
0.0008303240697686751,15.022329325950583,0,2
0.0007816310320191511,38.49644279987448,0,2
0.0015270791415810598,83.68039515774005,0,3
0.0010559550857194011,17.944178079755837,0,2
0.001775983679906441,63.90022491571569,0,3
0.041985032422807114,233.0675074930667,0,3
0.0013039627757206458,19.831434463502,0,2
0.0008105807252323882,25.201236518876037,0,2
0.0005085424289950992,36.59711184246367,0,2
0.11806162180693901,690.4406833616634,0,3
0.0008204516483761382,32.685644467155484,0,2
0.12350821906678251,1246.1803339540274,0,3
0.03688976909214856,396.75069980966526,0,3
0.0036633886445011396,123.90931512545716,0,3
0.0007260379582181417,28.924335296232,0,2
0.002263715240877339,105.41243523447764,0,3
0.0003306042914607719,11.182256459175013,0,2
0.0003012556377247823,14.028306134643199,0,2
0.0031312313617440873,46.96372388758615,0,3
0.0018326273231178325,29.261081257125866,0,2
0.1189896139676865,735.5982233122423,0,3
0.1095273640104677,993.0988558480744,0,3
0.00014455857002845205,3.312326564668196,0,1
0.0005196232876704428,24.196840295450798,0,2
0.005834975880009659,105.11271711792703,0,3
0.17343364525221958,2291.57883078296,0,3
0.000660951904393042,36.21863139496932,0,2
0.0006853753245804422,13.627735970216072,0,2
0.00035502028009193966,7.906999135903047,0,2
0.0038726449445581432,125.66896381718156,0,3
0.0022772931751475775,23.521742114020785,0,2
0.002497568159703956,81.04714147209086,0,3
0.0016915947560618566,32.970900842794016,0,2
0.0013682244703731603,14.132138759044302,0,2
0.0009125942479591428,26.538024536090425,0,2
0.002823477728257404,55.03245022285235,0,3
0.00042100664664700116,27.42848504590786,0,2
0.0023040907500023948,27.79915930630428,0,2
0.0035020233069909066,121.46621913815716,0,3
0.08291795595088398,1551.5740387225742,0,3
0.000166244253733712,10.392333466029806,0,2
0.003396533238957399,75.64746830391529,0,3
0.0027858170086842798,152.65631084613932,0,3
0.17441033200781791,2077.6779684040343,0,3
0.0026869040270272693,40.01888285532357,0,3
0.0009078514244461654,13.258506286143774,0,2
0.001534304267953981,33.64730411049049,0,2
0.0018437117162126862,50.935404524759285,0,3
0.007208353668970358,113.55462572906434,0,3
0.002515126882371223,157.2267112031749,0,3
0.0005080094343980967,15.352909697655,0,2
0.0025605521344935754,140.3123182041338,0,3
0.0009712497274392232,26.832284747477402,0,2
0.0012126175699676519,75.80367965112453,0,3
0.00023230866896855606,11.277159321880447,0,2
0.00026834234754172215,19.91975047178571,0,2
0.0007223911279528534,12.897957562599686,0,2
0.00030134394681473526,18.469800491318534,0,2
0.0017050353994762194,75.43622161176528,0,3
0.0006258709180201325,45.903192304852496,0,2
0.0009652187219882691,17.462860636233888,0,2
0.0002913922834937239,4.340011232549402,0,1
0.055475309235430655,742.6918809976216,0,3
0.0005373820675154631,8.172823221816593,0,2
0.09784769566462341,933.981753391955,0,3
0.0012677441607601991,27.801638959317792,0,2
0.0004637382487373632,6.160052413574041,0,2
0.0007445419084646131,55.26928257231653,0,2
0.00043231650710826166,13.440870486435703,0,2
0.009451485059722166,97.62264981753972,0,3
0.055172568047254636,433.96277394258794,0,3
0.00015979385618099305,7.069791483960368,0,1
0.0066073274154350905,79.71827820167279,0,3
0.0017798189198507937,23.54920976787948,0,2
0.0009512901311890651,58.30592954709091,0,3
0.0014519109643934044,19.286413542247033,0,2
0.17938946934651517,817.9954285266219,0,3
0.003204985759782098,115.31598697603506,0,3
5.600453549366408e-05,3.5009800061572545,0,1
0.0011390634580569976,45.378692686239845,0,2
0.0002879601334154334,8.373812461654673,0,2
0.0013266492072639025,19.897727081694658,0,2
0.0010919304475677013,16.37730148929476,0,2
0.0012417539622512047,24.20304663029703,0,2
0.00023536594397294188,10.413342453100668,0,2
0.0008531050409971156,20.75529544885703,0,2
0.0019846846459126597,97.74854863399773,0,3
0.0005165719134556589,8.778269579272367,0,2
0.001510782354557406,36.651478779500714,0,2
0.0026363763354897594,83.07911708950002,0,3
0.2212309589126888,451.62632053911375,0,3
0.0007383317710859883,9.977301985500091,0,2
0.0018635823228783598,37.0547449610837,0,2
0.00044463494671025485,8.840948075578494,0,2
0.0016246438878137622,64.72353685670562,0,3
0.0016417969712547854,19.808497366031357,0,2
0.0008262967742828196,11.16844740766448,0,2
0.0012562089480047086,24.48478899220428,0,2
0.0032196797352371,93.62752395509362,0,3
0.0005666567835178211,36.917557565101006,0,2
0.0001890446758735784,12.316216635778089,0,2
0.2637482639945431,2038.3889498882968,0,3
0.0012002973644975824,58.26706628371492,0,3
0.0008551333213078224,20.745477126478246,0,2
0.005814189546254557,104.73826689484999,0,3
0.0002756083520187098,8.742846048287706,0,2
0.18792618803357722,1682.4070730158335,0,3
0.0005099800868809659,36.70057248495959,0,2
0.0005425827498253023,12.084383835519287,0,2
0.001774420187017082,87.39272423202871,0,3
0.0022318863711850143,27.103786320436964,0,2
0.0017435975353189716,32.61228881772373,0,2
0.0010820493210851976,24.793415636349074,0,2
0.00037661505878202646,9.136656112874501,0,2
0.0006557545308697843,11.143443729443803,0,2
0.0012464218514815387,68.30102659723917,0,3
0.34896279741751224,2016.704885012123,0,3
0.0004890924096698888,11.899188231999071,0,2
0.002151649652699939,33.895363939227046,0,2
0.0013783345481845639,30.226886985464958,0,2
0.0027628444464536865,83.49786130513247,0,3
0.000352856287687545,25.393202786118106,0,2
0.0006427660269747102,19.42548326992286,0,2
0.00019037090351588048,11.668104318856788,0,2
0.022745274407189608,120.8595986101688,0,3
0.00027672464232797526,13.629083196934296,0,2
0.26917413993521716,1951.6336156403836,0,3
0.0011073784518911569,26.687031907775165,0,2
0.000928243294148825,18.09240511044139,0,2
0.0010667941504339123,25.880354671059496,0,2
0.000634211480768562,11.32355097971287,0,2
0.00021943892933330952,16.094288905805694,0,2
0.0024639731720278815,59.9463005208863,0,3
0.0003763866900501589,3.8876288547854556,0,1
0.15159700893989628,776.1667906801019,0,3
0.0006134736472833595,8.117016537925695,0,2
0.0024455016982880217,30.88312142197182,0,2
0.00107242451577717,47.44749197518641,0,2
0.001394862456192621,21.932980713553615,0,2
0.24752570119885836,2118.1805923076354,0,3
0.0009774332339900617,12.93265286968543,0,2
0.00026364914792765756,18.97343624394361,0,2
0.0018049591195327367,23.881845762088417,0,2
0.00464928393510728,106.53084546914035,0,3
0.003372977471422426,114.08653816866934,0,3
0.00044102793504326144,31.738450410761274,0,2
5.568364289367825e-05,1.4553954171760186,0,1
0.005158468338562559,92.92594080649599,0,3
0.0019371065277116698,23.524011833606213,0,2
0.0005846099055372454,18.544990980785595,0,2
0.0008311875307008071,26.972386370641104,0,2
0.2351111602131808,1550.5445388525811,0,3
0.0007999850731556379,37.25220080237864,0,2
0.0013514392657457896,32.78582611244268,0,2
0.0006904541799537425,34.00585283296716,0,2
0.001374660695123,17.35996061307815,0,2
0.00021838282900753282,3.4338771937898205,0,1
0.0008485113898482091,41.7903957829725,0,2
0.14952006633224924,1199.0425274482395,0,3
0.3692057834495224,1251.4979067182012,0,3
0.0002527527498078875,4.572835094027191,0,1
0.0021517119787248153,104.45240337614248,0,3
0.00048551934417921113,11.124892983297745,0,2
0.0007366453551856069,34.302715903519065,0,2
0.005775183436480245,91.38906744586203,0,3
0.14235848542175578,917.4919348205026,0,3
0.0009642706892871409,70.722415133621,0,3
0.0009589999199894813,15.175640623791084,0,2
0.0020700608146623028,27.97336195604502,0,2
0.0004311387615872701,8.403332598921281,0,2
0.0006999653044982592,22.204294069998532,0,2
0.0017600783176543126,53.192562267596415,0,3
0.0003960727803071648,28.503265435098125,0,2
0.0006403547530282475,11.58538013730961,0,2
0.0002690467384253486,5.992199453213893,0,1
0.0006267308510948645,9.917667317597596,0,2
0.03698077644314778,500.5551597695236,0,3
0.38890479354448626,1138.7281699564846,0,3
0.0008641699978119668,38.23364575609883,0,2
0.000168047813456527,4.088455524477933,0,1
0.0008992759805607226,17.097801100644645,0,2
0.0014763409254317213,18.644033693475766,0,2
0.00021828535286324137,3.4542443637808766,0,1
0.1600698028570445,1396.7914266714133,0,3
8.115074161032294e-05,2.4525135233309165,0,1
0.00024027819860919552,3.6038087487101205,0,1
0.002283614013577703,84.2185203635769,0,3
0.00042914807472163217,31.474967176171965,0,2
0.0012441393106816922,55.04470393126405,0,3
0.0011591230716217285,36.527001131085875,0,2
0.0005617312266441385,34.42930842158051,0,2
0.1967371261080526,1214.837444247776,0,3
0.001037395170933141,32.908241728791495,0,2
0.0003007871085454974,21.646059059345298,0,2
0.00033602358281278725,21.00565310746993,0,2
0.018316716583147735,174.4572143218649,0,3
0.0017986640979401197,32.401585611462416,0,2
0.0021318132193271335,103.48644080129857,0,3
0.0001385562564886646,5.074944416591306,0,1
0.0016346912676852576,39.657500716675706,0,2
0.0020625613447499873,41.01116632092525,0,3
0.0004834798167401563,23.81207033445314,0,2
0.0013752471667744471,33.363404197534834,0,2
0.0011798176403324458,18.66995829519025,0,2
0.0017078453771454084,23.083693254916277,0,2
0.002387425127905507,53.172648104760064,0,3
0.00042902811218147426,15.822338007855725,0,2
0.0001542827828509265,3.3834225857433338,0,1
0.000462457429610533,9.195323382929052,0,2
0.0005313302435970318,18.42896809814266,0,2
0.00044394641996515593,28.923005938688657,0,2
0.008116439782279541,98.56516549487125,0,3
3.852564910354445e-05,2.8255830851887933,0,1
0.0008965546814590576,28.440500791993593,0,2
0.00038905024382113196,23.84544458393537,0,2
4.811473388264004e-05,3.528874434840864,0,1
0.007935934957320558,87.75877368748516,0,3
0.0003541945068660808,11.012030342393967,0,2
0.0008520338124773796,28.818925976165684,0,2
0.37784069757742716,1992.4523297466426,0,3
0.00033051893694243463,20.661544278368737,0,2
0.0019278135113885394,42.848531655199196,0,3
0.24082397979142312,570.0697945548135,0,3
0.0013884244450610135,33.68308408659017,0,2
0.0015400138656510318,35.28693481229985,0,2
0.00015318299627638417,4.003722083981168,0,1
0.000400138153935225,6.30345573991842,0,2
0.0016276633377896343,55.05357716906754,0,3
0.0006081390018416131,38.53564369335357,0,2
0.004195256301545054,141.89904090042126,0,3
0.0024417162374095556,38.98624468183311,0,3
0.027921584306761355,92.70045755812835,0,3
0.00030565834989890016,14.837835906758764,0,2
0.001498250616836949,26.989861911662477,0,2
0.0011988761629333766,29.16760278334638,0,2
0.0009335201927062404,18.561751864722588,0,2
0.0031858287044166356,72.99812834372072,0,3
0.002414936022093616,117.2303142806267,0,3
0.0018832423081995594,33.62441540510651,0,2
0.0026515419418187847,97.11887657770106,0,3
0.0011735906052825014,26.08480224027057,0,2
0.0029407779715320023,65.49690308892914,0,3
0.005739959011445646,109.13299101167716,0,3
0.0020541926762312496,32.79875731348063,0,2
0.0004480916127692032,7.090800677016709,0,2
0.0005225960075203904,9.33070862384945,0,2
0.004283962550909488,83.49878360294154,0,3
0.0007325396811791598,21.302080389249557,0,2
0.04796485332552911,158.74120032165888,0,3
0.0005121210678342229,12.459455234328392,0,2
0.0018594171030971423,36.241928932398146,0,2
0.00653690822761212,118.26658017521186,0,3
0.0016094688785596911,51.05555953472122,0,3
0.0015019598372835144,26.816794244012666,0,2
0.0050199428896011465,115.02389780882888,0,3
0.001798452256949105,23.795751907144147,0,2
0.000692647703225321,10.891273651163697,0,2
0.00015925525855361902,5.051894101598288,0,1
0.004586171580487589,50.71573746363924,0,3
0.0007064468983699335,20.54330844656564,0,2
0.07380120092985662,356.1219096615282,0,3
0.001254968944631808,16.96249470238791,0,2
9.759107789952614e-05,7.1576133146286995,0,1
0.0024047108905950396,111.97805555890058,0,3
0.0010087529449500127,12.739079144975411,0,2
0.0010164474638329384,15.139019322817171,0,2
0.0015287314022177168,27.538950414707937,0,2
0.00020703628433710715,10.196832202136408,0,2
0.003086219607893739,68.40784088967385,0,3
0.007368661705651663,110.51875565416539,0,3
0.0013924560203903836,20.335802095356424,0,2
0.0003392257440486538,7.555223787142946,0,2
0.002271737099050937,148.00314328955872,0,3
0.0021662951410956637,41.18744884596145,0,3
0.0013504165401519279,32.854446900368664,0,2
0.0630420017564703,333.8759546063325,0,3
0.09112893534174543,1669.9937288930882,0,3
0.0019335707494372377,26.12893015437943,0,2
0.0006487666898238849,14.380288550587412,0,2
0.0009939793358586225,39.598744476749054,0,2
0.0002137767762265947,15.86920617676433,0,2
0.0017597017187987061,129.0616388643227,0,3
0.0010952786309942218,35.54225409730909,0,2
0.12310233348969776,305.2972704797675,0,3
0.005810317671669941,70.10225034531292,0,3
0.16348746243588586,966.4394676167313,0,3
0.0038519741864724,142.0588438039728,0,3
0.35056906036748764,644.5383604975208,0,3
0.0025334387447176017,26.16742256343619,0,2
0.000924189723223132,50.643453331412644,0,2
0.0011992099570060594,15.144273560955774,0,2
0.0017302443949720274,26.31457658426326,0,2
0.001444026670802486,41.991953495460805,0,2
0.1771184771889016,806.6422519862497,0,3
0.0026154453373010444,160.30437673134463,0,3
0.007477504120670631,77.23376397136234,0,3
0.0002934442279103385,9.925366057589006,0,2
0.005096171203446083,56.35551925779708,0,3
0.0004325912873102475,13.722657528634478,0,2
0.000813890452983124,12.378125725164612,0,2
0.030514978506675377,137.8554094810138,0,3
0.0016555072689109424,36.79611912578101,0,2
0.002008855382785544,58.417038631397176,0,3
0.0004713374409147479,23.214041012088725,0,2
0.0014502265237021303,33.22960263303328,0,2
0.005275724022880783,70.07991380694347,0,3
0.001231627759474111,45.11122470874025,0,2
0.0017911821828569883,24.21009573000807,0,2
0.0005063651921726781,11.254721910458235,0,2
0.0006462063335322669,35.410608311647934,0,2
0.0007771332044664371,17.30828327499028,0,2
0.06694422329928668,324.87949977599993,0,3
0.0004290604820912714,8.157663433164394,0,2
0.001382541089061962,20.736020583858487,0,2
0.0011731918718966316,42.970874724514545,0,2
0.0020789168939677146,31.61739346048657,0,2
0.0006101575109889268,33.435216445398794,0,2
0.001463836384573237,35.61385197664887,0,2
0.000510175779913255,25.126884584631952,0,2
0.001561928111332243,23.4265539905708,0,2
0.00037167955995856745,10.808353552306583,0,2
0.0007329978488897816,11.703584982664424,0,2
8.50674996754731e-05,2.7604762873387734,0,1
0.0005630908155887856,10.705962323750438,0,2
0.0012065890587295485,26.744743678536764,0,2
0.0001901569922894196,1.9640965786145255,0,1
0.0013489335520816847,21.25001792009644,0,2
0.15731191939720826,831.5812927316541,0,3
0.0005163662063440496,22.845693166583153,0,2
0.0010969220994959032,33.15085271767904,0,2
0.0016526954352842351,73.12053412565719,0,3
0.00046656495116732864,11.24388299012692,0,2
0.003196448550883362,73.24146500343943,0,3
0.1350547702593136,711.9713543214351,0,3
0.1574892757889359,2363.140904907392,0,3
0.0009098703252686686,13.837844194500617,0,2
0.0014849231453074802,19.647373251294994,0,2
0.0038935087469872923,86.30187112583162,0,3
0.0005370872837291577,5.547475713037464,0,2
0.00012769276540788518,2.8303839287530757,0,1
0.0009084193059989667,13.624912544732902,0,2
0.0034203368854291904,78.37150522097554,0,3
0.001468571877035572,23.091996284284843,0,2
0.22688482197114007,863.2555156647044,0,3
0.19289175324205213,588.8923807314088,0,3
0.001482015478584377,33.957995281762315,0,2
0.47887880653792203,1272.4434177118128,0,3
0.0024882209037810107,77.35965284570426,0,3
0.0005961401004552611,10.643804193477981,0,2
0.0036399177621055123,115.46544358842968,0,3
0.0006613330614258191,21.460537115392505,0,2
0.003453746566504952,65.66557221879302,0,3
0.00016159298945769151,7.958685134914555,0,1
0.0004083097107045933,7.958371197681094,0,2
0.0018500156580810953,34.602735858774096,0,2
0.05496606430667328,302.3379227057598,0,3
0.0013664618304456667,20.494856078674122,0,2
0.0006236795096526575,14.290610423547594,0,2
0.2593149260478391,2009.5490285095327,0,3
0.0019484586208398558,21.546842314777223,0,2
0.0014905768288923078,38.95899357484236,0,2
0.0013611526274717298,21.442507439394678,0,2
0.001306967609323195,28.969692253221172,0,2
0.0010107290766488768,49.06469000590454,0,2
0.0002994284538790164,18.35239719605006,0,2
0.0004894957682478033,7.745998420809741,0,2
0.000716824115019445,31.714592444166183,0,2
0.0005833662897990584,9.314457005605139,0,2
0.0019249668017969498,26.012662390704136,0,2
0.0010698966691750906,21.273408598211752,0,2
0.0006448339831604,18.75161946843846,0,2
0.001300535004015977,15.691126645088804,0,2
0.006766899788137644,108.04531945025037,0,3
0.0014592117052076687,22.944815845621864,0,2
0.001148543990344488,27.863600314398916,0,2
0.0012851405844606688,38.83913566564688,0,2
0.0787873878972249,589.8364638253465,0,3
0.0014160418708907443,31.53803452196042,0,2
0.000989716747493497,33.47587063529101,0,2
0.001398476510322292,18.898038807934263,0,2
0.005811347398916406,91.37830748424138,0,3
0.0003254955791743065,11.922030906564952,0,2
0.0009856835754224937,31.985848263477376,0,2
0.0005428745374102911,13.082889663461776,0,2
0.0019316653178910793,21.361135188789806,0,2
0.0011239317357105802,22.34782081217567,0,2
0.002013910236605817,35.95743048538961,0,2
0.0014131355324092122,31.409045654997094,0,2
0.0026028938211065176,68.03146385137599,0,3
0.0019656183161469274,39.083588903742424,0,3
0.0007890528318419383,36.74312874303189,0,2
0.0004031378810869427,6.436797131367506,0,2
0.0007554477895811512,9.174076122066436,0,2
0.0014991025727317188,34.349518495128954,0,2
0.08407031556366128,316.2573558621913,0,3
0.00213775367522747,66.46350488171137,0,3
0.001666357584001824,22.522933186372683,0,2
0.00030325411055511664,14.721124850524141,0,2
0.0024615533309357766,88.56714916271726,0,3
0.0004512591381931328,8.164238075346267,0,2
0.09132324616171099,273.77505036892273,0,3
0.0007486215155402227,54.906077917951066,0,2
0.00010271809496042929,1.3590876792021618,0,1
0.000933575676160475,37.192347281598856,0,2
0.1508332998815504,681.155209208339,0,3
0.00016363149102020263,5.309910983000156,0,1
0.00048657994193086523,36.12009478426363,0,2
0.0003013629430937157,11.114111670738335,0,2
0.003065864560058459,103.6988468243685,0,3
0.03651473022304408,101.21550121671584,0,3
0.000914040714014991,36.41410175228534,0,2
0.00028896510376040583,12.784740781354522,0,2
0.030363777149231816,116.15562548106396,0,3
0.2554784419982213,663.7465991541081,0,3
0.0038427693598688086,46.666174834566704,0,3
0.0007667647213490341,16.815156093406806,0,2
0.024012735717877123,423.6634925534237,0,3
0.0012377740127506903,42.931675861825404,0,2
0.0042562520121554644,97.52515262851739,0,3
0.0019251551325686481,58.18146456142711,0,3
0.0005257932907604818,37.83856522257617,0,2
0.0012249410729963386,32.0161097820693,0,2
0.0006508675066175805,8.611783633426608,0,2
0.2635117262951592,1338.3923647106674,0,3
0.0030009657742323505,37.89782295129036,0,3
0.00026556182762936,12.891395974514413,0,2
0.0001225659766651993,9.098391267229543,0,1
0.0008678576602058938,16.232429843467788,0,2
0.002915451319626908,94.60762647807137,0,3
0.0009028337832881011,16.334184341935625,0,2
0.002691300161651679,130.64609616465327,0,3
0.00026415104102511496,9.675144845565741,0,2
0.0018869381377468045,35.29333477643336,0,2
0.0006554187018710117,15.017862841064403,0,2
0.23577191340862705,920.9132486382882,0,3
0.002306600166083991,29.128997559470292,0,2
0.0004264505145606141,31.277120273144693,0,2
0.001687955955289586,30.13766841317489,0,2
0.0010461072979151655,11.568276971055237,0,2
0.0025458237842690503,40.648502659605185,0,3
0.00272302930893617,30.112357794323803,0,2
0.005971886256429074,93.90263929198991,0,3
0.0008129270908995336,25.78766699978136,0,2
0.0014188123716216998,41.25872764857821,0,2
0.0015381283396805874,18.557721629791498,0,2
0.001446131148546458,32.142422454250486,0,2
0.14164698732131156,504.1572062219207,0,3
0.0010227795379589134,45.25103930930062,0,2
0.15185427163313617,454.39924741997925,0,3
0.001111881973510156,17.515697363788494,0,2
0.0028360732467009476,62.19510758359896,0,3
0.000948833917088585,29.900239595970877,0,2
0.0034933513076252274,69.46043658730832,0,3
0.003709606905029695,69.91085462726619,0,3
0.0021984113256376726,62.614882850887106,0,3
0.00011825447478036278,7.428301052363429,0,1
0.0008563757030170139,67.77478606443034,0,3
0.00125623507481019,32.13354233686809,0,2
0.0012338073406542424,27.558140186764497,0,2
0.000545924779654244,8.037220378170256,0,2
0.0016160014452406713,20.30131823866371,0,2
0.0003627526005906381,18.272356774958737,0,2
0.0006508086348161845,36.21218548786359,0,2
0.0009255355505047453,47.4319356322491,0,2
0.001719441391728031,38.40519127649234,0,2
0.0028375803896098723,143.10507900672636,0,3
0.00032562512605000503,11.105524589835644,0,2
0.0005299105676886261,27.15690815306681,0,2
0.004291831100533445,63.185247613634516,0,3
0.0002851108518363216,17.5566570128322,0,2
0.0006281431965160986,36.21109671616085,0,2
0.006739940978594607,86.27431887453842,0,3
0.00042655537750054093,21.512074590546263,0,2
0.0005325225165867418,6.924404459971029,0,2
0.0015405897007193248,77.69514183480064,0,3
0.003949743104567291,95.85023857838078,0,3
0.0011090198934705336,79.93800607156295,0,3
0.0013320720692601565,19.21908256668189,0,2
0.0012862323465633733,16.724913444390808,0,2
0.0013307252977249268,32.293324880225256,0,2
0.0006392724314535778,13.98309747671989,0,2
0.0016159515448664888,16.739891368615524,0,2
0.0007824069583090476,37.10516654194824,0,2
0.001245015419297425,78.20718299711675,0,3
0.007863131198973054,100.65166602601138,0,3
0.000634358314708688,24.974418810883478,0,2
0.0020406389425058893,94.3208263246839,0,3
0.0018558468209483306,146.874345938359,0,3
0.006326621189971979,79.47935351875014,0,3
0.0016188882287988902,46.10897679283025,0,3
0.002768718000263217,34.78253401443525,0,3
0.0015871970328507343,20.316846002624587,0,2
0.00045281115974851917,22.375046407885822,0,2
0.0014313947456156455,87.64550827460754,0,3
0.004215221367517349,53.95675623019923,0,3
0.0005729324288527321,29.05554746300445,0,2
0.0007652947932927661,14.124866388315125,0,2
0.00117179321582489,14.632409775295393,0,2
0.0005487296411643709,10.12777420241741,0,2
0.0007098833120430539,27.94780604391044,0,2
0.0016809343267440273,34.31159209724217,0,2
0.007557786376289615,111.26733378148502,0,3
0.007027698568306281,101.39535401642888,0,3
0.001646076742742575,38.53364403823801,0,2
0.0002606321636035077,20.626798573927317,0,2
0.0035171409610912836,166.7982368086908,0,3
0.0010295342924979795,29.323069966005296,0,2
0.00020769787977245358,9.59417459676646,0,2
0.0005927678742509808,7.402007726734686,0,2
0.0007918034560727982,37.550789642218895,0,2
0.00027429666711282585,9.354954940005628,0,2
0.0018108548876183857,36.963558458355536,0,2
0.0002037496168347932,14.686245218423645,0,2
0.0009352818139267674,10.596189488176762,0,2
0.0012064603080827988,12.497908468858874,0,2
0.007979225075029562,88.6199196952114,0,3
0.002119685769755649,104.74138379177379,0,3
0.0005778972932698755,29.10949640255355,0,2
0.007723817637168789,81.10564091407863,0,3
0.00043272467351985317,10.129818436165372,0,2
0.0017752733755277783,22.724308977806263,0,2
0.005508679005400945,122.7711312894341,0,3
0.0005129374805523788,11.431763351327117,0,2
0.0009988352949543608,46.13913355159744,0,2
0.006308874103632221,66.24771604639878,0,3
0.005771164530732644,110.84228498176043,0,3
0.0003492643698076559,14.609225084737277,0,2
0.0004222625004327673,19.517488928167342,0,2
0.0018181573003052624,20.193057901141827,0,2
0.003032585063593641,73.59314116367803,0,3
0.0009302987832061375,46.25440247684899,0,2
0.0010590805896688493,83.81713789510788,0,3
0.0008906195595264482,11.400336608067404,0,2
8.23805685394702e-05,4.378857046202582,0,1
0.0013242712053081773,32.9674185710537,0,2
0.002391378939977942,122.55361978423355,0,3
0.0006863331167237495,42.024755955825604,0,2
0.0018540234505582166,24.107916285348338,0,2
0.0018634681562746936,77.94618657565863,0,3
0.0011895716811980356,22.847181464231387,0,2
0.0020894788744181083,42.94378786836297,0,3
0.000583737869234472,11.001061395790835,0,2
0.0021529179688660194,40.573661576311046,0,3
0.0023257706967369975,129.4101451131875,0,3
0.00037073129327683463,10.330224823161434,0,2
0.000345196188422156,19.899813664039925,0,2
0.003714898553798269,155.3888510565565,0,3
0.004228266044247512,102.6092832835999,0,3
0.0021084592628888284,39.757629243819345,0,3
0.0005840977511830854,36.69082246447837,0,2
0.001380237505088434,39.31175603020739,0,2
0.0015301167201718568,18.34120997955895,0,2
0.0005994218827655555,23.598986247181053,0,2
0.004764240639025938,115.61602610747052,0,3
0.003976693111627116,50.903485752814056,0,3
0.0005088806222981159,31.159189964214896,0,2
0.0002598025101651079,10.867164465336218,0,2
0.0018411374152156937,34.69787863761124,0,2
0.0014845235982891645,75.87691563609998,0,3
0.0005121582431714221,17.46728218557004,0,2
0.0006246513773789628,38.465003750651874,0,2
0.0007341000027065996,13.842371180322225,0,2
0.00027225063929359086,16.670136405112146,0,2
0.0018073292759521636,96.06678704844782,0,3
0.004625596924977467,95.0670789462292,0,3
0.0037765305864408266,94.01583609953073,0,3
0.0005938864231698726,29.177278192663444,0,2
0.00031444694545561925,22.665293907717967,0,2
0.0011013025968407786,55.47415493065549,0,3
0.00031511504384517763,15.872786292698601,0,2
0.001068367859547028,49.38126840187883,0,2
0.0036246865979280922,79.28442324056213,0,3
0.0008542535591535883,39.46047887155989,0,2
0.0071597015728594345,75.18201647147609,0,3
0.00942869868278621,97.67334435160302,0,3
0.0019627644904400307,25.521878921831284,0,2
0.0004232077830726263,8.12822393955904,0,2
0.0026745669439595288,58.502022682820325,0,3
0.0014171152513177414,31.652478851283153,0,2
0.00024223757563217695,12.381238069450927,0,2
0.0009412364764864079,57.63270379532558,0,3
0.001672736453487875,37.2800351123082,0,2
0.0027928638750803897,35.74993153457959,0,3
0.0007787274913040555,47.682141485994265,0,2
0.0018101546079691674,57.91681445655743,0,3
0.0008771894673476772,10.51469865035799,0,2
0.0013152943629147072,16.52362967724645,0,2
0.002512515079842255,27.904825658499597,0,2
0.0021096561506341394,106.98855803661532,0,3
0.0001882062673405101,2.4452429763870094,0,1
0.00020403380182394803,10.428568185611878,0,2
0.0009160424483481284,45.26498928331626,0,2
0.0027166384116161023,106.95290638791494,0,3
0.005619589580065254,105.9643707417671,0,3
0.00035279296992897426,27.920535318475988,0,2
0.0017044927902518708,84.22518849794564,0,3
0.0009026084779301053,28.87941588693514,0,2
0.0029403315524150894,65.67481522200593,0,3
3.132881937876083e-05,2.47940713820615,0,1
8.604913570234358e-05,4.846582119458965,0,1
0.0003430911721977514,13.507354481068699,0,2
0.0002561318879290917,5.264122837620639,0,1
0.0009052993879710656,21.192501818590635,0,2
0.000664813795854918,15.562882030943994,0,2
0.0006871036113923494,43.16126293798456,0,2
0.0005793957862191473,6.084072513323311,0,2
0.0004892153826453802,28.20220872288232,0,2
0.005705603398510647,62.156035901597384,0,3
0.00029972788625514974,6.556084767283318,0,2
0.0020912802347659827,26.114223001820715,0,2
0.0004420571894952995,21.84365362238458,0,2
0.00037215233309916153,3.855183435696083,0,1
0.002533181060020651,155.1088141389167,0,3
0.0003076922273098508,16.3550737935484,0,2
0.0009627569536468369,19.65200148318711,0,2
0.0007077836119982285,7.860879504848067,0,2
0.00015284834422316156,12.096634448562083,0,2
0.0003494750934079313,14.61803934915476,0,2
0.0021465884602490863,54.90810800491987,0,3
0.002947721150777129,145.6576237714083,0,3
0.003380347020602918,156.24377130425674,0,3
0.004045276981628977,77.69450024169599,0,3
0.000531401918912656,11.780343517307443,0,2
0.001390425974752797,30.41342154380622,0,2
0.0016285695633033552,128.88730186420852,0,3
0.003648167536899921,67.33337201888834,0,3
0.0052287699350755884,115.91359348908209,0,3
0.0003033878053111222,18.57669135803229,0,2
0.0010772355414302964,49.76067101718793,0,2
0.0033513490795174157,83.43104300637165,0,3
0.0010286491156183753,25.607976539400315,0,2
0.0012558599059051,66.7539821041787,0,3
0.0010207964354352012,40.18832433988514,0,2
0.006932967220659425,102.0686136693798,0,3
0.0006199948289219012,30.826107556204697,0,2
0.0028466297596448907,178.8145681466476,0,3
0.0017421537559369142,38.62080465742077,0,2
0.0005185652638736373,25.78303536317726,0,2
0.000921438202806756,47.09651558171402,0,2
0.0006701784030110471,17.250380695057288,0,2
0.006053023821042116,119.08146249609284,0,3
0.0038486235034979857,45.82057120358732,0,3
0.0010260724767720256,11.177888340526927,0,2
0.0021772988637574027,156.93941183145313,0,3
0.009278600077833692,99.51254117608372,0,3
0.0074639029439389345,96.97369013264836,0,3
0.0022901532102899535,28.597588523825834,0,2
0.0012374535222246736,17.85392995236094,0,2
0.000814347379938839,22.69134457079381,0,2
0.009490354906690856,101.78360156764259,0,3
0.0008688989570739172,53.505367718911124,0,2
0.0004926332661592,28.399242315174565,0,2
0.0007588149942632205,15.59546284192401,0,2
0.004645946712014107,89.23109828542107,0,3
0.002510224065610745,126.44350347108363,0,3
0.007213089347588885,74.72150541539408,0,3
0.0016964463788771932,78.36383679424858,0,3
0.0001976096158389735,9.13375799481075,0,2
0.0022839527964213942,89.91825654292977,0,3
0.0004922988567246797,10.04890987894503,0,2
0.0045863645747173725,86.48162454358727,0,3
0.0005162544536232447,26.38677867396333,0,2
0.006505353371994746,70.8683989230361,0,3
0.00035122553117420145,14.69125763746269,0,2
0.0048266983505739535,51.766108499868366,0,3
0.00038437020050641695,19.110864461263613,0,2
0.0011362451876703976,44.733492934135825,0,2
0.0004665049937765814,11.932844631125377,0,2
0.0028479530285177713,29.905555325331846,0,2
0.0024606058367892245,25.838131194260825,0,2
0.001227811535779465,12.89290428762573,0,2
0.001785363663736696,100.5577980391307,0,3
0.0002305240829146898,14.480655306201271,0,2
0.0027286371910605375,134.05628299343792,0,3
0.00672451867370655,83.97037245691322,0,3
0.007818710047331427,82.10207947667311,0,3
0.003363847644882967,170.5933020756549,0,3
0.00048412180910014513,30.410710044503762,0,2
0.00085875450627291,33.80880205730735,0,2
0.0017760672620314925,23.09424989058874,0,2
0.0005939126370796385,29.347383629562195,0,2
0.0013427201212808577,17.187430019127365,0,2
0.00048240383334204073,29.705634103762023,0,2
0.0002563376102980264,14.263094548906224,0,2
0.0008897575782921155,18.286646093555657,0,2
4.1664838444391416e-05,1.9280584731535848,0,1
0.0027906029227639166,138.74861826406584,0,3
9.17857391832051e-05,3.130375090707192,0,1
0.0008759865431397755,24.949741723942786,0,2
0.005394911848222086,57.86017103162886,0,3
0.0021953705193774216,28.546461308532788,0,2
0.00278431446144697,54.77596783371711,0,3
0.0072864043150089415,78.1463370918569,0,3
0.0005949609512402925,29.969016763851204,0,2
0.0025587007366493697,29.99389242440372,0,2
0.0033981021976729,157.24865328853792,0,3
0.0008536696417095136,12.31671146576726,0,2
0.000429522115830917,21.3558151176779,0,2
0.007251045191484753,82.15005113134966,0,3
0.0019749653578475237,25.280457438758326,0,2
0.0006959526982960773,35.05611257109023,0,2
0.0006663115407474532,35.41712611233271,0,2
0.0007355907221966105,53.02128119011994,0,2
0.00040971169911032345,9.151260547900959,0,2
7.9560486745538e-05,4.586489985573972,0,1
0.002168729184355739,25.422523596257818,0,2
0.00037845398278259885,7.445345514841227,0,2
0.0033497912377089215,81.29092976980967,0,3
0.0028755127883312204,132.8283744480642,0,3
0.006141438994589748,88.60843631442296,0,3
0.001419714778940041,35.34346377178476,0,2
0.0008120498878633601,20.21578997297503,0,2
0.0003535256008010039,16.35955053589896,0,2
0.0017268789040468238,38.486700067624575,0,2
0.0001519023250681868,7.7847050835528915,0,1
0.0010969715128839568,24.448045256767163,0,2
0.0037110689374059425,155.2286637236931,0,3
0.0024839654262414457,32.29906856544803,0,2
0.0009758210807225054,11.05547539140189,0,2
0.0017414462091916352,25.125516293182375,0,2
0.001549859024974714,122.65803837921469,0,3
0.0019035104263929695,23.76950488736356,0,2
0.00239809950098355,30.696767478795827,0,2
0.002291541065384832,121.80458230286786,0,3
0.0018582501274996338,21.78299072788218,0,2
0.0019521692147195183,36.79037204536047,0,2
0.0006388343559697739,18.19520209602574,0,2
0.00048449899353523963,6.2999533112519925,0,2
0.000997438562637384,24.830997201758567,0,2
0.00018855889543137547,8.715422634303506,0,2
0.0006130939156560563,34.11366937608061,0,2
0.0010831503186538758,23.692240964057902,0,2
0.002117526310837486,133.015033489569,0,3
0.005073806527565265,113.07919134917252,0,3
0.0010391147936828977,28.954365683400162,0,2
0.003305554468440271,42.94694306005442,0,3
0.00021095647553513638,13.251491853742149,0,2
0.0008248036422799881,38.100100784623585,0,2
0.00021689159274997755,12.216077555028683,0,2
0.0008939692229520962,51.535392205366136,0,2
0.005194924868776203,99.77489633112691,0,3
0.002807292490961263,30.10807743158132,0,2
0.0030670917173099732,141.93099971793373,0,3
0.006721209303970261,98.9510687132213,0,3
0.0005961881032727447,14.841961879780666,0,2
0.0022889682562678287,131.9540693390478,0,3
0.0006395963748413768,29.54483357466083,0,2
0.0013108492645335958,37.33544863818186,0,2
0.000998724048623438,49.066704116342635,0,2
0.0003415962098416889,17.506155683155654,0,2
0.0006496699999955237,32.94719685872783,0,2
0.0021233662761440983,24.05648338265331,0,2
0.003066468093535149,154.4622945579727,0,3
0.0008311400485002521,32.72163252289915,0,2
0.0004921101529298893,27.717329738725777,0,2
0.004703563940529113,88.69156476655834,0,3
0.0005129126082870403,9.851115003867827,0,2
0.0034873870584443568,89.2047212616632,0,3
0.0005499502584181924,43.52384237322374,0,2
0.0006951874334902478,35.62703299692304,0,2
0.0004305416818432874,9.417434584683459,0,2
0.0013050006245401498,31.66905236506838,0,2
0.00038170578887480086,19.509732262688313,0,2
0.0010846835717055875,21.33903812094188,0,2
0.0005224216714276355,14.879550234175467,0,2
0.0022799291323129826,24.452130682931575,0,2
0.0016274608313562855,33.4482121650056,0,2
0.000665793473187474,16.57571660055089,0,2
0.0006254798606176282,11.787726497013217,0,2
0.004634289311061053,59.32101706070364,0,3
0.0017844286715360637,84.62542713407186,0,3
0.0019281314223044085,37.93223295347132,0,3
0.0007192564189292856,36.4761845652871,0,2
0.0004903078779829386,5.747542702596716,0,2
0.0003599707226725192,6.783969705444839,0,2
0.0008571044722491708,47.69086405918802,0,2
0.0006552843451907535,25.798267788962082,0,2
0.005728149420939403,112.69019098691989,0,3
0.0008102703550259434,41.414508628619785,0,2
0.0019732123415247085,50.79045211029507,0,3
0.004198345318668408,52.42555448463145,0,3
0.0014574666297212091,18.65623766749746,0,2
0.001259111463556568,42.94230451284057,0,2
0.0007365786168752142,9.428542278082308,0,2
0.0026369441886294857,28.281100052680785,0,2
0.0009459431111369599,26.35818768249682,0,2
0.004212039647880674,50.14729614955445,0,3
0.0040697382239319796,83.07236972939344,0,3
0.002806236972301712,55.20725056633977,0,3
0.0013490156724491362,43.16244041047984,0,2
0.0007474974301417874,35.449603739507815,0,2
0.00314374080623183,89.5396416494818,0,3
0.0016318041812592692,86.7369255130409,0,3
0.001422097907668256,35.40279119805277,0,2
0.00021690609522053453,2.7764969581068137,0,1
0.003194432848993485,102.20749862723281,0,3
0.00047644412894088696,16.249243582091697,0,2
0.007005944383859362,72.57565877698232,0,3
0.001243759561073836,27.719489230607444,0,2
0.00016501550582342928,13.059560850565708,0,2
0.00275042261267618,66.7457747597655,0,3
0.0008802384929257846,16.58888041016459,0,2
0.0009631052119317812,17.775806859856914,0,2
0.0003712672398395936,21.40275339116732,0,2
0.0011157366388728112,14.281937908333193,0,2
0.0012494008268208,39.9752129184328,0,2
0.0006370257693112716,32.55963772604035,0,2
0.0008104385429947039,46.72002916795674,0,2
0.0003555479647365035,25.62784989807185,0,2
0.0009805033137692248,52.117676782799286,0,2
0.0018269121424882829,21.89883868194059,0,2
0.003895607277526076,86.82083527689927,0,3
0.0008713581934933772,16.735501594185827,0,2
0.004705702507461114,67.89368767064373,0,3
0.0016453528262382088,103.35487222242547,0,3
0.002602241082179983,31.192555101506986,0,2
0.000344524982327981,17.609348243945565,0,2
0.0021525766991058546,25.233179098860198,0,2
0.0009035096917773386,41.761322370997085,0,2
0.00019910256963747526,9.781787959017047,0,2
0.0053276877817009585,136.27822079141484,0,3
0.00038106224818725644,23.33276304732559,0,2
0.003325932271090582,167.53186873854298,0,3
0.0012745688158181726,16.559652815187953,0,2
0.0009067447309774165,23.339593953372898,0,2
0.0010267569875208014,13.350948443017378,0,2
0.0010239797540930315,26.19262703297456,0,2
0.0007364677485540988,34.92652790554496,0,2
0.003661046549146105,85.70284778896102,0,3
0.0006026757009978436,47.69660857665404,0,2
0.0022889548098104463,51.013604385969536,0,3
0.0009228889704303991,9.897939980224969,0,2
0.0007967141624352456,9.550056903679895,0,2
0.0011866891485540743,46.71945035973889,0,2
0.002125560370886169,22.31991280486547,0,2
0.0028310495859160552,131.00804769298628,0,3
0.001303612569801134,15.626149011710423,0,2
0.001307950570598184,44.60797420723937,0,2
0.0027913048237757842,109.8924914853977,0,3
0.0012016871346250838,73.58031739593457,0,3
0.0005008109412439261,28.207387944700994,0,2
0.0003701820336557359,18.669049647773342,0,2
0.001342711331237934,19.37258541320057,0,2
0.005809961524722691,69.1716806000112,0,3
0.000983996750067731,20.22348644699033,0,2
0.001584204620312705,39.43839948395775,0,2
0.0045051722222926825,125.53416117638882,0,3
0.0003761896932427452,4.262006609925739,0,1
0.0006446928284139756,29.79849057811869,0,2
0.0012392728606596033,25.296303499553613,0,2
0.003655122133122839,88.70053550769494,0,3
0.00460778309877136,94.70096221584015,0,3
0.0022730997092930646,105.00114642821286,0,3
0.0021277097006343836,22.342482313229542,0,2
0.0007459516513529544,10.982058402223162,0,2
0.001151031401287165,14.460045719046777,0,2
0.0006392043159815161,32.67098752344198,0,2
0.0034539660058388196,98.37543789209366,0,3
0.0060406862421456915,65.80638097542881,0,3
0.0005640452524804309,5.922880867464082,0,2
0.004341139513357633,111.7408572393827,0,3
0.002998457240863032,151.0364926131468,0,3
0.0012662990736568335,29.643282407929554,0,2
0.0003173873882017106,15.683265280464795,0,2
0.00022805552275692137,8.978449569281443,0,2
0.0008476154078610913,39.17782024526927,0,2
0.00015748764279517298,3.2146715513931094,0,1
0.0001732145535695587,2.0622411566415533,0,1
0.0009881007839508504,45.671226052299644,0,2
0.0020430378430574517,104.70180147407882,0,3
0.000251433077941129,15.395459554884084,0,2
0.0019064838834294902,97.70367091078502,0,3
0.0020786297852429794,98.57773316227289,0,3
0.0010072614127065408,34.35289691216046,0,2
0.0007607566927408704,18.93885800717251,0,2
0.000679129570224798,32.20730022802184,0,2
0.0006574074627223037,33.33959254830569,0,2
0.0009143127934463234,18.791314488893214,0,2
0.001501274761118353,17.995487055125622,0,2
0.0037062502921264093,41.989622594176645,0,3
0.007398979046450667,94.71030675592328,0,3
0.002274744179462409,116.26664095989567,0,3
0.002303565097721247,144.7012899205057,0,3
0.002134853095542734,41.999079525804994,0,3
0.0038326724832927726,49.795448382213316,0,3
0.0005602536085503165,26.56968120006887,0,2
0.00021136939374094096,10.832279184824706,0,2
0.00038886383617694423,9.103063212970396,0,2
0.006135344124960387,77.07639987041377,0,3
0.0033665022049185643,81.69646252257719,0,3
0.0013859899091241737,17.307125541303684,0,2
0.0014113586482306852,16.54438866606853,0,2
0.0007934241064037988,48.582027631502825,0,2
0.0002651058394592158,6.205964633920634,0,1
0.0006803969283987989,12.822687677670825,0,2
0.0006481480125298109,14.368420522990728,0,2
0.0008520561599574689,45.29019629188969,0,2
0.0009783809725182845,45.19428837106276,0,2
0.0006247618220250583,15.554185076571295,0,2
0.000659606860075739,13.464036736818851,0,2
0.006235167739924519,117.50730376619072,0,3
0.0024613349991336577,28.852540716078018,0,2
0.0017569849619697893,36.11024280671259,0,2
0.004637464972439136,49.73658958801038,0,3
0.0014685824369422857,37.801286949128674,0,2
0.004178128657502779,93.11734836092266,0,3
0.0006241095269082821,34.72659817970729,0,2
0.001209454737296802,30.110807290807614,0,2
0.00036384288263316417,18.451834130934873,0,2
0.0014825117949867344,21.82585303618489,0,2
0.0023672850643170645,116.30327313133311,0,3
0.0011560546133983752,25.76482176219262,0,2
0.005540789584214977,64.95087305631021,0,3
0.0012974161706793583,93.51758461658842,0,3
0.005617966355314001,105.87559254181559,0,3
0.00107720542428922,12.204100008678411,0,2
0.0009254959756385819,53.35284131093415,0,2
0.0009746543459486034,10.45312115190377,0,2
0.008999555842185406,98.03988762543896,0,3
0.00014105038427063169,11.162927187879161,0,2
0.0011906194866752723,12.76933693649215,0,2
0.007805148826067231,101.40727838816336,0,3
0.00042588527406291487,21.04454045895245,0,2
0.0004961021648827392,9.759844515454674,0,2
0.0002641603873036886,13.501756014482195,0,2
0.005147482149259919,105.0715099472992,0,3
0.000487043552578379,24.699801138554303,0,2
0.0008100614787498607,49.88225264004897,0,2
0.0004039967998264205,22.4791225395306,0,2
0.00331432853750226,67.65278514794944,0,3
0.0029226194891973038,75.22817594379613,0,3
0.0018172197564312032,111.90140177098888,0,3
0.0026502368342665866,110.85558615951736,0,3
0.00010761784042196433,4.2368689050055455,0,1
0.005206684696362497,58.98865649510747,0,3
0.004138865394833775,92.24229371147554,0,3
0.0008970550849772827,49.91378938787977,0,2
0.0008268169638217812,40.62101376064134,0,2
0.004739013932693514,89.36001858493447,0,3
0.002794425772250406,34.8945380755,0,3
0.0013958089331286597,35.928098198703424,0,2
0.004148821600318331,53.9029705111074,0,3
0.0006046174417052742,27.978934396977596,0,2
0.0020680150173733496,26.868388963615562,0,2
0.004479619217108024,108.70898671956613,0,3
0.0004117947463935805,11.47443549650909,0,2
0.0011149218800954317,27.757299914250567,0,2
0.003717390957892047,105.87827520031624,0,3
0.004628348336870355,60.18253664003378,0,3
0.001303380739811541,28.509441417054965,0,2
0.0006750860368379471,38.023158379568706,0,2
0.0023972030289010097,31.145317062096364,0,2
0.0010618884832857805,23.227171141149956,0,2
0.0011731571057533,16.926263825714038,0,2
0.0026785008413199012,29.17920907348672,0,2
0.0009391278463806706,9.86151789944159,0,2
0.0002482775504941363,13.814618045910565,0,2
0.005225079916211745,66.88340628914469,0,3
0.00030400008905258954,6.247928847748449,0,1
0.0008226887864222451,38.02568133297966,0,2
0.0007962411864313695,40.10778424110877,0,2
0.00013866428198132125,6.576067891134833,0,1
0.0039502967675720405,81.18804572787859,0,3
0.002481357081471032,32.23867653885094,0,2
0.00046299431092153466,19.366384566884236,0,2
0.002444637199072326,59.325139019221744,0,3
0.002010845059153854,22.333112048611678,0,2
0.000889063294848412,18.14775070990277,0,2
0.005234396382869033,116.65823419954008,0,3
0.0023482991881433666,26.604840169005048,0,2
0.004352638461795373,148.44779963543036,0,3
0.005780528088338566,62.97225486838988,0,3
0.0017032945870804606,25.07626412191884,0,2
0.0018386267030378698,35.31307830645512,0,2
0.0008232387347365025,18.34740246904738,0,2
0.0011269441031503103,28.055007015040456,0,2
0.0003689070652311555,21.266694429632444,0,2
0.0005918587689190722,23.301229650732555,0,2
0.0009254798794933071,52.12619742500374,0,2
0.0011980390167224543,30.83750391409401,0,2
0.0023769192701497003,133.87623640932443,0,3
0.0005693070118778451,10.93423861278612,0,2
0.0012156225022487777,38.894458297651525,0,2
0.004986927356441394,52.36632432771823,0,3
0.0026070494512570475,27.006827491388304,0,2
0.0004988486035724629,27.756850779999095,0,2
0.000617109820600736,7.7525567152908055,0,2
0.0014646618569577378,15.708428224829301,0,2
0.0008620330442112424,44.17755303251289,0,2
0.0008155033439061634,37.73777100328624,0,2
0.0004912599408322208,26.11243272009674,0,2
0.00043269477654392515,9.46453020713533,0,2
0.0015939426837565942,35.60207050262763,0,2
0.0017748907505990765,21.275268427795734,0,2
0.002512057536632814,133.5259156348333,0,3
0.002655165662490436,28.924998937977996,0,2
0.005534051163524048,112.96223959915645,0,3
0.0025667004733701745,32.05088798057138,0,2
0.0002986651844668619,9.55594400458824,0,2
0.006762896649157745,87.8659662351465,0,3
0.002070298872852386,22.553542908650062,0,2
0.0005188034105964245,29.220785459237064,0,2
0.000674280970875252,31.97735839986005,0,2
0.00020554042322881778,10.098075784213734,0,2
0.0028851107027509796,32.68659696521152,0,3
0.0023929712222496265,45.12245710404613,0,3
0.001696666772124683,106.57822118184018,0,3
0.002438626310500332,83.16994694237047,0,3
0.0019223339952372522,24.00455845231285,0,2
0.0036631015961988726,80.12469201950346,0,3
0.0004894819465202666,9.224724366199581,0,2
0.0007556502841020005,46.269104613407016,0,2
0.0013310758371335445,95.94376888724325,0,3
0.0009470781965684169,50.34099797892846,0,2
0.0003575306246542386,22.45872826634263,0,2
0.0008623649890274432,16.96535271211524,0,2
0.00280632422199329,142.3192029677624,0,3
0.0020016087242828444,26.026971528599063,0,2
0.0021012106031728325,129.389090713425,0,3
0.0012632481388350292,49.733545458173865,0,3
0.00025958006515394764,8.853041629703993,0,2
0.0004174506137747781,25.56085338157427,0,2
0.005189748795545233,105.93426579896251,0,3
0.000883050722639246,19.72369170182758,0,2
0.0002806996638525472,13.790603491318135,0,2
0.0005689756615002875,16.205495293067006,0,2
0.0013770082282120988,17.298921569979743,0,2
0.001507405435578874,119.2982011852897,0,3
0.001337274079651137,84.00252482302221,0,3
0.0011654573116523506,59.72746931036978,0,3
0.00030289839346592706,3.8052173145278076,0,1
0.00107240113632581,44.85699354428785,0,2
0.00262259975757411,129.5921931730233,0,3
0.00032511686444890587,18.742284065019817,0,2
0.0010683749637473235,15.72884278232477,0,2
0.0003041828959201458,15.322118683761929,0,2
0.007698198247934055,92.27679736338868,0,3
0.00041220764379343555,20.788488547577774,0,2
0.0012767243144582057,18.796206107309953,0,2
0.0017136684596153289,35.21998509169864,0,2
0.0007655307245550394,37.6100581591923,0,2
0.0055055844856061855,103.81466248930596,0,3
0.0005917392140449305,29.842638921296036,0,2
0.0017033857390765209,87.06338933823358,0,3
0.0007025101964651653,55.59765194851817,0,2
0.00012689945889400288,3.614334888028378,0,1
3.896437812024879e-05,1.9650546041843722,0,1
0.0006499718193730477,22.167447918742944,0,2
0.002263392823398914,163.14505296473448,0,3
0.00034115868246141885,4.922223832985323,0,1
0.0005593698539426228,31.50562652553002,0,2
0.0074480603530321385,107.46031704279962,0,3
0.001365863883062368,16.011084761947675,0,2
0.005425404862415417,56.97065353628118,0,3
0.0008545740147525352,49.2643436575514,0,2
0.0009522311059078077,30.467117028472284,0,2
0.005730439867724849,60.17374050298998,0,3
0.0022538988588764897,23.348486019459337,0,2
0.0005164165907543027,32.439346685890825,0,2
0.0009438022440161168,13.617141048862283,0,2
0.0006318125872111836,36.422629153487335,0,2
0.0025625014968544604,118.58086837593527,0,3
0.000527941811565826,26.087525186016137,0,2
0.0002097884191451161,2.725645993041343,0,1
0.0007234328277450344,18.010716558737272,0,2
0.00017129454422236732,5.480655791207645,0,1
0.00032027159544944085,15.825784451268282,0,2
0.004168234445617801,52.36421924192304,0,3
0.0004159168487798206,22.10764572523311,0,2
0.004990677922629999,58.50229164831148,0,3
0.0012883783315869655,23.77929648909094,0,2
0.00044274822270016644,27.26370686672547,0,2
0.0024309872027360215,27.541646442770038,0,2
0.00019443374800673274,8.997506034056237,0,2
0.0003703674638867799,6.835785357262462,0,2
0.0025752910183133968,157.68724242314434,0,3
0.004342200189758713,88.63392182855718,0,3
0.0040584692559466114,47.57464932378827,0,3
0.0030780438157630586,58.04035533305491,0,3
0.0009992968710213822,50.396618965339854,0,2
0.002260995997080364,50.39049037532992,0,3
0.0007811360753191049,40.03173732695372,0,2
0.0009508513179209299,45.09353621335131,0,2
0.0015308385679161658,19.595431944180067,0,2
0.0014017233422361122,17.609409779370935,0,2
0.005408124374453995,106.39432107172408,0,3
0.0012506493647536547,24.604092074931632,0,2
0.0015684661218506213,72.58145018669843,0,3
0.008919247980996855,95.658507158752,0,3
0.006847182073643138,73.43569960207181,0,3
0.0008672370050714632,27.74768767897423,0,2
0.0008876904593855585,11.36284279018782,0,2
0.0012987386498501908,28.790990190146527,0,2
0.0016071913804804145,80.95648180594875,0,3
0.00028016490873553263,13.843967181153687,0,2
0.0026409664897546754,103.97373479833848,0,3
0.0003812103534359904,9.490141622779577,0,2
0.00032446881691766325,6.623127100936972,0,2
0.00033600455086350107,24.219163231550258,0,2
0.0009277611893992666,26.42438087466851,0,2
0.0006087337452049624,43.87744720059203,0,2
0.0021624042129784935,124.65792597912998,0,3
0.005489012675365684,128.49441041340043,0,3
0.001642544364479791,81.66721218197458,0,3
0.000867936694354441,27.770074592335696,0,2
0.0002770740180114409,8.865123686813172,0,2
0.0007635412001150332,19.530805954885977,0,2
0.0009930781293260131,48.78932354058366,0,2
0.000675648588073884,34.03336608940015,0,2
0.00012600777271240554,5.975840759620327,0,1
0.0010149220238037258,46.882226766803754,0,2
0.0013692495911180613,14.37810560474055,0,2
0.0006911982596145263,15.404635520596456,0,2
0.0011686796181022458,24.019161055092667,0,2
0.0025206370693334084,36.367650875724934,0,3
0.0024641638641401528,124.96697080756145,0,3
0.0017965783054974232,35.34418142609469,0,2
0.001635887834904207,30.193197832789235,0,2
0.004598664571568694,101.9451500754836,0,3
0.0004977903676483058,12.81311559680961,0,2
0.0007930352162616161,49.815487679927195,0,2
0.00026971585933775353,16.514929689233014,0,2
0.0014979853190973827,16.318840054355555,0,2
0.0005289640378680122,29.793066796580266,0,2
0.0008413969659007597,26.92092252443374,0,2
0.0016411579304598171,36.656663342795156,0,2
0.008631249944626064,95.86152411664183,0,3
0.0004701705793953243,9.597222734801708,0,2
0.0001799802398714337,2.6497072590821205,0,1
0.0011855492156030698,13.167102731598991,0,2
0.002884395580188093,113.55743523115845,0,3
0.0020296810014561227,21.768231472141856,0,2
6.60315412590065e-05,3.2628586293567596,0,1
0.00024246531281523696,12.425885860606385,0,2
0.000786984102378293,39.12880471458317,0,2
0.0022846699907700125,180.81201896171186,0,3
0.0071787966290301816,93.34608368092277,0,3
0.00013958895183510288,1.7430743886986515,0,1
0.001802410526714804,95.80533583321136,0,3
0.000781622911159381,9.162428875704961,0,2
0.0008059215209680441,22.9541583205707,0,2
0.0069701156357283986,87.03718948515619,0,3
0.0026110501681394054,28.00338792384474,0,2
0.0003710397651321705,18.689792864759642,0,2
0.0010761604355772165,66.26818844852656,0,3
0.0007912302428020454,40.44133111188678,0,2
0.0023952967629383547,147.49843241672974,0,3
0.005663061733955847,64.15913826475573,0,3
0.0005258621559347219,24.305991641879885,0,2
0.0005485990790536138,17.55270568199312,0,2
0.0007806038826960699,8.503788218166088,0,2
0.0006375055880681715,26.665939712071857,0,2
0.0003595438293556616,10.018492256737844,0,2
0.0021099246974426327,27.41289448024978,0,2
0.0005656663749110627,26.129789915825963,0,2
0.001044764649574159,13.12504991748454,0,2
0.0013059905138403647,29.170412978668814,0,2
0.0047515748275146034,97.65622612014484,0,3
0.0043280325676667945,147.60860959621377,0,3
0.003671254922715835,85.94181953501091,0,3
0.0004581060232209935,24.35016926021802,0,2
0.0028386719999618187,163.64330125072163,0,3
0.0015482076306641765,33.864651670577786,0,2
0.0023471819374429937,56.96014721327659,0,3
0.0007987295463653677,19.88418322058665,0,2
0.00740807108905247,96.3273455883283,0,3
0.0019314231796356287,36.39939448898503,0,2
0.0036169269183342814,74.33649807039805,0,3
0.004362419629412528,102.12156018019458,0,3
0.0015703337472570674,40.42036394603685,0,2
0.0007921301107799861,48.7780685124006,0,2
0.0028659361063752436,41.34961157908886,0,3
0.0006175420331772978,30.514998037672356,0,2
0.0017055914712923279,22.177851307403635,0,2
0.00043234977499999626,14.745394853021947,0,2
0.007013092334042398,73.64251400821756,0,3
0.0008908560979968295,19.898031423457493,0,2
0.0033311646431654312,170.26236490326824,0,3
0.0013688458761691683,32.04383997773404,0,2
0.0025271438879307653,31.747714369237837,0,2
0.0007840081579829278,39.75998756305523,0,2
0.0019786097326637965,24.856652183836864,0,2
0.0003019892647178133,5.691257355612736,0,1
0.0024327871112594175,122.5428955769712,0,3
0.0002757554504521078,21.82367691499174,0,2
0.00015196950390021624,3.9116924456822737,0,1
0.00022711128850119055,13.906215861527826,0,2
0.0006960891394717745,16.295018587407085,0,2
0.0003049987113493994,16.211902636179772,0,2
0.001394491091730607,14.955850130564409,0,2
0.00021919221026614385,10.143214615291274,0,2
0.0011276712369967744,14.434706208153079,0,2
0.0008441547701909963,28.790104964269613,0,2
0.002588332576401203,28.746879917323852,0,2
0.0009481515537040299,10.16887997517498,0,2
0.0009264218460584589,20.264047596332052,0,2
0.002063984418443833,103.96578717934834,0,3
0.002590854125064711,186.7484199330637,0,3
0.004437092763579179,97.05455385476229,0,3
0.0004898523522593794,24.205386459341764,0,2
0.001663013170460201,20.7663688808412,0,2
0.0004811233604511387,13.703296785343372,0,2
0.00035765034175714666,18.037050369161847,0,2
0.0007523878279404394,54.23201433281677,0,2
0.0009296347595148385,42.96885493614719,0,2
0.0015327875903252588,18.37322517791989,0,2
0.006021014626451749,75.64011431502244,0,3
0.0011471752961357941,70.64116668352133,0,3
0.0023561910328841348,51.53804116294773,0,3
0.0007603224988447878,36.057824698029485,0,2
0.00045429865600390653,22.91122580989748,0,2
0.0023125467783567865,30.070107323503255,0,2
0.00084549646486254,16.633497330888357,0,2
0.0002807705108885612,6.572664956670257,0,1
0.004616861937897195,87.00888585711361,0,3
0.0037156302592680876,42.09589207118999,0,3
0.0026942788072285475,164.97296515608244,0,3
0.0027216952357454866,167.59751317664708,0,3
0.005749977482240942,127.46794384217198,0,3
0.0006051799328233006,37.055678017790875,0,2
0.0012230496704411149,27.317858439324777,0,2
0.0006903007268064315,34.813300941093914,0,2
0.004330258445191285,138.54881445759708,0,3
0.0035754197614341066,65.99068340071464,0,3
0.0012927391929452488,36.81963979126528,0,2
0.002157878957561929,114.69990612707544,0,3
0.001186414370916575,30.538285728763572,0,2
0.0076274263223308015,110.0482020778177,0,3
0.0010168377212703358,50.55711354494848,0,2
0.0005659299647816434,30.08144345051416,0,2
0.00242641340030949,112.15179332088857,0,3
0.004615392847023183,67.94879226191135,0,3
0.0014766467625182808,27.254122732976345,0,2
0.0007782423512438338,47.65243595068142,0,2
0.0003912559675099758,16.3656730809608,0,2
0.0009558896889528992,17.642631645688777,0,2
0.0022238522450194827,45.70548198880214,0,3
0.006108762053535871,117.32625899297115,0,3
0.005592248125552443,130.91108880167283,0,3
0.003152672760274208,158.99584240622107,0,3
9.573514377167222e-05,4.424995368248726,0,1
0.0027016162297214237,134.32420495796003,0,3
0.0014195276137560554,31.468691262100343,0,2
0.0010540288186429248,13.492049662060149,0,2
0.001518179916715909,39.0779252349439,0,2
0.0019825616152824846,23.240208970824888,0,2
0.0010678695279482233,36.4199515105723,0,2
0.0006029425507172073,27.901428089939802,0,2
0.0025550129545267577,28.376821147578323,0,2
0.000884268948469051,54.451826492670676,0,2
0.00538352703298328,134.02163270901912,0,3
0.0034772512159632583,160.62443833957042,0,3
0.0005826941635823727,22.940423011001982,0,2
0.009212786073445237,102.32025720804145,0,3
0.0005934452011611349,6.723382951231994,0,2
0.004794226778400868,106.84823796508964,0,3
0.0016706044424983327,19.58334916401459,0,2
0.004636294934743045,58.244316052889076,0,3
0.0015908608891385169,32.69599582348747,0,2
0.008943058205873438,92.64251972474572,0,3
0.0009682316107474323,47.56862921856668,0,2
0.0014795246467286087,85.29139593293404,0,3
0.0007233476300467981,13.632132003154771,0,2
0.0026371708896190302,73.48332520319103,0,3
0.002583987164110714,119.57512694866602,0,3
0.006501964160313267,81.68213214391461,0,3
0.001379375551552375,34.341187093347585,0,2
0.005920134070792884,76.97966092809776,0,3
0.004001352798080524,41.45063097972276,0,3
0.0016082012450154277,81.10493259304269,0,3
0.0025666244751329165,60.083100220357196,0,3
0.007503730045189703,97.49113804221822,0,3
0.0009333247737997452,23.873741256168497,0,2
0.0007197141242795071,7.557515993606653,0,2
0.0008816083938564098,24.565535954695832,0,2
0.0005273956011729805,24.376869355219306,0,2
0.0036412536951366077,124.18584812450737,0,3
0.0026843084784404308,30.41162659076505,0,2
0.0007452207052014379,58.9778221029327,0,2
0.004813126594498587,123.88979668035739,0,3
0.0006835008263087657,33.77426191744152,0,2
0.002063028796576037,51.358614148098034,0,3
0.00044562690795464297,8.398237003973279,0,2
0.0008925340251882622,19.935509359632004,0,2
0.0016096188543471973,30.334704623015273,0,2
0.0009950684392837001,52.89187151850724,0,3
0.000982872653533251,48.86837231296468,0,2
0.0004969244189321323,24.554842996787514,0,2
0.0029805252006967604,141.34956595138468,0,3
0.007833030714822994,82.25245678615691,0,3
0.00012538937727475506,2.5594748693794496,0,1
0.0020177040878448767,29.11135392318533,0,2
0.0007314538266292434,8.286939009617406,0,2
0.0015472402751163469,94.73882781174407,0,3
0.00035325251722979797,16.75278235191345,0,2
0.0023562819036290357,30.613655202100432,0,2
0.0003622064683215913,10.316320388866062,0,2
0.00012011339201898018,5.696303397422174,0,1
0.003578706429055117,165.31095237246205,0,3
0.0006774901416421421,34.72008046836085,0,2
0.0014300243650397588,39.846847194602475,0,2
0.0007222108993236179,28.433137946297354,0,2
0.0007321575081238871,7.584532586787884,0,2
0.002045794619330918,23.981446073677404,0,2
0.0023748662172473176,28.46705704843332,0,2
0.003243041398284813,61.118011031921114,0,3
0.00818544061089078,102.8311176668701,0,3
0.0005117122688129706,5.9984516841631095,0,2
0.0010684202153769416,25.92784640282676,0,2
0.003145563689042732,80.4611382073072,0,3
0.000997107492721351,50.22570153962752,0,2
0.0011435695317883483,22.497504774049222,0,2
0.0005855962500698427,23.05467692977778,0,2
0.0009460750024695179,21.131392792187057,0,2
0.004587262812089898,67.53465592219872,0,3
0.002646688629218822,133.31741475201127,0,3
0.001644563814143011,33.799719363140795,0,2
0.00042458331359427774,26.670725831273696,0,2
0.007319393842310518,107.75766834128659,0,3
0.0027069207206241144,28.041409379292972,0,2
0.0014382295191838397,68.20714625314369,0,3
0.0006983981841378503,9.081290181073632,0,2
0.00030576816854687285,16.252802366912917,0,2
0.00033843925083108675,4.332176785908514,0,1
0.0023099936158420546,166.50403187141754,0,3
0.0006122314367393544,32.54255206297091,0,2
0.0020541116068216077,114.29453535140429,0,3
0.001175548764989471,22.16643820400213,0,2
0.003137660557900535,166.77922095150237,0,3
0.002253515374473583,26.416413905133805,0,2
0.00048791815744756475,22.55217365045395,0,2
0.0025464086479432347,27.740215414028373,0,2
0.007889680697025602,81.73041959137662,0,3
0.00043509910387800997,6.4056212770315,0,2
0.0014719937535476774,92.46510771672182,0,3
0.0005682079418926403,28.251266484802617,0,2
0.001570709811933553,32.06166565388187,0,2
0.0009191671862375155,22.30585426996695,0,2
0.003619003874948957,142.47865339747483,0,3
0.006218620291303499,65.29998609759289,0,3
0.0006052681004959067,15.482299867626004,0,2
0.0035821005114828742,51.682402987835104,0,3
0.0002187581975313883,11.181160958251908,0,2
0.000844523150642415,43.280204309137304,0,2
0.0003937040264791656,8.036371051902522,0,2
0.0021014675069547005,87.90135631146754,0,3
0.0014642081755710185,71.9356557144057,0,3
0.0015459627968612089,75.95221045594663,0,3
0.0014751688852914428,30.111463762362153,0,2
0.0007248101588242759,14.794980459282973,0,2
0.0025275599990682183,32.35392090623462,0,2
0.0006860653487365889,42.00836029599365,0,2
0.00418059961170202,116.49012281316851,0,3
0.0016023900042662074,85.17344423987382,0,3
0.0008528470857579996,42.14227655798809,0,2
0.004595654904552125,49.28817861358756,0,3
0.0007354560594660473,10.611130626659747,0,2
0.001149245063932735,32.732657535884805,0,2
0.0016324675139118814,20.896328809829754,0,2
0.002148901007795149,68.75517726831698,0,3
0.0016498772327235255,36.5751794849321,0,2
0.0012304340651195212,26.913845529239552,0,2
0.0022568078616523445,24.20415616313771,0,2
0.00019070503618009044,9.671366030476312,0,2
0.0011722236702450491,15.242455591089113,0,2
0.0006725205785230411,53.22423110878531,0,2
0.0005821807605767956,24.351781935139478,0,2
0.0005345495236775744,24.73651109489654,0,2
0.0008190724895921849,15.117428707512937,0,2
0.0001357306738874237,1.4557049728166913,0,1
0.0006626523568652161,32.947037414198846,0,2
0.0005658608515687943,27.96124287504151,0,2
0.00015658252096008613,12.392162484423242,0,2
0.0008263464540171902,42.23618960985995,0,2
0.002295838025836674,181.69587307473313,0,3
0.0004338973999991512,10.157271241696295,0,2
0.002539476692807313,128.07108975330024,0,3
0.0011979180679720794,47.16152817260354,0,2
0.0009575932174588357,48.944469362805386,0,2
0.007550363435836085,80.97728601300567,0,3
0.0017813181328361297,26.224943308677364,0,2
0.00022502349535667734,17.808678134538514,0,2
0.00250497452343197,46.23372687193268,0,3
0.0007336793058285227,33.951328146108345,0,2
0.0008426375260588041,66.6875272818917,0,3
0.005662165203659291,67.87126731587058,0,3
0.0006972310115086288,35.63684585417279,0,2
0.0011203363480109662,25.02366870215121,0,2
0.004751998348001601,103.94262733687665,0,3
0.0006171848529796775,13.49996579822254,0,2
0.0014499146101940243,16.426674530094942,0,2
0.00044558051993762556,21.13138083008061,0,2
0.0003874950773781692,19.147541204547792,0,2
0.002613803460701281,58.25345922750452,0,3
0.00024388945286300573,15.320217545488207,0,2
0.00027496814167752025,14.091593985616896,0,2
0.0033621409677432987,140.63350977206264,0,3
0.0014619126079022807,57.55488166247,0,3
0.0008673290576773434,24.70316028047419,0,2
0.00013359103184820305,10.572583472114905,0,2
0.0008738375702632619,53.5058118871542,0,2
0.0013945665887903074,34.71938594669303,0,2
0.0036743283847880093,89.16662247982592,0,3
0.0006241525724295711,15.146598498394887,0,2
7.061996041866645e-05,1.7581675059652104,0,1
0.0020866332053528307,30.71985655322344,0,2
0.0006475175535823526,40.67461576936723,0,2
0.0005732365533511,26.47947867414148,0,2
0.001180902908483147,15.34271192754202,0,2
0.0017365649102044454,34.16353467958749,0,2
0.0015550855503523133,44.29175669852126,0,3
0.00029926584202174633,17.25202853329804,0,2
0.0004302263914243901,24.23182428246067,0,2
0.0005837196827557877,14.531563498803425,0,2
0.004903576284606612,114.78970461034369,0,3
0.0010624379418981292,23.678400560963095,0,2
0.006595341878143044,69.25583373435686,0,3
0.0025811920024496815,27.683160527716392,0,2
0.0009219747636770666,26.259572604034343,0,2
0.004853967551489523,120.84526773230309,0,3
0.002430009158298387,62.548394404813315,0,3
0.0013149944574184608,15.655934417513437,0,2
0.003923851274583036,40.64778074057321,0,3
0.0006962813835515904,12.851102081881072,0,2
0.0022630519436024534,28.259169736069065,0,2
0.001250155534247334,16.242466750477117,0,2
0.00029297373103049734,14.476897680126742,0,2
0.003950463926265318,86.41029933612096,0,3
0.0004436513865875233,12.362103360759903,0,2
0.0017535310849849334,21.019234291995843,0,2
0.0013381539027152256,33.31302504084545,0,2
0.0020954873999302318,23.740632212791176,0,2
0.0030324705511038945,58.242311969155224,0,3
0.0023974587036216196,30.118520159508883,0,2
0.0003937141893914693,19.342938286009694,0,2
0.0001521505190946217,9.557522987670515,0,2
0.009014384061376323,100.1167386693881,0,3
0.0018708724910415273,23.5031830797274,0,2
0.0014894621016233159,79.17087408325027,0,3
0.003120513241584741,99.8424033098793,0,3
0.007431317841141582,92.79631111834044,0,3
0.005770916703576323,127.93213339726515,0,3
0.0003050533306011017,17.18164866509446,0,2
0.000663971621995852,32.80925289899505,0,2
0.0019915888551957058,56.72419051018127,0,3
0.004415365306265029,57.41311262304681,0,3
0.0013674777431438708,34.04497706983556,0,2
0.00023052929103150165,11.814187458916138,0,2
0.0009570355346071744,17.663780250004546,0,2
0.0009957620092764276,19.58967945086829,0,2
0.0022947756792470906,115.59106636707394,0,3
0.00035920785411674023,17.74976661441575,0,2
0.0012055488483244245,64.07974796262269,0,3
0.0007135797652416787,15.561934029569006,0,2
0.0014393914142616473,15.892481194064175,0,2
0.0007094432427366616,7.250925551799747,0,2
0.0010162967100532218,21.875380568346053,0,2
0.001099735509084799,16.696257360429303,0,2
0.003073797502302463,96.72002633049476,0,3
0.0035161907165775527,151.79266895453185,0,3
0.004550297830853926,53.91529857497922,0,3
0.004655521224012542,49.69684528655166,0,3
0.004496051529480567,63.84298576671757,0,3
0.0011742710677181622,26.642155714318115,0,2
0.006649226269234582,73.41484907570755,0,3
0.000490561872863584,13.82428398857498,0,2
0.0016982857500982345,33.46934725429676,0,2
0.00078884029442033,61.10786883039051,0,3
0.0014641689588734863,74.06823629511244,0,3
0.002873533997923496,48.20693049024091,0,3
0.0010631300952549914,47.52195943423338,0,2
0.0014331140223058354,43.11193695671483,0,2
0.0036777795840419827,63.3024839618314,0,3
0.00011717454604490759,5.927534463580076,0,1
0.009540807827460548,101.0045666032703,0,3
0.0006188837021154687,19.47377728015087,0,2
0.0008427407474515156,23.748864447020377,0,2
0.001038798495162843,44.501374114773334,0,2
0.0044151278324307906,138.18152035125527,0,3
0.0009139748265941965,20.73648948569157,0,2
0.00035686869132197535,24.81139589234322,0,2
0.0005164945959761425,26.473951557349952,0,2
0.0008287969114642886,17.1538822070058,0,2
0.0007085992773761834,12.586876739598654,0,2
0.0010221416725557074,59.36695969849561,0,3
0.0014147788237047908,15.725869096153652,0,2
0.0025424045985527545,109.75467791241633,0,3
0.003066216977874791,54.465332367091506,0,3
0.0018402948597036214,67.00344252738138,0,3
0.000681924843593377,26.255241622645393,0,2
0.0013696276204465034,38.59680548168869,0,2
0.001968424184027467,20.83888861348229,0,2
0.0004415091174241515,9.138059383247736,0,2
0.0009828879085644194,13.051712415206666,0,2
0.004716391998401143,120.28598370475375,0,3
0.004624131520493949,70.20387110978247,0,3
0.007498750638844798,79.38615597753974,0,3
0.00015001352678113128,6.705610880641405,0,1
0.001119428482804784,15.25452926483232,0,2
0.006906262198961647,105.16769068562589,0,3
0.0034038168662501563,135.314881135242,0,3
0.0012641344821865328,22.946703107240292,0,2
0.002218702355167993,23.684245517552917,0,2
0.001045611533741636,13.869278902965675,0,2
0.0028484590147160992,122.96693527255559,0,3
0.0007307207777358417,50.803567093554335,0,2
0.0002764636065377321,13.985525107560417,0,2
0.00042025909152527415,7.423588647302939,0,2
0.0003474776326215222,17.81065297672493,0,2
0.0006186055097800186,23.09530837581044,0,2
0.0007300121192009399,28.10668178047625,0,2
0.0023908982379419793,92.05356209276763,0,3
0.006243479792092118,85.08033042381275,0,3
0.0005582514502165625,5.8020183806772225,0,2
0.001543743218751193,18.291412926360145,0,2
0.0007827849357920801,17.071178477168587,0,2
0.002920664285473484,53.62631240540973,0,3
0.003812071913455371,70.36462063966628,0,3
0.0005537448832559007,23.722029179537227,0,2
0.0007680852068064585,53.401339508187455,0,2
0.00633040349835065,67.57591000472905,0,3
0.0027664974685961087,160.68080201982394,0,3
0.0008764395618260898,27.430179996043304,0,2
0.00023413674606379147,12.492898040403755,0,2
0.0007861056696069689,45.8753261502144,0,2
0.0005090026910662026,9.239470797822156,0,2
0.0014594099113428118,25.779475252480847,0,2
0.0056695602261846514,75.28576651322827,0,3
0.0012254710472326686,34.53439966263305,0,2
0.006255464898846811,94.97088254174466,0,3
0.0014075395414731879,27.119805786398388,0,2
0.0013530347264567126,20.60384235343744,0,2
0.00048209503088520616,7.319198699460067,0,2
0.001986069445307921,45.06044036677465,0,3
0.0029316637987488086,101.13807836877459,0,3
0.0012798969352960244,16.031830370808617,0,2
0.0015329764904253359,19.20187350964496,0,2
0.0003831100611118763,3.9817390810739215,0,1
0.00045975034973853076,17.701153773594655,0,2
0.0018046815615353664,20.05980406366979,0,2
0.007323481789728119,80.18402898170311,0,3
0.0014794543160486487,63.37874988341817,0,3
0.00043284926129165554,17.207431728159584,0,2
0.0006262622828338045,24.290249598441324,0,2
0.0032243769061747213,51.52706296065447,0,3
0.0025569665228263923,60.60353052271806,0,3
0.003168112512488043,129.6474456320849,0,3
0.003341037605195206,100.50742673875705,0,3
0.0006892209872779777,37.79319889495442,0,2
0.0005215172933508319,18.987964786086287,0,2
0.001373542164066698,32.55478854382643,0,2
0.0007383106301707459,12.105172019246892,0,2
0.00045653516367664406,19.70845626756076,0,2
0.0020360674694166305,77.41719789759966,0,3
0.0017395313075239274,37.93615341781575,0,2
0.0011492918826290935,20.86206806781781,0,2
0.0006958327234880609,53.90299544224952,0,2
0.0010858471084944283,32.66521111189902,0,2
0.00031868368382709195,8.127649358406048,0,2
0.0015164825553726894,27.844133841827748,0,2
0.0010075711637940964,34.75971950447244,0,2
0.0003979727175488304,30.82913587714064,0,2
0.07351083889960873,188.37854120751305,0,3
0.0017527797631000362,89.84219176836672,0,3
0.0015167859273406974,27.532858918400542,0,2
0.0010381889107296887,11.46275959143546,0,2
0.0005395977209081558,9.960092514444487,0,2
0.0032952890154049207,33.67978420683013,0,3
0.00021552758730743353,14.010261814250335,0,2
0.0006553430812562636,9.979481878473417,0,2
0.0013002888780725094,19.741071895795695,0,2
0.0001342746665376048,6.792582009938714,0,1
0.003422594005473879,60.45777596660265,0,3
0.0012434493615534057,25.73608031523505,0,2
0.0006549336680953265,26.03614557777857,0,2
0.002100362215611799,33.56477833492597,0,2
0.0029218654086989294,44.35995421914816,0,3
0.0007684814762787145,39.39003725154795,0,2
0.0016765604107822157,30.43310227645191,0,2
0.002293610168977876,27.406731709901262,0,2
0.00277989871203958,30.693171825784884,0,2
0.00032208225299697207,16.29324558266587,0,2
0.003769964917301461,69.22031998616646,0,3
0.0017461661984499248,121.402694876588,0,3
0.0027980768169878468,29.08096900852197,0,2
0.0008921081474123891,13.544044999445891,0,2
0.0008993318970309395,15.886081218911102,0,2
0.0048416909724688945,95.41871057104599,0,3
0.0006169538458726339,31.209979532984434,0,2
0.0009208193007886016,27.700729339212728,0,2
0.0024610655313288617,25.578343671623063,0,2
0.005718862472638809,82.20676045972876,0,3
0.0006294839726141879,21.71626889185332,0,2
0.001488006513978591,29.32522205413564,0,2
0.0012575495203602206,21.096880134304552,0,2
0.0003319954475334617,4.714265504413062,0,1
0.0010478346249379528,18.50928006746646,0,2
0.0011023523420910948,34.686587998288324,0,2
0.003174914009067299,56.0826786836035,0,3
0.003455820652745387,119.2207169713528,0,3
0.0017252918559421864,24.498781359624726,0,2
0.0004882271248502548,24.69805265979326,0,2
0.0004403829835129604,16.441464951238604,0,2
0.001325092806708669,102.64891131093886,0,3
0.0018987938869671516,28.914594092639902,0,2
0.0008421557901978151,12.785665002687674,0,2
0.0008731951888701153,9.877169629536745,0,2
0.0006296870674480522,16.05942176982475,0,2
0.005226069195904793,55.326222235791874,0,3
0.001150684021232575,44.630505222513605,0,2
0.0007022480500966674,11.78104138053722,0,2
8.673834534820883e-05,4.445945360906042,0,1
0.0002034133618181511,11.814441361146569,0,2
0.0008706547195181907,44.04400127861226,0,2
0.0014155016924543024,24.363823643301515,0,2
0.0017145737284267597,18.3027637967828,0,2
0.003329798025809299,35.54499042353931,0,3
0.0014997230674120932,27.536412909435843,0,2
0.0035161093127985153,110.63779740208349,0,3
0.0028536789073086077,46.78826587215505,0,3
0.0021381612942952275,24.538587449196786,0,2
0.0011433736551556685,44.02178900374479,0,2
0.0001611183888729462,1.6467243217894731,0,1
0.0005412272879574625,31.434995220924815,0,2
0.0032465798514822518,121.2093355963468,0,3
0.0008381180365927047,18.04015582289966,0,2
0.00040093215076616106,15.938603178727199,0,2
0.0014009756736299871,43.84673692465511,0,2
0.0009750638649672237,37.81889042926777,0,2
0.0007493579230388018,27.283432469541577,0,2
0.002456490346119715,26.895853469972185,0,2
0.0023942221723023543,61.061796665915416,0,3
0.004182460453696371,70.16571946433268,0,3
0.0022106575267834354,24.57239979856886,0,2
5.14521710627178e-05,2.60282226383357,0,1
0.008098810561417315,90.02172819485924,0,3
0.004689634820577458,90.35766441778121,0,3
0.0009141039523641702,14.607812075521483,0,2
0.0014207085275563056,18.84466857207495,0,2
0.0010787641190117443,41.01774452017078,0,2
0.0012894155266815108,13.650506204426751,0,2
0.002773277160603307,59.69368267119796,0,3
0.0075745336765198745,86.92906260349932,0,3
0.002362272788706503,105.59369181490278,0,3
0.0011589755872796867,42.19723472217866,0,2
0.0005700223317348546,28.8358447326408,0,2
0.0015823195531142395,37.503092229715215,0,2
0.005647596538211915,104.24540694904347,0,3
0.007247626414098443,79.35349648192425,0,3
0.0010910047331690546,84.51517322250976,0,3
0.0014670094750164292,22.339435465483263,0,2
0.004223147601276345,153.76091830867776,0,3
0.0016687990561945318,27.361247170611435,0,2
0.0004354673071744988,16.766216212892132,0,2
0.006059555613017506,109.9936957444744,0,3
0.001024652663578331,12.14084359882572,0,2
0.0006139583148053291,47.56055748397219,0,2
0.001087508826822496,14.819557907765192,0,2
0.0005425779134203629,9.962272224874608,0,2
0.007348898067641844,97.47780474921099,0,3
0.00128764309906599,57.557700033792955,0,3
0.00043020969110861877,24.986987694267654,0,2
0.000913677322860595,35.437948018033744,0,2
0.0020060391159001495,23.970497076032643,0,2
0.0009177418187486715,37.556394250994316,0,2
0.0015808450581737987,34.02705816624165,0,2
0.0005962323487672791,22.67048535021896,0,2
0.003398652107803155,130.85376360755242,0,3
0.002148793653351183,117.82837061600294,0,3
0.0017365634222223716,24.96252601925046,0,2
0.0002484009372397364,12.565912700099767,0,2
0.0024363075077120846,105.1745052525294,0,3
0.0019762819850060757,137.40155950147985,0,3
0.0019019124704867326,25.255387096931752,0,2
0.003441875750923068,55.00279703062502,0,3
0.00347356308064857,49.32386492093047,0,3
0.0016484788480473711,19.697949603186114,0,2
0.001209448362098934,14.451900861512412,0,2
6.510942619774419e-05,2.7892405958576494,0,1
0.003142159640214629,37.2306344485211,0,3
0.0016489977273265025,32.49799249286784,0,2
0.0008766192533164796,9.743996300936598,0,2
0.000549520491349628,16.5310592253994,0,2
0.0002529341549020622,16.44185682313264,0,2
0.0006785880585176186,11.679957623722427,0,2
0.0020184060534296994,21.36802588867856,0,2
0.0009421585018314782,16.73559839861662,0,2
0.0004323364691172656,8.52036791496679,0,2
0.00031740545975574393,8.944647878103249,0,2
0.002911531315472331,159.65283142220127,0,3
0.00037824861149505373,15.478921945137722,0,2
0.0007995415138238071,55.588348079399914,0,2
0.0005523779215150853,17.381108245843667,0,2
0.00021024976507132256,8.358241082658674,0,2
0.00262982038623594,42.025769492795504,0,3
0.0008695307598923705,9.83571934777854,0,2
0.002564412746376915,148.94352930921082,0,3
0.002389605323706772,25.297758265204717,0,2
0.0007735499581970956,7.906133739252393,0,2
0.0006376116467619297,13.905201445886593,0,2
0.0017222052511636796,94.43654037904773,0,3
0.0006338871370588363,44.071181056454684,0,2
0.0006966892080896439,53.96934340781237,0,2
0.005843876440965687,100.58566214362125,0,3
0.0034167141287003754,38.64824893100536,0,3
0.004050321512119541,44.34654264704137,0,3
0.0007410719618604949,8.855192879394961,0,2
0.0017760456945138613,97.38886281508124,0,3
0.0008703222126248012,11.544193147091052,0,2
0.006098960766830215,86.60395969115933,0,3
0.005056210071403635,56.20192808465345,0,3
0.0005594510104740251,11.025506243716212,0,2
0.00018751458631776564,6.468976740917038,0,1
0.005172768954653026,58.511907842301696,0,3
0.0015914642840165485,22.876773799387184,0,2
0.0022335151561680235,22.827833349597732,0,2
0.0014384684311961756,15.74963899522186,0,2
0.000694037571679906,53.76393319859983,0,2
0.0009378002245735313,29.350602232953705,0,2
0.0013877912526796489,26.73930510353023,0,2
0.002009989182108244,35.70351662903561,0,2
0.0008556138447493774,12.98998607853488,0,2
0.0031666317869929947,95.26082910438306,0,3
0.0059146341268416815,101.8035538559948,0,3
0.001302164535934944,69.47994730751361,0,3
0.003930729877860952,152.45754447363245,0,3
0.0001678259366498036,3.977699427608297,0,1
0.0015064402236483318,31.17928866639172,0,2
0.0014466037998097482,15.034841078868112,0,2
0.0018269829166222202,36.005675523427065,0,2
0.0024020723735293055,40.29760428341316,0,3
0.006881431923973423,75.97865761626731,0,3
0.0034320251742056833,147.02546928959995,0,3
0.004119679438041328,75.64142775784039,0,3
0.00232673547416098,119.2614263723114,0,3
0.0019745763376737245,71.8925075835706,0,3
0.0036958876440975614,134.56386841662527,0,3
0.0010605696634807399,11.70986797952289,0,2
0.0008577322301855009,11.377196158057034,0,2
0.0006684342560607282,51.78056081822529,0,2
0.0006616892444764207,28.56488300365727,0,2
0.0017292084911071347,31.749994417165702,0,2
0.0009614478912669355,18.94794991824142,0,2
0.0012986021091418234,26.877594867760273,0,2
0.0004716606899523259,17.172731731009314,0,2
0.00038436922222592973,8.27339391319201,0,2
0.0011632456868697026,18.58921444055182,0,2
0.0007386185806766644,16.757963115037217,0,2
0.008038453218251248,85.09976284536877,0,3
0.00028923034639768356,15.43254225781568,0,2
0.007006822690592003,72.82330216104272,0,3
0.0038574016580474805,54.774291961838266,0,3
0.0026396042797618494,29.857951072537396,0,2
0.0006834833509120712,19.260909718311552,0,2
0.0007535720323610231,43.976737605169646,0,2
0.0007716833127243256,13.28232685267604,0,2
0.0006539411996348336,24.864743445868708,0,2
0.0010563148386764942,38.45945132698962,0,2
0.006914696536233122,75.3680322998664,0,3
0.0007609857068265744,49.46749101930368,0,2
8.328611167134778e-05,3.1094427742099833,0,1
0.009228920499673407,101.89754088383894,0,3
0.0005636340246587378,6.734957276230538,0,2
0.0006758506647077836,37.060041795109406,0,2
0.0009952177751526338,31.14761575894652,0,2
0.0005035478101262139,27.6118732489254,0,2
9.639629509048304e-05,1.7497957656002339,0,1
0.07276678844260234,187.75148764992156,0,3
0.0005268653178219176,13.437075004709326,0,2
0.0001541094170566451,2.5853676905544747,0,1
0.006724796048736077,84.23396178121601,0,3
0.002101614435117516,38.14872797799069,0,3
0.0006730579110831934,25.91384996094876,0,2
0.0007800431282348852,41.620973349911296,0,2
0.006141851963071452,62.77332512551233,0,3
0.0074562166782268955,101.60637974652838,0,3
0.0008315997765765017,32.2544829742075,0,2
0.0012642854010780611,39.568702313808174,0,2
0.0035892658630796597,78.27564807266104,0,3
0.001297985667676792,100.54904457233073,0,3
0.001588778807747607,27.34629487659705,0,2
0.000620944065729521,25.410654351732926,0,2
0.0008353545327185023,31.18751810523886,0,2
0.005656361831605522,94.89215782409502,0,3
0.0024966758197175957,126.29988735003303,0,3
0.0015389152047356638,20.435167132064024,0,2
0.002742641156764961,86.29987001378696,0,3
0.0010117826925047774,11.07790188715695,0,2
0.0006002422373385834,21.85426755932999,0,2
0.000994831848339211,42.61787485290364,0,2
0.0065806065198709095,72.65721076725414,0,3
0.004160853990499188,63.360960365313346,0,3
0.0004674079409028797,5.854693933453926,0,2
0.0007504264454795197,9.953862723063976,0,2
0.000521661986411043,20.738080941983537,0,2
0.001967359645704058,26.12445639962751,0,2
0.006172943924600136,65.35039139725356,0,3
0.0010546587867473604,11.644605330048318,0,2
7.582493357239343e-05,3.0143342831306073,0,1
0.006900149845914703,76.18532428073144,0,3
0.0019258758977193735,97.42470648817103,0,3
0.002522099935376017,31.5915111811904,0,2
0.00025477631670331246,9.687335427785781,0,2
5.1933314763512156e-05,1.9389027425052598,0,1
0.004453498274501294,47.5402869157276,0,3
0.0060486650813894064,71.66906342523096,0,3
0.005322297177937117,85.05281788171288,0,3
0.0010732339940940179,46.33111952892846,0,2
0.0007933109109906723,17.07570034939251,0,2
0.0014848082711608685,37.86827379278179,0,2
0.004493713161600672,59.60584704449844,0,3
0.002192286443873139,87.1518625189439,0,3
0.0031855955446418124,38.065214223898515,0,3
0.0007091945366713363,41.190692648005566,0,2
0.0017745106879750307,28.357517313979,0,2
0.0003397242425759915,15.185687759737164,0,2
0.0007683234728486008,17.431915138959262,0,2
0.0007193768087857696,11.79473741966131,0,2
0.001702167858659491,76.08697401240505,0,3
0.0018781979911928774,33.17707948732885,0,2
0.0019446840908784228,49.596861106030644,0,3
0.000240964839675518,7.248872605517543,0,2
0.0015766243547200905,16.386170572348174,0,2
0.0018160413644450909,24.11510958302054,0,2
0.0022468703343603465,131.12220581942535,0,3
0.0046346572481139265,82.32559836682981,0,3
0.0011346372182720762,39.14331102724174,0,2
0.0004408460062108641,5.521982431801335,0,2
0.0010881989564293214,13.630645248111977,0,2
0.0008132158662800163,52.86268612023972,0,2
0.0010020868565667974,41.008013681099044,0,2
0.0007044867925665503,9.600090187957447,0,2
0.0014601892022706603,28.77700614572335,0,2
0.0010116035704712323,45.21872163531329,0,2
0.0003777824820557078,4.5141860942373775,0,1
0.002001698190821708,21.191146692272362,0,2
0.006404376374213777,73.49976362190917,0,3
0.005289169712228426,120.002005453877,0,3
9.501895989757908e-05,2.252076585666286,0,1
0.0007689067681450374,44.871637658327565,0,2
0.00041784262841081874,32.36836747473313,0,2
0.0053416628829940265,116.49238030901381,0,3
0.0020872691922975074,29.63878337723438,0,2
0.001189458522490095,37.42746863711679,0,2
0.0011704192417767425,16.82439028854661,0,2
0.000332221741718727,6.401091300071666,0,2
0.0029190937683265606,30.338722258904674,0,2
0.0005133433673181016,6.995365527988943,0,2
0.002633617739991223,29.07806729320681,0,2
0.0010512746169238495,20.25546181765172,0,2
0.0010470455379682816,32.76968409628107,0,2
0.0005223717238979794,5.806384158366396,0,2
0.0011833646470747804,40.824335473175836,0,2
0.004470557290184453,79.41068438176363,0,3
0.0006256130875468016,21.58272906458223,0,2
0.0005933760566442543,23.588992512917102,0,2
0.00032503922541582793,14.031824641413477,0,2
0.0014287855721879042,42.981725497123996,0,2
0.0009858686880463766,14.967523739330188,0,2
0.005154820356677527,82.37645932791995,0,3
0.00016724725124211967,5.031248623283217,0,1
0.0010734216624001987,37.03146461095063,0,2
0.00304047663750402,36.331164119066635,0,3
0.00030109733718327155,13.459063483615498,0,2
0.000755004603871791,26.04654559221969,0,2
0.0010597571785350857,27.027849837647242,0,2
0.0011813210150224149,44.10399309645679,0,2
0.0007830822837330708,35.003810622353,0,2
0.002011772957270186,32.984568711671734,0,2
0.00020681365819814445,8.928070086227429,0,2
0.0008389200719285738,21.39566137331245,0,2
0.00013679234068057124,2.2948532585836543,0,1
0.0005811827510408862,21.698149540834713,0,2
0.0015768621123267805,109.63178078650112,0,3
0.0006308530481976187,11.205867423215073,0,2
0.0012359559114324924,22.6933845685201,0,2
0.001377396910221696,20.97482661855952,0,2
0.001209772937157649,46.922331755363025,0,2
0.0036207834949457196,38.65120756754442,0,3
0.0017470826048916214,121.46640829156705,0,3
0.0016713883585961179,97.53839596730556,0,3
0.0009143583819803314,14.991610643005929,0,2
0.0026358235544931517,28.136938720127706,0,2
0.0006432902206509976,24.950696301146753,0,2
0.006883718478447427,118.48357646837881,0,3
0.0015832151374017235,31.201567350425194,0,2
0.000630655971132233,11.447734031705878,0,2
0.00535441394079318,59.5165910803197,0,3
0.0023065231786381303,30.628189587317713,0,2
0.006193502017384983,74.00719199411597,0,3
0.0014388265109976763,22.993125921371018,0,2
9.889684055828702e-05,2.0469004289417976,0,1
0.006003647510640166,63.55812063478229,0,3
0.0003827282176892066,22.335142070863085,0,2
0.00036293621264830924,23.592484955636447,0,2
0.002779366303028825,39.95247324027807,0,3
0.003258653701506874,49.47309639401584,0,3
0.005477813946306085,57.99133926453502,0,3
0.06831425098495321,169.75603719006907,0,3
0.000558014671744567,9.149080772640918,0,2
0.0001942655064605522,4.181487397420112,0,1
0.0010482133969482116,39.13449082402064,0,2
0.0014075284311152794,19.18048716228341,0,2
0.0015395745653846056,89.41995383818521,0,3
0.00158009244492483,102.71311028290009,0,3
0.04210404887302498,127.81564074202217,0,3
0.002227123088434672,29.573840323228573,0,2
0.007380611373563846,92.4486232529882,0,3
0.00019870792915352415,3.257969702312764,0,1
0.0015722984437672866,18.629756379876348,0,2
0.00029820735847815014,4.2344817487113,0,1
0.002177301397070501,110.14362337525216,0,3
0.0007601803021432383,8.047712871579517,0,2
0.0005048968728481109,22.568911196333254,0,2
0.001709447644679907,76.41238075001519,0,3
0.0005416629862494667,9.998213939108238,0,2
0.002649045326638121,30.401743113595135,0,2
0.0010194524536325464,21.943306687845375,0,2
0.0011985818980360858,43.63926405378012,0,2
0.0008409232601170719,48.84162208950239,0,2
0.002121859809502825,35.596707197706785,0,2
0.0012049469671721413,44.9860554802272,0,2
0.00032215446480269775,24.955840767178437,0,2
0.007914323449392816,82.25513808551413,0,3
0.00608334039752858,92.636341168577,0,3
0.0067658209280566746,74.70218371192875,0,3
0.000700627107970678,25.509188331699807,0,2
0.0004929379991750496,38.185664206262636,0,2
0.0005938050060584399,6.0690350289430475,0,2
0.0036670338374825344,133.51332786708664,0,3
0.003796284338466749,57.63544034433876,0,3
0.002507632015852843,99.68806827432797,0,3
0.0015737330872367687,54.291471067185434,0,3
0.0016209778305943249,28.79349274368673,0,2
0.00254146930988773,108.87470196305893,0,3
0.002082138192656575,58.67571711335798,0,3
0.0005016242605007122,19.941503862099683,0,2
0.0010065587140534642,77.97352430337568,0,3
0.018943512575419437,138.6967817639934,0,3
0.00022096997509608526,11.32625290157499,0,2
0.00043231159530043894,6.908543088436208,0,2
0.000916219203114795,10.85604365523332,0,2
0.004543949291019082,76.23012213588859,0,3
0.00045885831621073666,29.827852787069936,0,2
0.00013491812801385883,1.6899677486648215,0,1
0.00023434166250749117,4.515184254229308,0,1
0.0015572165531967481,17.049799646863246,0,2
0.0016058355665192487,29.484744340590584,0,2
0.0009856207821039174,11.67836496075352,0,2
0.0010973017453731384,17.535399168875557,0,2
0.0037003448778802853,147.1030161094964,0,3
0.0028374708984102233,89.28378001500643,0,3
0.002642471737224958,29.890386390699483,0,2
0.00010426604037020495,4.144978244578605,0,1
0.0009884463538572124,29.735133582757395,0,2
0.0005346937608233624,23.900833326979612,0,2
0.0009411253536293499,35.13641556489344,0,2
9.223061040777023e-05,1.5874868525185513,0,1
0.0005415485070428385,22.16158054589866,0,2
0.0011904243048205358,21.973288151589355,0,2
0.002921627655130756,49.013758455974816,0,3
0.00016370995609940264,3.021818375254465,0,1
0.0008477157847390798,33.69998009757987,0,2
0.002056112339799811,24.56883040740229,0,2
0.008216704094027886,97.35759526066703,0,3
0.0018575336793797803,20.33794015720594,0,2
0.0008176407873259157,31.08907715111034,0,2
0.00023705636752544958,9.423907176709134,0,2
0.0022638374662733132,30.061368450167347,0,2
0.0019047815769508104,40.99966228680524,0,3
0.000415594094593136,24.253119361288157,0,2
0.0013753207380591576,43.27580391952178,0,2
0.0015368627937568425,27.89729632554899,0,2
0.0006904362087961218,7.809886769392096,0,2
0.0006944860732722734,25.92826893933191,0,2
0.00910211693101508,94.60011203971973,0,3
0.0014673900965150876,37.424043908514506,0,2
0.00789734970765676,87.19551920925157,0,3
8.936281883468811e-05,4.768156229525217,0,1
0.0020505358376975273,105.10426799571367,0,3
0.004746161719844654,142.77735174420724,0,3
8.657698395389638e-05,6.019289100671224,0,1
0.0019143506363407557,21.654226004172145,0,2
0.0021850467767284523,29.015111382627122,0,2
0.0009776635636027944,12.967998342895992,0,2
0.008554440952307027,90.56231050311563,0,3
0.00014556748350009807,2.2100151788772298,0,1
0.0039993037585780685,63.91075936947789,0,3
0.00107782352562088,41.49799990073653,0,2
0.000570971279090914,25.522439900981976,0,2
0.0025858250594126254,137.97257098961063,0,3
0.00242535624775982,94.07002503272123,0,3
0.0008797773437878519,14.424627859855022,0,2
0.00040744264687981967,15.211654966494166,0,2
0.0013170343839995129,31.215478488923065,0,2
0.00011147598515907785,6.505483136441457,0,1
0.0001568740717544262,10.197519698543022,0,2
0.0038163841672880132,151.71602652404394,0,3
0.0003485561571560885,14.931892972350974,0,2
0.0014599688443639749,41.14266728709211,0,2
0.0002866356523691712,11.394875445277977,0,2
5.404375720582381e-05,2.8836274520905048,0,1
0.0014027811586207642,18.60687502089476,0,2
0.0012053477537926766,18.35488373993982,0,2
0.005763525324922836,119.28957885007895,0,3
0.00040744030238687104,23.664519959219206,0,2
0.0009350857786327533,11.173496441268696,0,2
0.008044498095745938,106.82243087485517,0,3
0.0023899194334957895,52.11998766171588,0,3
0.0003062111172494984,5.2705508570248165,0,1
0.0036486343670183055,156.30485000774632,0,3
0.0021945711954804844,128.07014787575403,0,3
0.009133529663626702,100.84432002053683,0,3
0.0006420351545775004,20.202260236506845,0,2
0.0016215676664072206,17.90390951893977,0,2
0.002178353600237804,31.31311400966555,0,2
0.0012256225360912666,14.645168773048862,0,2
0.0005531089033537432,12.549073152897401,0,2
0.006121148872713509,112.98640951319227,0,3
0.003907356679149127,44.198164642888315,0,3
0.0009055272035492049,10.065320477960627,0,2
0.0001833388564082641,9.274602945394337,0,2
0.0018314743892800494,27.889461263056145,0,2
0.0005791131248642765,7.253899222116396,0,2
0.0022493550375601,30.652116481336964,0,2
0.0008458473308586454,29.180485727221132,0,2
0.0027816838208222124,28.910593338148907,0,2
0.007575459981133789,77.42563891644333,0,3
0.0068639515871515445,73.27143915091986,0,3
0.0009165177482826955,35.54811694303492,0,2
0.0020048923482074337,35.41504841977262,0,2
0.00023097196681348472,13.478994896987288,0,2
0.0021476713773461334,74.09149581377986,0,3
0.0014139846840376356,24.977069763762035,0,2
0.0015070109935836078,47.41956582064036,0,3
0.0023533011664704693,33.827927530555336,0,2
0.0009404570557413399,36.47662847777573,0,2
0.0008974082701105474,69.51813598406578,0,3
0.0023388019998103354,24.307634465436834,0,2
0.001850913829784654,40.365212575457896,0,3
0.0003166113431827114,20.58116024388057,0,2
0.004261807903915274,45.11798875587761,0,3
0.0013812698769687282,23.77462059259058,0,2
0.0006068258011901076,18.254957580083513,0,2
0.003213414464144369,40.25083128146578,0,3
0.0009500755922528858,48.69800265303313,0,2
0.0022449420232479576,30.591980030456213,0,2
0.00129261783005076,18.354901224913267,0,2
0.00044675634536414335,31.060860259790466,0,2
0.001677492512817737,39.75881881699676,0,2
0.0004156651530035087,8.947026317221244,0,2
0.0012355612310754576,38.87813517742834,0,2
0.0010654075203721145,47.623760431602825,0,2
0.005869152788830521,126.3311684465786,0,3
0.001303558900442506,14.272528785289623,0,2
0.0012810574295955245,21.00392425367322,0,2
0.00015551800683278737,12.04727247013312,0,2
0.0021335467638962397,42.04735128937744,0,3
0.001302541913316375,21.851680725282172,0,2
0.0025419973972723464,128.59257993530358,0,3
0.00028984993035009173,11.159704807860601,0,2
0.0013766564591274608,26.5247651707544,0,2
0.0007430724289225208,17.611811584071244,0,2
0.0031971107148880615,81.53851662111362,0,3
0.001666530165297484,18.524192463972057,0,2
0.0009195286577677064,47.13225913879985,0,2
0.0004978367529960124,20.37278130536337,0,2
0.0017445588038310885,25.077456990896756,0,2
0.0007862606906835689,30.49595824249095,0,2
0.0009380364146105503,48.080910803134586,0,2
0.0020114224145785227,45.6356548753295,0,3
0.006979907926335178,114.44097196223746,0,3
0.0012992599251656733,58.076972643163764,0,3
0.0009557142972104222,16.882037652265083,0,2
0.0009447417553769942,10.501206920686196,0,2
0.0021351076097319397,30.69146717004171,0,2
0.0017620115297555712,76.06539416911532,0,3
0.00022735739763518647,14.779252651921281,0,2
0.00020174867377646718,10.205904414882568,0,2
0.002206331007508414,23.357509261986607,0,2
0.007268821901220733,104.48691566145706,0,3
0.0006047867823921314,22.995749758586932,0,2
0.0023137616181071238,179.2365862445963,0,3
0.0019385451734848069,22.96931886981652,0,2
0.0010520347146684911,53.92411903196487,0,3
0.00032305913130825783,11.145063684978963,0,2
0.0021395618860626576,109.66747409723428,0,3
0.0009090608679169536,31.361259548455056,0,2
0.0004212386908705302,23.0984806327427,0,2
0.002435514254516448,43.262135169888886,0,3
0.0008238118760296156,15.206221564359883,0,2
0.000823718518201807,19.52323188994707,0,2
0.0015675153494224567,54.07696828053959,0,3
0.0007020949491768359,8.794354310100124,0,2
0.0025396799972791473,97.78190749202824,0,3
0.001707768558823294,99.66146111663369,0,3
0.007161562265350423,109.05536793281053,0,3
0.0008442622310896965,33.562687987010094,0,2
0.0005181756334953218,20.09799379339601,0,2
0.0008679836852886998,29.94415731538254,0,2
0.0011812028754507873,45.47827695630407,0,2
0.0006290171669536725,13.539343161323297,0,2
0.0005136910639576508,39.793309720232855,0,2
0.0012919591080836404,24.892856692697215,0,2
0.0004033690281581031,23.42805648301981,0,2
0.001370297600874829,43.11774602521806,0,2
0.00043061305943292835,16.37315901371454,0,2
0.0025194676981358747,175.16669861077983,0,3
0.00048433284169903737,24.82543726239922,0,2
0.00402865808912198,138.98276388735655,0,3
0.0013083661366969153,24.150301714275887,0,2
0.00030030712235763914,11.418548879562062,0,2
0.0019774590086293893,21.833345534297262,0,2
0.0004061922319273009,14.013033078002945,0,2
0.0033746189163234566,129.9284457295033,0,3
0.0009615480826254128,12.044232100971085,0,2
0.0007563825252375913,21.315245662778374,0,2
0.0024531712770654813,44.53022503481142,0,3
0.00571623427140169,65.60230742326702,0,3
0.0010415861594315326,60.496313974629125,0,3
0.001391697586054036,15.74222270768512,0,2
0.004173144828983643,94.68135374248055,0,3
0.00041055187377518127,26.687716926541967,0,2
0.0011252128820431627,17.083056524652417,0,2
0.0012863305949744753,65.07188797084348,0,3
0.0003015426870447997,10.978891776186506,0,2
0.007748596752112509,97.05796249362439,0,3
0.0028815151107292793,30.505402706287644,0,2
0.0007506768412190806,32.15845142820488,0,2
0.0011414021099585394,21.991995701849046,0,2
0.0012858083608249587,17.521799356065646,0,2
0.002136819321798531,25.318617817579685,0,2
0.005531989117624442,61.4904147895707,0,3
0.0012447337267553788,35.077231804373724,0,2
0.0007949799671926299,14.430560625021489,0,2
0.002592336579270179,28.38321953556001,0,2
0.0003068152415667471,3.8431296867189535,0,1
0.0006028188269071601,41.91114807619007,0,2
0.0009952734735832378,12.46667216791288,0,2
0.001026360857772654,11.609706996273045,0,2
0.004392995659473204,44.898989175436064,0,3
0.006180001553467051,101.32589025114089,0,3
0.001004628091699856,34.65818785673055,0,2
0.002266544697403815,82.52280691187474,0,3
0.000662998963557643,7.320245525730611,0,2
0.00048291600051302827,8.101486909909353,0,2
0.0002856598195892663,8.94037719229025,0,2
0.003346660608136398,61.44803022361275,0,3
0.0031896429557218206,142.5771726602704,0,3
0.0006802974572440191,27.044454264366543,0,2
0.00023737252782019843,12.166998167097786,0,2
0.0006776004508904091,16.0600380337997,0,2
0.0008237130730165608,11.696552330780571,0,2
0.0014933335167532627,27.107148275678313,0,2
0.0006853630897681024,28.046849210278207,0,2
0.00010552496328155501,2.9737473313459697,0,1
0.0015420174615835257,23.481647635103176,0,2
0.0006669289451398204,7.060499517151851,0,2
0.0016309409326409608,24.761053295163137,0,2
0.0020668428559860595,25.889017432971933,0,2
0.004390708725241521,77.99233119279056,0,3
0.0030430759357804073,166.8660360265748,0,3
0.005490549613193655,108.20623773725568,0,3
0.000431795669024066,7.670003394334718,0,2
0.00038414510973361604,22.311513032149506,0,2
0.0003568815175222166,19.569476876957633,0,2
0.00022757168427248886,9.04685434531116,0,2
0.0013728375846392285,32.538089067921234,0,2
0.00016179648537800048,4.867274877550395,0,1
0.0023633044840977156,31.347520532113496,0,2
0.00221347006413213,23.628391759060246,0,2
0.0011745570705836957,33.09961781121346,0,2
8.413827888774715e-05,1.1947458578365417,0,1
0.0025317119948717343,46.7312679646089,0,3
0.0009408066922038087,10.387551652007337,0,2
0.0003161998843734167,15.99567291077992,0,2
0.004021364000537031,155.97288544543088,0,3
0.0025555481315554266,28.90714781019394,0,2
0.000280467703210284,8.77787803885273,0,2
0.0001083271762871221,4.6406576647904405,0,1
0.0008000591271487177,30.803608187968894,0,2
0.0009187073939796537,23.430542384758407,0,2
0.004737566475420664,64.5591456296686,0,3
0.0028240402049766163,31.180542974055637,0,3
0.0005002607031878357,19.26086981565234,0,2
0.00709256503699277,107.6797923000256,0,3
0.0007490034724726201,41.07135117862035,0,2
0.0007842993037413918,10.414665671114582,0,2
0.004885000184980825,64.7959857176546,0,3
0.0010080235715594365,23.891508450057763,0,2
0.005426375053563955,72.05652449180229,0,3
0.0017027316628225027,24.178431363902863,0,2
0.0017563578230350156,66.78182486941733,0,3
0.0032400637599931024,76.79384975179303,0,3
0.00941431879708049,99.66547981684185,0,3
0.00177740901590998,34.24627578421061,0,2
0.0016584604582441625,21.998275557098157,0,2
0.0005785386618483532,19.958730788420187,0,2
0.0031387206957697233,98.76289772228604,0,3
0.04624720819126663,223.2559518733335,0,3
0.0008648343685674384,50.46975267813823,0,2
0.0015188468473769326,23.05923346604111,0,2
0.00140671607619745,25.9656809463577,0,2
0.0032703359354529188,63.01128516285602,0,3
0.001115920407217399,23.096571612436584,0,2
0.002260601809008735,30.01840234210613,0,2
0.003939997761768781,123.97585949462089,0,3
0.0025351610822845,64.65627639432333,0,3
0.0023119802068061034,72.35870672912954,0,3
0.002438770723734324,24.925665494385793,0,2
0.001329597667193754,20.246945767681098,0,2
7.190439299659639e-05,3.2141293547972154,0,1
0.00026751019125344303,3.5522525548985717,0,1
0.00013581400492491003,4.944862952486458,0,1
0.0001652373927153303,10.741173148028063,0,2
0.0002940247028315045,17.15860813643413,0,2
0.0025559079331895903,30.540971586009316,0,2
5.141126949432705e-05,1.9794194556509992,0,1
0.0007010080252458953,11.202438704854066,0,2
0.0004269919504940358,10.120280994573339,0,2
0.00010959202399785618,2.35892452321613,0,1
0.0024615491918292313,32.68677116454104,0,2
0.001618508147209416,31.184649043736282,0,2
0.0028020502638008015,111.39233198491159,0,3
0.0007172438499465124,7.33065232729101,0,2
0.0012358887618150484,26.60201173280426,0,2
0.0022024355061712932,69.30177410468296,0,3
0.0037310639823792207,73.53078010989978,0,3
0.001155976369763875,39.87948028949541,0,2
0.0015605961199172322,35.407195133223404,0,2
0.0009246966777879924,13.292209535115619,0,2
0.0013304142935422147,18.129647482562874,0,2
0.001453394458990582,84.81677134378509,0,3
0.0021957718896133253,24.041274613519622,0,2
0.0005954900605679352,46.12990584834007,0,2
0.0005887174467444061,6.756410093265294,0,2
0.0008462882759264323,25.45863499419523,0,2
0.001097305070466087,33.00989752657787,0,2
0.0009215961965413934,27.724100459859784,0,2
0.001228178882074622,45.853406692511385,0,2
0.003072314592399649,56.70990886002422,0,3
0.005707555225820156,103.60414740727512,0,3
0.007031318229855507,74.43764336308408,0,3
0.006561639126307066,119.10756889392592,0,3
0.001630331055305566,26.05345881635838,0,2
0.0009907820125822084,10.488997324854218,0,2
0.002543631766825108,26.928372193705957,0,2
0.0007183287566371598,38.328062839452954,0,2
0.00029906495584671773,3.9668798104192886,0,1
0.006151319771611303,81.68302400861565,0,3
0.001957926847227981,29.7253751144373,0,2
0.004980708501886553,103.08736165274145,0,3
0.003749489898503933,105.66253929731229,0,3
0.0020027958938738303,32.83738283597137,0,2
0.000764090138068305,31.268565823574644,0,2
0.0006733957403618093,43.77374954609579,0,2
0.0011453463762861856,18.77883690142582,0,2
0.0008580398917569785,9.394588192272021,0,2
0.004312997629476583,148.79205877580813,0,3
0.0023028722564288587,23.934209494607874,0,2
0.0020000592073845724,30.365031397757786,0,2
0.00045231818958011246,7.416105455552385,0,2
0.00029006167606995483,3.3288900247580657,0,1
0.0034292742929963207,45.537137526110556,0,3
0.000889524534165963,10.629077507153571,0,2
0.0007310232729024542,7.5976703050883065,0,2
0.0005539870583109907,11.46605231151595,0,2
0.0062070183575776705,110.25551038740325,0,3
0.00043227231149592284,4.418076260294687,0,1
0.0005624061039095721,7.986048347440118,0,2
0.000827527351219295,12.563575072928142,0,2
0.000955787946620489,48.99080066870361,0,2
0.0020783129171759725,35.77222807969593,0,2
0.0008265637273039314,17.107661260108642,0,2
0.0007869689668866999,8.901819522367331,0,2
0.0006433229901200028,37.542856046874455,0,2
0.0016220793266880525,16.858593138826013,0,2
0.004611124068420958,61.16321759789463,0,3
0.0004074380845539218,8.769941956407834,0,2
0.002009419030835126,139.705421910148,0,3
0.00280644576257539,30.98628077253697,0,2
0.0023960269045247506,30.012336023251805,0,2
0.001604424126543232,33.20729372431626,0,2
0.0042604427662943645,64.68232434781287,0,3
0.0011233840514727137,56.82887543160335,0,3
0.0031799251119531183,142.14278464000301,0,3
0.00041092995872021317,10.480281184255073,0,2
0.0038604830059038447,140.55663409051132,0,3
0.0008788031729853306,11.66957715466077,0,2
0.0028751878181770066,166.99364081354105,0,3
0.00026614782499146663,14.200921885143638,0,2
0.0007635858751763434,30.355490908024365,0,2
0.0026313848809392726,27.857377936141884,0,2
0.0020397432974021165,76.15273339182914,0,3
0.0003770885392515765,11.343840809788897,0,2
0.002346106633959758,26.538044973182842,0,2
0.0015986577436972746,26.81937390815296,0,2
0.00024352861293712655,9.259665067426909,0,2
0.0023836121035558356,86.78512345238813,0,3
0.0019252857811687893,25.56575995486938,0,2
0.002293971766973484,102.54063330531866,0,3
0.0031354728651986335,79.96651637477024,0,3
0.0017135590695398037,65.1544919745704,0,3
0.00047696421411836477,27.834538956576306,0,2
0.0002060488226119111,10.561439733879997,0,2
0.0025727719268062873,26.739330462696863,0,2
0.003064868203477468,86.36955046078013,0,3
0.0010405649579246657,19.207129397758834,0,2
0.0007165036042484751,11.747629016031272,0,2
0.0007260435966340753,15.027163061946812,0,2
0.000465797903014195,24.85370539917199,0,2
0.0002393502238829861,15.558840257032895,0,2
0.0004087169435554893,15.259230156533011,0,2
0.0016477946732722775,39.05494025257871,0,2
0.002183732998392538,31.390441082599988,0,2
0.0030788668174427866,46.743560008615546,0,3
0.0018072526285450204,19.29209425816028,0,2
0.0008614890875015921,45.966707550234666,0,2
0.0010581720923418876,29.819829714705016,0,2
0.0036372818217619536,109.41925216899588,0,3
0.0006759342208540895,30.21428775932996,0,2
0.003063183527093128,69.49827408158245,0,3
0.0031111416559096656,44.177556941708396,0,3
0.0018687665892781887,99.71228717257692,0,3
0.0009917909407106801,37.71077171231687,0,2
0.0027793697305933444,60.61322153189936,0,3
0.0035292925207594515,140.3030235478497,0,3
0.003222274993339951,124.97936728502341,0,3
0.0019690818321279994,34.782480211297916,0,2
0.0003857369484106738,12.137588041820814,0,2
0.00278059089596159,30.444396175158815,0,2
0.0005795069433784773,8.798112808828764,0,2
0.0008482017589512803,30.88224558572573,0,2
0.007024816652097898,83.94070967216355,0,3
0.0013626695570052327,28.203619903267132,0,2
0.000937810787484164,17.023240813702397,0,2
0.001575390195519102,33.909644427380584,0,2
0.0005013639100635012,38.83838118964953,0,2
0.0005073065830228925,9.997858246529935,0,2
0.002297254762079429,79.25190202893974,0,3
0.0006890403664140841,7.161333605872779,0,2
0.0014496407387448182,73.3332940366278,0,3
0.001120862929789508,44.558635224242906,0,2
0.0023756524607036903,31.546153376603915,0,2
0.00046925856273366556,32.625333235950364,0,2
0.0026187055287494676,73.79645853959602,0,3
0.00154888554688257,16.397407453345984,0,2
0.00016144176710600997,1.7944939898892551,0,1
0.0022811777759898476,24.149880888041533,0,2
0.0017594890308764823,19.55746984056877,0,2
0.0019844373867619986,23.51308379973586,0,2
0.004713479650251711,87.00313504372494,0,3
0.0003664101405159795,7.583711163641782,0,2
0.004888346001460311,90.230882249124,0,3
0.002140377252549737,30.39290665908493,0,2
0.0008331182549912063,48.38829997457945,0,2
0.0014092860840040967,15.664814955347266,0,2
0.001996998606238541,20.75520379765786,0,2
0.005921409003077935,64.83288205635665,0,3
0.0010911007887427588,48.77225059540519,0,2
0.0058520107041226494,66.19516819976653,0,3
0.0007639525036481037,10.133276077970773,0,2
0.002456215585719845,97.64406637727238,0,3
0.00360889476335386,74.69448161755079,0,3
0.0011127971673965257,28.380571841681324,0,2
0.0012962578110746064,29.409821461120778,0,2
0.0026854117542007,68.48824156597723,0,3
0.00271685586729075,105.37614821838974,0,3
0.0036882347981538367,72.68671435749344,0,3
0.0003810242657557178,6.730532356468905,0,2
0.0014466367046681208,24.89972405991935,0,2
0.0007843593903719006,14.237774788888467,0,2
0.002868823849671651,65.08859310348443,0,3
0.00019150871445000102,12.448927131206657,0,2
0.0035397878345569092,50.264242492996,0,3
0.004414116969492721,50.65857078035986,0,3
0.0024975303852526726,44.363730131055206,0,3
0.0026961872733855317,138.1984086982569,0,3
9.704705156344823e-05,6.308494507320399,0,1
0.002490416999061407,31.19465464795128,0,2
0.00036636966599965485,8.683451675176906,0,2
0.0011675533600287698,47.779335541341275,0,2
0.005868889386233343,115.6624536557162,0,3
0.0006350672584415359,37.061070457479474,0,2
0.001377991481517378,31.264215420831043,0,2
0.0007926976350454206,46.26001815302251,0,2
0.0005521828980869507,16.611151604390923,0,2
0.000376017400075554,7.244925319598732,0,2
0.0052426079176097,133.70649656809502,0,3
0.00030380934146090154,11.69716537271237,0,2
0.0022067455975482222,24.36492434346563,0,2
0.0027017527823884994,28.07985415422182,0,2
0.00031513758650078745,8.03721035220132,0,2
0.0004145391019257621,8.16962231004712,0,2
0.0015981637539056277,18.077670026479172,0,2
0.00040043367740381735,9.49081435921254,0,2
0.00442204180298118,50.020038536245835,0,3
0.0008814160431788018,35.039695671062425,0,2
0.0006119292551199466,9.77891796571604,0,2
0.0010753608284105052,33.83727378291433,0,2
0.006894993920770944,91.55823057172394,0,3
0.0015448068884994306,23.453360530310647,0,2
0.00014848667452751628,8.142216396851293,0,1
0.0007256054444488709,13.322840437572978,0,2
8.563230100073764e-05,5.5664844197680425,0,1
0.00047045872355165337,23.799198645715705,0,2
0.0005755348886153878,29.114709656762486,0,2
0.0023052159490381512,41.84452423855981,0,3
0.0005085353971956023,7.31002848600801,0,2
0.002898647786820129,158.94636750161675,0,3
0.0015532910337146487,66.54186131606082,0,3
0.005707572071156828,109.97079763715708,0,3
0.0002939680141944901,5.221765359049743,0,1
0.0017035542360027242,30.26030066977337,0,2
0.005846138634194189,120.99945367751765,0,3
0.0006898850977698643,37.82961516835785,0,2
0.0010892307948125923,34.08996816242683,0,2
0.000996484523226093,20.624567847778792,0,2
0.0012633475324505968,45.99732120987137,0,2
0.0005198139991223054,13.257239484997202,0,2
0.002552113852179483,101.45639325529191,0,3
0.001355015140287342,16.19130265247251,0,2
0.0012670471204136002,16.825046363941695,0,2
0.003464027254142585,59.6233473724685,0,3
0.00012869903849142567,2.8067022696393424,0,1
0.0003879631489841893,17.341968880658985,0,2
0.0011084601315246218,15.739900651911821,0,2
0.006750428343837829,72.05959910381839,0,3
0.001107134097687164,45.30682138703421,0,2
0.0008319042685332402,44.388142318040295,0,2
0.0019379295087556827,98.034465153683,0,3
0.0005333469075929937,29.245896643801967,0,2
0.002939825289032766,48.200702219394806,0,3
0.0002686957020842996,3.210689906345192,0,1
0.0018847139050930802,34.211526567532395,0,2
0.0005693039389867036,6.233248727010529,0,2
0.0005501002913374275,8.35165906924318,0,2
0.009249028053446982,97.91561542106369,0,3
0.001289539321733506,20.60744626161935,0,2
0.0006140974729331159,31.47677996358609,0,2
0.001025587958123473,10.659139679306234,0,2
0.0009136737986410274,16.229623499305628,0,2
0.002759324665220459,141.43464053091776,0,3
0.0007118149989259271,27.608502804269023,0,2
0.000123096705555003,6.568104398227461,0,1
0.002321297963901691,37.09543574367733,0,3
0.0007894441912921367,42.12258842836484,0,2
0.0008119171148847023,31.260160454822937,0,2
0.0025735518943059417,26.74743682008755,0,2
0.0022646563390712367,78.12730450097351,0,3
0.004629454221635176,100.96034767128855,0,3
0.0061092603968430715,76.5238385000384,0,3
0.00033630986238420714,23.382037542165868,0,2
