energy,time_ms,violated,priority
0.0018439557375488115,136.3662689572441,0,3
0.0004904785861140981,16.293753595234772,0,2
0.0016175722818102178,123.65973436174497,0,3
0.0007967500846378225,8.549458562664565,0,2
0.0018422823064809333,31.960185609469825,0,2
0.0010665375027177205,35.43049535972407,0,2
0.006504030171776715,112.83287624720346,0,3
0.0013855159965934772,36.72304987525659,0,2
0.0011029433327443224,33.432771192699455,0,2
0.0006799991512826661,26.039298092626396,0,2
0.0006775586731629748,25.945844538857532,0,2
0.00011718131957223248,1.232519627870483,0,1
0.0018203787369311523,28.81681587568087,0,2
0.009518146265291768,81.63026134951232,0,3
0.000329050974575855,5.955894999545144,0,1
0.001962302206868926,36.236483949732715,0,2
0.008499282250850018,105.73062706939837,0,3
0.00196762512840273,52.52917563410022,0,3
0.0016887970717088935,30.5675983716583,0,2
0.0016132824661626234,31.576933104814664,0,2
0.22286330467283716,550.8195406692894,0,3
0.0025199983793102814,27.60991262648984,0,2
0.007078821938465633,88.06017500968775,0,3
0.18067721912362036,695.0686243371904,0,3
0.002445009189347151,164.25711568824505,0,3
0.001045676109667425,14.842981770779343,0,2
0.0002815160887528002,9.351996015918468,0,2
0.0008121270038656018,40.364230695299675,0,2
0.0010641663602335373,44.9013539349253,0,2
0.0003638778796726378,20.633243868401472,0,2
0.0003722859984882419,21.872796040125696,0,2
0.002311173054777846,55.650642849572186,0,3
0.0027658891799419486,51.075771369399725,0,3
0.00280259484031198,158.9176645101494,0,3
0.0015336489576742093,36.92867144833943,0,2
0.00011882791915614767,1.4955730033181562,0,1
0.004442562812218632,137.36349699674923,0,3
0.0005163925882312034,12.434196322258178,0,2
0.0008661736097436757,17.73274863461511,0,2
0.08165276272959389,247.86953731120067,0,3
0.0006273686412163568,24.396342913488606,0,2
0.0015500217703198495,16.303215073185335,0,2
0.003989412567762873,43.709287010375185,0,3
0.0016539365908047087,29.93661600132312,0,2
0.001047338923443512,22.733041564367564,0,2
0.0008050273155858721,54.08219547170433,0,2
0.0018038628833427278,39.15379156216557,0,3
0.001756384419646362,42.291909661298874,0,3
0.004594453852009227,94.0600063942477,0,3
0.0007021070167140052,13.742408266503963,0,2
0.0013640607154430788,32.84516299777965,0,2
0.12472348313283728,313.3072615324755,0,3
0.0016957893842168724,96.15763383438274,0,3
0.0008555113148637077,22.675295530206935,0,2
0.0006568773842713545,27.43824250397,0,2
0.003626055544222719,38.139053616376195,0,3
0.000671650052642409,33.38226354046328,0,2
0.03956318688626499,130.41627163250692,0,3
0.005734873739904228,124.47844740363497,0,3
0.0004057510151586622,12.545771598070079,0,2
0.0032945370836919,87.32158267227734,0,3
7.82579431804992e-05,3.8895661112631514,0,1
0.0005643789943131058,43.14549482636083,0,2
0.0022077482360720845,43.212468879391785,0,3
0.002393311215820618,120.56413186346919,0,3
0.0005170848875360609,13.70531568124488,0,2
0.00026759748872424614,15.722066678530037,0,2
0.006441034013449749,70.5700399633869,0,3
0.007676098892762301,84.1018079541262,0,3
0.00017717032453015192,1.8634873139911285,0,1
0.007799430432269292,98.16394731638732,0,3
0.0013706411962013131,19.455739785396624,0,2
0.0012472982956164204,17.70493338558427,0,2
0.0010574091902914276,25.461313281198617,0,2
0.0021501743050471194,23.072261274829586,0,2
0.0019624064189669448,131.8355855642722,0,3
0.0018150340526034273,48.455491422024394,0,3
0.001237723034225192,29.80308306293223,0,2
0.006113695997256623,65.60249142243073,0,3
0.003466280013735765,83.46441676543392,0,3
0.0001433084574602994,3.110585357850589,0,1
0.003728778824079158,98.83114382448858,0,3
0.0005109558133145216,25.73962953319288,0,2
0.0016857472423666127,56.000712301389896,0,3
0.002413940437651217,64.44433921342149,0,3
0.001092433832735211,36.29077434492672,0,2
0.0002774321138201708,4.81293329503731,0,1
0.0004323468484688287,16.55591546761741,0,2
0.0004424298507393075,10.653250546765912,0,2
0.05994848419216098,545.017536411432,0,3
0.004214741571548805,112.51985811136463,0,3
0.0026457154467318905,57.42664372703349,0,3
0.002684981367544136,27.219969445328722,0,2
0.0008447423614881167,28.365373099407883,0,2
0.0016705511498103932,123.54245970388818,0,3
0.04764149811211527,489.1673305168073,0,3
0.00031057845771312515,13.104523667972238,0,2
0.0017148149544493354,45.45110648589336,0,3
0.000958805981454266,36.71568518429307,0,2
0.0003863521316273299,6.702493854489816,0,2
0.0012139788430138444,32.176464009880476,0,2
0.0001098983790651469,1.383185450064793,0,1
0.0017669811411955816,22.239296210108712,0,2
0.0002567984123376617,12.9363358357854,0,2
0.002027091497439498,154.9665501314086,0,3
0.0021388769504422445,26.919991927969328,0,2
0.0008123607141687371,8.813655666785401,0,2
0.0014937234721660792,84.6997369031764,0,3
0.000839511356396441,8.830027075612264,0,2
0.0008062293357166374,36.92287772976771,0,2
0.0005618770396031241,25.732277794120808,0,2
0.0012551831778127012,92.8247046991193,0,3
0.002652509189172328,178.19708434975163,0,3
0.0020278617483677815,119.14229006660338,0,3
0.002803827199818165,158.98754392751746,0,3
0.0004542593296938429,19.166983380633226,0,2
0.0015914794426171192,17.436760562338087,0,2
0.0009665782441542843,10.371785087072258,0,2
0.002240755275736717,24.310931202630805,0,2
0.0005003738963478422,9.174855361613488,0,2
0.0011993892904698916,21.709209908359878,0,2
0.002175220086206386,30.876436583468653,0,2
0.001136817012758644,35.150242533079684,0,2
0.0010416069963686434,12.957536605507492,0,2
0.002782358021549762,84.3397265743379,0,3
0.0004828834841728162,24.3254732922567,0,2
0.0009177384313122796,53.919582277581654,0,2
0.0041516824615136436,51.646712874485395,0,3
0.008424734714347536,85.40879437062631,0,3
0.0010110138498560836,46.30139230564787,0,2
0.001672193585268965,30.267071615917633,0,2
0.0007894103982037019,46.37996782575566,0,2
0.05355897889437526,179.83296466502972,0,3
0.0003628570468240075,24.376943930579014,0,2
0.001962419453522785,115.29738057939474,0,3
0.0009674431597853585,29.01558116612061,0,2
0.0007823858889217415,14.345827030981429,0,2
0.0007275275488032513,55.61783200512134,0,2
0.06739887218994335,202.4198682825944,0,3
0.0007478680599453315,50.24220398729228,0,2
0.048670060874688344,455.0166539133138,0,3
0.14772628085804812,527.4392030454522,0,3
0.006799466975387703,72.9610981851457,0,3
0.0016762892169364242,21.097843978140098,0,2
0.000678945152662191,17.995415978652815,0,2
0.004979709018228488,50.483600728592094,0,3
0.0036809524950585817,79.89700773413723,0,3
0.0015957708633871726,16.784406575112325,0,2
0.0014250988860283148,37.77219288515055,0,2
0.0003900057522195295,22.114792476158367,0,2
0.0016383031576285487,25.934537403747978,0,2
0.0010765241041704528,32.63194308324429,0,2
0.0009764956739783757,23.512999982576538,0,2
0.006005537645701445,64.44190749196596,0,3
0.0005262892306193797,9.130143320428466,0,2
0.0013086071313407298,43.941361547958586,0,2
0.0021669555546164967,34.303168874318274,0,2
0.000511748669285255,37.84540770324079,0,2
0.0014793946283071632,39.21129951157896,0,2
0.0008906262297831338,11.209457800572583,0,2
0.003616377955441016,111.81796260822009,0,3
0.00775296735167616,97.57916110217472,0,3
0.0010002584906420907,12.443163354941092,0,2
0.0006802818501454002,39.96837436393581,0,2
0.0004785627420674627,36.58503686355445,0,2
0.004643408806599954,80.55454193828639,0,3
0.0004282097243388541,24.281101332824242,0,2
0.00021813095572652258,4.028074191862726,0,1
0.0002389511784083748,8.452048196729363,0,2
0.0002479663777507117,3.92533779154554,0,1
0.0016241006045637808,17.42727247607169,0,2
0.003067850117259299,81.31325307172236,0,3
0.0028675057679754673,177.89209876392962,0,3
0.0015672624501225287,28.941556718474025,0,2
0.004701877106000899,142.5248032190248,0,3
0.0009014944124380833,11.346245187655532,0,2
0.0011408388369921465,11.99940625316997,0,2
0.000464990432465277,7.354230450408449,0,2
0.0006658609993083742,12.052230513174356,0,2
0.0006404667895004475,24.525480096220043,0,2
0.002083297859791225,32.94917806484432,0,2
0.0008055228774178568,24.906668522204154,0,2
0.009586332568307864,100.82957840776261,0,3
0.0012995798323557728,23.522680748824683,0,2
9.988821219539864e-05,3.88433038828579,0,1
0.0006384101982424958,21.20805832780722,0,2
0.0009078277093732428,16.431881174866962,0,2
0.006402443699163245,115.8856388797146,0,3
0.00048002362927954297,5.259293248706836,0,2
0.27460779976124,781.6644924160164,0,3
0.0010546827481448839,41.013210253538375,0,2
0.0005949807052473485,17.844677251333646,0,2
0.17972238981103678,613.1595137587879,0,3
0.005673714731764871,62.16304315819891,0,3
0.00020788924307912587,8.683683747004244,0,2
0.00015380164967544307,5.889547061172407,0,1
0.0012029888850132178,31.88517558248139,0,2
0.05185221968343665,464.310367590228,0,3
0.0011416023492937613,43.715530850928886,0,2
0.01088749479675418,72.89865200529576,0,3
0.001795524233772199,19.480425458572565,0,2
0.0021596095537790147,76.38850813057002,0,3
0.0037527242854837957,65.10281528694063,0,3
0.00022533939751418237,9.50795328753548,0,2
0.0008858546709089483,23.47954505180881,0,2
0.0038258651407446754,118.29528067115726,0,3
0.006739579840347242,83.84002103623799,0,3
0.0017171332694602794,31.48535424989598,0,2
0.0009103024046313286,28.146438645909104,0,2
0.0031794831176421294,40.017103295420306,0,3
0.00047912124455065907,14.523276461327377,0,2
0.0002545273404547468,2.5803629455037935,0,1
0.0008948063972041736,44.473551147126216,0,2
0.0001821973117720041,10.704578350061434,0,2
0.002537753073290725,61.10645398454653,0,3
0.08436002414739191,356.2270396770024,0,3
0.0009065152688581152,30.114538818329,0,2
0.0005482779314049725,16.619576080177698,0,2
0.00034548152082522336,21.43271462960107,0,2
0.008824049658899463,96.67912570670106,0,3
0.005296527939213211,103.66945152644978,0,3
0.00047286991663892796,15.708791621988478,0,2
0.0012197658420743493,13.233771572952785,0,2
0.0002688422852300382,5.262075944237457,0,1
0.001526412281685986,31.249492018045785,0,2
0.001072129952829241,32.15535026765581,0,2
0.00037884991655450656,12.585436683016392,0,2
0.005878588117431557,64.40770185488368,0,3
0.0014166534252167138,22.425795295183477,0,2
0.0006279851269128633,19.03568609300718,0,2
0.00018811086493026547,3.4048480216247023,0,1
0.0006375658919898617,10.08366230710306,0,2
0.0001538865331969207,3.150443722524498,0,1
0.000293154544622981,22.41100043730185,0,2
0.0003046682113324593,10.23037067864156,0,2
0.0007920869227726351,36.2751977697336,0,2
0.0051575934247510115,81.64532856125824,0,3
0.0030052158777962037,72.36247201626175,0,3
0.0017651156479785123,27.916848047890475,0,2
0.07377230395184903,276.4580933198292,0,3
0.0023813263841794097,71.42080471013102,0,3
0.0010907054954750503,13.727663542266493,0,2
0.0017461699335563424,34.56912078824979,0,2
0.00045645670969675264,17.75012916382656,0,2
0.00026260505387944833,14.890693885113365,0,2
0.0005787431201617723,35.903616808921306,0,2
0.006698708651276118,116.2101872690171,0,3
0.001134948170593987,14.11869593531473,0,2
0.13365812433136248,1240.0880416173063,0,3
0.0002933210926571165,22.42373265699383,0,2
0.004214487251089335,52.428001174933996,0,3
0.001982573182104825,24.663106785746717,0,2
0.0011214952753131901,17.737428832610153,0,2
0.0005124668853108504,5.390155163681448,0,2
7.732942090225511e-05,2.0644434113093957,0,1
0.0021403945561863148,30.382101193698624,0,2
0.0015625692121833004,16.952994835300647,0,2
0.0024544673704137267,30.53344582941302,0,2
0.0017100044565925162,96.96368188324325,0,3
0.0011401720876836803,20.6373655158123,0,2
0.0001237918401888429,4.378696127833151,0,1
0.000908900495369522,17.789996942992403,0,2
0.047640551942795234,145.10947177429375,0,3
0.0015226823536901102,47.08115152426146,0,3
0.0024471701323498687,30.442668569216817,0,2
0.001212143536950826,36.74288272159195,0,2
0.0013093344396704698,39.26959359171494,0,2
0.0016237539920224576,95.39988082030655,0,3
0.008786744180713625,94.28540607923901,0,3
0.007764911278663302,84.24490881899224,0,3
0.0010761319452862108,13.544240249325638,0,2
0.008543406477742481,86.61187228121467,0,3
0.09666801330501888,533.811582881345,0,3
0.00834410919777608,103.80028239774806,0,3
0.0013795120654183299,25.47449961683347,0,2
0.00033467450913317917,13.97959582925733,0,2
0.007453750337394452,79.9818297791189,0,3
0.0009072592507377753,34.741799357678126,0,2
0.062241683586157205,231.02710648913308,0,3
0.0015890631438888738,16.713854408861913,0,2
0.007108330736827059,77.12138017915944,0,3
0.0011109764528569705,39.29684125236119,0,2
0.04679456627798615,102.97553791219848,0,3
0.0007432036881655984,34.0364927084413,0,2
0.0012250089411338706,22.17293121924908,0,2
0.0007250361056987198,53.61867781319631,0,2
0.0009995174950083166,17.339777160102006,0,2
0.0034820081867264906,63.84609931562304,0,3
5.930088123621755e-05,1.9699819201045377,0,1
0.06721530171385186,328.57171263702503,0,3
0.0008768124476083968,29.44224576449997,0,2
0.0026230375264662815,148.73608972394237,0,3
0.0060606511852832135,76.27960128904452,0,3
0.0003118020406195266,17.680348001796073,0,2
0.0016731929734104597,50.71836075392634,0,3
0.0001824525900908458,7.094992737731367,0,1
0.0017530321638691072,27.725737176397327,0,2
0.0005359007756020511,20.839452644371793,0,2
0.008301050039302118,87.3109053791481,0,3
0.0014745481233777434,39.365627240550594,0,2
0.0009122646935247569,11.348525116929565,0,2
0.0005636221109556501,41.68161025112096,0,2
0.0004046093320249172,7.323517884980403,0,2
0.0011757159241599737,31.16230677106235,0,2
0.0013950024403648524,28.559202614109886,0,2
0.11660023138518265,387.50607558590934,0,3
0.002426633690908939,30.187196310826256,0,2
0.0009462512208692381,25.26182241602694,0,2
0.001035682297463055,21.20301708530219,0,2
0.004789207730035985,67.98101474844674,0,3
0.0020636176411321103,117.01487894488245,0,3
0.0007281432395083388,11.526595668441484,0,2
0.13543843184682217,457.0877937643136,0,3
0.0003464237253769521,6.780584945033438,0,2
0.03254000503897409,254.04086088610083,0,3
0.0008190392310986767,14.208813576108712,0,2
0.0025836786125041323,118.32470647785357,0,3
0.0012756275387418986,42.833948813164085,0,2
0.030886941804798188,128.73454778683873,0,3
0.0007052352159549109,29.45818404019963,0,2
0.000799584345905676,21.346295050852596,0,2
0.0013835242617469881,14.55198503023391,0,2
0.0010510433972845225,11.403228187853953,0,2
0.0008562589109478939,22.859321154308397,0,2
0.000363887392175174,13.934388387286413,0,2
0.00048506508448735534,6.885317681186425,0,2
0.0008911261826480148,44.29063760202068,0,2
0.0002922360011172233,8.764749974521072,0,2
0.0015314315739555784,16.43289537777836,0,2
0.00655687997620508,71.83928558515657,0,3
0.06681289786961615,231.99215232004116,0,3
0.001513463103504546,30.98438982706092,0,2
0.000915451747430162,28.305655693361388,0,2
0.0018443524318935618,55.90660102252989,0,3
0.004645753692230997,65.94473826818812,0,3
0.00019169994468208688,14.65502624094132,0,2
0.0027119626954654227,28.52457426162772,0,2
0.0017343631127994062,27.43046980255243,0,2
0.0017465088456093652,58.01921957024447,0,3
0.0013550653160691755,16.856941722774028,0,2
0.2655773790800779,599.4899854028481,0,3
0.0003601282876991245,18.141624908165262,0,2
0.0015909373137876937,29.171425308023924,0,2
0.002366499282862437,37.46197025963001,0,3
0.0004972951663993595,6.2589771059625114,0,2
0.0007232143405394234,30.209185052216743,0,2
0.0006932544648093337,52.997732421254426,0,2
0.0023816283631419685,72.19268095383356,0,3
0.0008524858659867804,39.04128763586429,0,2
0.0018088562087373128,37.03182838275782,0,2
0.00014475646007896238,4.808825825672997,0,1
0.00036670391582603075,6.637421516216778,0,2
0.0006625302470996562,25.370359017460054,0,2
0.0006334740719242016,31.91154206552741,0,2
0.005691899583096173,80.79438840758563,0,3
0.000746726822121159,13.789290156180163,0,2
0.0005845223760892522,10.717801818577339,0,2
0.009257480178450784,99.33659839688755,0,3
0.0011728568116328602,21.22896620680359,0,2
0.00026605902327795077,10.346177256376874,0,2
0.004797717559668067,48.6385965132159,0,3
0.002120848778518427,105.41015008550218,0,3
0.0003900680357584211,16.4585008385778,0,2
0.008260512420811163,86.88452845627663,0,3
0.0021788136386943196,23.871782889883992,0,2
0.002417121826457455,80.29705794495145,0,3
0.0007029449899247511,8.74459894217571,0,2
0.001426189248424554,109.02893527106616,0,3
0.0008382477420311495,16.407103796485053,0,2
0.0065937040820709,121.7613939906296,0,3
0.0035960826100937394,164.6897633669113,0,3
0.0015036360612131114,23.781319647972424,0,2
0.0012938560713179354,14.037608781518884,0,2
0.0006502508790166688,29.779533733122364,0,2
0.0007942423204544659,45.036525724744024,0,2
0.00044561956669875744,29.936977349245776,0,2
0.004421868051577716,69.93571136547952,0,3
0.0020504014606459436,22.464857772311774,0,2
0.007960766084376463,86.36982302044686,0,3
0.0007384832421405808,33.8203104837437,0,2
0.007168392596913221,90.22167956203323,0,3
0.2922799814851913,716.8421797213953,0,3
0.00011243867004550175,6.3756953332110395,0,1
0.001133603862845814,17.9289367367013,0,2
0.005166551468605783,102.28279524501377,0,3
0.000575327966028287,22.372648909790723,0,2
0.0009479734373992589,36.30087313163422,0,2
0.002582775146217432,151.74493325056906,0,3
0.0005915886068099145,24.711083141097646,0,2
0.004924143601160964,61.97547080396871,0,3
0.0008736690357299837,44.011471693481006,0,2
0.0013931166911280107,25.215718461759053,0,2
0.000898619445700753,18.39699636370151,0,2
0.003198176088500176,65.47469471321453,0,3
0.0026035405129254006,26.3943333343597,0,2
0.0006248407446360872,26.364482543603554,0,2
0.0014039036312058371,33.80453896082799,0,2
0.00035850984890142135,15.126937118315414,0,2
0.0003727686207996697,27.567400327277696,0,2
0.00018082175935284447,6.071764483906414,0,1
0.0005222217670477375,39.922670360532855,0,2
0.0008740432450346107,36.87931376736716,0,2
0.009003734678011991,96.61380403101036,0,3
0.0045948187725898945,65.22173611031205,0,3
0.000238529635667335,3.772554847309773,0,1
0.0010304638532010679,16.297687260097376,0,2
0.0016183750676609875,81.52637390918179,0,3
0.0025492272369418995,76.45649158425368,0,3
0.0022248752691807682,23.873833574306694,0,2
0.0015964368494242875,31.604838233678393,0,2
0.0010353003181551548,22.47173731197004,0,2
0.00025052359446528185,4.346120326127564,0,1
0.0009423358189193684,22.690466209195947,0,2
0.004168429777088561,90.4779582421512,0,3
0.0005004114417264231,7.921573728456337,0,2
0.0007379179716277156,7.761462211806755,0,2
0.000918904688198221,61.73254249246725,0,3
0.00303865832636493,139.16140839403297,0,3
0.003291714308084508,163.60435631633044,0,3
0.002331677224551629,70.67854605884274,0,3
0.0011003102191730798,21.536477903969217,0,2
0.0008523888316821945,13.493418440209744,0,2
0.0016306717782670892,29.51551777836004,0,2
0.00521323468095031,90.43996538574012,0,3
0.0026235945119347744,47.48763760571763,0,3
0.002209434553645644,163.39456552594984,0,3
0.0009554393488955754,31.739802239754866,0,2
0.0017373002133258704,66.52666851987132,0,3
0.006183032177348484,97.79006263297049,0,3
0.0009101952072773674,34.85422633259012,0,2
0.0004195308353191895,11.200105454178702,0,2
0.0006550196091250386,23.16898934336295,0,2
0.005436595570819003,85.98451473828649,0,3
0.0012469416693272038,13.1154017369467,0,2
0.000783627529371184,30.472747069288534,0,2
0.0005345432052474349,22.55447507949526,0,2
0.0005744266820852338,11.243308778388252,0,2
0.0015184404722930988,18.889320129008127,0,2
0.0009168354571730018,41.98830529209662,0,2
0.0002456223744082039,11.24876570003255,0,2
0.0007380610344617953,22.37234222179969,0,2
0.0012671718509581732,22.936089158873866,0,2
0.0004947671846808529,18.946185718103667,0,2
0.0025073087603343187,191.67807136187997,0,3
0.0007683206341112457,25.52369756552626,0,2
0.06880697800705833,383.55159775061264,0,3
0.0007031002157060728,21.312598697840734,0,2
0.001813270386520105,48.40840728790077,0,3
0.00024547748935085467,12.366039234668444,0,2
0.0006563702598909096,27.694836496478665,0,2
0.0010297505373584193,63.88286515054038,0,3
0.0023808748964418386,72.16984163014493,0,3
0.002494289044276586,54.13985410821461,0,3
0.0038258029178313536,102.13646416243718,0,3
0.003600830968439501,62.467747583963714,0,3
0.11624661927775165,422.32339806540676,0,3
0.16984406036360752,558.1968685185634,0,3
0.00028573612924540656,11.935404375472384,0,2
0.004411766575653487,133.7308800012613,0,3
0.0005679875309885205,32.20702849989326,0,2
0.002599901612799792,91.96227398629175,0,3
0.006690831634698223,84.2110779492182,0,3
0.0061352452871892066,120.08574696532669,0,3
0.000852203241436043,22.58761516724193,0,2
0.00023829430472027604,2.5569966332053164,0,1
0.007204509123674298,89.62371702588221,0,3
0.0006442800191113837,32.4558965284878,0,2
0.0046227359558075635,73.1126129846482,0,3
0.0016647683745075635,26.329768136884727,0,2
0.0016736706276743326,33.133843949531624,0,2
0.001974094157405177,90.40757259983691,0,3
0.0006670213122913896,17.807294265186314,0,2
0.00030394527411001167,10.097096066967866,0,2
0.0012571939494717453,23.051907247936157,0,2
0.0073636268046902605,77.45103573014019,0,3
0.00027849693665545853,10.82984758981533,0,2
0.004684910600469945,49.276149910040566,0,3
0.006171608777638494,66.22391955362266,0,3
0.0023391027477625147,25.099541752670074,0,2
0.0012762958357248105,27.702671630465975,0,2
0.00038442466424570175,8.344139299179716,0,2
0.0030672868078159984,117.45602236950496,0,3
0.00696486358152703,110.15541021487975,0,3
0.00040061297731166926,7.251182985855052,0,2
0.06058350122641817,256.1979828863801,0,3
0.0009618062371216966,48.45142296284574,0,2
0.00022319700730572594,5.374351744447038,0,1
0.000550398026105627,36.97605417702069,0,2
0.0008867931153519005,40.61245643044434,0,2
0.008403272252048,85.19121089869734,0,3
0.0007412358922521559,49.79665116860014,0,2
0.0003229558606930478,13.626774861737415,0,2
0.0005851550590800801,18.092922621039467,0,2
0.0014173951921560392,15.209237747074079,0,2
0.008060647533405796,86.49408817624838,0,3
0.004871360215900238,60.5994665321935,0,3
0.07124168106042968,267.0110011431102,0,3
0.0009105619272391764,11.460369296198426,0,2
0.0050436051277156215,63.47901841566715,0,3
0.0020028061356736635,34.74497671216589,0,2
0.000630076730755457,19.099087457899802,0,2
0.0011429481877707,22.371034970305377,0,2
0.0028584466514329815,31.012534319050154,0,3
0.003684704391430325,45.837530084652904,0,3
0.09419620762669824,280.9029091892423,0,3
0.0007480439722578223,19.82687761790537,0,2
0.0013301372838855233,75.42378498400083,0,3
0.0016079298243561787,29.482999968161984,0,2
0.0005361997857217363,20.532769829600518,0,2
0.001288029891346208,25.21073312895044,0,2
0.0030186689893009952,177.354859929599,0,3
0.0008202531805427096,31.897000509304213,0,2
0.0012235249063004407,32.66412578697107,0,2
0.0007579441206170597,31.659873035540706,0,2
0.003289517480478462,60.74525471482849,0,3
0.006533630834568399,103.33508709106307,0,3
0.0006216911543364456,10.78518998660534,0,2
0.001271818972962799,23.020203089079676,0,2
0.08993376142809678,194.19567764374938,0,3
0.0003710787529942331,14.430055809619285,0,2
0.001596830459611579,67.37654216522502,0,3
0.003188226646085937,107.05659200325739,0,3
0.0023817985253600247,26.09575058420925,0,2
0.0008134203620683927,8.91209506708607,0,2
0.0017727110355191494,30.753252923201664,0,2
0.0015378282231844156,103.31217954714441,0,3
0.00020192727228589307,15.436882253769312,0,2
0.0007121874065615616,40.383703600804715,0,2
0.0007736187733930631,38.97139460629484,0,2
0.00041746235693042246,7.55616046220541,0,2
0.001138590612911347,38.232423298648776,0,2
0.0014088326457834207,17.731624740968687,0,2
0.0009049735158425105,9.91518086155981,0,2
0.001018442029149582,50.618473242130825,0,2
0.00035112250894421787,11.66432909498484,0,2
0.0019078157923854173,64.06202556318247,0,3
0.0006308212825341345,18.91960880548932,0,2
0.0008341142138950235,9.138823562441367,0,2
0.17826118794933818,448.2661969489674,0,3
0.0014145178139350063,28.003366812908478,0,2
0.0013568479475479609,79.71843833690956,0,3
0.0005555538635338718,41.08493822937581,0,2
0.0021102282604663278,104.88229047891599,0,3
0.0016704983496769903,94.72353708792753,0,3
0.004119982636572567,76.08088303664202,0,3
0.0020530396711061698,102.03991065028737,0,3
0.0002622728757935484,19.39589589509122,0,2
0.08517262257430439,471.3475182259195,0,3
0.0010427971074677834,32.243158598884044,0,2
0.002438393532731206,25.647158613119224,0,2
0.0014659156141585963,15.72988198088351,0,2
0.0007366472662949626,24.47150473725526,0,2
0.004890246470485802,61.548840144375134,0,3
0.006491897996214733,112.62240547329245,0,3
0.0014934680280675344,27.384228563330872,0,2
0.0020228076878313662,154.63906259706175,0,3
0.0007233055729571932,33.1252189029059,0,2
0.001017838513415888,18.42310091988701,0,2
0.002618604758880659,162.45097101212863,0,3
0.003149951516163918,84.09343530075502,0,3
0.0017024410898320436,24.165515333652966,0,2
0.001106984516450203,20.036663178396946,0,2
0.0005653038996686751,25.88921767411773,0,2
0.002559191137082643,85.0166163646399,0,3
0.00026875766836009416,16.672979778252476,0,2
0.00043277987752078314,13.381500705533295,0,2
0.23310373444312088,586.4121798822742,0,3
0.00632149199667529,115.91087217462349,0,3
0.0013675863969571404,36.24782650482461,0,2
0.000505114041397531,15.61806417631153,0,2
0.00046886355720183955,23.61921314820541,0,2
0.0009319884959787297,57.817979452766295,0,3
0.0015903711681191602,31.4847552648502,0,2
0.0006026164901880037,18.073689917836735,0,2
0.0007267179384219009,21.795743877950184,0,2
0.0024203446654555262,121.92595408072313,0,3
0.0008774831584006891,54.43661959505281,0,2
0.0003866936069204875,6.115897662486393,0,2
0.0006239329401936486,24.26273958238219,0,2
0.0008486208023533811,48.11999009807494,0,2
0.0006455859277508118,27.239803211769257,0,2
0.0001762559529295376,8.878973119019102,0,2
0.0030630400754209893,59.953178434399014,0,3
0.0005311326420901122,15.929744430629833,0,2
0.0006513750189026839,10.302065729077588,0,2
0.0006669842846603032,12.229823307915868,0,2
0.0007205249392168332,35.8114367947775,0,2
0.1978087735957048,568.951427535092,0,3
0.0007522446874931061,20.08248051864501,0,2
0.3151213202280869,945.5864419142318,0,3
0.0008435463886632249,28.022705561770213,0,2
0.000390449369684851,9.401614638182437,0,2
0.0005778566677607575,19.403691262907085,0,2
0.0007293951290391636,53.94104116342727,0,2
0.003171456166748493,105.35612926242372,0,3
0.00047210407567434276,19.720128026380756,0,2
0.0046222548561304444,84.75366133014958,0,3
0.0005328523489482362,10.90882550215249,0,2
0.0014568616599644794,15.96184484511907,0,2
0.0017944859933411354,31.13100810826795,0,2
0.0002915793308053216,13.353456024125935,0,2
0.000662969919134546,41.128813636341434,0,2
0.0016727157090656393,17.593716735711062,0,2
0.009504685251020517,96.35718342317034,0,3
0.003071787239637978,32.30922880299299,0,3
0.0009635113221801405,13.676683304553885,0,2
0.00041605926682211907,13.970740515587984,0,2
0.0009496604572111133,47.839573822188896,0,2
0.0004635681191285802,4.699589423985468,0,1
0.0013523642989189519,21.38882439887129,0,2
0.002364329706742695,25.904356589803392,0,2
0.000769578771304968,45.21480681497008,0,2
0.003991286699426299,63.12569062036138,0,3
0.0011712098879241744,45.544574867606165,0,2
0.006885237084247533,86.65787281113796,0,3
0.007362622291489442,92.66626236474316,0,3
0.0009686607102631482,37.09305362746309,0,2
0.0019144219343636502,20.13599623850031,0,2
0.007802790272409808,110.75769323201655,0,3
0.0006773550149050993,34.122064358186435,0,2
0.008618951736891704,87.37773966139025,0,3
0.002772721088159041,139.677075293698,0,3
0.0039880250800661075,86.5621795156865,0,3
0.0005027358853536967,13.324995912942896,0,2
0.0007466018083294633,50.15713647954454,0,2
0.08599310227330352,316.0046854678082,0,3
0.0023035853528038837,39.962939004446284,0,3
0.0003995107951572639,26.839363706592657,0,2
0.25156188672780355,827.4810384514007,0,3
0.0005059924443048558,25.489597580886496,0,2
0.0005527783126143649,10.819583157520423,0,2
0.00466391981295251,101.2328297817199,0,3
0.007823233999208479,83.946542575725,0,3
0.001279696291944707,18.16481084138985,0,2
0.09720864992247294,210.88083224440786,0,3
0.0025215530302908997,51.622521803951805,0,3
0.07861484264318606,337.6144168273146,0,3
0.002297189395384498,28.912518772050458,0,2
0.006323452243464904,115.94681525818369,0,3
0.0008219427673893606,8.819786487843935,0,2
0.07332198592243228,265.54869212748156,0,3
0.07328872803397993,188.40155977592426,0,3
0.0003720054348992616,7.615885307024556,0,2
0.0008582881283692224,10.677059466947632,0,2
0.0010489543079124834,48.03895112640529,0,2
0.0007063579061759685,23.465288799784307,0,2
0.0008165334734802385,28.88196793197288,0,2
0.0760378430916327,433.96293347538494,0,3
0.004721099346645313,87.18129149575668,0,3
0.0007240355296471715,22.387089728633523,0,2
0.0014417027060366293,15.79575847105899,0,2
0.0012640343115313858,19.991808379668914,0,2
0.0004208449165838201,14.131436542213914,0,2
0.00046074084018022873,27.069754074934895,0,2
0.0038526541122134972,160.92814328216025,0,3
0.0024117270974541053,34.233565262374675,0,3
0.0026101726077886202,37.05042515345991,0,3
0.000804040294925201,39.96230613955604,0,2
0.001909448482019113,37.37381906048037,0,2
0.001537749135471821,27.83359750967755,0,2
0.0008778838092582769,16.211275945450048,0,2
0.0011214711860103926,17.737047839213744,0,2
0.0072143607731220095,75.88104731941232,0,3
0.0032052441949852782,124.64160840223208,0,3
0.15537593374524666,663.2242394731935,0,3
0.00040193896970661786,13.352457616159157,0,2
0.006457011794215585,69.2864121857941,0,3
0.008613190133012705,92.42309923069163,0,3
0.001684795603812029,21.204905707885754,0,2
0.00017436418985440708,7.283318073951418,0,1
0.0034704788824232013,54.88865940595905,0,3
0.0011427772304666852,18.090301962544,0,2
0.0023298956518283463,29.324161040335426,0,2
0.05662242017185635,497.23718778860984,0,3
0.0010423441208872214,36.86921657385525,0,2
0.0005776112519014913,24.127238937103957,0,2
0.0015607217362042462,65.85297345413065,0,3
0.00018890144104111492,5.043052576807896,0,1
0.00021904968441710992,10.031816452434068,0,2
0.00025875866974646395,19.781513768792685,0,2
0.0006559208344156816,19.67239523793861,0,2
0.0004166413439945953,13.840872137598618,0,2
0.0007363717846751987,7.90157438471781,0,2
0.0005166684725292864,8.178924494990312,0,2
0.002272088657851125,24.650880729996604,0,2
0.003189606391886356,76.80240377440803,0,3
0.00020308394659024933,8.568908495048737,0,2
0.001600159138741522,16.83056269902764,0,2
0.10658946830512582,459.502030989785,0,3
0.0008805016348416424,16.259617528312653,0,2
0.00011081507744387113,2.2686628767402492,0,1
0.005032523188133002,133.38683962551053,0,3
0.001951568767253406,51.72625747450519,0,3
0.000707226999979539,27.081937730192767,0,2
0.0011621481655671054,39.02345592688395,0,2
0.0020763761131216024,55.432472351659605,0,3
0.05698032678497553,344.66104130236573,0,3
0.004041544884984616,134.26057398701994,0,3
0.0018393020691261728,61.76142195754052,0,3
0.004681325204220188,140.40243093784773,0,3
0.00202529735889977,21.302190112132223,0,2
0.004765423547672259,82.67127169139961,0,3
0.0007416940273593397,8.046961963129483,0,2
0.0007379072078836007,30.822916727140203,0,2
0.0013254985453499504,25.94411070282184,0,2
0.0005845032528908294,26.768490283172703,0,2
0.0019148527405335944,50.753100554074116,0,3
0.007566582576266505,95.23331476983341,0,3
0.00018281075848997275,9.209174405297174,0,2
0.0010582868678203465,41.15336284282522,0,2
0.0022259905061861466,68.82735329488577,0,3
0.00602116615559278,111.1887302537114,0,3
0.0007534327607363978,34.50495345414814,0,2
0.00044925024045317224,34.34416255836118,0,2
0.0006653545370620752,25.873491881488455,0,2
0.0029785430729112666,150.0454505998572,0,3
0.0008524852668345001,32.644331894832405,0,2
0.0003325902163893872,15.231631187107292,0,2
0.13118981289473267,366.17921051725415,0,3
0.000892462802921629,29.967764772231625,0,2
0.0002073340175799562,3.828694568028647,0,1
0.0014411135332657273,34.700514693031025,0,2
0.0007933876326378256,21.028709647095667,0,2
0.0053924922206915055,56.71853269278341,0,3
0.0007675115905872078,20.49005705466428,0,2
0.007966042043160705,80.75863156300805,0,3
0.0011978079135211571,22.119094134042054,0,2
0.215213544144554,480.6851684469639,0,3
0.0022061955197587965,24.171787584310056,0,2
0.0012794847771159484,33.91269635297241,0,2
0.0018764322861728445,85.93495275009342,0,3
0.009452484339046495,99.4217552980505,0,3
0.0011800893635916774,12.92943856143824,0,2
0.0005278082592553176,26.233057438134207,0,2
0.0031706384832466588,76.34567626664787,0,3
0.0006700893318676899,51.226810516724484,0,2
0.00040715871771973674,25.25899673301512,0,2
0.001993516155230045,66.93973464664802,0,3
0.0002884213326715839,22.049157112481407,0,2
0.00037805258311858925,8.205829930672815,0,2
0.0023406347524389907,29.117374010146587,0,2
0.0033767651657265773,69.13086153672327,0,3
0.0013436933530606785,24.637960242680304,0,2
0.00103183187444923,39.51207543358863,0,2
0.00011821580555780376,1.8696863768647236,0,1
0.0007894273013272826,12.496729789282478,0,2
0.005283301519980191,104.59410902406644,0,3
0.0016934766693555683,26.78381493314062,0,2
0.0010916348113153825,17.280711273408347,0,2
0.0007078700103738051,43.914290671626695,0,2
0.0025560124400438324,31.796661189359803,0,2
0.0005064017780111332,17.912162070800363,0,2
0.0007957164022385913,36.441417008611936,0,2
0.00039643016797542586,13.169454605315858,0,2
0.00046848409744274714,12.506997944435707,0,2
0.0007166142312915617,12.431929548416843,0,2
0.0006716913509971155,25.721166389489113,0,2
0.00040057023568665167,16.732107893826395,0,2
3.9969851351421065e-05,2.0134992879493434,0,1
0.0015227758387656035,27.56257754660277,0,2
0.0005396340819927384,36.25292625540963,0,2
0.0018514888341691386,104.98637803815593,0,3
0.003861649330906433,147.87465229477135,0,3
0.0024701431478098947,96.05589970601035,0,3
0.00010098903286800739,3.028865779277215,0,1
0.001129712450094082,47.18890451650958,0,2
0.0006076639610112595,18.419704410370095,0,2
0.00599433685433753,118.6705547844466,0,3
0.0003827113005207996,4.816819929090524,0,1
0.0009620486321709019,73.5464372350636,0,3
0.0008693913915306435,36.683033816750026,0,2
0.00015229683417855835,4.616470365521997,0,1
0.004976143575222662,91.89101768521125,0,3
0.0016589650631344544,30.027632456274173,0,2
0.00022276485485267074,11.071829836071036,0,2
0.0017739997210502985,17.984563612513426,0,2
0.00210354698322883,23.04713720830262,0,2
0.0003842623068417023,29.375982343181175,0,2
0.0023853557556850024,26.13472474358621,0,2
0.0013199089029952305,16.6124269126093,0,2
0.0024209906809884987,73.38584412650802,0,3
0.0002698513408755515,12.358379462222594,0,2
0.005379393400894906,85.07981238203607,0,3
0.0008841403796035382,23.603665461975336,0,2
0.005060012847516307,87.78185038417551,0,3
0.002690283210906182,152.54917285885097,0,3
0.0011659519341977217,18.440549782343798,0,2
0.000912509361549029,45.35342157798885,0,2
0.0013187379941714652,40.775216954424096,0,2
0.005004687211014696,52.63957806112357,0,3
0.0003704606125397882,15.474407200533069,0,2
0.0009220056673646387,52.28118785318229,0,2
0.0046837002093668865,140.473662155834,0,3
0.0046069953119480846,94.3167615690823,0,3
0.0016337362063184413,20.562270063002046,0,2
0.0007411334837834475,49.78977130910294,0,2
0.0026587198149741536,27.96456268734774,0,2
0.0007625954087688634,43.24202684759807,0,2
0.00040075175452867833,12.147715405190322,0,2
0.000306750552758294,11.74643978346793,0,2
0.0011222208498473541,29.744421819251652,0,2
0.0020184402931759855,36.534213170172464,0,2
0.002281080554770513,32.379086391202364,0,2
0.0011255446177838588,39.81213828048268,0,2
0.0023471110163460506,29.54083431541926,0,2
0.0017174520910241725,31.491200161835494,0,2
0.00212129840624735,22.76241091521457,0,2
0.0012489893265119883,37.85976408370836,0,2
0.0005615397215220022,13.521292325413066,0,2
0.00469781917736254,49.411923038778816,0,3
0.0018413453768076128,20.174372089383585,0,2
0.0012473443836049512,12.645404701852572,0,2
0.00025339211476030745,8.962844966452087,0,2
0.0002939547146416616,11.430950717476971,0,2
0.00038999037647189196,17.860385808782716,0,2
0.08732033899218408,256.65157149033223,0,3
0.0004324853369513963,21.49532995448764,0,2
0.0033464242966603393,65.49988509285528,0,3
0.0008756054715288771,40.10009600561,0,2
0.00547489203467123,57.585218512960445,0,3
0.0013043412409143044,43.79811837813153,0,2
0.0045880427483534604,93.92875500501198,0,3
0.0016287073929217148,68.72155504892892,0,3
0.004170789234402289,52.4937222312653,0,3
0.12277571540765425,475.9141647417613,0,3
0.00020071143870204063,14.843235916943133,0,2
0.0019214630531441683,21.052167115622893,0,2
0.00021602855596610307,9.02366872160692,0,2
0.0005094762434902452,37.677354739258256,0,2
0.0009410433406601295,25.122788994346816,0,2
0.0003673137818711331,18.503597417687473,0,2
0.0004422510364242672,4.651620965088852,0,1
0.0063325231172469505,116.11313879256701,0,3
0.002724438276864184,124.77107557682665,0,3
0.0010565260672944518,20.91616430587107,0,2
9.621346585908726e-05,6.463675662749929,0,1
0.12231103355531697,418.05070808503416,0,3
0.0016285881984645775,20.259552086796578,0,2
0.0018385908858011895,33.712401005587516,0,2
0.0006626158846708479,49.00250808866024,0,2
0.0009072876168977067,45.70502288154843,0,2
0.0008717530872020028,36.7826830231044,0,2
0.0020616069536609012,21.68409644657601,0,2
0.000604652225815727,20.086614700768738,0,2
0.001899277066365875,145.1954265952944,0,3
0.006072178492134297,105.3410495121917,0,3
0.0007666417347515351,35.10988471984449,0,2
0.0007767562111143178,15.203524138861908,0,2
0.0011838868648175985,24.23713670039612,0,2
0.0007814670240060033,27.641616982383162,0,2
0.0008694029067771845,28.881661991076136,0,2
0.001509508378471076,30.903426675853517,0,2
0.0006343080086515372,42.61317479419201,0,2
0.001335164823175785,18.952165922282585,0,2
0.0018058382907268368,28.560912266014352,0,2
0.0020166928621750658,22.095535527431164,0,2
0.004221194908947299,130.5188285921617,0,3
0.00530631866624494,58.13773371688976,0,3
0.0010141487097683488,26.87997377245549,0,2
0.001768657959992033,135.2098919898907,0,3
0.0015009253188099875,36.140720266835956,0,2
0.0004117892994042475,17.375006173947583,0,2
0.0014073095371804362,27.860663754623445,0,2
0.00181273169135819,19.667116670270225,0,2
0.0007098840509088492,47.69041653643417,0,2
0.0022492788679283134,111.79336568168807,0,3
0.003134708616767899,32.97103934249168,0,3
0.004776055001621183,103.6667829632285,0,3
0.00042190577672785687,14.015757182945935,0,2
0.00031626180072839437,24.177497788892524,0,2
0.0012732910752968703,74.80924907940202,0,3
0.0003673378755938441,5.809769839688758,0,1
0.001213750519879839,21.056323323784593,0,2
0.0001505153407891805,3.6242528253452098,0,1
0.0012948815428722622,34.32078705576971,0,2
0.005710453922221053,61.27553686326478,0,3
0.0010534013918478788,40.33803983692365,0,2
0.002697777038782442,55.2302697320947,0,3
0.00046692032169399643,23.52132178311228,0,2
0.05284175372648854,499.2568680952839,0,3
0.001622609792506406,49.185067190098096,0,3
0.0029799280784553127,58.32641931227503,0,3
0.0023468177432492314,25.461649167594764,0,2
0.0001840005441439137,10.810523064726755,0,2
0.0016069007180595908,27.876751041090444,0,2
0.0059289540684621354,107.31537244162169,0,3
0.0004474491206615079,26.28883007769593,0,2
0.00037559518262294834,22.067219440230925,0,2
0.0005580136771026149,9.68050370460794,0,2
0.0024154689727150127,85.43862520820328,0,3
0.0001730022354597534,13.225628753356167,0,2
0.08989126503791134,297.5448552629353,0,3
0.0015726614470343819,34.13544292287471,0,2
0.0009848710777717658,38.298459566471976,0,2
0.0005251071280106521,16.236247960991815,0,2
0.0002884681886594176,3.6306723061286013,0,1
0.001195048395653517,54.72962076559592,0,3
0.15914182189222467,338.4637859121281,0,3
0.004940204335319158,91.22735248350571,0,3
0.002765322454748323,29.673055824052476,0,2
0.001051067097861886,77.72968495961517,0,3
0.0013834262534143278,27.387843724072845,0,2
0.0002110236345553935,3.6608691863616434,0,1
0.0024330404841915207,93.168743401792,0,3
0.00013753175997136704,4.124856229542192,0,1
0.008075785683863102,100.46235190595314,0,3
0.0012518978315151559,33.18150538751642,0,2
0.009225910327321807,98.99784081246963,0,3
0.0065070083983676036,80.94684445106432,0,3
0.14635617266224255,303.2374519486422,0,3
0.00043584824790035353,11.635727168395091,0,2
0.002433227461561063,26.659222547779564,0,2
0.006163015449557754,64.82293881122101,0,3
0.0003939912565612925,7.275565300157631,0,2
0.0006438847097743031,24.656362972617583,0,2
0.0024925280716676227,26.74585905401855,0,2
0.00031762510065118805,11.234858422028049,0,2
0.0009136418659435753,45.409709164077384,0,2
0.0004369028638284738,4.740149707457122,0,1
0.00036541722475588257,11.29865574826787,0,2
0.09798888889848524,389.8066591546302,0,3
0.0002455880120096189,2.6644914457219064,0,1
0.0021546185540160918,21.84322465533545,0,2
0.00113594305842119,44.173161619474705,0,2
0.0015090913350914387,75.00466121674376,0,3
0.001695848499512268,26.845487135209797,0,2
0.0015631094038092938,105.01058372031844,0,3
0.5487805769718654,1222.2593120473161,0,3
0.0017997608038560293,75.17730792348608,0,3
0.0014289487889774593,31.016084178723183,0,2
0.0009349844041118476,36.35852773458919,0,2
0.0006145914951818807,20.416798342937163,0,2
0.00020191543228122204,8.43415335781671,0,2
0.00043420790314561834,13.161848886478063,0,2
0.000653652848575247,19.81373428451413,0,2
0.0008695819960320084,18.874734068343404,0,2
0.0025368911759766715,49.654815345854594,0,3
0.0004772298663425137,18.274626850572858,0,2
0.0024880307785905063,190.20431335534278,0,3
0.0006567345880095396,19.696801357526084,0,2
0.0005596085074990094,27.813589239399857,0,2
0.0008539695994055344,42.443885935458944,0,2
0.0035088692755554725,148.05296158631185,0,3
0.00018486336639192131,7.721876256690286,0,1
0.001253388258756877,13.73252482837596,0,2
0.24146834849504412,793.8120763119504,0,3
0.15392183345373384,369.0772977050755,0,3
0.00040764282083824763,23.114880577861975,0,2
0.0009057084337201388,30.087735664629015,0,2
0.0002457013683530769,16.506358447310223,0,2
0.0007926665104912231,30.353684288854303,0,2
0.0005927546412411299,29.461014066620134,0,2
0.0006686553563856453,33.683815136784204,0,2
0.00017894068321917122,11.100983317143998,0,2
0.000394264985294007,13.238916287086655,0,2
0.0021380146248410163,81.87127886500518,0,3
0.0016225270218428553,33.21720207998993,0,2
0.0009870250140044917,49.72183022180733,0,2
0.0009436087225546283,10.12531260227829,0,2
0.0013794760265696633,36.562960694781644,0,2
0.0011503615173557807,38.62767528494157,0,2
0.0019665796559871426,20.68459405153597,0,2
0.0048462908598903304,50.97355644217855,0,3
0.0009404697111187909,22.64553227466688,0,2
0.0004295365986846664,13.281218921910733,0,2
0.002200812315871483,22.311530618821017,0,2
0.0013956719258158103,15.291430440350569,0,2
0.0035686711283673977,37.53548114310354,0,3
0.0018834399781785843,19.81012630251296,0,2
0.0009642745533898218,19.08985080351162,0,2
0.0044446701783310795,149.2463663004621,0,3
0.0006479011553571622,25.194786161917396,0,2
0.0038278151871309718,116.02995867509006,0,3
0.005292430693970993,108.3493448733468,0,3
0.009091144822317774,98.63379491803518,0,3
0.06649133623615645,193.341597786914,0,3
0.0012194984746392134,23.869361108660463,0,2
0.0011434928152149778,70.93912036441529,0,3
0.06381182397392113,353.2425593224071,0,3
0.001240202603585206,17.604212687753776,0,2
0.0008116377720924353,8.70920961816018,0,2
0.2877965607948325,859.2133102248007,0,3
0.0017522023822017735,31.715248434679445,0,2
0.10863420886684656,409.16067716034473,0,3
0.0005075099120954811,23.242426938347776,0,2
0.0051082268069194674,136.37300075412037,0,3
0.0003759157496751658,13.296682842610307,0,2
0.0002960962960071264,22.635890662494514,0,2
0.17628730264778858,368.05527264724583,0,3
0.0005979912297334247,7.438979649768942,0,2
0.0005027666927988251,38.435374033399825,0,2
0.12303922433377777,401.7914721055458,0,3
0.004588097634364317,122.48724768907996,0,3
0.0014985545550837605,18.860868325377663,0,2
0.0009341949412154632,28.31761595704217,0,2
0.005949558317091491,109.09109652445278,0,3
0.2096721603518818,439.29376569059616,0,3
0.00167757273000936,34.34412593838348,0,2
0.005247857332307164,55.19725490329179,0,3
0.006830828860347813,73.2976242063954,0,3
0.0028057264523270566,122.42173896506924,0,3
0.006754661087971852,81.63814277459883,0,3
0.0033238872155135317,33.87954812309511,0,3
0.000541002646557127,20.229188686827083,0,2
6.166639348682459e-05,2.305831805851201,0,1
0.00023512993350069614,15.151996591956934,0,2
0.0009441460828849084,15.037098570638854,0,2
0.0006080275566904618,18.59175984082802,0,2
0.0008793978573352341,40.355915605989445,0,2
0.001970715721607494,35.9201309590768,0,2
0.0011089991209904469,14.62541920075454,0,2
0.00029413749262523724,17.638286157879204,0,2
0.0010177223791622374,44.40609074251453,0,2
0.0027682474063964483,165.10054528945054,0,3
0.0012674341805514477,38.754545973424,0,2
0.0007963392884295236,17.37670022012697,0,2
0.0011633464129433549,44.84185324235802,0,2
0.0006349139973795333,13.10847119826332,0,2
0.005923167592036473,107.88817710369825,0,3
0.001799916298441719,57.595343829872384,0,3
0.001962322141547296,19.84292850500575,0,2
0.0007445829986848181,7.529195587272812,0,2
0.0006545107761560148,24.473488388052772,0,2
0.0012676191937143204,27.660369195010784,0,2
0.0010306768438939076,12.967117569750807,0,2
0.0009484325766702581,15.796624247785003,0,2
0.001849682469797479,33.69124151668738,0,2
0.00021933385442868912,10.065317358950892,0,2
0.001245044382438121,39.89528989467173,0,2
0.002629236652599349,26.51773964209008,0,2
0.0025026127191345,39.85827492581713,0,3
0.0009530941494634843,9.612638894595268,0,2
0.004989462344048971,96.80493546977493,0,3
0.0007095814206906736,32.562972140668634,0,2
0.0007519359832630631,24.094485672687156,0,2
0.0005502991100607503,16.444542734233632,0,2
0.0019862376217770084,25.763002050961617,0,2
0.0023799516888890816,76.15583899024878,0,3
0.001249399504347898,24.24069570113585,0,2
0.0023415140091683907,139.64981555598172,0,3
0.0026616619884837077,27.12965259632459,0,2
0.0003302147575973425,4.640156709883976,0,1
0.0009844917778469324,11.758164943643042,0,2
0.0025755734236357695,25.976507443534192,0,2
0.0005006262961637972,32.26083476647357,0,2
0.0020346687715965977,35.72733704916085,0,2
0.0005632051139954548,33.773229239054395,0,2
0.00021482176981376872,9.858256010770468,0,2
0.011967711349400074,65.86543239208227,0,3
0.003012188647746178,116.10653523122855,0,3
0.00041700926520777846,6.641566956078165,0,2
0.003142957533114636,52.34754730975292,0,3
0.0005897031548216233,19.4994567467768,0,2
0.0023707688702343964,141.39459945904048,0,3
0.0019718760748962975,22.85537610605739,0,2
0.001082941377102141,19.725352907927515,0,2
0.0006326983739066284,7.556560661419297,0,2
0.0031404138920874494,149.10864752047306,0,3
0.005887386553533208,128.46704000063528,0,3
0.0012863386626748084,41.21849355252714,0,2
0.0011669416751291732,26.08468412008477,0,2
0.0002758677324495309,8.435253588591069,0,2
0.005384140213179494,111.16127098027314,0,3
0.006891802429385852,86.70691778784109,0,3
0.004130318917517512,51.964232359845724,0,3
0.0008676084757725253,37.85619879543573,0,2
0.001750898364010037,31.891927731516944,0,2
0.0020739148604724095,50.39547618355026,0,3
0.0021025097086172493,24.369508190118665,0,2
0.0017982989188168714,85.38426106760004,0,3
0.0009851576444319687,32.57577769304702,0,2
0.0002001252519991957,5.980326332595271,0,1
0.0008257902287653971,53.214707909095665,0,2
0.0007374477734328919,23.630236093007415,0,2
0.0019976386309714135,31.81572168434757,0,2
0.004943561216360989,113.09107678997164,0,3
0.005297848135259653,68.717091488916,0,3
0.0012982296734282883,17.12098128246482,0,2
0.0011128864620644934,34.028914652210524,0,2
0.0005183611271529818,30.915482681230802,0,2
0.0018833954466686135,24.429061368742282,0,2
0.0005028450821292036,16.090490109715326,0,2
0.0007719003184397591,46.03676795254388,0,2
0.0019948089240354166,91.54257076812466,0,3
0.0008349019379822609,10.504040770070091,0,2
0.0008383868304409367,31.348987834849225,0,2
0.005424973710110492,124.10408035470817,0,3
0.00321286575719721,78.07162330226727,0,3
0.004773111743564966,86.99925465216779,0,3
0.0013351414140934576,29.1337529634288,0,2
0.005441223460632637,132.22001179798912,0,3
0.00647877326907377,84.5340730856463,0,3
0.0004768822615150403,11.588088359164596,0,2
0.004774064369662749,104.17354334836486,0,3
0.0027784981198080657,53.90807919649286,0,3
0.0003708184540813403,17.606672261581508,0,2
0.005464987970031978,87.03903377073466,0,3
0.0007202234421544779,13.973686748982331,0,2
0.0009615374895901813,18.655632253155915,0,2
0.0017471051183654916,27.82555830540055,0,2
0.0005498189948065922,29.845027663137955,0,2
0.0016588202143057802,53.15401946015342,0,3
0.0007999652673948132,43.42335525047869,0,2
0.00329945077940745,143.9643204381881,0,3
0.003035191852732047,90.70038678299846,0,3
6.934308160999463e-05,3.2924491704166,0,1
0.0017201461231526095,35.5142365819846,0,2
0.0013547393963220724,43.410276541437135,0,2
0.0020296024000141825,24.530167887043028,0,2
0.0007941970715670815,14.465988507174457,0,2
0.0011612446776598337,13.869192985758835,0,2
0.0028353832970521783,28.90035029213773,0,2
0.0003138804342720065,9.379663024088853,0,2
0.000979764576173371,21.9007085154467,0,2
0.002227817780844685,22.469142069829697,0,2
0.0003688866562669547,17.51494939660762,0,2
0.00428023164232217,43.16920965890351,0,3
0.0009771111791742587,27.0385596159089,0,2
9.555271160240833e-05,4.384951740768517,0,1
0.00037888580508018717,11.585254348489496,0,2
0.0007414492619373287,28.579586115135303,0,2
0.0011307943548400483,31.291270869006308,0,2
0.0011411327512380078,44.97253016317441,0,2
0.006887395409210079,89.33472013006899,0,3
0.0016034997438537648,103.33104889005605,0,3
0.005639521459193686,68.16034913815452,0,3
0.0003754565199983905,14.472186428165886,0,2
0.0001917424088720433,9.104039225932642,0,2
0.004056674793020453,151.68731678365367,0,3
0.003398200025829536,110.14230175019688,0,3
0.001919139139205688,30.56548655990639,0,2
0.006100344237155585,125.94806078033926,0,3
0.0003854852431291804,7.479137332337897,0,2
0.001324622450563552,40.50320122774293,0,2
0.0033206950346383766,127.99809046484897,0,3
0.000774356629383095,49.90027783654001,0,2
0.00424916692995377,50.74943921292743,0,3
0.006684170858081006,68.13007589198794,0,3
0.0014131741539226816,19.85783306679118,0,2
0.0015399623882994973,24.52646539313001,0,2
0.00810768717970876,102.00416697133704,0,3
0.00046306923685948985,8.434624727610341,0,2
0.004471937820270005,97.5809231503929,0,3
0.0035871297529384252,46.80433719606687,0,3
0.0024176784891170424,28.875266503399633,0,2
0.0003644965813503146,17.3065061289915,0,2
0.0026029543258752944,59.54632595104011,0,3
0.0008353148683949031,53.828484747532386,0,2
0.0008406895123882279,54.174831919316865,0,2
0.0008076366856904743,14.181525998597092,0,2
0.0006730614081431574,29.36756288084448,0,2
0.001133800483223593,37.49088554355893,0,2
0.001983612444728597,59.27612641767858,0,3
0.0004211980129795016,9.41505248697326,0,2
0.00032160565588931756,19.285445517126508,0,2
0.002720179009074129,27.50634896027564,0,2
0.0001041291574920717,1.3586618089877986,0,1
0.006808521360203252,108.43704027330762,0,3
0.000846216092461448,40.17882399988839,0,2
9.166113018614748e-05,2.933055450120866,0,1
0.0014142051095755621,18.452338602682126,0,2
0.0005257084568542693,7.387221701610346,0,2
0.006056981118076306,106.35628212650414,0,3
0.0026787403998028625,32.37577553737117,0,3
0.0014893035831079614,24.805104413252977,0,2
0.00037180373955049103,11.368704851585449,0,2
0.0009694360437062865,26.826173745872783,0,2
0.0007882220492945989,10.284604439061257,0,2
0.00010553418842326496,1.3688581280434473,0,1
0.0019394419290615261,35.35010520065749,0,2
0.001824962500025128,33.26349471796771,0,2
0.003423337239137756,76.52196542688979,0,3
0.003748302626919875,80.26570643292989,0,3
0.0008167934064968921,10.276214310033234,0,2
0.0008626814928087866,46.82768922236348,0,2
0.001033351184809121,18.834837251302744,0,2
0.00406302993342761,53.01381219513507,0,3
0.0006735007100488752,40.387228929405886,0,2
0.0009570010479766334,31.018273615534515,0,2
0.003611547509053388,80.72903553462395,0,3
0.006948349852850268,70.26145526195808,0,3
0.003427601339741975,102.42672698685793,0,3
0.0008386295126004002,36.59176510055652,0,2
0.00020196620956107892,9.589471129383963,0,2
0.0018339052550395687,23.072668406946143,0,2
0.00046803251273767074,30.160460356295857,0,2
0.00024589666948792165,10.729163514662266,0,2
0.001689939167348921,34.89058202125018,0,2
0.0004470882062525666,26.810148034215867,0,2
0.001825314910431151,29.071179479707588,0,2
0.0014863398126821839,41.129902606035834,0,2
0.0004944355416095011,18.487949972784428,0,2
0.00021472884970185984,2.8318322187494043,0,1
0.0008401216612600456,45.60310658151683,0,2
0.0005098076293080784,15.58847276710338,0,2
0.002156753985159871,27.13448221940979,0,2
0.0008140151632601265,18.195706653675927,0,2
0.00699620208591181,81.09070951424113,0,3
0.0007000858257149874,21.40664086099472,0,2
0.00035417463574413747,13.24330958480784,0,2
0.0012063570221020011,36.88697952983534,0,2
0.0026957014778520253,34.96528408345643,0,3
0.001820492611099908,37.585995989609906,0,2
0.0024719410849063724,24.93130089120267,0,2
0.004648987483468692,90.19908405035977,0,3
0.003632140366266014,116.38564447522705,0,3
0.0017468967628932624,31.819040134926666,0,2
0.002148090879822981,128.11390151422006,0,3
0.007375599766677349,74.5817904986363,0,3
0.0008941126949997335,48.53382361883785,0,2
0.006361306806858323,75.97554024853297,0,3
0.0017269009802190689,24.266302417773026,0,2
0.004608443929709204,127.5245730330484,0,3
0.003435691487247053,109.93835250709961,0,3
0.0009244817770113011,42.42483451733152,0,2
0.000719706089681496,12.637527248333079,0,2
0.0005006880179285815,7.974290435781692,0,2
0.0016581366245021793,30.22276833087672,0,2
0.0013112141567824611,29.30961145908838,0,2
0.00018381107692613574,6.078000625897653,0,1
0.006240373610407093,113.66596045298925,0,3
0.0034047932876755532,34.70420340997443,0,3
0.0008616652761667868,23.84394778727555,0,2
0.004172681472473674,127.58877615804634,0,3
0.0016555778035144875,20.829100945875105,0,2
0.0003549994565102558,6.466176018248862,0,2
0.0005848064686378684,6.984569168664585,0,2
0.00013368467829905464,4.420492888473185,0,1
0.0015631687747323414,93.73717684103487,0,3
0.0008171143003853572,48.73336691139306,0,2
0.0012663027195592555,40.57647647250722,0,2
0.001151047392409707,19.17127647926675,0,2
0.00024022466007281957,15.48030561883606,0,2
0.006809925981746289,85.6768165208672,0,3
0.0011657253762881392,37.353649781960286,0,2
0.0010920006160995567,14.401243856419448,0,2
0.0032868308668991945,38.09659066122117,0,3
0.0005297734210218555,8.437523913321458,0,2
0.0007052800388067008,33.48709957455681,0,2
7.206361494513183e-05,2.777733278351325,0,1
0.004142287660089433,154.88855591433094,0,3
0.00037500231883312937,16.36240623151583,0,2
0.00315621772285906,96.50819483932321,0,3
0.0018933506251986678,26.60524221146839,0,2
0.0008668979418845651,28.665335742965684,0,2
0.0073775245075004365,89.16619075662088,0,3
0.0004926757355575302,29.383584864372594,0,2
0.001167762712395709,26.103036792034747,0,2
0.008340991560226834,108.18896003033352,0,3
0.007608360787808624,91.95612277007376,0,3
0.0030426945690696203,55.4214895053104,0,3
0.0009445163375448349,41.211905183149476,0,2
0.00032388466092156854,9.903475205560989,0,2
0.005112393126357407,93.12023785748407,0,3
0.005157916435414215,62.33957749910284,0,3
0.0017019394434109741,23.91554449480239,0,2
0.00048460185070725326,10.832320474207018,0,2
0.002227378924895017,83.28622574308507,0,3
0.018806816398177263,99.76203220126152,0,3
0.0010499577364480187,40.471221817205176,0,2
0.002509533128961471,69.44364424615999,0,3
0.0005311569351312847,19.861037522582485,0,2
0.003669528592654515,82.02508852759655,0,3
0.0011719296478552984,14.164168811336054,0,2
0.0008802734788037227,11.48567784394597,0,2
0.0013843438729506552,22.047981398823946,0,2
0.0011052577182008123,14.576077787256924,0,2
0.0036392187643771276,57.9606188830931,0,3
0.0024699310215412387,73.80874417525466,0,3
0.0005023100365376647,23.849967793355095,0,2
0.0032729984173988525,100.07901758088889,0,3
0.0028495000366508083,28.81403838092017,0,2
0.0005859151179083191,5.972085737619405,0,2
0.0016375764874854764,16.559112530336588,0,2
0.00633177974549839,115.33088739247904,0,3
0.0018025583111216548,18.37302443996916,0,2
0.0018663313806567255,23.480626910816888,0,2
0.0007654806038848453,36.34545683166463,0,2
0.005739487285882953,100.78131616047092,0,3
0.0003859453622125121,20.94971276091336,0,2
0.0003592422121709642,15.67474843712999,0,2
0.00030755437684273614,10.169766295961017,0,2
0.0044261564957092485,141.82851551822574,0,3
0.001250407855522907,38.23392919805035,0,2
0.0008570188685142285,28.338668737188208,0,2
0.0007901153902329466,12.583903296837493,0,2
0.0006504412155201506,10.833427414436649,0,2
0.0005069811571141691,30.401696315626975,0,2
0.007392554006480076,103.87969733980252,0,3
0.00027167028866421553,16.202638786462895,0,2
0.0018327135923433932,21.242388901084812,0,2
0.0006800087385979986,20.32064482221788,0,2
0.0003861182434336684,12.767603370298563,0,2
0.0021614887343459907,28.036141338550284,0,2
0.0007423125394234796,24.05979962588498,0,2
0.0017001199670225852,47.045613705274306,0,3
0.00048453186725081675,14.479225663702156,0,2
0.0009446666041433219,43.35112422052645,0,2
0.0018112856505518402,28.847740154477638,0,2
0.0011757064793342267,43.962055199051264,0,2
0.0007677252999908793,49.47294866217651,0,2
0.004639422280583794,47.28846685434668,0,3
0.005465980657217226,112.8509535324762,0,3
0.0013806251269657534,44.17848705331258,0,2
0.0007231244081312065,23.437874803699145,0,2
0.0059386602094173915,60.53127296636684,0,3
0.004225075281783811,126.2575747559866,0,3
0.004465551673775087,81.33827421896727,0,3
0.003706157682625635,44.79333990244882,0,3
0.003573514357988644,59.5186889883023,0,3
0.0007408904750432854,8.587421225951205,0,2
0.0015116791701336493,15.286043540137806,0,2
0.0049264035127925924,61.9799056560453,0,3
0.003693843548553271,46.47286282031403,0,3
0.00022843529072225923,2.7282907665674667,0,1
0.0014840687236721748,19.249492181870824,0,2
0.0008921070633019748,8.997540337087418,0,2
0.0005209572108692161,14.415895451455919,0,2
0.0009082908996959885,11.978490255628214,0,2
0.0005415984099007146,17.330554016844943,0,2
0.004042200734326631,50.85560277508462,0,3
0.00021590124408852167,5.974405762473934,0,1
0.004005314120141238,77.71061252700085,0,3
0.0024141502057418505,52.67850653741363,0,3
0.009022252856375422,104.57400694780245,0,3
0.001594740666272142,28.002512293536316,0,2
0.001043721711658016,22.350132538380073,0,2
8.030630477602585e-05,1.462747879001107,0,1
0.0003816974860793233,8.731879270731735,0,2
0.0027282442752655494,119.04097358546431,0,3
0.0010563751655741354,10.654302106039207,0,2
0.0010532468316276741,48.3339138194409,0,2
0.0009916309415701633,12.862202236715705,0,2
0.002480366888969139,29.62397823680388,0,2
0.0002260191152647409,2.9490639068581315,0,1
0.001965386368236777,62.89020424735414,0,3
0.002617708997086002,142.0933037418229,0,3
0.001016082116779016,48.24415997661736,0,2
0.002551122421972494,25.729901533999943,0,2
0.003787611843915684,113.18489106966734,0,3
0.004340249106664278,56.63092686759856,0,3
0.0038550725579231324,148.59597791139456,0,3
0.001622266363065344,39.42056032358608,0,2
0.0005698734428844321,33.98771943172261,0,2
0.0006888093578084849,22.07170234214357,0,2
0.0020376909677091827,78.54396447238007,0,3
0.002966423339753318,176.91992045977057,0,3
0.0006341345081626366,34.42180447934818,0,2
0.000998729619139224,45.832097368665764,0,2
0.0006304813867484681,17.44664161628545,0,2
0.0009595106151004336,20.93721678546248,0,2
0.0007325597655362258,23.441107571789562,0,2
0.00033300684133567973,19.969130448439234,0,2
0.0013976342030134965,18.128371169667275,0,2
0.0030076044050924254,91.96402067704503,0,3
0.0005783698444286742,25.235903543337052,0,2
0.00040780044857524427,13.049166269565788,0,2
0.00060664661639117,18.12837059962086,0,2
0.0010191926532907374,38.10968508722289,0,2
0.004321084933873624,52.22546981682301,0,3
0.0014319970537936325,29.565094190907914,0,2
0.0018464892317675593,29.408415806663537,0,2
0.0009639601500127591,9.825403864089171,0,2
0.003453521162275359,110.50888251703356,0,3
0.0015279673987760652,37.12912527022458,0,2
0.0011958030382839553,36.5642686093351,0,2
0.004393192767246168,134.33138673463793,0,3
0.000889470427639933,19.408889151065814,0,2
0.0005214190433511638,19.496917954063576,0,2
0.003960711794496198,72.14281360463674,0,3
0.0011771682588756723,24.30388411764278,0,2
0.00190861940770148,57.035115702567225,0,3
0.0012019556398192674,15.590272419734262,0,2
0.0010829840309080345,47.253640220414205,0,2
0.0004968819325960215,11.106817532512727,0,2
0.00021028565659174153,9.984483232083505,0,2
0.003983627352686157,127.64843591883496,0,3
0.0008963892164803388,39.11198348650247,0,2
0.001346300324867139,29.377248481124294,0,2
0.00232019095132528,149.5153120819722,0,3
0.001020139051835918,23.33714882821838,0,2
0.0007669063612521316,33.46228221571313,0,2
0.000551090779224814,17.861928796352558,0,2
0.0003405936285246095,20.313283293101883,0,2
0.0016725558271962061,40.642578420950535,0,3
0.001250363093184666,27.28382857943532,0,2
0.0014355476324392489,30.740646181640177,0,2
0.005583769970106149,108.33561902293968,0,3
0.004774074910117037,142.6632851853701,0,3
6.972459708589784e-05,1.929414702424625,0,1
0.007891056844772605,79.7940732994502,0,3
0.0021734371473267505,21.97771559083685,0,2
0.0013786204117251211,63.265436143841626,0,3
0.002121926170168078,35.34175355866154,0,2
0.00085674201613382,13.645043261576022,0,2
0.0024054898394052925,24.324223781728424,0,2
0.0018502876530417248,59.971437660217426,0,3
0.0017379424978613534,22.676416048414346,0,2
0.0004469938627053557,14.323143805402102,0,2
0.003656260047363784,64.20132695556292,0,3
0.005096227045850235,105.21699903617817,0,3
0.0005783907077933176,22.79462536161095,0,2
0.0024571980859927536,30.914419647633483,0,2
0.002313894008109037,23.58494085887927,0,2
0.00021776097040588328,14.03272408717544,0,2
0.0006911434430587347,9.017937177564631,0,2
0.0010398995035415725,45.37374107403957,0,2
0.0008435717330597536,50.31130989127577,0,2
0.0017515387103364303,33.9831388905391,0,2
0.0014159915952965175,45.895053963699525,0,3
0.0011551458358955745,38.196703000645286,0,2
6.553616454676035e-05,3.0074805203682544,0,1
0.0007297131468305231,9.623416706738835,0,2
0.0017403760466007223,31.700267842351597,0,2
0.0032917652509166706,52.426843098465305,0,3
0.0026382948272168517,33.192828005077224,0,3
0.0020550099034810842,36.08451286320169,0,2
0.0011346249988323032,37.51814944119562,0,2
0.00043068337438026855,27.753646350616695,0,2
0.0008640138202303578,41.023870292431596,0,2
0.0009919409227249032,32.15074321661358,0,2
0.008138718311628464,98.36612657149131,0,3
0.0003013585118256363,6.57586106181563,0,2
0.0007746934390869922,10.108085138795555,0,2
0.0020191358956069484,23.403149361586934,0,2
0.002342928154697222,107.51789999621751,0,3
0.005290267275298734,68.61876200981446,0,3
0.003974826352434018,82.06449530806795,0,3
0.0003862945614368875,6.152384152120952,0,2
0.0020470475149705013,37.2861684906151,0,3
0.002524960244821215,115.87142463282048,0,3
0.0009666410428497609,12.53806437680997,0,2
0.007170383706599472,94.5626245813596,0,3
0.0020937512681728967,82.51563366307319,0,3
0.0026668736442402824,30.91086754508601,0,2
0.00313477977956384,70.07183141942404,0,3
0.0017601739861609958,17.94101165371471,0,2
0.0046150288899912415,112.14374463712178,0,3
0.0007720593799806091,21.364379015977295,0,2
0.0002994048382231495,13.739806485282681,0,2
0.0018869849071293937,22.806465232735672,0,2
0.0006265254170037747,40.37389388020001,0,2
0.0008839416055079506,27.028429652714063,0,2
4.799046657664516e-05,2.8621907789713483,0,1
0.000623258922149704,6.302371038106867,0,2
0.0012153204791552055,15.290149993661448,0,2
0.001984097145242456,38.49520907599328,0,3
0.005792034623001972,72.87055527587353,0,3
0.000722817657521505,23.1293708197965,0,2
0.002504131129235489,25.32168083544071,0,2
0.0019978199400342267,20.36327721463058,0,2
0.0019054600596012283,34.73071946791848,0,2
0.00042718710130394216,5.374512292292714,0,1
0.001221523817698897,37.350737164155795,0,2
0.008434686104771294,85.97263843853109,0,3
0.002377156456485676,28.391296241531823,0,2
0.0026210417228834638,103.29637617834867,0,3
0.0006681200499888313,25.75306967601822,0,2
0.0007511807043611071,29.604353085321645,0,2
0.0005356590036962486,11.973602627525745,0,2
0.0007929445069884574,7.997414750078628,0,2
0.002829227632085,93.5528348246922,0,3
0.00010600645434590363,4.177759739513412,0,1
0.004958585240199898,137.21366154158002,0,3
0.0008390376311912532,15.282741733043974,0,2
0.001841423675911418,21.992833053261243,0,2
0.000938178248430879,28.68683251406524,0,2
0.0001899845542394092,4.145600617022467,0,1
0.008835074227064253,89.33994195561569,0,3
0.0019633126712992914,27.588344420506765,0,2
0.0028839585576367253,88.18328101168423,0,3
0.0009032156652130864,39.40984065077652,0,2
0.0018180824080603166,58.176639377026504,0,3
0.0012062925779618317,46.497237750063036,0,2
0.0021047242395116797,135.63043220099283,0,3
0.0003846807255440924,8.80012516647922,0,2
0.0017679530077436563,38.57801550821283,0,2
0.0007260195139665551,13.233119183345119,0,2
9.094119828429714e-05,3.968020342217261,0,1
0.0020731665573280877,77.51991184202296,0,3
0.0006060973384433415,19.394448859781306,0,2
0.0027668988334716635,165.9202060883006,0,3
0.0009012539006426377,19.29934378589898,0,2
0.0014912196719270988,17.28424361578492,0,2
0.0014054721059843767,25.617465549576252,0,2
0.003549183951875739,162.87345578262955,0,3
0.0013103518954217443,84.44032266795922,0,3
0.0011390550261921265,36.91899872030222,0,2
0.0017524711509939134,17.72092309412452,0,2
0.0010481244222347928,32.048674977104994,0,2
0.00040846226122660237,6.803145546360246,0,2
0.0016651376840493824,35.6570602273234,0,2
0.0005048161916370324,32.53083561658195,0,2
0.0009387603705912801,12.1764310008724,0,2
0.0006918661617737157,19.145277282732277,0,2
0.00046945161218524387,18.50128897470255,0,2
0.0007631875659644511,36.23658207987327,0,2
0.0045354437561461545,57.06117563944528,0,3
0.0015329932276766463,27.941786272759177,0,2
0.0031058266658717812,119.71586622668845,0,3
0.00341054262370396,62.163779555699556,0,3
0.0009740140283710907,18.897700525905307,0,2
0.0023504428919721284,76.18244608511633,0,3
0.00319835476060301,97.79662605846652,0,3
0.004195978140368898,91.55928300258533,0,3
0.0020509441261751557,67.81767394564048,0,3
0.0008362107387757593,23.139571415976317,0,2
0.0017774148268603716,77.55360961367867,0,3
0.00043376022220519673,9.464962307134016,0,2
0.0014195972847316487,14.469598817615251,0,2
0.000231512791179543,10.992359721579685,0,2
0.004286271718535001,88.49461439225452,0,3
0.0061493480293127725,73.44403483252631,0,3
0.001416573092517587,24.874016369472344,0,2
0.006033796079838987,105.94916933882794,0,3
0.00040361977912421564,6.722491557790406,0,2
0.0006910859938732978,22.851838820349986,0,2
0.0015405497866436667,17.856012977742115,0,2
0.0027411711534490154,35.766394809962584,0,3
0.0025887401824111218,99.78447180541309,0,3
0.0005628620495585931,17.210726608953642,0,2
0.0007298922555400784,28.134114689753666,0,2
0.006479311806362215,84.5410998403435,0,3
0.007638787732920098,99.08084605406549,0,3
0.00024771387755909103,9.54827317126998,0,2
0.0068364637027099225,82.62682502739372,0,3
0.0035503602131504147,106.09512023493824,0,3
0.0005328629864108881,11.410664584299301,0,2
0.003657646136619013,159.5933916481359,0,3
0.0009971284522679996,43.507519771555806,0,2
0.0023385443134293356,126.93981180174328,0,3
8.33480630087008e-05,3.636710487022882,0,1
0.0006996441542724864,8.802339995497235,0,2
0.0003765386034864254,22.579561614213397,0,2
0.001446383770457882,31.561141774217344,0,2
0.004000805277336139,154.21332898053475,0,3
0.0008235749574932588,30.795141796256427,0,2
0.002123704512456025,28.00729790070858,0,2
0.0024377914817834447,93.96606775537154,0,3
0.001268913328221361,29.028218395833772,0,2
0.0007451610906621351,32.51347488002813,0,2
0.0005971656361544154,10.8845063850357,0,2
0.002522930914800214,25.715601582471997,0,2
0.0005862986432753716,5.9286300729001224,0,2
0.0016417216585586467,35.15563224379639,0,2
0.0005221576593499592,7.337326121579501,0,2
0.0019441338804321567,47.24183935238035,0,3
0.0005383252263434384,23.48864419162062,0,2
0.002024872982235483,23.469646072165002,0,2
0.0028187793475121636,33.665768728172836,0,3
0.002007814796586623,44.88074756160965,0,3
0.001990439112841447,25.81749856322352,0,2
0.004664135651156034,60.49736196175349,0,3
0.0025291588221242525,110.35431514233916,0,3
0.0008999378923476272,39.26682219871423,0,2
0.0032410003997653267,40.775567508230864,0,3
0.0005098414092366293,14.108299681877977,0,2
0.0003767879689617178,9.155828659105717,0,2
0.0017868488674632856,38.26336902622969,0,2
0.00035225621501814636,21.008849514935648,0,2
0.0013733396840556924,33.371720632730295,0,2
0.00023553020439593482,8.806953120273135,0,2
0.0010053529910355283,12.007318457278735,0,2
0.0011501941595550252,25.71032637551326,0,2
0.0010186334298693935,16.965854962902245,0,2
0.0035236543726199286,105.29707181394639,0,3
0.0006796783925510694,40.75768062121063,0,2
0.0051565848248276295,125.30338283456003,0,3
0.007178468700408571,90.31351403734048,0,3
0.0014509656232125532,20.38887638259477,0,2
0.0015646188781928974,30.356543269418147,0,2
0.0007092602848049429,42.30086498153011,0,2
0.0019576364789621733,35.68173629691708,0,2
0.00035420275299305953,10.830516554958622,0,2
0.0008476414829092912,31.69503810318851,0,2
0.002027561864448678,32.29229900591521,0,2
0.004606755205327005,105.38615461137938,0,3
0.0013889627924110561,26.948485471514164,0,2
0.0011248232375022098,11.374170738819796,0,2
0.0007202500761698907,21.523173380388087,0,2
0.0010263810828152556,16.346827883004014,0,2
0.0008276937708584197,49.633589554309985,0,2
0.0010418946575481878,21.511017502313305,0,2
0.0006650740953732412,21.281640278787375,0,2
0.0027989724671797747,44.57829741440244,0,3
0.006503394360341726,78.60128441596079,0,3
0.002958074289021767,29.911937182379248,0,2
0.0013198570235202294,13.346345128578562,0,2
0.003060744606651332,50.97824943914306,0,3
0.0012208520831645234,27.928748253266093,0,2
0.0023714480547631775,75.98894380749873,0,3
0.002466883412903579,53.82918332281037,0,3
0.0005923549695775668,14.394038699715002,0,2
0.0006625617805128946,31.458812241263395,0,2
0.0007106508143109104,42.614976789498314,0,2
0.0012772714432370917,40.92795021679647,0,2
0.007407016578732094,85.85232707366134,0,3
0.0013440768292727662,40.16493658263269,0,2
0.001047224394817587,41.27156164123017,0,2
6.974205387027702e-05,3.0430420281041726,0,1
0.0017333115276143244,56.18001290403389,0,3
0.0026425070070683378,26.93441067847909,0,2
0.0009067225291232125,34.95013878077135,0,2
0.003848996701776915,148.3617805591708,0,3
0.00016475870285444103,2.315178782815148,0,1
0.0010333200548681882,18.83426984752005,0,2
0.00011276373210074369,2.328126550291942,0,1
0.004521272068241961,109.86548347627793,0,3
0.0016276316228797502,16.458550429351586,0,2
0.00239876274636395,24.19324479914636,0,2
0.001622346407123917,36.26436047756837,0,2
0.0017980025057477659,25.265416519049115,0,2
0.0033702430175010806,40.73341016883815,0,3
0.0004468712239463794,26.65176623203358,0,2
0.0012318550938515756,53.74930354212215,0,3
0.0005168099148189279,33.30372254795354,0,2
0.003783429444150735,66.43433115003958,0,3
0.0033849516046812796,130.47489672965793,0,3
0.004547928109946017,75.74804285084524,0,3
0.00034461734808061725,10.298171674027166,0,2
0.0006888144506005669,22.041305560525704,0,2
0.004130107765695466,85.27044436851457,0,3
0.00021870102516017453,10.036276573440494,0,2
0.00021775299484786371,9.992771087321314,0,2
0.0011674221524862931,69.62601446428229,0,3
0.0004944161943274605,6.451069202484967,0,2
0.001566012453578287,51.782650056705975,0,3
0.0013779484670785552,31.522554102751766,0,2
0.0009897691049504532,31.715435953746507,0,2
0.000852124119946963,14.962693715093152,0,2
0.00031142375982279574,13.588294825009042,0,2
0.0007531659849322056,44.91943693993838,0,2
0.0007596633004257727,45.55406574305951,0,2
0.0035168414184659005,61.75323495400438,0,3
0.0006545968803908339,39.25363948450922,0,2
0.0053908064975357215,115.43808887264179,0,3
0.0008607439203886829,33.922286325103705,0,2
0.0017143075672399154,33.260784825832545,0,2
0.0023718298026340436,30.764423853337405,0,2
0.002502816119864829,82.75952786652863,0,3
0.0003540563628317439,7.3098681930104705,0,2
0.0009827402812051355,37.88028653791885,0,2
0.002176804939166637,52.89567260394594,0,3
0.0007535437439370475,34.58042054809359,0,2
0.0030617191536172032,36.56729251520424,0,3
0.003235977076440994,141.1947841958859,0,3
0.0010899663588098993,40.75605780300198,0,2
0.0026238326966881733,30.41199388015943,0,2
0.0002880155089164321,7.969947201632065,0,2
0.002075773659275888,46.399834165671045,0,3
0.0069026733883515955,82.44129009369192,0,3
0.000968959433763689,42.27842624129496,0,2
0.0006029668466716716,27.67038715698792,0,2
0.0014050091510618423,18.224029815748747,0,2
0.0007092058037682102,21.68550394845419,0,2
0.0014009566947329182,64.2904570083973,0,3
0.001944357133065398,115.96305379525624,0,3
0.00036709349087912026,8.010245929654292,0,2
0.0066041511267311715,66.78093054622009,0,3
0.004851253477530061,80.80008025910087,0,3
0.00038614604417019905,12.373380894007171,0,2
0.0004903292466402742,14.992879017013001,0,2
0.001917723129227717,34.95423778774213,0,2
0.00031146775713619413,18.576192440186574,0,2
0.0024753743490914123,117.53218969953971,0,3
0.00024801105217075136,8.200873176588338,0,2
0.0019940024213258305,94.67637528466385,0,3
0.0014238711779412736,18.468684549831032,0,2
0.005316844807608622,88.5547393410342,0,3
0.0023241790330773278,27.758566444552827,0,2
0.001862186194663868,33.918991966405294,0,2
0.0008578931607432252,23.73956604450985,0,2
9.014410875653325e-05,2.8885117686296202,0,1
0.0004052632620758961,6.454492296651042,0,2
0.005135171409584826,124.78304360634726,0,3
0.005738394359431914,104.52260506247063,0,3
0.0030345700305219035,73.7390934484393,0,3
0.0008811667877073583,40.43709252064174,0,2
0.0019501440413320623,27.403299672213215,0,2
0.0006210934284136815,24.47755785922391,0,2
0.00020436698494352216,9.378481796649758,0,2
0.0005476710354408364,25.132840501872927,0,2
0.0023793564443407352,31.045490127401614,0,2
0.0016735349210105993,90.8420707261274,0,3
0.0007801536261604397,37.042140320444304,0,2
0.0017960290805541063,67.15717822966525,0,3
0.0011126299502183504,36.06251038249019,0,2
0.004175979145470054,127.6896096543372,0,3
0.0042935686519895945,137.38947915666623,0,3
0.0011705991895238812,45.12141566624579,0,2
0.0030408358845567785,30.748819358038,0,3
0.0022632286972336314,37.695218612712566,0,3
0.0021416459973421223,25.884348515280074,0,2
0.0014474121649445707,78.56777686978371,0,3
0.0009120765209139235,54.39699161304952,0,2
0.0018829454420917428,19.04027427259826,0,2
0.0009650594804259229,12.517550317705297,0,2
0.002605070085702626,26.34237180872197,0,2
0.0005630914773804657,9.887486003972773,0,2
0.00014901982841968907,3.1910928735360167,0,1
0.004276884833448164,95.6013417603991,0,3
0.0026879948428541497,32.48762652934259,0,3
0.0026793735344161373,105.59525783850584,0,3
0.0031204748583460156,75.82655363649923,0,3
0.00038413581797180245,12.308966678682697,0,2
0.00016990708210622832,10.133397701180893,0,2
0.0016804202884374462,77.11515189298714,0,3
0.00026242524745892563,5.418046872820985,0,1
0.004510527529082208,124.81503650112003,0,3
0.0032726554147828476,122.37123850302248,0,3
0.0006346394893936522,34.449215643661134,0,2
0.004436223543486275,94.99676308284722,0,3
0.0002526050115713658,2.554332481141172,0,1
0.004538521083162897,59.217950221568465,0,3
0.0005751276832190781,6.868971702063948,0,2
0.0018862660652306418,34.38087155030159,0,2
0.005069574063052625,108.55925574487397,0,3
0.0008087775745917464,52.118396290147615,0,2
0.00579763845455389,92.33704666937687,0,3
0.005244109745925569,62.632424935036724,0,3
0.0013275794792164664,39.67194763708909,0,2
0.0004880628075270345,29.108466054017693,0,2
0.0009823619145869875,42.86321418720229,0,2
0.0010251749393203698,55.64808548372357,0,3
0.0024448983392194546,24.65855538211204,0,2
0.0002954167338990089,3.716687284898921,0,1
0.002643883832631909,31.57692415055448,0,2
0.0015951570279452044,16.088304076197183,0,2
0.0028967689093237,52.76351078395719,0,3
0.003826421924691604,81.93854377980249,0,3
0.0016725262997544397,100.29492404504333,0,3
0.001284445118123626,16.939191327891532,0,2
0.0019391418080789387,124.9601428022617,0,3
0.0005739474671387782,13.946742203396294,0,2
0.0010237738711455949,46.98138800197118,0,2
0.0007902170291299178,18.077351692603997,0,2
0.0016184163913533255,36.176512710925294,0,2
0.004059435346548788,78.76066591324933,0,3
0.007595149433144626,76.80186855960793,0,3
0.005040167518970682,50.96598647830982,0,3
0.00042179799982838525,27.181064361909595,0,2
0.00033311239518521343,19.86709640210438,0,2
0.0010217700363314862,28.274356726166612,0,2
0.0016441683291182868,37.61271654704595,0,2
0.0013177515883023075,28.218175709338496,0,2
0.002622626953962365,103.35885081369162,0,3
0.0008877024850885093,34.21700029873533,0,2
0.0012502737395249722,24.257657504646197,0,2
0.0036998890419077226,161.43656845537288,0,3
0.0017143299720630107,30.10241547930784,0,2
0.0038412861618279818,85.86439089600974,0,3
0.0004019156213377765,4.064155813357949,0,1
0.000956253327920705,19.74286164587255,0,2
0.0007505667355828483,17.170294169489647,0,2
0.0003048710902533687,9.881467648273885,0,2
0.0005443343908501053,17.442252363789773,0,2
0.0010842485699428164,30.003258811999,0,2
0.0035912543978462858,115.07552446204711,0,3
0.0014951882278806592,17.857609581730355,0,2
0.0010592622183365652,23.67772182152209,0,2
0.0037208013960535243,90.41429892441357,0,3
0.0027992267489472178,85.59242238907697,0,3
0.00013771072233649745,3.0049477325897844,0,1
0.0007399288576338759,7.482133086080608,0,2
0.0006800920312262625,11.941932546103141,0,2
0.0004974050608775026,14.863914242785501,0,2
0.000703428635789181,45.329610456131185,0,2
0.002568469613582883,112.06955557373165,0,3
0.0004604829620807452,4.656386584486426,0,1
0.0008577794271438847,32.07411644619337,0,2
0.0016422292439486048,37.568357183374864,0,2
0.001116344568134855,20.333778945848728,0,2
0.0007457346583036397,16.27247052780316,0,2
0.005762736952719558,95.98129853418719,0,3
0.003977692214310075,52.45758538916239,0,3
0.001074889554282554,49.32710692499473,0,2
0.0041092331274374455,74.89877431866755,0,3
0.009457256970665538,96.39544661885817,0,3
0.0005255395129684105,7.3848477129029195,0,2
0.001580958184139376,19.890299047705433,0,2
0.0009764146973335705,44.80805677812802,0,2
0.0030341369434773204,69.410248816271,0,3
0.0006523664736992295,25.710041959669546,0,2
0.0033834840771512515,61.67058486248284,0,3
0.000735761704858779,10.338876543607306,0,2
0.0018568142524994365,33.8211441445057,0,2
0.0011297832441473684,36.201946435947306,0,2
0.005487089235477532,66.31802374519754,0,3
0.0011984678611921572,12.11886243429515,0,2
0.0014071217443490202,45.08877811887189,0,3
0.0070199722499509655,98.64420226345275,0,3
0.0005264417646827797,12.043112936105896,0,2
0.000885392346735442,19.79120309022992,0,2
0.005375477443818131,115.10983434037584,0,3
0.00015698223074117281,9.413616342486813,0,2
0.0012978864230720158,16.834567129790045,0,2
0.0012197657265586093,15.346076393917803,0,2
0.0069933261687628485,111.38036458827744,0,3
0.0014535232752010963,33.25143659347272,0,2
0.0011760496875130944,25.183788067302928,0,2
0.0009184938394343409,40.07647037685905,0,2
0.0008209414606130685,30.696669994621875,0,2
0.0004956850425542801,19.535159694191652,0,2
0.0016972427158275412,50.718563523956234,0,3
0.00025213022269475813,9.936559995220849,0,2
0.00046037235034059656,14.731409360862392,0,2
0.00025600417174513894,3.3761688878262603,0,1
0.0006606305577076412,25.464382909981612,0,2
0.002651359736715532,121.67194732568223,0,3
0.00232276420515129,86.85287526786936,0,3
0.007079301592550043,91.82388826422026,0,3
0.0032374949159671316,78.6701040826826,0,3
0.0010707284100603153,17.83352320576344,0,2
0.0008564332847120643,18.339560449679205,0,2
0.0007650737431200976,22.86263530789577,0,2
0.0019249290642409016,61.68101645837248,0,3
0.0009435569176678004,44.800622047469375,0,2
0.005755267028453107,104.90094695031141,0,3
0.0012700448268458822,28.389352126750854,0,2
0.0009334274813912544,30.254208267868183,0,2
0.000534040843788172,6.968085753981571,0,2
0.0010589204338271444,68.23784009812154,0,3
0.0014581575358441404,18.913404506439893,0,2
0.001118535148933136,35.841520714853,0,2
0.002047994798185087,24.45999162476218,0,2
0.009029132320672633,91.30225018001994,0,3
0.000565610244112544,18.098906327790466,0,2
0.0016201922032808062,18.779122401001825,0,2
0.0008802059095191039,28.204673200887378,0,2
0.007553193123389407,106.1369879636988,0,3
0.0007045941441213297,9.139118190628707,0,2
0.0034108424033592677,110.5520659047892,0,3
0.0015285844907111461,27.842567627756402,0,2
0.0005637704494252768,16.84710565286685,0,2
0.0032502280271053054,78.9795146623243,0,3
0.005754908341738048,123.2349224389986,0,3
0.006650146469955575,121.1298125483941,0,3
0.00047457089884613647,28.458178661076598,0,2
0.0007286329950639955,24.093389115109137,0,2
0.0010666711953790204,34.132306210273995,0,2
0.0019340719893716216,23.0993675880624,0,2
0.0023268725126549894,126.30624835581042,0,3
0.002669143324781504,99.80469465871361,0,3
0.002218450116888449,22.374662452104737,0,2
0.001228429599273939,33.9930272642924,0,2
0.003915777335524749,125.4742996854647,0,3
0.00022835348392189617,4.430486243016425,0,1
0.0024323369682914056,77.9400235367396,0,3
0.0075088032136629455,89.68053233384447,0,3
0.0029670240995857476,88.66333546087793,0,3
0.0014477264850817548,47.87133958195293,0,3
0.000995131436492296,15.849125228113877,0,2
0.0026482370328063617,158.8045175119704,0,3
0.0010859835131249481,41.859855995911744,0,2
0.000645235039623152,8.418931135819989,0,2
0.0008389083812344335,23.214220409863493,0,2
0.0003030755429085979,18.174266413862053,0,2
0.0029297470311197738,53.40034378421054,0,3
0.00230912274463411,29.05145903883168,0,2
0.00031722868413357414,3.8340873465305028,0,1
0.0006331388946391978,15.385075199471286,0,2
0.0004733451368119692,28.23069210403287,0,2
0.0007293009505950652,27.270045041289965,0,2
0.0034424187233383584,39.89995904817184,0,3
0.0010395928531016592,16.55724732517577,0,2
0.00028857331189357615,11.123223450574242,0,2
0.002476809997693231,25.245502650319782,0,2
0.0034572890295316064,77.28089086987468,0,3
0.0025008236779603264,80.13456147828934,0,3
0.0004686547484996168,17.523953712073286,0,2
0.0007673199813473873,45.763592892463365,0,2
0.0016600238393629522,21.892302774997717,0,2
0.003990433148308847,119.24578331268437,0,3
0.0038731098217773953,64.50860296239512,0,3
0.002865602563560656,92.87977748596138,0,3
0.002380059002916158,76.26486672051038,0,3
0.00046061409652030453,4.694923875996991,0,1
0.0006202056242599932,29.447717719949225,0,2
0.0006332507852795114,10.085573250578467,0,2
0.002649107595814093,30.704947039295426,0,2
0.001184042458984406,20.790943765976376,0,2
0.00044402259612929125,14.682301318929929,0,2
0.00018584043687784813,8.823810220458084,0,2
0.0008683921941080281,8.781149566198973,0,2
0.004266226837749041,56.26276407853584,0,3
0.000792985798326379,18.140691272333363,0,2
0.0032207205959269357,124.14451851172528,0,3
0.0009409119919236582,28.77042264402715,0,2
0.001457196736034226,33.335472296275285,0,2
0.0007672570845664797,14.886227701221975,0,2
0.0032494621345231342,125.25237756501406,0,3
0.001994871959743049,25.097817411768688,0,2
0.0009922079025661823,63.93882112058277,0,3
0.0016513941368560242,72.0549723523325,0,3
0.0035097112555194923,45.5236056768152,0,3
0.001084581490580613,34.753534565872584,0,2
0.0013811242840944822,13.965877388615061,0,2
0.0030494356847340317,144.78895020717144,0,3
0.0008706550714949329,37.989130338334846,0,2
0.001765090110178027,81.000683512192,0,3
0.003484009074131235,67.59631606392465,0,3
0.001102258049815681,32.93868602176361,0,2
0.0028993137270587285,137.66107380575514,0,3
0.001736059478682018,37.88207559727492,0,2
0.0015877709726666925,30.805737362284496,0,2
0.0003822079794514528,18.147453439539145,0,2
0.0026468795867136334,26.97897928532695,0,2
0.0031610309544416937,121.84374712171584,0,3
0.001203264254570312,38.50313401804902,0,2
0.00022738071386046142,9.921260276399781,0,2
0.0008393160567996274,14.737793232321838,0,2
0.001498067132364382,23.859213677999758,0,2
0.0068057533614113335,95.63401210637585,0,3
0.0032436099243397286,69.45827695452935,0,3
0.006554111702079106,85.51707778998312,0,3
0.0003397332455934811,15.590493055400911,0,2
0.0073949697072153075,95.91834211827047,0,3
0.0009036530273951462,18.65687279178352,0,2
0.001113846020580712,43.89714842848289,0,2
0.008941710833171178,91.14061423664165,0,3
0.000563905660091901,30.60967369954725,0,2
0.0032994652332913586,60.13917785061009,0,3
0.0012147348965778004,14.508047297253976,0,2
0.0009823883343890647,31.841125166179797,0,2
0.001220349252123164,12.340126245491659,0,2
0.0010656776443604026,16.97269106260435,0,2
0.0003956597065930105,13.083106766635035,0,2
0.004266847128819427,141.08997103583476,0,3
0.002799236839224944,89.57250309694122,0,3
0.0028228940177231886,153.23106485015361,0,3
0.0002709128040424713,12.863094864193455,0,2
0.0007278827726864253,39.51060565666629,0,2
0.0003097842629882039,11.940811699039012,0,2
0.0011742432248563332,26.247895891743344,0,2
0.0032066950788064152,123.60389692784528,0,3
0.0021580362973380495,28.460063584924175,0,2
0.0015062170056889816,33.668516299538226,0,2
0.001758919571683322,29.295695065118366,0,2
0.0004815604583988221,9.94232514198297,0,2
0.0006038013499318452,28.668833393654552,0,2
0.0010505913010444056,33.66437783841012,0,2
0.00034784630469699524,4.58737786832815,0,1
0.0004008076414473425,9.739499115283579,0,2
0.0037324177998698206,147.09618307257276,0,3
0.0011381495717726127,14.319249914822153,0,2
0.0010804971612531898,20.9636731891855,0,2
0.0019716297028603293,25.72553205327,0,2
0.0003103230547877605,6.645220969106359,0,2
0.0005865714934334269,8.242465209264422,0,2
0.0007998014485834996,10.062435648653024,0,2
0.0009331064381263024,40.71405917001631,0,2
0.0011147586000848527,14.701374893179649,0,2
0.0027648833351692132,44.03537122159969,0,3
0.00022717164818339175,9.91213815270752,0,2
0.0006773966774604651,8.090409737372427,0,2
0.0016133031366412755,29.385684572207534,0,2
0.0005623548084240143,10.250011273863645,0,2
0.0001387143890764819,8.93888718994606,0,1
0.008544505919936853,86.40172604189051,0,3
0.00024065733972686396,9.48440876673983,0,2
0.00023783001842380013,9.372982824013116,0,2
0.0010677043113550377,34.60638265769699,0,2
9.049057164364766e-05,2.5040494553876043,0,1
0.0006295117986144839,11.05377962225994,0,2
0.0002981520318979004,11.148510546124717,0,2
0.0013808958394300145,31.589979486668202,0,2
0.003926945313794126,51.23820025377539,0,3
0.0014849652224441742,23.650543945100157,0,2
0.0005162805855001759,6.239867197167136,0,2
0.00125043639197876,38.23480176201244,0,2
0.0019439629624759416,40.1351720221627,0,3
0.0004660028477486959,18.365371692090104,0,2
0.0005387597877680128,16.473747737025054,0,2
0.0006783235196871882,40.676434143356374,0,2
0.004085496924841652,68.04601758174566,0,3
0.00022207558972291966,12.054607391146366,0,2
0.000511798375465267,15.294028470663555,0,2
0.0026809302634647563,103.33799123781407,0,3
8.407003512297935e-05,2.6938786038442206,0,1
0.0024244103872372398,24.51554765763844,0,2
0.0005024223989696358,15.362653349363697,0,2
0.0008928654798221895,12.546488767993361,0,2
0.00024822338418165675,7.589967748669547,0,2
0.0058116553723177216,75.82961767426241,0,3
0.000991529597453688,32.786476281520905,0,2
0.0017129825148599375,35.36633630987262,0,2
0.001585737766870587,95.0905518836939,0,3
0.0031507156581270226,70.42804661625523,0,3
0.0007526623193798963,24.117759854998056,0,2
0.0028548419676810055,170.26511593228622,0,3
0.0006352701977079656,30.16299228231174,0,2
0.0064303979861480304,102.41479588697568,0,3
0.0017896101669961234,23.212595460503817,0,2
0.0058211656200288795,127.02205125460594,0,3
0.0013453808144972847,40.20390346511055,0,2
0.0007887114473684599,15.302482612749262,0,2
0.005281654415766389,63.08083540496309,0,3
0.0008545955069381974,31.95506319753639,0,2
0.001638652598519053,71.49902318665087,0,3
0.0017718006612680594,22.981592720666363,0,2
0.005748899884434337,76.06506920627166,0,3
0.19043095639985344,1390.161026521949,0,3
0.000309284028720867,10.461126540742306,0,2
0.0004938245940702024,30.870178908708063,0,2
0.0002982068132121699,4.355092475573806,0,1
0.000796854183254121,20.827263918058993,0,2
0.0022953215373370073,34.18663368472396,0,2
0.06712195408850373,234.7383091608229,0,3
0.0015390821928238762,20.798086198732875,0,2
0.6245401312638267,1676.4976806594973,0,3
0.0009506261623558373,30.155755898092053,0,2
0.0004064158155038665,29.807717210799257,0,2
0.001167108092928562,41.99276743523674,0,2
0.003975955797716553,145.62860738003704,0,3
0.0010069784492724573,36.882922419177156,0,2
0.0004209725367905637,20.73349767218418,0,2
0.004969793064143318,79.35138631109888,0,3
0.0014207548591511716,34.239180105538686,0,2
0.0010732877252451535,17.13690445651777,0,2
0.29155163504719445,1112.6204356300718,0,3
0.0002169533843683536,2.931757127876922,0,1
0.0010947949081851647,37.03000157509477,0,2
0.0013477675933393609,17.83263534279062,0,2
0.06544142081933481,221.53863775295866,0,3
0.0004745891030656065,18.90696511060819,0,2
0.0002733171412682268,14.977145428775431,0,2
0.0008965390258443681,44.155825335024915,0,2
0.0010794042878328805,15.763910426481283,0,2
0.003091555259119957,150.0760232680431,0,3
0.0002789317831957783,8.84827190683069,0,2
0.0022444170421596354,33.42845958962371,0,2
0.0011113468432825673,49.16954028236222,0,2
0.001211297000313934,78.9157176587783,0,3
0.0005336547987844537,39.61458385991248,0,2
0.0019915758709856137,26.45503532280086,0,2
0.0021870284004556918,73.97336661704132,0,3
0.0014805889104434786,19.66735613489083,0,2
0.0008668990934799172,29.321724605226443,0,2
0.0003029329335694128,7.917714795895016,0,2
0.0019766284563937212,29.440003010616113,0,2
0.0011207380362965734,30.962131846899386,0,2
0.00026791904147429295,5.222014385354546,0,1
0.0015298274471689881,74.26372822550786,0,3
0.2054472424727347,738.461476529942,0,3
0.001274945883375502,33.323078365312846,0,2
0.0006054872332315917,19.207261411251118,0,2
0.001821247736236276,24.09736434507572,0,2
0.0006982233674737541,51.20973124982049,0,2
0.0007986956549237037,37.192157598441355,0,2
0.0008832377668844255,54.13490303418086,0,2
0.0012846799406419174,21.830971735567232,0,2
0.0052103406401850455,126.7630059363266,0,3
0.0001192139423564153,4.2893399392416764,0,1
0.0005735229522543374,37.66890172620482,0,2
0.0012014893124207284,19.183865675700577,0,2
0.0009692115269698844,13.100121291482091,0,2
0.0009713227404801922,29.35502632847766,0,2
0.0009444581277961088,31.94505719603317,0,2
0.0015845908490851397,86.83190334031863,0,3
0.0009584690519987961,33.24409968226686,0,2
0.0006918639395739272,20.11923945949644,0,2
0.00039125628382722776,25.697654204276848,0,2
0.0002729080789743486,17.924561810061952,0,2
0.0007072179340989375,51.869418910018375,0,2
0.0012876582870160753,20.247289795052748,0,2
0.0010481331026768509,18.88133226069559,0,2
0.0006378387062494536,22.94955592803439,0,2
0.03389161574550095,247.94218289716403,0,3
0.0006734793659188513,24.231913527817607,0,2
0.001399193571303335,20.4341991003367,0,2
0.0007146228371756807,46.936321064505066,0,2
0.0032880454913895647,99.37033073194198,0,3
0.000771389017253454,30.731057965107208,0,2
0.003919856834819011,58.38254359081705,0,3
0.001533524553458638,36.95684941278759,0,2
0.0007743031529347824,30.847153048830272,0,2
0.0008052019001425028,10.88093839603254,0,2
0.005353232746626956,101.78022178487949,0,3
0.0016526263761130016,21.952610388789775,0,2
0.0013657951436095695,41.276653710532,0,2
0.0010253781746739127,37.55685505895347,0,2
0.0012527515982687757,43.451167174481306,0,2
0.00046732807037194713,6.824984784815217,0,2
0.0009837783789809966,27.17840823783567,0,2
0.0007834635995206608,31.21209240980176,0,2
0.0006889734480512958,32.08282016197163,0,2
0.0013129684390864897,23.754393019139524,0,2
0.0004732093071857667,11.512766315751662,0,2
0.003588869485397116,93.8017688940177,0,3
0.0042008323116987595,153.86523153529404,0,3
0.2484778832912633,1770.3959470966033,0,3
0.0017270513340150782,54.42390680978452,0,3
0.0003105136784932848,14.459417170733447,0,2
0.0007616721054938526,16.929298985786527,0,2
0.0005134146751750142,37.65532458553052,0,2
0.002011381420139671,36.39017004752646,0,2
0.004271434083900736,144.47565445564348,0,3
0.0003271749724147014,11.06626424115493,0,2
0.0010583188952553533,42.16194240288798,0,2
0.0010302878303990884,35.73510408477619,0,2
0.0024012177841180537,24.801736594132244,0,2
0.0003660551684716226,26.84755004385355,0,2
0.05085969274622642,564.1394005636147,0,3
0.0005301644523560865,29.051782362642683,0,2
0.0009933467799027344,19.361338207816107,0,2
0.0021381962607747956,38.518003042894904,0,3
0.0012370562396788348,60.051483945581026,0,3
0.001435693806503504,27.296633820596952,0,2
0.0016826221033696268,110.5143680911703,0,3
0.0013601692591244678,35.550549558929674,0,2
0.2938743693583429,969.7259925667503,0,3
0.0021386172617547444,52.03067733354938,0,3
0.0009045568150490116,42.12170106930247,0,2
0.32526466251900077,883.9503109826604,0,3
0.0012923626810645561,44.82506107563472,0,2
0.004525769404406689,67.40703568245486,0,3
0.0003229776420190239,7.783531116521003,0,2
0.0011947296386575095,21.522158981127117,0,2
0.401828537178591,1195.4202858564079,0,3
0.0007585422010538143,35.32236705276306,0,2
0.0029448252833255157,184.08820549391703,0,3
0.0028738327093844177,51.99374913952454,0,3
0.00189159758107593,25.0281799661422,0,2
0.0003072061574811163,14.305398750842986,0,2
0.002759090671807454,172.4774822615159,0,3
0.0002289116936251015,11.112257029035653,0,2
0.00018453923503275381,6.639756185703406,0,1
0.05757438790377409,212.05920568994432,0,3
0.0017538228534462344,27.577316063565952,0,2
0.0005954893015154201,29.328697166112384,0,2
0.050669715453540806,186.55855399915555,0,3
6.426956168068771e-05,3.5218229177608196,0,1
0.23529528369771074,982.520094761861,0,3
0.007483404339728012,101.1476873682359,0,3
0.0019078041528420725,35.683613207652506,0,2
0.003674651077746071,66.19608498562793,0,3
0.001133084541966355,15.31171634896874,0,2
0.0008804847638548666,41.000759048131826,0,2
0.0013647833621888115,21.79113906882013,0,2
0.00033282957481584714,8.699119035953382,0,2
0.15118590387080655,1639.0210550146792,0,3
0.00047097771762395714,29.441964980382583,0,2
8.097905573691335e-05,3.9883339574055587,0,1
0.000533874907035992,18.5172286891823,0,2
0.0012509966937669776,16.61757515968195,0,2
0.05811905936757422,248.13488860449252,0,3
0.0014085407539703664,33.944828870756744,0,2
0.29695638297670074,841.9480916620894,0,3
0.0016021137657577873,35.60936885324448,0,2
0.0004287379488851143,6.741525748519529,0,2
0.0007274390586873743,25.23092063259212,0,2
0.00025688757643719753,16.058668481208425,0,2
0.004566479055525901,66.69008786340707,0,3
0.0004430701955723166,32.496055985861325,0,2
0.09817412205811794,313.0711954127301,0,3
0.0004570899335772055,7.187335678152283,0,2
0.0005402337260908221,35.19610152331248,0,2
0.2458120424264714,1042.4267632909934,0,3
0.0007698636822417856,17.111369001125816,0,2
0.2892434082706982,990.5500602324793,0,3
0.0019054097602385141,92.49594315649142,0,3
0.00022094786040628372,16.204958296606936,0,2
0.0004969664737182044,6.717131299358673,0,2
0.000773208832414537,30.803556852115147,0,2
0.0004125116995928716,14.842248091906601,0,2
0.004622368537436758,111.39578925109467,0,3
0.00023788812632293522,7.546285335416291,0,2
0.0009007764821179728,28.385824065381296,0,2
0.0062429903049808335,84.36342848110868,0,3
0.00018140659763214343,13.466283618190703,0,2
0.5182725824127581,1175.430260289238,0,3
0.0021789961719409787,22.50645045757569,0,2
0.00257450716771244,89.29570833576624,0,3
0.00011772272296150667,3.98181667095564,0,1
0.004827414435160919,82.0337772513272,0,3
0.000443178747528278,7.076119175607432,0,2
0.0006383447818804538,25.430761982506183,0,2
0.0030844639921750504,122.88072504884116,0,3
0.0003737983359275018,27.41545645161615,0,2
0.0015957102870578204,35.46704198492552,0,2
0.0007901844254710872,10.678002689180962,0,2
0.0003306140860633029,20.66749228180858,0,2
0.0009613261305812109,35.210800309948965,0,2
0.00018234909437238512,11.399086304551643,0,2
0.0005723797166563886,12.721993213067702,0,2
0.0004929833251967238,8.91911740601545,0,2
0.0006822180348469165,50.64281931643181,0,2
0.005594622528704563,57.785826516145285,0,3
0.00047613760276858945,6.4356027287507205,0,2
0.0022106988461153957,80.97197521193146,0,3
0.0019450002142527391,25.734762976813432,0,2
0.0013643294616820728,23.184481187664897,0,2
0.0004987374510099297,12.133843606201303,0,2
0.0012255617541469662,37.03856201531309,0,2
0.0005916149115053193,6.110681545574627,0,2
0.007577711737309609,102.42237128668393,0,3
0.022626798371958544,118.66507580592192,0,3
0.0023500580017713074,153.10573187374536,0,3
0.0012055988995857765,16.01453499127172,0,2
0.003134672327325053,59.599060941091814,0,3
0.0017239232657147194,23.295899885990544,0,2
0.0003620286605460648,8.724632847083384,0,2
0.000500786024165475,19.95061375327856,0,2
0.0006829666853931432,50.0907618404482,0,2
0.000794750285868947,23.111150035869233,0,2
0.0023001053172828595,168.6964095322489,0,3
0.12020143361837743,510.1139465385428,0,3
0.0008029349782988264,8.293367626084398,0,2
0.005897141027820663,110.30026282008536,0,3
0.05064424772044336,492.84576080568684,0,3
0.0007168824424757498,18.73705395721529,0,2
0.0009081922305081041,49.76682783409847,0,2
0.0001640893384734658,4.533223258197256,0,1
0.00013913466034196415,4.384497229076556,0,1
0.0007380844498290948,46.13945779444192,0,2
0.10660107165253907,400.8413293587994,0,3
0.011954783737903459,193.1815686894639,0,3
0.17042778821851556,779.1241929278709,0,3
0.002888522688529537,100.18720582757635,0,3
0.002161589989787168,28.600514093823573,0,2
0.000797520490064528,10.593838297946997,0,2
0.0012403366145475072,23.199284861010693,0,2
0.001667343094658648,24.833491376541794,0,2
0.10173057910614451,292.7246585491882,0,3
0.0028182213175686837,68.56484638519788,0,3
0.0002962445579053511,9.33544121984152,0,2
0.0006680779052557012,22.596858734860405,0,2
0.0012417596255517107,16.783954025443876,0,2
0.000709665039172239,52.048896708931416,0,2
0.0014683183538673037,35.72289434824514,0,2
0.11600525107500308,2404.485018246127,0,3
0.0010539559701473894,20.542672918483348,0,2
0.0006404277041663548,9.538562230930424,0,2
0.0011323077171838099,27.548051036836252,0,2
0.00010028427141185382,4.939143355350978,0,1
0.11084485129336952,651.6912318260399,0,3
0.0011747114720923359,43.026533607946284,0,2
0.0001804811684566306,2.6880955424555313,0,1
0.07011967471542568,299.120900624977,0,3
0.0034250340024378043,125.44981820239295,0,3
0.0002254168503793781,3.3573698346527427,0,1
0.0015057046451516492,24.041192344583113,0,2
0.0005240420843848156,34.419005725045714,0,2
0.0005532916370932356,33.91203393546107,0,2
0.0006702226914527139,43.66485236360775,0,2
0.004402501954996402,59.49234912666108,0,3
0.0006090878409495086,24.265206435926267,0,2
0.0017353864993090774,33.82444642110888,0,2
0.005025471296752211,66.4932125564753,0,3
0.00046396079215051144,14.620618633662911,0,2
0.1696930897293772,572.4869523643923,0,3
9.411229012786518e-05,2.599998430482035,0,1
0.3245332774125732,788.0826892681752,0,3
0.001265837024992191,17.1056410645821,0,2
0.0001636753266287535,4.759639723502774,0,1
0.00023214659180373465,4.52477298828516,0,1
0.00097928362213152,30.859789481375522,0,2
0.0007167058245750113,15.92985630111534,0,2
0.0019028587133478256,34.27857351334613,0,2
0.000811170611994288,39.37735199165138,0,2
0.00025659013200175323,16.852801493464327,0,2
0.0005583069899190157,18.884001525325804,0,2
0.0015109008590486488,39.49019984675536,0,2
0.03737982354924881,330.3878551641431,0,3
0.0008996119802082175,44.307172718954845,0,2
0.00042562750945344886,27.95515116274063,0,2
0.2838935230747215,980.9935452765735,0,3
0.0006060772149157197,29.421326997019076,0,2
0.0001994957716949275,8.826331259052887,0,2
0.0007375408108151258,23.24184091442002,0,2
0.034822988408922596,238.70214763243328,0,3
0.003496867525686486,85.07571184470595,0,3
0.0026259264560717145,129.33062208610602,0,3
0.001046376966710494,13.899515463396222,0,2
0.0009692942783011379,47.053284988123266,0,2
0.0003249025378919617,7.829919735960462,0,2
0.0005723277538718617,18.155376658992907,0,2
0.003384498434882402,57.5138502077569,0,3
0.0005028179775408747,6.679166759637457,0,2
0.00044751982454290803,24.52304843866876,0,2
0.0003465295420085781,13.805251570737196,0,2
0.000960345219656266,34.55340058980754,0,2
0.0034039821744266635,124.67874615027729,0,3
0.0021919140312845254,87.32278479900144,0,3
0.00037149418586688383,7.240799205601005,0,2
0.000296462035355048,10.027439435529875,0,2
7.45347918238148e-05,4.6593514906982865,0,1
0.0008550615187364341,24.86498639985965,0,2
0.000507743314078247,17.610865276266605,0,2
0.0008616476058650473,15.521935807981759,0,2
0.0016715460312027568,108.9008349049494,0,3
0.0015084978102681023,20.38479012676487,0,2
0.00458535423986876,144.49651085952547,0,3
0.3209660447128188,1132.0531975895215,0,3
0.2882609147363018,854.9901218074779,0,3
0.00048607954709575503,16.859466545595573,0,2
0.0012443028325318454,34.37580157949276,0,2
0.15523753798712753,1034.0832020271757,0,3
0.11150461635493975,351.6502534994083,0,3
0.0019625679685571357,36.7079168893697,0,2
0.0007475695152666525,55.494029700661336,0,2
0.0019435338856218507,30.560354564160267,0,2
0.004998740718705624,66.13953388578868,0,3
0.000932606703084948,16.872839816909334,0,2
0.0792813554244354,601.810596763041,0,3
0.4234936112435322,889.2270566243574,0,3
0.0008694262758075936,11.748821935566948,0,2
0.00394220147700809,108.90944890342452,0,3
0.0010721318303577457,47.43454263573632,0,2
0.002545776798762407,61.93651082333466,0,3
0.0011416141660567376,17.950874923386927,0,2
0.0012442234563255076,55.04842680378416,0,3
0.00033843150456705853,15.759442005901551,0,2
0.0012686782539447032,17.144035456343765,0,2
0.00392740222500763,70.7492074645664,0,3
0.0011361680885461152,15.032911691368096,0,2
0.00020715865357620304,11.351813746636703,0,2
0.0009717187109693553,25.397673090988548,0,2
0.005113947861174581,81.65306826046545,0,3
0.0008184127690083957,18.190444891434193,0,2
0.0007569754828006665,11.902771195246244,0,2
0.0035910331587035342,48.52672425518135,0,3
0.005591614378571207,73.98398706375325,0,3
0.00011019573748056258,1.4894349547336163,0,1
0.0011213668495288793,40.346988944007485,0,2
0.0006271783952303237,30.889430214830128,0,2
0.00021798987279546557,6.339093858856202,0,1
0.2790253773788418,952.5898826332395,0,3
0.0005377949194262262,18.190207649433948,0,2
0.2447696505612469,850.4614849139346,0,3
0.000894973482730382,43.4454667508548,0,2
0.44765804992055863,1113.3269439419882,0,3
0.0004303186020025668,26.374841143156726,0,2
0.027103956571939387,572.8430841629811,0,3
0.0005642471196882787,10.164488953517488,0,2
0.0013436690721031121,32.69028693629061,0,2
0.003981116986252103,125.45541385554613,0,3
0.0005382304483112523,19.71393914442319,0,2
0.0012817930256595975,17.026657263909676,0,2
0.17384057441958195,1205.584793604999,0,3
7.873389956892321e-05,3.6663322043325417,0,1
0.0003385701415808762,16.435501288830327,0,2
0.19568362080403806,648.9734631838202,0,3
0.0009397048527871043,41.57554942629093,0,2
0.0010176946243530022,13.752417265283077,0,2
0.000867617306444834,22.67678955691618,0,2
0.00147650355700611,23.216714949589477,0,2
4.9377867078044826e-05,1.967145060959785,0,1
0.0003477166737682927,19.05406725269006,0,2
0.548169550545543,1812.8286089735298,0,3
0.0009387969119099021,13.98248812192524,0,2
0.001478467048609899,92.42257848082971,0,3
0.0011038304159655258,28.85065784584491,0,2
0.0007973056761027315,52.36691755893359,0,2
0.00021078168001900454,12.91910993509822,0,2
0.46305050939676695,847.6849591377162,0,3
0.0014141425275099513,18.784717701081693,0,2
0.0012501580155757682,42.284954871253724,0,2
0.00037993020182442523,12.850640669590193,0,2
0.005438368374995828,73.50643627087135,0,3
0.0005202760085602746,10.140708126254202,0,2
0.0002245534442639043,12.305007932057872,0,2
0.0008548454220254478,41.497495821242666,0,2
0.000512335261891403,22.667351286333645,0,2
0.0010056064116588928,24.234398230138133,0,2
0.0007661703409229123,47.89517529674473,0,2
0.0715346607149758,183.62876606239334,0,3
0.003715218692268081,69.48953675315178,0,3
0.0006813412606093978,9.014989160215938,0,2
0.00015398454672082518,5.640041348014673,0,1
0.000741992051581386,48.34060947272103,0,2
0.0013505600627184014,32.547535511080525,0,2
0.001215073977130526,19.10596560085814,0,2
0.0044953692959522114,85.46979098475533,0,3
0.08122263456071326,691.8694193176511,0,3
0.0014420063357475578,32.050742335431245,0,2
0.0007630412889991572,18.38875155254681,0,2
0.00024252994693806204,10.73030086667388,0,2
0.09899065701794409,669.3764525221521,0,3
0.0027667907798069316,83.61712621540131,0,3
9.83641235055204e-05,3.602814279397608,0,1
0.0009806123410017954,64.40647189359444,0,3
0.00023329436447604545,12.783990086602232,0,2
0.000714966334166195,9.663675509705838,0,2
0.00045269756643376193,7.118269582483643,0,2
0.0032637397078568407,62.05299994159501,0,3
0.0008469618022562271,55.17936429901152,0,2
0.32186889698950144,1152.8183516802242,0,3
0.006201801576862791,112.20378776661022,0,3
0.00224018739411569,29.640455146870906,0,2
0.005120066838572728,87.0069119170998,0,3
0.1036169930414184,446.69609712389763,0,3
0.0009702611063202609,33.65310217275308,0,2
0.0009287932551305019,27.009087827071284,0,2
7.068167408632008e-05,2.5431398512474503,0,1
0.00344441589692066,90.02620609427973,0,3
0.0034550605670835644,45.895188165428586,0,3
0.0011247411411026463,21.384536822938763,0,2
0.0004958947579139563,17.84238612310644,0,2
0.00034898649092590786,17.188082273490078,0,2
0.0017498227041981343,38.89242039693785,0,2
0.15440051908399924,1023.8874494185372,0,3
0.00038529092266912073,11.20416875538297,0,2
0.002489395703199421,84.20054397523536,0,3
0.0016878368039973531,24.649622474773928,0,2
0.00011960710284439243,6.554191827496671,0,1
0.0014940861978342383,27.031198687852413,0,2
0.0025706780913512402,92.49347844902525,0,3
0.000501610133381896,31.356871945747432,0,2
0.0015114222267935172,98.46880631416283,0,3
0.0010961937797462978,17.502639439066122,0,2
0.0004590225316333632,6.703688464062619,0,2
0.0021089426787511555,73.14779803310577,0,3
0.005539062606207241,94.12703925090156,0,3
0.0007913189036706028,51.554242406229555,0,2
0.0011469847588276997,17.083248318009762,0,2
0.0007275738881576968,12.363892737338794,0,2
0.00046164306187762864,34.26896531194622,0,2
0.000863905780954577,16.425312731302345,0,2
0.0005434262375070407,25.305251310551547,0,2
7.123078556092011e-05,2.5628969847885594,0,1
0.0006319214823681959,25.174866727034086,0,2
0.1624240893495624,782.041911339685,0,3
0.0012145718840227927,16.416477265459612,0,2
0.0006478569983356607,21.91291308485716,0,2
0.0008823752533253917,26.666881885374977,0,2
0.00037790415032833065,18.344925872005575,0,2
0.004240118117012139,147.06673006559862,0,3
0.0002480802588424915,10.97586442445431,0,2
0.5587743047796286,1102.2804242825428,0,3
0.0015337269690085444,29.893897243348153,0,2
0.0011527611194713776,39.98303908261833,0,2
0.04564833862316016,168.56930498828845,0,3
0.004072875881092634,118.43826575348555,0,3
0.003138448682219785,86.70452750467938,0,3
0.00048319499909058744,7.0567096777801925,0,2
0.0017976495039918677,57.02502390462655,0,3
0.0006926682369292547,20.142628236050452,0,2
0.0026247188327276237,172.3911403725136,0,3
0.0005038681194645618,7.922881354593323,0,2
0.000551649575587539,25.688180257253244,0,2
0.0001583828709545994,10.40256327606785,0,2
0.0014662152102600198,38.32225742990082,0,2
0.0007984356912316831,38.75914979097991,0,2
0.001540037029846264,34.22962077696894,0,2
0.002988665352077937,54.07131600614789,0,3
0.08165530460542485,978.0308650049469,0,3
0.10615081268016396,471.5731197694428,0,3
0.0018257412260672238,27.19268106161409,0,2
0.0006706848635543877,33.032185812615616,0,2
0.0009625122189595009,23.19585888196458,0,2
0.000861559055254333,42.43301190797615,0,2
0.0008056814134263128,21.057979971667333,0,2
0.0015611350520241135,34.69855579885212,0,2
0.0008869968942868633,11.782395293813606,0,2
0.000341065183894102,20.904371790589757,0,2
0.0009458021749169768,23.010535201654942,0,2
0.0006187525365967482,8.186862784864585,0,2
0.0009788661686009835,15.391806340302496,0,2
0.0021896178422220677,29.595458284302545,0,2
0.0012769385524248776,23.88388835761223,0,2
0.0007662178563031141,14.567986680423028,0,2
0.000991199376579236,17.855713857323845,0,2
0.0020410239892229795,27.58702416719861,0,2
0.000943810521659585,37.60008919036617,0,2
0.0006203084715450705,6.407052046726488,0,2
0.002342067513503845,31.649071281717504,0,2
0.0006807403263629978,18.80651058118897,0,2
0.0007174410614019811,28.581846968723617,0,2
0.3631708736074574,760.8984711235397,0,3
0.0004833203828845721,9.040035672705267,0,2
0.0006790056153407185,8.9840856791022,0,2
0.0005996472104009519,18.122359248395554,0,2
0.2192311166376489,515.1262189893528,0,3
0.0008566958893185966,55.81353780565839,0,2
0.0007703315279241118,28.215179780658627,0,2
0.0006096067054323471,38.108000870384714,0,2
0.0007044996744279558,12.691033606756715,0,2
0.0007352066847618387,36.20997750422735,0,2
0.00017566707112102542,5.5357290891939455,0,1
0.003583925646305642,158.56433794738481,0,3
0.0006064601969775527,22.21301201788667,0,2
0.0019602264689387522,26.038606528607865,0,2
0.0010750400592002144,29.699654134739685,0,2
0.00016436749766517427,6.548170877922202,0,1
0.09393049043846047,236.62403951782983,0,3
0.007480474426479108,109.24685971310305,0,3
0.004730791480177429,88.48483377773812,0,3
0.000974810930876013,47.32108459408093,0,2
0.000896634341693485,44.16051977649811,0,2
0.0007036008426621802,13.713895442859107,0,2
0.0005789043640754023,28.102251951234066,0,2
0.0015669544795383747,20.732749452096538,0,2
0.0007855165248305779,10.617250688212067,0,2
0.001488225196213045,38.89752928755039,0,2
0.00028346485067990047,17.373965177332543,0,2
0.00026794582475229284,16.422781933958042,0,2
0.0039818747094055055,145.84540125560343,0,3
0.0023094240936067066,43.19552191241978,0,3
0.0018980107359998948,45.740706789468554,0,3
0.004000791492934447,116.34206882271477,0,3
0.0009533712429560189,17.831877882361244,0,2
0.0002683474816844969,7.4135166645670605,0,2
0.0007568465428645511,37.27577137054362,0,2
0.0009222093436335344,27.870735888822285,0,2
0.00202535943205662,30.165804597447185,0,2
0.19106930966787194,1295.1881588792933,0,3
0.0017243587446119245,31.063030363703398,0,2
0.0011358096927785574,36.030146442883435,0,2
0.0003329864222160002,8.024735590039933,0,2
0.0024347628475559035,113.3774585887528,0,3
0.00360431642216391,67.41521811601469,0,3
0.004095733410696917,98.7042578175006,0,3
0.004162080455206829,75.30089221264932,0,3
0.0010755061680314429,50.08214913018684,0,2
0.0023736170938761804,110.53013809400318,0,3
0.0015442005143142482,48.98511698012572,0,3
0.35182988294271744,1082.851667141241,0,3
0.0008344935990709307,16.265128282242,0,2
0.0009582441486819045,21.298405937943816,0,2
0.0005962332131596275,8.05708091462562,0,2
0.0015057824910374908,29.349230969711655,0,2
0.035171097976875086,547.0831582803655,0,3
0.03518897786962273,276.0370154350649,0,3
0.00037281207031337256,5.95259284059878,0,2
0.06393030195874476,1426.7384841898165,0,3
0.0010288869244660557,45.521249629956145,0,2
0.00045046478278514766,17.945885981497376,0,2
0.0007615825689447347,46.6784823612965,0,2
0.22699831549667412,1452.105182599092,0,3
0.0004183448529794829,27.476827374747092,0,2
0.39437371890820533,822.5680973744554,0,3
0.0005546789228431105,41.17525927686729,0,2
0.0004101171317589555,6.548233001853262,0,2
0.0006336724165917617,23.209722707782394,0,2
0.43917914718859763,1037.4898741581787,0,3
0.00018733721996256892,5.175482152349954,0,1
0.0007249328444467195,20.02739764599864,0,2
0.0007178789999066465,47.150185345673165,0,2
0.0006775229717596101,20.475897294774974,0,2
0.001876412417674197,31.886468495837406,0,2
0.0009578204109848528,21.28898773539551,0,2
0.0002642186054099497,17.353838485976677,0,2
0.06187947978144115,282.59238208935074,0,3
0.0012368072260425457,39.233989425566065,0,2
0.00011620525926423657,3.930490452062998,0,1
0.0011872370660521783,18.6682547490851,0,2
0.000513430019513019,32.095761834849334,0,2
0.005461850634420674,73.80765031844163,0,3
0.0010011833017801257,49.30970512980317,0,2
0.0006689034973924071,21.218951661036854,0,2
0.0010696890181721304,20.337838958900086,0,2
0.0012977646780103803,95.18183361131857,0,3
0.000670071389692003,32.527851208227446,0,2
0.003184490537227962,54.11505287119807,0,3
0.00039452670045177067,13.344348087409179,0,2
0.002064994984772775,30.756138500369914,0,2
0.004065721477806375,77.30096061812748,0,3
0.0012482561026166017,22.583609146556846,0,2
0.0001353243953019166,8.816352859144539,0,1
0.0011775352782806316,30.777071299824815,0,2
0.0009022334291635744,24.925602135136668,0,2
0.08805092044970335,889.038840896903,0,3
0.0007665393658400659,56.90221105321773,0,2
0.0012915669170606898,17.0890307546935,0,2
0.00025864527635684344,3.4959184836942576,0,1
0.0015120428015468796,27.23831778186064,0,2
0.005919539549826018,110.71920529616264,0,3
0.00023988605145818583,10.613326471069216,0,2
0.4182977190939687,1182.6742379146588,0,3
0.0009721158006651815,18.182476525332984,0,2
0.0009698712911652886,47.76754396142007,0,2
0.30250415318783436,787.6622975201938,0,3
0.0006479475075713045,23.313272489961687,0,2
0.0005185945476391431,20.660080384124367,0,2
0.0009151086406617727,13.364492622920448,0,2
0.00017166991962730755,10.731505064296455,0,2
0.0017495166078772843,27.509604153626523,0,2
0.19635050195804288,793.976839397514,0,3
0.000350682123683547,16.32990580403307,0,2
0.0005755233515747103,21.07987826541012,0,2
0.00325136442010743,89.82400043308995,0,3
0.0009596252956142208,52.58524051164807,0,2
0.0028383697343609105,186.42369963750068,0,3
0.003267149410147643,79.48687210184072,0,3
0.0013668714034446472,21.49284612010479,0,2
0.0005777475208022703,7.807278126389758,0,2
0.000656742279272814,41.0545604684532,0,2
0.0035718780422718532,36.89327096306225,0,3
0.0011301311596350096,21.487016447422533,0,2
0.0035628008243165934,98.42791561822307,0,3
0.002480558193353853,32.95041659294802,0,2
0.0011772999043856292,37.34629862018351,0,2
0.004082035784056132,76.35049216192444,0,3
0.00022170892459886157,3.2378967431608556,0,1
0.0009597206174701878,9.91277763969922,0,2
0.05695438406158269,607.3035655210497,0,3
0.002056654395811733,34.94937732300968,0,2
0.0009652868754270798,17.46409367697038,0,2
0.0007810969423729933,14.85088054135273,0,2
0.0018998382173484965,88.4680941427144,0,3
0.29582584894755337,1029.6402876331654,0,3
6.0542144851195794e-05,1.7605512297733723,0,1
0.0033081172226070567,160.58877673586068,0,3
0.11433719830885558,807.2148191550384,0,3
0.00032028706580212595,11.109023416313718,0,2
0.0023429913884106942,143.60528543627234,0,3
0.004893086433872764,117.91989772354628,0,3
0.001667045837426739,22.05708214492048,0,2
0.0007005796149851531,25.66035410849498,0,2
0.00040456707036849455,7.6919738217826765,0,2
0.002547612206320942,165.97634232230004,0,3
0.00012040121342228488,1.2436019759074872,0,1
0.0002774019074383555,11.051303436328821,0,2
0.04259249984837929,265.2290586735789,0,3
0.0008716385924902685,42.929443488551996,0,2
0.001244858498432815,18.540984686882982,0,2
0.0021153916571952547,104.18605530563623,0,3
0.003960242117338009,96.34920817990505,0,3
0.0034563117475412564,76.82168552604884,0,3
0.0013548747814612517,32.96291199096192,0,2
0.0036208217382304895,65.22638977976929,0,3
0.33849720645239467,1008.1993310369983,0,3
0.0064304851536063894,95.77596723831913,0,3
0.0034323375703585257,166.6189118093061,0,3
0.000998130314099569,30.165196827533794,0,2
0.00048562710538155855,30.357733912125788,0,2
0.00048634075985685055,26.65034565530181,0,2
0.0013064523826742608,17.354219055737182,0,2
0.0056751660722688104,90.61389268485999,0,3
0.0013863608964348822,43.687859617288375,0,2
0.0005503293747433109,36.145551024183526,0,2
0.0005589839491137529,27.530756509905668,0,2
0.00018803971456546564,7.49123884162698,0,1
0.0016584703192370656,22.41632681387173,0,2
0.07071294918209826,675.6428280098334,0,3
0.0030709755539259326,57.43959812290056,0,3
0.001825516650843412,80.76669767167016,0,3
0.0006059808988008993,37.14143396841979,0,2
0.10072029756323,366.0279427562905,0,3
0.0011258674486106057,14.896621461008568,0,2
0.00042187786680434653,11.02656151874625,0,2
0.0008015128472427222,12.603081932698066,0,2
0.00046152901385324295,8.314099264929858,0,2
0.004667985946725841,87.3101176206063,0,3
0.000266907774387644,4.1968891211832196,0,1
0.0013783303980254807,40.08152144662335,0,2
0.0013090800113885633,24.88934447642565,0,2
0.18961217088577437,876.5826394784115,0,3
0.0019745165158007623,28.83637006221551,0,2
0.0008585467878100983,27.055055892860153,0,2
0.002674347182655361,35.524606525568615,0,3
0.002033477364212184,70.53031504410849,0,3
0.00037321490784229035,18.38136635222427,0,2
0.00042615215228540863,6.804259981624565,0,2
0.0012361599273570019,30.074683985390926,0,2
0.0003417206318374659,20.94454513030452,0,2
0.0017630766855673342,23.327689262210722,0,2
0.003772797594139201,55.098950413343694,0,3
0.0016502538058975615,24.57896265570491,0,2
0.19692164087456612,1832.641912848423,0,3
0.0014490775931203744,27.103580974888413,0,2
0.0012586103356494159,23.54107696513922,0,2
0.001047692684066985,35.43683063481519,0,2
0.0009738071493314643,35.66794658414231,0,2
0.0017642275460036207,28.168959901703097,0,2
0.0006719041800315061,12.103850205784827,0,2
0.0002589768502991457,8.982504139064382,0,2
0.001637642485217896,21.668039360105638,0,2
0.00018029391659044454,11.841677476346655,0,2
0.00023259228954725035,8.36871407315721,0,2
0.001810778194685541,24.474960648181227,0,2
0.0009438705464340366,20.97893118207212,0,2
0.0012623988860335606,58.78501783754173,0,3
0.0005894669028602985,11.20744696665214,0,2
0.00014885939621459484,2.7842696059410494,0,1
0.0011333611770919735,41.51198309933276,0,2
0.00019272590089650348,14.306544943345372,0,2
0.00029850707690044597,14.490685517081548,0,2
0.005419913623238344,73.2569969279623,0,3
0.0016793586246967942,30.252386931377156,0,2
0.0014558337870476813,27.679552289408367,0,2
0.10894846577806938,262.73400686362123,0,3
0.000990435564991388,13.10468982063958,0,2
0.002358704253943801,24.362622164761245,0,2
0.0010181744172489877,32.2985211264884,0,2
0.00035458517527770287,8.626745501435106,0,2
0.058095102393668205,943.955221179975,0,3
0.0011258599689490344,40.50865222096744,0,2
0.000917372822816857,28.90881818940635,0,2
0.0007937855712999514,36.96351405589753,0,2
0.002442717373133469,181.3292646191415,0,3
0.0009842821067421051,18.41003539691219,0,2
0.21810799975635972,2006.3660682900747,0,3
0.0003161001281528965,23.18370218589415,0,2
0.0003700561610534087,24.10907276746622,0,2
0.0017549133677643481,33.36590808551147,0,2
0.33599722164919804,1635.0921108764558,0,3
0.0014638104376506287,27.83121116655695,0,2
0.07657080891946522,235.73232798316178,0,3
0.0021764941879302436,29.41162852944164,0,2
0.0008763783378688884,32.09939027872872,0,2
0.003167908987583481,100.49238483001106,0,3
0.000206957431325954,15.178859562808414,0,2
0.00048580194563457206,22.621911628399197,0,2
0.3348619030479492,998.8034049283262,0,3
0.0016532481720385533,29.78202669672917,0,2
0.0034444048986717306,45.57374493531743,0,3
0.0002934053434066168,10.556779123186141,0,2
0.002312319089868944,80.20182410741864,0,3
0.002484416032752076,84.03211315487805,0,3
0.0008554870677716006,22.35974324211267,0,2
0.0013237426934770407,34.598473617922124,0,2
0.00036027307984184606,12.185764305501712,0,2
0.00039665672182370514,8.816287468111378,0,2
0.11989799767019954,495.0633645155805,0,3
0.36330156266704067,2665.1624672906523,0,3
0.0004578086033484432,11.138080734371917,0,2
0.001123529919918616,15.185929816123991,0,2
0.28419810206943713,617.4170520629136,0,3
0.00023672321331797097,14.798144998689882,0,2
0.2942393421252089,1239.9834091898633,0,3
0.0004047538018882663,7.322857579679769,0,2
0.0003961869571967369,29.057503011014127,0,2
0.0025136486660291995,33.258686633151676,0,3
0.0019699810733403585,31.454172670493325,0,2
0.002391007690667986,37.596485110455525,0,3
0.0007250989248615977,26.089194911543668,0,2
5.913897057959249e-05,3.696921182522776,0,1
0.0007573601618214063,41.50158029945243,0,2
0.004706816958192687,75.15251559263083,0,3
0.0003616883207389759,19.819681101819537,0,2
0.5683326050592699,1485.6719641228551,0,3
0.00038254574954979694,11.124339771407504,0,2
0.1013031001838086,348.039909649782,0,3
0.00014385724730043398,7.883043499593272,0,1
0.006198019866911115,90.51754852641969,0,3
0.0008899035775831116,25.878185216999718,0,2
0.0916085125295328,739.7678160233115,0,3
0.001035432519530909,48.21607481090339,0,2
0.001758436404512392,28.07649425982995,0,2
0.0025850078389080566,141.65243408519146,0,3
0.00106241219142599,27.76811562967731,0,2
0.0022026306361159586,29.143532700169814,0,2
0.0006543556841704186,11.838686775218163,0,2
0.1836543658874702,665.047072368359,0,3
0.00029333211602627717,10.554144388347845,0,2
0.0004759359413629623,17.124264171261014,0,2
0.5936037965773732,1766.8116678038518,0,3
0.002005985275108997,69.5767633892959,0,3
0.0003136508651952655,4.5806415629989,0,1
0.0017251508929614146,22.825884030381424,0,2
0.0011114438082687607,20.78847081720648,0,2
0.0013721310267946552,43.52673000464887,0,2
0.0005526897160160965,27.220756555340067,0,2
0.001647353092872893,39.70003613289748,0,2
0.0023110800069571307,113.82398554971758,0,3
0.0021259440476845627,51.72234917971993,0,3
0.0001797237196724729,2.6768140624111356,0,1
0.002797859097361479,137.79854981633537,0,3
0.1348149467235441,724.0554090550471,0,3
0.2565637652940023,1130.700288008625,0,3
0.0007190519139121997,39.40237716350748,0,2
0.0004749401588958771,30.94224081668536,0,2
0.003053284845288051,103.27335447481542,0,3
0.001216884038426448,19.429669240289027,0,2
0.00155393688823806,28.1140250376681,0,2
0.0012668191886264788,17.12266575828649,0,2
0.001320859474372361,34.5231153321922,0,2
0.004404384949621772,138.79369497104946,0,3
0.00024899084687020877,8.95873723220195,0,2
0.0004510630114288167,15.256614639690202,0,2
0.00015554149400898184,11.407865272705777,0,2
0.0009475638345156794,30.05861275761833,0,2
0.00017440833975264792,5.496063169981302,0,1
0.000767897792656428,30.591972467309457,0,2
0.0005486853395348923,14.340910312845383,0,2
0.0051503028284417595,68.14488840541465,0,3
0.0015147215044609599,28.33138621801328,0,2
0.0006830236249714994,33.63988740538388,0,2
0.0008531744490624726,27.064393389571553,0,2
0.20322520573504005,732.2947996974273,0,3
0.001498514439295548,109.90540460991521,0,3
0.0006150434587977373,11.98782203678559,0,2
0.14604295044029486,669.7138788576551,0,3
0.001276044473326027,33.35179205386233,0,2
0.2995276091192659,3014.626027385974,0,3
0.003479419731815004,110.3741262912381,0,3
0.35747922278837124,948.7865560229703,0,3
0.12755577556803382,429.57916123557186,0,3
0.005026116422787311,122.28099272907211,0,3
0.003147418729529131,59.84140639937732,0,3
0.0007891111449322553,25.032177742793543,0,2
0.0005001456806544451,24.632887894919694,0,2
0.0001787976769700616,7.123049009120273,0,1
0.0010395074916380478,23.104604982868885,0,2
0.0003326653878442544,24.694617070930445,0,2
0.00024813714138129,16.16607701069775,0,2
0.0009028019641826607,43.825491452376724,0,2
0.0008309259214456971,51.94320445543713,0,2
0.3777100732129267,1406.498329130434,0,3
0.002224809874294687,88.63330910741816,0,3
0.0010585963616460098,20.126935922389404,0,2
0.006151776635165124,116.96281853103935,0,3
0.0016518486469649777,36.71480079424117,0,2
0.002355095603369015,31.832099803461105,0,2
0.0003655843657205398,20.03317533059412,0,2
0.0015286381947603534,51.704181611111515,0,3
0.0069703934083084635,103.8173877655158,0,3
0.004239863040178567,152.55106504892717,0,3
0.00048148280301916926,29.510768030234175,0,2
0.0031831341726623573,110.40568239249768,0,3
0.00031839551303404956,20.91216967586231,0,2
0.0032678473061442865,152.17096934046853,0,3
0.00041783385842512926,14.132682130627511,0,2
0.0006169383322341581,20.867129764274864,0,2
6.17675371387085e-05,3.0421392740854665,0,1
0.0008203145507659223,12.89872212211281,0,2
0.0006610973976492548,41.32680953231861,0,2
0.0008451034135251344,41.62254808986638,0,2
0.0022977251646022607,51.070370068884166,0,3
0.1637228771725603,516.8032872681164,0,3
0.18106318345016542,901.7437615518928,0,3
0.1441459365012984,357.08379678866936,0,3
0.0008039767200985089,25.335410262620165,0,2
0.0005532957383150131,8.700087025411177,0,2
0.00023909676702508698,4.307149053044118,0,1
0.0014374296926960874,43.44157170001898,0,3
0.05841544548028356,219.7827409429686,0,3
0.0005268202089811975,32.93281521264324,0,2
0.00039034291120967603,5.275978813524646,0,1
0.0024883911938447393,122.55681431953212,0,3
0.07940632403735583,270.6164421248868,0,3
0.00033839887929430784,12.175654958311068,0,2
0.000727141033052062,25.22058373761619,0,2
0.0012438454928169653,16.81214716328056,0,2
0.0008052778186710142,49.35662656626004,0,2
0.007208902616913029,107.369755837859,0,3
0.0002220692230037751,4.000410609778738,0,1
0.0030143118878428327,57.310665721895546,0,3
0.0012590114131109853,39.67474415500447,0,2
0.0008902984960195243,48.78629268560462,0,2
0.0006873378033483709,24.73054269808866,0,2
0.00037999335961371415,28.20789552518849,0,2
0.0008827986204215467,48.37531689752407,0,2
0.00036819596312827096,6.256870221065992,0,2
0.0016323921201916321,121.17671327024068,0,3
0.0008727269153842941,29.518843035979998,0,2
0.002801875504420193,88.29442897373151,0,3
0.00010313794566990939,6.321471858795367,0,1
0.0015243051276606825,27.57792343335703,0,2
0.0004092024022726899,7.371474576514314,0,2
0.0018711911396578752,36.47141687008076,0,2
0.0007441041225609526,46.51576220786265,0,2
0.0005167346700798796,31.671405263667957,0,2
0.0002703624726291181,4.870377305607772,0,1
0.4786397063807064,1123.1786561144079,0,3
0.00071146347027149,24.06431855665866,0,2
0.00377529538151168,119.75989140244754,0,3
0.0006894363704856991,23.912813227730204,0,2
0.003349580224235669,148.19614664859782,0,3
0.38563975155559443,1580.245684767711,0,3
0.005385689094348478,102.39730951967022,0,3
0.0013525494995197886,21.59580418259909,0,2
0.001742618305051156,27.401134431633494,0,2
0.17685977385535348,796.5538879949752,0,3
0.002642453771481879,27.293418712762126,0,2
0.06467969660775283,431.67381281473826,0,3
0.11332906992747832,1033.252468958769,0,3
0.0002680748869437156,8.447741174635475,0,2
0.0022781451739353306,62.93730466652754,0,3
0.2998986011828105,985.8816590741045,0,3
0.0002569082524485549,8.149641631832226,0,2
0.0007148748106744344,24.179702670660078,0,2
0.000614036902039373,24.462370097611515,0,2
0.31217797708996153,651.020577694664,0,3
0.00023920144484688055,9.529450513957219,0,2
0.003103229201011039,123.6283046844955,0,3
0.0014911497630966726,20.15477758648053,0,2
0.0007418332209182657,54.40820465929349,0,2
0.0007126606397054692,52.26860275915081,0,2
0.0011594432764936806,15.671344314431142,0,2
0.0023723830514649543,32.058734374836185,0,2
0.0008834023457075496,28.023282497233723,0,2
0.001228952399869137,22.986354245124012,0,2
0.06595518225229169,242.25554327120824,0,3
0.0010113621759757518,15.902777368201365,0,2
0.0014170203258648257,42.824765899319765,0,2
0.6237237646112297,1724.7956638787018,0,3
0.0021828687566925534,34.853294642882105,0,2
0.0032041452154173457,155.5415742560739,0,3
0.0005284381156810213,26.02633066017964,0,2
0.0013082442698233328,17.30969279744408,0,2
0.22248378713701242,787.8735382114849,0,3
0.5501860216012923,2323.399771126738,0,3
0.001955341637169693,26.423126787797536,0,2
0.00050831777914541,37.28150341591159,0,2
0.0018783417067040065,29.535265103524477,0,2
0.00042952435263158434,8.371866127766243,0,2
0.02181709673226045,242.36496244630976,0,3
0.0003034327345755223,4.014791076363713,0,1
0.00027449878698063596,20.376758985504388,0,2
0.0008466658499766802,12.364935706332348,0,2
0.00380749381353083,151.68522038596487,0,3
0.10544420540875205,328.1380683215769,0,3
0.20304682315794836,937.6712954647711,0,3
0.0007213517898522656,9.749983030470094,0,2
0.0020274581538121984,45.06328250632581,0,3
0.003930059502162124,95.61489169449025,0,3
0.002870637781516423,51.93594609568522,0,3
0.0011336922660200213,40.790459734237565,0,2
0.000810719620929612,10.955501036732244,0,2
0.0013703881418124057,18.52253133046889,0,2
0.005416430401656715,92.04311149059488,0,3
0.4584274030285226,1052.0810672221082,0,3
0.00048287807242741563,26.4605984152846,0,2
0.0006729860153135573,9.82846870561997,0,2
0.0011919967801097167,32.93076550591006,0,2
0.0006545592141854676,32.237974588762555,0,2
0.0011263329886643193,29.438804372878476,0,2
0.0010997270940513643,20.908948449124633,0,2
0.00046683104038721063,8.445966922561425,0,2
0.0018754183331189213,137.5486317043326,0,3
0.0011675689328621743,85.6328992308599,0,3
0.0004732144254124466,7.440879077265291,0,2
9.626531543944847e-05,3.8350753285705723,0,1
0.21470080550894632,651.9700369558366,0,3
0.0029780817695530767,58.04584010076969,0,3
0.0008671755282366591,12.664464561841505,0,2
0.0010547035078758394,30.67052814863105,0,2
0.10141696970101022,419.9693063458002,0,3
0.0018369376646132662,114.83145034022839,0,3
0.0006962322898402439,34.29043298347945,0,2
0.00199774827289534,29.75456261304424,0,2
0.0024914190305444076,120.94309467554625,0,3
0.0011395685597814175,34.439701328264185,0,2
0.00502493267521402,67.91832917282322,0,3
0.00297592464288559,146.56853182458477,0,3
0.003381809635441375,164.16609085003554,0,3
0.13721995742445173,789.372685237394,0,3
8.11925601973224e-05,3.9988493565017573,0,1
0.0010475150681985574,13.859922377996968,0,2
0.007230959876368957,97.73558072552417,0,3
0.001197512381345943,34.823376357565536,0,2
0.0010195703765090978,32.12933053248989,0,2
0.0010223703903827338,22.723707338320377,0,2
0.0005696511281329734,8.957261091461485,0,2
0.002140532220081455,62.2461698655775,0,3
0.0008008133089599488,14.488416864938165,0,2
0.0014664905083438308,44.31983900800438,0,3
0.14473622712728346,1423.8729677880506,0,3
0.0042167109501706655,142.62471624514538,0,3
0.0006256837676908783,41.094816282744546,0,2
0.001536085282781566,100.07559867181836,0,3
0.0010105957781782683,13.371434422580778,0,2
0.0016731982393248166,102.5527075934736,0,3
0.00022301434504624137,7.5431676623529915,0,2
0.18116209637789837,734.3016806219619,0,3
0.0007675637254972551,14.96059703023231,0,2
0.0017879610079607085,83.25840660081597,0,3
0.0005174562720173091,15.047505804314504,0,2
0.0006264956053782772,30.41251446912237,0,2
0.005334567127425035,128.55926797260204,0,3
0.000979159188851866,23.822082017391796,0,2
0.0002148360194609103,10.428969483989516,0,2
0.0007654762358895684,47.85178509945999,0,2
0.0010192393204033622,49.47781008064595,0,2
0.34508982585047115,1460.394248656338,0,3
0.32663631815176075,1470.8851987361224,0,3
0.12853951853870882,1235.4374909633582,0,3
0.001094113227755653,37.948861396561135,0,2
0.0003575931241027262,13.097677972593315,0,2
0.0007478431299684776,12.70833436133693,0,2
0.00550470558631862,93.5431995672742,0,3
0.0017153740444556197,112.66551068321708,0,3
0.007250609210803963,97.9796894946493,0,3
0.0008346855730034482,54.37957082030592,0,2
0.09558658793540362,346.6738702767532,0,3
0.0011959188528945313,15.885950396090559,0,2
0.001180560937421036,30.856152520413946,0,2
9.585832598550789e-05,7.115812885170955,0,1
0.08896904309534563,292.9690500391114,0,3
0.0007973030454304973,27.654123901018437,0,2
0.11332375956133979,2962.241172827108,0,3
0.0009048207304782829,44.56371109654768,0,2
0.0003794456198657706,13.898076339088734,0,2
0.00016718618948072226,10.247080113114533,0,2
0.0022677564324841168,83.06184171600958,0,3
0.00028927518942587583,14.042534071185694,0,2
0.0010723029593826543,36.26924091265749,0,2
0.18542788122434342,582.4195860301451,0,3
0.004018156599136769,63.18196521932537,0,3
0.0007674511119394889,50.40607424983242,0,2
0.0008917984683206016,25.93328819074427,0,2
0.000436626831678709,20.33201737782576,0,2
0.0026174284079264736,49.7647788679951,0,3
0.00240413662321592,111.9513141552931,0,3
0.00017321277012851758,10.616457840413146,0,2
0.0011324435425487096,14.983631332560375,0,2
0.0022056017125320457,87.86808284760879,0,3
0.0008000320306355866,19.414746472522385,0,2
0.0008148869779418752,8.739623786568888,0,2
0.0013708465422438898,29.98515168601119,0,2
0.006397064630361069,74.9883976686802,0,3
0.0006802446166131654,33.613360752608635,0,2
0.0018844853091932571,100.16793912599059,0,3
0.004693640773045104,60.981455592057586,0,3
0.002138340888508048,47.76166912846184,0,3
0.001477018124848154,32.99046066736293,0,2
0.002514577394655844,64.72517937031104,0,3
0.0003915382871295392,5.76430969509106,0,2
0.0035776398923699757,68.71295704713609,0,3
0.001312419927922342,69.76037372461174,0,3
0.00059327264394386,29.147123593185217,0,2
0.0017281248380229476,20.25762127831964,0,2
0.0005753503131605369,45.53403868089854,0,2
0.00037004116484681447,4.3377385764739955,0,1
0.0012337860497996758,39.475610210724,0,2
0.0025612037307621983,28.445577961388803,0,2
0.0007782044316792893,41.36468125262161,0,2
0.07661033023249188,306.38202622761605,0,3
0.0005516954711178606,27.78967390717765,0,2
0.002187274145610318,22.967951830041617,0,2
0.002979439213678294,182.43357749913824,0,3
0.003815252804616808,73.27660412293102,0,3
0.0011420104377263915,29.395329243673842,0,2
0.0013504395387580193,31.61295894076173,0,2
0.13245282859896876,545.5505887629515,0,3
0.0006346322611438395,31.35948836358458,0,2
0.0022119128865956,25.059664080608535,0,2
5.3400639008577386e-05,3.269766193030549,0,1
0.0013457516218755487,31.503217690102307,0,2
0.08102555646745564,190.53007045980473,0,3
0.0005448061428579851,10.26735824805171,0,2
0.0014555582323594622,15.610792287286122,0,2
0.0006561804444875533,12.90907310149349,0,2
0.0008347503149664638,47.01599751941513,0,2
0.29192302970578093,658.9208810927281,0,3
0.00033742213230126633,26.70406545813444,0,2
0.0003066018278290116,6.796879586454366,0,2
0.0012837627236662278,31.153662424057917,0,2
0.0011284391656567075,16.281075173567245,0,2
0.0026896252889687016,30.47186290776747,0,2
0.0008313685572726452,20.17520442506786,0,2
0.000930144523118525,45.96182409103244,0,2
0.0007571647664826968,34.97566261202804,0,2
0.00038053161728294447,21.43284435292813,0,2
0.0008245465113616081,40.50946781436411,0,2
0.001678311248277169,36.71046744120276,0,2
0.05881596665125078,260.6647492703959,0,3
0.002708602121325279,28.442270565031855,0,2
0.0021178736176254063,25.214775830476288,0,2
0.001006591776659725,19.802734045831624,0,2
0.0029839585654103727,30.911287155919307,0,3
0.002282286912126334,73.02292690597719,0,3
0.0009881371070164409,24.60084291601449,0,2
0.000612192117387889,32.540462082017044,0,2
0.0016455277420167563,36.754266814186416,0,2
0.0027410321933048426,31.05427271327768,0,2
0.0063596941048851266,91.75741232117679,0,3
0.0008638732207150421,43.514504572914426,0,2
0.0018631000029263602,26.880732366165837,0,2
0.0015360190001233647,16.473730165629735,0,2
0.0012331473094894779,14.681486523069642,0,2
0.007652991142449541,79.27851597813022,0,3
0.009161066408657126,101.74584146000988,0,3
0.0015586536777825615,22.48819295700959,0,2
0.0068887449823253205,89.50103268174507,0,3
0.00177020819593917,90.47881629931886,0,3
0.0012665662280895162,13.583862098561518,0,2
0.0019208055441056384,27.713305607563793,0,2
0.00021716851949466715,11.543376292031619,0,2
0.001946286617203422,35.922155308388945,0,2
0.00026863739948061846,3.1490518393896068,0,1
0.004869912760202932,71.69588839877107,0,3
0.004762670520242218,122.59105818715936,0,3
0.0020061620162829773,28.94482537607609,0,2
0.0013479592508083978,26.51847468589118,0,2
0.005062544656242841,112.22864088312087,0,3
3.589492904945242e-05,2.1978767985955687,0,1
0.004638294822468958,52.54913557504346,0,3
0.1232256755749857,885.0090573346318,0,3
0.002981920629923813,150.20352034930056,0,3
0.002824021256882126,70.30735192387333,0,3
0.0028732584343882533,30.171280289090657,0,2
0.000871123678990969,22.422708681087396,0,2
4.060910013423519e-05,2.006643344635382,0,1
0.003784449082393511,88.59162518681775,0,3
0.00046787059162661164,37.02794128980802,0,2
5.055325762870463e-05,4.000856409838401,0,1
0.0003858112209100359,9.031603367249746,0,2
0.006277942986568899,69.72491665411383,0,3
0.002249664348330707,49.20793440299348,0,3
0.0007139127341695175,14.572539889347821,0,2
0.001168998626385164,14.685762320758021,0,2
0.0017395711066643886,34.22267574388599,0,2
0.0010603288514865724,13.776170758793702,0,2
0.0006684176738740613,37.64757333222289,0,2
0.001765058149182173,18.93016406303414,0,2
0.09540925795914955,409.9710058508287,0,3
0.0015995789738818098,23.07866149317086,0,2
0.000656472949353702,32.43871620891251,0,2
0.004167557805149919,54.14639796926796,0,3
0.0030069380288099555,173.34347388406167,0,3
0.002557040781305568,52.194865003509754,0,3
0.00026897186069772843,4.9643505063264275,0,1
0.0008744503573455027,19.531595201334493,0,2
5.8929464639319456e-05,2.895168699679698,0,1
0.21251269132664752,568.5383556984145,0,3
0.0034935619831304634,89.92422602700076,0,3
0.0021512828486765292,22.28547093779734,0,2
0.0003308584860366533,6.2353236102035705,0,2
0.0008589703642680969,42.200690737688376,0,2
0.003530635856772934,66.5379854102601,0,3
0.0010730693603179168,11.11609106088376,0,2
0.0021439273771429756,25.52496417236291,0,2
0.0070581633153262635,76.89063220574954,0,3
0.0009566345603232791,23.215092326708703,0,2
0.005745049283867355,84.57983388688663,0,3
0.0002504337402310679,5.111907232473107,0,1
0.0015377404541363463,34.089283733211374,0,2
0.0004965023803142606,15.885845392047276,0,2
0.0010006965243639296,50.74906550139346,0,2
0.19208340621892384,513.9580022751306,0,3
0.007371202499890783,83.5113623311409,0,3
6.593359379478149e-05,1.4616439207115512,0,1
0.00042434422384281196,20.847773219712263,0,2
0.000989110040421472,50.55535606060514,0,2
0.0063836601034005635,68.46444868460013,0,3
0.11779849229256864,1651.1387690609852,0,3
0.0018996235247761614,19.94741340486996,0,2
0.0004976821806291924,24.592286758436966,0,2
0.0025839391199280986,137.34670958036122,0,3
0.0021712083607230153,136.38713782979244,0,3
0.0013824305743820348,68.31092297870302,0,3
0.0008476751099377804,42.988776947613765,0,2
0.0002644449073250888,5.078988412756554,0,1
0.0006374120643971395,7.959488411451689,0,2
0.0006766337848594792,13.311452764357595,0,2
0.0009679704074695931,47.83093862046346,0,2
0.002239482562863097,24.872435983893908,0,2
0.0018129633670951122,19.750166329973027,0,2
4.234248410121614e-05,2.1328502537974825,0,1
0.0006566289553165277,32.44642503097438,0,2
0.029219646652376155,412.01966338427144,0,3
0.0034304903032212623,168.5378988461758,0,3
0.0001577192227160314,11.36838054691874,0,2
0.0017038669828485433,22.137247772786274,0,2
0.0006793459492701333,33.568954330477254,0,2
0.0017203538477485072,17.8214109317672,0,2
0.0005287686498754133,10.155649707576572,0,2
0.0015323820194843055,16.434723722570972,0,2
0.0006001849874480595,6.665853499529393,0,2
0.0013459735160291076,33.50960388171806,0,2
0.0005232941656406402,29.47372016825557,0,2
0.0018128898647505611,83.74270313293793,0,3
9.792759156065811e-05,5.005271463422816,0,1
0.09133092425960022,392.4300517281763,0,3
0.005510526326690467,57.86449013883767,0,3
0.001572908434049832,20.435787581407418,0,2
0.0023048611780126836,28.95524654918123,0,2
0.0027070327492658385,156.0545831605896,0,3
0.000311452555437001,14.386907554113515,0,2
0.0038991630200687247,45.70721166958448,0,3
0.008039692610720834,86.22531796350509,0,3
0.006955009795568632,75.76689236096728,0,3
0.0014735339106855343,17.27322659026121,0,2
0.000355447829408806,7.879718502870661,0,2
0.001491830382841896,19.382392611851703,0,2
0.18575805201913914,468.61289608824455,0,3
0.0007724440189306694,47.29739916974521,0,2
0.00791342945596584,92.76370167507903,0,3
0.0028291279310396814,30.342261480001792,0,2
0.00020564479600192136,10.16165735985541,0,2
0.0017515502619829249,19.844027968547618,0,2
0.008874333670883205,93.18688683154905,0,3
0.03258272932398751,145.44170571718135,0,3
0.004363280663982243,45.817585469302415,0,3
0.0009301900963816416,56.95632461911145,0,3
0.0002489266981290901,12.538786576915788,0,2
0.0012397582725680398,77.8769488249651,0,3
0.0016693978935454397,17.529878676193928,0,2
0.0034470237542359628,64.96224067633244,0,3
0.0016546736301459046,31.780034183352754,0,2
0.0016561335839759643,18.041684869004673,0,2
0.00044790444827374066,4.87940766697085,0,1
0.0011487222517745155,16.573718729273498,0,2
0.00012099046328701242,3.871151216783898,0,1
0.0015806896713965184,17.908278585894582,0,2
0.005149539200263535,132.54905143101504,0,3
0.002086952136597431,26.217723751858262,0,2
0.0022190391793986725,28.854225524895252,0,2
0.0009669828699271473,10.739632417158171,0,2
0.003169894364789215,39.82238659009894,0,3
0.001166747511988304,26.060301668235024,0,2
0.006359320256511799,125.10724870996413,0,3
0.0005460066113240181,26.824972203611924,0,2
0.0018383085316747067,37.52394813060881,0,2
0.0022068698442390083,23.668573319561066,0,2
0.00026430219677792946,12.208894115695697,0,2
0.09063678648070406,388.5961274213659,0,3
0.042638499496773986,370.3628749916374,0,3
0.0002508089420508922,19.8493749071342,0,2
0.00037995527273228225,8.894519222429155,0,2
0.00012799850458985218,1.6630022408876923,0,1
0.002676073489361463,154.2698487865234,0,3
0.002427918107677413,77.68247084475776,0,3
0.006025827677479682,71.74171906021814,0,3
0.0015840819183483292,38.441646907570345,0,2
0.0005872789907863346,29.019591037726318,0,2
0.0006032208145977728,13.473451830368262,0,2
0.0002383088759388772,2.646737402413874,0,1
0.00029892926755885953,3.0966544026222964,0,1
0.0004584748579367111,26.43008395976293,0,2
0.0038988592629629953,91.26989713972176,0,3
0.0021837973454172386,22.622293625998456,0,2
0.0016038210749653083,23.61179398160681,0,2
0.0014626575991447891,105.42816475109555,0,3
0.0009260227538039032,13.63310335946977,0,2
0.003826691575623797,72.11741979563679,0,3
0.002575108220966834,28.60000584050626,0,2
0.000862461561710632,68.2564295411488,0,3
0.007449352693589459,93.02151582825896,0,3
0.0007502331751540337,38.04713179293903,0,2
0.0015818590302180335,39.38225297010871,0,2
0.009307390628232787,99.82131844938344,0,3
0.007442939393197529,96.78073907538915,0,3
0.0003458096252917959,6.382527093936922,0,2
0.0006983605776951121,50.3377373378157,0,2
0.0023763070996077563,76.03115047404106,0,3
0.001129126489661501,28.110940483091554,0,2
0.0004011498086432491,25.198721242765764,0,2
0.000630484952230791,14.759264917532585,0,2
0.00027478703738975863,15.476947341796887,0,2
0.0020724096425047134,21.46841122619584,0,2
0.000923771643826713,18.173409127665714,0,2
0.0006642085376104877,9.77861894676899,0,2
0.00013079624561798155,1.8871230032922823,0,1
0.0029397255229933537,156.25818137068907,0,3
0.0022204663147790673,24.189445767597856,0,2
0.005051755007231049,65.63420349605319,0,3
0.00014757450366361256,1.6390113752595923,0,1
0.007479189932713683,77.47808243174401,0,3
0.0028579761785495514,29.606216173371198,0,2
0.0001535691915221455,9.64663865036241,0,2
0.005700205140516819,61.134426960908534,0,3
0.0006310962652540449,7.39790832837311,0,2
0.005110077866067431,113.28237727413675,0,3
0.002276600225829967,29.578402414092093,0,2
0.004588699973408354,84.69255846049256,0,3
0.00031870840624126785,7.9346230217263845,0,2
0.0009397210045925795,10.43685310037319,0,2
0.1460364946531495,462.9891488292518,0,3
0.003968860316903672,74.79671667495916,0,3
0.0018850164260745346,95.59623696990963,0,3
0.00268013320088544,28.74430013937732,0,2
0.0008948931044158256,9.270335736262268,0,2
0.0028339958724962673,163.37373261597187,0,3
0.0032081577305425016,79.87088412980778,0,3
8.408298910567888e-05,1.8391855724566206,0,1
0.0004159710818542534,9.291069204776326,0,2
0.3185470076725044,766.814926050137,0,3
0.0018985068071655075,23.850344307579647,0,2
0.0024694967471649678,27.427049790362556,0,2
0.00278245177623182,51.35505940410799,0,3
0.006345625616444751,79.71810015533471,0,3
0.0012931933604034458,16.801629543588554,0,2
0.0022656496129823053,25.16305591984254,0,2
0.006845747941692507,80.24800414783546,0,3
0.005010265942318487,98.56723078332969,0,3
0.001146574097587002,21.608212704993377,0,2
0.0014165273377133491,16.048416490185783,0,2
0.0028147062641557543,29.556440385211488,0,2
0.0014647102769659841,16.26755805243349,0,2
0.0004581624760547929,22.509243349829017,0,2
0.0020039486886638935,23.858419378721496,0,2
0.002027868014691062,26.368421780850923,0,2
0.007540365001875503,97.96711247065807,0,3
0.001109487953725292,24.26833606903919,0,2
0.001477039442181381,90.44037156637091,0,3
0.0004206082867089901,30.317389232284572,0,2
0.0011718297764182401,16.907113171126813,0,2
0.002269740209595302,29.513492370302874,0,2
0.0013865115939502052,32.45738356472396,0,2
0.16132301557367107,665.6030771029342,0,3
0.00030959466542456815,16.456195996165917,0,2
0.005171845083530936,53.575941152845104,0,3
0.005557098773860657,72.19981001635227,0,3
0.0014211235005441743,17.853127870621634,0,2
0.0031247538202981468,144.34154916120391,0,3
0.004975234332833545,56.366460839700224,0,3
0.0006185455118781363,6.4951727930480105,0,2
0.002173172870316818,27.136832268350055,0,2
0.002099198367386315,46.535921302998496,0,3
0.0009389304892031032,18.47162990632802,0,2
0.00316218344231085,58.363677643493695,0,3
0.0017517646335992536,38.31714684174932,0,2
0.0047325796562434725,117.82317239588737,0,3
0.0015120202201844698,33.51910665910785,0,2
0.00022849439881024604,7.310794139900933,0,1
0.0006003911650716973,6.304539093201568,0,2
0.0013249633400571283,42.39287384071692,0,2
0.006609744663034886,85.87616098753968,0,3
0.00019668375761030182,11.077903049712187,0,2
0.001886287951243064,23.696842661077742,0,2
0.007228049355505317,77.52048294772734,0,3
0.0006253130877561399,13.677758384920677,0,2
0.00038777848615770044,19.665698156148892,0,2
0.0005637349162373778,18.036984466776158,0,2
0.005608226618858645,82.56550159718905,0,3
0.0020885209525242513,23.66170648615562,0,2
0.0008105891451192499,15.27627625720581,0,2
0.12619176547600408,913.9990218822112,0,3
0.0036369182232905677,45.689460536355575,0,3
0.002922241618153607,164.5906592748772,0,3
0.0001403786326840316,7.906605517503129,0,1
0.003346562041427506,164.41455447081086,0,3
0.0026303548932345576,30.83384491810249,0,2
0.001256508422135601,28.065188220311374,0,2
0.007726424901695659,97.06464758334351,0,3
0.11472600054749772,830.6369736102238,0,3
0.004668717805539713,116.23325603070523,0,3
0.19258988498786186,953.4034830517527,0,3
0.0006321899491941287,14.01465539479934,0,2
0.46705150152792924,985.6781295448326,0,3
0.0026829940264271822,29.228157196118868,0,2
0.0029326347313252572,184.2170767859895,0,3
0.0006005273619594264,30.249404671340663,0,2
0.005178030220603048,133.2824098099766,0,3
0.0008667037097889392,42.82698275189261,0,2
0.0033785269347049985,48.74525155978828,0,3
0.0006867764316683311,15.022174140837313,0,2
0.000496387486388636,5.818809778847993,0,2
0.0028211892494927927,57.58672020531715,0,3
0.0019052522259093013,27.488902954359524,0,2
0.002165737358696483,28.161140531305698,0,2
0.0007424906134032125,14.260441844771517,0,2
0.00034690549194125856,7.081109324977313,0,2
0.0015556629105144412,38.73006956229903,0,2
8.0358167524008e-05,3.970789343179881,0,1
0.0005715542384960179,11.244217209148319,0,2
0.0007579820156844199,37.23919469082423,0,2
0.0018193832083424726,92.99224772730669,0,3
0.0005444887635550293,31.3885995857454,0,2
0.0019568116236103497,22.938359493439464,0,2
0.0004592651436349442,21.214804787945038,0,2
0.0031940262308750157,34.255778258701504,0,3
0.001274534666547303,40.77938286370276,0,2
0.001662846172094152,53.203606363227394,0,3
0.0007462626374116683,42.03206836859809,0,2
0.0002565072148378951,15.706153239302166,0,2
0.0031626099132758974,101.18930766425963,0,3
0.0009825034457519553,22.99980132267069,0,2
0.0007502662936751731,8.046570044627869,0,2
0.00838229156789922,91.31549798361414,0,3
0.00019828255428937873,9.797862218243393,0,2
0.0009277306158712548,22.513666968593842,0,2
0.006072918649823702,78.90152588693724,0,3
0.006961918169563931,90.45172483819351,0,3
0.00019284365722341298,9.71380522382667,0,2
0.001409435281992763,34.20341639018922,0,2
0.000735539759922819,46.20383949814926,0,2
0.0005032021992950269,25.71965233008813,0,2
0.0015490762047101676,19.343615831161973,0,2
0.002187310235470912,22.968330799537203,0,2
0.004061029041966028,52.80566874524071,0,3
0.003059428840491462,56.46716007378884,0,3
0.0012188282810452037,22.495627529347818,0,2
0.0007864779830842005,38.86273779131826,0,2
0.0048237674376122915,92.64636316609761,0,3
0.0014824202512713554,35.97457631952727,0,2
0.0014930172749856635,18.756306762332343,0,2
0.0019911388423580734,21.691184740071364,0,2
0.00028581725404378704,16.09820693229521,0,2
0.00023308517935833557,5.802931438086426,0,1
0.0008135271340161353,37.57920577479579,0,2
0.005663623147404864,81.71452837157739,0,3
0.0019220711581057971,36.223147292346304,0,2
0.007308462754476598,82.80055814255361,0,3
0.00128699625813088,16.070972569154275,0,2
0.0005275326271224387,5.97663249188628,0,2
0.00042060820969695495,9.324221498048876,0,2
0.0021745455200487623,44.387289672001806,0,3
0.0008630841504282432,27.614814989107,0,2
0.00013201971431983257,1.9047751608153256,0,1
0.0007394538659130036,9.289526503161218,0,2
0.0015443790977626153,28.50424254808503,0,2
0.0009792099547958873,77.49606272649385,0,3
0.061648848525234036,263.3251376481762,0,3
0.005730368980024855,63.64337815497098,0,3
0.0016577060221201064,21.55519553701268,0,2
0.0018211513744331611,84.12432651019428,0,3
0.0001924417900900313,4.670073724858356,0,1
0.001906015193585231,137.38532105182267,0,3
0.0001092334376757586,2.4215332568423333,0,1
0.0007333282902268375,7.988774604784909,0,2
0.002037842582374542,23.087550541859322,0,2
0.0010301132473446472,26.515097466403972,0,2
0.0007482322819296188,9.343322019995925,0,2
0.00013397128738686713,2.6356243269774335,0,1
0.0004988051416681182,24.647776347903285,0,2
0.11184797609044776,1014.6273928638026,0,3
0.0006545296045266049,16.847580888223742,0,2
0.0006190133755773091,14.490722364294069,0,2
0.19066167454957325,417.8977029859036,0,3
0.0008346303580667117,8.764219107348183,0,2
0.00012337200803650965,1.370210432971394,0,1
0.11885702422530205,515.9906494547638,0,3
0.0006025165786772445,29.77253567891559,0,2
0.0011868120127175447,37.972652077764565,0,2
0.0016079499019191676,35.17142161925161,0,2
0.0009370016231697545,23.327764517668502,0,2
0.001951381493711801,43.25905404383748,0,3
0.1085453491126973,1421.7593707113897,0,3
0.0007979766417269704,46.00162751276731,0,2
0.0001777977144255566,9.450660373119952,0,2
0.001217415494172201,13.262352091047998,0,2
0.0008656279381156402,42.52777328522526,0,2
0.00034496830774082167,21.122700612940598,0,2
0.0033760084990611347,171.21002449870218,0,3
0.001344493937318518,16.890454752899167,0,2
0.052633494567476874,404.3105233945429,0,3
0.0036423878555551913,53.62400643621428,0,3
0.0013427006064235358,32.583935222574894,0,2
0.00036674051436038133,5.399231625618303,0,1
0.0024819992308743434,61.79230874222455,0,3
0.04596943706315074,172.7847351150667,0,3
0.0026226444046298053,29.127958459866825,0,2
0.0013974039407996454,34.79002518347862,0,2
0.00438315875747078,54.73335583730791,0,3
0.001322029409086866,70.27115612213143,0,3
0.0045932677998149875,114.35483882962397,0,3
0.0002625223371823387,13.223617966022394,0,2
0.003978491390197606,88.19688749539746,0,3
0.001821190798276583,18.86599645980784,0,2
0.0007342585407303139,13.552037558848705,0,2
0.0023984466097127684,31.161474107706443,0,2
0.0004968557881177725,27.98462017063239,0,2
0.0005636190252599265,27.690259371332466,0,2
0.15153861268074031,345.58543391848565,0,3
0.0010617867231216768,49.047044761931964,0,2
0.0016218829804550787,33.1062233481941,0,2
0.001781147353725244,26.22242906239046,0,2
0.0025893037095454426,162.65031413169783,0,3
0.0024587543750397684,25.818689514139464,0,2
4.703266444495536e-05,2.385202417025736,0,1
0.0023013588040424744,29.900074695971686,0,2
0.11545349345965278,1735.7875726829989,0,3
0.00022037231452060166,3.179522944681652,0,1
0.0015294689438768933,16.986789281938872,0,2
0.005049217878483076,95.15701963068187,0,3
0.0012048070055489146,13.649750414668851,0,2
0.0007703760237217152,8.556051585884326,0,2
0.003232651416414964,33.48753476878452,0,3
0.00046479279819541114,5.8390458368672755,0,2
0.03454178241826147,142.4018586188635,0,3
0.004432542921595398,141.82145813985656,0,3
0.0016213856507718946,23.870383391481223,0,2
0.16412446831568592,886.6223360737823,0,3
0.003689648433338998,38.743962505473895,0,3
0.0005295429672152812,10.809144652455453,0,2
0.004344272285858619,54.247772903680854,0,3
0.00039459062200412464,31.228460703804828,0,2
0.3419959883044034,731.9906829679175,0,3
0.0011849210173952766,26.26783255573476,0,2
0.0016043543267729693,20.15499915010558,0,2
0.000386671674866273,7.6070126122454464,0,2
0.05481723548481399,390.723432992294,0,3
0.005661671895082248,60.72115975025286,0,3
0.1133299681386803,492.1487093067021,0,3
0.0002472969064765248,7.912389905827029,0,2
0.0027423092229351175,29.411134996196388,0,2
0.0004411272506662584,21.797701962386082,0,2
0.00033376108351736405,16.812013437522594,0,2
0.00046670630200869583,26.28649782350523,0,2
0.00044818733611478727,14.339981056458475,0,2
0.0018117520708154742,20.526078837517723,0,2
0.0014236902413248594,29.06067063773014,0,2
0.00024800788544540207,5.497944176652629,0,1
0.0024833307921056954,26.633603736583417,0,2
0.00016881800149251132,4.345372487147375,0,1
0.001974154813634045,24.651655089699723,0,2
0.3190371817941502,855.7142211328327,0,3
0.0005306699679602006,33.33469019906405,0,2
0.0006327051150739715,6.643858811573457,0,2
0.0014553360941784443,17.059906078466053,0,2
0.0019393045516360214,95.27685125611589,0,3
0.001084317229713233,11.81239843560966,0,2
0.00022245369785614985,12.529354369886823,0,2
0.00634165134901691,93.36313600904957,0,3
0.002177431182877584,24.183272780752553,0,2
0.0012629095471122559,27.62419655951208,0,2
0.0008845543352291182,13.022596507168904,0,2
0.002087517133977127,24.853360529854577,0,2
0.0024710131477691548,57.84489785773819,0,3
0.00025572698759890566,13.592913248894531,0,2
0.005450204125907118,119.21480078108821,0,3
0.00011924328491919635,8.59504007997048,0,1
0.0004069558124846587,18.79848327014361,0,2
0.0013417942214774062,34.53776043948663,0,2
0.0019263428638590886,27.79319783561628,0,2
0.005178602794823924,105.70675124102857,0,3
0.00024067654189404282,19.047482407696926,0,2
0.11242519412561501,284.51280909512883,0,3
0.0021046349426079624,23.844268458167807,0,2
0.0011682601968625484,22.983245553197644,0,2
0.0008750026801514598,54.96437527511863,0,2
0.0002319756448416514,11.462760373913607,0,2
0.0011464747982164979,23.402089540505166,0,2
0.00042925373845500823,21.940001315416556,0,2
0.002530830605716107,128.34789074945203,0,3
0.0015554179364188174,123.09797850426483,0,3
0.0013684534703173293,17.088144619451782,0,2
0.09023859699546613,213.221615908652,0,3
0.0036114769128204106,80.66541976642284,0,3
0.0012120371293860115,22.37028483702902,0,2
0.00015437814622754276,1.8096690419104335,0,1
0.0008324056407987549,10.394411122153905,0,2
0.001344015661702437,15.226902110588247,0,2
0.00019847095082251975,9.750756911401387,0,2
0.0010132026844554781,62.03925544389435,0,3
0.0007486414368835138,14.378575944994356,0,2
0.0011887917219162347,29.596377064537336,0,2
0.008177956532748812,95.86457102284041,0,3
0.0016994813208316229,21.35004967754158,0,2
0.0006232669176879857,33.129132058312855,0,2
0.0029682153496094444,64.92512819786604,0,3
5.979052373088202e-05,2.954467252912397,0,1
0.1979848227593648,535.4522940336601,0,3
0.0012083174245741204,61.759475828946364,0,3
0.14101086638220334,858.6802690241537,0,3
0.003219811824550111,40.206416439263016,0,3
0.006602086290906296,97.1973144529492,0,3
0.002553893516480265,156.37705532785424,0,3
0.09476828362779575,608.3192255583517,0,3
0.0020480573111371597,65.52863206453094,0,3
0.0007252532938530776,52.27616073325987,0,2
0.0004981452832963556,7.333800500381336,0,2
0.0029576998503471896,73.63543874068898,0,3
0.003759957124247811,120.30173454298713,0,3
0.0015826102704663138,23.299524019681517,0,2
0.0007808126182824818,39.9088658700338,0,2
0.0005542169783461282,27.385876746986305,0,2
0.0007782640519034649,41.367850306238935,0,2
0.005763535465544211,110.69575943856067,0,3
0.0021507226453959753,23.429668104254453,0,2
0.002604888808158118,26.984445056174003,0,2
0.0012368430848140248,15.538070928123757,0,2
0.0004315489765756655,22.93855590416904,0,2
0.0006306435007635085,6.763621323337638,0,2
0.0011972592985894362,94.75279662848732,0,3
0.0003485618891114519,27.585681589886264,0,2
0.0029680883766283373,64.92235085993563,0,3
0.0005580119181940244,40.22142467166085,0,2
0.00116326050510419,57.15027999260202,0,3
0.0006465774168127325,6.934511809363938,0,2
0.003937000865098728,125.96633879525113,0,3
0.002043305967918181,45.63898305101896,0,3
0.0007959147556135199,49.99636950480357,0,2
0.0017902448721856476,33.73876321959717,0,2
0.0007300912818755243,37.02566101091259,0,2
0.15675837267672918,362.689148780207,0,3
0.2228294327959205,946.6447707556104,0,3
0.0023006662475713244,113.03033124678603,0,3
0.004195120167572226,80.57242219842593,0,3
0.0065815066173749185,77.15048448008316,0,3
0.0006170973250995197,30.49302339401787,0,2
0.006722834531831358,98.974995662448,0,3
0.0006250539990185058,30.708522207760915,0,2
0.001145414525756683,26.813449498227723,0,2
0.00045171454380721744,9.880558251739743,0,2
0.0007534175836075386,40.04716103812909,0,2
0.00039138863113669326,5.76210642782743,0,2
0.00012170111026244886,6.854623467185205,0,1
0.005917096742202431,73.88793777153074,0,3
0.01345588925989019,178.05311222701386,0,3
0.0007433776749627788,36.52169232769328,0,2
0.06284873841472037,172.98335089115258,0,3
0.008664912301632223,98.16832881743385,0,3
0.0016740367436795733,17.953963851040818,0,2
0.1150124742134847,384.25910183528055,0,3
0.001772480345259101,87.58470088118796,0,3
0.0015338947732309257,77.78954400628194,0,3
0.0006676138359573355,12.581778885919775,0,2
0.0025437254840669165,51.923070299673164,0,3
0.008164028676164854,102.56212626079386,0,3
0.0007129046928090416,41.09741365327601,0,2
0.0024389326905150956,28.589933829254928,0,2
0.0013363521940975007,29.848567025303193,0,2
0.007661021809733267,99.53472876812008,0,3
0.0010107637003854589,51.25960967027162,0,2
0.005798741326210018,111.37193112283113,0,3
0.0012745850237149213,26.01710294754411,0,2
0.0020122980011889184,22.349248904667057,0,2
0.0648994817153921,1045.3059564041578,0,3
0.0019260016927821638,20.656275855240857,0,2
0.0011644080500217804,22.907462061655167,0,2
0.07766405282682534,212.99899072396414,0,3
0.0025176514640138123,47.44738998198101,0,3
0.0008224216099358372,41.70807746027152,0,2
0.0004596476372922238,5.472428590109305,0,2
0.0010025828050867062,25.806464350924504,0,2
0.0020541063232817425,26.68768224742165,0,2
0.0010335350563561916,13.43908385252944,0,2
0.0021115874557250647,104.34121663962011,0,3
0.0009107485286258049,13.140243364508883,0,2
0.12028190271858852,474.0746840511376,0,3
0.0006016245071974906,34.68235163219285,0,2
0.0022707961347617567,24.354179721875646,0,2
0.004855152215140919,99.10440861697327,0,3
0.0003157931323323969,17.786551092208697,0,2
0.0010409707201767435,10.783576295357225,0,2
0.0017755733031528855,23.08782693014006,0,2
0.15866050642056848,436.3300147359046,0,3
0.002563040602577958,33.2999379893631,0,3
0.0003107070472537753,16.51532354404825,0,2
0.004204431184407139,79.23626002660764,0,3
0.002823759861234696,36.68729562122021,0,3
0.0010546045108793267,10.924810836719997,0,2
0.000510772315129137,36.816400380525785,0,2
0.0006043710328283685,13.219683265441489,0,2
0.00040700010635670597,29.33651340667639,0,2
0.0029880310126045055,76.91186744377315,0,3
0.0028293211076364094,30.822223708942175,0,2
0.0005378256963939995,26.57592388591435,0,2
0.005649211123503266,115.31290940812832,0,3
0.0013395243015519051,33.349043053510336,0,2
0.0007484113279071616,17.519848835061048,0,2
0.004075281937731334,50.888838113614625,0,3
0.0003526033322514789,18.02224856855512,0,2
0.003463696997784268,37.73302487213391,0,3
0.0010551064417119655,26.26812377343419,0,2
0.0006243157417312187,11.990748660008473,0,2
0.0005322383365457506,42.12209578995945,0,2
0.00900001278094737,99.95712646324581,0,3
0.0015839550637622983,35.1137888347849,0,2
0.03680275350265369,393.9032854998624,0,3
0.001744495926765387,86.20188897601693,0,3
0.0007907240915588582,44.53628978716425,0,2
0.002866907505069841,64.03482644649173,0,3
0.0008770695089387006,19.590096187993773,0,2
0.00040536868333485205,24.82106658440371,0,2
0.00036606820601718925,18.710464701965847,0,2
0.0007260551206763156,41.855507377767296,0,2
0.00015177382500169737,7.7574581695391895,0,1
0.002806905557901481,29.47452735851201,0,2
0.000777831105107378,44.840280897891844,0,2
0.00042592065040476004,8.379159814499765,0,2
0.00202324603325045,24.088167846157926,0,2
0.20159078860359322,1845.1597930725757,0,3
0.0013912647634276773,78.36079782586638,0,3
0.0005450605438074387,43.136863433381755,0,2
0.004702743702022036,102.86525799944482,0,3
0.00071259844502434,13.686326130598122,0,2
0.0002136897698853185,10.837007888861034,0,2
0.39825889700780975,901.5408532880884,0,3
0.00022995172445412204,5.724920369242222,0,1
0.0009601405897074233,13.852870047383071,0,2
0.0021427326855603776,22.9807053663801,0,2
0.0007045354608388789,39.68185083041449,0,2
0.00023855629514059717,13.436307815016258,0,2
0.0003272705681258283,4.818146706918427,0,1
0.0005162389255728428,16.5173261643097,0,2
0.0015458443883513916,77.86634785397447,0,3
0.0012341109110357257,17.805702891745234,0,2
0.001607480105184591,23.19265869976546,0,2
0.0032453406334178804,38.63806408661792,0,3
0.00021085150410264677,15.198148305897266,0,2
0.002323850161901634,29.01836891195371,0,2
0.0005052798325447741,31.739777448604794,0,2
0.0004705442256148077,24.050439178720435,0,2
0.0074526711350387295,109.71980490841761,0,3
0.00021518436156752174,2.2291280009654084,0,1
0.004327683201147238,54.36732384204293,0,3
0.03301005534614604,155.38854415347635,0,3
0.023619651574435064,83.91593076403555,0,3
0.0002593504304524375,16.2914179699242,0,2
0.0004286020398235694,33.9201724821048,0,2
0.0007288157335806581,35.80627301828458,0,2
0.0008029257857728235,40.4444968762927,0,2
0.0004404154470110304,21.637342623863066,0,2
0.000884895032202222,16.676637050896467,0,2
0.00045709624483045695,9.3303466127574,0,2
0.0013276119071496673,16.678371114000242,0,2
0.0012747703466427667,24.48352620973316,0,2
0.1236237807184926,280.50847295618127,0,3
0.005711139829909388,109.689437067069,0,3
0.0006097992924855541,8.977594501687129,0,2
0.0005220483913437519,6.518919790210732,0,2
0.0012371447569331938,65.75919700619653,0,3
0.0008664763173780725,10.885269637081208,0,2
0.0005412752886206588,17.318377293822984,0,2
0.000562148059871083,28.31618544867955,0,2
0.001371339839051343,17.83156843494022,0,2
0.0019859900759424814,63.542759405490685,0,3
0.0010391083597213015,25.216522075297885,0,2
0.0005462190194196351,39.37139410018174,0,2
0.00046625397808809985,10.414180615893464,0,2
0.0018231376747020846,91.83399922642731,0,3
0.006730100485947418,84.54813709838949,0,3
0.0021559811879306866,28.03428078310965,0,2
0.00439688465248615,96.17506350118924,0,3
0.001797373411670892,34.52075830694998,0,2
0.004015383229514509,87.83030886694034,0,3
0.005182109085307505,67.32781018813623,0,3
0.002339928243511071,30.401182614939856,0,2
0.009025330605545447,94.77246325724151,0,3
0.0015538500645583988,17.60420172306022,0,2
0.0017451822821573692,32.8895184717713,0,2
0.00040953353774071454,4.39222756617882,0,1
0.00046374633230855704,8.739713735704264,0,2
0.00250327311137663,115.63353135934848,0,3
4.626766732639768e-05,2.6672309525594025,0,1
0.0009637819785885744,23.99449316515614,0,2
0.0015387755966227883,36.021790209001665,0,2
0.0017230711631110239,20.514374774881905,0,2
0.0004854226502831353,25.80215735656428,0,2
0.0009658626994170584,18.550576406534546,0,2
0.0017492922993094504,25.23871936776052,0,2
0.0013090590645893651,15.585269388965006,0,2
0.0017515664334525527,80.90999387567216,0,3
0.0008850680871196088,10.53735842672772,0,2
0.0015085441810525231,38.82990156285369,0,2
0.0009544210339608472,20.87648660424901,0,2
0.0017010027202825893,34.72123245153004,0,2
0.0002799863831821605,6.97059242323623,0,2
0.002599252364499317,29.44799115273165,0,2
0.0006153848937992366,9.059826908743458,0,2
0.0015415978644627,75.73776398619287,0,3
0.0008507219709984945,27.21928079044831,0,2
0.0016027766063588965,35.531032787850116,0,2
0.04631179782540237,167.15363376097952,0,3
0.0013900028746417917,27.345601154039485,0,2
0.0025391008842805605,28.200096418780348,0,2
0.000565401464838777,18.090306534242185,0,2
0.0014114896830815184,18.353637925732166,0,2
0.0004572776065030603,10.137124266319422,0,2
0.0003898488690475354,19.637233783995583,0,2
0.006903686652798166,76.67463331576839,0,3
0.0021717061478888407,25.85568998686573,0,2
0.0014612536452449066,17.129273467766843,0,2
0.0028273003151653327,30.3226603873343,0,2
0.002479187595105795,31.145254535396983,0,2
0.0014804792516012464,21.795929501430326,0,2
0.0014356434686791872,32.06632240256792,0,2
0.0015256492588300251,35.714510715343756,0,2
0.0032776517489102627,35.152657932040846,0,3
0.0029242470330396496,168.57651682394894,0,3
0.0004689193098857568,10.256885947575709,0,2
0.19984625873773568,1135.8257544039166,0,3
0.0010167352227226068,32.53095895048255,0,2
5.777241271547454e-05,2.6686772877795453,0,1
0.004082126544395181,99.06284860272821,0,3
0.4347345060666697,1155.855834735933,0,3
0.008826920525258315,92.6890146983239,0,3
0.0009550637442222821,10.028856289432238,0,2
0.00035908750922654837,18.353667583971173,0,2
0.00034615857926414306,21.744379173881907,0,2
0.0012027809004347158,24.55142177862973,0,2
0.0011046997930090248,87.42750626020465,0,3
0.0003238159700094459,25.627254503272813,0,2
0.0016012303371535032,32.68465716240139,0,2
0.0010251810002807377,11.614694070704838,0,2
0.0007180664480189612,38.16810664571933,0,2
0.0012002927005636125,38.40397352030335,0,2
0.0008910593456009275,10.095175091191829,0,2
0.0008374273742609916,16.083818642678768,0,2
0.06524848381550864,480.4901981404059,0,3
0.08412126355304529,190.79507523148035,0,3
0.0006453540328024643,31.889290099411312,0,2
0.00022095129738207076,17.486398619170846,0,2
0.006746464134847117,79.08416822933509,0,3
0.0005631265189411751,32.46302587357765,0,2
0.002687473768590406,31.503410287075532,0,2
0.001180466266994589,22.246940901569644,0,2
0.0021111821396491105,22.998919430869446,0,2
0.0004338954840212166,26.567786665124338,0,2
0.000925134709585131,52.10675627325379,0,2
0.0009491214723937693,18.229040632120537,0,2
0.0007154403973657494,10.322345453988056,0,2
0.0024138387557636073,191.03461797147574,0,3
0.0009637605987838071,51.22773444826282,0,2
0.12317504596201378,2664.6440070326894,0,3
0.0003196980798253651,6.140193280475775,0,1
0.00020089638945222106,4.453556517026683,0,1
0.005368458733145011,130.2788654216827,0,3
0.001637880815422795,19.199752545550616,0,2
0.006933712453062777,77.00810981044222,0,3
0.00022264811341658161,10.284769763175278,0,2
0.0045616181091894855,110.6988916731522,0,3
0.00019752975315782828,10.499497233202463,0,2
0.001572032048022498,18.716147818893496,0,2
0.0004752607483203091,23.484362234842727,0,2
0.0765093641411277,464.49082923262165,0,3
0.08586376449186316,458.000108461765,0,3
0.0006798020267177516,9.808156466896463,0,2
0.0023578025009172816,30.633411344611186,0,2
0.0004221133437505754,8.616268130847825,0,2
0.00379389579416631,121.38761949442635,0,3
0.32544780865687223,866.0752953562535,0,3
0.20514642628227805,466.1526248661908,0,3
0.001483443669029746,27.379571641252905,0,2
0.00038812399446680045,9.990305016331975,0,2
0.06746034656025714,492.6597472537171,0,3
0.10901804942152901,695.3592551552885,0,3
0.0014689312589085631,16.314437677618756,0,2
0.0004859813069633434,22.448902775893718,0,2
0.001493006762603703,16.914883116627024,0,2
0.0007128248504215463,41.09281091232191,0,2
0.00038488634857521625,19.51902703654465,0,2
0.002860088726972945,30.03298888829044,0,2
0.008682559955356441,101.77969058250353,0,3
0.003943613648932387,58.05871644607137,0,3
0.005146493236361069,55.19589332439346,0,3
0.0011601432300191803,25.718548037744156,0,2
0.001107467431994726,14.400428501182118,0,2
0.0026859886147970304,28.20481248064334,0,2
0.006273476100738494,120.48979405826144,0,3
0.0007054889836230886,35.53646862510401,0,2
0.0016714218397171229,30.849040619938812,0,2
0.0016963535111984447,31.309198629110476,0,2
0.00030181513364027103,15.306174862711488,0,2
0.0022643721980808076,54.95056505455322,0,3
0.11325921828915189,423.03980765381,0,3
0.00261146370034606,138.80975123015526,0,3
0.0012513837079709226,29.294122871732327,0,2
0.0007689216852900389,14.191807082692396,0,2
0.0008720044061729906,9.033228179806585,0,2
0.00254087322293206,28.21978059957381,0,2
0.001029620628977796,81.48563488040475,0,3
0.0014261632578233166,36.709418000075146,0,2
0.0039687007390944475,49.55793795842024,0,3
0.0017997414845737378,35.4064108178303,0,2
0.0017108159019211732,32.85831529187069,0,2
0.0010817486417426755,15.60742616095503,0,2
0.004962967764407172,110.8521216297853,0,3
0.001666946265833415,32.79392335245573,0,2
0.005269374008721602,123.3528043280152,0,3
0.0005152889798298891,37.14196097001356,0,2
0.00493142385172962,107.86728321908585,0,3
0.0022866230084689796,112.99035995545654,0,3
0.0006636077479110256,14.7111385053609,0,2
0.0008944568428537697,16.508780023269367,0,2
0.030868552420234834,196.81383943784544,0,3
0.001960175325412119,50.45487953729162,0,3
0.0007959241926242136,9.476037629466349,0,2
0.001218650873236254,68.63859217041528,0,3
0.006383749204562447,76.0030267204989,0,3
0.002279102090033939,26.71634940873479,0,2
0.0005727688425562502,14.743060265700294,0,2
0.0009613756355728279,76.0846294435442,0,3
0.0006343483466154105,12.183437127606503,0,2
0.0004701331345338032,9.248954387646732,0,2
0.0010723401860312934,23.951633452659898,0,2
0.0005818881107959679,35.62950009833145,0,2
0.0008763464415413323,9.202267990112137,0,2
0.0003160375135011854,14.598700222554953,0,2
0.08692249999033726,492.44071473552117,0,3
0.0012599191603687057,13.230057440751382,0,2
0.0006816516609777275,21.809790500239796,0,2
0.00446808659435099,97.73249605207204,0,3
0.43884665214046414,989.8137353677414,0,3
0.12617574005715648,996.0243437528344,0,3
0.00040745749031438004,7.520347270162492,0,2
0.0009949355476294023,50.456904812778724,0,2
0.006032988369422556,65.72252143947333,0,3
0.0005442578929956593,10.257025989835212,0,2
0.33716653394562063,706.4990184739261,0,3
0.0025031404323320196,25.930417932852873,0,2
0.0005872670613328338,6.522382728346049,0,2
0.19661050334229827,531.6893451347596,0,3
0.0007148847371415475,14.592380622541844,0,2
0.0011419798665774509,25.315894879827265,0,2
0.0011994478200560506,26.236069257588294,0,2
0.015674453517122808,181.6590292448536,0,3
0.0018918344476893515,24.579388141893567,0,2
0.0006532259408698211,51.697226156950855,0,2
0.005270320395185147,68.53011640485607,0,3
0.0013079946976672437,16.993933798366402,0,2
0.00016519451564001904,3.6897605242632987,0,1
0.002507876668628827,26.896857085981086,0,2
0.0025061478734706866,27.301620235086386,0,2
0.0016819594894071828,33.089279305579545,0,2
0.000869477149267809,19.27493886319131,0,2
0.0009128260073644475,29.206330921622218,0,2
0.0013444404154910913,43.0160527443857,0,2
0.0013819049619914834,33.53532541049729,0,2
0.0014894144493818383,76.12689663753048,0,3
0.0008052226590198553,25.763507234882077,0,2
0.0017325450354463332,17.947701326033247,0,2
0.002288322594777128,26.824435056815727,0,2
0.00023356847749947293,5.668114026663081,0,1
0.0021152344347770435,30.51851787001857,0,2
0.0008278400529575519,44.0030132504498,0,2
0.0012105814437687334,14.190815313136977,0,2
0.002222345535616896,28.873506121029017,0,2
0.0013740036555230089,17.866206111437307,0,2
0.09516973400617909,735.8311294214712,0,3
0.00043364165648248135,26.552244590714263,0,2
0.003434942342878202,40.8954058662834,0,3
0.0016458635649024807,23.746453722224533,0,2
0.0009769150990322389,49.208582376244166,0,2
0.00114823338898216,21.639483533003183,0,2
0.0006111904570656663,14.832040863323863,0,2
0.000649186396852784,32.07866114655035,0,2
0.0033621065723116053,107.57230441780047,0,3
0.0009093735765645778,9.752988028712737,0,2
0.0006156794295707133,44.37809120370639,0,2
0.0015967425420773253,20.745448816796753,0,2
0.0073067626188416035,94.93206696206484,0,3
0.0013838387858834235,26.07967762198624,0,2
0.00027563493061471964,3.4419069838192367,0,1
0.0017579692243393898,22.084814826248856,0,2
0.006860897037087389,98.98874819177153,0,3
0.0013496352124098105,34.73958741272653,0,2
0.0006120266491332395,30.828639878904994,0,2
0.0014578086891756797,18.313992365048296,0,2
0.24915062536528665,969.0659620966321,0,3
0.002340262484258647,24.243140139312025,0,2
0.0005199313818859555,6.190148993018393,0,2
0.001934515686260129,21.916917953744864,0,2
0.0016697808159221036,84.10919936847392,0,3
0.09651090148365919,516.5175606707055,0,3
0.0008393883571751676,51.3964574969593,0,2
0.003938036371535491,49.17502603713296,0,3
0.0020000421821766185,144.16277385421355,0,3
0.0017500956299147886,38.79686349405795,0,2
0.003388841639145355,38.393570386069094,0,3
0.0015795948321015844,36.977343403461035,0,2
0.0015612621989772864,29.423380272383138,0,2
0.0019695408793758105,21.87437413100842,0,2
0.000418101582530496,23.54891350703723,0,2
0.16142190060986267,631.866768183513,0,3
0.0009040381587213738,50.918526253695816,0,2
0.0005288046567783843,13.611422871524358,0,2
0.10797297594745746,577.9536235039891,0,3
0.0039385197809994835,77.48271103127162,0,3
0.001681446507403777,37.556543100973734,0,2
0.0017079179258235621,19.349699419791474,0,2
0.0009618107414891754,10.682189043582866,0,2
0.0008009021957701969,15.756191881668054,0,2
0.001109932614561666,16.34066333057953,0,2
0.0007944088250367831,18.596621949593715,0,2
0.0009133208334947747,65.83204391827266,0,3
0.0007502273880789144,16.410065851516723,0,2
0.002511945294534274,29.445810469773875,0,2
0.13674328542468464,490.223228453478,0,3
0.0005164119426597014,37.22290398107782,0,2
0.0007504431843121287,11.048183702949688,0,2
0.0002940289616005319,6.883037132503556,0,2
0.0008390760002921499,20.36224450152107,0,2
0.0017767576546818431,102.42623597884408,0,3
0.00700455120367039,76.30658944916524,0,3
0.0009560678180386251,46.971029492598134,0,2
0.0005927846230579351,34.17275143065839,0,2
0.0008846422653979618,21.468022083983943,0,2
0.0016542633756349927,18.741825116843156,0,2
0.004993745316677824,101.9334007386566,0,3
0.006071240089372084,87.59560931609222,0,3
0.0012225222579264781,14.330789281244005,0,2
0.0015736168997733597,20.444992220864687,0,2
0.0005402084491285406,31.14184871662381,0,2
0.0012464440098059906,25.442682534394276,0,2
0.0005174944796565964,40.95524607329117,0,2
0.26095413276040047,623.7095375989136,0,3
0.00517484528673873,74.66246093642276,0,3
0.000941372271716048,43.48474787173196,0,2
0.0024942656928371126,27.17217744096535,0,2
0.0012155817384762028,31.28905327366751,0,2
0.0003413884257107267,16.7722053916497,0,2
0.0009644780735235619,76.33016077710306,0,3
0.0007325153929762505,46.013860148837914,0,2
0.0003749318747201841,29.672639600088505,0,2
0.0019585469499583323,25.46703813066856,0,2
0.00015624413864061325,1.8315427901377002,0,1
0.0770321745212104,491.2349573944619,0,3
0.07588335654262097,314.53483319650167,0,3
0.10127662431650633,542.3824064945151,0,3
0.0002285294026552274,11.227510339241288,0,2
0.0023832459427890838,28.374220112197307,0,2
0.0013015387209253811,66.52419930446682,0,3
0.001329025878177129,34.209103500102486,0,2
0.0009879307175256185,48.53643433447808,0,2
0.006445272906523763,75.55351019961387,0,3
0.0017861387870372954,112.19851642873769,0,3
0.0003632536779034986,18.566608644383432,0,2
0.0015739009003123824,34.42665227675065,0,2
0.003178687073618273,45.861970032480826,0,3
0.0025581786091656332,147.4734639290748,0,3
0.0009178849929180092,22.851833379603374,0,2
0.007999956781333363,84.00530055404168,0,3
0.0008242781471992749,20.521380155006607,0,2
0.0024428343326752563,31.764239860816502,0,2
0.0015859208090745285,35.422895083771884,0,2
0.0002331783844964291,4.759687209334813,0,1
0.0011777302015771472,26.30560941551797,0,2
0.000758318043302807,18.879225292934407,0,2
0.0012649937083117602,40.47411506755266,0,2
0.004454438101799963,108.0979049742353,0,3
0.0003006182089242794,15.3651868542274,0,2
0.008664282469007793,95.66330939204578,0,3
0.00023314379638555348,3.310592856119027,0,1
0.0036171631953053696,71.28605480681581,0,3
0.0014727225263826713,75.48730446479601,0,3
0.0059106094313429456,104.99038701210432,0,3
0.00034046819068471885,10.242201907249173,0,2
0.00145760655114141,56.534822412327706,0,3
0.0014100230314610359,27.788345084916262,0,2
0.0005831996249546973,10.301821429280498,0,2
0.0007525150466121679,14.49910380073914,0,2
0.00048684740989661957,8.167440950829148,0,2
0.007610187712275491,100.94362244434774,0,3
0.002290083005245071,83.37981504202155,0,3
0.000682637611991679,20.53558142227647,0,2
0.0012967789062040178,26.839859437038974,0,2
0.0004827287479565871,10.952270582488694,0,2
0.0034667008755454253,126.21938905575131,0,3
0.0015396665149386064,34.93233902017681,0,2
0.0009406421653331442,36.483808150432445,0,2
0.00012035949064878202,6.422054078006579,0,1
0.002725176466014811,158.28083892193777,0,3
0.000750700698882282,17.032085235084306,0,2
0.0005330078976159471,9.174210449360581,0,2
0.0014618046840347944,73.94863420523237,0,3
0.002203671035279267,80.23363472599654,0,3
0.0013805287049071713,30.106930827019085,0,2
0.0010610603130337226,20.444007979350815,0,2
0.0071286789202061164,78.70853928638451,0,3
0.0022887597332802607,125.50336310019617,0,3
0.0014288081357969587,32.41715638430729,0,2
0.001003559692216668,17.826270150223166,0,2
0.0007136199209450722,55.28088870752957,0,2
0.0024070690921533075,31.96333303174266,0,2
0.0035998448412144545,78.50635719286454,0,3
0.0016453750854279324,32.42659846528786,0,2
0.00180055037315258,37.26658314190706,0,2
0.004907381270549607,58.63911997743012,0,3
0.0011542360135322596,25.171880667129393,0,2
0.0004898095922760378,11.609143221401643,0,2
0.0020623288767988523,159.75923565258353,0,3
0.0005130164011207856,6.804790612321228,0,2
0.0015929600533789038,30.692400462093598,0,2
0.0035414176944689245,40.64304597680161,0,3
0.00035521372355708453,15.878068203227743,0,2
0.00045750489048261697,35.44082247651651,0,2
0.0020800586042348944,26.05455625747082,0,2
0.0025224548328533236,59.78555725713086,0,3
0.0005068734295364618,29.439690476849602,0,2
0.0013769931462404615,43.096148895876404,0,2
0.0007900324281899924,23.76630729150643,0,2
0.006763876730286018,70.2983164638989,0,3
0.0004628217398840167,17.27920401072987,0,2
0.0016353698074133775,18.498527248811317,0,2
0.0005760245880075608,24.86677107270435,0,2
0.004665423544698783,55.747926623292464,0,3
0.0011025415140660474,18.496437546795978,0,2
0.004419820980760409,62.76052801350486,0,3
0.0008542307486013032,43.785285719261026,0,2
0.0007419673693891823,16.181018320519087,0,2
0.0008085986445154483,13.917718981337806,0,2
0.006749835911998048,89.6306856617097,0,3
0.0008857756062957227,33.069962125692925,0,2
0.0008320542475511958,11.81499525422143,0,2
0.00022455879752072486,11.510205089570832,0,2
0.0015821425668499267,18.157443892248768,0,2
0.0005280594104093537,20.481346607061877,0,2
0.0016559176920266793,39.24746667426797,0,2
0.00244302106913358,50.564010398048545,0,3
0.0011919779614353741,21.885905496986677,0,2
0.0022289254691756307,38.36459351094088,0,3
0.0014284459551377198,20.283632023434286,0,2
0.0019379010289634444,60.65104355653521,0,3
0.0018852331386611466,23.61419662392757,0,2
0.00022176081994942513,11.218263243095548,0,2
0.008808561316627562,99.63826579150731,0,3
0.0019566331539626228,34.75575140964356,0,2
0.0006302732461607563,48.82440099234277,0,2
0.0006456945150614022,50.019016536001494,0,2
0.001696791458504531,38.49722904273465,0,2
0.00159832748379367,30.795817571262774,0,2
0.00046827621187422406,14.655774726568156,0,2
0.006213142669448814,68.60000139774625,0,3
0.0021066841760023413,35.34211800202237,0,2
0.0002695827148613728,12.05035855629684,0,2
0.0016889341180733727,29.83386296169649,0,2
0.0034855765875117014,38.484639979539786,0,3
0.005638695876726052,70.62960564659994,0,3
0.00383721586700542,148.8305039717617,0,3
4.628223984884952e-05,3.5852745630070095,0,1
0.006652833308241472,83.33256541342082,0,3
0.000583447241868532,29.90574177897194,0,2
0.00045075864254352674,19.459085960104407,0,2
0.0010538590813914854,31.702924939014547,0,2
0.001162254048852718,20.64516422762631,0,2
0.0014282399663447434,15.120182841426873,0,2
0.0011102484679197497,15.959455274493735,0,2
0.008008794299828372,89.02115911469309,0,3
0.008768595550247438,100.63270216819994,0,3
0.0009469583557620214,10.025054486455009,0,2
0.008074051644761956,85.47662858949617,0,3
0.0006045144128087585,7.223443874946455,0,2
0.0024404672111091883,25.364261231748955,0,2
0.002669869475430047,28.26479834096917,0,2
0.0033305869150629572,168.48513085272177,0,3
0.001545151076019295,17.06018541886406,0,2
0.0008981398517818061,17.700292533496853,0,2
0.00034825535773262326,15.034056593893578,0,2
0.002598931290749374,103.31756745592403,0,3
0.005395592303127164,59.974306113092446,0,3
0.0017025644517578587,20.17324451539127,0,2
0.00014926378227525015,11.562786146854421,0,2
0.002189842222110883,24.178292289395806,0,2
0.003401833117559114,37.81282374131547,0,3
0.0012993864081125223,26.893827761455153,0,2
0.0010356353603778292,41.170509811640486,0,2
0.0009347957490128882,40.35479105300895,0,2
0.004372531120565663,80.2840371076121,0,3
0.0016270979534714369,33.67658137600561,0,2
0.0003263548891385373,14.588077105545082,0,2
0.000453698272420017,8.330353274630545,0,2
0.0020956250265172093,90.46736697279565,0,3
0.0014418618821780797,34.17405734727167,0,2
0.001989582534430002,22.833424746189483,0,2
0.005423445545054735,112.25083581888796,0,3
0.0005923096027808905,22.97335874355942,0,2
0.0012858905703614473,17.056406115967036,0,2
0.0014750305681576839,21.2030775643684,0,2
0.001291701807464829,14.261823768070588,0,2
0.0016854436738585647,36.756596165893406,0,2
0.008811868202725448,91.58349926450644,0,3
0.0014821876764982184,30.677325723144403,0,2
0.003981590920641077,148.65058374800614,0,3
0.0006912464083514614,30.89874317673112,0,2
0.0018998844293039564,34.88377505308202,0,2
0.000668375867687857,11.504183890837199,0,2
0.0012739899878349665,25.107443372753597,0,2
0.0007190817406200408,41.764950849303546,0,2
0.000265705567792954,14.177324247517177,0,2
0.0005650135688682349,13.391578169277745,0,2
0.000570566504110453,33.13904477658473,0,2
0.00017561346190940745,9.37025525057401,0,2
0.002757422746363737,30.445012181172167,0,2
0.0016758036297024339,39.718790025648154,0,2
0.0015092634308557942,26.660103486224635,0,2
0.0005807081449740299,21.68043037523114,0,2
0.00087549347519873,44.28878047362828,0,2
0.0028334778388772928,35.49179220576828,0,3
0.00012292464523431862,9.522413028509005,0,1
0.004039393862979475,48.26739319988077,0,3
0.003019536290384126,90.83579963867817,0,3
0.0009689846216650762,51.7023760033072,0,2
0.000969480787229362,43.33583147407009,0,2
0.000720653713241938,28.648771475896705,0,2
0.0017965923762446815,32.98722982742804,0,2
0.007972221826172434,84.39859862810013,0,3
0.0014715481761379335,15.578668856409209,0,2
0.0021240384239124862,22.07555389605201,0,2
0.0008235209124424254,36.81141900601093,0,2
0.005320349066196026,89.25514638186588,0,3
0.0006173997660733108,23.94650744745522,0,2
0.002382585024530337,29.843964700536382,0,2
0.0028394453615132632,126.92332564735744,0,3
0.0011427280236731186,15.157458730245207,0,2
0.004844290957562593,81.26870871702832,0,3
0.00013779852584121872,6.970844253506303,0,1
0.00027434848273853626,8.253142672460738,0,2
0.001515744945262157,29.871883408896124,0,2
0.001649704857254114,71.21715613696685,0,3
0.0004943084167588353,25.336755082464077,0,2
0.0007287002509191508,12.871990205796374,0,2
0.0004398465832892347,16.014409380587868,0,2
0.003297119552041585,36.403864825247055,0,3
0.0002214633481088346,8.268216557482402,0,2
0.0018996054138397224,21.487435044116097,0,2
0.0009212862092192456,53.50917854346447,0,2
0.0008851858624918697,27.70391547309319,0,2
0.0017721089138825327,34.92423380914453,0,2
0.0020988804055247596,27.870913059488597,0,2
0.0016875933301179354,29.810178861946735,0,2
0.0016780980827962276,29.642451829641654,0,2
0.0030788524637951347,178.822676976589,0,3
0.0006667397983389631,8.351500072906381,0,2
0.0011213227169193693,33.73241314196245,0,2
0.0007373984049630333,57.12289968571224,0,2
0.0009458981752664565,17.459735224681772,0,2
0.004143946406226361,76.49048167114019,0,3
0.00033780188999912576,6.00038821316101,0,1
0.0006352609920384887,13.853937753284416,0,2
0.0021740209885753184,27.231517437266128,0,2
0.0004952170407148623,18.488665373079495,0,2
0.0029654233342576402,34.03265226328732,0,3
0.0010727270316039574,40.04969436300582,0,2
0.0008350379144224639,48.49979561862786,0,2
0.0002851709314179134,12.747152484112695,0,2
0.005267851021246398,93.57304417881404,0,3
0.0013845504006390224,107.25482061421116,0,3
0.00496436800366343,95.65109337578572,0,3
0.0013326166371587008,51.30795882811663,0,3
0.00046210473747787534,25.339356427285153,0,2
0.0005051171924050342,6.32703534378231,0,2
0.005147787849005989,91.44035734408988,0,3
0.00022531219358104028,8.957030854108952,0,2
0.0006684634680973765,12.27365669861032,0,2
0.005805399590169067,120.1562642872504,0,3
0.0010423645975522486,44.99849895519242,0,2
0.013434085287818323,83.57732173150534,0,3
0.004052201097462835,121.90114361498213,0,3
0.003293509308874753,78.06058082708776,0,3
0.003441059650745125,107.69582947670507,0,3
0.003636243768785893,141.03558711043405,0,3
0.0001988964182169448,3.336722591300768,0,1
0.0024413604897163326,27.615511389818195,0,2
0.0010727808785927302,47.95334985045012,0,2
0.001970931532458696,33.923963867952715,0,2
0.0017479481041436907,95.84814098430431,0,3
0.001153578867150405,19.352649491502895,0,2
0.0003651413835238417,6.125678452861259,0,2
0.0009414942016518025,9.96720775819709,0,2
0.00492909558409792,90.98305298163282,0,3
0.001005527666735368,38.714488988663604,0,2
0.0009715673286237291,41.9422067140788,0,2
0.0006569378549329125,8.228722144733808,0,2
0.0017876099527092961,21.18092659394984,0,2
0.0055547245338936875,93.18707197873842,0,3
0.0029124758215933887,130.18779024757998,0,3
0.000996673353172177,39.62161938040194,0,2
0.0006508293958437469,8.642326385235569,0,2
0.001214427271223255,23.933597778411574,0,2
0.00037089054149220917,7.146143434630074,0,2
0.0002988056382849861,5.278196685934465,0,1
0.0009339057331171879,37.126363795092,0,2
0.0002926400682579246,5.036963962676412,0,1
0.0008502500462241667,14.634629043075712,0,2
0.0027822530049439196,103.87393922753034,0,3
0.0010870497253539872,19.959318317407146,0,2
0.0018475843294723147,22.077094318007436,0,2
0.00043392930277009247,25.203026274368423,0,2
0.0009656161697521229,56.083904778635954,0,3
0.0022003292503379158,80.11196341116563,0,3
0.0011585313528094724,34.85174931464079,0,2
0.002648533865993418,28.038927112522366,0,2
0.0017139079535795276,19.386913490467304,0,2
0.0022933486577233243,25.321118392939816,0,2
0.001871240849648576,34.35785033155599,0,2
0.00421037235624841,59.7864016126175,0,3
0.001976639925276152,34.02221756601085,0,2
0.0016698668571002303,37.88635695120536,0,2
0.003592205881152972,39.92889807716848,0,3
0.004226231220387168,78.00932493125656,0,3
0.0007997388771421242,42.67188478121858,0,2
0.0026424264418816925,29.88987403126993,0,2
0.000644896297393348,28.826891290913345,0,2
0.001325657818279841,59.256959562280954,0,3
0.00018204132852311865,8.137254949362209,0,1
0.000944246602385846,21.423303106976856,0,2
0.00044967173775862265,5.964569579142197,0,2
0.0012682197189650974,38.15147135558332,0,2
0.0009314968533758094,51.078313776677746,0,2
0.0009198103489571016,36.56601777557219,0,2
0.0007713300340951789,30.663351167483356,0,2
0.001110221416828548,49.62694346536105,0,3
0.001549913745931716,28.60887602139568,0,2
0.0008647941178603213,16.66244381102411,0,2
0.0006029548230246427,11.617448189971162,0,2
0.00499598678154084,118.41157664885212,0,3
0.00028560353971773014,5.073186871049671,0,1
0.0010823668123307105,12.824683575384212,0,2
0.0015980686642562704,63.52940826338213,0,3
0.0013642439417663082,23.48156768785346,0,2
0.0004533918530751946,26.333429691640283,0,2
0.004615174780989195,47.96642964196429,0,3
0.0022222441174818987,31.944025708417076,0,2
0.000521834467276718,10.284169783285979,0,2
0.0006230945558346799,19.501168780524967,0,2
0.0015108747945607997,26.005399525848407,0,2
0.003204887598419308,162.12635194891328,0,3
0.0018064060414847366,67.44121078852471,0,3
0.00051075469927822,8.791185121528061,0,2
0.005993645842362177,85.10850992156723,0,3
0.0005513188671869976,9.738669706440309,0,2
0.0002221905712714216,11.240003167489423,0,2
0.001642388736162946,21.809186247577664,0,2
0.0013825648444390143,23.194160014214226,0,2
0.004596834644052515,84.85005876472098,0,3
0.002404878981100648,131.8707226400449,0,3
0.0015154406141306607,65.42101780101613,0,3
0.00044157834071883783,8.15081486729096,0,2
0.002054673043788683,109.63174842886254,0,3
0.0010400022509569667,11.935575791479703,0,2
0.006402175064608691,90.90953892449454,0,3
0.0014654060003980718,21.064727579536928,0,2
0.005476347081298598,64.88781591094677,0,3
0.0013595541505594117,15.378631418013343,0,2
0.001889160179658731,25.058340099123132,0,2
0.004801821277507605,50.83488587256349,0,3
0.0005734870953932818,7.606890529218715,0,2
0.0022102132911490466,39.26010532628123,0,3
0.0018853766465110745,74.95101142114669,0,3
0.0008408435898527826,11.165514017725073,0,2
0.00016211835066550582,3.842421996980038,0,1
0.0007768072100108329,29.001684886597534,0,2
0.0003507634974507716,10.551912515993314,0,2
0.0008546997225650647,43.80932390687229,0,2
0.001677397027448165,91.97949664087285,0,3
0.0006835108569252247,39.698960120767886,0,2
0.0015563523922212483,17.299519598028635,0,2
0.0007852310974480971,17.124525009919143,0,2
0.000725199457486477,56.177902723032986,0,2
0.0030397058487018113,66.29069963996471,0,3
0.0014275288429883713,42.943919691599355,0,2
0.0009658098622329243,38.39467628329446,0,2
0.002858447534816639,56.33349578858134,0,3
0.0006029297204855605,21.952116347871836,0,2
0.0024233154028993776,26.756095726484407,0,2
0.0005921948784635239,7.417759646242924,0,2
0.0009375843238767954,41.9100582368139,0,2
0.0008281396834980344,9.143582638918238,0,2
0.0012512803989866898,23.096592243649834,0,2
0.00155013930059585,20.584211260098755,0,2
0.0018599804258650624,33.038905211867814,0,2
0.0017096246341494203,132.43684257987456,0,3
0.0028581636940473703,56.32790193297074,0,3
0.008425579588014693,87.56872484353772,0,3
0.006516800305740797,86.44063122737533,0,3
0.0014101290949833083,18.70434006932311,0,2
0.0006250035317855516,12.935903615120935,0,2
0.002543230564557494,135.69984494274453,0,3
0.0005921514413080774,12.913793403361874,0,2
0.001922153343056246,71.76257485851588,0,3
0.00681998194161497,120.47030400421252,0,3
0.005757554731040963,60.95283867154337,0,3
0.00019656287488671164,7.623900438616192,0,1
0.0003822258345874254,17.085510688720525,0,2
0.00018960497761631923,14.68783502024483,0,2
0.0010376994715766293,37.7816829394809,0,2
0.0002351412717046703,12.546496788235723,0,2
0.0005286202330419039,20.352758922814964,0,2
0.00021860116711375433,11.058425192012256,0,2
0.00021959572965403871,11.717029072952636,0,2
0.0005653809633070731,43.797491062948986,0,2
0.0017112749421377593,17.785620914775823,0,2
0.000783100320330269,13.832930125566277,0,2
0.0030402971986530063,32.1863626695455,0,3
0.004751683415914964,98.3471541388585,0,3
0.0016270190534531568,89.21703753666353,0,3
0.0009502933014381793,21.560492127585977,0,2
0.0005766239543941835,13.666759853246205,0,2
0.0017757442018979184,25.525736794963848,0,2
0.0020684888833390255,80.2285442459573,0,3
0.00033872132582148416,10.601058350701624,0,2
0.00116201349246981,13.33583662663566,0,2
0.0005953330005377774,46.117739122338286,0,2
0.0020391448095980758,36.2214091829753,0,2
0.0014982005024688327,18.766273794917158,0,2
0.0002912259181321959,22.559946964055122,0,2
0.0016742777271459577,24.067189710725483,0,2
0.0002954855349355636,22.889920098958427,0,2
0.0021492519287553157,30.518925194006496,0,2
0.0006694164114839596,13.855131590372912,0,2
0.00212079666006783,28.16193775215412,0,2
0.0010248232829602592,14.731496436387154,0,2
0.0007309390139219683,14.40514452721076,0,2
0.0017822714774489805,36.888258826943435,0,2
0.0009702778882625622,43.37146192337614,0,2
0.0005529503110758936,21.28950742740695,0,2
0.0012914099980167449,40.417628593217565,0,2
0.00016415637200741152,1.9615319581892166,0,1
0.0008380364245586293,42.39393243651134,0,2
0.0027914985367993466,51.25470029479189,0,3
0.0003660438952490854,6.75657238672635,0,2
0.0009968822571203766,43.035042931062904,0,2
0.00025791055797536586,4.969298578449067,0,1
0.0006909094848819952,36.86504529889969,0,2
0.0007018850002128733,9.309995645252538,0,2
0.004424994782280715,133.11578361401777,0,3
0.0025416286938401518,46.666840496640454,0,3
0.004495457188088319,77.37647133200574,0,3
0.0024791731641110037,90.26441373839971,0,3
0.0015067493462746404,15.659945708636304,0,2
0.0008721873202121172,34.67281825070263,0,2
0.008273017000758208,85.98311152337097,0,3
0.0006833305954701057,11.761586868355751,0,2
0.0009175724673098095,47.03199072975399,0,2
0.0007851381078670285,31.21227548819831,0,2
0.00020764530245928094,4.297703104288262,0,1
0.006273948734659617,111.4443972990365,0,3
0.001151709252534992,36.04537434882701,0,2
0.002610558824999874,78.532653880608,0,3
0.0023074404994488863,23.981688153121556,0,2
0.00229769284518023,30.47722971180189,0,2
0.0007080131714875976,16.063579935776904,0,2
0.0026210754062930067,97.8564591287204,0,3
8.057418998514631e-05,2.5217535020019004,0,1
0.00020574546764055886,10.545890675131217,0,2
0.0032080547252535643,35.65889439207605,0,3
0.0029236866425612915,91.50345825374453,0,3
0.0006370256807535717,23.783015682395288,0,2
0.0015479349230281758,119.9114762562877,0,3
0.0015521840175978568,30.590014598277783,0,2
0.0008686975947116212,27.187877433809742,0,2
0.000451410844966023,17.38006895776419,0,2
0.0007874739889908189,30.543017309479804,0,2
0.0011226158644856066,26.607499238370057,0,2
0.0017755945199616854,21.216876037764997,0,2
6.761833445880159e-05,3.4206235176777953,0,1
0.0019536482683415006,23.14827152277991,0,2
0.0012722921551833472,49.34720620839884,0,3
0.001623059308183437,20.33023971929474,0,2
0.0016085544103086773,20.148553166369084,0,2
0.0014866326572728658,24.94002062459091,0,2
0.004053349501826905,78.09802000936135,0,3
0.0014121734111011894,25.08449165554664,0,2
0.005799312421975869,107.04583434087246,0,3
0.009035445102810563,103.69519848165402,0,3
0.0011227339477933166,23.2375937022094,0,2
0.0003162441437450333,9.513477208275184,0,2
0.0026788808848436166,103.90324808146404,0,3
0.005758948832126141,106.30078840472254,0,3
0.005537370150134937,125.63323907348476,0,3
0.0001255345963139673,1.3047060333510692,0,1
0.0011859714874044045,25.863976176071077,0,2
0.00011308442797797668,4.881813451996529,0,1
0.00026182097890367184,9.774947282941543,0,2
0.002267510009145757,114.70702622200074,0,3
0.006511848413650667,92.46687740604082,0,3
0.002006508325626396,35.443593552676624,0,2
0.007047430358183126,88.27523915146125,0,3
0.0006698199356899599,12.298562797969115,0,2
0.001285285043803723,23.72426244160481,0,2
0.00047913001636171735,27.828326674681563,0,2
0.0005235384394877605,19.54602976436496,0,2
0.004879947675878867,106.42317439320229,0,3
0.0023335989982794583,29.23037180743954,0,2
0.005816919149326824,97.58569667231586,0,3
0.0018343948707713852,94.02553545419107,0,3
0.0005451975779710026,10.504608925098559,0,2
0.001140758458266612,16.198530096204664,0,2
0.003644410576655674,141.35234545117564,0,3
0.0025566978312418017,36.304571284267695,0,3
0.0014946536054096988,17.85986603859331,0,2
0.004385228643180859,58.23120075748932,0,3
0.002265133735698523,114.58681715587839,0,3
0.0024054042503359194,87.57855546499657,0,3
0.00015061035786464883,3.1172321014090754,0,1
0.0005095058993181261,6.037003226730527,0,2
0.000524326877015943,26.524238741255072,0,2
0.003011473299142211,55.5868779685619,0,3
0.008930136998263453,98.59863891026417,0,3
0.002325075727141719,119.17635275774178,0,3
0.0004290079976935973,16.016785893074246,0,2
0.00659375321674004,72.8023649141294,0,3
0.00013898254738084606,5.351059426998584,0,1
0.0007460335159736252,7.753674747465629,0,2
0.0008257017809563818,41.76995711494041,0,2
0.0016488194162755218,19.7020191099332,0,2
0.0008259823543935294,14.671956937821575,0,2
0.002282258136663245,25.198666712574543,0,2
0.0003445567342795533,4.5753492004065786,0,1
0.0007581576277647016,15.691837724203461,0,2
0.0049224016176058465,90.8594932945433,0,3
0.0019197008502164071,41.86533789597761,0,3
0.001158790006392309,44.944904489670904,0,2
0.002500593681747427,27.609333824984713,0,2
0.005828421991237914,102.9550774709236,0,3
0.0010671863513656448,54.70074612363252,0,3
0.00046792240089256097,10.204574020090588,0,2
0.0020770258685361472,35.750075208916456,0,2
0.0024498125512479323,97.38952099997475,0,3
0.0009578774578380494,42.81716216812428,0,2
0.00032076813234192125,12.75177349586313,0,2
0.0015547896557909745,29.95695130498445,0,2
0.005339980827589431,63.80832447345665,0,3
0.0027919466674653066,30.82619464579976,0,2
0.00011745762315559422,6.440748897069776,0,1
0.0020484376004843746,91.56524586055338,0,3
0.0012169214668173193,22.46238247988639,0,2
0.0018373623687941514,20.42306515317527,0,2
0.005742075530145931,63.398896556952884,0,3
0.006985256533272014,92.75682264915612,0,3
0.0007769308745278324,11.032254955034814,0,2
0.0007552598498684926,13.41571031777349,0,2
0.0019394243897524048,35.79860625466186,0,2
0.0005656921847708049,31.019538938882597,0,2
0.0008590351105646862,49.89357557546115,0,2
0.001037855024084629,18.435459474496902,0,2
0.0024104678895676677,107.74801482605197,0,3
0.00498346278950905,98.21271044716526,0,3
0.0007121569659962691,21.423603246807367,0,2
0.0030961154168681593,133.6581716975605,0,3
0.0012079360444266195,12.7879167946991,0,2
0.0005577995029203251,28.217525810263272,0,2
0.001477685397152391,33.5260959160044,0,2
0.0010112223163578828,11.165018414382711,0,2
0.003105834040447903,64.28246841584402,0,3
0.0004998932461934925,8.8796233268736,0,2
0.003298333544767254,78.17492167768161,0,3
0.0017593668231752383,39.9169545688662,0,3
0.0006668409260280178,12.243865206197064,0,2
0.000890132137857107,27.858720469909816,0,2
0.0015323795096743476,66.15226373474664,0,3
0.002048288364660167,88.42386057002794,0,3
0.0016285903435963435,30.061117498884794,0,2
0.0007981842617205299,18.918035819437918,0,2
0.0006690403581660681,11.223943083528534,0,2
0.004470835106189861,47.33087285917878,0,3
0.00038111725315613477,15.15088438533585,0,2
0.0021821908777939136,28.977188063746397,0,2
0.0062897928824030835,65.37106871858286,0,3
0.0010305637805292842,18.204202444954593,0,2
0.004311799059446891,94.03284086838487,0,3
0.000505599943500017,11.471177987935326,0,2
0.001544869067295363,22.206982938373493,0,2
0.001839195612000508,32.488129205874046,0,2
5.6440709872174885e-05,1.3377204014706074,0,1
0.0014452597627928072,29.913016550305027,0,2
0.0009101795806278438,35.043428955393146,0,2
0.004237876118229362,127.48674927170703,0,3
0.0007507603368686577,23.496761295542377,0,2
0.0008529868882693706,49.54228907683347,0,2
0.0004370708482470311,25.385490221126492,0,2
0.0009567989555435971,36.83835249309558,0,2
0.0024095198283782793,95.78772947594106,0,3
4.326702139077351e-05,2.3725324318283416,0,1
0.001823853333296153,31.392432238373775,0,2
0.00363412332016546,38.47295297989984,0,3
0.002535761028489568,46.55910430225966,0,3
0.006089738644646709,126.04132319600458,0,3
0.001062260995000943,33.24588661303917,0,2
0.005464914170423347,68.45283753335318,0,3
0.0009667175983258107,21.082430056399485,0,2
0.0015184581727071935,26.135925747585983,0,2
0.0034837108050749747,68.65601190015028,0,3
0.0066627558513729715,69.247347052362,0,3
0.0006877840302180065,53.27949979163248,0,2
0.0010047738488811778,17.748640988561718,0,2
0.00044572038775056493,7.477486525616797,0,2
0.0025956841829849367,142.33346112031765,0,3
0.0012239854992617035,29.01009532259227,0,2
0.001144207547028579,13.13148686570273,0,2
0.0023170904838832446,32.90219736423822,0,2
0.00023639305480622802,8.606853612649934,0,2
0.0031055259964855204,170.29046390790165,0,3
0.008086429767586655,91.46985637328028,0,3
0.008779493218460726,99.30946125838409,0,3
0.00252565182341934,49.77484967802389,0,3
0.0009186745601282971,41.06479101149701,0,2
0.0008366245727369084,48.591950241355825,0,2
0.0011751295125055985,26.661632324385216,0,2
0.0010154420103602882,30.547235776407806,0,2
0.00018992265654570368,7.5501599249325055,0,1
0.0002303222886358794,8.933295254081957,0,2
0.0013944838907048356,16.662921355706352,0,2
0.001649528125534165,39.096025392382124,0,2
0.0012119625549545357,45.24797872648083,0,2
0.0020082829371001324,20.87248409320783,0,2
0.0008520061425534401,26.665480274854126,0,2
0.00010895174329151187,2.3760480945459617,0,1
0.0015528969610661815,33.86598280942765,0,2
0.002200758325454423,111.3302441568009,0,3
0.00038936967704437107,8.491475686991885,0,2
0.003970121986840016,157.8276992714642,0,3
0.0035302851813320537,152.40112185001462,0,3
0.0013014240106807601,24.022161407731474,0,2
0.0027649381711342272,123.59285114141093,0,3
0.0012927004137348764,75.0812685021845,0,3
0.0028049156997418103,143.77149913267448,0,3
0.0007772601675172639,9.735864518451255,0,2
0.002715485320520338,36.05877451774946,0,3
0.001896589709878876,20.940458584412994,0,2
0.0008505108256799217,25.585660685058357,0,2
0.004647955671216523,51.664006575156165,0,3
0.0001263878641859928,5.024406274273344,0,1
0.0025668232164233326,60.837147359670205,0,3
0.0015529788615843414,30.605679164382227,0,2
0.0025458758522848377,43.81999019390801,0,3
0.004001676976306218,45.265071087636805,0,3
0.0023200967212605034,30.774400884687566,0,2
0.0009692069676745329,35.28793389455902,0,2
0.0013416666577140363,40.36095346497839,0,2
0.003205173262380092,175.7545879099368,0,3
0.002440617299542889,133.83042120115982,0,3
0.0013179833956870834,17.501426254851435,0,2
0.0003958578243660957,21.121893600393225,0,2
0.0034080225846113785,131.21454256293242,0,3
0.0019578273847153417,27.80073694362486,0,2
0.007940500661923948,88.2620462471618,0,3
0.0011040846370983823,19.502897957252678,0,2
0.0006573079518557326,33.69161848209033,0,2
0.00023298542876039593,11.94212873208075,0,2
0.000704684196728625,8.82678690400169,0,2
0.0017234438475798948,74.40044141634364,0,3
6.135382760575236e-05,3.10371953535256,0,1
0.0006778620061663168,20.391918312385275,0,2
0.003177593009050122,37.96959058701077,0,3
0.0009643091012075493,52.87756224906259,0,2
0.000868086458084237,18.931456370674674,0,2
0.001542172034179795,78.01419497598647,0,3
0.0075873622513556995,87.07628961873777,0,3
0.0005134863569962881,6.084166637162257,0,2
0.0009773379077800209,36.48839205388865,0,2
0.002549515077659528,52.76815191056755,0,3
0.0029932633823171184,151.42087130815116,0,3
0.00030668308219234666,16.36377262841896,0,2
0.0012869779375088643,28.066751240123228,0,2
0.004174291538427675,73.73599738850811,0,3
0.0016286360170281369,19.297285670542248,0,2
0.00299247213402209,173.80562533485624,0,3
0.002394677811619048,87.18801570105617,0,3
0.0007071272133184446,16.75986184145226,0,2
0.0019595827078477453,27.825662162791772,0,2
0.0004878693708169342,5.8296327494121005,0,2
0.008268795428969624,94.89675090212049,0,3
0.0007542837045445753,38.15711521759408,0,2
0.0005181296950302995,9.513378525019379,0,2
0.0009757225711710884,50.01258925812558,0,2
0.000651461277333418,29.120346167029645,0,2
0.0008011769889207029,14.788418521605463,0,2
0.002102387340818653,27.9174814530112,0,2
0.0014153576270268934,25.141053007849326,0,2
0.001523243418366132,26.218290100766023,0,2
0.0069530766393729486,92.32950767553324,0,3
0.002516957652089253,108.65614252802239,0,3
0.0007381628886772984,32.99591179682053,0,2
0.0008462410533924483,9.711877278470547,0,2
0.0006894887652753825,29.764978162840983,0,2
0.0006176731693890796,12.784184694183374,0,2
0.00014790720639369165,7.482214294002476,0,1
0.002250227219101525,28.186067235224908,0,2
0.0023443208821199322,33.28886329002839,0,2
0.0001895355916096304,7.351339772776838,0,1
0.0016780579303998313,18.52762482615578,0,2
0.00327838693630085,74.38086286025818,0,3
0.00045399970487625607,24.894919715668383,0,2
0.0075251525742511755,83.64527538047919,0,3
0.0006702168753248035,33.90440808738579,0,2
0.0021210588240961363,35.583269720422074,0,2
0.00020396113212638894,2.554791860433723,0,1
0.00033564075558488557,4.452031275660312,0,1
0.0003711291922434864,6.387930326683916,0,2
0.001681365579718226,30.871550795525696,0,2
0.004541126035743081,83.82176885334206,0,3
0.0008949150666872839,15.403409954740338,0,2
0.0017292372902120358,30.545790858492225,0,2
0.00016260428436989913,8.334604042256249,0,1
0.0012351304861975573,26.936048470497212,0,2
0.001432938620366751,31.249899961802548,0,2
0.00218968522006835,24.176558812327887,0,2
0.0015382831376136834,68.76132017174169,0,3
0.0019825036635256242,76.89351592269067,0,3
0.0017546278546026952,32.21671931079332,0,2
0.0005541179277013038,16.669362516743274,0,2
0.0009034796443873619,49.541999631683716,0,2
0.0004861213653866355,17.699231617840454,0,2
0.00035734233975469017,27.681685354727843,0,2
0.004379371253910509,137.0624364719169,0,3
0.000372880861278919,11.217262502223736,0,2
0.004146541111459043,81.71888880043461,0,3
0.0054239939241566,118.28787717364781,0,3
0.001451553986349993,30.04329016497592,0,2
0.0005978313550108414,7.929799482904344,0,2
0.00043449053355689706,17.27267864660687,0,2
0.0005528662947422494,12.543568788034174,0,2
0.0008868440517704757,11.776351524916818,0,2
0.0012223460465292796,36.771467501567635,0,2
0.0016700461208620462,18.89076925200269,0,2
0.0011412501262225959,11.861239602198975,0,2
0.0009249837797012798,16.339204134782705,0,2
0.001138365811028665,19.097432487098274,0,2
0.0033891461805094416,38.33641338256117,0,3
0.0043998983728432955,137.70487959252796,0,3
0.0010253277898029226,45.83219480972349,0,2
0.0009862828813070616,38.25403192607091,0,2
0.0021246473510654726,30.54110440425478,0,2
0.00414015283575883,59.513330503093655,0,3
0.0001031625221601052,1.8941669090156823,0,1
0.0009187172276939685,47.09066768628192,0,2
0.003430153979944197,74.80569453798373,0,3
0.0007696700094002752,29.85247100012362,0,2
0.008833076736786395,91.80392377822888,0,3
0.0001343966640214721,2.5894913209950405,0,1
0.001396222065940996,27.516359462115112,0,2
0.0012222482158750934,25.297273231631426,0,2
0.0014415519716018841,111.67047299171092,0,3
0.0014328608567785298,24.66261213677004,0,2
0.0011111760026591975,40.45689582808022,0,2
0.000539345227072672,27.28397530992292,0,2
0.00019864395414753857,5.975746168655963,0,1
0.00021636645928153295,9.671589720578405,0,2
0.0012487410264906643,13.219902178239737,0,2
0.0036863878621157873,72.65031545135507,0,3
0.0038618668360387042,40.88397891538446,0,3
0.0011809335979620136,16.975530688310762,0,2
0.0003368420213941048,18.47061790878326,0,2
0.0067523124695031125,89.56452932801315,0,3
0.0022448566839550345,25.7630760584419,0,2
0.0007346710000028976,39.20004036349356,0,2
0.0036424839460453087,162.8191837446705,0,3
0.004814838523074615,88.87405426995305,0,3
0.0001984482526928682,4.107348741038668,0,1
0.00169808775561921,29.995555691579334,0,2
0.0007288032944015088,32.57753754377272,0,2
0.0033753511079500096,59.956494037009705,0,3
0.004551642599303473,60.37423903546766,0,3
0.0006806701773211306,14.08805448244184,0,2
0.0009860651047680228,13.07943869514453,0,2
0.00046136942236447363,35.74019017996388,0,2
0.0005940706233893335,34.50418636061685,0,2
0.003997066820353253,68.7981029063464,0,3
0.001765338134396024,102.53251647285165,0,3
0.0063365403107665565,84.1425569720181,0,3
0.0012846157377264652,38.644707843524365,0,2
0.001281000540715325,65.66021508074617,0,3
0.00014671759339486012,8.045209433421693,0,1
0.003757412527344054,85.24911529239542,0,3
0.0002640782223668143,3.128994350548834,0,1
0.0007903057013795307,40.50868105265831,0,2
0.0021899063430803503,87.05724430988002,0,3
0.002931175355481623,126.53776949146065,0,3
0.004676999425520376,82.61598746792937,0,3
0.002367033536813772,102.18397323099892,0,3
0.009307595057293902,96.73568708396611,0,3
0.0008070015735908979,14.255129373458685,0,2
0.0012845273898331316,13.59875753148451,0,2
0.0021940219847849385,85.09747927616553,0,3
0.002787685645805928,54.93893999281345,0,3
0.00021244887429242034,4.633140578580046,0,1
0.0032114292750748015,61.87629950745638,0,3
0.0009764531232888694,43.64749518565214,0,2
0.0010165226526065653,24.092948051654652,0,2
0.0005210086863951283,15.673347195101348,0,2
0.0008891029886991235,48.75366059689061,0,2
0.0012291865384597101,44.75355085129133,0,2
0.002906185348262557,32.873389621863055,0,3
0.002844760871735677,29.566165676844783,0,2
0.0007500995932888849,38.447837500385205,0,2
0.003817119785362735,114.82926339525287,0,3
0.002154053488198856,83.54725857030189,0,3
0.0015394569085955998,30.33919224360915,0,2
0.0022645205364431255,25.615181752158417,0,2
0.005404767213736251,99.23692240970755,0,3
0.0033058180777615466,127.27949891776244,0,3
0.0017205186210185175,37.52151978113765,0,2
0.0008163186314484657,35.24017716123234,0,2
0.002033600388439221,35.92215626312119,0,2
0.0006861131692807274,11.809480938675732,0,2
0.0005233613529452894,40.54242301374536,0,2
0.00032018492488472815,24.803269470028937,0,2
0.0017070047963957643,18.07135022187625,0,2
0.003593516099040704,63.47699753482808,0,3
0.002567940008294857,27.185713441841457,0,2
0.0014171953004537934,54.564378156134474,0,3
0.0014371304067027856,20.406949408483094,0,2
0.006936471520753031,92.1090092535269,0,3
0.0018046276087371927,98.9561423799521,0,3
0.001064146192845338,39.729333302329366,0,2
0.0069793330019835165,92.57579209632199,0,3
0.0013496095078570035,17.90159162416828,0,2
0.0031160661309880392,41.37806422689963,0,3
0.00410284997252803,79.05177165341446,0,3
0.0006945930616044573,37.061590903941905,0,2
0.0004069148452046529,16.1764384144709,0,2
0.0011927507046850705,28.269788865860328,0,2
0.0009230773523789156,11.562352502274855,0,2
0.00834614496894195,88.35716751046073,0,3
0.008488712391638314,101.43304482462366,0,3
0.008752954636403404,100.45319937148803,0,3
0.0015043058641802832,25.892334128491985,0,2
0.0017213189627310443,76.94302916019093,0,3
0.005313417603173691,98.0770096775402,0,3
0.001016459406106744,13.482597065843672,0,2
0.0008628087960549177,50.11275481492334,0,2
0.0031506212276386824,136.01116764040896,0,3
0.005044368870476905,84.62525227888024,0,3
0.005676282984021245,123.78986293226286,0,3
0.004091164591649138,128.04235001505182,0,3
0.004753981453415716,107.85952036696243,0,3
0.0005200839733673113,10.249671532024626,0,2
0.0007686535614395091,16.762997771753867,0,2
0.004267300881524379,47.11574512470446,0,3
0.0009697085637684979,18.683885705465944,0,2
0.002687547272587971,46.25845954930444,0,3
0.0028259406307510684,105.50499354934186,0,3
0.0005389097136378126,12.226918384864096,0,2
0.0022683520219970487,101.39542964029256,0,3
0.0011012981717249493,42.40181285205927,0,2
0.001998244949197555,36.689772405947075,0,2
0.00321591666545113,162.68428178213154,0,3
0.00041546264909142483,17.935370814553067,0,2
0.0002145813144157556,12.463086661087182,0,2
0.000667494853381965,12.860974952215358,0,2
0.0001948948321293607,9.989719901752615,0,2
0.0005820371555087516,8.2648051498509,0,2
0.0006933437070802336,36.994928754792575,0,2
0.00038766719410347923,12.132931209385015,0,2
0.0020170004628911136,23.14808633744262,0,2
0.005809505434926025,77.14409094927332,0,3
0.00226302001642374,23.520017236027694,0,2
0.00031426391879721947,6.193426652206112,0,1
0.000580500874080813,25.06001070753403,0,2
0.0004141676754648668,32.08368558897308,0,2
0.0002496090098446895,9.31901989976426,0,2
0.001436813552545586,26.521231196596368,0,2
0.0007479760049476305,37.838026234458866,0,2
0.0008178981885223768,32.51461535959773,0,2
0.0007627577501727476,29.584371664544868,0,2
0.0018637889053682902,24.721808540410702,0,2
0.0007844988220343962,8.720038478589702,0,2
0.0019578273912349,28.143122542773572,0,2
0.0007181727537162637,12.686029187234647,0,2
0.00015358423293748675,2.8349140656910414,0,1
0.00012850469291530273,2.2118417040508973,0,1
0.0008962428024851001,15.426263138876632,0,2
0.0017496141138900472,75.53020225432671,0,3
0.004602118121050476,81.74760457733802,0,3
0.0006747694199177525,13.001137857638463,0,2
0.002229287039133215,27.923773136435997,0,2
0.00520160827863115,91.88284309285652,0,3
0.005185961564834281,102.2035004714812,0,3
0.0011404129020691294,20.939119522120883,0,2
0.002403682410135093,31.88310444608559,0,2
0.00182483753513094,22.857688780024546,0,2
0.0006095530358509961,13.82969174982288,0,2
0.0009622285200718078,21.831281353398598,0,2
0.003729564011040606,148.26458962705735,0,3
0.0005528231780256473,28.336044847035073,0,2
0.002559793575424658,27.09947054330525,0,2
0.0058440186973727,64.95875644342686,0,3
0.00239823224754068,121.31990077024321,0,3
0.0023894965419464427,122.47836897187474,0,3
0.008761249051204302,91.05740435257017,0,3
0.00044243681246175016,9.648777646393388,0,2
0.0012823016558847866,25.271247434705938,0,2
0.00048603934275327326,14.621374975836005,0,2
0.0006478627845585905,33.20748776044546,0,2
0.0014550976145060524,16.17402962529947,0,2
0.004711679619534967,106.89976577857584,0,3
0.0008121601091322798,41.084921591943015,0,2
0.0013261225208272217,22.82541617511202,0,2
0.004587877525773442,81.04171022674893,0,3
0.006123340237314697,120.67710086305489,0,3
0.0010820375181376418,15.553932182764429,0,2
0.0017619526812748193,25.019357366051814,0,2
0.0004603776184864609,9.528586954198472,0,2
0.001380024554421395,41.51486250424597,0,2
0.001631409742245605,30.1131589925636,0,2
0.004025691760749021,77.56512374291782,0,3
0.0005968911693677429,25.767573768555238,0,2
0.0006566455583231428,12.940989590967,0,2
0.00589232607434742,98.85073700090693,0,3
0.00023146692519074088,8.91186192383021,0,2
0.0029405424761088537,60.86137455646381,0,3
0.0024264237038268237,108.46124038644955,0,3
0.0032328776526939895,59.35886155561015,0,3
0.0014795965627902705,30.62369659070402,0,2
0.001330401720407085,15.76358485680773,0,2
0.00206183715717132,34.58975623388466,0,2
0.0005970269967466165,18.685324917482923,0,2
0.0023452509169154317,26.91524950366637,0,2
0.0020890358005485193,26.167003505789452,0,2
0.0071374919747640465,80.73592234907292,0,3
0.00045032430623239745,4.767396241962485,0,1
0.006045111483989774,62.8280462679415,0,3
0.0025738813915573313,61.00443556166636,0,3
0.0024348505354055486,32.33224123037665,0,2
0.000905134576088459,33.79271898791395,0,2
0.003228714791615081,33.55667514996693,0,3
0.00026709948756580026,10.28377488987111,0,2
0.004301171748412237,47.80935559841185,0,3
0.0009049787978757755,16.70443035838486,0,2
0.003952934019110328,76.1632620086229,0,3
0.0015187603208238751,56.702110478850415,0,3
0.0015824260346466359,17.89965241405482,0,2
0.0006588867688512706,15.616498710728017,0,2
0.0009777416819282967,35.59867498747376,0,2
0.00384591850181347,152.89013051458073,0,3
0.006723651543115714,76.0547557610613,0,3
0.0017273685153914276,133.81138033504257,0,3
0.005385003575582984,76.46591778928891,0,3
0.001580573561068173,22.44381202058499,0,2
0.0015392306641665372,33.56794463466419,0,2
0.00035056770059944465,17.969040519583587,0,2
0.000762425340486503,30.309355166949057,0,2
0.003709991365088688,84.17321210130646,0,3
0.0009911726324964036,23.492118629844498,0,2
0.0007233265015257743,27.84927437098353,0,2
0.003931457352218859,52.20559769501668,0,3
0.001120577654153429,19.904864794957927,0,2
0.0009910108947270655,38.155569101465424,0,2
0.00011730122350688061,4.549652877532168,0,1
0.0010927709787940654,58.30727832813977,0,3
0.002620520566217685,31.049868382568228,0,2
0.005643054443444454,116.7961534020965,0,3
0.0001804128429364063,13.975762165619457,0,2
0.0006676876830288004,35.62599330153666,0,2
0.0012875710742127782,16.127955683685443,0,2
0.007583381212133945,109.0086019314694,0,3
0.0019902311632551684,22.122266901393118,0,2
0.0021257153236780074,39.03025575363012,0,3
0.0010843623345726562,12.265792179081442,0,2
0.0014772461910318663,28.462880522382925,0,2
0.0006112596175084769,8.116881558144616,0,2
0.0007928000407177977,35.43819476337307,0,2
0.002624106699112451,132.74626119856347,0,3
0.0034686942086364857,75.64618991860986,0,3
0.0021825200713599608,26.07929754422622,0,2
0.0005982027293273209,10.625898529299796,0,2
0.0013815932655224493,15.627927428515255,0,2
0.0012038259694382306,43.83019586829363,0,2
0.001501417049364153,26.521502538051564,0,2
0.0020393473267707996,28.958302969330862,0,2
0.0018468355179150253,23.133232785771273,0,2
0.005342506523428924,105.28864534760736,0,3
0.0010709002851505248,42.57242692156935,0,2
0.004637534054297603,65.85200785174177,0,3
0.0010780921640979792,83.5148952414788,0,3
0.006940216467486236,92.15873818736172,0,3
0.0030343351415690924,166.38673754288706,0,3
0.005512368643621172,79.23847982355666,0,3
0.0013350548609588413,14.740489668486752,0,2
0.0008486760669221237,31.684870514177074,0,2
0.0021034248533465198,21.861312956294974,0,2
0.0004507944934063767,23.106362919839317,0,2
0.0006304208915591092,6.67400392934268,0,2
0.0003407367599211046,17.465136220663148,0,2
0.0011495189830398225,25.069010433254544,0,2
0.002261485420477647,25.137373481575562,0,2
0.0012485722658965848,14.329227554109274,0,2
0.005005835412027814,103.60742157433032,0,3
0.007208655514747602,95.61758896410586,0,3
0.004578249651961391,103.87247329834858,0,3
0.0055155189984244036,61.307342401012036,0,3
0.006108553681728456,72.9921301165439,0,3
0.00031287328039736063,11.680957862625641,0,2
0.00028304846947090604,2.9417790528903653,0,1
0.0007376497164468743,32.97297297679669,0,2
0.0013668009913646417,15.686078380398909,0,2
0.0017544540994907398,20.964265616029767,0,2
0.004763991370051551,49.51311005767038,0,3
0.006560691639186475,94.30777687225752,0,3
0.0004057421086950486,31.430995262891184,0,2
0.0028246679251442246,31.18747370245933,0,3
0.0009177391684848422,13.031703103702213,0,2
0.00095531449028967,34.78212157589096,0,2
0.0009751044887920618,19.21709037640883,0,2
0.0018629448854782448,102.15395045540143,0,3
0.00019779197117871517,10.138218490982887,0,2
0.0013003391031895927,13.766149568270727,0,2
0.0025531861549030086,29.301616254734856,0,2
0.00027188535621608986,12.153286720534547,0,2
0.0025378856011064326,139.16409550159543,0,3
0.0007447724738955033,14.349923573700375,0,2
0.00041729034259491843,18.01427167553827,0,2
0.0008989008738666443,52.20901699306769,0,2
0.0014811096053107232,33.60378520722555,0,2
0.0003590943401979436,27.817404858452974,0,2
0.0015710357729401124,32.516243990815354,0,2
0.002078942613897642,92.92882122770384,0,3
0.0005253024990775014,28.804784233370327,0,2
0.0007846617962807341,15.118492160346436,0,2
0.001390161576173937,41.819811472661804,0,2
0.0017749494765768147,68.3385094608758,0,3
0.0007897521980116399,34.09331393308987,0,2
0.002356990272518615,26.023792562226046,0,2
0.005068863745580581,67.30915224688515,0,3
0.002169480758373061,78.98879820341386,0,3
0.005942865228336164,99.69859106671284,0,3
0.0006839441592172785,20.57488588845592,0,2
0.0012172480333965485,21.501851747878263,0,2
0.0013881910324996304,32.901986341401496,0,2
0.0014292696116987374,25.247067528826392,0,2
0.00041780978689839014,13.076312569520269,0,2
0.004349194730987184,48.01994425330963,0,3
0.0009120050094867458,16.199980732145185,0,2
0.0011904749522467742,43.344097617052576,0,2
0.0005276838389667632,20.316706192183705,0,2
0.008872423255218854,100.36064173720331,0,3
0.0008559433842214028,15.715975147126276,0,2
4.7139891153625825e-05,2.5152559934249985,0,1
0.0006361547027635456,36.94846968379872,0,2
0.0008033352253075461,41.176535059211254,0,2
0.0011348720109939977,42.369844184386736,0,2
0.0002452897714186267,5.565195690262065,0,1
0.0023032965612221094,45.39273348593499,0,3
0.0004447101167758461,8.56846407709764,0,2
0.0004933263702214369,8.762975651574584,0,2
0.0018125448987343035,33.28013406806181,0,2
0.0014137515079168405,30.83146239853686,0,2
0.0017409003459241225,37.96600976507438,0,2
0.00025117315101183215,19.457241312737054,0,2
0.0007067870384857894,7.803714546335274,0,2
0.005496376705989106,72.90545200696188,0,3
0.002463532097650063,124.62323861156617,0,3
0.0001987534401310745,6.220443342686518,0,1
0.0008538110063924966,43.1919246679724,0,2
0.00044604261607083845,7.923072473176179,0,2
0.0005667713446056217,11.169773370172237,0,2
0.0008862918852932553,26.662051511108967,0,2
0.001388390166935654,19.714848258548347,0,2
0.007454167624508426,98.9834662549944,0,3
0.0012096173353910195,22.327560144793562,0,2
