energy,time_ms,violated,priority
0.9134621258466232,1839.6068931582681,1,2
0.6150024135272679,2546.022300007245,1,2
0.42967268358001015,1693.997628812556,0,3
0.8667946851405023,1770.2555241909988,1,2
0.21382889291005777,1221.665681394985,1,2
0.41838099141633733,1554.9645677269366,1,2
0.798093725033565,2691.4335348795544,1,2
0.27153601521707604,2316.70169589283,0,3
0.37061522095603344,1761.5809301382562,1,2
0.05753490438722554,493.1277793892648,1,2
1.0118648936461447,3273.02787776218,1,2
0.5385696584746412,1998.574072227248,1,2
0.1471458612923584,1269.877793019976,1,2
0.04401208426964758,254.98754100052713,1,2
0.5644250906890163,1353.1354107926625,0,3
0.30962917221907194,1012.7245535211459,0,3
0.13544720669898697,524.5241838543482,0,3
0.2950174038111,1056.9790858207118,0,3
0.6057656412399786,2052.4279759085102,0,3
0.03918421054284081,95.01705912570532,0,3
0.27790686308065077,896.841884237309,0,3
0.34582751722224936,1568.1155687554583,1,2
0.3751523698616847,1221.9470995508966,0,3
0.30065086301239746,1016.6791940176186,1,2
0.0818789032854022,479.4960654263313,0,3
0.6022445077057672,2863.2408760787907,1,2
0.4475995603051712,1509.7149881292346,1,2
0.15262974584961234,457.39806174108435,0,3
1.2538767917919864,2512.6995612985306,1,2
0.25565715550439416,1423.0926656367237,1,2
0.2308428168971822,2017.9737435539994,1,2
0.4457676743283655,1654.3075511616987,1,2
0.46487281224733845,1247.8372660027933,1,2
0.1566426916667489,1339.4763118502951,0,3
0.22511026796294403,2072.443277454381,0,3
0.14980789612130124,302.5961847699964,1,2
0.22859260557523606,736.9634586399584,1,2
0.32199256378475505,1151.7802537599785,0,3
0.36673281922158346,3359.8279960038667,1,2
0.3965050631822842,1640.1239794439725,1,2
0.7006746160872149,1995.9271015162253,1,2
0.699056800790391,1657.6995083789848,1,2
0.32756718004432783,680.9601136384762,1,2
0.8069096916509592,1895.806732056513,0,3
0.3497141899947922,771.2245823300221,1,2
0.9624146650391346,2586.056872262374,0,3
0.430686571698807,1769.5898400976184,1,2
0.43556937184611766,901.1115710830361,1,2
1.1661372461035318,2866.0165147087296,1,2
0.10268688137986362,207.82118589134657,1,2
0.5814420065961428,1724.170693812304,0,3
0.1240455238897671,953.7343407149818,0,3
0.35050175532022915,2562.849527627683,1,2
0.12935618926569395,950.2000281333594,1,1
0.8623938517555736,2451.373842770282,1,2
0.16257912055864873,866.625366318187,1,2
0.656447634857164,2718.8528302311147,1,2
0.14397255739462023,1244.848227521742,1,2
0.34415214218563056,2769.506713769759,1,2
0.39286315583174447,1184.8136622135205,1,2
0.8264494447392238,2670.6877337362544,1,2
0.6335276434326097,1674.0328152030977,0,3
0.7920906120474601,1859.6554811644166,1,2
1.0218934275953786,2394.2890892592754,1,2
0.6280014185836067,1387.155642294727,0,3
0.20332288900303855,1498.0093768160964,0,3
0.04158988521767952,307.4472926808818,1,2
0.34743979658623425,2552.2173028431243,0,3
0.4819202965875712,1057.8866342055685,1,2
0.27600570420542936,2220.0333250659714,1,1
0.14270089922293042,1257.288593026233,0,3
0.2366574487059876,978.9940487042462,1,1
0.08890501975961192,246.0129119331247,1,2
0.912612236090504,1831.1150100694904,1,2
0.5430806867914264,1129.3543130165233,0,3
0.40082240855420503,1360.9396263546003,0,3
1.038923950495599,3366.121136546504,0,3
0.8893611438574042,2109.644261747654,1,2
0.13269201412157988,450.0070028530447,1,2
0.3501873428922332,727.0860593827066,0,3
0.2592379062838255,1905.3453523500116,0,3
0.7298812347621396,2123.626885993214,1,2
0.7907345850158275,1943.7849771807666,1,2
0.19312216310391322,802.5940329505104,1,2
0.13644192314825215,729.2229780873489,1,2
0.25011503894900355,1838.8296781332053,1,2
0.11953195973484863,907.5118719601317,0,3
0.019289284076888846,156.5141070229665,0,3
0.08725875952189116,488.04184562251555,0,3
0.38038229155320175,2165.234457509695,1,2
0.5732801845048969,1206.8601226702742,0,3
0.37827509102166196,2788.949768988672,0,3
0.5750451757925299,1995.3063921143062,0,3
0.9185978258994192,2153.530036798797,1,2
0.017626401808169743,68.64799453980677,0,2
0.10360889133606843,908.3067988889403,1,2
1.002550385541328,2050.75502361938,1,2
0.16891017771366945,768.4838728666003,1,2
1.1911176658088116,3581.635092301487,1,2
0.3448613133900183,818.0071269191567,1,2
0.4348761974367227,2358.658690248321,1,2
0.2547507779249855,1382.0083770273204,1,1
0.04416689303243382,338.7258643487988,1,2
0.2788030508133055,900.1404876366976,1,2
0.26798555137822133,905.6560133959764,1,2
0.6921301575240153,2207.460153684767,0,3
0.07465939422043405,343.1728921974652,1,2
0.5166992368294128,1407.0900587325173,1,2
0.094165899364959,347.07310530167695,1,2
0.3241165608543887,2381.981137168668,1,2
0.3340027596429313,2884.887741688417,1,2
0.515852969318615,1071.486163570714,0,3
0.580054952192752,1688.0353929504374,1,2
0.626765611600887,1856.8072823145556,0,3
0.34296554157142844,2522.794174775439,1,2
0.6009501971006397,2028.244530199972,1,2
0.3578748641089858,758.5437298649608,0,3
0.8883149470014794,2684.873841781558,0,3
0.07071649098346013,395.58124898421585,0,3
0.4678851970580098,1637.7477136273242,0,3
0.2235104983987833,1457.3342399518162,1,2
0.05617460416029117,126.013277923367,0,3
0.1628467710740101,578.4599199494554,1,2
0.07877959280395752,269.9322060439622,1,2
0.3695086336480874,2700.9671657755216,1,1
0.22648462687477108,2218.093666444077,1,2
0.33924234102975753,1260.962051886283,1,2
0.10747981741129094,583.0715420711068,1,1
0.16307898730200543,903.5165308220747,0,3
1.1761258099275973,3810.174270114679,0,3
0.3067173453933355,1036.9892164313958,1,2
0.01845020453233067,69.79913508670977,0,2
0.2766233138399625,942.6113519512902,0,3
0.9115635336872626,2397.916579532498,1,2
0.07605708252722451,236.12082488835534,0,3
0.5666847511218797,2103.498972638207,1,2
0.12113106062251856,415.72303018496143,1,2
0.617307956602991,2096.923504664627,1,2
0.7246445722014978,2148.4798304757105,0,3
0.37033543233586924,2982.2758736086776,1,2
0.4174610843580069,916.9320467653039,1,2
0.34959446165203023,1343.9541747020908,0,3
0.3295907484674224,1505.214962234172,0,3
0.033129994249296385,130.76374030384164,0,3
0.267825314371803,2274.629697709618,1,2
0.4722934726660719,1500.861177211779,0,3
0.5334348570886434,1169.9442161177456,1,2
0.515198130160812,1735.948298288293,1,2
0.8222524824437815,1804.505729951427,1,2
0.4269781355977844,1461.0750746371928,0,3
0.14821180969047834,560.638795536526,0,3
0.24099341986712208,783.339805472222,0,3
0.07829492738328589,160.67884878603704,1,2
0.4416197032821576,1653.4094595781185,0,3
0.05703807869520104,335.8255603788959,0,3
0.30814297175008526,741.9850862286279,0,3
0.38945150148055113,1335.855439216858,0,3
0.2720124516002779,1875.7685237363455,1,2
0.42623555424406107,3429.290183221785,1,2
0.735894387971186,2821.456482222131,1,2
0.16628920855815582,476.9857329400485,1,2
0.13156553961423714,267.7689255318446,1,2
0.19867650860158667,1833.1056963964156,0,3
0.41190163937508756,2354.1559099578394,0,3
0.28611428483759954,1368.625001656484,0,3
0.23961495619370696,1821.6644704049786,1,2
0.3069086452298437,991.5760188442688,0,3
0.5353429713499234,2051.071962291003,1,2
0.08307946673153317,171.82321418949527,1,2
0.18746776860753595,750.7048903793774,0,3
0.23054720923820254,2118.7445457590647,0,3
0.30886231093629807,1001.4046301593347,1,2
0.2285285131161217,2235.982336095588,1,2
0.5411343348058634,1189.7894989220888,1,2
0.09753053895321905,329.5291940869839,1,1
0.7047919966501858,2828.294409985534,0,3
0.06895652881945263,238.22424457785485,0,3
0.13341272454766262,976.2117150969729,1,2
0.21885980395286914,701.334380145123,0,3
0.15277031238077643,1165.0632497174206,0,3
0.4854656518807041,1462.6987080778238,1,2
0.652781147990312,1535.6225352664906,0,3
0.5521958357490031,1954.714696805589,1,2
0.36369769682627456,999.4553971855197,0,3
0.26184260835178036,756.8179571869872,0,3
0.4295965690499498,1958.640264941927,0,3
0.493709992229403,1671.2769046557012,0,3
0.26750401117595496,1106.4382851909488,1,1
0.6778189870143639,2782.3756600747606,1,2
0.03181763735503464,103.83871723331535,1,2
0.16504506807120256,504.608724032366,0,3
0.9633937807157568,2578.135355527085,1,2
0.20799208662501953,1533.186307060025,0,3
0.6621440413872748,1380.4520595204717,0,3
0.047629027794029326,175.94805500326524,0,3
1.284100000616874,3154.084382089567,1,2
0.9170676338681556,2665.766508840883,1,2
0.8221223372433182,1655.4358910808917,1,2
0.9573898820022125,1958.3726212952445,1,2
0.3369672725930184,1084.1402846551384,1,2
0.11076334232120764,612.7243422244823,0,3
0.3242303780641719,1137.792251240052,0,3
0.7113241026711972,2305.1491968147034,0,3
0.21883175567628585,1190.1429118298468,1,2
0.9208577611870005,2680.610386133075,1,2
0.4122374731197077,2838.961506733632,1,2
0.7454117201335766,2930.8176741129305,0,3
0.3441773384476397,1277.4036396563208,1,2
0.1846054832848179,769.0438175091576,1,2
0.7444748689017892,2418.924276438408,0,3
0.1294747492131169,709.4927047175556,0,3
0.17811223261744247,1237.0720051442534,0,3
0.6523124325833805,2076.1309808343076,0,3
0.09877119922595529,351.62469730090663,0,3
0.22918921337115056,1685.8933867901087,1,2
0.11626166721804615,940.580587136043,1,2
0.01231537252821048,84.23762812936639,0,3
0.5466290327056257,1852.0328039708672,0,3
0.19164795769388548,521.6743542041088,1,2
0.08083038794400615,240.40823287486919,1,2
0.13373250699118194,554.918566152516,1,2
0.7090735753917295,2925.28363735479,0,3
0.13145855819278163,1119.726039184201,1,2
0.20968204842645052,777.3885325212453,1,1
0.34571780745503555,1843.3831258060757,1,2
0.27456259789678145,880.0270313826035,0,3
0.6522117335636817,2396.1497956989297,1,2
0.8589558133445574,1883.3345794399793,1,1
0.4530269498512575,1466.5384600997963,0,3
0.23747661899492298,1082.0893004455072,0,3
0.3111489484730424,2849.8646265237803,1,2
0.13913078513971094,1065.4479323049945,0,3
0.6991908778762869,2678.943313692318,1,2
0.2509598619348605,2457.15359902366,1,2
1.1065095582822264,2221.88061827895,0,3
0.2990529073698242,618.8396483207662,1,2
0.16013629626298895,1179.2739932859463,0,3
0.6195744133469329,2492.887009222156,0,3
0.16072783638340551,667.4117296191476,1,2
0.5281713043557545,1942.0264692595536,1,2
0.7930112924840453,2392.161640772443,0,3
0.11061290185137151,828.9769641568776,0,3
0.08540912386881679,302.9431497403153,1,1
0.910377643826458,2942.438855638832,1,2
0.6156831706861877,1463.6654260731887,1,2
0.631037058137799,1861.6706929045317,1,2
0.619592200317554,2196.9130364742173,0,3
0.3314746549443919,1800.612072032411,1,2
0.39500317781071015,1286.6478616675734,0,3
0.4161944941998098,1417.162324040416,1,2
0.05850465190298728,448.12822238059357,0,3
0.4352038682145297,1311.7350526643231,1,2
0.3833058204302559,2136.783245016766,0,3
0.3010762706760408,2599.903097341025,1,2
0.45480897050975544,1834.5429955488369,0,3
0.134876454193278,282.8258397874809,1,2
0.060864453572407766,237.15855464935385,1,2
0.5847761329144215,1283.3709700261134,1,2
0.47219932685786087,2565.109578837057,1,2
0.019461963139614395,96.50362042320913,0,2
0.8074249945075803,2375.2456105521474,0,3
0.04817636250505964,281.44152898149537,0,3
0.4302987900412043,1688.6680837577594,1,1
0.643362741999937,2578.106805713572,0,3
0.4752610657944695,1295.3686291336733,1,2
0.29045066736603636,2124.6535062205644,1,2
0.2333829858293385,2039.7860670332482,1,2
0.2603205874235667,1594.8466054601834,0,3
0.511149035512991,1070.4832774319475,0,3
0.21228909655801642,1207.9158739316117,1,1
0.5884049154400359,2417.4608698928428,1,2
0.886577690193928,2866.477149740208,1,2
0.07742761404102581,273.3600028686455,1,2
0.029592367920430514,275.87985002133144,1,2
0.1395257443421921,491.1667798818463,1,1
0.7216357566097392,2970.321281592414,0,3
0.10264386417530783,574.6487555858993,1,2
0.05818602644529023,354.0029112384883,1,2
0.16297697031019573,348.5529941195255,0,3
0.2977632605317174,1098.068516640295,1,2
0.44632098776208645,3071.640739189123,1,2
0.13641260549791884,942.1112451774853,1,2
0.07740204845159515,354.6634491376691,1,2
0.4191170955216828,1557.3128604202602,1,2
0.10656229816007784,594.8193293506257,1,2
0.7023919643722359,2883.989289304002,1,2
0.9714218489221077,1987.9178537058046,1,2
0.743047054598953,1824.1576747180482,1,2
0.7030018046763522,1440.818404839945,0,3
0.9981419405553794,3007.1239731322394,0,3
0.11060044919344432,425.98561352303625,1,2
0.5124063000730171,1728.5691140874303,1,2
0.1733033148865093,361.0620809257732,1,1
0.10332282547436082,430.6623479582927,1,2
0.14405079534128007,785.8657002001474,1,2
0.1089277688993272,827.839170567802,1,2
0.06796065693367677,163.1495879864364,1,2
0.1335593352983289,927.1289211438645,0,3
0.473772218564466,1680.5432174302575,1,2
0.06357708459693091,515.5808033720208,1,2
0.4776930357123859,1395.5496704845402,0,3
0.1290241306104389,843.2836945622745,1,2
0.11708181162989875,488.5852813510084,1,2
0.5491433386393535,2016.3888807423027,1,2
0.1328174562763436,382.7797468711104,1,2
0.024643741250050238,200.83077956049658,1,2
0.28441248090365917,1553.5353147024325,0,3
0.07619746885287676,319.9163304560012,0,3
0.6360862817078179,2611.922023313366,1,2
0.3658963258769089,2676.647309811562,1,2
0.11372357870974588,423.9440918163141,1,2
0.16618560788488976,646.8250160128459,0,3
0.18654676834635112,994.4367659081388,1,2
1.0099195677464077,2097.5974462117338,0,3
0.6077510793011153,2062.9632695735922,1,2
0.09332013845301654,187.375634521685,1,1
0.051618960893138936,505.3181487570355,1,1
0.07754261936385702,264.94256454336147,1,2
0.01572630896947372,162.1853137696926,0,3
0.3159119296126991,1726.643966044592,0,3
0.32899144458179114,1767.3776801292634,0,3
0.934148933636996,1931.632307002396,1,2
0.6621217470166295,1458.5892259421255,0,3
0.6843549997807813,2008.0301076438686,1,1
0.04190930187577992,116.36478698106373,1,2
0.22081003830300616,443.5358945882566,1,2
1.03850394938929,2560.6584479476737,0,3
0.24072815946692655,2355.01174336908,1,2
0.18084642384139216,616.4798508786895,0,3
0.2654455280623986,710.389828848412,1,1
0.5017627325963202,1781.069372195286,0,3
0.6867131682492358,1955.2821500748616,1,2
0.38659519102005013,1312.8094849257666,1,2
0.17288433329003236,939.6070505947199,1,2
0.7810840859261087,2093.48430866002,1,2
0.13405159059398752,456.43621812794066,1,2
0.041973665049102715,193.79330739059927,1,2
0.7903324411161262,2297.3540843253986,1,1
0.16646824645632408,692.7884429480415,0,3
0.1770161547710122,1347.2306348667576,1,2
0.6439976362911782,2175.890316245407,1,2
0.27776048312753826,1481.116851001539,1,2
0.9487385807337327,1921.1076692508555,0,3
0.33580535482843576,827.4521654221454,1,2
0.08567933427208366,626.9941191313258,1,1
1.2271309265935917,3966.2029807600998,0,3
0.10202508096840504,999.7200073015829,1,2
1.2795387537470884,3854.4185118903906,0,3
0.5706920327827539,2017.8633278571967,0,3
0.2578487069403474,1432.8041629371355,1,1
0.17570798452769512,518.5183247302343,1,1
0.4782504773371403,2723.8421775769707,1,2
0.10877772863415978,715.4539291999673,0,3
0.238322127713575,1091.6469589306244,0,3
0.3874210318764883,2677.8623754936175,0,3
0.7153287189874709,2316.0622073238465,1,2
0.1428336489457075,412.51073349302675,1,2
0.969321214275498,1950.6296310272846,1,1
0.5285367922546755,1178.3389295618904,0,3
0.0643524051380694,371.31838522523293,1,2
0.5129209036731782,2126.551429968019,1,2
0.2762682734004597,894.7675196292004,0,3
0.018929687256570044,171.50304611180522,1,2
0.2858668952788897,1095.2898381996522,1,1
0.3324184530442684,1275.6892739656535,1,2
1.1104013077993546,2303.4054070088796,1,2
0.23577312880375362,1321.8653298253691,0,3
0.2135611426041317,1156.1961356362299,0,3
0.030081267852226305,281.80711388698757,0,3
0.5222380451589362,2835.542079746009,1,2
0.04067367698811153,347.4286393262281,1,2
0.16172521622686453,1429.7101679343082,0,3
0.10365250138358412,369.7830987694466,0,3
0.35621863472897436,1937.6337232034255,0,3
0.39186968192323784,2887.8493827322077,0,3
0.1055005519946433,787.8423960843759,0,3
0.7442020647568967,2117.9132479905948,1,2
0.4618492509012179,2201.815579507797,0,3
0.7254855693868996,2078.0770434402602,0,3
0.34744089529076677,711.9074469776072,0,3
0.1512673656385576,1334.8585756328273,0,3
0.41190324681555335,1391.9943262260924,1,2
0.5909457412681527,1995.0919426123712,1,2
0.15940956548177887,332.56198949134574,1,2
0.2469597031791516,871.6293817071655,1,2
0.5499471183431083,2043.4700070986041,1,2
0.1262507647401341,261.9835350522105,1,2
0.6513683296600677,1864.990046459646,1,2
0.22220427128430348,588.5457030256235,1,2
0.24019478626737983,565.0996572486249,1,2
0.8221047362575227,2604.8769870034866,1,2
0.08653643968927942,360.01666443926837,1,2
0.17944061120051924,1656.6618420104126,0,3
0.6665562221169873,1757.3447791536646,1,2
0.6800613030823501,2354.8534219708326,1,2
0.11032374182079616,1085.1617427771828,1,2
0.07867243126167864,672.8643604333167,1,2
0.11799432495272999,437.0503729134619,0,3
0.3515315962928389,3042.0143746109507,0,3
0.5274155445074182,1955.5044349726725,1,1
0.40324739772145113,3246.3269020644384,1,2
0.8912612226602573,1819.4228949707137,1,1
0.15444917994335466,330.67655409345656,0,3
0.48267341472547576,1560.6464260323978,1,2
0.8643000197747566,1801.6360916199235,0,3
0.6486457443274798,2686.352232436426,1,2
0.2573716666969505,2233.8480577715113,0,3
0.05769937909562075,466.10157575657877,1,2
0.036586263522005225,149.63469872294058,0,3
1.1259239785192379,2480.5142610421153,0,3
0.044274921151620135,406.71874889121676,1,2
0.09831867325082236,359.5989824844046,0,3
0.5363799427193743,1179.6869427955407,1,2
1.2433572040713954,2725.8487202656456,1,2
0.4228848897538244,1572.1530823714352,1,2
0.3695263697228885,771.2180393753116,1,2
0.7522859221389752,1765.4068458880142,1,2
0.03683128494560294,255.53263253397702,1,2
0.680623546201492,2356.5301219771263,1,2
1.0157009798411891,2954.029505387457,1,2
0.3594633020925228,1337.5790699075253,1,2
0.2361078802255786,761.9024213755657,1,2
0.5183489664978662,1929.4092337563009,0,3
0.6315548795490622,2626.8303129435026,0,3
0.259596579625248,2243.8189229534387,1,2
0.7630272651425998,2025.3251901855451,0,3
0.39920513253828416,2759.2157185598535,0,3
0.3295662345580077,1117.9698581813088,1,2
0.0945292405170696,628.8738216410966,0,3
0.43538550688874833,1024.8376646031872,1,2
0.379700106545039,1126.1837137510374,0,3
0.5358297873660226,1583.8912695610777,1,2
0.04135800762593951,156.85861928565063,0,3
0.7644702446324826,3018.807631593231,0,3
0.6959475458434197,2734.9720807430817,1,2
0.9645438183440554,3117.870672013839,1,2
0.01497000817493223,103.566474508797,0,3
0.476193608538354,1049.1692402026422,1,2
0.7474996528069543,2197.1699606730294,1,2
0.03393231600217919,172.0641742751025,0,3
1.1625442802852672,3305.492020421326,1,2
0.7148621052363459,2311.7070451365244,1,2
0.5210248336848742,1279.645373550468,1,2
0.22695965079157152,1827.9526004488152,1,2
0.3968381246749207,830.2240519578315,1,2
0.14038725075411107,472.18826433828383,0,3
0.3159197387971028,1714.013246516483,1,1
0.3903868803782821,1435.7054203253122,1,2
0.07455361090701311,633.5741414074764,1,2
0.4479104564028897,1324.9532783099924,1,2
0.535373845007486,1810.4880466989202,1,2
0.0881115239302827,357.25770694872597,1,2
0.2514059616643195,1731.8618118803947,1,2
0.12733159855738205,962.9323237856629,1,2
1.1282240392641267,3641.130942902976,0,3
0.24871717364215495,2290.840612913732,0,3
0.05547199812017083,510.1466196802329,1,2
0.8805214568822258,2798.8594188665115,0,3
0.6636614882518327,2244.892525611049,1,2
1.273582785904942,3359.869055191661,0,3
0.20245118777570445,1156.5630670157313,1,2
0.5402253449356648,1824.524115632372,1,2
0.630597181519755,1796.2756152119007,1,2
0.16310295038349387,915.1466706966382,0,3
0.14639840607333496,1241.7681167315886,1,1
0.8478219475976959,1757.8402547244532,1,2
1.0044373134544138,2357.237186233418,1,2
0.24488337941366325,905.0677898004117,0,3
0.2992624902703365,615.2183278132029,1,2
0.32130167719265584,1205.8281025626993,0,3
0.6542987674508924,1438.7131636666988,1,2
0.35978462497813396,2647.8975780579394,1,2
0.05294460339791572,211.94930602312115,0,3
0.4534054247699781,1434.3475684872935,1,1
0.05525232141267679,469.1916987991232,1,1
0.108289064161264,579.5184724489417,1,2
0.6038521561795699,1770.2585712343787,0,3
0.6981433348267397,1399.4972284487012,1,2
0.18608398212805022,459.26584755803765,1,2
0.10532771319202698,350.3312472980405,0,3
0.518790125023235,1426.121425218422,0,3
0.5199952795959774,1760.8668351369017,0,3
0.3212313633987102,2362.9213185336002,0,3
0.032885939238274216,150.7676599199602,0,3
0.05097691635613784,309.81820034555847,1,1
0.3003421179958548,2262.1944327369556,1,2
0.6097841131494158,1837.1431650891827,1,2
0.30294643309551483,2299.8074853481926,1,2
0.6514571335169473,1714.7622411357295,1,2
0.1739538951329353,529.249624335355,0,3
0.029702979448704772,252.90583061286205,1,2
0.21524289416068715,1240.9204981867017,0,3
0.2772525173970908,2715.3451146789334,1,2
1.027893146242275,2101.750015306686,1,2
0.7860567237603925,2366.0087070449586,1,2
1.3926327713622793,3055.243949905009,1,2
0.19146326856351498,1457.3968786781334,1,2
0.0407912357271471,146.6049975961286,1,2
0.4033801567129701,1442.5421840612464,0,3
0.9493646943574664,3060.330594700528,1,2
1.0079784468427686,2363.4180368875473,1,2
0.2550691317954893,1888.7409282315507,0,3
0.05208114336673194,157.26942328647579,1,2
0.04583484274287847,349.6342645307604,0,3
0.29874113813919756,1054.7689024701547,1,2
0.019662034598244445,180.98804411380985,1,2
0.08914491128430042,771.0745061163861,1,2
0.4116632805294379,1402.5390933446436,0,3
0.0565609339052832,416.010456408031,1,1
0.31772724215588055,1314.3160100729758,1,2
0.14454107137397432,939.2304920569721,1,1
0.21150032725506543,727.7917050928669,0,3
0.1802306045249243,1651.6828902011925,1,2
0.4242646699910921,880.137176824992,1,2
0.5116585364639417,1406.881283021813,0,3
0.4640846188443185,1906.3082251617095,1,2
0.5662864119244294,1968.1383073568225,0,3
0.5359173383342304,1821.6361604135773,0,3
0.04040558034653749,171.47287555426425,0,3
1.1218357546929865,3196.6217509127086,0,3
0.06842735128203925,516.6268498617553,0,3
0.5655031570214942,1330.8008905757674,1,2
0.20489992025630657,1117.7890244662015,0,3
0.14921640689681084,553.8888892514393,1,1
0.4048687192232982,1104.8739872481274,1,2
0.36813876152587455,2098.664798075311,1,2
0.2016896777779908,1313.2972231248793,1,2
0.2219504683452469,1444.1729886282537,1,2
0.613163085125024,1850.4628230370447,0,3
0.25952074354808985,849.7976089700996,0,3
0.5330828897152112,1279.7166154514116,0,3
0.22698911895477306,658.1550363723609,0,3
0.5549805366017677,1801.8120576110232,0,3
0.8972894874336934,2403.2541698952105,1,2
0.39886096856763364,802.2071092646249,1,2
0.15980052391717772,343.2727293809438,0,3
0.17916217409160778,529.4834872898698,1,2
0.9464930287885303,2997.4437749838353,1,2
0.13208101060827554,270.60087779564344,1,2
0.5198823074270121,2159.886977474964,0,3
0.4770595082271843,1628.8139508879883,0,3
0.433066700522965,1526.2048786766934,1,2
0.12415306837496827,478.8610587414124,0,3
0.20281873437436893,834.8161196934902,1,2
0.9912959990393458,2664.0582566635576,0,3
0.7782419639923227,2286.2456077788356,1,2
0.7673785866538523,1554.4510671731994,0,3
0.5968307353885075,1599.5907952132,1,2
0.6379921545608983,2261.2066803574753,1,2
0.12224434694729927,945.4139822179898,0,3
0.15361872594013876,549.9138477411328,1,2
0.6971856659452179,2351.650299176399,1,2
0.10421911822171429,217.22072914582625,1,2
0.552119260735047,1295.7390949881121,1,2
0.977531804214975,2781.431797080546,1,2
0.2542258382366905,1930.792764232553,1,2
0.5442405938236244,1754.9944797234962,1,2
0.10657559297746959,294.61606415196485,1,2
0.2524014902069239,528.1860921106969,1,2
0.18634226496345527,688.8237185897394,1,2
0.23922462777402306,889.4520681213216,1,2
0.32272270050370083,988.396239629135,0,3
0.2834100699727853,1170.0596132623182,0,3
0.4743822636343788,1431.512982543422,1,2
0.5646829513950328,2315.815027278023,1,1
0.2628135649564522,1405.9602130916915,1,2
0.5401889160020088,1134.1697128171281,0,3
0.7515758435802871,2185.5659615222735,1,2
0.20659184461526664,459.4286441377378,1,2
0.662698325477135,1365.7747505892862,0,3
0.3962590379390283,830.4398189029885,0,3
0.06444372997157212,608.5472728617451,0,3
0.2411473486269483,947.9358338168555,0,3
0.2568114184525931,1933.8308714145603,1,2
0.33675169802870447,1411.2245373919825,0,3
0.7392392101460986,2490.2400313234234,1,2
0.27706202505917527,556.8572952601987,1,2
0.7641113151917512,1531.2262500738307,1,2
1.0683149429718675,3457.7186984138493,0,3
0.31802518886411474,2742.719944843785,1,2
0.42591094645529937,1512.0547884433156,1,2
0.5137461574660587,1064.3968461612185,1,2
0.11228785748370668,443.460902210641,1,2
0.7880865493706762,1591.0182034820537,1,2
0.5840197638599592,2166.093518094811,1,2
0.3596211482408036,2482.7699266148647,0,3
0.09206161896933378,816.0340761547963,0,3
0.3640495507988303,1293.6341108503295,1,2
0.569129925994191,1401.953633024147,1,2
0.16731836199564945,898.5204900673717,1,2
0.8078361183922315,2303.0910731583317,1,2
0.16127124952503677,1319.511087210375,0,3
0.3151405450822626,1011.9918940874688,0,3
1.390579480174365,3050.9079172070674,1,2
0.66391393956177,3164.2773681069393,0,3
0.41381239630506006,1658.13422825054,1,2
0.3607784305027224,1719.4853350396154,1,2
0.3060821562081289,1705.724985803074,1,2
0.21348502541001335,785.7205963627374,1,2
0.35990577849134114,981.1512024450835,1,2
0.2713809262913331,1007.1091965297932,1,1
0.7154686079377995,2962.9885822515557,1,2
0.45185823757832005,2741.988722837222,1,2
0.2857415339073327,1856.6009894805902,1,1
1.086129098742211,2254.0899851824793,1,2
0.675204139255206,1837.491049311924,1,2
0.5125904976793583,1903.8009778886817,1,2
0.5704382173385348,2117.4779144054223,1,2
0.5133888031827815,1214.4574589746035,0,3
0.03794890953362903,234.7985661441727,1,2
0.3448193998446395,2374.458870673609,1,2
0.46055871042825586,2499.782145779106,1,2
0.21836266730704929,1604.9341383898714,1,2
0.28507834910436736,1624.8038987896089,1,2
0.44627839626521687,2720.755861372982,0,3
0.16906029774427128,633.7582300691172,0,3
0.6419194553265433,1834.5143226573018,1,2
0.08144139129999615,475.36249132307603,0,3
0.273347572582449,2010.1888883134422,0,3
0.05985792867907437,227.65891698545687,1,2
0.7026220545219661,2882.343386742732,1,2
0.18439837580501423,1004.7133587680104,1,2
0.11975107863161258,1177.1125634234884,1,2
0.021503853308621878,191.4617310925369,1,2
0.04594329770387591,97.97255448895615,0,2
0.5788139552569539,1716.425934447714,0,3
0.1066240570568414,861.7347355197973,1,2
0.01046052295425731,70.08585319503162,0,2
0.2050475532352915,843.6563677623095,1,2
0.019733418083527764,106.89950125903454,1,2
0.1862973184674364,1726.0226737648698,0,3
1.1580262415939113,2406.117261789194,1,2
0.7035613994538349,2236.935361741598,0,3
0.22438492388590092,1483.013565115665,0,3
0.5722261286564723,1187.6170570782376,1,2
0.04698088281721477,196.40345106807845,0,3
0.96150212052858,1937.2248998454306,1,2
0.06344189254543499,633.8703526934966,0,3
0.1589853771506202,1051.9177554979976,0,3
0.06997248554595382,382.86662371204613,1,2
0.16006757493693918,974.3214042289156,1,2
1.0745653400032236,2357.7083546713657,1,2
0.10082674024719374,375.63802773855923,1,2
0.05125354478774705,143.8120393025952,0,3
0.7649014635459785,3006.071354192014,1,2
0.23678669982238187,635.7839343542523,1,2
0.1112069797307243,412.5812796043966,1,2
1.3176084411075755,3473.6299825412907,0,3
0.8326215436114369,2686.7450241002716,1,2
0.623456445256169,2157.2814626853797,1,2
0.39922882414825445,1347.6897537649618,1,2
0.40479995990007184,1501.967552391757,1,2
0.4261342795828264,1450.9980977228772,1,2
0.077190950678638,443.3909502937178,1,2
0.07035899603295842,532.1612811989246,0,3
0.4431199962932298,1627.4112647191807,1,2
1.301807620619012,3205.809372014566,0,3
0.920674270609809,2185.3238210639593,1,2
0.4467181010590793,1582.677367917474,1,2
0.15180277790432675,1221.901062455844,1,2
0.20036339457120683,1472.666870638873,1,2
0.6347518848519194,1872.7432432264557,1,2
0.13992481333070403,516.5332669295691,1,2
0.8589963508653671,2768.689536710116,1,2
0.18405058431510155,606.2215879659524,0,3
0.2615769033147337,1198.9278551486814,0,3
0.24006660555934758,772.1325767710867,1,1
0.26198496787233033,2261.991661462499,1,2
0.32785886731475405,1865.5779259764324,1,2
0.662388220263919,3144.375403124419,1,1
0.0687697668125737,240.21253859716313,1,2
0.5721899684741941,1665.608198620517,1,2
0.30536115900094946,1227.1616262952293,0,3
0.54953055939483,1608.0195126409749,0,3
0.721658798264723,1961.1691656295066,1,2
0.574165668765289,2143.602377857261,0,3
0.46344461683041005,1858.7617367018881,0,3
0.5760225732613723,1553.315757134226,0,3
0.9226233435979724,2468.564172488317,1,1
0.3197044259964812,2761.254981445546,1,2
0.0692145655223553,234.1913069536552,1,2
0.5756276381459748,1262.8681115725155,1,2
0.11019275600037351,433.9993798500151,1,2
0.6925651540079792,2842.651113462432,1,2
0.7613764073589436,2918.291603147766,1,2
0.012583864084720882,99.73574801970018,0,2
0.2763987867482013,981.2830690826916,1,2
0.640847811598518,2228.3454334374424,0,3
0.5608278398570327,1650.175060580173,1,2
0.6676535862362104,2677.8286523752067,0,3
0.2656298530245796,2607.693050813513,0,3
0.028367384309597555,252.23086670675104,1,2
0.3097451235504913,1721.3374904117177,1,2
0.05297838745583108,460.44617297415544,0,3
0.16036382741492214,1409.7921871571536,0,3
0.12731150907238745,733.344836327649,0,3
0.23305278276714791,2016.5221614503857,0,3
0.3386234744969624,1144.58486701077,1,2
0.6227798325744468,2101.6891155600842,0,3
0.22617357196993784,802.5615117969093,1,2
0.33451552637580906,684.8323118230211,1,2
0.6105484598990154,1635.6831516709678,1,2
0.43312493868446583,1746.6180482345126,0,3
0.42288332571822057,1919.1466126469054,1,2
0.39279661960752654,2385.7932581242017,1,2
1.136598316001935,3237.9533594666864,0,3
0.6833236999434346,2162.585662308062,1,2
0.32511123575255374,887.3646308505539,1,2
0.11424948981392528,486.6911264086925,0,3
0.2055142710277375,1572.8873023314002,0,3
0.7780277870773623,2045.680500453429,1,2
0.14437997113989437,1068.8761477914472,0,3
0.7552878952202573,2229.157657995959,1,2
0.5254208452968447,2494.465369982912,1,1
0.195249536623013,581.6357442955348,0,3
0.4503377708989774,1459.134313430892,1,2
0.509980337904677,1514.9404119960554,0,3
0.10297969130557477,280.59783784900657,1,2
0.0724742311043288,279.4071868690446,0,3
0.18449912316857017,753.1699090899248,0,3
0.08424721701847063,324.0791842558389,1,2
0.1013813907485757,885.8518142487563,1,2
0.2905567836392583,726.551462913282,0,3
0.41841799136910196,2331.1581430526608,0,3
0.3317757699573751,3038.054311886925,1,2
0.17982237812242932,569.7068334109258,1,2
0.3866842768107801,928.1931063561539,0,3
0.24745372424447878,2422.8606931195586,1,2
0.878600686867521,2501.911910886931,0,3
0.04456016906708303,240.623255515914,1,2
0.3259924209859438,3189.227367081825,1,2
0.482556869192675,998.6803843159894,1,2
0.7121311254144272,2143.6528720416018,1,2
0.1403257971328406,488.21463657483747,1,2
0.08204969690402207,806.3362747839581,1,2
0.44341405938624134,1569.307400646027,0,3
0.013811395344713925,106.57966222593711,0,3
0.47384399948638567,1287.911801285451,1,2
0.31987992695572626,2757.7850953595903,1,1
0.7656343239819526,2933.5712250898996,1,2
0.400559839525377,949.6188714205904,1,2
0.3514214737556986,1304.9510148301113,1,2
0.2652322193264404,940.8421824723728,1,2
0.7184630708849198,1693.4050853865645,0,3
0.42571203077860126,3427.0765909954025,1,2
0.0577848241615989,215.87773622629962,1,2
0.12353707464102487,1079.9041000593986,1,2
0.1080694367001941,313.19542353877694,1,2
0.7165397204724842,1692.0556280272413,0,3
0.3756603356892528,2045.1203882580833,0,3
0.14749758564271676,1444.099182894248,1,2
0.4625926121861434,1490.036844919274,1,2
0.39499233526035255,1552.9146081791716,1,2
0.715929108206688,1950.952279507691,0,3
0.9097713722588163,2402.8752448422115,0,3
0.301331865337715,1046.2304067572052,1,2
0.08595220058253673,360.3498439393173,0,3
0.24655399992749746,918.4301377931187,0,3
0.7820976706807865,1575.0414394424397,1,2
0.43567152197828884,2362.8719564098587,1,2
0.13058786528088015,1126.6662312667988,1,2
0.5755296276005204,1364.592286771231,0,3
0.2919174344788187,1557.7142599184597,1,2
0.6165908722415392,1769.1343099481032,0,3
0.5578896014190315,1880.4012294178935,1,1
0.1587756468173086,464.14119455416017,1,2
0.27475743411721604,2379.6752948585354,0,3
0.8467760736230318,2879.389689215889,0,3
0.2624802245114097,1594.4082984423255,1,2
0.1097814133113701,408.4810482193208,1,2
0.6279519084286195,2479.521854424772,0,3
0.5912399506414536,2365.4350731700843,1,2
0.266128245776431,1947.2636484315783,1,2
0.46452095345725664,2531.650018346706,0,3
0.17190461384253417,920.3106382035907,1,2
0.2687021223165161,871.1445763255966,1,2
1.1164165624319826,3172.156162778493,1,1
0.6688482755146914,1384.40241630374,1,2
0.3060364277163485,647.0602395378178,0,3
0.6984059844698511,1450.6145985096255,0,3
0.1774707663226625,1349.3764689128636,1,2
0.15201920668664626,533.0103498647935,0,3
0.8980955586025042,3065.372967179552,0,3
0.2132069581194007,1153.8398892710452,0,3
0.1684207894884745,1096.6247434272318,1,2
0.11343470257716273,304.3772897742381,1,1
0.3685356902115414,1196.3367990701217,0,3
0.25430935745556993,1378.7406273027011,1,1
0.3236234693728989,1727.669998408288,1,2
0.555274912534807,1935.895200388014,0,3
0.13433623656736227,279.67324465378937,1,2
0.046574716036667414,148.2715083044601,1,1
0.27574253822056694,2078.830292321053,1,2
0.6615879783845052,2610.2380334542036,0,3
0.45503626670702296,2165.244935361551,1,2
0.3047665007533946,2587.113226588235,1,2
0.1167666094542457,883.1253072361433,1,2
0.6559759732576992,2211.7662961107617,1,2
0.1890290997442122,444.5197608248914,1,2
0.8610089364619649,1785.5200892615007,1,2
0.4736729772893982,1820.1044405533423,1,2
0.17965092079137102,816.0783068394156,1,2
0.47787887395065815,1001.4837165296104,0,3
0.21425858749079582,746.1562102093985,1,2
0.11116913306452271,1035.3338057373653,0,3
0.08979821081472691,376.8691576468744,1,2
0.247885737219958,797.7388473497721,1,2
0.008993243956556289,69.39356694189975,0,2
0.43500747149401925,1977.5996737885011,1,2
0.36663596813626714,1517.9748081662106,0,3
0.36986224287733876,1482.7210262894228,1,2
0.38129096791856615,2635.216236708451,0,3
0.8112946083966026,1901.3662847123671,1,2
0.1468455603592346,479.80121873618407,0,3
1.0768385818744979,3255.9027787434284,0,3
0.022252941166572202,137.524893969767,1,2
0.15832232342746386,339.8430406123406,0,3
0.49729288974144525,1471.06368321729,1,2
0.7525563138399136,2535.84416501018,1,2
0.11200594172740509,432.7260296432132,0,3
1.1162777141323947,2459.1477512398706,0,3
0.4451045226301125,2113.52140550863,1,1
0.3429715635965838,694.2639871234522,1,2
0.6451147436764687,2054.2778687497594,0,3
0.12137646118679875,451.2439995772185,1,2
0.13651068332438263,1001.9652705983403,1,2
0.5770871297467574,2054.8341842588884,0,3
0.41051731852609824,3016.1578333661787,1,2
0.026883084698592703,99.91960287547894,1,1
0.09289305374967591,865.2023933881757,0,3
0.26696230770591706,943.4881593264843,1,2
0.10824514143311538,610.5490169774381,0,3
0.12080085401214533,789.064805849211,1,2
0.26179663457124897,524.6205783713175,1,1
0.36261602760666817,733.6779559272286,1,2
0.014024103069147488,119.71680197933327,0,3
0.35220801102012916,869.0198262814123,1,2
0.3571850845443369,744.5916320720507,1,2
0.4858941434892093,1324.3983753348539,1,2
0.26974421115219743,1479.08256435572,0,3
0.023405267929326158,132.29369659015393,1,2
0.2009524916916657,956.9009541559456,1,2
0.12038764787486637,415.4923832432409,0,3
0.6563617475101673,2335.503011551504,0,3
0.3522057550700971,1005.7014108566141,1,2
0.504603508517162,1521.3987675569106,1,2
0.21182430312197617,881.4909080060248,0,3
0.09360450480898755,270.16072067812524,1,2
0.5068359949416216,2410.2436032015607,1,2
0.8513125323323208,2099.7883799718975,0,3
0.925391008503348,1864.3591423694406,1,2
0.1253022799440197,469.5332524234911,1,2
0.902777789597723,2141.655138778172,1,2
1.1643256748483435,3756.3973781443187,1,2
0.3943936002552659,1331.8149472499065,1,2
0.4704438748042224,1932.8790505930513,1,2
0.24944272807980222,867.7144986277249,1,2
0.44783439194389074,2550.84395393482,1,2
0.4395636691661276,880.3901043420593,1,1
0.5528228802056917,2054.175238550933,1,2
0.22521439601333343,772.3085659983449,0,3
0.10519085085507218,647.9210618076196,0,3
0.5072884995878283,1334.9091506102777,1,2
1.1040990031055518,3319.6807362814757,1,2
0.2072946148976411,1682.9932136414632,0,3
0.30438383963698545,1986.7317198771989,0,3
0.03655603001099949,272.1500081502777,1,2
0.0843072947609274,176.07413627335313,1,2
0.15201386105390202,1332.0129017150034,1,2
0.4283644118775606,2380.8852275493846,1,2
0.39701012369856287,2158.4950579680904,1,2
0.03629078695182621,309.7481308838018,1,2
0.23977374431893952,821.8769782197504,0,3
0.3615638025404975,1339.9023198075638,1,1
0.5075904425218145,1538.1888054937217,0,3
0.3329240287576325,1776.2350029694885,1,2
0.27078867647033866,1647.0230261466156,1,2
0.343636620455528,1167.4462790239031,0,3
0.5121672490187303,2779.10215080926,1,2
0.18949232514467887,1247.9328508566923,0,3
0.1214207614373799,447.497875711203,0,3
0.07551972522609725,359.823233550676,1,2
0.017336630787291855,54.64217427805753,0,2
0.2599470064995715,610.3887086786469,1,2
0.679229583042818,2191.954835094132,1,2
0.8456149688589445,2266.6972806640474,1,2
0.17899076842381656,429.030586399083,0,3
0.6461927608472818,2236.019354474561,1,2
0.2908073457501221,1767.6580973129412,1,2
0.24540789207266994,1306.407509951146,1,1
0.39322609039897494,1324.499413705656,1,2
0.2621927142601235,1030.5130270778698,1,2
0.631175779410833,1660.3727984416328,1,2
0.03629900944029124,85.32114883239902,1,1
1.0534001208006667,3397.497180856318,1,2
0.4534644518350097,1861.169035074201,1,2
0.024712125829310802,88.61359218269986,0,2
0.1740742919968228,623.5237764701047,0,3
0.17858998826129655,1307.0921605214874,1,2
0.038198427063400056,252.15310522949457,1,2
0.15868627730879553,1555.181618367067,1,2
0.3019382342025821,1122.7814573936264,1,2
0.45125604639955175,1225.7422504154456,1,1
0.5799531632573534,1201.0730521061835,1,2
0.9431008144951795,1979.3878596689765,0,3
0.508967659107145,1466.336189443597,0,3
0.6375486898526947,1583.97935955366,0,3
0.2509237133814405,755.3475027643809,0,3
0.5517971169725063,1461.816377731165,0,3
0.2717473240920358,667.8039770068534,1,2
0.04357329972745143,145.81446649034206,1,2
0.3802854929316408,1024.636715535442,0,3
0.24358927777475353,1356.9426833797766,1,2
0.8823937525362308,1771.1276556554656,1,2
0.2411638100086047,1341.4519242976346,1,2
0.9846015985851776,2058.564841618265,0,3
0.1370994854631941,756.5975882653114,0,3
0.13076452529201507,623.7271221485984,1,2
0.5599069301085261,2323.9811812522457,0,3
1.0447593536024204,2174.0755233549535,0,3
0.0972403050152836,369.141231814384,0,3
0.927771027565317,3003.494494971563,0,3
0.40022949672119906,819.4225801479782,1,2
0.4789825065917076,1140.2227863706562,1,2
0.883782952546864,2107.9691851853254,0,3
0.2113819955787181,719.7274002906719,1,2
0.05407185269304345,173.01450259048937,1,2
0.22555880931016714,1702.4185368812043,1,2
0.547467506966728,1777.1369526240908,0,3
0.9751411500823454,1957.5803939844016,1,2
0.043716846256826924,379.4229918253546,1,2
0.10473846344553317,333.05621853122966,1,2
0.6446411602257937,1542.8003856722457,0,3
0.8715924565429229,1764.5077843175704,0,3
0.4492327467295278,1582.8486079954735,1,2
0.8450882429610899,2007.3064528472191,1,2
0.06869957642491184,384.87530821840505,1,2
0.17357186875240554,1472.7635136206668,1,2
0.6720006353589364,1923.7353925703133,1,2
0.9118166360895217,1838.1069290317992,1,2
0.5157739235397745,1228.3874583505865,0,3
0.0379542327182202,232.60335483513296,1,2
0.46009991261826105,950.0409558250233,0,3
0.4006127433349211,1819.9996985685434,1,2
0.10241804609200021,347.04180487319087,1,2
0.4651827219319752,937.1129123944776,0,3
0.35966943112422145,3296.1962946618855,1,2
0.284399289847373,1179.5567268305872,1,2
0.3923946573292648,1569.4919301428681,1,2
0.4914398969647522,1821.5459432900757,1,2
0.2462300810875745,1863.1378588205487,0,3
0.1922850616982452,549.2900266756238,1,2
0.2891951781195267,1879.3202019242995,1,2
0.2494895328430118,2286.0067495869584,1,2
0.28690443117310505,2176.8367487760247,1,1
0.1096470677050554,225.92437057891644,0,3
0.4558365096065963,1604.9283287917197,1,2
0.4570994181121393,1704.7559107558116,0,3
0.1803843045395534,748.6190726726237,1,2
0.185618061729636,1367.5697006638738,0,3
0.949353776949071,2548.5673589467906,0,3
0.36324644497234615,1402.2254220854945,0,3
0.47706726777117725,1296.4801856333047,1,2
0.5599645188778919,1128.3883143560859,1,2
0.3442455575103618,2091.109065919331,1,2
0.24951574723988346,511.06115866425273,0,3
0.08216922155818018,224.84683404893246,1,2
0.10950185862309121,838.0233025107688,0,3
0.6130402431593114,1805.9924157782868,1,1
0.8667664020486753,2619.9632945801686,0,3
0.2537491280676561,827.3417224177246,0,3
0.4563894604413507,2771.927698749817,1,2
0.2108099004356872,1200.101669114835,1,2
0.1713724424551457,595.9466781311854,1,2
0.16742334600192077,1652.2738755427008,0,3
0.11381633376513034,347.883646156734,0,3
0.9058635861924148,1882.3958027211795,0,3
0.4821362361905157,998.9850417393017,1,2
0.20042060848664922,1704.4468031390334,1,2
0.3822096561404387,944.1871184731529,0,3
0.28050510469496653,1500.3412253995743,0,3
0.21296930669203767,790.8268472273197,1,2
0.7381556789284947,1480.8578948540787,1,2
0.5055968651867504,1708.452215195694,1,2
0.33146223159140126,1231.381114342852,1,2
0.3712894514637048,1382.7674784032486,0,3
0.6039536590868614,1769.2371821737752,0,3
1.3883363923293326,3649.017194162936,1,1
0.5232399161373765,1859.283022909281,0,3
0.46778456176983924,2540.105960604155,1,2
0.7491471771085351,1510.690837581113,1,2
0.07659448601413582,579.5849577288486,1,2
0.05120146792831213,340.15684931212905,0,3
1.0540639085587713,2470.8376191686016,1,2
1.020812128486956,2684.430010919365,1,2
0.47493882333971876,1428.8238593100778,1,2
0.3298452005907711,785.0494064654748,0,3
0.10513349475713814,390.711154073161,1,2
0.5193407848970961,1752.0039182337175,1,2
0.03608242353515483,126.18191749816101,1,2
0.12126328530044184,564.4622199812758,0,3
0.9032151190509736,2567.8506650866816,1,2
0.6550572996279069,2678.161227099214,1,2
0.37371845800641973,982.4449887783535,1,1
0.3412294562052306,968.6232563117097,1,1
0.1521565645843389,399.084912581977,1,2
0.45472470445000246,1384.914582127758,0,3
0.8334672711361197,1836.3948270092815,0,3
1.4581168272610774,3287.059415146133,0,3
0.3868778438512202,1205.3679240706172,1,2
0.14084592855560088,459.9896711604022,1,2
0.3052551649109635,645.5407758545579,0,3
0.19029809629255695,1809.6067492789987,1,2
0.46535615327920243,1251.5448682566928,1,2
1.2911396747546406,2662.014469232166,0,3
0.19367672045266168,1775.1452645599284,1,2
0.5363778080800538,1366.7563976934364,1,2
0.26024772158664444,1499.0033925032426,1,2
0.6465013912138744,2101.2325625347835,1,2
1.0643357894263952,2341.0339031579324,0,3
0.17508896393435877,786.7090668514082,1,2
0.5473927698754585,1182.1657096915083,1,2
0.013752394347404908,114.46281135944251,1,2
0.07216097293513749,583.7019965365477,0,3
0.4436293449762036,981.5648731285235,0,3
0.1486226494702263,1414.0076366722851,1,2
0.18048926818245,1137.9216214221312,1,2
0.14440819412212072,1194.7791464022462,1,2
0.24564945821427425,526.2109866712797,0,3
0.3819438591757245,994.7610093925009,1,2
0.21910221087591486,570.6705375910809,1,1
0.036611750669491884,224.5845820308149,1,2
0.766755656994868,2090.7001240749396,0,3
0.21966846443460358,1264.5892544512265,1,2
0.5733508351833446,1783.7880190408835,1,2
0.6683640768438925,1788.822366737751,0,3
0.5768841726745514,1830.3985639298016,1,1
0.2770660904619766,1746.5237624372141,1,2
0.26345057114224085,628.6744068090101,1,2
0.7177538633925833,2019.4784913852754,0,3
0.15781882964188174,419.1456057522243,1,2
0.08665637982213532,685.212434296692,1,2
0.47768929800845655,1951.922179089434,1,2
0.05958342869405304,481.30381257654483,1,2
1.1477615144438327,2364.6600068946846,1,2
0.08192302958471227,631.5123999649234,0,3
0.8623306139972097,2160.590169812933,1,2
0.04134387417671786,188.75796791505567,1,1
0.05727830947664466,192.049754864861,0,3
0.0683301640104506,182.74136175194985,0,3
0.9313623637212768,2652.812362993907,0,3
0.20762733557884672,935.6714471088145,1,2
0.008003456712253774,68.23981792762945,0,2
0.4388230199501784,894.7988700471726,1,2
0.5567370859070643,3376.6048017974476,1,2
0.2956717794268686,1705.3884187103981,1,2
0.47403223227810015,988.1824797940358,0,3
0.8370394272023937,2457.3846296325723,1,2
0.8226357014371648,2179.8245113253,1,2
1.1456669533820392,2389.7074592177596,1,2
0.016443875385031993,141.15267513872212,1,2
0.5147602261732127,1629.1229978192807,0,3
0.6871535424293372,2082.0493601112794,1,1
0.8702304478327834,2223.2428338074087,1,2
0.08116808842625607,730.5626885053258,1,2
0.6228953340150694,1297.231453556748,1,2
0.6170469805194345,1332.0248484873846,1,2
0.6277043864623049,1376.7633681754862,1,2
0.409117119982695,1102.7617124701064,1,2
0.8431509600551422,2554.907310787871,1,1
0.12784186177159113,1254.02723183345,1,2
0.4208232927244844,913.6007502096988,0,3
0.4666413334529507,2103.995603742355,0,3
0.6830679962835474,2751.9514104898144,1,2
0.9713857682759768,3051.7803531067116,1,2
0.4896837192236526,1400.3499116696914,0,3
0.12984659536601298,1099.425971152374,0,3
0.3865958904599924,1102.2425237780762,0,3
0.3852589449499369,796.9418838491589,1,2
0.4533022983281947,1861.9624734612898,0,3
0.38249567367450565,842.5215732079071,0,3
0.6109486606414186,2309.8505470011187,1,2
0.18873518856134583,1797.4468074740475,1,2
0.04341799944459739,425.50258626721245,0,3
0.0511444983157445,113.08511105199109,1,2
0.6327335568800827,1648.669214455672,1,2
0.4344390015555519,2637.2619227115106,1,2
0.021122430770319185,49.68771616949922,0,2
1.353906248432617,3043.5696043711114,1,2
0.25274450475684734,2088.692474595346,1,2
0.183536257015418,1538.9367686671553,1,2
0.4582085065667838,2892.049138144214,0,3
0.19786272703936775,416.8954492959783,0,3
0.3671532465247413,1145.4761150007826,1,2
0.2937400669522216,1398.7658950237408,1,2
0.8437200913399183,2302.161588840876,0,3
0.12067995259562093,387.4893225686757,1,2
0.16991454530814823,360.47283363369763,0,3
0.3345964002487597,838.6259970214707,0,3
0.6745370743017756,1718.3446016435505,1,2
0.44835241780712537,1206.02432067519,1,2
0.05258737846693426,277.58018923516204,1,2
0.5196669657012722,1139.9241007791525,1,2
0.357531742404125,1003.913646708361,1,2
0.37179982083889956,3341.334815216601,1,2
0.1772808377579063,944.7495184377269,0,3
0.4173962910172745,1101.1169255484003,1,2
0.16305994911071847,709.7350598644624,1,1
0.2161177827687072,2064.1115710600493,0,3
0.2570706031881236,2318.8123173845156,0,3
0.5737881399787689,1867.600116528931,0,3
0.6487131057474335,1425.7722544159474,1,2
0.4289817169394632,927.8658446358171,1,2
0.23774255492424368,1873.7798849317594,1,2
0.07530598020758712,205.9520464658944,1,2
0.5377930003133745,1485.111087924757,1,2
0.15324494880973136,1378.10853583175,1,2
0.2494764672864239,1007.205486186342,1,2
0.695335181213909,2841.9958617767384,1,2
0.3585237682976517,3220.0218928842105,1,2
0.04691152524598396,230.21103215030558,0,3
0.7323610615172214,2772.5423372784803,0,3
0.1504926451018938,1124.1030763992167,1,2
0.35686825326800925,1123.1368999862098,1,2
0.18739365187246773,403.8523750396827,1,2
0.9677571027815636,2430.0704362228316,0,3
0.7160725130006746,1772.7149942275328,1,2
0.5347430917833521,2022.9631217501822,1,2
0.34894221842290174,773.8670028806546,0,3
0.33943119331999944,2540.3107839591416,0,3
0.7409606140635373,1961.4444508273377,1,2
0.2525574233144816,1305.7869744389855,0,3
0.822810088699635,2201.73373751769,1,2
1.0729506423638135,2234.8101731593993,1,2
0.07261421128083888,192.7626329172469,0,3
0.1160372560132408,1075.9758762793438,0,3
0.8862329468915163,2384.4249797044117,1,2
0.11155087476769777,922.5413782069669,1,2
0.1681730764398141,1270.3094340966948,0,3
0.3174713423054264,1826.1790560002357,1,1
1.5950594809383871,3586.643220819103,1,2
0.02116010449033381,58.96764958125613,0,2
0.8034395535699027,1685.814555999017,0,3
0.18067959664987446,1515.0432755801214,1,2
0.4349562924718903,2224.2517806949836,1,2
0.1935794155670332,923.7259051897521,1,2
0.3223863813963322,1856.590345643968,1,2
0.21344563705934316,1509.7699339276849,0,3
0.22121980372712255,2104.8242548365774,1,2
0.13553118778714987,306.9090934727648,1,2
0.27104512038054573,674.8261155869667,1,2
0.4654769036050373,1765.9600559208523,0,3
0.4040227128958668,820.5819429673778,1,2
0.8674396046256377,2558.1737346304976,0,3
0.754203318992832,2155.366009495419,0,3
0.9508914418354883,1938.7434362373936,0,3
0.3377341380172183,898.6858679995642,0,3
0.0441515425403826,111.35622590741359,0,3
0.8845590827150476,2085.6791384365074,1,2
0.2998209705291549,663.5257591777432,0,3
0.056560837857827624,233.24069026281566,1,2
0.08474161962023663,385.0684975887039,1,2
0.5259232130147827,1375.8251839721781,0,3
0.4621142190542728,1290.3905729272337,0,3
0.3529398312912812,980.1040749378673,0,3
0.012271040701392613,86.64125527639591,1,1
0.05069475524118526,195.42897854234272,1,2
0.22108441601262088,1139.563240794029,0,3
0.1608753684541617,445.8431284501428,1,2
0.23465417698796967,755.314493999117,0,3
0.30529397368256644,1859.4948938569155,0,3
0.8287338929882707,2051.6234426943734,1,2
0.06429156190501079,177.08158909092944,0,3
0.8456350248387489,2275.9707752574136,0,3
0.4542969787792016,2161.7788733224074,1,2
0.07953447784456469,358.77915657003376,1,2
0.04536477866186746,105.4620159497571,1,2
0.27537140921171804,782.2390282054098,1,2
0.03937883379921953,102.20004149156021,0,3
0.3395183709112595,1085.6552099129296,0,3
0.3869693832524493,1979.509090987095,1,2
0.38960576684120024,1776.8719333673541,1,2
0.04465969696269986,120.18973776572642,1,2
0.06818695997110527,283.0706188338926,1,2
0.27551958897551937,814.3654649879727,0,3
0.249957340010606,1280.697047778124,1,2
0.9330279131466173,2025.4691612054803,0,3
0.877645998481817,1781.3440263994341,1,2
0.2013125324013237,1419.2840857201413,1,2
0.45031234610565574,1428.7432062195448,1,1
0.1663983502218595,447.44109152325194,0,3
0.3255402545667357,957.5141871284808,1,2
0.44792740558899247,2823.0554386126764,1,2
0.7925563406896925,2026.9288747263902,0,3
0.16988552024891382,856.6340518231943,1,1
0.511833736610864,1611.869209479499,0,3
0.5528082695134697,1445.3331696498578,0,3
0.6495790688297312,2062.1616910355315,1,2
1.0377176681521487,2816.052414088564,1,2
0.5418109835829688,3424.0098022887114,0,3
0.07245087987290788,652.4370432329406,1,2
0.7441317361081454,1992.061846705889,1,2
0.36635445196339583,1683.3331543235186,0,3
0.09302641111264152,442.1780615026019,1,1
0.014058125761380926,114.44925317922561,0,3
0.3178151279834214,1513.0631145682878,1,2
0.831435432292205,2622.417970899692,0,3
0.13926989457591876,882.1062992689976,0,3
0.702955674532977,2188.5539043747526,1,2
0.11078217887281183,1063.1012622566989,0,3
0.06337917844995399,177.575595205566,0,3
0.12611963026940626,1167.047165008038,0,3
0.30597983572103565,806.9600326345462,0,3
0.6006062003018937,1319.209472038289,1,2
0.2878423527577968,601.4676272551158,1,2
0.4498583598144365,1150.3846500815926,1,2
0.1400534381872101,1345.2775468948198,0,3
0.6361638417335581,2577.2194203825234,0,3
0.14570666841000057,745.5627267473603,1,2
1.1310260854049743,2451.4171746248594,0,3
0.24181181830657034,2371.2231630224182,1,2
0.6255252307878792,1630.7621779983767,1,2
0.20723533715333436,2030.8243074241013,1,2
0.9842270464469661,2124.401055614115,1,2
0.08497067841327152,599.2776354112641,1,2
1.0584831256196614,2655.2472808730563,0,3
0.2815897318038049,1783.416827452315,0,3
0.4266598513230816,1330.1620122896816,1,2
0.06776876427899521,138.56814859255155,1,2
0.014412953964621425,140.97061885252114,1,2
0.8197074596197845,2094.053912306052,0,3
0.4846654618389393,3057.043446407982,0,3
1.302130412403826,2854.141037776821,1,2
0.48458496363758924,1162.617699367622,0,3
0.22119830565127607,620.4493141445968,1,2
0.5099378986611885,2326.40841806518,1,2
0.3588952066134837,3008.8138771713016,1,2
0.04747924640486251,392.22175009397074,1,1
0.553225716826295,1679.5432406234577,1,2
0.13523840102649967,1116.8097911905681,1,1
0.7681031266426515,2046.7228009766293,1,2
0.22110547779673725,567.3914640319659,1,2
0.7275714143762299,1853.9395969970717,1,2
1.025027757863671,2829.232270089238,1,2
0.06979907330803109,587.0731861863577,0,3
0.7417577649009758,1545.5341784340844,1,2
0.3645259389505875,784.3719995849633,1,2
0.1094150217917218,986.9076135248504,1,2
0.2941973359929657,1206.5908504028455,0,3
0.9674885931316242,2122.107720168687,1,2
0.4906515779422812,1559.1394023778776,1,2
0.12468297568199531,1034.8660917915674,1,2
0.2679974631258434,1097.5670456343232,1,2
0.013552687239002796,95.9914983746915,1,1
0.6991243004223019,1870.5100733976258,0,3
0.05749233757110557,155.13416440408116,1,2
0.08459562543501532,223.02349652269376,0,3
0.7232093222789476,2066.7948381611996,0,3
0.9693680190434478,2478.717968687774,1,2
0.05143785343577627,124.42521814195861,0,3
0.34312862286495616,786.1104653140899,0,3
0.09552481140631588,307.3884826187418,1,2
0.41361456374947114,1289.4130384438658,1,2
0.31112978728667545,741.9533888818416,1,2
0.466607054151036,1897.9451487073975,0,3
0.7304113858698577,1833.0257224665158,1,2
0.14815689649451486,1358.5970945445151,1,2
0.14027911712647212,997.7006202793413,0,3
0.029531142135662415,158.00548532684962,1,2
0.7709314631403074,1566.3789227916834,1,2
0.19790872609722612,805.2212155734674,0,3
0.05286461042868494,271.28242315169865,1,2
0.35663409969383847,1870.3234213736916,1,1
0.14271186615207757,341.74664842320556,1,2
0.5389290304499987,1425.6378343013237,0,3
0.4055848844645103,964.9922152475726,0,3
0.07610654172323225,691.6385141433271,0,3
0.5085347004332701,1114.794013733482,1,1
0.20306065124413378,1677.5687069057165,1,2
0.06004560606403031,138.42896608122456,1,2
0.3017108591289471,2253.1340499828493,1,2
0.33135113371063685,1911.3503325343424,0,3
0.03372405107971513,328.83028416590207,0,3
0.8158490898641704,1763.855854851276,0,3
0.08358765661885087,514.182734791539,0,3
0.14141187856146667,672.3861127582231,1,2
0.1793821212443988,1360.2850015570368,1,2
0.21420109081054453,975.5291583323161,1,1
0.23260341503961568,653.2291597400474,1,2
0.16761991173457524,472.04319081985886,1,2
0.1384004361797113,1159.4086596338182,1,1
0.24736544864560436,661.3094507253987,0,3
0.06593226079402872,539.0545835977676,0,3
0.7920693052625761,2403.5989208817405,1,2
0.4687150626563263,2395.6192925143405,1,2
0.34263473027218305,973.6633788293834,1,2
0.6725429896354984,2933.698885003406,0,3
0.49409198013419214,1086.1396401272966,1,2
0.5004892592211383,1081.7148727956928,1,2
1.0570550691094789,2326.40276054115,0,3
0.03454846792774302,292.11925004515024,1,2
0.23928962254824018,1818.0635238895875,0,3
0.1575653014417784,426.7632922758612,0,3
0.3356736842507472,1520.7370259263291,0,3
0.5771238702931913,1518.403809505193,1,2
0.14153255986669258,290.6173296805511,1,2
1.1094635103840156,2781.5189011429316,1,2
0.12171450394280123,639.033397696656,1,2
0.5178231678819055,1370.0591354146825,1,1
0.13875095741501256,375.7061292073551,0,3
0.9460438474418432,2071.040504980058,1,1
0.3529402039360631,797.3836237171794,0,3
0.37719613162851884,890.5307160352535,1,2
0.21954268620433132,1382.080624604264,1,1
1.2675807999494313,2650.3620758353354,0,3
0.18080765421703385,1720.1011326468697,1,2
0.8635021723041453,1867.039551457796,0,3
0.541498880113839,1377.0008963485375,1,1
0.19871061475381288,521.4579459775206,1,2
0.03233233063160029,114.49313032225118,0,3
0.29427696098349587,1185.761616620746,1,2
0.10893492139199314,294.1944985526684,1,2
0.32912360254608125,1345.7334293152064,1,2
0.5796146421020171,2343.2306420347195,1,2
0.2916378972376091,1490.6264269536814,1,2
0.24551235981482497,669.2128792331711,0,3
0.36205174622023906,2992.232668558355,1,2
0.30738987387727457,1469.7537757123682,0,3
0.9602038628727924,3014.0751980539167,1,2
0.181582863243924,735.3052423978623,1,2
0.5915991920300919,1590.727628148975,0,3
0.03519526045947994,159.8490564919193,1,2
0.33387076129844356,890.1786036072327,1,2
0.32271436103030343,1410.6376480684394,0,3
0.03218628895909258,110.86862045030897,0,3
0.3415790756786846,899.7269409788133,1,2
0.294089959749397,2473.886232412889,0,3
0.1802111666353386,810.5160194505794,1,2
0.6006012646511218,1318.44986548277,1,2
0.09489962008451465,798.1323685380339,1,2
0.14904865258776084,760.3412171071014,0,3
0.428167676487927,1134.756860548301,1,2
0.6286127179535668,1763.326575176228,1,2
0.25606415377914604,718.3521015305769,0,3
0.8020184826361834,1888.4428537341628,1,2
0.26119240610273103,1064.9547003666678,0,3
0.08649158903511606,614.6177997335553,0,3
0.8417802473810736,1922.6491773147454,1,2
0.2724605811869093,767.1281989942063,1,2
0.7017276202929259,1787.3535853791861,1,2
0.23347716968454735,1935.6985356975088,0,3
0.16888064946206138,892.3591848435731,0,3
0.5657617376042213,1522.32259605214,0,3
0.6105034312338172,1271.9625077393168,1,2
0.5027715707329635,1343.5607876916679,0,3
0.1691210076991495,454.8703061202213,0,3
0.281123208273173,755.8267095893432,0,3
0.6650168652592868,1870.846577697906,0,3
0.07281943574213161,655.4696816775813,1,2
0.4002172788418978,1798.1565437940014,1,2
0.2534582045114702,1538.8728225861335,1,2
0.21869517627735613,2003.7233086523752,1,2
0.1870489247747105,1087.646198001514,0,3
0.37180327406010993,1618.358791340922,1,1
1.284803252409449,3647.7789326442253,1,2
0.37207277703857894,850.6877498205885,1,2
0.2296405522222979,1391.8343152120767,1,1
0.7493357499772604,1575.364843556091,1,2
0.2453945827542014,1556.5545570280187,0,3
0.08732196802504749,838.6043875693193,0,3
1.002542996502182,2482.4120747238085,1,2
0.6826362171467355,2758.4610679767966,1,2
0.43310668021673926,2182.6646503319785,1,1
0.1536046463014066,1387.9453018977003,0,3
0.536964462044704,1464.1937199252473,0,3
0.035578562793185706,207.29967698911102,1,2
0.3209218238083958,1529.2561828810824,0,3
0.109525936454463,921.2366777766225,1,2
0.1363110896888156,296.6388615876933,1,2
0.22853061510174869,1442.9191038604336,0,3
0.3063456759731069,940.716214806036,0,3
0.4615304826954863,1013.4741694098846,1,2
0.21625839856055676,1706.2391130266196,1,2
0.3622918351374231,1732.137594664339,0,3
0.29292704271436987,2188.7387601911128,1,2
0.4959673759383615,1091.5909496379336,0,3
0.12342730583803072,279.9162315729332,1,2
0.38695261280350984,1111.1116822951074,0,3
0.22642852526752083,1142.6098842198876,1,2
0.21282802472015963,513.5109099975067,0,3
0.49228456929906705,1297.2275588890993,1,2
0.6510988151544755,2837.2796741623843,0,3
0.17046136512148727,446.6026819504779,1,2
0.6142553880721338,1952.1095823860853,1,2
0.5588072634573263,1232.5176240505277,0,3
0.6569113518279726,1784.9094693967093,0,3
0.3859176441966408,1841.0852905193467,0,3
0.5299654374058997,1140.825972131401,1,2
0.36303921490109203,1188.0649647877226,0,3
0.12781009386720807,333.03320788207844,1,1
0.08084057185990462,780.824112496426,0,3
0.5112061861091568,1606.588526474674,1,2
0.31313426652094617,2207.261201577191,1,2
0.6211242093451783,1748.4285438648544,0,3
1.2565395217266422,3409.5739220134446,1,2
0.31797657568589904,2626.119802944613,1,2
0.8270906051980123,2350.114044599746,1,2
0.30739383458388636,787.243397869459,1,2
0.3693903229156093,844.7859566047853,1,2
0.10646753759665693,975.6641668266861,1,2
0.13365947083478238,694.1541713190772,0,3
0.17921656694552207,1612.3112205633975,1,2
0.36742705813761894,808.2258266346628,1,2
1.279155860906487,2633.3581353346367,1,2
0.036755266792373474,371.6417835466126,0,3
0.3212066413606505,1024.6251348281335,0,3
0.17308455030367056,463.96522413642526,1,2
0.4039299718794059,1027.0819748734846,1,1
0.72288059020614,1959.251742546694,1,1
0.46574375542256724,1470.115211041629,0,3
0.7619288091080246,1639.795578108172,1,2
0.4620530829961093,2199.1893831221405,0,3
1.0221501367544263,2530.847739161512,1,2
0.13854103457288106,627.4572600325096,0,3
0.42072040679434863,1179.2612221924876,1,2
0.24166250635428335,977.8488985790375,1,2
0.2299203899729618,613.120456324506,0,3
0.5265939237761391,3192.824384366056,1,2
1.189785546522597,2486.9475498680667,0,3
0.15460531094989058,1469.957120117924,1,2
0.09408973581021088,765.6702233569692,0,3
0.41381994124924076,1692.6961418629342,1,2
0.8413846863988586,1846.7744643480194,1,2
0.9435691211066066,2498.096325536368,1,2
1.1976870650118192,2491.9648592388858,1,2
1.5102934266026438,3408.001270828759,0,3
0.5098152436165431,1146.8137532052244,1,2
0.163071547640956,659.070170471997,1,1
0.16641306373923997,839.7030018543674,1,2
0.12781347898712236,1085.7239909817242,0,3
0.6705683305506148,2708.8372152822967,1,2
0.13324308129597592,1117.9044979099556,1,2
0.2377984154851316,1209.7824081455294,0,3
0.6355622526214817,1627.6996027988944,1,2
0.8129361376878818,2013.9641140784415,1,2
1.6391555155387663,3689.5229454103896,0,3
0.17464305951299897,467.4805807486286,1,2
0.31433399515340377,753.3681244944221,0,3
0.39194557281073333,2925.6143073201606,1,1
0.6877613846081356,1954.806102411857,1,2
0.5854801222738895,1263.742255479263,1,2
0.1662689951932836,466.4631547027808,0,3
0.1721923293424969,382.14987073950914,0,3
0.2998507371920584,783.4759645306239,1,2
0.7641445660880904,2047.5474655783344,1,2
0.5199155054715691,1479.2643974457826,1,2
1.3488634492211502,3379.323017817534,1,2
0.8261215529846629,3120.7537953903893,1,2
0.4521666162178819,1121.2413848677327,1,2
0.40842994004280286,1077.023002535733,1,2
0.04751635924018752,182.22023392179864,1,2
0.17049382622060907,448.2032466742721,1,2
0.7059758250608427,2197.182285764856,1,2
0.02614474121228411,204.6236541524126,0,3
0.20835613114874493,595.1329904918889,1,2
0.3453202379967107,1817.4187818315354,0,3
0.10067884748650031,510.20152302212983,1,2
0.7199345322134905,1893.3062262502146,1,2
0.401201828659953,1519.1344574030566,0,3
1.187263638125897,2713.194215560243,1,2
0.4320393555150337,1103.0595216091153,0,3
0.03524509507933065,319.1203221989372,1,2
0.10142157811001867,762.6910078049111,0,3
0.6952984248707916,2800.294485021393,1,2
0.18369872446016086,557.463005305608,1,2
0.1637945175578185,1227.3837603717202,1,2
1.3414657529762641,2948.7420548160485,0,3
0.09869692207881708,277.72265642005584,0,3
0.5168048426938785,1098.3520318831327,0,3
0.6301333613057643,1649.1450717178316,0,3
0.46346604449608514,2918.783693702882,1,2
0.3536983450853219,736.0768114656822,1,2
0.4715324128554018,2411.1097751031057,1,2
0.8328039421382969,1986.0593736378844,1,2
1.076458880753193,2271.212283469882,0,3
0.5440228207975996,3305.4802734924956,0,3
0.5915094669143041,1635.443703988226,1,2
0.272815084269273,1228.412612625313,1,2
0.2550893648933448,1053.314963506348,0,3
0.216499573401105,1743.7910129432603,0,3
0.2573947447362914,623.6970158121779,0,3
0.0626887053540913,468.5590560895213,1,1
0.9031328490780842,1834.1864905931059,1,2
0.22062636760577287,2109.422729375329,0,3
0.14882812572504456,1193.2667378330138,1,2
0.08106684317270045,169.24056921368148,1,2
0.28019545407726426,663.7836000725753,1,2
0.9790075042347417,2656.8400660934135,1,2
0.395665766082541,1803.59867380232,1,2
0.6876244009235098,1396.396704691158,1,2
0.025740619211247467,182.2245299898956,1,2
0.21339275205424482,862.5580372647532,1,2
0.03510351490941237,235.504020570821,0,3
0.537772152308477,1692.0280548415476,1,2
0.06798211509692255,224.06701662854675,0,3
0.04838534051857027,116.95291520063284,1,2
0.8120183263648613,2464.5258790703147,1,2
0.11725428782437695,384.49537130248706,1,2
0.20055302407744452,1428.8198293057903,0,3
0.24027529627754882,595.6170225759496,1,2
0.5802518167728956,2371.981815818067,1,2
0.07276288510547758,305.9593895812533,0,3
0.16017719807346997,924.0289874011189,1,2
0.18896841910198645,1561.8281221783031,1,2
0.24313002097103095,2185.157070115122,1,2
0.0676536544533655,185.10563242732132,0,3
0.03099167355120797,111.14184507658304,0,3
0.9747833814988099,2584.1806896096527,1,2
0.13481955457076128,301.0597440538864,1,2
0.06071807770695494,564.4607357821154,0,3
0.3873854159631278,838.8892364150149,1,2
0.17498828523297127,504.90073789775533,0,3
0.008931294921226398,75.49053724670854,1,1
0.034238105547803925,99.6972996991867,0,3
0.32534028903194284,1673.1970472859268,0,3
0.9087701081157769,2408.2013919549054,1,2
0.7791142134407709,1594.5062654867936,0,3
0.03325938044792665,71.84190781326002,0,2
0.15537681021988245,337.2720668014698,1,2
0.6676119907176601,2906.8877266855598,1,2
0.28729646280998955,885.0893035647963,0,3
0.12686103912638072,1256.1033955674336,0,3
0.7776208356862989,2209.18772090079,1,2
0.13375927026101084,343.10654441693094,1,2
0.07885189565436432,732.3952683990785,0,3
0.14132145969761212,435.38073144693715,0,3
0.03365854838983603,288.49118860294783,0,3
0.2863399458865365,817.1238155134687,1,2
0.8527290155230505,2283.2100566481236,1,2
0.11942964233552386,331.57236207431134,1,2
0.5760824706557852,1645.361744634338,0,3
0.3396872418848303,2392.384197055502,1,2
0.20325994312026938,914.1367927185083,1,2
0.22897820277823752,753.5957424866803,0,3
0.2473682617505727,1178.4726624376299,1,2
0.055312164271817496,212.63191434191805,1,2
1.0806538977572997,2707.445727117337,1,2
1.177547430322814,2694.966492783525,0,3
0.2689701724460444,603.6217574900064,0,3
0.8914316697570193,2708.1099380829496,0,3
1.340804166878974,3373.4066663120398,0,3
0.17435045978317065,1401.1224659088339,1,2
0.03323286673634899,75.62321356101441,0,2
0.8630609363361628,1807.3142353174935,0,3
1.385498888816996,2886.7903503262037,0,3
0.19173794325836818,1881.7882337031606,0,3
0.07892309128733561,711.5856763269517,1,2
0.36478986093283083,1492.2257431870564,1,2
0.36678287685967464,1647.981941447998,1,2
0.5900909366340074,1675.1909333214398,1,2
0.5489805473701683,2251.9549904640085,0,3
0.39743650118464224,1057.704537179136,1,2
0.5972529554612458,1255.8661707543938,1,2
1.125394438357393,3196.2614860102635,1,2
0.2345700873983669,2154.108335516118,0,3
0.024601031117412533,200.21371925568945,1,2
0.14387544593874207,465.4075433978614,0,3
0.07801021366507643,218.04378087811554,0,3
0.4382664325055281,1108.0386453828448,0,3
0.2203910681584311,1676.114476936801,0,3
0.44742511129254947,2011.458409839278,1,2
0.3290851603788885,998.1190088343135,1,2
0.3131973008268931,689.2335422995474,1,2
0.3811895360376928,1713.3840782773195,1,2
0.644971550936642,2807.333429824482,1,2
0.13296545986761407,1317.8624753892861,0,3
0.17567007166818216,498.4767413232717,0,3
0.9527385671778145,1934.749859781711,1,2
0.5237261355190205,1396.3551759563009,1,2
0.02729433158904791,140.5089710828998,1,2
0.6093570500242127,2663.9393071267223,0,3
0.3087020705071909,970.4574768567101,1,2
0.9582600241499619,2100.863746024618,1,1
0.16814292147197404,1185.7104148494639,1,2
0.6491329648058383,1819.9259672752764,1,2
0.08071820956398748,478.61813543003524,0,3
0.24855115591594018,521.3030007849374,1,2
0.44981259565106896,1122.5034228584975,0,3
0.3565374346524498,2662.789937021593,1,2
0.8103599718261216,1685.9358771164686,1,2
0.6890019746897859,1956.0632593020453,1,2
0.22265786093416212,624.9307293317761,1,2
0.10182912917531958,489.04163614766765,0,3
0.5240804647939441,2387.6344401346123,1,2
0.0762878817968614,361.8271395469247,0,3
0.5606193789343747,1508.9316513475571,1,2
0.38183942814889976,3154.550618388919,1,2
0.21579342710156088,1811.6256885683656,1,2
0.5074475474413114,1349.9026894553047,1,1
0.14297543168927984,434.1501632179963,1,2
0.5367815830276943,1346.8846713372664,1,2
1.109613389486171,2543.309791669296,0,3
1.0352897832928236,2234.104623611966,1,2
0.47847441555453757,2083.418973985826,1,2
0.632684387850287,1692.932702650145,1,2
0.6381779518456947,1665.1812652073434,1,2
0.4545201069569989,1989.5893222460058,0,3
0.4941908418954202,1551.045346837206,1,2
0.4678962738978187,1372.7582600815256,1,2
0.2071968271520929,1908.4420503696024,0,3
0.34086878936857345,1788.9682603221129,1,2
0.7872933810842151,2136.3311330364713,1,2
0.2136905220868444,2037.9336272449818,0,3
0.8550059032421602,1851.5873960350543,0,3
0.9497000493850775,2051.2783336633715,0,3
1.241548221431173,2594.427219590824,0,3
0.5394808268222923,1695.5315511625288,1,2
0.4326006695672345,1040.651349979622,0,3
0.44188757328392325,2111.2496489681644,0,3
0.038968937925227064,116.07108609104533,0,3
0.09321652866213392,914.6200701038633,1,2
0.011541534760820937,107.2267438291591,1,2
0.3594426541525322,960.3750648765815,0,3
0.8282952928914896,1816.9140823551925,1,2
0.6576934447898306,2057.036161092385,0,3
0.6402955358405532,2786.9288516014426,1,2
1.1348642582406143,3222.597704062603,1,2
0.23490759648977766,2301.0576287097706,1,2
0.2998106109282878,743.1291982645239,1,2
0.5598869319660362,1568.3399154655801,1,1
1.2963590465773196,2842.3133724168297,1,2
0.903701355833795,1978.5797844896858,1,1
0.5713996077631373,1636.3095625791966,0,3
0.4334864656501172,1168.3135628287905,1,2
0.012941484918612448,79.94881332276677,0,3
0.1196225725111084,906.7661222494372,1,2
0.27316907754674224,1572.6503371441047,1,2
0.5889399936780092,1872.1775528609803,1,2
0.09981015087608967,578.725682915328,1,2
0.3447241598577316,906.2365816625874,1,1
0.4683376475818613,1459.0871899073327,1,2
0.4313168561789954,1765.854994883779,1,2
0.6718826676576249,2715.8205134567083,1,2
1.0567695633069223,2870.1481810579785,0,3
0.9924277305313957,2739.9987473541646,1,2
0.6097294121289369,1339.875370530077,1,2
0.3465306764039456,931.722482235936,1,2
0.7593535000405361,2024.0509316040382,1,2
0.05103189569867364,381.9305255020511,1,2
0.06415394893523046,143.2435681152626,1,2
0.32465356425893477,1637.6116391217483,1,2
0.9493925892537738,2620.78329845386,1,2
0.04113444967142995,229.37629449083857,0,3
0.2992554642727949,658.687588278433,1,2
0.7666099726868423,1611.7202565649798,1,2
0.8515383591449852,1926.6268270485696,0,3
0.2858115843137518,683.1356675641669,1,2
0.8850736415062129,2109.9268327851296,1,2
0.33929527548979804,2392.1223808817276,1,2
0.5175552154292758,1375.9188526685045,0,3
0.18621154324368613,1420.9801190088779,0,3
0.6265379238645871,1902.2555826127214,1,2
1.200405506886964,2629.232176564261,1,2
0.04050962197144821,389.74520066689723,1,2
0.6425008071673839,2088.6802109829355,1,2
0.5780443794476172,1553.0107887616182,0,3
0.24012712622551732,1996.8346617819575,0,3
0.8596860792050767,2130.6846843905564,1,2
0.11625701370569676,329.24251568474017,0,3
0.3383287197632069,993.3378419156957,1,2
0.2994073238295512,2508.746406625036,1,2
0.442144600776718,925.2029351109485,1,2
0.04145396205017055,118.3988777651581,1,2
0.32751553555115165,2308.388699535191,1,2
0.9887152908633475,2171.915711062304,1,2
0.2076690228597788,1905.1205078869946,0,3
0.15557037453793543,708.7601512103279,0,3
0.6051959793003453,1550.0629758651494,1,2
0.17235246236745475,548.5736711097542,1,2
0.263225588112726,2412.2661320568486,1,2
0.7092092211027041,2153.673993914607,1,2
0.4524692616871792,1144.9103477990432,0,3
0.3969567278223351,1049.796553517776,0,3
0.10581434274699779,503.66700153017763,1,2
0.3162990051459053,745.0953786034344,1,1
0.452027528192747,1194.001117842944,0,3
0.5771410335250596,1192.3828703914658,1,2
0.36544563837941885,3066.757024728625,0,3
0.5488818492810642,1210.1039389843581,0,3
0.3784183249857313,1530.5754170798555,1,2
0.42828757001663853,2168.5796060225275,0,3
0.1837707530745041,1551.9386156010303,0,3
0.7609945998308807,1984.3810149317644,1,2
0.0438353168179433,377.4059317909923,0,3
0.16326743451356943,671.2607337651979,1,2
0.17013254450191187,454.65593309305785,1,2
0.6432884600739649,1701.942660906937,1,1
0.3641156422548888,947.9536993957491,1,1
0.031292747145878284,86.79827748129999,0,2
0.14348159257165374,343.4507589696445,1,2
0.7000355067597479,1849.7178286215733,0,3
0.21055646280174917,466.3883628847987,0,3
0.1292594304332812,298.9909239596387,0,3
0.07089139840228421,378.9601470153777,0,3
0.29587378407604814,1874.2426313013757,0,3
0.2709029235541953,743.1229963358956,0,3
0.8190524307953354,1873.3557474344516,1,2
0.1351182354406434,399.69836723237677,0,3
0.2696707692765714,2237.196661445725,0,3
0.33843427503206625,902.3659532608799,1,2
0.5325743748021272,1415.0804350923654,0,3
0.2613478666235396,2396.1909367246303,1,2
1.593207883892997,3494.3632038300448,0,3
0.9777809722676485,2634.766874636308,0,3
0.4564065026937001,1482.9878398175063,1,2
0.4548899760229024,1213.394183182083,1,2
0.8274842316524195,2430.635215094416,1,2
0.5622397415508271,1142.5044079715626,1,2
0.6771083872131213,1987.5998772787914,1,2
0.051632978824848914,145.62821924363996,1,2
0.6151773443619424,2478.9449039919955,1,2
0.5256698336174656,1476.964384396659,1,2
0.6959883074036702,1852.8906254934225,0,3
0.13732414625538797,416.93742350208345,1,2
1.5043274923572658,3101.3718201640504,0,3
0.2028463918047125,832.63866581909,1,2
0.1708155389506458,692.2556324493448,1,2
0.5624910735500388,1833.552290712731,0,3
0.44181244078850695,2266.458337996137,0,3
0.8294764342240628,2239.9131416747236,0,3
1.1201980964256748,2559.71595384781,1,2
0.7566360449601555,1702.1854672815105,1,2
0.6476172627429504,1364.6188476475957,0,3
0.6058774813838377,1579.6110326723774,1,2
1.0519957128102861,2207.8481598003673,0,3
0.03690115878458177,83.27444208704355,0,2
0.6150729606810178,1286.237961456643,1,2
0.11635723906595519,281.05357389668234,1,2
0.1807496074789826,961.2170046544434,0,3
0.4625982215010417,965.2736999387234,1,2
0.11641999561077931,266.9028035105664,1,2
0.24631173779584647,2266.020554606818,0,3
1.3887278773710066,3121.2511287171965,1,2
0.2313341408956453,1730.0663956718895,1,2
0.7658796045040915,1555.667175143007,1,2
0.33894655535014356,1523.2016707014452,1,2
0.30029429065417385,955.0448845564546,1,2
0.7920308692330855,2487.5707458150773,1,2
0.39960434915046605,836.8746102005936,1,2
0.38054371202353493,952.3944226335326,0,3
0.25224615696849867,1151.9443499478873,1,2
0.21549582751467874,633.5557148358195,1,2
0.6830504957226647,1895.104451561392,0,3
0.34052307443556695,889.2486828599456,1,2
0.07994826784226125,265.14016860652316,0,3
0.15004516057649075,1182.1393952629708,1,1
0.37267312419667253,1516.9009898596987,0,3
0.040614178897989364,243.604996320119,0,3
0.3079984380830811,843.1136164667498,0,3
0.45383329747053275,1150.7522049171296,0,3
0.18646213691937386,708.4364816291356,0,3
0.4098809940282318,1655.874858205976,1,2
1.0854299846511943,3082.80833684772,1,2
0.3350086542384429,1465.0938151839823,0,3
0.165833810127506,365.20987975548167,1,2
0.8571557900557668,2020.4495510510822,1,2
1.2530885689851339,2613.317362832258,1,2
0.06819542081743818,649.3073648678106,1,2
0.0212858934481084,74.84702399713737,0,3
0.16371283456807817,444.30349893527284,1,1
0.11269980537254305,550.7440704934438,0,3
0.24604339627343152,690.7463074137318,0,3
0.09424593747347856,936.534621060187,0,3
0.5898259942410662,1921.6265939761656,0,3
0.5699571138738728,1373.1106063205164,0,3
0.25713729173403715,1349.9674049332982,1,2
0.18307519425174162,1300.890466185392,0,3
0.3583073913843583,2684.1509625643776,0,3
0.1336243370854165,421.513057876043,1,2
0.4751055654134509,991.4146215275229,1,2
0.48567259730296436,1080.5113492782568,0,3
0.5545139482845468,1559.2547611519208,1,2
0.6996147142357421,1999.6752892822767,0,3
0.6784222841693315,1787.331372731082,1,2
0.7197481176575293,1781.8197443118613,1,2
0.8823799743583535,2508.6342958104246,1,2
0.08843784707118188,296.7799093207157,0,3
0.25850114708012734,697.504575282891,1,2
0.16969060420361964,435.32602642650534,0,3
0.01974300587708611,200.93123969531018,0,3
0.47977395678546314,1507.9920192043733,1,2
0.3563497012597641,928.1763539072546,1,2
0.6825173938318609,1939.8717210097757,1,2
0.42769242530757884,976.6889782107161,0,3
0.46645120713029975,1214.5567925739886,1,2
0.3742890873644244,1913.5249757058352,1,2
0.17420901000784217,1374.0546363248973,1,2
0.1911698076660832,1103.5074781301516,1,2
0.7650413864338552,3338.3023591921924,0,3
0.24407797639263465,653.0098822279055,1,1
0.016684126901226864,80.40573904119053,0,3
0.4979687462909901,1566.4650627116944,1,2
0.049665095088134645,117.17168597823597,0,3
0.2300400903370454,1214.3835358611016,0,3
0.3777525679852484,1794.3227863529498,1,1
0.6064874216516161,2762.543010237192,1,2
0.03727667883256564,94.57333705390121,0,3
0.041643776608006486,191.9376933240041,1,2
0.06480057825401539,257.3391019943473,0,3
0.21867576421557516,563.8356016963078,0,3
1.1629419067139597,2619.287188602214,0,3
0.40085449292871533,2996.486003967268,1,2
0.4013304925677739,913.5120329068137,0,3
1.0324096764713033,2098.4865961063488,1,2
0.7002942813841366,3190.7519517293363,1,2
0.5781739101389121,1521.2776062646208,1,2
0.09551881762574463,912.3129825817745,1,2
0.1660558930419024,361.0949445626532,1,2
1.1421786580275033,2516.9426600272704,0,3
0.2163450808941393,468.36235262245555,0,3
0.3612749214626299,1034.1312224813785,0,3
0.0627724516938774,169.87134408535744,1,2
0.09747007434835597,691.7613617632977,1,2
1.1376458418706519,2369.1870044767097,1,2
0.5597191875437305,1754.9569254913592,0,3
0.4954897576709599,3017.305649649697,0,3
0.19571551593401304,1200.3040893157554,0,3
0.01403395442347985,113.54615435681295,1,2
0.07038294822027875,558.052579486429,1,2
0.4128402114786345,1864.0776420973557,0,3
0.15765733785217398,911.230960412929,1,2
0.3547651900389205,2497.3499176030905,1,1
0.8037438864002534,1808.8036332112754,1,2
0.7567850276129197,1806.4256725517005,1,2
0.16564129149297996,1331.1921696768156,1,2
0.8311517086867543,1975.758421264668,0,3
0.39196092870261406,2070.301917743733,0,3
0.7132440103592915,1880.7472817714452,0,3
0.5659267183662884,1189.7763619279278,1,2
0.04353901930467758,254.78023062651224,1,2
0.8132756769713055,2536.916096071845,0,3
0.24130265739192838,788.1218108740434,1,2
0.30158709854017896,796.0837664834297,1,2
0.12346520102123297,515.7668879285782,0,3
1.1472599821436749,2938.320445505101,0,3
0.4293763534762195,1364.0115091871446,1,2
0.15832017407036159,361.65365312675544,1,1
1.032614931330784,2814.1076345292527,0,3
0.6160678709093844,1917.6853651787976,1,2
0.36194108877599757,877.5271502281697,0,3
0.8171250881991533,1947.6803362238702,1,2
0.04575257039655623,102.13437936880825,1,2
0.11557182625010286,466.76368415130275,1,2
0.07813965852931574,394.3882957032043,1,1
0.19432005790313253,931.1579401314326,0,3
0.36492132678587774,1868.6159184865835,1,2
0.42584597854663436,1121.760915215448,1,2
0.2913011945775349,741.747189666786,1,2
0.024795353673465498,119.52619083824904,0,3
0.43516517966212215,1211.6455632799918,0,3
0.676882328038935,2730.590613010811,1,2
0.7541701394501902,2463.133221547458,0,3
0.19941464386190594,473.0169753525695,1,2
1.338899021745783,3012.9464500790864,1,2
0.18827712066232474,1509.7655986430423,1,2
0.2648100875201488,2186.709305044716,1,1
0.16440753523955406,1625.0952659425307,0,3
0.5598724848055558,1431.1685078971102,0,3
0.7274964252850731,2068.9798540208817,1,2
0.4954233383861629,2258.7672145419388,1,2
0.2269980629804786,2157.869601752689,1,2
0.6629456151611712,1778.9787690128474,1,2
0.30906868499858403,2343.7410333640314,1,2
0.49061667959511324,1279.3463201252653,1,2
0.23819762482653795,1810.2621063162758,1,2
0.3405769870344497,1635.4237285359245,0,3
0.29049748587080393,2288.057050208169,1,1
0.13530208608160704,382.4776123887515,0,3
1.4702197046226397,3031.4849636334566,0,3
0.4859551256098397,3064.996580216214,0,3
0.2769605448980678,1211.2222642061736,1,2
0.08738280031676143,859.3636914357776,1,2
0.2507979949408236,669.3074777726,1,2
0.7357164391502021,2033.260187691018,1,2
0.18646525363379612,593.2424891898218,1,2
0.7684693481668046,2058.498988832119,0,3
0.36276812489123006,1159.734152641102,0,3
0.604413608455101,1243.6663583005452,0,3
0.9456768173658544,2384.5587971487607,0,3
0.1410881266944538,375.78453156199964,1,2
0.3006774282525215,881.9564703713204,1,2
0.3370617939478231,2794.4251199845326,0,3
0.3722753036668471,2361.832712478164,0,3
0.14874328122504996,1194.3559207230346,1,2
0.7758584460212281,1992.1751034727554,0,3
0.6364964913358343,1983.6928960563362,1,2
1.0639058828988106,2347.96414808167,0,3
0.4785343023607747,2903.1246128763564,1,2
0.19744079335381987,1037.4711869578787,1,2
0.6088061347840057,1643.188306362535,0,3
0.02307856168368048,142.0278599089773,0,3
0.25614077487005427,1569.0663381371123,0,3
0.20673830453453107,1193.1425767516932,1,2
0.12608530985284536,652.4413629981289,0,3
0.7112291989444663,2023.197298334182,1,2
0.403710468302128,1076.9009478510163,0,3
0.38540079342430056,3238.4456904541867,0,3
0.04110322186467632,115.62744271693896,0,3
0.2906528192775266,638.2908454350858,1,2
0.38648408520076677,1976.1712319160615,1,2
0.32841583206209113,907.9628662155518,1,2
0.876488474213979,2357.144290983279,1,2
0.6262026461508509,1698.2354142321635,1,2
0.879140099047586,2734.2323324596277,1,2
0.4714760604021058,2054.415164797693,1,2
0.03135095857925238,74.63661626103261,0,3
0.9120459169613181,2284.8920271201237,1,2
0.7989989976106285,3027.7097969140664,0,3
0.44788161572190055,2128.244052152222,1,2
0.7060928280904003,1768.2519217205017,1,1
0.19725749822059097,1199.2458412850347,1,2
0.6584407665078605,1752.82745457375,1,2
0.45586731056471097,2869.2690034194593,1,1
0.7675499100955968,3355.2556594912003,0,3
0.7798084340508562,1983.5973999003907,1,2
0.3693320072484169,757.3964404384233,0,3
0.29225084848430594,1391.7697821386687,1,2
0.20892485782389258,1210.3467406643015,0,3
0.754951743072599,2009.9116236128314,1,2
1.1128324030642298,2437.409455943494,1,2
0.24895616416190677,1089.4568221643374,0,3
0.30885569138866736,2434.6764810576474,1,2
0.3090520569939881,1784.2108720545873,0,3
0.5761800313685673,1471.9030272291027,1,1
0.09218699582285851,377.2307542835478,0,3
0.5706986089441083,1679.1740948359416,0,3
0.25932529178143776,1236.715792047614,1,2
0.6997139967752634,1504.737124578255,1,1
0.48049733251972027,2190.3928402706388,1,2
1.2897697503866692,2825.1013385659708,1,2
0.40042524619314845,1300.443294208368,1,2
0.21910501812720265,582.4468840720095,0,3
0.3501661796336253,733.944915468335,0,3
0.2406055987288278,669.3690649813026,1,2
0.1554681042698861,414.2798319680429,0,3
0.14546708561721838,331.28709382616177,1,2
0.15871195941428531,767.4931220807744,0,3
0.0455314971145349,103.5680484006615,1,2
1.1335678602733577,3220.494065978612,1,2
0.01040731228346671,82.89451619840618,0,2
0.3920462750167693,1115.3063384023235,1,2
0.6747389258162426,1760.1292227161641,1,2
0.018403644720892308,154.10805179568735,1,2
0.37752013460897876,1930.5672417596716,1,2
0.10216065330173499,276.83231824154984,1,2
0.021988514543928195,77.20331691241674,0,3
0.09209005536232963,481.6380380465758,0,3
0.282849102684806,2130.6907347328615,0,3
0.3350796155674981,1353.2175638629028,1,1
0.2822989225632561,2226.2751398813884,1,2
0.23612715145535537,2163.6449171330905,1,2
0.16942064409997395,1611.1963643106117,1,2
0.41449381413966285,1670.3701828096844,1,2
0.22862545534707934,2093.6485299078604,1,2
1.0755503314607278,2918.82693536329,1,2
0.8979922140216204,2340.9365417320123,1,2
0.08463397826923562,807.6376679089111,1,2
0.7622041460986015,2477.250640591556,1,2
0.5380976808050938,1455.724846731259,0,3
1.036736708682349,2376.6792523427043,0,3
0.7705367848157629,2190.445023318845,1,2
0.05371317172549118,528.4810623948687,1,2
1.114764404567471,3077.049257009817,1,2
0.7579280345368538,1994.6842826038533,1,2
0.11558246023921162,1115.5670515481374,0,3
0.4183835616951971,1108.0194378640738,0,3
0.6384622971327107,1794.7810821410235,0,3
0.2152859966851111,1089.368243046461,1,2
0.4043870625843677,884.9817872464859,0,3
0.2262544469801326,1304.2159654355394,1,2
0.5429881035971006,2476.016440691512,1,2
0.5492596501274208,1376.9156888659068,0,3
0.543717354714121,1119.2202640659582,0,3
0.34676580464868045,2589.939140917575,1,2
0.14988066544490591,1122.994822458726,1,2
0.820766299767215,2106.256565035189,0,3
0.8777976369329711,2212.8144517162295,0,3
0.40272764553870855,3383.7077925932686,0,3
0.24653184957013932,2216.2560701766483,1,2
0.38819090699255226,816.1373103095164,1,2
0.21691804989087282,1531.726071649261,1,2
0.24340665147455715,1550.486025321297,0,3
0.15372995019767532,695.3373915365103,1,2
0.7697257612915905,1596.4243733170458,0,3
0.25040284103148464,642.5725397010871,1,2
0.3978579593518452,2972.1689843315585,1,2
0.3421017153834147,2557.503163062667,1,2
0.5492048006044125,1116.6641326746865,1,2
0.12004620518039714,976.0850538350495,0,3
0.28921008991650754,2161.6864195346047,1,2
0.4881651295132192,1361.2501599962143,1,2
0.5499253794260408,1932.8689469431033,0,3
0.4958559628682376,1014.6298672001161,1,2
1.3374240200837575,2805.213895253398,1,2
0.3867474033131734,1259.0015335303046,1,2
0.5081685302991306,1176.1269232649495,1,1
0.44384797334278525,1702.2247140439915,1,2
0.11067209326125191,296.11859909879365,1,2
0.33790505941225285,1381.8749319536482,1,2
0.1901136421005077,582.5224642567846,0,3
0.7318619464456492,2047.0661646723092,0,3
0.0623188452862087,171.60583162341612,0,3
0.059195429565028164,251.59745137449207,1,2
0.4238453506628192,1384.278578961651,1,2
0.7274818089228476,1960.6193795092447,1,2
0.7387486440417766,2102.9499396429915,1,2
0.03178806278020915,85.733120987183,1,1
0.618669330580208,1591.8822631352652,1,2
0.8389016746791044,2075.8273154786,1,2
0.32642385240025007,1528.2228868599543,0,3
0.05173935569217152,185.1319177007334,1,2
0.14896543292558279,695.7588320174725,1,2
0.386332080254533,955.3429651515912,1,2
0.28037940903517056,828.7011353345188,1,2
0.5555100377304824,2213.8541132056234,1,2
0.3933540095184557,1191.7822661767195,1,2
0.78866041346685,2561.891873839178,1,2
0.12434174548003994,501.7832068768868,0,3
0.09127026188511371,245.80819863466513,1,1
0.35790168870301126,1319.2976900291742,1,2
0.4802342409192269,1689.7847745147947,0,3
0.38593693597313566,1180.7063077337118,1,2
0.06720352543029327,312.3049877898819,0,3
0.04434404940207291,255.196294563037,1,2
0.11950492558737186,540.5739246016467,1,2
0.6678702993649951,1783.316634655509,1,2
0.13749997485717708,283.5257085425049,1,2
0.12318643272819912,280.1078133876996,1,2
0.42154938307535833,2768.5127222986875,1,2
0.37079027885045923,1255.8105069950184,1,2
0.23064813245485077,1513.9689141157983,1,2
0.8000633124473078,2599.6105285818658,1,2
0.14691015105267508,612.6402277644563,0,3
0.4156009805397856,1226.7569193418542,1,2
0.28930952334183235,1303.4147518057066,1,1
0.1238989651902234,496.502562746594,1,2
1.003523593978515,3380.384525406255,1,2
0.6771946325963779,1823.9258617358214,1,2
0.36666268733157176,2198.8981012972195,1,2
0.7284913284047647,2280.664764850278,1,2
0.6580113399907732,1700.881742241344,0,3
0.28546135848044857,948.0707619788078,1,2
1.2540035499314848,2956.9160771862903,1,2
0.2683733410669388,603.9902154200169,1,2
0.4427246646973873,1699.7602967922505,1,2
0.26784875396115215,607.8677333478619,1,2
0.41627594822236846,1866.152235778437,0,3
0.07524598692039723,255.89854330729005,1,2
0.5139187661415802,2418.226136691224,0,3
0.5080076101164005,1870.400239676507,1,1
0.08771950480850525,253.13539518533017,1,2
1.2885306608364062,2614.0957183927553,1,2
0.13434890081886605,470.48553016170223,1,2
0.09791385000685406,290.4247371708942,1,2
0.029599186880192408,104.50486988194037,1,2
0.4799967106584169,980.7097021171263,0,3
0.1367851449673404,280.9835635439019,1,2
0.6321855212040559,2518.913059122368,1,2
0.5352307206892996,1742.1920767152137,1,2
0.13073803910722098,303.21767598942637,1,2
0.3608820144418838,1416.4890160286675,0,3
0.2017379411834763,482.0711359467328,1,2
0.6005856933886715,1710.0834501150127,1,2
0.19703770890500122,824.3890662924566,1,2
0.15999407147309289,618.6803703999605,0,3
0.03409132984657398,87.07434344490477,0,3
0.492543912955634,1469.9731109687734,1,2
0.10305842568043075,333.69225005636093,0,3
0.2845320878356316,1473.9966882930755,0,3
1.1086910585589091,3735.970855036536,1,2
0.5271408231272527,2716.782860030994,1,2
0.22381764272571808,797.2702655685918,0,3
0.8756401069137936,3228.145972578049,1,2
0.1812547690395509,669.0724674551981,1,2
0.39923410621399696,1138.8095355051846,1,2
0.13113552512524687,612.2723019309647,1,2
0.4973621664816062,1649.2659044047416,1,2
0.495286408720562,1224.2275623232842,1,2
0.3372748344466409,785.2145802625919,1,2
0.24836572001639143,655.8378456563483,0,3
0.536316815746553,1573.4450225738572,1,2
0.21264198259207778,969.4283794213187,0,3
0.029984096015349723,100.14404370428869,0,3
0.46353768617434876,1146.4494546874832,1,2
0.5134933142420913,1541.3721511554497,0,3
0.3616313848009075,839.6115520825821,1,2
0.8295548612522762,2315.4141740563464,0,3
0.26848785765480415,877.9085006313037,1,2
1.298626155397154,2725.30302255557,1,2
0.5590534575677533,2142.1597309950107,1,1
0.8467223078319678,2659.6026880903955,0,3
0.21596287697494143,1420.008301903626,1,2
0.4790926925856669,1189.680523037669,0,3
0.058344140371904045,240.25356193415516,1,2
0.7040003782446697,1633.8562591529492,1,2
0.18359270488238658,707.7031899617034,1,2
0.06167823508766791,167.61463578669145,1,2
0.834848071372185,1935.8709396255952,1,2
0.32172439316589696,1260.71466796827,1,2
0.2610135418713179,926.0947644413218,1,2
0.15142422399768496,462.77105373186697,1,2
0.2159385023082033,508.3099979981004,1,2
1.3139382980253445,2680.7539568732873,0,3
0.45661902420435857,2082.815510933612,1,2
1.031863480219309,2435.1712415309157,1,2
0.9789322514596788,3061.562306822444,1,2
0.1265047532956492,300.5256431733533,0,3
0.15168490470687107,715.8803900629154,1,2
0.7066067509459846,1445.5918229682425,0,3
0.48632123273485617,1940.3066707270439,1,2
0.043033837417453646,354.3850780844322,1,2
0.020005531791684496,94.13384359136151,0,2
0.40030122423103187,1219.0905270124404,1,2
0.528625956241593,1076.947179233258,1,2
0.4539029967261649,2348.6681866358845,0,3
0.7100557299564785,3336.3288092813864,1,2
0.17780509140386322,580.7347692365902,1,2
0.760207267591271,2303.8325072020893,1,2
0.7414489740470726,2065.5299194121503,1,2
0.08868910206997549,206.05462473838486,1,1
0.06286327328174043,173.24421564720555,1,2
0.19735424735367924,473.9052570788031,1,2
0.20460645025518426,507.83670572433647,0,3
0.710370101824503,1610.5107706460637,1,2
0.5619953038822989,1565.2435155168846,1,2
0.06717421493681995,275.869417937931,0,3
0.7918149556053188,1842.6796321386503,0,3
0.12178611765455356,249.54083600765972,1,2
0.13913868142121602,377.41821674760797,1,2
0.1773877942633745,403.6160477132897,1,2
0.6375135838194765,2669.693451420409,1,2
0.6930666805961908,1871.051829878067,0,3
0.14766720678878095,384.40710234136196,1,2
1.20683746276282,2712.5615700149942,1,2
0.18199961396179884,604.666223071959,0,3
0.631135741611512,2328.57378801996,1,2
0.18175669239030526,822.4655234182974,1,2
0.1550875736665126,707.0502148676584,1,2
0.6854476369348411,1440.1169113145672,1,2
0.061718843571872024,178.08175516028976,0,3
0.04544739887718489,123.32453744470516,0,3
0.26807185768659,2099.069295191354,0,3
0.7689665047251888,1796.5694283062478,1,1
0.1702199149272458,488.4814045275192,1,2
0.22875957595772095,898.2712364245522,1,2
0.22200556939124247,1014.9954404686453,1,2
0.7381236382948623,2235.2041765293,1,2
0.7654380577286922,2065.57143704708,0,3
0.27995352275520663,1263.1422032760631,1,2
0.3262323055393178,1472.8676780949309,1,2
0.3440405934075554,1012.6457969529556,1,1
0.8956430783260455,2970.0323039681775,1,2
0.2644369898376336,2169.0206016556463,1,2
0.25020936840232905,815.496122164444,1,1
1.1232555961561526,2279.1096238289892,1,2
0.47952806476442694,1256.6785481045624,0,3
0.24764691298949662,1936.8851973053827,1,2
0.3151798195744531,2066.8732647090274,1,2
0.4957829594037589,1611.5086621409757,1,2
0.6782664143041339,2512.6663759732646,0,3
0.38818427277893,1767.9797983881876,1,2
0.4216422508053111,857.7527611472923,1,2
0.23083099207130436,757.7541209973217,0,3
0.5398579596060665,1464.3801881622032,0,3
0.05975368019219626,282.32289533464785,1,2
0.2217834600979151,655.3364540696749,1,2
0.24924281815439353,743.0625207330147,1,1
0.4162321771083558,1362.539964855761,0,3
0.7478606351067862,1731.416899484814,1,2
0.09076423921080816,596.3353713866948,1,2
0.7659702612704415,1800.7008878150757,0,3
0.6472431350369149,3344.286102749975,0,3
0.5775039849120971,1543.2397891894766,1,2
0.12492731023700966,720.7229315055812,0,3
0.34393069336365373,813.8588068705037,1,2
0.15125939154770704,389.308779866729,1,1
0.05608413024139017,372.46169524205044,0,3
0.23297050859391463,762.2481817834566,1,2
0.4594168695371628,1137.3108800460432,1,2
0.7120213315691206,2624.9262015655527,1,2
0.2927044349256652,1009.8081842840429,1,2
0.060265789153342415,211.64689553132786,1,2
0.6855726393434033,1497.9941327787512,0,3
0.04960009180802519,185.37080222732143,1,2
0.5050045128242402,1713.446375193653,0,3
0.46816055379146376,1522.3690763907844,1,2
1.1563243320659053,2726.4259387359098,1,2
0.013904299246064216,104.09063398189352,0,3
0.0736209010442961,158.01595062829446,1,2
0.2698112244813286,1236.6814999379455,0,3
0.739805073579395,2058.6073556653523,1,2
0.6312408946106359,2177.9155735146023,1,2
0.056063457083725066,151.98835016270746,1,2
0.6981585099202985,1635.7416434417605,0,3
0.6316604755541609,1504.4025092864063,1,2
0.17908070793000466,403.4053355962256,1,2
0.17074455020243728,419.3655428626588,0,3
0.0408128716170871,117.49640639505684,1,2
0.3771067351181877,1017.4441650799424,1,2
0.8595617972765272,2111.4192286895927,1,2
0.3420714704575319,1313.833055664933,1,2
0.5543928734201962,1493.7706182817722,1,2
0.3186847797099374,950.5101414568809,0,3
0.4381889506331373,1480.7504490016047,1,2
1.2982496031489947,2723.9041010816354,1,2
0.9832266630705524,2422.3659966330206,0,3
0.5997270440507919,1404.1017388131613,1,2
0.8134357441367133,2180.6484261762034,0,3
0.13132547550753312,514.7130629520634,1,2
0.24037212058395613,1877.8330492731386,1,2
0.48460766999424165,2038.9993216868181,0,3
1.3879276885207519,3118.4861326080722,1,2
0.0855896253030961,265.4673715948053,0,3
0.7244840889059905,1889.9400253121503,1,2
0.07863807951212484,449.3107509604937,1,2
0.46066525193885227,936.4624906200594,1,2
0.14232139197293073,384.8397589789258,1,2
0.30603719343105124,1379.8997930694268,1,2
0.6417112634181605,1460.7367028711008,0,3
0.33361118025868114,2193.315303030746,1,2
0.7460101264533469,2474.626490843409,0,3
0.734057354568868,2479.1648477365866,1,1
0.49421536200282956,1462.3670166717823,0,3
0.05251382563083337,160.7567144012921,1,2
0.2581635367990792,524.2660067106366,1,2
0.40096397124241206,1885.1540617511603,1,2
0.3226790133894985,1092.4503679453258,1,2
0.3318216487292034,1325.5928708692904,1,2
0.5016062935224573,2009.95023987389,0,3
0.08023795422362222,199.7819363486641,1,2
0.495101786087473,2973.3861671662485,0,3
1.17779665479053,2751.1010758727703,1,1
0.24804914715210474,988.9398462878933,1,2
0.2679738598852331,1615.964914448285,0,3
0.2700598224678356,880.1768633717583,1,2
0.2757623513477846,1232.1208110857958,1,2
0.4221823573418714,1924.2050484659474,1,2
0.2964848382467811,612.2285671381942,0,3
1.0731151040563356,2178.2119106616733,1,2
0.089590182678007,313.5639084019465,0,3
0.08319045858193772,284.546243540978,0,3
1.1599368448824603,2366.642049886526,1,2
0.24619195211060732,752.4337908436647,1,2
0.19766383031021975,1123.5956388459008,1,2
0.7744429118457217,1572.926298446788,1,2
0.46120289600924896,3039.374918579249,0,3
0.5593506650610527,1852.4052019469161,1,2
0.05012825173762451,113.3574703861385,1,2
0.6832164357813546,1903.2755029160112,1,2
0.09871364491066245,278.03342422870753,0,3
0.051290155065019195,308.81864814589164,1,2
1.5867507891030799,3565.125693559114,1,2
0.2045108528452011,1345.2070101990626,1,2
0.30708678578236437,1047.5887672351994,0,3
0.28732413889974356,588.2910559015816,0,3
0.3924633929533899,1125.001459986466,0,3
0.17167945547353736,558.6686939860255,1,2
0.4744434922826945,1893.53226387727,0,3
0.3725627747213746,756.1255602947842,1,1
0.5839304460649761,1433.8619011288213,1,2
0.3238739418755821,952.7551809124491,1,2
0.11813915568676317,360.17945141669406,1,2
0.24744305507939074,1153.1646794534786,1,2
0.7846164658908502,1600.9807048979699,1,2
0.647401056280446,1500.813715135032,1,2
0.1426939346420441,1116.8880742920107,1,2
0.15096287139901982,582.0723588316414,1,2
0.9348938140553774,2602.8276535621108,1,2
0.4524131086421636,1736.4689573325072,1,2
0.1816153194268399,559.1276476708776,0,3
0.18397517504813804,426.337243899139,0,3
0.7826915555344073,1814.49747201678,1,2
0.30036769242059935,1259.4393177889747,1,2
0.38713245617028846,1052.9133728591175,0,3
1.1703476237175496,2387.981668804959,1,2
0.4998476810388594,3289.617798461473,0,3
0.13824488548919808,1134.4972862368604,1,2
0.6205274686920353,1767.188990446351,1,2
0.44284151318852094,1233.1769007348933,1,2
0.6290757590504463,1860.067530213959,0,3
0.9873403944429114,2014.9036622715055,1,2
0.02593005467168503,155.8080878396371,1,1
0.7127063756930176,1447.3385134692207,1,2
0.32700316175443206,670.4166110761001,1,2
0.35199284805647746,1382.1340885765617,0,3
0.061667085946142446,133.1460321175884,1,2
0.37690870720047465,1354.4650878794723,0,3
0.11622614199670832,393.5753224981074,1,2
0.2216306255348938,514.8737640299024,1,2
0.3035306267420705,1986.905005152131,1,2
0.4130935489745359,1348.0150064409672,0,3
0.30554086907932637,1423.0312724711175,1,2
0.43172672481806496,1592.8824225911856,1,2
0.061106815348644324,257.59258645782154,1,2
0.3668366606146816,1660.1244566471726,0,3
0.3465753367209273,1357.3612703701306,1,2
0.35131215382873715,2001.5466105616192,1,2
0.9158967189876819,2075.5419519928832,1,2
0.21515849949371788,1225.7590351310691,0,3
0.23367477662984323,638.4370219008206,0,3
0.7979975575308847,2384.3245963893146,0,3
0.14766330950514922,426.88066537598917,0,3
0.04095358085238131,123.41590194138476,1,2
0.1370039693656995,393.61057515145035,1,2
0.6724135732821115,2102.9027283236446,1,2
0.37272628929674023,2113.2209486418255,1,2
0.6452672551528932,1461.5904145828074,1,2
0.19351473677618766,793.6163938083037,1,2
0.43118359818246405,1456.8934119595283,1,2
0.6913092122258397,1779.4840732165753,1,2
0.01813600250079362,121.68083693263345,1,2
0.17709139649480296,399.21537453006687,1,2
0.3198234586639898,650.8992525739089,1,2
0.40009895400901313,1822.0477292344638,1,2
0.40275826162422496,1203.0460226796774,1,2
0.6561676807795827,3384.4723720558486,0,3
0.14518036440321694,953.5904613262127,1,2
0.14876131300734216,512.790563100567,0,3
0.5671858766470929,1731.2662195760315,1,2
0.523887382997128,2340.660477664329,1,2
0.06842968925415693,535.175995759794,1,2
0.5186210200091184,1992.845952821847,0,3
0.12315030490895126,426.9989342021686,1,2
0.590073730624013,3039.391720654668,1,1
0.19096771999672674,754.6872583217968,0,3
0.39514563130166097,837.4292372980101,0,3
0.06176935407559983,356.6000372637115,0,3
0.32616817791912867,850.5520580049766,1,2
0.26280344992725946,622.9366329946829,0,3
0.9389187658685342,2124.771338506649,1,1
0.10935835370263254,450.48478187008783,1,2
0.43267244013469675,974.5362518723203,1,2
0.3353180131916332,1135.3760128917734,1,2
1.207674002600383,2619.4249653873376,1,2
0.2283971026290945,1368.9506909978331,1,1
0.1957657527000025,1177.3012958018514,1,2
0.4240962652165678,1133.646738298247,1,2
0.5535802419044414,2474.2815994574644,1,2
0.6553762968499904,3081.341980607598,0,3
0.118805870963476,365.8538458197852,1,2
0.5766732872456786,1609.3512081794356,0,3
0.763889974624797,1768.5849557606032,1,2
0.24309993621404263,525.2143433292752,0,3
0.27763268410855724,1676.704844313851,0,3
0.11039527531533612,338.0046264387985,1,2
0.03328909457827877,169.09515123950263,0,3
0.30795632802082357,2026.8243806402522,0,3
0.370104834862005,966.1480938318198,0,3
0.3328452621736221,902.8895039100785,0,3
0.4048533099060914,835.8983761197405,0,3
0.30072173405770986,2349.1585674311264,1,2
0.18295504180886912,385.78533916963374,0,3
0.22358468422516822,604.9887744257103,1,2
0.7276909809499081,2544.31234486549,1,2
0.5079066020004919,1554.5715881226402,0,3
0.1662242709559423,511.34159778791275,0,3
0.21320098028300205,893.7861577849851,1,2
0.7845528061974437,1821.0260241302371,1,2
0.05435007911507693,361.18124522730096,0,3
0.8503853316672949,1988.115664533654,1,2
0.12930721151281407,317.89136807196866,0,3
0.7761156806384232,2172.3907282972896,0,3
0.13784204282168938,459.24491650138793,1,2
0.3662962902572367,1502.11881751881,0,3
0.38165259852822836,884.4974390754288,1,2
0.3486589720209487,1060.2246250045453,1,2
0.31803552703186594,1481.6375194800514,1,2
0.49235435810321904,2011.4079556561264,1,2
0.6716071788055739,1510.3462654907207,1,2
0.4435196121644307,1998.5140100775466,1,2
0.884060211705493,2461.282156376879,1,2
1.1637563571988223,2370.1135971528624,0,3
0.4898048883447091,2231.67760034022,1,2
0.815924984898652,2758.2786506519365,1,2
0.3591927604850756,1282.8655515023586,1,2
0.6451272844960693,3322.70078250286,1,1
0.6787069801419126,1746.7233423816126,1,2
0.4139721899783056,988.1264094825618,1,2
0.33470571108010266,1563.9340177180702,0,3
0.28713437995846397,1886.1011722674614,1,2
0.028875136120938397,166.9027300301006,1,2
0.18686756192565593,635.3142986953632,1,2
0.3261173866090551,775.8331318931931,0,3
0.6614747133115025,2281.9397587384,1,2
0.766507626646699,2581.352454988364,1,1
0.2677990896729432,1067.3256328241514,1,2
0.08594723569636363,251.31422112565517,0,3
0.21913131195615232,780.5681432952241,1,2
0.4273096150470746,2808.5195333630536,1,2
0.21337479556824887,723.5139791728164,1,2
0.16906487481020896,801.9497351360255,0,3
0.4215459666680735,1244.1497042602339,1,2
0.19169834116792733,389.54347561485093,1,2
0.05833178307260434,177.44499073982553,1,2
0.6613994278768366,1782.040706237787,1,2
0.03797685802363568,174.05950327718742,1,2
0.01710546833446735,101.02014392125163,1,2
1.2494966972990287,2548.5101216368603,1,2
0.3851706306017509,1610.8760357215244,1,2
0.1194401012353301,369.52399347309563,0,3
0.5216871885394295,1925.7611293876173,1,2
0.2833427523392697,1129.9181968656515,1,2
0.09547638257680956,318.32647665348634,0,3
0.4538771037303341,1265.0653170320236,1,2
0.4994458478485038,1700.5561085540462,0,3
0.395203036908556,1125.3687418810205,1,2
0.24854103547889972,886.6198265370369,1,1
0.9900411029480471,2019.2112620323567,1,2
0.5576137541267877,1690.0966983198757,1,2
0.8823763201601481,2377.3389885952033,1,2
0.44607731585211535,1269.1368035026992,1,2
0.14580508750965815,382.88838531429394,1,2
0.5329383495222015,1208.8397697571138,1,2
0.3310842737397829,2167.3549224024987,1,2
0.3746258905714343,1102.4655379462458,1,2
0.6227424323807726,1491.0148042631795,0,3
0.6372611389011464,1304.8579525072585,0,3
0.37618811238028166,1006.3198535997349,1,2
1.0702820039854408,2181.562205666608,0,3
0.4836338515566812,1669.522308592101,1,2
0.08535050021799646,488.68066749334383,1,2
0.581770716660081,2078.027914341008,1,2
0.22191615471172127,870.7434487200047,1,2
0.15765172082786233,481.97559724674,1,2
0.05096379358224297,398.1771921335292,1,1
0.10585256231771906,343.741689211945,0,3
0.10000959437910024,468.359519672622,0,3
0.6685745306367984,1971.3835046325967,1,2
0.7800759691893183,1927.3582512010325,1,2
0.787779765558981,1836.3199718518022,0,3
0.4243982134292215,1332.2031581870885,0,3
0.04372917509746001,206.32406583002893,1,2
0.2963346385062916,710.0172389988243,0,3
0.3220525896395911,2116.549739642874,1,2
0.037119651013036416,298.59578276940647,0,3
0.10300065169938973,218.6931564655826,1,2
0.05773961721678541,331.43077688239305,0,3
0.12105775404681315,448.96535931863485,1,2
0.5517727247438322,1569.946952195253,1,2
0.03784820576705295,103.99488653862853,1,2
0.7618836603588289,1557.0051705154174,1,2
0.05880758013065628,245.85287651595868,0,3
0.21323280799538732,1005.2204080104716,0,3
0.6268411092937807,2039.6102029980382,1,2
0.5905088174063733,1767.3972877671981,0,3
0.46262030161576945,1650.1490591912145,1,2
0.14200550854775534,332.7091570217261,1,2
0.24691331615444354,1402.199773524484,1,2
0.11923994480668604,784.2712646920857,1,2
0.4352306543937577,1522.4639173928465,1,2
0.112176345173229,344.61434517489107,1,2
0.8733455664690295,2277.8406551704097,1,2
1.2361178254957796,2681.86993808487,1,2
0.9475527815107723,2648.5963213686714,0,3
0.8141288331477539,2644.6848315495645,1,2
0.8657332300881976,3094.722670103546,0,3
0.694575704167487,2044.0643649161245,0,3
0.1464129686413384,663.6458624566336,0,3
0.7153005954544911,2133.3030915086993,1,2
0.4602253253880281,1801.504264590328,1,2
0.6643058150030621,2246.4904435180747,1,2
0.6988004556170274,1946.5730390380381,1,2
0.09147322720442916,270.75720686302174,1,2
0.15001053923273888,489.21096873345067,1,2
0.4595158100300624,1079.2842458808652,0,3
0.23606343028807383,1068.0101350439786,0,3
0.29880579523570305,1192.5105896183225,1,2
0.3578089093407942,966.0781408589313,1,2
0.04970191528373457,197.0717166034206,0,3
0.661162108490728,1725.2336305460312,1,2
0.20109114152963223,474.34990281885564,0,3
0.06922821033800322,244.09344857238284,1,2
1.3479623247420105,3050.4768387341464,1,1
0.3562206115428143,1206.6861666157643,0,3
0.027101277402775736,109.70342533574599,0,3
0.6636613114825273,3119.8817842630324,1,2
0.5027859604050501,1785.526758680593,1,2
0.3848735418314572,1755.1265039590644,1,2
0.08655377246900055,272.3962766714291,1,2
0.6467379388112822,1964.3999219296543,1,2
0.5412294005366249,1825.5754407843076,1,2
0.2035537597815515,582.8627155196588,1,2
0.18266854066567467,675.0294341408884,1,2
0.2738414925945017,1792.5348296980187,1,1
0.6335941204269107,1329.2819224159546,1,2
0.5187557267274424,1335.314574059727,1,2
0.1992304763315477,786.7692531109847,0,3
0.4087857339533494,920.1046640502055,1,2
0.7272210036545442,1896.9495732614648,1,2
0.3918241295951657,1047.1409687733792,1,2
0.12173307667416144,341.7723526565317,1,2
0.4822472658473413,1118.80338256008,1,2
0.15895537703953191,725.2667014056392,1,2
0.7752175658377413,1795.4059844642454,1,2
0.8434682438519828,2070.9853246846596,1,2
0.26523233622725473,951.0640444697893,0,3
0.7123308616713212,1834.158393291068,1,2
0.538288545968363,1211.6766147139483,1,2
0.5563977165721365,1314.8744299595578,1,2
0.16307368540695918,926.1308322263906,1,2
0.48763738861889216,1483.8218279351686,1,2
0.5967162868806801,1537.523468396206,1,2
0.44610141361149347,1032.9546045499615,1,2
0.22994977966720745,1307.1119588318372,1,2
0.2865141217934832,1177.6456159265879,0,3
0.24644263958482618,529.8628538941247,0,3
0.3942214035480279,1854.1358776549841,1,2
0.136647667673175,487.5589474516023,1,2
0.3169803811615107,1131.3599684369894,1,2
0.88037838433719,1996.453567972559,1,2
0.05986563190971797,148.98886514196323,1,2
0.3244830687644127,1099.1801000137796,1,2
0.45108326399109455,2337.3956634777714,0,3
0.496252829607936,1682.3044128470312,0,3
0.40134602945072884,1543.5982482789868,0,3
0.4048113698755558,1326.0924343653703,0,3
0.6643568802244199,1791.6894047283204,1,2
0.9782407626407639,2342.7099301340972,0,3
1.3201049066760855,2691.7677938742377,0,3
0.279516097189552,992.7369630616254,1,2
0.883707759178596,2460.9819322894905,1,2
0.44917121994860915,1845.0655739617657,0,3
0.4368885175632222,958.8025937425961,0,3
0.11839213647760523,781.1316367151502,0,3
0.13376479048760465,454.098109659513,1,2
0.36209962671884827,1234.3111238966815,0,3
0.4313510823180154,1969.4322119385247,0,3
0.2558996049224947,1999.4221746035232,1,2
0.26046736095891576,2033.868469672226,1,2
0.2707525965793776,1107.7088221206025,1,2
0.17478172770559192,1054.4431794712777,0,3
0.545339288414371,1777.1568530293832,1,2
0.3748245781552466,1468.2373700709913,1,2
0.3194834552245229,2110.2416714203887,0,3
0.3301556581959423,974.8127282025039,1,2
0.576454398175918,1694.0116397225438,1,2
0.4887906235700388,1814.8948859518184,0,3
0.3444909917076873,1378.10254822486,0,3
1.1918486750209696,2817.840334556682,0,3
1.5248074642060783,3452.0566481852616,1,2
0.05122945059193064,310.24386094708416,1,2
0.45071659394311825,1284.5958505561748,1,2
0.23521162235254967,987.2298684547627,1,2
0.031893943256021184,86.08388526145089,0,2
0.3692639134421294,1250.411424336549,1,2
0.18453457807090354,870.6672750147643,1,2
0.3377183665127848,1031.4568447324034,0,3
0.5959671121431571,2663.568699838831,1,2
0.27942299869061843,990.9184751449271,1,2
0.6244723243956871,1461.227860280078,1,2
0.4133294920476505,1594.565625097813,0,3
0.3994302282829043,1397.7754176352366,1,2
0.6121024876875314,2266.7421898324947,0,3
0.1900320336339957,1485.758145036748,1,2
0.47298268782799835,1569.2038456883438,1,2
0.2108284741388346,715.2178232498394,1,2
0.09122599108551714,279.92299853020916,1,2
1.1591964049449484,2847.76953723892,1,2
0.5247384911444236,1214.1942215893785,1,1
0.5275682088549363,1821.3878741145145,1,2
0.048600299811997684,138.1592729914875,1,2
0.16377146765195685,930.9838891095908,1,2
0.9213164718563532,3104.9484351931424,1,2
0.18898909495911373,616.7130722924609,1,2
0.442052973503523,2018.8581124136404,0,3
0.5381979088853327,2250.0607466884235,1,1
0.6241960847653842,1891.399297208447,1,2
0.4200643968486907,1422.155924804423,1,2
0.23180590248103716,754.6714658444224,1,2
0.5419019451301376,1350.1092342226423,0,3
0.6230018397184655,2040.6427199850987,0,3
0.3104863316012994,1446.8762838677912,1,2
0.27154402313370685,2122.6783790853247,1,2
1.0082873069270002,2477.233924477241,1,2
0.45408156158817614,2060.448407824793,0,3
0.31384414316260506,668.8131064142265,0,3
0.4656282650525418,1063.3728415479936,0,3
0.5669719673226997,1915.7217680564383,1,2
0.10459916651772043,294.1866728638291,1,2
0.6262804994284197,1280.1190781126754,1,2
0.10450724356307466,485.8368049606116,0,3
0.4724242289811777,1394.1456747864906,0,3
0.08304383356608182,371.20944773392483,1,1
0.3261862602484082,1955.2866845548433,1,2
0.9304330685006684,2821.771172303429,0,3
0.9182612209330632,3040.4705063093584,1,2
0.2833302302503342,730.2216353779721,1,2
0.1387003333198834,1093.4461855697457,0,3
1.2972240781902926,2720.250965448665,1,1
0.04653653310983617,144.65777608159513,1,2
0.48007066300699625,1454.7723073249595,1,2
0.3961716042718261,833.559819674044,1,2
0.8199942782849171,2209.304106461789,1,2
0.40553121258249136,1627.4255348162335,0,3
0.3722652247737366,760.0542290684366,1,2
0.5722861612031266,1929.7216585925607,1,2
0.05385107664135799,324.4981295628298,1,2
0.07599972455679613,304.3543305242669,1,2
0.645146045909528,1408.234090362816,0,3
0.12451609947167099,377.38639893150554,1,1
0.14807799571555338,449.5846535532445,1,2
0.054488867978512774,161.35996984450907,1,2
0.25917244917483817,1706.5009769094759,0,3
0.15798212174833506,560.967158417429,0,3
0.448092566648081,1752.2076128291149,1,2
0.3532622311590038,2313.5031843992956,1,2
0.6298934832574946,1621.1072700595737,1,2
0.06613017126599374,185.03479776238788,1,2
0.31944164099531874,860.9432625408109,1,2
0.44026956448120796,1089.9697483634448,1,2
0.017743695208688674,100.94701119917997,1,1
0.4777682650677183,1446.804882910732,1,2
0.10703228928758513,498.43773001738003,0,3
0.27370542700825595,1222.8416556027973,1,2
0.4759511027002288,2168.133975931313,1,2
0.633443375890143,2264.671106620438,0,3
0.05980664646369793,163.72803285783132,1,2
0.2904947248271819,984.3443448622871,1,2
0.7465814607094399,2084.8045294769117,0,3
0.05768905312210485,159.37225494007794,0,3
0.11565509635496775,384.5826347523928,1,2
0.5505767798790289,2459.7368345695872,1,2
0.5075017386343992,1986.7483324405496,1,2
0.5772396680481295,1375.618203231646,1,2
0.11091991403270189,500.68993510022796,1,2
0.9471754747300646,2258.521343524137,1,2
0.10631861049552488,354.3770491986698,0,3
0.3620222283470392,1101.6952745268616,1,2
1.1520667138363612,2499.159203592048,1,2
0.15149912845109387,523.4751919382563,1,2
0.15210863007990244,1189.3258657980011,1,2
0.8260878347967557,2356.5748404681735,0,3
0.23288011556334626,687.4418736536251,1,2
0.5079312115813356,1753.289961946751,1,2
0.2757058066815746,2155.0620195351125,1,2
0.23447248789910147,477.6325392179603,1,2
0.05009230208900523,124.90104857103891,1,2
0.056418587046442696,370.3702394252367,1,2
0.3182179632642195,2083.793876125556,1,2
1.4419549217990395,2924.791413074721,1,1
0.29232267301580406,950.947764623962,1,2
0.5103769278939676,1820.1163377645814,1,2
0.1757515928547734,701.6532460230798,1,2
0.2636891662103945,751.8012671718665,1,2
0.43440497030782427,1214.6490233728011,0,3
0.47328943897002873,1537.1699056034906,1,1
0.03702748094070167,306.1566662373658,1,2
0.32652411280274335,1870.127942752853,0,3
0.3678192113347979,1151.7131593386007,1,2
0.25592712054138067,1030.9323554536925,0,3
0.4269682064946099,1298.3515302356636,1,2
0.2634094125993032,679.74227739381,1,2
0.02127659466593767,176.62299068157137,1,2
0.6088211565489305,1494.0012334556163,1,1
0.5021131216938071,2053.0258430657673,1,2
0.35694535365662894,960.113446677942,0,3
0.8858777138058834,2189.940290898375,1,2
0.38480619590810833,1173.3698156709822,1,1
0.1323393445479561,327.9400018771398,1,2
1.3949906172602768,3881.88380105108,1,2
0.5245916882554776,1773.3549356154067,1,2
0.6280706714295,1693.15788872618,1,2
0.09424841681067861,545.0424824980408,0,3
0.6353852326605888,2838.050109785105,1,2
0.5900662022356337,1738.486785933371,1,2
0.915894851191511,1859.5167178046972,1,2
0.32920095771920427,782.9709200739819,0,3
0.5509500316783901,1732.6974524560335,0,3
0.0833496723833857,330.1529197272115,0,3
0.20772028082192234,1706.6439022932586,0,3
0.45636305284365963,1488.9568220711835,0,3
0.6365818303727079,1713.8482905422884,1,2
0.40339875903782385,1358.2849115659983,1,1
0.033514408514718465,121.52530689517016,1,2
0.9835062419523619,2737.4042089480213,1,2
0.6241491677669664,1894.6080817954826,1,2
0.47025698508837477,1561.1292152267613,0,3
0.15786031914248413,717.6737207899614,0,3
0.27366606156984097,1253.434886566154,0,3
0.2108106416578516,629.466076872224,1,2
0.035794487897135976,97.62846744541854,0,2
0.590412812690609,1374.5491330400034,0,3
0.5026582434946995,1926.9775836234228,1,2
0.4041846303116054,2427.9113228124374,0,3
0.5499694221978988,2461.9893512904014,0,3
0.01707379169779696,99.30675220766925,0,2
0.3498667458704901,1069.8214943241976,0,3
0.20606169657735504,696.2573865142325,1,2
0.2583324584072008,1017.647200074598,0,3
0.690540851893708,1842.8302914616086,1,2
0.09483386989749994,245.97113180185326,1,2
0.17920344694801957,588.3288712905522,0,3
0.10707322655347795,442.3476669766166,0,3
0.410136062917909,1253.536052776438,1,2
0.5647733507394244,1840.2908387566783,1,2
0.3928995462483158,1829.9465196951533,1,2
0.09050778617597319,257.79865674984467,1,1
0.23347688748676823,526.5763878559613,1,2
0.1821752768854644,544.7441840336729,1,2
0.1588666602086979,1241.5425377080956,1,2
0.42657533581839147,1927.3771488127402,0,3
0.18977362880556367,493.2687074782084,0,3
0.07941302105150319,190.40650133430032,0,3
0.5040501718269117,3021.7312672814014,1,2
0.48729616500163103,1365.6555441365158,0,3
0.21091411448288389,1386.4886141174377,1,2
0.40806383445286887,829.5089693951329,1,2
0.7285693351877358,1719.9252254780545,1,2
0.3274599919263088,851.8588001649867,0,3
0.5071446117296026,2616.0624303347613,0,3
0.26083007672744474,817.1031754192081,1,2
1.1041896147761674,2603.1414011193815,1,1
0.1262156168257274,258.9042533687677,1,2
0.5051634669723465,1748.7132072138422,0,3
0.017164764988201527,82.37563859939559,0,2
0.5124020038850424,1050.3910427312217,0,3
0.5741517177406358,1245.4672004057024,1,2
0.043086205040426415,177.04270457888316,1,2
0.46828405368527093,1794.2121922393485,1,1
0.7777962326428588,2165.2326904414344,1,2
0.11047710635973558,341.0687478795605,0,3
0.6771030456677494,2495.7876540599727,1,1
0.8173367701207508,1715.240796392935,1,2
0.7967451591083159,1973.865034749661,0,3
0.39367930876626067,1758.8244168193921,1,2
0.46640817787589767,1579.3947714293524,0,3
0.026684647425042757,176.94199997113583,1,2
0.44976684908348724,2954.4549898603727,1,2
0.8184305434457027,2926.828561439381,0,3
0.7614237988214378,2236.0967482328924,0,3
0.3074441305694657,1041.0744221831856,1,2
1.2818163089915864,2994.2510704916863,1,2
0.3856181851482436,1367.7400790957336,1,2
0.2890116068809577,1293.9107590351728,0,3
0.06380634132734514,218.2407166138985,1,2
0.11436666512496142,241.51873411816698,0,3
0.41990524160973264,1612.9893383584663,0,3
0.4086594965240052,1203.1498141766601,1,1
0.4986703609239811,1511.0898024992764,1,2
0.576139675882764,1545.5374558430306,0,3
1.0677505483474679,3596.371652956302,1,2
0.46471921330729604,1650.0677292175262,0,3
0.729322118216424,2210.620632253112,1,2
0.9829693533856638,3320.563632215668,0,3
0.16752073074966478,780.7001121472559,1,2
1.2800576270305184,2602.273368634227,0,3
0.3738872246415282,1463.6391429892906,1,2
0.6013931769564475,1881.9512155023313,1,2
0.4744537585149692,1360.0617978946682,0,3
0.6643521632981951,1789.1928476721628,1,2
0.686447881791843,2732.953383117636,1,2
0.04959861087869798,205.42730217387762,1,2
0.10501318027199683,822.058343088171,1,2
0.5975895728036814,2090.0491878397906,1,2
0.34397010341433476,1551.4425273102636,1,2
0.202422165315784,945.6283051839874,1,2
0.05172087795045275,347.10529848808653,0,3
0.6167391741813015,2458.7708335041316,1,2
0.33325890231637517,1021.1195463312744,0,3
0.13771870702997807,398.40373373821006,0,3
0.2039874406642677,1341.713481633981,1,2
0.1613370300249912,553.3759272535386,0,3
0.07733935539581625,476.9831002772137,0,3
0.4887865681737339,2525.9162732045024,0,3
0.6843502913339117,1619.9163009101867,0,3
0.1850603806736135,570.718214446662,0,3
0.15010882534766584,628.5107372274574,1,2
0.15305523654902303,567.2018506403139,1,2
0.03977191200469727,143.932665203432,1,2
0.6656694390055448,2328.8763140233445,1,2
0.4127271688229354,1217.1047928866253,1,2
0.10429189140523987,281.8715279408179,1,2
0.15070435526159845,861.598666520697,1,2
0.42630012785749305,1048.7578473562578,1,2
0.3301832790506844,1488.505218236229,1,2
0.20533595630955098,516.3814239859415,0,3
0.4926982072978381,1926.9269341781755,1,2
0.4943347004667794,2260.0663672189094,0,3
1.2860827517701647,2916.1327418604365,0,3
0.3836892727117606,1730.7065157564666,1,2
0.4091081551248108,1394.0399748633054,0,3
0.3317687370752717,932.5987428077715,0,3
0.33883490629628854,837.6516001318347,1,2
0.02647546598242982,107.4661906237856,1,2
0.6534413811103668,1949.9731140405074,1,2
0.07489175988803287,436.0853786983733,0,3
0.4201177941750228,1550.2403657849577,1,2
0.4098410311937997,1683.3117969904636,0,3
0.1908204849005051,516.1399609391691,1,2
0.3232009375616357,1148.348351240934,1,2
0.19503297787402776,522.257201681699,1,2
0.21551189514364016,580.7829124464754,1,2
0.37084848481433297,860.170416458342,1,2
0.42243697848116174,1282.7551802236326,1,2
0.243693408081512,934.7955185636191,1,2
0.30988902619595954,1763.9213943748036,1,2
0.5802579433375391,2311.81613320505,1,2
0.12032112705678462,492.1129778929618,1,2
0.665488829892283,1736.4159348616254,0,3
1.0255359993716455,2396.914467816647,1,2
0.3933118955897193,1331.7767909085871,0,3
1.2441454940940946,2525.385306012039,1,2
0.17466033035891138,394.001732776975,1,2
0.014866609719596378,63.803010128646974,0,2
0.20331188935518837,1220.4000492126277,1,2
0.26365095394368376,652.7347140292984,0,3
0.3063196327351433,2391.619799927096,1,2
0.6170511372977845,1476.5739902226755,0,3
0.36388038488765356,842.8676474994274,1,2
0.24333377148672014,822.3734908660573,1,1
0.6607157291947812,2190.545628748926,1,2
0.18314618281115502,509.63840706142304,1,1
0.9644473394470192,3194.926446974138,1,2
0.1995057847228553,613.444992624054,0,3
0.2806390278374001,1452.0215625275328,0,3
0.7169173367156979,2421.5614556840214,1,1
0.48174789200497226,1717.249542076406,0,3
0.6494620976799471,1479.3944620095428,0,3
0.5644727830653768,1711.9648667821284,1,2
0.8827974595697619,2060.301899376848,0,3
0.3790454366710827,1725.9174396154374,1,1
0.19437450254630403,1519.0529301343247,1,2
0.13346609791614855,392.97440058944176,1,1
0.15015967576117373,558.4358122493055,0,3
0.5860132430939409,1575.9076181724888,0,3
1.0702981420403226,2511.495829251744,0,3
0.476471718049658,1551.4337704550776,1,2
1.033066263528793,3231.437984499249,1,2
0.9340248000250037,1964.5684893980317,0,3
0.2967030761518179,1953.5399521900717,0,3
0.17860017550165208,587.9835793645545,0,3
0.13881505577202613,653.8981330876759,1,2
0.07454911077575979,592.9262851528041,0,3
0.2209331533211235,514.7260887479038,0,3
0.1319054824828878,403.49867672200855,1,2
0.13425312643787507,315.1192187202947,0,3
0.6438074392688766,1590.852280523882,1,2
0.08547738119817735,286.76179557509334,0,3
0.38329531237524916,1030.714795353163,0,3
0.34579118452727176,1447.642056022973,1,2
0.16161299203845692,837.6057920367701,0,3
0.39915098130679744,1857.2277023677746,1,2
0.4681417407892719,1669.480861850061,0,3
1.3297189874598945,2698.1311827072186,1,2
0.13167963785140124,305.46654363550033,1,1
0.028922099494718204,81.32547650269363,0,3
0.06310288688823465,245.2754279356962,1,2
0.024033448770105898,201.42148412248434,1,2
0.10228001641366322,400.2485343046046,1,1
0.11838549854839431,323.1153640849772,0,3
0.4024881598281314,1361.2633573668957,1,2
0.2257600940745631,945.7379324429345,1,2
0.6379237986595943,2358.490167522145,0,3
0.7299680035840483,2215.528391436004,0,3
0.4439598967178942,2002.3350775459323,1,2
0.16910979949665986,498.99609197265704,1,2
0.40299438932510345,1885.5049344169302,0,3
0.27057163583721033,558.5497166295337,0,3
0.28224211854413445,1600.034884708326,1,2
0.5080150474311721,1368.3062526500587,1,2
0.05305975241059413,146.052953485884,0,3
0.3583330135719111,888.3415629281886,1,2
0.1346207928220989,438.69137389196936,1,2
0.7011203645451912,2324.882711256013,0,3
0.6231302502727242,2933.4504531798007,0,3
0.1015840813434692,364.82318049499423,1,2
0.02182290545774572,65.20628062489442,0,2
0.3066936914246805,1229.6556141013614,0,3
0.04982901373584086,177.22605278666265,1,2
0.41541298459257175,1624.315984944538,1,2
0.3638190119479858,849.0094126159571,0,3
0.16807280899952098,958.5762235447604,1,2
0.3599709151825414,1629.0321683339553,0,3
0.4132327061386582,1368.3081117604013,1,1
0.0770412831533456,251.96838649354336,1,2
0.2570974213278822,1458.160293962387,1,2
1.0139206952320856,2821.156610550427,1,2
0.5987904020984394,1567.883129226788,0,3
0.01766678554984367,79.97386216676917,0,2
0.11582888916798928,324.25572176768793,1,2
0.01855056069646843,145.95528574822148,1,2
1.260255239839331,2860.3633866100986,0,3
0.534388784726552,1736.2860133867155,1,2
1.1883207756387189,3315.296967759449,0,3
0.4960428419970054,2074.533037183822,1,2
0.28132039906708944,1081.733835527567,0,3
0.713034283554775,1993.9911487434492,0,3
0.9190669533214249,2558.510264732349,1,2
0.47671789173753343,1863.1086863469952,1,1
0.23676900708564416,928.5174629610042,1,2
0.48326957539130927,1243.0864319009843,1,1
0.5040430426332609,1860.5578585686503,0,3
0.14603083931943786,1141.1216976823378,1,2
0.02946556775335311,86.8774891428421,1,1
0.3531223390372984,1303.4062710604303,1,2
0.25114307180605255,1135.2280813213217,0,3
0.18732009186959028,612.1761945254898,1,2
0.13415611851917106,551.2371860211708,1,2
0.3555372485185639,1204.2051994380788,1,2
0.6896770051996972,2104.4700103352575,1,2
0.4714419304446408,1971.3693789187962,1,2
0.21023427939160524,436.1175867334512,0,3
0.14979985755408193,336.50924425851304,1,1
0.7854049791034864,1595.9050698036958,1,2
0.27527775238655805,640.1879132348009,1,2
0.4526142003351988,1416.4022109218604,1,2
0.2558610748418298,1458.0683557845332,1,2
0.23068610338413312,642.2577546390074,1,2
0.08174677527441494,346.3159365147219,0,3
0.23819318011209706,726.0898941062705,1,2
0.26606851912372687,1061.6681649295822,1,2
0.5863349979378439,1402.2489572823597,0,3
0.8038008018619507,2070.2129686937164,1,2
0.2771391635237507,2171.4655052814096,0,3
0.631758925559081,2516.994705469901,1,2
0.12820897691311958,456.09147451086153,1,2
0.21450796317140144,1006.526816809633,0,3
0.4814938629112981,1298.499622672267,1,2
0.02884859743862924,110.25935151613783,0,3
0.22745382302025235,1295.363512248945,1,2
0.5893257851504167,1843.004957814568,1,2
0.5662071463674071,1151.4470103332328,1,2
0.2282211782181282,912.7213974039261,1,2
0.5800115832793266,1889.6446120455637,1,1
0.5507033636108166,1483.7206631097933,1,2
0.029193437848211552,106.56359709255779,1,2
0.5570386940978396,1327.4523852446364,1,2
0.06768530706062595,145.26070853301954,0,3
0.010946549418900173,66.16383972162214,0,2
0.33569342057565826,1236.704011585684,1,2
0.5193848319553057,1170.7863776938325,0,3
0.32813544432837793,1526.828066780613,1,2
0.24596064339271503,2018.142154548205,1,2
1.4326089698511075,3220.446913157076,0,3
0.93054814656886,3082.3594762990015,1,2
0.13256482120235508,762.0757362829747,0,3
0.018699636196084238,81.7407362861943,0,3
0.20336343399308232,852.2008578987865,1,2
0.12547347746604315,381.1153829607211,1,2
0.8853409206053773,2057.170226491827,0,3
0.1080871516243793,313.5123615028531,0,3
0.3323574522150491,1992.6089601731705,1,2
0.1300022655045697,463.5415651808213,1,2
0.16702336119381317,554.7042098691046,0,3
0.386522978233604,1743.9686433511445,1,2
0.3070600353509717,718.802329326211,1,2
0.9370920241241328,3341.897819317486,1,2
0.12378008734971731,1020.1787830231617,0,3
0.06842267888727417,353.3415270056204,1,2
0.06123286675078014,356.7610413712431,0,3
0.878458400109958,1913.0553530436737,0,3
0.515770810012209,1329.0048977728902,1,2
0.4247356221747395,1133.9569654237907,1,2
0.22352906414313778,455.14577905638595,1,2
0.43596833870487284,1039.384090925756,1,2
0.6866981488399106,2091.9253046380836,0,3
0.515469610431942,1392.754895747998,0,3
0.6010355960946949,2154.0010092606285,0,3
0.30426035282480235,908.1923909389923,1,2
0.1931022885668435,459.30474042616356,0,3
0.4360043796863254,1833.1176508357883,0,3
1.2295869802057173,2579.8281542337218,1,2
0.1809422151638056,551.5877746471068,1,2
0.653572040221908,2132.122451775848,0,3
0.583116725172225,2330.2347855206162,0,3
0.4374375730284356,893.9291635567215,0,3
0.25661933865012704,834.482755899983,1,2
0.24854737481402178,991.702761296448,1,2
0.6162419440784676,2004.5239346463238,1,2
0.12137497600847656,381.19177053813377,1,2
0.6143128087483708,2079.297097617517,0,3
0.01390039612422597,81.85387572743701,0,2
0.9950301753243356,2088.8089820049545,1,2
0.9687584163251728,1967.8300456222516,1,2
0.7462193964000257,2472.7653603761128,1,2
0.13588379059970923,573.2416083904192,0,3
1.2686821930844931,2871.848768228489,1,2
0.23971630659136414,734.3468601997597,0,3
0.5473214345739182,1352.2023783925838,0,3
0.32335588637007134,1323.0109143261013,1,2
0.19076254801470982,1249.2876253975462,1,2
0.4000428648189423,1222.4157193430153,1,2
0.40223507520697893,1313.1480399108443,1,2
1.151835930963366,2834.8079636602556,0,3
0.16080024646709898,564.131224147597,1,2
0.22887758332080185,1045.0325631815867,1,2
0.10665379437714537,219.28278191132748,1,2
0.3510980698915977,1294.1210182966522,1,2
0.4542474746297665,1617.4659676885756,0,3
0.5181546400946607,1787.0571190376909,1,2
0.3518551516436984,783.0026861499416,1,2
0.17564692548601182,685.6408598087144,0,3
0.29543116697808247,2158.479805895599,1,2
0.18156430921563815,627.245533298296,1,1
0.30906297967824514,822.0431025819457,1,2
0.32839435550726975,1034.6172833194876,0,3
0.4361681668049641,1673.4218384903634,0,3
1.0637209873315034,2549.5855714853387,1,2
0.3411381697046079,853.7748964156456,1,2
0.04710286496873192,146.7931757088469,1,2
0.19491800428060696,486.149005753367,1,2
1.1674280450488774,2796.128489856794,1,2
0.9141652368659922,2852.6655344132796,1,1
0.023626588151118805,206.54357229371092,1,2
0.23061478001055036,1492.783230746646,1,2
0.6007037071910254,1905.5070906480387,1,2
1.3740405281196235,3222.509529759432,0,3
1.158563087414252,3772.803381091533,0,3
0.35446280761820276,1647.3145775487105,1,2
0.046699194104669564,244.24922538814235,1,1
0.02567749463993871,102.01634746568206,1,1
0.31972055645428327,1353.6379672260607,0,3
0.5810655579129786,2293.9195881998044,0,3
0.47217331131189,1946.3781888855715,0,3
0.2173695553138914,740.7004423666724,1,2
0.015525189376140228,80.95537643226668,0,2
0.00888303255303417,66.52537708903608,0,3
0.23176901602432717,889.8160418485795,1,2
0.5371177493786283,2532.6271386849326,0,3
0.017033619309044238,108.97776305255894,1,2
0.31634114127033547,1032.4827485033015,0,3
0.8316085768570317,2508.9466856561726,1,2
0.3987970033829245,1635.836296293202,1,2
0.4279684999528362,1108.1197621020035,1,2
0.34769292559507214,1185.6524920191653,1,2
0.18525206415080514,428.924739078482,0,3
0.6395657865699667,3945.38771554034,0,3
0.48298609392430114,1515.2340468402135,0,3
0.46368271929011096,1381.8283476451875,0,3
0.026281908265476328,105.85348809391823,1,2
0.28566516967987393,1845.6421084929943,1,1
0.28297274481926904,1095.889902522216,0,3
0.4487835767695684,2232.099018615654,1,1
0.32714277183171536,2824.3518434844455,1,2
0.6294897574226319,2467.465149818307,1,2
0.22037957079924245,680.7051221838541,1,2
0.31716707765679997,859.7412643979014,0,3
0.5612839722373932,1312.4613128130377,1,1
0.6522054625712295,1989.8230036615626,1,2
0.09874843285188689,712.4257029590827,0,3
0.5291113334130935,2035.7654074779523,0,3
0.4378491017144109,2189.1102464290047,0,3
0.07632063440879457,731.0141887213822,1,2
0.12649149934638854,774.7248620616286,1,2
0.286492111136599,1498.0011144364478,1,2
0.323288445367539,2091.1899949060057,1,2
0.07736627427629186,268.69851534426084,0,3
0.3972326107016684,1521.3826452706064,1,2
0.32645767561480754,1530.8544534008631,0,3
0.2817775930297402,704.7004561775498,1,2
0.6816315953702149,1466.9240951110505,1,2
0.48010034701675197,1276.839956060167,1,2
0.5675133940558539,2416.521176365911,0,3
0.13458564910616744,369.89462007511787,1,2
0.179571185324968,692.6560977489062,1,2
0.253099227906298,976.5146622120235,1,2
0.6053288586755473,1364.5763470545362,0,3
0.7693968146283373,2671.7538631129964,0,3
0.8035988631533578,2132.448573944929,1,2
0.5641123983359916,1534.8317025130025,0,3
0.2593016655765811,2072.143341682513,1,2
0.3096697623191964,926.2639105935374,0,3
0.30724908256747446,2189.8764207185523,1,1
0.5862060065915412,2328.165656704425,0,3
0.6051970256323622,2345.4758973050275,1,2
0.3639409466588053,1182.8176044225586,1,2
0.35768483733610584,2181.9447411581955,1,2
0.859974678555588,2140.763458853514,1,2
0.16087770056846706,1290.3344019534227,1,2
0.4884297269448651,1283.4250407812508,1,2
0.10005098805419833,731.0453820053918,1,1
0.381340283440193,988.1707596645155,1,2
0.24507801870093343,741.3147120373903,1,2
0.7526943575549745,1773.279349051076,0,3
0.03253680448900489,316.72454537362705,0,3
0.31240711294786194,1923.635544014623,1,2
0.549633178269389,1800.8270667784498,0,3
1.1553902028421421,2770.656394227443,0,3
0.023434757133431888,103.97682284407118,1,2
0.24909833386489938,1559.4023209099278,1,2
0.21273005359620528,1299.372001676604,1,2
0.15266633468344223,1222.9700323852273,1,2
0.3275434333384496,2332.2876678160374,1,2
0.2943326974514697,1229.9387846237223,0,3
0.6445803737962479,1442.0235527117277,1,2
0.16143196340303484,649.5947463628999,1,2
0.4904572407935145,3018.015078718111,1,2
0.34799682524165926,2154.2495130296284,0,3
0.14542193233910428,389.7444547608618,1,2
0.23201886993528567,1539.2617943020937,0,3
0.4472871731560017,2751.150413778355,1,2
0.07207848101482688,346.5145844406057,0,3
1.3252557041542232,3115.8142490860973,0,3
0.6446088368050519,1752.3896936359642,1,2
0.13076354470482363,408.47320297700804,0,3
0.5744578922520006,1953.1353096933524,1,2
0.6243318861424685,3855.4552644082924,0,3
0.028946405739642703,280.58999582412287,1,2
0.9203995628243853,2154.1938685186815,0,3
0.7921900212367498,1706.602876544634,1,2
0.5480540703916531,1737.5254686544552,1,2
0.885405872240916,2402.3269485708724,1,2
0.6982913276679323,2105.277110576743,1,1
0.11665776698398053,263.24466352596585,1,2
0.6586997088664733,2108.242421877475,0,3
0.6743383265155316,2329.903429885426,1,2
1.1076569173567525,2465.5643194621375,0,3
0.43856631850818834,1028.363255755296,1,2
0.4478314025983041,2756.395886859855,1,2
0.045808462655990805,185.84713156113392,1,2
0.24300291874778454,567.5948019739182,1,2
1.2471112537485243,3383.1341236079666,1,2
0.2668568753822407,1646.1607350142522,1,2
0.3585801506197568,2189.6827738554643,1,2
0.515095004208851,1165.4285574148153,0,3
0.09649636805460052,636.2961426860193,0,3
0.15911616383896657,620.1353511838616,1,2
0.09938263521812367,499.265316085637,1,2
0.15011902686146192,403.8760390080622,0,3
1.3578260613741715,2921.5214103983376,1,2
0.36901375721862845,2699.739829629564,1,2
0.6312850900846669,1916.4062094832927,0,3
0.10375583200526363,280.0901776581553,1,2
0.7565287665532507,3099.7210256550825,1,2
0.26150779615783387,1228.0440867335212,1,2
0.20366006084348853,862.6243553526548,0,3
0.13845996719056258,988.991708713553,1,2
0.27946464574435326,858.8157427667926,0,3
1.2709932882219994,2637.2966720666245,1,2
0.13331660834473796,952.6017350778966,1,2
0.3631873418752891,1401.6530413211424,0,3
0.7917649340500413,2072.120868832238,1,2
0.7255949830586396,1924.5042210795075,1,2
0.41841137585751736,1673.1737265583179,1,2
0.9158443940747127,2862.2992212504705,1,2
0.11150241559072643,797.5557248765205,1,2
0.5959676424114478,2336.9753085074462,1,2
0.33003944814751407,2137.574373083446,1,2
0.6130659910586883,2365.8779702466404,1,2
0.4169837077805608,1259.9055314601667,1,2
0.0735156812211659,464.4082383041908,1,2
0.025983545584063922,95.42318051074457,0,3
0.23260552782533325,712.1547494658023,1,2
0.564482631985728,2329.4095669055764,1,2
0.3095867961437497,1054.142110768922,1,2
0.11702623792359192,369.53000434664875,0,3
0.0686612921029163,240.10642393716148,0,3
0.4458693813577601,1202.2524676136006,0,3
1.0028452691677199,2403.536784450187,1,2
0.18238830215086516,723.7123633794818,0,3
0.7689064581153953,2400.8643572084625,1,2
0.30837754235407316,727.1434629633055,1,2
0.500950961935906,1333.1020924144068,1,2
1.1233796769451756,2332.781307385189,1,2
0.44960868332596565,1857.3295245234726,1,2
0.3648691226227199,820.3747330888996,1,2
0.12345206704627981,490.4525258451352,0,3
0.2942442089540978,1178.715592474573,0,3
0.7841330730968988,2049.0084597716877,1,2
0.30727824555320127,1609.4391848464559,0,3
0.07173347048520852,524.078577804364,0,3
0.6043790473896101,1604.5074417834983,1,2
0.18472141176404913,714.8367562352735,1,2
0.11520084878814636,462.2196314367223,1,2
0.4921553353432271,1502.6489717155255,1,2
0.9404666394151225,3865.6900176263944,0,3
0.5360152852210978,2101.4100217057917,1,2
1.0605998180277008,2772.2376606407756,1,2
0.31599691026576693,1975.3141872904678,1,2
0.22670922473521352,786.0889331176712,1,2
0.520296524423938,1663.5246897170166,0,3
0.4995517200627116,1075.85286763602,1,2
0.5097969567414676,2270.74427586471,1,2
0.050763407546544535,131.55301558513167,1,2
0.7589404995077,1891.4394897182685,1,2
0.39435848125424755,1166.219773355768,1,2
0.5627774705608437,1923.8363617275477,0,3
0.4663397311341,1627.1907071527569,0,3
0.26944066491206686,935.1481300756982,1,2
0.18570923299468067,412.6526488109365,1,2
0.6649034691005676,1747.2927142774106,1,2
0.4598347977752812,1823.0810205711296,1,2
0.2795422327845911,1180.5738496987328,1,1
0.12859321873378296,359.79533728097164,0,3
0.13759903505489027,567.008187861072,0,3
0.2996727697475549,1188.9609719435039,1,2
0.18784066582798062,472.2720172049461,1,2
1.0702681095408162,2383.2620071844085,0,3
0.2785468192484215,702.8836780473453,0,3
0.4174969280762824,1616.563126248607,1,2
0.21885406567029558,1140.8864055894694,1,1
0.3779006607370934,2323.865294528201,1,2
0.07815580755108299,335.32924667953563,1,2
0.18493865842700508,1164.8127506497453,0,3
0.19042835736412184,1816.5895727161865,1,2
0.23220043805899312,782.040473576546,1,2
0.5947789700125847,1547.7874925517433,0,3
0.467688081949626,2347.5860404013233,0,3
0.055115863678013105,193.71692705886406,1,2
0.3545125411878241,1085.5772151435851,1,2
0.3020805576685733,805.4502986579822,1,2
0.4046179919115137,1541.5813149605165,1,2
0.18974102224579698,879.9915174885764,1,2
0.17165273910617068,1480.9471795871448,1,2
0.7116332108846138,2224.7217460288716,1,2
0.06613111094881743,267.75815081907797,1,2
0.1253449804368494,812.944416390127,1,2
0.7656761791384236,2021.9876478990902,0,3
0.04526973526721284,438.1816469683252,0,3
0.6382082379061216,1948.2485265162984,1,2
0.2758151253285771,617.165707169752,1,1
0.49671309057007723,1614.4714529102982,1,2
0.057550597154425565,201.53228709045223,1,2
0.16098218953163437,374.2891939692878,0,3
0.7963982880598443,2114.056037604721,1,2
0.7751993459529182,2984.522604557852,1,2
0.20291512664033462,1933.4576596735008,1,2
0.1347560455708405,882.1395869487812,1,1
0.34379011646307417,2149.1900076958004,1,2
0.2646796678080357,1903.141896292264,0,3
0.30502127721766753,1178.2095046953655,1,2
0.27350712900410273,1272.5827367238783,0,3
0.30804456680954095,932.7700143719362,1,2
0.24671371516820073,828.1266531526031,1,2
0.44789342366382057,2000.055423640604,0,3
0.2861968298887657,883.0632196571149,1,2
0.4871134274873384,1481.0328978571822,0,3
0.33089310517379134,2856.8516717777497,1,2
0.670707188760645,2024.559959988741,1,2
0.5362648219601448,1699.419329468313,1,1
0.4012360148091842,2506.6503671054165,1,2
0.5163408870572251,1782.7397944595498,1,2
0.3282966848153695,1263.721173894819,1,2
0.27120414562330625,1413.147122333515,1,1
0.02341639759448561,146.7457743607968,1,2
0.42604710753498354,1289.9485317560016,1,2
0.681757700205017,2084.642425086434,0,3
0.2438748238255859,1524.8192134158812,1,2
0.7134448997532872,2174.2129346611887,1,2
0.6923455529062804,1837.1016980480204,1,2
0.14443696820009183,949.1839144247976,1,2
1.0169381426863464,3000.1822481022787,1,2
0.09995167987309031,953.8318250346923,1,2
0.9006361229102364,2028.6896705654794,0,3
0.9783153667788865,2041.893251182104,0,3
0.14010298416491584,883.436085591203,0,3
0.3018961660148411,1168.0001337261706,0,3
0.02253479471272344,186.52496941032084,0,3
0.04271954171224386,185.44768772799006,1,2
0.7657667595832949,1729.0057464729302,0,3
0.2733872460560113,1671.5382848945267,1,2
0.15311399444694912,1322.849119406045,1,2
0.2572345328373156,1835.8205896171523,0,3
0.6830439354117513,2360.316097554048,1,2
0.23793139336368746,916.5775387594773,0,3
0.7589219532177696,2924.993365651964,0,3
0.16592430830243787,509.64610184324334,0,3
0.5536327860371543,2600.2268428863335,0,3
0.4856131185322393,2987.917727745704,1,2
0.7304799566382413,2814.0176935978698,1,2
0.5733809543830882,1760.571742423809,1,1
1.2218782570511288,3830.3372209799827,0,3
0.13338674447396714,1067.858351984491,1,2
0.06554401038748399,255.2016225110408,1,2
0.19696155582808422,827.8693725177123,1,2
1.4000606898003691,3798.0308040106916,1,2
0.2561708816423518,777.476176882375,1,2
0.05610598205990146,166.54757014257245,1,2
0.5616323106254602,2167.043500616714,0,3
0.8155008436736735,3204.61619398012,0,3
0.34582363162051954,1083.2217678115085,1,2
0.2350684443388162,492.53189250291354,1,2
0.4276732219764157,1292.1881648538397,1,2
0.21518534804152928,861.2284615544718,1,2
0.19135407163016,768.3132923969044,0,3
1.0834410808235186,2829.6379069046757,1,2
0.48706784274868237,1212.8881885369462,1,2
0.3448039276439883,2061.4486890529447,0,3
0.05774321553693411,230.207396322576,1,2
0.20391148674776782,1225.6641497383703,0,3
0.26604153814295395,878.8354564222622,0,3
0.19631399722791776,780.6559792063874,1,2
0.5351670055192226,1646.5470762070615,1,2
0.16669557831355505,1034.8548433617175,0,3
0.37066324088266367,2708.3018369691586,1,2
0.27120235184440117,929.9714088432363,0,3
0.23421937568251666,625.4319109570678,1,2
0.026685993511399626,256.1402771027813,1,2
0.318475316959712,1944.669544384545,1,2
0.691510612919253,2662.801712897526,1,2
0.6486776501958269,2180.857152169693,0,3
0.26333430310228917,617.4377265443021,1,2
0.1559357714252754,1250.048407044428,1,2
0.09918110394555815,262.7674677190433,1,2
0.29962405262674635,1284.3477766969145,0,3
0.3835946825110357,2002.132289211231,1,2
0.3624785829831054,802.9013211427168,1,2
0.11060590432498567,289.22338439524805,1,2
0.7666440809552207,2950.1622934448565,1,2
0.20752587057851837,853.1844519341136,1,2
0.03037727514573019,154.6510118038283,1,2
0.9419193778247252,2433.7105288210137,1,2
0.026866061669979773,66.19935528110062,0,2
0.11905954312140536,412.8649209376148,0,3
0.36866463827802515,1920.5397530832977,1,1
0.12102914358568032,1163.4107408113807,0,3
0.3268233945240043,1994.68694492783,1,2
0.2770095760865046,1186.7693064988318,0,3
0.07718464099131447,174.26108025119623,1,2
0.92186511661747,3614.1056708494484,1,2
0.39993159639664544,1856.2028879163188,1,2
0.9161100869790993,2380.9443941978916,0,3
0.509851935264827,1579.767754979422,0,3
0.14607430840661825,557.9262427636363,1,2
0.14066256550275535,1006.7742574552038,1,2
0.0637169069267928,283.8530433470795,0,3
0.20556460691238387,1294.9220910185998,0,3
1.2921386884271575,2684.3578593769194,1,2
0.7944132394791494,3252.2708812972655,1,2
0.3395418239885892,1003.7571714423876,1,2
0.18249916940906719,756.3598291270662,1,2
0.018409334453154538,89.82968643309913,0,3
0.7321262156842601,1824.258352922712,1,2
0.18706812021520983,979.1301930820931,1,2
0.3096079296390128,1550.1830921906283,0,3
0.52857913985324,2092.2520498605018,1,2
0.8079723030080765,2448.7429331725166,0,3
0.08918292941547512,533.6058824096309,1,2
0.43601859915378605,1668.9080627336068,1,1
0.2919127909651955,901.1266537223953,1,2
0.22449127945910385,1337.4536638602067,1,2
0.3707382797954139,1423.72218662066,1,2
0.17747271792677147,544.4272191342752,1,2
0.5795644490436244,1843.341449712554,0,3
0.03790289445631793,152.24621648465754,0,3
0.8952506730944292,2641.603970977547,1,2
0.48451453235040676,1648.4508931278328,1,2
0.3810819666429046,893.6942505200897,1,2
0.729975570341753,2990.1981704326117,1,2
1.2673211955190107,3438.4241348339106,1,2
1.1501870799165514,3017.1498370836794,0,3
0.19777521961717198,1719.1225846155617,0,3
0.5977014021102025,2274.6106983461787,1,2
0.7098012550666144,2177.480554449044,0,3
1.1855600408253026,2621.6287759240577,1,1
0.6148233886973954,1858.995455986127,0,3
0.25749557295390163,1022.3819539235586,1,2
0.2266225944238224,546.7774583164501,1,2
0.32544731121981824,1363.3505655538315,1,2
0.4764089513134914,1470.4095167896933,0,3
0.06754979384050551,285.7072173922381,1,2
0.2971947445070976,1132.2407441694502,1,2
0.20450394180360923,1339.6268942348677,1,2
0.5295748688539001,1600.476332455374,1,2
0.7814752120698888,2445.928670866749,0,3
0.2978852901509702,1553.2764414488327,1,2
0.3937683521009923,2428.0230516382517,0,3
0.18173624970772773,1307.2712216714185,0,3
0.11687295415757021,1011.0545726725655,1,2
0.08390703086950138,269.97402850200234,0,3
0.35530037606577247,1229.6774719597038,1,2
0.8166306866809246,2410.066400873091,1,2
0.32663882326486704,1954.6604886416155,0,3
0.09010684808122986,778.4587590394117,1,2
0.2782097215564877,1092.2675669334706,1,2
0.4559226439019775,1377.7016960529093,1,2
0.2513217574452942,970.1705323952914,1,2
1.0125079596778315,3054.6908032750794,1,2
0.1238467772867794,506.6290621913918,0,3
0.3629538067233572,1396.4504659534036,1,1
0.20603153519709128,1779.852119271584,1,2
0.16108537516929233,1542.8362976601197,0,3
0.025223055876568916,84.6421926732602,0,3
0.4981352066193056,2042.7693216606247,1,2
0.12000912499957636,320.33847643324356,1,2
1.002784645926324,2223.683115276972,0,3
0.3526584482519539,1475.8709632703376,1,2
0.12511597390425566,381.5560541250904,0,3
0.25908892453041193,2244.145053520274,0,3
0.5765908819389316,1382.075452128339,1,2
0.2141614840399467,829.9274314615852,1,2
0.8974538305781781,3517.9869724874197,1,2
0.6503733736115024,2011.2427324865357,0,3
0.7150444068260907,2469.1510344250933,1,2
0.4182135971027921,872.1919557298362,1,2
0.18785000620787803,1620.3619231934097,1,2
0.9454805008774041,2484.88783806963,1,2
0.30155390687920014,967.6577848747409,0,3
0.5912666625670138,1385.6761952794363,1,2
0.12082965799481607,414.95688979642824,1,2
0.049483616774943756,374.14390813844585,0,3
0.1403885863957863,868.5260607794116,0,3
0.5707018674585659,1242.9757531453515,0,3
0.8897075043451953,2415.9913552385187,1,2
0.3545528321143651,1580.654192216037,1,2
0.6001709007358804,1828.9232780915963,1,2
0.062018759527939775,465.11534849068676,0,3
0.5483090737977886,2121.3793333281174,0,3
0.05543492953510756,148.9742383805642,1,2
0.09044912222858925,551.6832852666063,1,1
0.06408053179153347,395.28982553394906,1,2
0.23341312725864113,709.9473248538354,1,2
0.010335820764882089,83.49717437859701,0,3
1.1500291804161296,3733.909253844604,1,2
0.19464031209773122,1030.2497053509553,0,3
0.17866509844043854,1090.4613888698152,1,2
0.19240202373215207,1662.2734510210555,1,2
0.6409831796545965,2711.3786919469826,1,2
0.26877724002430137,1921.1998520711531,0,3
0.3333890577533719,833.5531936647534,1,2
0.10183204201146483,431.0168596736723,1,2
0.6505739757280583,1353.0171353977405,1,2
0.6881440099619077,1722.6061882991073,0,3
0.05726724764465991,352.2946905334516,1,1
1.2793032630842738,2750.675881549807,1,2
0.47278157025232614,2106.38548013469,1,2
0.3746193469648487,1297.875460055849,1,2
0.37354459603658297,1136.4886518203077,0,3
0.15220145647167596,760.43799142313,1,2
0.2863847015148746,1800.9161525742657,0,3
0.08800883653687211,340.5241350908356,1,2
0.6271526475245482,2168.658132454834,1,2
0.0930743716825711,370.5457698752377,1,2
0.5336640253805306,1612.6439048103225,1,2
0.2116036191699768,1322.7551424898122,1,2
0.8446271304570931,1902.2034480131074,0,3
0.2859899601603325,634.2208206005353,1,2
0.19245032003718254,503.74497525274467,1,2
0.08923266162603177,580.7159821867292,1,2
0.25710775105979544,1530.4210659264843,1,2
0.7627225503926269,2255.6611494556532,0,3
0.5219389986401833,1777.2794151744667,1,2
0.303726458061192,2164.192043646427,1,2
0.025383757597705156,140.24661036509283,0,3
0.7823108956984555,1752.89255917784,1,2
0.12943081122721842,405.6043016554643,0,3
0.20083270214961987,1016.4762336724924,0,3
0.7056502256909921,1569.2639660169036,0,3
0.8546215699789836,2880.2242827352516,0,3
0.8808334880134358,2072.047396200467,0,3
0.3846613036791269,1135.715975389595,1,2
0.5823034776325827,1555.1068587903746,0,3
0.27319714081785806,848.0890897381705,0,3
0.986877981211229,2581.030375835581,0,3
0.22831104842355934,475.9669719238321,1,2
0.8838069265149043,2065.0589833411677,1,2
0.11707126839365695,935.3521430573875,1,1
0.13360713290859752,467.4635334620016,1,2
0.16526192775665077,1036.8087476257597,1,2
0.5614453059396183,1713.054621329462,0,3
0.4637980380326628,1426.478699377174,1,2
0.2950701687651482,894.5865615891917,1,2
0.1970284304379984,520.4824588166508,0,3
0.40917034917433087,1327.9882839316242,1,2
0.9204156390499397,2380.115275651876,1,2
0.27125727518061615,1047.1142145981369,0,3
0.2420466521206218,1938.8774940951398,1,2
0.4829528155148851,2240.143478121212,1,2
0.3858257546727457,833.1056091299538,1,2
0.2022370126707686,689.7341207025036,1,2
1.060877176558568,3314.2492492443507,1,2
0.6068837436459092,1898.186273193169,1,2
0.044971986291829164,192.2052640954537,1,2
0.47322144549674,2005.018857077835,1,2
0.2694420468080099,904.1886785660137,1,2
0.8215139262205273,1840.2172545560218,1,2
0.12097483340284675,865.9961841120921,1,2
0.277652819301852,757.6806967180473,1,2
0.04067823144444873,184.08845010065036,0,3
0.21945866786167256,1353.6202844884835,1,2
0.36574461267672753,1823.449015307087,1,2
0.4554450005175394,1801.5180105057286,1,2
0.3451850583403606,1358.2474014609131,1,2
0.8346822074363821,1794.1417995340012,1,2
0.2540432797512134,1563.4220933930453,1,2
0.18254991477421664,484.0517023386565,1,2
0.3344342383417624,1125.8409507660124,1,2
0.2652179378998389,1128.9925382091417,0,3
0.5481287899818288,2567.2374708033526,1,1
0.2685435789950426,1737.3713098600122,1,2
0.6863189489887731,1822.1722176860287,1,2
0.5426232365720428,2103.5856787443927,1,2
0.42833799798788347,1828.9090722963213,0,3
0.5069729522930208,2091.779877300736,1,2
0.778573125091979,3001.0638835618047,1,2
0.7388078853241181,1647.2543840185258,1,2
0.2024274440409192,1325.5342698143168,1,2
0.09987788843721304,731.1035804921542,0,3
1.3108169693764418,2820.229339604415,1,2
0.34975090937024034,1482.7177759241,1,2
0.1937209632854163,771.6570678421048,1,2
0.02782580651211088,184.4948172512354,0,3
0.014431590988859589,66.69933193973183,0,2
0.4841431006602447,1855.8968463502604,1,2
0.7063349209804456,1648.4789370622261,1,2
0.3405853649391755,1296.6228671478184,1,2
0.22953047640445323,886.078612946943,1,1
0.3444806160405683,1314.0722908673959,1,2
0.19487854166194804,590.3514836379845,1,2
0.08130421052357215,244.09921532096564,1,2
0.35728411155861217,1376.5763081391874,1,2
0.784186376084541,2721.632907419379,0,3
0.7745507732398556,2058.049834077912,1,2
0.4552974237886738,2268.2124572640873,1,2
0.23165959597816874,920.0087634699963,1,2
1.2185990995684362,2637.744137936342,0,3
1.5071689786863673,3131.591443668799,1,2
1.0316685283936706,2798.2801263227993,1,2
0.07793238712874184,742.7354694316674,1,2
0.10603524685703797,252.75213806389652,1,2
0.43484162962124806,1722.200457799898,1,2
0.27800998209428235,1070.1717797186257,0,3
0.583229466344579,1999.5999902567696,0,3
0.23593861079496053,1681.8433624654826,1,2
0.13569629986426446,569.2664999217125,1,2
0.4182900424557907,2741.4801498996344,0,3
0.1878233994935346,1503.0078944844622,1,2
0.46542977714490386,967.5886789001921,1,2
0.28002943677665737,1470.7845258706336,0,3
0.727050899509672,2850.7691852064922,1,2
0.25720927050980935,1063.5545607235752,1,2
0.21026737538696064,553.6974087103436,1,2
1.0405178827483195,2159.6778317009716,1,2
0.8473520272460284,3471.5134886898545,1,2
0.046088121900668806,293.3015738082822,1,2
0.10530291639988083,319.8675611609591,1,2
0.026020111251315408,80.75431786334876,0,2
0.6349652161169321,1580.1285870318889,1,2
0.21552125806493116,667.6460597289451,0,3
0.23952047039302035,916.0066989615033,1,2
0.48195936528806854,1891.1849679976422,1,2
0.25587931054937446,1668.3014597153779,0,3
1.3255158372477114,3174.789523636247,1,2
0.1936622471254362,672.1854217981493,0,3
0.1183339609723306,314.2728010022302,1,1
0.35220510252617754,2217.1666919420763,0,3
0.5548329005528752,2118.65884748448,0,3
0.376361467598596,1442.0479169848836,1,2
0.45697536365824726,2276.6825923521496,1,2
0.5060254005585765,1566.1379652083158,0,3
0.7249224490047366,2222.796120366434,0,3
0.38292964047279876,1909.3436154595959,1,2
0.9221353962872957,2382.1943809944505,1,2
0.44069118437430704,2709.725258454181,1,2
0.09689849031095636,790.0559014178557,0,3
0.2642514802855715,1389.890175506726,0,3
0.12911406916282325,1034.8216869562657,1,2
1.196984063800172,3885.2536661952713,1,2
0.30154534335745364,1400.092387694149,1,2
0.929456262832276,2443.578931869655,1,2
0.586383285814868,2609.09198121425,1,2
0.007087886251543834,71.39869209253501,0,2
0.05312614502043605,352.2688531521697,1,2
0.08982753146995164,858.5306995535487,1,2
0.4713309907248696,1867.0125099302925,1,2
0.7510173480302146,1672.7054912960054,1,2
0.24304852534803276,744.2351429504755,1,2
0.25990881185401304,681.7094009265945,1,2
0.3526570293640168,2581.070922747157,0,3
0.3368850412449991,887.114495604276,1,2
0.161986872561963,1155.95389601593,1,2
0.021829727974042507,67.99616355527813,0,3
0.6837904062573779,1535.7811367211516,0,3
0.24064950547889463,1255.3576675969205,1,2
0.5243191801440662,1816.903867211289,0,3
0.8762517771123148,2178.6843576464275,1,2
0.08571158051926442,333.33022765153663,1,2
0.18649333783043787,1775.1180518803176,1,2
0.021349549440715473,50.43836522406886,0,2
0.4520576150227266,1909.5016460177324,1,1
0.02075389667024934,81.75671694270585,0,2
0.06520337231640595,479.9833082711635,1,2
0.3014558535992019,1010.0209023490081,1,1
0.09832090795069845,300.77342718324064,1,2
0.24370061175210483,971.5102505750215,1,2
0.8222417815808422,2524.489783439925,1,1
0.9987127972843453,2609.8675207451747,1,2
0.4113704190783895,1265.6979284081942,1,2
0.13308301161604882,556.9347769844636,1,1
0.05782186132808195,375.9518131350062,0,3
0.33876794643398095,879.13456703905,1,2
0.8327817378392435,1858.8953505726395,1,2
0.16520665619958444,644.3262869860503,1,2
0.951880129568465,2277.6456541629504,1,2
1.1658012695766649,3639.772396415043,1,2
0.7851456186610783,2639.759932664232,0,3
0.1650833237591955,765.6585848196265,1,2
0.5765972287185246,1829.3418786137913,1,2
0.3399909495299534,902.2308750180594,0,3
0.7410487021049301,1731.8513915431658,1,2
0.954622795621622,3248.3411747305795,0,3
0.2197629425080556,1343.0162709113702,1,2
0.6702450104051504,2030.7039747233277,0,3
0.27892374791638463,1144.822351388207,1,2
0.049450429435636316,158.1805193371349,1,2
0.15497804442932292,607.4530708940663,0,3
0.12364259604488206,897.8662327676702,0,3
0.5867683765660152,2433.4630594124096,0,3
0.07641572278651156,471.8218571109004,1,2
0.637959722559949,2201.530788363791,1,1
0.04073706776847116,155.3694640696925,0,3
0.4710132282805554,1229.4255613347264,1,1
0.08401565226176246,341.07503217625697,0,3
0.17801444246591047,693.7149527893978,1,2
0.7767188762687379,2063.3681010456917,1,2
1.1938220371068338,2485.6197999315023,0,3
0.7269249613628019,1699.23440221683,1,2
0.9420391487586092,2110.381299877148,1,2
0.6975014795047663,2875.7670199430854,0,3
0.052157289283039636,423.1437922865715,1,2
0.36692222407182246,2684.8876413336425,1,2
0.05412658963433007,345.36207530323816,0,3
0.10190452966179944,392.79718712687844,1,2
0.05071190161995548,448.54188742320696,0,3
0.35588192568743865,1229.9889868245677,1,2
0.8284800466304476,1865.6252755024002,0,3
0.027017074887191933,179.54916648459232,1,2
0.06597847105234732,429.51948980445246,1,2
0.47254550813641155,1271.7994975166891,0,3
0.2298415964330547,1634.7672606613849,1,2
0.20316881852265914,652.9818358189327,0,3
0.4926552163744003,1548.72687136335,0,3
0.4633327269892537,1952.841803530701,0,3
0.6965654255850837,1678.295545445351,0,3
0.5233584557348132,2194.3835023699894,1,2
0.5472458469850139,2149.39122205002,1,2
0.4274195041846178,1655.595296861644,0,3
0.12592243654641638,382.34465554464396,1,2
0.3311516621675163,1557.5864115305685,1,2
0.07899020530979468,753.0228168824558,1,2
0.1015964770622163,626.2185362957755,0,3
0.7631688290817755,2641.7123325415205,0,3
0.650680170862673,1711.701715635001,1,2
0.2782700442144307,1450.1626813930243,1,1
0.03648994737013567,242.63933242960667,0,3
0.6290944927281734,2045.4365824161641,1,2
0.6506699836506961,2212.8669583707638,1,2
0.3628909243503879,1154.7748872904344,0,3
0.22256656261452476,700.8194843920963,0,3
0.49156590844275594,1617.4199591937338,0,3
0.4497627750828323,1528.8961015117554,1,2
0.27739417847818953,748.1340219084136,0,3
0.2904754192175514,2073.2206536437593,1,2
0.48767396495341525,3006.16881319192,0,3
0.07319492906428525,292.20416123775067,1,2
0.43000253838906394,1658.9467547306135,1,2
0.29372361015055554,665.3232936919596,0,3
0.4762155289296906,1644.5907868871193,1,2
0.36421734600821876,1237.4647595414754,1,2
0.11576164271861318,1104.4660030468822,1,2
0.3706491392826113,2707.134382496792,1,2
0.4128488362061622,1640.9152406793446,1,2
0.23510175487347892,1439.1084952579765,1,2
0.2853192293843331,1487.5742464346722,1,2
0.5221557352649226,1129.4263727882808,0,3
0.3549134610507237,2298.3190876862936,1,2
0.1677957328203828,588.9356988989332,0,3
0.198452528707029,431.8144938155856,1,2
1.4210161636387384,3778.8864252032645,0,3
0.6577577452765279,1468.63613943732,1,2
0.3736487578123563,2733.5322740299134,1,2
0.6135725212064242,3775.8389196223725,1,2
0.6137524693972591,1586.396896366769,1,2
0.18643306892659894,741.8393860743082,1,2
0.7821185418046177,1683.265726022526,1,2
0.035659388937644136,258.3141751937047,1,2
0.11724743496317773,366.7832310800598,0,3
0.06488128354597937,305.4852340302254,1,2
0.4040831187754595,1365.5354921348012,0,3
0.21484354833550365,651.4315973685369,1,2
0.15637803185376922,373.19673632880415,0,3
0.5096270295671361,3135.6705465814753,1,2
1.16162024608258,2736.7989874549257,0,3
0.3139860445788703,1965.269409765703,1,2
1.1857882176435655,3145.33895407064,1,2
0.9134367371374197,2971.394765188592,0,3
0.5426229509070848,2090.1236522978247,1,2
0.2248705256516609,469.9952827151471,1,2
0.23601646660747372,1005.0055165945475,0,3
0.5839412272008012,1779.7472650107907,0,3
0.6810097610383166,1422.1981967062936,0,3
0.5326369650123968,1667.805149799222,1,2
0.08319023306077712,388.4472538215615,1,2
0.268787133512064,1074.5679163299399,1,2
0.0801813441903987,270.6273894810897,0,3
0.4848251385968626,1448.3291680744346,0,3
0.008820666936630731,53.47356118181832,1,1
0.183842919042105,1130.8038350166094,1,1
0.08330117007330415,337.63522763594204,0,3
1.3909806499811181,2989.013295294144,1,2
0.09602075546896469,254.65501778145565,1,2
0.3184034190888732,1976.01461074878,0,3
0.09745525903735518,461.4326293246461,1,2
0.8450060833146696,2209.2325266161515,1,2
0.8579512460487139,2013.4356423072495,0,3
0.4040362686416837,1233.8640195891214,1,2
0.3598076827702065,2214.8942088484864,1,2
0.980400121238226,2969.7000227298295,0,3
0.08612074472821724,760.0578508399328,0,3
0.15052832486367423,899.7440407179967,1,2
0.2545051878903636,753.8976693583246,1,2
0.16940987824465267,1047.160510508423,1,2
1.1583475424228658,3081.489302589303,0,3
0.7983360325036867,2604.9365641077493,0,3
0.07201739273810097,151.2789775366586,1,2
0.08243453396962229,318.75779384556284,1,2
0.12521841853169724,352.231290573901,0,3
0.1775197422020808,605.8633462399577,1,2
0.0907847771840899,360.6291844837678,1,2
0.278156158351108,880.9934017299121,0,3
0.5325338138869848,2129.125448519755,1,2
0.3318134422350079,1287.0027923421117,1,2
0.14197758067734895,1010.8466438313783,1,2
0.8704115192214492,2085.3777671435046,1,2
0.6364101032462512,2533.316445562892,0,3
0.07921496931410743,776.6910553249711,0,3
0.1593889837955304,975.9019724166199,1,2
0.05360105574545623,124.38960311049175,1,2
0.1987719453715929,1897.0247930035619,0,3
0.09262821416440929,293.82615626462456,1,1
0.5436524506964879,1678.6150390550804,0,3
0.5844279777120954,1825.9720966330349,1,2
0.8199738220084317,3357.7848337239298,1,2
0.2962093610452196,2112.930646870507,1,2
0.3485102663893729,1340.5890592232686,0,3
0.28912158938229093,1805.864042856986,1,2
0.5597612803825605,1166.1955846129963,1,2
0.3030072787764225,1192.0441310916176,1,2
0.33128822499471233,1053.0546487641027,1,2
0.6376717495208561,2023.4778662323847,1,2
0.6889457811479474,1449.6239807951467,0,3
0.31029875435433185,1846.0328362332214,1,2
0.5296705236513907,2055.0267975820216,0,3
0.4757726861590846,1490.4150237016152,1,2
0.4249074674377098,1891.0347687547262,1,2
0.4772707398466784,1269.9575197898398,1,2
0.9868563265958677,2556.269689140921,0,3
0.9188255610630105,2869.4921382419984,1,2
0.31438558161493263,1092.3500323551896,0,3
0.24002871943179882,1431.7858339386507,1,2
0.8010707560094504,2462.917323690366,1,2
0.0440466452565609,150.82387027562572,0,3
0.6490183455296125,1681.1097001073283,1,2
0.6537112613690187,2044.4930098244295,1,2
0.3919037888627139,1763.466560425614,0,3
0.33342956252635575,693.561016625916,1,2
0.26964323859736267,1149.908005912321,0,3
0.3783971375379175,1974.1956884721822,1,2
0.3931144043556199,2401.4317837071135,1,2
0.6260492696969251,2107.084143698201,0,3
0.23420694176684412,1870.4743585159786,1,1
0.5657580491797483,1501.7725089779706,1,2
0.5955901697893076,1558.2731080189837,1,2
0.3361705217054555,2184.80974590467,0,3
0.37397749574214656,1440.7302324186478,0,3
0.45827773042618203,1749.469561146481,0,3
0.15376226409575003,533.9465477340941,1,2
0.6909271788786688,2830.622251662331,1,2
0.689149940976836,2107.4500533087194,0,3
0.3089810921657752,951.6569234290716,1,2
1.002549755571434,2080.197465372501,1,2
0.1454832496800359,964.827095395137,0,3
0.08065982781172211,374.8277798587211,1,2
0.46253142361708316,1032.0827887417038,1,2
0.04976279291751756,431.4345891767674,1,2
0.29915716609079973,1047.0698833880354,0,3
0.27796193137126485,578.8622825664416,1,2
0.1335551607934973,349.5985298872307,1,2
0.20559046636412814,558.8047612386094,0,3
0.35153628378319296,1649.2426243952204,1,2
0.11359670809703683,542.0454756666678,0,3
0.6648751946726118,3115.7665001223,1,2
0.4568166261145362,1769.8970824149885,1,2
1.543361114065955,3211.277628257747,0,3
0.3178217225656248,2267.7736599161276,1,2
0.527778358089052,2008.498254319632,1,2
0.0754467750869508,342.7898333690069,0,3
0.19968334474355898,1426.9671398985652,1,2
0.3401551076769606,1403.9731166487772,1,2
0.14682117416333265,1075.0390408180292,1,2
1.431879316441979,2983.4259628455784,0,3
0.1631738111901835,647.9067162465667,0,3
0.44965648989080564,1090.5067836713615,0,3
1.1225300323378542,2974.981234372144,1,2
0.2772242746957953,732.2009486847063,0,3
1.0962256136523734,2426.2648249217796,1,2
0.2302730234846523,890.6514112934591,1,2
0.2990784255804107,2391.1292275905907,1,2
0.7290191593091531,2866.6369515197916,0,3
0.37559880754837244,996.1475730575595,1,1
0.7107946152279565,1529.2221286394513,1,2
0.2512395886658129,1575.0870868317413,0,3
0.6889468929413781,1872.9914092630831,1,2
0.34168980270311294,1318.826456516808,1,2
0.232516045638881,527.1173597595458,0,3
1.3679990315992259,3200.3572938784314,1,2
0.7169338359277688,1728.881679988773,0,3
0.8169487582023882,1821.9275138037701,1,2
0.9568417838015635,2539.848658942507,1,2
0.2787000139268835,1662.9911773995352,0,3
0.37312019324362095,2445.720146053648,1,2
0.24864771244313408,611.1719672071771,0,3
0.517012081201871,1976.0110798274316,0,3
0.5401346399945376,1395.1204553611512,1,1
0.5482645985355769,1671.2815852066879,0,3
0.03364037057393318,106.7884175591022,1,2
0.6067608615211256,1866.3388905867375,0,3
0.17873306543361853,689.0462509256303,1,2
0.5932361883830684,2782.633391640528,1,2
0.5748664452590999,2009.9474071814045,0,3
0.6274804164000988,1503.8663880094814,1,2
0.17787185813529055,1061.2711048201982,1,2
0.03182655171723322,136.96577826860252,0,3
0.6864892716704658,2122.281007576419,0,3
0.3934130889032598,1202.4110853540749,0,3
0.9739054448686437,3062.245846850499,0,3
0.3183420220796789,1273.080218907618,1,2
0.19144969985600319,1265.7531136762784,0,3
0.37712719805397954,1566.5570258664882,0,3
0.5229332033656504,1270.295229763322,0,3
0.15733754052589075,445.4708699356422,0,3
0.2743408281294812,1102.4590100663706,0,3
0.5476276048432842,1143.628287379474,1,2
0.2634167257400052,704.990802687369,1,2
0.5895040607392888,2004.563527334317,1,2
0.08686441011296038,619.4752990985954,1,2
0.118162955044794,730.7744389278898,1,2
0.05170061350322546,318.2830871109731,1,1
0.34651164094037307,3003.670642249344,0,3
0.5905853464861799,1321.043239841023,1,2
0.533122417384533,1812.8394167342396,1,2
0.28144210883220494,1419.5359587878784,0,3
0.24936152222564054,1614.1447585522594,1,2
0.18603338806599096,726.3405868895284,1,2
0.6178112634735431,2620.776425728782,0,3
0.03835423715795164,309.3707179118786,1,2
0.8077297612985016,2525.6252242298615,1,2
0.01719674688825464,72.26311694319588,0,2
0.428548451042816,1440.0699909174555,1,2
0.2574895193248578,989.3161163425282,1,2
0.2720137144739867,655.7979554267895,1,2
0.2757333560807171,1985.6290024613031,0,3
0.21667524288895915,670.3437029619289,1,2
1.4800259239238622,3072.4534465132415,1,2
0.7263688036161595,2450.0198509539036,0,3
0.4299474483900837,1400.0668863717867,1,2
0.13714600091616008,635.6346837286674,1,1
0.05587867400727899,221.17866539152993,1,2
0.04963753780627696,326.22278744031496,0,3
1.015663977805711,2191.615062581022,0,3
0.3718944764808343,1941.8111856729845,1,2
0.9810051016080521,2957.7553910648116,1,2
0.48596686362057145,1096.3732778030987,0,3
0.6560399775266501,1456.937125965315,1,2
0.2667972464928121,1048.2624297161121,1,2
0.528008665478481,2224.994704619747,0,3
0.1579375352524992,651.7617650165718,1,1
0.916982302066446,3087.64407275857,0,3
1.036029611624351,3371.5732272263062,0,3
0.4426556777085459,1712.1359743710518,1,1
0.41687028523372893,1616.9982380895206,0,3
0.1492683618933686,782.8022490601957,1,2
0.29335868586972763,1808.3876654761625,0,3
0.3531025626676709,2172.9440648711807,1,2
0.22070557015248332,1370.3145636711351,0,3
0.6933796440138648,1791.6065008006503,1,2
0.45700688990738886,1780.7529507248287,0,3
0.5147796748472938,1972.391570228845,1,2
0.47336955888716564,1612.359866410295,1,2
0.7467583446183769,2337.3918552982664,0,3
0.27496233011827,1069.4473792853737,0,3
0.2861971945095747,869.8655018890381,1,2
0.5606646066819834,1725.3876653890748,1,2
0.7517918427315248,1874.376534683298,0,3
0.1134572932881018,435.147403436503,1,2
0.4344904938841518,2843.3934407714323,1,2
0.10498905200904184,259.1305414482325,0,3
0.19653570962933786,1436.1042036182769,1,2
1.2087361760861608,2891.157179619129,1,1
0.16181013030392424,978.0117856008548,0,3
0.31934398450518836,717.4195145006855,0,3
0.3087162769440086,1838.5080198723865,1,2
0.9425724765079526,3058.3837257121777,1,2
1.0565515480185368,2769.1498857527686,0,3
0.6367013915826021,1960.2426790801383,1,2
1.0077316001670482,3271.4429594555195,1,2
0.7770369808498337,1734.0076716779813,1,2
0.5276875263299858,1793.3070685791388,1,2
0.518847229409074,2311.1609651416193,1,2
0.3911826944218189,1516.4337632484567,1,2
0.39573291097924346,1209.5982946355737,0,3
0.259066656616057,698.6207391352632,0,3
0.48088723927700927,1451.7628349872618,1,2
0.7151682939278405,2802.7653288933816,1,2
0.06663372069904086,228.50092566754572,0,3
0.22219120273544346,1381.3471270199702,0,3
0.5235553871721115,2143.4151274996493,1,2
0.2810900461567927,645.5904660925185,0,3
0.21728608745846623,843.730857600468,1,2
0.2050841074257834,652.6233169448955,0,3
0.04248814843388164,114.84968228572946,1,2
1.179925069155024,2451.0019312331187,1,2
0.13528693130482786,297.5165328773981,0,3
0.4480620317137373,1188.554883333174,1,2
0.3861135261222776,963.5215475520786,1,2
0.3108344294648398,1084.8519782101757,0,3
0.14717843181200793,768.5168348251399,1,2
0.3300229656881466,1310.0528317585104,1,2
0.7277679173690347,2216.8739848981013,1,2
0.03001969476050817,129.35601364903,1,2
0.23362825077827487,1400.8751310217153,0,3
1.3946729628545689,3268.2371358323303,0,3
0.4102410809659774,1912.7660870052682,0,3
0.6639781278889263,2227.6383380194025,1,2
0.32846276539135466,747.530513049154,0,3
0.09838190467170088,586.2565211951122,1,2
0.3866319195268407,1227.1070446346196,1,2
0.35086191640246794,1646.3690718695216,1,2
0.17971854112054383,403.31070425145435,1,2
0.7753088466203922,2423.931400292832,1,2
0.38670429632183473,1494.6164871588787,1,2
0.1796813698096041,433.5458421986454,1,2
1.1451375609531198,2472.8311574394443,0,3
0.6850741895882861,2329.1665542316964,1,2
0.6640391377454355,2023.2427009053424,1,2
0.21919020474247652,472.1727360663403,1,2
0.39190596916845366,2396.8538687329383,0,3
0.521562572644794,1773.7164977476675,1,2
0.618965673816603,1387.4046433782885,1,2
0.7065284984449061,1470.105548073575,1,2
0.06008970753309752,222.3843828461162,0,3
0.16069619990218303,420.1044728195373,1,1
0.42113764339531534,1874.6025143627012,1,2
0.03402339455423411,244.96613725722912,1,2
1.1123624304007134,2309.328358579138,1,2
0.11567455801053303,485.3203503224774,1,2
0.1240775842169237,531.9574376259815,0,3
0.6328095973270664,2480.9388865948017,1,2
0.08857833813937077,543.8379193974208,1,2
0.3287206190482094,1270.6065504171795,0,3
0.2882108583257526,1282.5091071691113,1,1
0.292002386635493,898.4253133937226,1,2
0.3036444177340761,908.151001582295,0,3
0.18475077427792586,1759.4509547774653,1,2
0.4639377402446266,1402.5127082292415,1,2
0.1682073905339093,692.2989117988931,1,2
0.09640191151400974,306.079233235433,0,3
1.1634780460821659,3156.4667336641446,1,2
0.7600780161456199,2550.030048793134,1,2
0.09870195570656984,395.21113627604393,1,2
0.14768978001502223,401.3303434250794,0,3
0.3208537110607987,2562.4692712725478,1,1
0.2869873538537122,966.6162397411637,1,2
0.7417170839677824,1657.9731981918699,1,1
0.30646650684869375,806.0229419153927,1,2
0.07781743729796185,206.9514106674074,1,1
0.027361419484937453,108.51864935409942,1,2
0.2054123632637117,1224.811240413537,1,2
1.4453986539473374,3918.6375624500724,1,2
0.14288682608501874,480.89475846938956,1,2
1.1350012309359931,3691.4878174741025,0,3
0.1613471780915502,616.5633046833184,1,2
0.42192530139078815,1607.5565641206463,1,2
0.07881200902543037,184.90564864413216,1,2
0.3573971301895726,2561.2237780971554,0,3
0.21052635539909922,833.8977475399606,0,3
0.035904773483679674,145.43977517883016,1,2
0.5927603538110792,2013.8383336302588,1,1
0.5150908003669504,1572.2180854007602,1,2
0.2350292563101285,696.8847642861824,1,2
1.3020846908224217,2718.213471253727,0,3
0.048061935868328985,344.91597766260475,1,2
0.029923833601618845,131.35162264954013,1,2
0.24458404806950682,942.4403319276724,1,2
0.051236092698406004,115.16650223191152,1,2
0.04023972979980042,259.7677266643043,0,3
0.4035034056478851,1673.1786727734318,0,3
0.1795070088439855,1125.774331564708,1,2
1.3877902708026613,3676.920740659899,1,2
0.3337709760654303,833.3665715598296,1,2
0.6891087615442116,2655.7472094052405,1,2
0.10969065055334894,265.5144948683731,1,2
0.7105649615017929,1847.9477102762255,0,3
0.20048904333502426,1257.1790053423522,0,3
0.19046589354110782,1233.076927345256,1,2
0.8971609403394148,2100.2071621502655,1,2
1.3167479430107119,2742.9302534474514,0,3
0.031055346924167743,122.6610896078964,1,2
0.6951849555076904,1444.8796938313071,1,2
0.11486775403403186,241.8421730786111,1,2
0.12108064193656164,582.8853896066928,0,3
0.1838136688128832,513.1824378263038,1,2
0.24840872560281446,550.1222113628658,1,2
0.1105696702934383,424.0256411761005,1,2
0.6734857772004188,1564.7472364367757,1,2
0.22928736484850518,1488.7486949695365,1,2
0.6325499390114198,2476.1010124515083,1,1
0.28226742809212146,603.4286127860715,0,3
0.5385986919080397,1959.9058407565626,1,2
0.9298914199439695,1973.8988746092712,1,2
0.03295597916578818,307.39804735982534,1,2
0.14556408659975126,1334.4350809013629,1,2
0.023365413101794838,61.7714317891141,0,2
0.5005887880120288,1165.059378879476,1,2
0.6163645643730084,2501.1701232167056,1,2
0.295739848774102,1384.313285149352,1,2
0.4128325467820736,912.8621643870658,1,2
0.4944333188878694,2233.319052923121,1,2
0.1561526328388328,389.2947253020725,1,2
0.583113150687501,1221.9155673175574,0,3
0.559874347864635,2397.5119111611602,1,2
0.7420253912715967,2499.9922268458445,0,3
0.6830577839109494,3014.0258409761723,0,3
0.15565849199469567,588.5194562468372,0,3
1.1944971219713048,2530.8376662894057,1,2
0.23852774394463272,1966.7832044966478,0,3
0.4583909116759131,2043.2817911987806,0,3
0.03093729491078871,157.2233077492714,0,3
0.25905940483546397,1281.6750739983056,1,2
0.32733777902507233,707.9711485856919,1,2
0.34196105960075096,899.5063135813303,1,2
1.2743539767307903,2698.16506882475,1,2
0.7227055208865532,2417.821391697753,1,2
0.9610540554528875,2374.247411813552,1,2
1.223060051541607,2721.57698554636,0,3
0.7969335413924825,2552.164788615694,1,2
0.49403848864056765,1109.2896950186298,0,3
0.181887063254631,781.152423446413,1,2
0.837190241270212,1810.3140082949333,0,3
0.3490985051044052,1229.7766043291347,1,2
0.44368263121140844,2461.7839980527815,1,2
0.18648571961913255,1227.746267226998,0,3
0.3922375306981406,836.4514530235341,1,2
0.6395591672072649,1309.2311883495825,1,2
0.16079483793049398,614.9183396897387,1,2
0.23845441762392816,812.3541155799378,0,3
0.684380337790914,1510.3977077384554,1,2
0.1524747930812504,657.8608715314099,1,2
0.15672353298469605,615.4495944634617,1,2
0.2650801211067469,621.703961107123,0,3
0.7919333430348251,1616.7702895537413,1,2
0.38282997834561766,1366.8017067599105,0,3
0.19079838292106913,473.55821823062297,1,2
0.4165921236137946,1349.3107071325885,1,2
0.16201957091244312,452.62310759452697,1,2
0.039474463820724386,219.64954427256478,1,1
0.33222639189479547,1477.972815288057,0,3
0.5352622176562436,2487.1700487621642,1,2
0.21072541497976707,482.78887101316644,1,2
0.5480095484923856,1773.7523431248562,1,2
0.25886826042858435,1217.2742463388906,0,3
0.9831689125298646,2891.6732956039555,1,2
0.6407552921781456,1683.292619575434,1,2
0.039544612117003296,117.72739163500738,0,3
0.5699073926764268,2313.28771632025,1,2
0.4899836599080228,2685.0651242959884,1,2
0.16684781655991485,1611.5957697975095,1,2
0.37380424268653967,2623.4728546454303,1,2
0.4058190613350054,3716.287050474595,1,2
1.2977937339443752,3086.7376881396553,0,3
0.3864584930629776,1669.8228998310562,0,3
0.4656643989614843,1717.7689605844027,1,2
0.21288932637205749,1183.654333070218,1,2
0.3236032438357379,1756.2088773938742,1,1
0.6641047838283795,1751.895858970524,0,3
0.20566341684210168,927.9716587968592,1,2
0.6977227696676486,1456.9596975736624,1,2
0.46783805401210093,2704.9012047569595,1,2
1.2235840918444636,2560.6415523578,1,2
0.2956453663060623,640.3023775827494,0,3
0.23080322514770296,1075.8321580446934,1,2
0.7903772363415206,2078.3750007198037,1,2
1.017078172013616,2826.134009060002,0,3
1.463337155869737,3100.7720927565865,1,2
0.34195617512590437,1466.5403811359374,1,2
0.49746458419456435,1467.2485247818654,1,2
0.6345581854576008,2619.1196423490314,1,2
0.545191400828698,1769.2361629263905,1,2
0.17696966015267288,1166.6923441209067,0,3
0.5454982336828039,1904.3247115053352,1,2
0.25405468269971804,1131.9042887474295,0,3
0.7099906187915076,3042.497875607039,1,2
0.034914712089443994,114.53125824559574,1,2
0.9963776025013085,2774.5107666809713,1,2
0.9746974457445308,2043.1817307407885,1,2
0.23564464068574834,758.0206542322389,1,2
0.2730493213160956,1239.6309202062853,0,3
0.5346051207100957,1339.2763018705466,0,3
0.8338429244031751,1763.8016435070906,0,3
0.394975770630702,1447.3850445791638,0,3
0.3046326932581644,1256.263054462429,1,2
0.4768103256672979,1108.1024420914828,1,2
0.6802236122983684,2815.299444983097,0,3
0.1738993606381553,373.6617842609842,1,1
0.3312967589978408,1545.0484031997826,1,1
0.398972160031555,2198.532378704218,0,3
0.8191882617106917,3618.2833271584464,0,3
0.14660570046783986,627.5758251769709,1,2
0.20078221696703008,863.7875428287433,1,2
0.6041259883936334,2470.184797613371,0,3
1.5120950591861688,3157.0806146201244,1,2
0.8753455922495321,2930.817338985664,1,2
0.14765530506004737,817.8706344336898,0,3
0.7848792975653408,2633.1677334442197,0,3
0.1250221292919019,731.0980782547202,0,3
0.18904913735543852,1568.0255486324731,0,3
0.4269702229293691,993.6421920498016,1,2
0.5795817872379754,2041.2474739666,0,3
0.44362646279379925,2065.588759698713,1,2
0.3484186365399331,1369.0130872943448,1,2
0.14111061284576826,570.8096675458069,0,3
0.7170532696734683,1520.5875776596567,1,2
0.6702882971994132,1953.0071234486566,0,3
0.3905974878966599,2745.4518952069366,1,2
0.07324452431650989,309.0127331440034,1,2
0.4298360130170687,1936.6606278663792,1,2
1.093589404311304,2685.420653637936,1,2
0.45708762604559594,3217.28262375028,0,3
0.18058109123735747,845.2221075052561,0,3
0.4491678801962657,1451.478200473329,0,3
0.21422922422824897,529.1519999986809,1,1
0.13149751963965636,591.0146775413768,1,2
0.05177262632764263,435.22628778225163,0,3
0.5061696126915344,1059.4191812173458,1,2
1.1465469042009526,2711.429293353792,1,1
0.371671769295779,783.516696029358,1,2
0.10808130194113164,252.02947466920494,0,3
1.4295606051833272,3013.712825673068,0,3
0.7128712517734167,2584.7377138476513,0,3
0.20108354454848382,456.00026225151856,0,3
0.38127822932168615,1774.1407745221113,1,2
0.10097045261356331,550.0870907902078,1,2
0.0891935529510619,238.00616663920493,1,2
0.30130144658197705,1809.173528132284,1,2
0.4240450017499404,1628.2215023096185,0,3
0.49978151493285916,2886.3779639336813,1,2
0.7274557491209505,2697.3153319852554,1,2
0.4129296928918397,977.2755434390056,1,2
0.5018900800945834,2230.6209365469413,1,2
0.5257709385953229,1120.7965148634225,0,3
0.29657152622363886,701.2029591598176,0,3
0.3532136273935199,1602.8046199769399,0,3
0.05241583049744495,133.792645088735,0,3
0.3278920276402361,3015.1873631203416,0,3
0.4258485815336608,1921.8159355031723,1,2
0.7749779026395387,3336.994975358901,0,3
0.1677862361158263,1378.2594754069085,1,2
1.4854172421647784,3188.137068614929,1,2
0.6481536373766971,2355.0520005811586,1,1
0.33436061237691217,2347.8319033936436,1,2
0.2360038995331605,655.735421880382,1,2
0.5214060355843736,1082.9651179110663,1,2
0.5278091987870243,1093.5889947534808,0,3
0.15546082740676745,1274.8254314405824,1,2
1.1094040805641057,2339.5558421808673,0,3
0.31026194869430856,1461.7309177008003,0,3
0.5771275404319566,1426.2355973223446,1,2
0.050207109605438796,204.0274963876456,0,3
0.1597645455802045,691.6424112143442,1,2
0.8296738436861677,2779.8770219259545,1,2
0.3914017681460474,828.153842586641,1,1
1.3667146771528074,3020.5285284105325,1,2
0.7108078946233417,2024.863463714189,1,2
0.6708552609205126,1393.0927612249482,1,2
0.06006743620726159,362.6325000843855,1,2
0.3399379007665213,1964.6316131350102,1,2
0.028144661529641582,92.29045682739206,0,3
0.8822467280730547,1835.453787095965,1,2
0.4529102111773816,1196.334319579507,1,2
0.10570408731260876,869.839516021688,1,2
0.958683791562778,3556.297478778645,1,2
0.5704483522586943,1228.1524456452455,1,2
0.9190163225251732,1930.3602531303234,1,2
0.746727676248215,2751.512234134943,1,2
0.571135891439455,1853.1510026088845,1,2
1.2155272612877057,2636.828777695871,0,3
0.6107360568009157,1967.155872744867,0,3
0.21484223204119748,762.7113696686586,1,2
0.1663869385663284,487.91391942411525,0,3
1.0188943988273242,3301.7004406343026,1,2
0.994444236303417,2253.5972171561516,1,2
0.7995631447697198,1659.0965961745567,1,1
0.3418091753132844,1410.6129559466679,1,2
0.19425963920113384,1778.7801736868398,1,1
0.4671474247267144,1997.6354002417515,1,2
0.32416510259265674,1473.2394957622707,0,3
0.15975932168872786,683.7655212266966,1,2
0.40661143788662574,1000.0339533820968,1,2
0.2052039044751005,1985.3701565674228,1,2
0.06392430338000689,351.929743988926,1,2
0.2757021873788669,1099.6213278776263,0,3
0.016256421663810847,104.83864729132571,0,3
0.32523953256363963,1390.5215653953637,1,2
0.33115343632245825,796.5147408161711,0,3
1.063906118750048,3141.7906434507736,0,3
0.292208095149244,1259.0182243128202,0,3
0.0881556703848177,366.58642553673036,1,2
0.17766279214329067,779.0016204921291,0,3
0.17960942601415353,748.5634127105089,1,2
0.040913164936985776,166.810261832041,1,1
1.2640731005965058,3515.0135042447546,0,3
0.2612953740897784,646.303406888834,1,2
0.7746494033713281,3316.7798638539616,1,2
0.7504051058393536,1574.3905065675572,1,2
1.2942281666956605,2858.901990086224,1,1
0.29123298996147057,609.5301632965783,1,2
0.17431748963426427,1328.6728527817527,0,3
1.5468245975907993,3256.111724913557,0,3
0.08958801791948197,496.0349388648168,0,3
0.55128607876558,2361.1455671387207,0,3
0.19243382856109273,1769.0590114269817,0,3
1.256579079562163,2699.821346235358,1,2
0.778496158413154,2048.4348101933037,1,2
0.17384663357095886,502.61612930248765,1,2
0.3623207725130871,1786.3792084418517,1,2
1.2204926415357118,3000.3657491350223,1,2
0.10669039258206194,234.96040547202287,1,2
0.20611810085297716,2001.9507220328942,0,3
0.6119144433818777,1695.9738882131749,1,1
0.8452639189496528,2408.8783932976316,1,2
0.18560989795334326,733.2965485724382,1,2
1.2478676784593528,2750.8790424471767,1,2
0.418202618052603,1533.3575706712525,0,3
0.26964937570031644,1638.303955044138,0,3
0.7359728088766372,1715.2267431715861,0,3
0.13261711436754467,511.93296456297776,1,2
0.12981572399225744,511.88390703875655,1,2
1.1143172084025863,2751.8198871418217,1,2
0.09080837805290884,504.6782296596769,0,3
1.1683832488952444,2582.77552186626,0,3
0.2762250701767344,1658.131713200615,1,2
0.3961592655033359,844.0215240237933,1,2
0.4347742883209843,2028.2687532790176,1,2
0.3577563825671223,1455.49745342983,1,2
0.9460630321362496,3523.2879993427064,0,3
0.359418087679393,1775.2886027262268,1,2
0.08988018024041328,317.51674986590695,1,2
0.14233709358331423,311.85671042897457,0,3
1.3977313835356728,2941.4116871927486,1,2
0.6172389254012999,2547.1364284655356,1,2
0.1643539498077077,1351.6548458881955,1,2
0.46242949181876714,2148.76096912563,1,2
0.7872585703539581,2524.955546117387,1,2
0.3106727273762442,650.8096259030518,1,2
0.3766490119747633,845.2846840991026,0,3
0.40791195016489784,1907.2409356081228,1,2
0.4369697198558821,2043.005185025932,1,2
0.31372337583563176,1105.142047487173,1,2
0.50192037713441,1182.229653943117,0,3
0.010628305478919624,71.3066939008382,0,3
0.6705743744331155,1931.324819901905,1,2
0.5100491745894604,1349.5859538139366,0,3
0.5013734041966678,1848.5169944389752,1,2
0.7001487952406747,1457.3104346408263,1,2
0.885804766036549,1853.6998456386152,1,2
0.21677035614301804,2107.2606125670604,0,3
0.9077828908794834,2228.893745698839,1,2
0.11807190309734995,709.2867683825264,1,2
0.2716818805082225,1221.0924893959398,0,3
0.9421165606146633,1994.3420393371675,1,2
0.08278660066992823,458.2030096444319,1,2
0.0799789660587121,445.590813676024,1,2
1.2235391930434538,2553.968589886155,1,2
0.08959350473117052,328.2107806051624,0,3
0.5901852218984677,3410.889735603521,1,2
0.09446756058702402,911.4015651686351,1,1
0.04429340551552726,141.07838356686167,0,3
0.2762522911732174,1058.68884237301,1,2
1.5795099786710751,3492.4264792025747,1,2
0.4406288369110115,1947.7887501007103,0,3
0.39890001557417354,883.0853407944622,1,2
0.9894717240316281,2910.450900543194,1,2
0.43410242534002585,975.5328055014725,0,3
0.936193363025677,2222.219560904272,0,3
0.5354661372933234,2293.6844729875784,1,2
0.1139304550500941,315.0155894736716,0,3
0.6552713021854417,2422.4803026739096,0,3
0.26896223321212276,1501.992070476035,0,3
0.9218127016685808,2564.960745914531,1,2
0.9490294804467595,1976.1561770149895,0,3
1.044873403561309,2415.298915705829,1,2
0.5004874171057154,1832.4368242015603,0,3
0.22262905673591923,2152.7147266983293,1,2
0.04993639504363924,248.43032135722532,1,2
0.794038724863245,2567.8209359862026,0,3
0.49941821398173036,2466.662274010639,1,2
0.25643601007165984,1958.5737307388697,0,3
0.6772738563222893,2267.8885533447765,1,2
0.2606988437252067,644.1559847725836,1,2
0.30825643423523164,706.9863744838165,0,3
0.6904456852421316,1989.8067419790677,0,3
0.13087375000990664,565.1240777904253,1,2
0.3263543724428838,2314.729832338338,0,3
0.9040299600976517,2384.0000641735314,1,2
0.8302069989162749,3056.3417514718335,1,1
0.40374112066773776,1898.4996302601642,0,3
0.15154769668335635,850.9629595004394,0,3
1.2878996247437897,3575.965478134723,1,2
0.12382093636382117,1021.9553998296784,1,2
0.2690722913582573,1210.6906541492463,1,2
0.1983486228540959,1204.7397066601904,0,3
0.15468391904511267,1170.8735865800245,1,2
0.5496984797857312,1454.4893646674152,1,2
0.9245637414729005,2283.366429703857,1,2
0.8833670440507286,2043.867362061042,1,2
0.14916047759844658,1079.14624444941,0,3
0.5904273573396219,2079.801931873458,1,2
0.021240378385462565,83.48332315614884,0,2
0.34404540859061683,1421.0056951037382,0,3
0.3677797199387623,1656.5191496623415,1,2
0.33945502313709797,897.5336942754601,1,2
0.54038442949789,1932.8437369014803,0,3
0.09610361732085945,348.55327331477525,1,2
1.1115151358146316,2763.9360713184283,0,3
0.12350478865867154,513.8980000843239,1,2
0.8729272098646512,2490.044868102897,1,2
0.34837850546679466,984.5415313851109,0,3
1.2586701096168245,2637.548323458648,1,2
0.02167223273504389,123.15085982587813,0,3
0.39273473092452177,1859.6422843843015,0,3
0.131081041244725,1271.2012337292144,1,2
0.19521377059483044,1893.449859109066,0,3
0.26701096499702714,723.3163205098509,0,3
0.2874592488041558,1354.577158999336,0,3
0.06442110790399345,232.23754103659104,1,2
0.7797372445760441,2872.52481654906,1,2
0.5011637031120403,1336.6950658095589,0,3
1.2093480127904035,2534.1913155136535,1,2
0.5484939130901019,2709.9963622383407,0,3
0.29308134874871855,1293.5548098653592,1,2
0.7372162945290285,2102.7780989788184,1,2
0.34454891050897163,1890.1165735513086,1,2
0.34355934620712714,1527.9060693577112,1,2
0.5786117667979354,1243.4231418734926,0,3
0.3990960078158198,2594.4173363894865,1,2
1.5239648958574878,3201.3762110746034,0,3
0.3583829028681744,1054.096386390113,0,3
0.4836183194081062,2184.961022737707,1,2
0.4030025744075936,892.6651670735998,1,2
0.3136341923380012,1740.1599790463965,1,1
0.20552412491514757,839.058740987128,1,2
0.19972318849453305,588.1179363480068,1,2
0.05202006471945285,427.1795817412582,1,2
0.17842718505767055,972.2190177743654,1,2
0.6111086017158693,1716.4532881857003,0,3
0.7147000274637355,1698.5891496476568,1,2
0.2980903541305892,1233.1976331819212,1,2
0.5446421259605577,2334.357131054392,1,2
0.3026679158843877,2154.8976864157053,0,3
0.8956546348120317,2218.030916447307,1,2
0.8432547906680937,3616.732121546621,1,2
0.9936494814637483,3684.618830244794,1,2
0.3354200400557693,1220.895647073799,1,2
0.43691348816874503,1077.9615099132657,1,2
1.1004326576569015,3064.971924077139,1,2
0.018718049312041022,183.93374837608812,1,2
0.3360787650269761,2392.0115726087383,0,3
0.13673450729490927,1040.0650118853412,0,3
0.7648490616999472,2133.29965318949,1,2
0.04451938770874921,430.97973836689994,1,2
1.4013940542339298,3021.1352644100402,0,3
0.5045772964718309,1449.0304426303785,1,2
1.2457568911577228,2670.6970728425695,1,2
0.2902901551302011,2215.551173324377,0,3
0.1668894862662587,416.7459676504978,1,2
0.30601420469171803,2147.7504403597036,1,1
0.4644417626097415,1558.9295194177341,1,2
1.537832567642609,3231.6076616075293,1,1
0.4381175897300727,925.666660636739,0,3
0.2433856931078667,1138.0762152270304,1,2
0.2526972063084925,1375.3788229801207,1,2
0.9663349599038815,2842.155288792323,1,2
0.26194480318762053,1971.310237895133,1,2
0.4515268434425808,2229.6483845514167,1,2
0.27007235184044365,877.4648399004994,1,2
0.30193833478390675,2298.070605436371,0,3
0.2612335137984103,584.0714711716939,0,3
0.6456350419592339,2348.2482036212446,1,2
0.8984591571940508,3007.778120070823,1,2
0.7514833572474171,1640.6465057501266,0,3
0.7664988947451904,2034.026575177052,0,3
0.35793851387630093,749.4476250862572,1,2
0.14575187853899618,688.9618047069686,0,3
0.10100446092414221,304.61585911606545,0,3
0.8427491251067059,1859.5241571632973,1,2
0.4393422430049043,1975.825901305702,1,2
0.7601637452557612,1684.6182492079686,1,2
0.5390103786707593,1556.473067042538,1,2
0.7156104175143295,1777.5089042529805,0,3
0.5100726214277089,1644.245771982939,0,3
0.03383340477890571,281.35302888509597,1,2
0.1698273746119622,649.0723692178501,1,2
0.3152783112857816,743.3896393046492,0,3
0.7716785493490111,1909.6417397649461,1,2
0.17306173497623234,396.1105550225681,1,2
0.38683463663563317,1102.2361673740802,1,2
0.1375994200197531,1262.000308124077,1,2
0.19889094686661477,767.9682322067225,0,3
0.1975846955407346,697.6811041070442,1,2
0.04428149498635052,364.00536042983015,1,2
1.0043953368307674,3374.0596742089056,0,3
0.3751432642187034,1685.1611751265061,1,2
0.7467648956229305,2393.492306705453,1,2
1.0026809551056939,2082.255166757958,1,2
0.10167559499019212,336.31610709124817,0,3
0.3902552401101977,1813.218650559776,1,2
0.3871569810851519,1738.1383773943933,1,2
0.1767114048580112,1706.944692640852,1,2
1.5341772963928386,3402.1135230669297,0,3
1.2998350902851892,3602.830894241056,1,2
0.08725907807086461,846.3877929047977,1,2
0.7508337982999831,1591.4052470938561,1,2
0.10930504207423741,601.5959819519751,1,2
1.1873906992015362,2544.322004238956,1,1
0.6695460120074762,3672.3158054092573,0,3
0.07897681340517175,762.7203730602184,1,2
0.3152224793204762,1472.2236005662105,1,2
0.278677602933497,689.8471014708492,1,2
0.45069798884030243,2104.5632433024102,0,3
0.39731344839103455,1785.5859622354192,1,2
0.9886957954588068,3309.312620961533,1,2
0.42789078923693646,1233.7765757150216,1,2
0.1710555565485573,1567.0669596034384,1,2
0.13759783299694667,612.747628065831,1,2
0.8113014295938515,2335.4658329646245,1,2
0.21522999818230462,969.105071485208,1,2
0.17642813398524018,1707.126362450472,0,3
0.7448136219743329,2757.2087793942196,0,3
1.2932919405463648,3597.967138874431,0,3
0.319594738026836,1419.92471494527,1,2
0.5079605078199165,1196.3838146178805,0,3
0.0568319128645712,344.2746475073003,1,2
0.45455478121844967,959.2372399826473,1,2
0.9363029069567972,1984.116444116654,1,2
0.022741386629038064,52.78136330934343,1,1
0.7917890591128601,2193.578046532499,1,1
0.4367959882187676,2830.925471642194,1,2
0.607644259228176,1600.2255556547955,1,2
0.3104348963600359,1330.3959307742482,0,3
0.3383081617488618,1504.5775118672316,1,2
0.39666160900921704,835.1220339881813,1,2
0.9449117593352733,2621.12954911917,1,2
0.4632173223855511,3010.9013508622234,0,3
0.7143679270235028,1493.6740857593513,0,3
0.1836747336182868,1507.5803237536506,1,2
0.18713518689702605,804.5428243594915,0,3
0.7594568558288065,2194.713919988338,0,3
0.18202563010757214,863.8426337588369,0,3
0.13679752784183097,536.9553268116019,1,2
0.8630633315617261,3124.447608575767,1,2
0.44927858734252474,1566.6779347468396,1,2
0.57489426673262,1657.6033970182461,1,2
0.9677958735462195,2137.950230006403,0,3
0.5814494251603322,2865.78688298579,1,2
1.0416364811999468,2899.4967979517246,1,2
0.4709371223698591,1643.2473501254776,1,2
0.2135313251443468,997.2920311286601,1,2
0.03948785930224414,117.18763792175916,1,2
0.38695941804836825,3541.4535275748367,1,1
0.36084043190808596,1263.9261815853474,1,2
0.7490017856502151,2157.6061577313726,1,2
0.5901894252807707,2327.9770266083074,0,3
0.3066186758395123,1703.4141763503962,1,2
0.50572522747214,1457.861913079506,1,2
0.7240115523836811,1784.8186935257759,0,3
0.13333626759992745,467.0599510765343,1,2
0.30374369538034346,1177.5812968994067,0,3
0.3412193228689341,2052.6155682890276,1,2
0.841545551654683,3703.7101284748983,1,2
0.20575277885762627,1152.9652406185526,0,3
0.8153701935561201,1804.279383015663,1,2
0.5858624083831757,1669.2963427118393,1,2
0.46085382811473774,1213.0226668398266,1,2
0.1479219533823307,395.452381425488,0,3
1.0613062780139584,2452.0719246917274,1,2
0.22988711197585396,747.3843914888917,1,2
0.9880942518781068,2063.6624704808114,0,3
0.40413789605481304,1295.2993492575056,1,2
0.12537164251821054,587.4510732894408,1,2
0.7479528017185456,2425.3513453745772,0,3
1.518176865219283,3357.8386666107567,1,2
0.08626396303222604,214.55907147024615,1,2
0.0981669340319495,569.3400399219248,1,2
0.39237475770701197,1382.7055700579258,1,2
0.31477514651372557,2217.2640567348676,0,3
0.275704342788492,588.4789625425046,0,3
0.5511911617844433,1767.2812957746967,1,2
0.5897242187034858,1550.8451197915133,1,2
0.2762456829566141,587.0726566333466,1,2
0.2892573427831767,638.4275796852181,1,2
0.44485188061908393,984.3628321579614,1,2
0.07269045755319078,155.2158060668405,1,2
0.6786008854315647,1607.9303120604634,1,2
0.09904076207491781,253.2964727596997,0,3
0.6920385935315808,1709.3051712579268,0,3
0.5299426389868942,1402.7048637787232,0,3
0.24923094299332874,1234.8042865097862,0,3
0.6545428752302205,1826.1840676185511,0,3
0.5926970798479742,2672.7316639184296,1,1
0.12810798604503953,450.20713392237036,1,2
0.17789290793909454,683.3139572403535,1,2
0.5583628871284957,1304.389910116811,0,3
0.5088128907163983,2066.7812834191277,0,3
0.16923910296491732,1099.093144154927,1,2
0.31741157917182844,1482.564521154688,1,2
0.20085670035791892,772.6878151245054,0,3
0.8167543443985746,3593.1466660613987,1,2
0.10833392828954429,506.4499992614847,1,2
0.07431694580172496,613.1124971665921,1,2
0.2088932118085423,954.105955587544,0,3
0.17802849833543688,1637.3929260219447,0,3
0.36160699010344405,2538.350196188385,1,2
0.5645459073101532,1989.0029338586098,1,2
0.3444664762670476,1541.1786377354204,0,3
0.13185744383338227,291.3696197580503,1,1
0.06845801428227985,564.1963778216264,1,2
0.2438165614428086,1361.4822609794746,0,3
0.1371408161261151,290.8071048835905,1,2
0.4125590101052075,935.4884631758956,1,2
0.048171288061087954,111.75549642190185,0,3
0.03436179056809153,241.98782750413608,1,2
0.691010544259264,2310.873023382091,1,2
0.059441567075386996,343.2248683318955,0,3
0.4124718979547612,2386.4616826161755,1,2
0.13323511613878602,345.0356644484646,0,3
0.8019441353240359,2286.6394559482433,1,2
0.12893885206593256,1244.1529801147058,1,2
0.6240945282099033,2087.663389342396,1,2
0.05483941259010794,502.93461061218056,1,2
0.2557470362593776,1160.8430041072052,0,3
0.4857644704384872,2394.8917422735867,1,2
0.35680324668975133,1261.8993864567515,0,3
0.23988062556286693,780.0210146418308,1,2
0.6932273687042457,3436.1710764464665,0,3
0.4527461709279621,1127.361679557685,0,3
0.05507463920782892,261.57659707308966,1,2
0.9169569047424263,1932.5653698952608,1,2
0.7229976052175182,2088.1166952996277,1,2
0.15776046007193148,360.0889147582813,0,3
0.17706759649119005,687.978293786938,0,3
0.4403033697576268,1982.5111160122854,1,2
0.10761773401020536,1041.436613061232,1,2
0.52285763120951,1095.6175416210388,0,3
0.4154474765388434,2919.9851391139646,0,3
0.5009544863811524,1316.1104592964841,1,2
0.11483333193249035,942.8683111872541,1,2
0.03731735757326794,119.66687726427233,0,3
0.024455836570931713,148.4881189128077,0,3
0.44331200491084566,941.3226586780269,1,2
0.03564316890215711,144.31701197675466,0,3
0.7498567690560207,1841.414334036616,1,2
0.5224071186049712,1094.9955583643236,1,2
0.42326289916300464,1809.863053058873,1,2
0.1119698775460296,360.5404497531999,1,2
0.49954620321833004,1439.9807468045856,1,2
1.0246636370881401,2425.6543067046346,1,2
0.6147863812275287,2173.344148850472,0,3
0.5768011007330912,1270.0218450089092,1,2
0.061716585626299995,139.64454356588521,1,2
0.7168240463038292,1771.5880059878816,1,2
0.5134424338418507,2117.5300878774656,1,2
0.25924455397094526,1951.8431923582177,1,2
0.09904189775846475,575.142668765122,1,2
0.8185357695482367,2754.239566173704,0,3
0.277525211875684,571.8831036553254,0,3
0.0923659315632992,553.7691997393105,1,1
0.1252526946550198,572.0247479841549,0,3
0.0935444807888942,206.89730277780544,1,1
0.12587006561273675,1224.5588595393099,0,3
0.018391153838705758,94.53408640616493,0,3
0.5239531697047121,2588.7898389375746,0,3
0.14482813626727264,510.28090122278735,1,2
0.40707157776245856,1429.8259561445027,0,3
0.4294451546611341,918.7776231771111,0,3
0.26281728857130404,1437.557439427408,1,1
0.19050133607459718,760.835104176826,0,3
0.5452977425964471,2214.6017372603224,1,2
0.4477483664104952,943.3777397825594,1,2
0.6156162839795473,3556.8981680508787,1,2
0.9255877218947572,1921.4778071701228,1,2
0.06839342052120685,306.9306952149147,1,2
0.3167218340113747,1479.6963084777892,1,2
0.359530516104391,1253.164662134475,1,1
0.24725506185133503,653.2529677058451,1,2
0.213756994293068,1285.3676501607254,1,2
0.5142454842712479,1081.505450786462,1,2
0.4249530685707265,913.4269206076872,1,2
0.8291053495135816,3573.0833605260705,0,3
0.871602136333609,2303.553251149959,0,3
0.06117567687583498,276.0438041123621,1,2
0.13616375641608094,505.5118889496971,1,1
0.7213639845788116,2662.9610929554037,0,3
0.1452376639064204,1192.4755219371482,1,2
0.19011213073648142,1044.063805415576,1,2
0.4227417150811729,899.3468698662335,0,3
0.2574357114108648,911.4769721061195,1,2
0.2599014288948145,1462.5544468823095,0,3
0.7369388707811598,3261.300088475806,0,3
0.5099230989187115,1907.346057442602,0,3
0.9880858425802561,2093.0258560210427,1,2
0.11176546411639275,266.4450084634964,1,2
0.5225182634190195,1691.6572078329216,1,2
0.0916418231006008,191.3497630818064,1,2
0.18887012655760632,883.643971877178,1,2
0.784135632456605,2629.4974506397166,0,3
0.16437033744913881,553.5339672208121,1,2
0.7504835803333602,1530.871260537663,1,2
0.6113095553905042,2620.2522050573966,1,2
1.3610624066750987,3005.100501117284,0,3
0.28595900891991954,1595.4900592148426,0,3
0.654558792484277,1522.774807699301,1,2
0.2397729864754295,871.9502865557258,1,2
1.2673473851768209,3515.3761297575656,1,2
0.8608935697067952,1859.0080240481534,0,3
0.24060667137837605,1559.7163554408248,1,2
0.3061476405675857,624.024834954981,1,1
0.33832401176608995,1522.4587379963007,1,2
0.01836081198253362,171.00498315512823,1,2
0.5003850738720492,2892.5204447385668,1,2
0.5317877454481743,1524.9198874690471,1,2
0.2232125768224809,724.0860967843324,1,2
0.5575606628163016,2382.5587143791,1,2
0.3731413752215236,1599.895334831913,1,2
0.2332367578221114,1646.284174561735,0,3
0.184950990071756,605.4653397316871,0,3
0.4131218035278845,2258.803369878313,1,1
1.2915727754849258,2767.383024364865,1,1
0.057227334749762465,239.7767037095499,1,2
1.1526973082301835,2413.075735605785,0,3
0.4938937341649442,1890.6071375811355,0,3
0.15830952537329157,1194.6355059354,1,2
1.3101097998613973,2894.3439970505565,1,2
0.037545135500773756,112.73567414873015,0,3
0.18597555520692666,848.4664280320804,0,3
0.574176677977567,2463.6969771903796,0,3
0.1754907804122637,517.4298580365436,1,2
0.12298849141264788,289.3821210612058,1,2
0.40027847521355797,2593.9110194344566,1,2
0.8343757311684339,2048.6484837107246,1,2
0.47725101432263317,2118.177143574997,1,2
0.34035731638956407,1978.0649653974651,0,3
1.2009029158348596,3540.443456519927,0,3
0.45411162506837544,971.2778575356955,0,3
0.025109862972131938,114.50438983475662,1,2
0.1760890957524651,1155.9408814959083,0,3
0.3104948245656154,666.1451910357134,1,1
0.2236344024584512,1572.724221710065,1,2
0.4947015647968695,1052.265987716803,1,2
0.10596453461203113,408.47778460079587,1,2
0.046337388705479605,113.36399807369965,1,2
0.8318251927156689,2194.4588558496644,0,3
0.3970280446119999,1105.8117525958571,1,2
0.13529898244369482,322.2928233142777,1,2
0.24551748312315835,1166.174497556398,0,3
0.3409067175079742,1258.2670344948103,1,2
0.009049554046453228,100.07031059454854,0,3
0.6641341391737321,1436.5872694356399,0,3
0.7511360178502609,2092.9376144690223,1,2
0.5818843064955928,1869.5585497907605,0,3
0.9186551309172172,1922.5905106884932,0,3
0.36020384746205647,2536.4731594952063,0,3
0.45515536410816726,1784.0431196448355,1,2
0.24140196072891484,1567.6459532811396,1,2
1.046460066583101,2906.9752407586593,0,3
0.04664725898785083,126.37116401740778,1,2
0.11578554006356756,248.30166677611757,0,3
0.5854306749276336,1895.6315735832954,1,2
0.1135946960661015,739.6509346743525,1,2
0.055552923714530016,199.0345998488574,1,2
0.10096487082386957,471.064135119345,0,3
0.25384632230403215,948.205227744227,0,3
0.08964777129283877,538.6773351035807,1,2
0.15033893787803904,531.4859741188106,0,3
1.4414085609541565,3059.662286594455,0,3
0.1841891565378032,533.5389462124035,1,2
1.422323249495494,3064.718735337438,0,3
0.1416014243225109,1162.806345115963,1,2
0.2141190238371548,1164.577398534864,1,2
0.5483330012331749,1220.5644843298505,0,3
0.35068641743872486,1630.3757275022206,1,2
0.08448553921461138,508.10192011006785,1,2
0.24339995780761015,857.1539484608461,1,2
0.20534251187956493,594.6956303349217,0,3
0.2458377013573863,708.613242965128,1,2
0.4458735731974098,1170.7904844150619,1,2
0.03171657039763654,88.8595243175558,0,2
0.3957549952666434,876.006669127184,1,2
0.2360465226296226,545.5344748351296,1,1
0.4996020563494198,2886.3072156801622,1,2
0.05102242996401582,281.4590088457349,1,2
1.309118785480403,2894.108639785679,1,2
0.36065104205368,759.3042204785356,0,3
0.16227614159836656,353.49173502405125,0,3
0.5292063097454601,3058.633815690316,0,3
0.35610873063608517,2067.471897060757,0,3
0.6739773063607731,1595.8164398017195,1,2
0.28653291924014923,1555.2697201835952,1,2
0.24284172474706608,537.8662606853051,1,2
0.7876096686892554,3372.276426879554,1,2
0.6404439546898816,1480.4759911211538,1,2
0.09400031002562449,271.29728768833684,1,2
0.05701210963094334,279.9473745746398,0,3
0.6106957760522707,2158.35676320896,0,3
0.11645436531708742,509.2672770949412,0,3
0.1921344525951586,1046.2817595999022,1,2
0.6356564055816379,3482.8771971035426,0,3
0.08992748525114157,192.96107839504887,1,2
0.7394445077786765,2684.8327075859065,0,3
0.2892508488567288,1065.5543713229638,1,2
0.5033631018130851,2073.952778346793,1,2
0.35749053794134933,1607.697603135285,1,2
0.09975765611007059,465.4979616472828,1,2
0.4504311724400857,2608.127780340349,0,3
0.2051634027064293,929.1348056848423,0,3
0.18071834619607435,1483.360208195418,1,2
0.17263812231946574,368.73206305678764,0,3
0.14302838575817187,499.3229015659085,1,2
0.9401671678612731,2172.09038671338,1,2
1.260688278335218,3499.775548663422,0,3
0.3270271083201741,1283.5888820011228,1,2
0.2138827487065206,869.8879372587734,1,2
0.7934150100909318,2284.0438578255325,0,3
0.2742043705715986,640.4764045796484,0,3
0.6172176305941918,2419.1586505116775,1,2
0.09067123159088054,185.04240403609657,1,1
0.7356997114317357,3151.7882469861693,1,2
0.9431823225895607,3153.728296289201,1,2
1.0517733174329498,2927.132822009535,1,2
0.8356234640240388,1893.350766272163,1,2
0.0939306947115099,439.6445961974981,1,2
0.3685846694146115,860.1890861765849,0,3
0.10113679440016031,367.72709378862294,1,2
0.33364626159004357,929.3062623263758,1,2
0.9113495187016368,2015.8947137684172,0,3
0.09552260033780621,439.6681275215302,0,3
0.5635188078935456,3129.594984378322,0,3
0.2204836968615445,970.6522469338856,1,2
0.0942124802052405,547.0685144347208,1,2
0.30315078622555325,1826.1863191073664,0,3
0.9347061192578159,2298.278124471973,1,2
0.9771933091688564,2268.7405578672337,1,2
1.0316085072772743,2395.421497498871,1,2
0.054086610237573614,497.39428038301924,1,2
1.2102576367736924,3564.1485437578885,0,3
0.13149669467179337,1269.4906034052449,1,2
0.29997308683110524,696.2976170895595,1,2
0.42139434219327215,2958.4686365946327,1,2
0.8267809990391533,1686.1161278547736,1,2
0.6743927170539883,1875.5314974725422,1,1
0.6952392421387075,1443.2797362394845,1,2
0.7317870064926512,1925.4804308638775,1,2
0.3563480132865837,937.7180810369131,1,2
0.24004866109031003,1085.5041090471962,1,2
0.24204116617745822,638.7245024322691,1,2
0.10343536906729403,395.3295032544487,1,2
1.0233297709961136,2384.9942083524024,0,3
0.7724115553383876,1614.4422542146397,0,3
0.8144003387052601,1750.0742285292085,1,2
0.18225133129628568,856.816669254,0,3
0.5849585424840823,1391.071828664833,0,3
0.6234576573919511,1547.432138134882,0,3
0.3040583923709211,2134.5620733519586,1,2
0.6828023121374905,1392.9835225452766,1,2
0.05532812115230632,453.3942261158071,1,1
0.10486742929770397,340.0404106625283,1,2
0.4065904977010089,2856.211983761971,0,3
0.43792160219190507,1600.2224116108616,0,3
0.15236510386671281,834.266166876493,1,2
0.3528376896693742,1310.417631435868,1,2
0.7192688863319581,2047.7850576245746,1,2
0.36305974504703825,1472.8341663924211,1,2
1.114684525414139,2332.220673579824,1,2
0.024994747047109345,88.00882793002346,0,3
0.7192703357596176,2071.190723524048,1,2
1.8769443796677021,3954.106541398927,0,3
0.10235009041350769,209.78228345397878,1,2
0.017655142843012166,154.97584124954358,0,3
0.8201460877410928,1811.6602479351895,1,2
0.23419939572474338,875.6504983078809,0,3
0.9169141921758831,2026.3742261465798,1,2
0.43838984711167345,2163.2759495382165,1,2
0.39174241305026614,1772.8684283763926,0,3
0.3507763380367299,1919.4901794895582,1,2
0.8339108100792239,1790.1640633147433,1,2
1.0117252762727584,2174.194938232005,1,2
0.5765123628746444,2096.5923275956443,1,2
0.32744886891216995,1161.3067611473468,0,3
0.039740529516157294,239.63326930536343,1,2
0.2227720971962741,2151.133876601933,1,2
0.3545868319437554,1600.3526782016247,1,2
1.2141268881359049,2674.9500346088894,1,2
0.013509643332013951,65.43960932355742,0,2
0.1164460274551042,428.36272823313897,0,3
0.4158734650790612,1713.208974165602,1,2
0.12736626979377955,692.6978916030204,1,2
0.6997676901992531,1947.3694910995791,1,2
0.1689639040864514,399.57245355175934,0,3
0.10467662134490245,217.7420865283649,1,2
0.5313674683962281,1963.979065926619,0,3
0.2581285677792277,718.840716415936,1,2
0.04243808430911314,87.17293578724583,0,2
0.37691944883611084,1387.411283557141,1,1
0.6467022416513735,1702.1252708837226,1,2
0.13047583546267888,615.2805038025481,0,3
0.5739053322188489,3323.722560016523,0,3
0.8972377437292883,1982.0821325387817,0,3
0.49505108892204946,2176.6809663488393,1,2
1.234204446723735,2647.6114090616807,1,2
0.38666189007873836,899.4800564863413,1,2
1.2269135842043195,2710.432568879868,1,2
0.9768889091958689,2161.6773570933688,0,3
0.2081805103018025,941.4211641955258,1,2
0.08188077523604805,233.88230769573397,0,3
0.525115508458045,1909.2955444886836,1,2
0.8373730191826395,1988.0564398840722,0,3
0.4423568322511183,2865.447935570265,1,2
0.1645863027467958,534.8117641177477,1,2
0.2978707233453254,1388.6397707760882,1,1
0.6837020992745457,1617.6595661687782,1,2
0.3983575194127737,1143.953000409488,0,3
0.5798632932031851,1710.7149635168419,0,3
0.1377586047919079,290.39926634664783,1,2
0.5980420231769654,2106.658283838518,1,2
0.7721830808562651,2864.698729059735,0,3
0.714601462429216,2392.308015857144,1,2
0.277910951607175,687.7934969638525,1,2
0.26153817219113673,1000.543309077029,1,2
0.46300694380078583,993.7551942948052,1,2
0.2696728891277447,980.8648295322844,1,2
0.7949530296305842,3405.6618592451964,1,2
0.1298701801381347,422.48159248827534,1,2
0.16268018551401295,978.568454966257,1,2
0.39242207404487817,1761.8866736586676,1,2
0.31342589503508733,655.673936218177,1,2
0.07519470677709891,336.4360281634275,1,2
0.07813858080776948,342.70879012332966,0,3
0.14363831641303595,565.911484829832,1,2
0.12438174838178331,273.0017307407154,0,3
0.03228116899580465,139.66625306983713,1,2
1.2683370483453047,2689.2052452687026,0,3
0.2817146039132221,698.5764007383383,1,2
0.15612035865441265,1174.3017439165906,1,2
0.0935745340242004,510.5819888268166,1,2
0.6287192221398759,3439.4181558306154,1,2
0.16979321907635025,1638.3634310134298,1,2
0.04051084442407113,119.34940321164814,1,1
0.12986189869030204,712.2179969892062,1,2
0.11360891335514552,933.097933619877,1,2
0.30758690895615587,1671.0132175934139,1,2
0.5199790921300975,2110.3600363074847,1,2
0.5203681451820497,1815.856510969479,1,2
1.0386505741503427,2892.9956542306077,0,3
0.02980420260675972,130.53767451783392,1,2
0.05519465275169482,158.38922166582503,1,1
0.8821403186158254,1855.1627353475828,1,2
0.09084416659153405,756.3073518510952,0,3
0.8512518750306056,1973.506582898729,0,3
0.22359124709318767,494.7289125099681,1,2
0.07464411475024596,450.4640453663487,1,2
0.09740432799430543,218.22881727199277,1,2
0.29428908927141956,868.7231202659185,1,2
0.10355840211050478,227.08949402157242,0,3
0.6136990923173727,2159.6707994758513,1,2
0.03084061844105479,92.06902913344712,0,2
1.0007777231650001,3236.85607375045,1,1
0.8048396569921905,1983.6408023184679,0,3
1.5848285212518594,3504.0450389156945,1,2
0.33325418463900813,1431.2623428526172,0,3
1.2170514932672916,2536.4856841763317,1,2
0.4415856053330345,925.2467730476411,1,2
0.8460014861857869,1767.2333711828214,0,3
0.34604702192598663,1553.6491595995997,1,2
0.3746651332820461,1752.0354348946723,0,3
0.35026197605463366,2101.486187177163,1,2
0.021360079957383423,102.41318780301866,0,3
0.7781822949199991,1714.2424757107103,1,2
0.14125068704783275,608.6073665490408,1,2
0.3274402718488021,1290.1003439887672,0,3
0.45089305606221314,1942.788392265024,0,3
0.10853975159933182,817.547161685745,1,2
0.6414822276855084,2822.907991125084,0,3
0.28111994401689366,980.4724907749023,1,2
0.1322391787894007,1288.966887938032,0,3
0.4342709425678687,1016.2985850080532,0,3
0.7932249757997752,1681.4788129683939,0,3
1.2234856665266933,2582.103027649342,0,3
0.19253907233036927,738.3892436562988,1,2
0.08085903808735054,359.6203355747854,1,2
0.12137044045794379,553.3053331417472,0,3
0.08128756290686266,185.96830036411436,0,3
0.37230982866451523,1736.8498351383214,1,2
0.14766747701714047,547.0681123287192,1,1
1.5323992224928997,3225.5488322901188,0,3
0.6065112868391344,1747.025564205496,1,2
0.7944106376333506,2219.6757936774698,0,3
0.34560748794813423,1206.602949818449,1,2
0.19540207505619198,443.9421159731368,1,2
0.15929752992454752,460.6580984248619,1,2
0.5255941487015635,2167.0053502635988,1,2
0.5104025600110104,1998.8025247912883,1,2
0.6003660909826302,1274.0150297588655,1,2
0.32229673090595495,1936.7021856251401,0,3
0.9062248174361908,2520.936154558468,1,2
0.025634254972841677,212.82175050793862,1,2
0.10169049873832035,766.1808396612155,1,2
0.7610555350152848,1870.590036905627,1,2
0.5143472778295819,2972.0596274188733,1,2
0.48587312148913075,1695.753796249861,1,2
0.041596973151199375,383.8174530938626,1,2
0.21725259830270377,456.45200478481667,1,2
0.3681442900424993,3379.727867329191,0,3
0.4013191927537738,2815.910836306339,1,2
0.4138952796057391,1931.7976039669159,1,2
0.34548544173616325,1402.3975917364317,1,2
1.2078436111072461,2527.7040235271693,1,2
0.34754726309035017,1542.9305544602223,1,2
0.2673279239329277,635.0072301420272,1,2
0.6368188707842339,1446.6696613426097,1,2
0.11287506580902741,498.9527251681755,1,2
0.9506017725186513,2014.0824840875812,1,2
0.04661393939654557,329.65383596511066,1,2
0.2866335927091707,825.6690432884164,1,2
0.9296852843982804,1940.2581663813253,1,2
0.22920974677801662,875.9892455686253,1,2
0.7075435166511852,1856.716511345938,1,1
0.8028015157140954,3439.321164084012,1,2
0.04100842610744757,133.76005639721285,1,2
0.03665878737582043,183.3285622314728,1,2
0.27324224627235383,571.6098460404187,1,1
0.8523862865756998,1778.0222591387237,1,2
0.30318139008448547,893.2982513850382,1,2
0.9598379204630569,2220.7077028789486,1,2
0.18046572369110497,401.71627701649896,1,2
0.8865552435831162,1961.4594229114791,1,2
0.736812682741801,1573.1280597504754,0,3
0.520633616557424,2112.8203509278337,1,2
0.23855386594737818,1310.1857302186058,0,3
0.2889593139360876,694.5105921409051,0,3
0.048342921686870904,178.41792914015497,1,2
0.16062612609309498,564.6210060582476,0,3
0.34099723181292574,755.5543851600496,1,2
0.46564756613538333,1920.0273511968594,1,2
0.8305446928669544,1751.5490833960032,0,3
0.3781694301202125,786.6530754132287,1,2
0.7564946968592268,1573.336695982394,1,2
0.46698571854268944,1564.479350413165,1,2
0.6386350193900543,1821.0977296865753,1,2
0.2082498568221841,513.1210572639948,1,2
0.1654668357957994,902.2841001381051,1,2
0.059489979002296835,257.9278045824652,1,2
1.403030768807181,2925.192334855066,1,2
0.16070888401725425,1040.8678495723923,1,1
0.03882025558552908,144.08471896822246,1,2
0.7014895190518008,1630.299597418843,1,2
0.4397374423378282,946.0620995385035,1,2
0.5396900185956603,3122.38432843991,1,2
0.04741891603470315,218.30406470429784,1,2
0.12619461302838478,337.6183773387703,1,2
0.2673783907598585,1464.3115396030994,1,2
0.8523426664698263,3662.721559487976,0,3
0.22497016270947182,627.240483731963,1,2
0.39253629466315765,1032.1655400622228,1,1
0.039236381952253166,96.66789027806684,0,2
0.7666238656637977,2015.757872635418,1,2
0.2636952072537122,1709.0294343146327,1,2
0.28360139813916646,604.4331374436541,0,3
0.3185003189728174,2938.7264696342045,0,3
0.24672343375117906,1223.2621483859843,1,2
1.487610770617357,3289.8862249741082,0,3
0.1975197503305564,1102.748098806074,1,2
0.2281317031051905,1240.7124215477343,1,2
0.5280987067215072,1395.8798100645408,0,3
0.4670362381988716,2074.298392525318,1,2
0.2106066151464491,503.5897245554226,0,3
0.24962823950563484,539.0045356072455,1,2
0.5061004212199021,2085.999317896894,1,2
0.3566045542889229,1266.4769109111203,0,3
0.3889927072199179,2259.9536826776475,0,3
0.15488561656079347,1419.191102863732,1,2
0.3445426620109512,853.6576253011561,1,2
0.19116999461236708,669.5968753940547,1,2
0.05144257160378124,288.06109542111835,1,2
0.5577658158954324,1664.2461963924104,0,3
0.18702921906514555,840.834859315771,1,2
0.11867722704892851,557.2259321929606,1,2
1.4375988841677834,3083.1121785310847,1,2
0.03425070336223798,137.24859556893904,1,2
0.26413190263698594,712.2375492915114,0,3
0.4563458908675768,1059.643828113124,1,2
0.17469103061340518,569.4491315489475,1,2
