energy,time_ms,violated,priority
0.3047817520043557,1416.215975327268,0,3
0.3442177209212425,961.0231527209446,0,3
0.587890092687534,2417.3193681550893,0,3
0.0008632181412766093,26.166144488021754,0,2
0.37528089347674015,2623.5964983664235,0,3
0.0010882061603257795,45.9156874196163,0,2
0.0026168018793415694,86.9304516785167,0,3
0.14921546600820443,1962.6046336824072,0,3
0.0006369584542609355,36.11793916307739,0,2
0.0004922543232050688,37.63172720655039,0,2
0.001081600138029876,11.73475159430568,0,2
0.0004559293329414731,26.787065182776054,0,2
0.28333533760240553,1038.910101076942,0,3
0.008379805455828188,88.1392592244866,0,3
0.00047082538174468786,15.640871943685013,0,2
0.0007528265403527263,50.57531753691162,0,2
0.0001912712628838688,2.011801766804869,0,1
0.0014843598267213892,18.68221289928794,0,2
0.25988250585213224,724.15742317447,0,3
0.2823107994227887,1500.5071865440652,0,3
0.00017375573498261467,11.673009650387488,0,2
0.0010492825591890934,34.857284202061535,0,2
0.0003285727280468004,15.047642309150815,0,2
0.0012928375321163805,39.974377845985856,0,2
0.003553368151926559,118.04328820825947,0,3
0.00022513495536758364,15.124695060616608,0,2
0.0005099656858615812,15.458243035130273,0,2
0.25783421534430656,1126.4965406695549,0,3
0.0011074176300890405,36.78853777215092,0,2
0.00028393601738464287,19.074984036383896,0,2
0.0012544030459174826,24.833556905399966,0,2
0.0015291124188427168,16.59000749350084,0,2
0.001280818513535069,16.120433687608145,0,2
0.10526948618659403,634.3703562807774,0,3
0.10422373570487084,814.2886416694325,0,3
0.6350085357901442,3208.300348281509,0,3
0.0006136474979466995,12.562905067691327,0,2
0.0016179230812538813,20.36324543046958,0,2
0.13275670050513352,683.5297169916835,0,3
0.0020076688394056437,21.996665432018094,0,2
0.0010055889968294729,33.40577916404125,0,2
0.8640080290632586,5828.032777772781,1,3
0.0010625989094510313,35.29965485003388,0,2
0.13713554979659145,3790.932823947192,0,3
0.0028429881391237666,130.20030256619262,0,3
0.0010140451596617108,18.725673866013327,0,2
0.0004783495686803338,18.317503761366808,0,2
0.0003033762993197214,17.202576791390683,0,2
0.0001856797114377462,14.19479305559161,0,2
0.0008596923964532817,50.50922280512089,0,2
0.0017304027468008916,86.0042522107912,0,3
0.001406714683908929,82.64824219211586,0,3
0.0015847928297594296,29.265278170817947,0,2
0.0007258431408191206,48.76255732391747,0,2
0.00037120662240266577,11.47766321307617,0,2
0.0011538752729818127,35.677681845921896,0,2
0.000120591446039337,9.218942702724123,0,1
0.0007058153464068003,53.9579833473854,0,2
0.0006186778954907277,18.753562316258353,0,2
0.0022268559113585657,110.67890281129473,0,3
0.35367641053843935,1358.156169708652,0,3
0.0017533108032447401,34.71048938133318,0,2
0.0331794504967418,149.8459395248441,0,3
0.00178974942673779,19.417772058604186,0,2
0.00018702741862004153,5.669234953283464,0,1
0.31454277968962746,1322.8564600049096,0,3
0.0005418870980252418,11.09378950077486,0,2
0.000553971804801679,6.069493240031163,0,2
0.00038607015175683087,16.2898144270784,0,2
0.0008840466001238112,18.098653624324538,0,2
0.0015550071878607373,28.715247227155785,0,2
0.0006995994974263194,32.0395519722911,0,2
0.0009331040411937471,52.91050737643743,0,2
0.0019354418843728909,147.96014495643232,0,3
0.0014801991051904256,18.62984588957992,0,2
0.00041399113411277064,23.47485380861754,0,2
0.0024350626149358453,49.85184583606067,0,3
0.03907057790482103,216.05890156127944,0,3
0.001793628147707322,120.49696477350278,0,3
0.0006113543984519485,35.91870261001917,0,2
0.0009262455128367889,20.104645469393123,0,2
0.0018687429125266092,36.57708502796123,0,2
5.5176793935313415e-05,2.1128923210667407,0,1
0.0020091746637076044,25.287553693870006,0,2
0.0010281785161701082,43.38288559761354,0,2
0.4200286439196368,4465.797319433753,0,3
0.4744321624563868,2273.529313681558,0,3
0.00029794423947404624,11.409218455657387,0,2
0.1695673185124396,452.90781841057003,0,3
0.0003169256309774498,3.472339130145587,0,1
0.001568624437176873,17.186353773006797,0,2
0.17430725809695874,1573.426855009141,0,3
0.0009532846598471469,10.444493291204646,0,2
0.00040777868600380777,27.394805342229684,0,2
0.0013538285147165418,41.86021154363977,0,2
0.1271490101057343,373.27702177297977,0,3
0.20996153892187225,5349.069698194868,1,3
0.0013206290974757384,25.848800530544874,0,2
0.1195032829889677,1289.2765274159046,0,3
0.001060675931359842,32.79596963967509,0,2
0.0007417239747117216,15.184952129542303,0,2
0.005264945745752916,97.22412854878505,0,3
0.0006386895492900786,12.644208190341711,0,2
0.0022829541378199397,24.012238423861987,0,2
0.0016805752586966586,21.151788273329494,0,2
0.09459705406281757,533.6033606316996,0,3
0.0008348093371232065,35.223881260560965,0,2
0.0021100303445043002,23.11817099936033,0,2
0.0003414255372779687,7.410820658280646,0,2
0.0005226910015577303,11.345282790278796,0,2
0.055819983328905025,395.25441470722313,0,3
0.0013454674404573266,26.63636887338826,0,2
0.0008095835146390776,14.950021424577999,0,2
0.0010760444469964203,49.279597985514556,0,2
0.0002735882983438083,13.597850012769031,0,2
0.0005932260637177082,11.611270885874942,0,2
0.19526126299805946,1004.7381023488028,0,3
0.0013199430792904436,14.461720844885471,0,2
0.5406673500582652,1575.8355067378786,0,3
0.0015257677578279776,16.55371980751125,0,2
0.001160582700496746,35.88507468159985,0,2
1.0485286148540562,2322.5287219118545,0,3
0.005476476019458153,101.13031248985749,0,3
0.0007926088567236912,16.226693429288584,0,2
0.37781737788432623,1828.8407779150493,0,3
0.0017575587551733227,22.120705678003077,0,2
0.0016258950177917824,20.463580546618363,0,2
0.0008660587158037324,50.88326105862538,0,2
0.8122647921772709,1728.1813298479706,0,3
0.48199526608699866,3560.42374948133,0,3
0.11100061111564125,421.8086668756955,0,3
0.20785942475566996,944.1009916331129,0,3
0.0002586106371761629,10.911797426706036,0,2
0.187662728382025,526.8042949048388,0,3
0.5336669043908213,2827.977349407042,0,3
0.0020850821756523137,26.242928713644424,0,2
0.0005391334809965822,36.219295594184494,0,2
0.0002998415524602861,11.481872514608078,0,2
0.00267076291845,28.091232718617576,0,2
0.0001445604354673258,1.819443495839956,0,1
0.0013026034721414107,26.667563733436815,0,2
0.0007795416600292144,35.70066248325535,0,2
0.00013516276932355636,6.190048146678326,0,1
0.0021105554105941334,141.78831955105184,0,3
0.0005287675331627256,35.52290529022056,0,2
0.0020585777792373923,86.85947321979408,0,3
0.04667056262989948,409.6111559558465,0,3
0.0056909843958774685,116.50873986506711,0,3
0.1452580287758308,545.3144151778839,0,3
0.0007305718221465018,9.195006543466295,0,2
0.4402162384914809,3283.358065642195,0,3
0.0035687793463655268,163.43935604036034,0,3
0.0018781293785829077,36.76080723220446,0,2
0.0007926449466677416,36.30075358510342,0,2
0.0007136277567865483,54.55522441237413,0,2
0.00039210314034610267,4.296008098422355,0,1
0.00020401754213200213,6.777485612452351,0,1
0.0002533687146930943,17.021455159535808,0,2
0.0009523833533666521,17.587007738899466,0,2
0.00023624801382262457,13.396150617930079,0,2
0.49452232337511265,2318.48293032052,0,3
0.0008688973284726269,51.05003712916192,0,2
0.17525819840591741,2278.235085723845,0,3
0.0011996623095211732,22.15333798835553,0,2
0.0007159805044729914,21.70303013203674,0,2
0.0006577155238635738,21.849383408353024,0,2
0.001331293793175744,41.16344071888557,0,2
0.0017916525522566945,59.518898564010044,0,3
0.0016115820439337447,32.99313090085171,0,2
0.0010647757792949704,44.927067716148464,0,2
0.001240281201588676,26.920955075856906,0,2
0.0012902796342472663,25.254767563452614,0,2
0.0015027597641334425,29.75030253570366,0,2
0.0008280473855872603,48.64999395641116,0,2
0.7992773077337371,4167.740571013684,0,3
0.00044772031389620837,25.387425115724554,0,2
0.0008631563479068905,39.5299636016225,0,2
0.0007410068608952124,28.375474444542345,0,2
0.11523145755984403,891.9427988869378,0,3
0.0016342930417844984,30.17936450893446,0,2
0.18539295764909378,546.9759104468108,0,3
0.09286840565155279,424.27038639825474,0,3
0.002681562760635256,81.28438837570326,0,3
0.0015839446090797312,16.660017375440233,0,2
0.3867257785116639,1565.4739539684685,0,3
0.001236250216876727,13.00294844623654,0,2
0.0008579870141463254,9.400381639025722,0,2
0.057321784616424204,499.62409973344904,0,3
0.0018162851894762575,35.55032496186325,0,2
0.0023843230829920414,47.20270981089167,0,3
0.00030517030332635503,11.685927081442722,0,2
0.0007779283866892144,45.705369003864455,0,2
0.8879022956201912,4902.2028892258695,0,3
0.5221682098457562,1865.169901523362,0,3
0.0012296317400070902,37.272990728044796,0,2
0.04319385054428037,603.9903536714887,0,3
0.0007574196361689986,42.948541081558986,0,2
0.19160480220532503,4379.429789216655,0,3
0.07130101604231223,590.9049393943338,0,3
0.0008462594157384216,38.75613494912128,0,2
0.24114921500284575,2339.927500748129,0,3
0.9413600739600526,2815.028081593006,0,3
0.0013936655656305041,14.658651827759838,0,2
0.5702710184806637,2760.964820586225,0,3
0.1982367449697267,2061.756156269709,0,3
0.0003617262505746904,7.405444594278252,0,2
0.7434012760928758,2509.896459970291,0,3
0.00016340254539421315,10.977476452649904,0,2
0.3905888013349271,1964.2450125717805,0,3
0.1112380089059719,596.1906139188184,0,3
0.0015181765502506506,29.71541585187642,0,2
0.00034400449331207524,6.8102952939901185,0,2
0.0018513882065305754,34.1883114618292,0,2
0.001978393216473243,21.675912292696285,0,2
0.001257450435172069,41.77264437014228,0,2
0.0015494259811360855,33.631104928544545,0,2
0.0008645732410415067,33.10721830155585,0,2
0.8899200173693539,4265.071281206799,0,3
0.7607896486232768,3460.2649854934843,0,3
0.23012364603675042,620.7256327594448,0,3
0.00242445704213947,26.563131012199243,0,2
0.00214990106520075,121.90747349393993,0,3
0.1631834210583005,3337.53573099669,0,3
0.0009854251568048326,37.735016812319124,0,2
0.3434746722357695,1656.9187934748206,0,3
0.00048343849657147056,32.477674687469914,0,2
0.000831163014407932,55.83800666608045,0,2
0.0010226340958645057,46.83356460892608,0,2
0.138708451084554,1590.2431612668645,0,3
0.0015853916611649303,29.276336378130797,0,2
0.0004911325325589269,14.887366466487343,0,2
0.0005034734655813524,29.580409870353947,0,2
0.0017750337323587388,19.44784038825869,0,2
0.000999958079826292,33.21871947017787,0,2
0.3740902003844071,1024.6998099947348,0,3
0.0004058671491435405,4.44681100504625,0,1
0.45790324834226787,2164.936671529686,0,3
0.0005027744357451785,6.327939411872686,0,2
0.00019281326716898568,6.4052783425957625,0,1
0.0003507762997964601,23.565352436056195,0,2
0.0011412573544335954,22.33794012653376,0,2
0.10514090615477448,312.08672567209885,0,3
0.00046286013840304325,14.030364608983403,0,2
0.0010667107918298784,32.98256678485707,0,2
0.0005675570876800777,25.992406905471174,0,2
0.0012188850865686132,55.82126948780229,0,3
0.0004665181403857287,27.409185881585202,0,2
0.0008353659215646514,27.750949528027544,0,2
0.0025297004825929267,31.838912732918605,0,2
0.0006297179768005861,26.57027210416898,0,2
0.22820479480565167,2252.629717598451,0,3
0.00037626895007433943,12.499696687314273,0,2
0.00020533069385741137,13.794233445924185,0,2
0.0006793511675029787,22.568121914610188,0,2
0.0005351835036425418,24.509794164730597,0,2
0.0018719984183537658,20.510216669988864,0,2
0.0014048098119956091,43.43654699947686,0,2
0.012477125361433137,307.9318777086635,0,3
0.02681733760713797,299.4218866438879,0,3
0.0004706807054072607,15.636065779542813,0,2
0.0009930159334025344,21.553932526347676,0,2
0.0009328417576718711,42.72134569393259,0,2
7.729093978553815e-05,3.8415042343257295,0,1
0.0015293792825204528,47.288219741900186,0,3
0.0004383893777111858,8.0954348385064,0,2
0.3080955387048829,849.8410294333174,0,3
0.0003799304325310183,11.516572830942893,0,2
0.0020964475204200334,22.969353210719444,0,2
0.4591013535590821,2691.002670258212,0,3
0.00038357001886522705,19.06414717843646,0,2
0.9323118153974663,4777.039578619826,0,3
0.000556193690832231,10.88643268435482,0,2
0.0029390551730186306,31.887091323928875,0,3
0.45917391790528,1835.52293232645,0,3
0.000537434534086436,24.612884585984016,0,2
0.00017253054122212387,3.186002729829163,0,1
0.4508745164341978,1877.5238630779056,0,3
0.0008782550886666158,9.52857247291972,0,2
0.34725869720139807,4177.719145083751,0,3
0.0006651745465115269,7.216768744487799,0,2
0.0005863735297640644,6.424496958487471,0,2
0.001967396143255914,36.33055016618087,0,2
0.0009897398726267286,32.87926948192495,0,2
0.00018464399916246662,3.4096936183653304,0,1
0.0005171140326654091,17.1785861145186,0,2
0.0007149946916550507,15.519335412700428,0,2
0.0003953811659776198,30.225993920787165,0,2
0.0015604422044239881,30.542685572124014,0,2
0.006394690056491955,118.08633898716506,0,3
0.0024887210327635117,141.11983953415032,0,3
0.0004326293274749101,16.566732473830417,0,2
0.05428402218199248,401.1123704267092,0,3
0.0009604681377869728,36.77933435818139,0,2
0.00033285244337868817,25.445814813174138,0,2
0.0028033036890769726,60.84717931785038,0,3
0.40304018564101257,1634.5627845921272,0,3
0.0009898116304685027,32.88165328547008,0,2
0.0005743148501017117,26.301892091096455,0,2
0.0009417578332745147,18.43311678269173,0,2
0.0004016344646270416,26.982033036139846,0,2
0.4246862111056833,2373.237056652543,0,3
0.00048072934144786526,15.969882594892459,0,2
0.36285953822413075,1540.4320736207371,0,3
0.00032358501420173445,9.808612482633169,0,2
0.0017319546387736574,18.216795088691768,0,2
0.0005886075016090559,33.37625836007477,0,2
0.0008521856732607279,65.14766305489293,0,3
0.00018436953757887184,14.094633233877309,0,2
0.0017563718516021725,38.1229737683008,0,2
0.0010830553579199032,23.508285538699436,0,2
9.222518092494123e-05,7.050406033095059,0,1
0.00042765998982885906,21.25550117953999,0,2
0.14223650799777324,1435.0929723245742,0,3
0.0024047897037453476,26.090612249178648,0,2
0.23733455889966346,1271.6380547958497,0,3
0.6451318459261938,2971.315495977283,0,3
0.0005415796237035663,41.40253462303966,0,2
0.001937289546975796,35.77459237891104,0,2
0.08031006096983233,1416.693936510911,0,3
0.00011784144254250385,2.3329201716448926,0,1
0.004145718647633904,82.07325411466421,0,3
0.25638414541009674,3573.5582433513605,0,3
7.007408998513435e-05,2.9567007882111795,0,1
0.001268703625271703,39.228160407875386,0,2
0.0025025977603403203,27.419265849352247,0,2
0.14490233040419886,2759.418528648757,0,3
0.00034194247997667323,22.971891368331015,0,2
0.6037739018570285,1611.3264672949815,0,3
0.0015405939890114073,16.714576055490475,0,2
0.0017866889624535863,32.99355506225477,0,2
0.001579829770833381,16.61673727821439,0,2
0.00037524845956824973,25.209406125625105,0,2
0.0002197445388555845,12.910578154529976,0,2
0.000724328287616805,41.07213720335142,0,2
0.0005130369027869711,29.091121280074198,0,2
0.0005060549779895544,5.322714366339067,0,2
0.0005222250930578419,10.221562048193006,0,2
0.002660284600158345,29.146933575438073,0,2
0.7941206771127963,1908.272290994565,0,3
0.0005480215197901684,32.19772695359276,0,2
0.35525553422896367,1645.9010365350011,0,3
0.0006551048657197131,12.822430637750916,0,2
0.0007172406997460269,22.17699442189926,0,2
0.24206346958631805,973.1355822527091,0,3
0.0008631023376178792,9.456426767969212,0,2
0.0011355530640542308,35.11116139424126,0,2
0.7177803081007742,3110.5910040069352,0,3
0.0006680079228930714,33.20124288147186,0,2
0.004703141107291971,59.19392446499664,0,3
0.19354599187743055,3086.6407738449147,0,3
0.15813957207644805,474.7374207429948,0,3
0.0005346328309245616,24.484575011154366,0,2
0.0009560697231750537,43.78511662385409,0,2
0.2778787146974539,902.688203259244,0,3
0.2705733994318898,965.9271346928343,0,3
0.00019470159194925045,13.080164300745587,0,2
0.0024288073150492,30.569067239795313,0,2
0.06440226024089934,914.8847309540735,0,3
0.0009113309321013581,17.837568115249184,0,2
0.000378935545159589,7.757762064610046,0,2
0.0007700896323329843,23.343203328132404,0,2
0.198302539068101,1494.8272176081227,0,3
0.0006362150246838208,36.07578391094337,0,2
0.0010650786931615866,35.38203354279065,0,2
0.00023977293988657798,16.108083232348264,0,2
0.0045501019047691875,140.68859254204423,0,3
0.0011818099132961822,39.259857756918024,0,2
0.0005299653401775959,22.36131699120344,0,2
0.00023859185006303732,10.06712625582152,0,2
0.0002214040717744489,12.554443294242335,0,2
0.14506732560770152,1353.0390060227583,0,3
0.0015390803310355132,16.188132407071603,0,2
0.0001918923813085376,9.53741017222724,0,2
0.0018265118246382336,20.011850921632224,0,2
0.22209780626624961,1164.9939014929512,0,3
0.0008897381600637325,44.22165028410664,0,2
0.0004300616853256849,9.33471481763187,0,2
0.000638034550145003,26.92118096317621,0,2
0.0021179077927333534,22.27627179906127,0,2
0.00044621018058816855,25.301794879430407,0,2
0.0003635749777910662,24.42517494354458,0,2
0.0016488777812617775,18.065635218725145,0,2
0.0003107152397603914,5.737764427468151,0,1
0.6526065152399855,1602.7312997977342,0,3
0.0017382593988461024,32.09923965140105,0,2
0.001309632308924608,28.42625729495054,0,2
0.16662776896804882,469.2635443568252,0,3
0.53814310564742,5942.3468625274545,1,3
0.003883230654301356,120.06901531087635,0,3
0.0004535567059443486,22.542616394969137,0,2
0.00041971183239616916,12.722439351852529,0,2
0.27791920900449213,702.94026359671,0,3
0.0011614300053291362,38.58283493041819,0,2
0.1574159117040412,2484.7910615933574,0,3
0.6043569995377815,1720.8684305972715,0,3
0.0005828548327461048,22.319337760900826,0,2
0.0011190869000944365,34.60202962520509,0,2
0.0020024027717027155,25.20232238681843,0,2
0.0005119826550636204,17.008121175549373,0,2
0.001417235057412285,27.739678289663367,0,2
0.0005756106565577825,44.00412994593845,0,2
0.0023450917043803584,25.44292261916326,0,2
0.0012610106416585626,38.22415803469289,0,2
0.001056958263194811,19.51812060636104,0,2
0.0003084017481364185,20.718605820711385,0,2
0.001021413940739876,46.77768517551648,0,2
0.002600263232036746,27.34971310115425,0,2
0.26498851849289323,1153.6568926165992,0,3
0.0003225196119062451,10.714137650055616,0,2
0.9288515057978372,2041.6234568267275,0,3
0.0007272797205036652,36.14716205555593,0,2
0.0005966649543855153,12.950926299435839,0,2
0.00016612178971268436,3.605760719623693,0,1
0.8932950119426171,4802.35593731079,0,3
0.0011454892469923508,24.86344590134743,0,2
0.0004759755192723335,27.964832132856806,0,2
0.588366676568887,2586.692362483163,0,3
0.0011766645313316206,39.08892759144811,0,2
0.2931582739251353,826.7257368906805,0,3
0.2818825646444115,944.6698910049646,0,3
0.23026477618813046,1012.7046968972297,0,3
0.00036622765033535133,16.77212445088316,0,2
0.00031033478963158706,13.094242355594176,0,2
0.0016844949412934073,33.34813409263677,0,2
0.0016702576191374777,34.194367251595715,0,2
0.2672042245822806,1032.1744871950991,0,3
0.0019100380471892497,20.926991076319737,0,2
0.0015680260100767477,17.01219801541171,0,2
0.0008390988225242264,25.435031980939634,0,2
0.3848830422074218,1739.774320283022,0,3
0.05079998910449704,196.41897919198107,0,3
0.0009399933728998685,31.22668518625436,0,2
0.0006927754808216528,29.230915601377,0,2
0.30334895801762873,1373.1533732154153,0,3
0.0006444605231660644,19.535093575594516,0,2
1.0060740711180587,2725.7029932933387,0,3
0.0006776809978695665,12.514268452830462,0,2
0.2728523628259898,1560.8601551449744,0,3
0.0003423369598969625,7.430603565051807,0,2
0.2996685595545482,1618.047603693913,0,3
0.00019531933543716047,6.039249883634302,0,1
0.0002786731456001373,15.801815097733062,0,2
0.4193313296096658,1661.7263776661546,0,3
0.0017799520741652725,18.72163478006549,0,2
0.0003312721011806482,3.629523671239324,0,1
0.0004945144992144723,5.418059879697581,0,2
0.0017587896350833414,18.49904707037499,0,2
0.0009292010815802458,52.68919489218765,0,2
0.0006672399068283683,39.20212538519714,0,2
0.0006617561268125063,32.89051692598122,0,2
0.00042179435604250886,13.041829729483537,0,2
0.0009133833577169269,17.877740439516476,0,2
0.000641602460949599,36.38127180264286,0,2
0.2503663990590497,1283.3121975058427,0,3
0.15884223804165756,1744.7724852239119,0,3
0.010301235602712193,214.0916544361006,0,3
0.00018577349301057626,4.032311263942971,0,1
0.0009363804593381696,53.096292603749255,0,2
0.0004975949316032834,33.42871208924528,0,2
0.04795449009052066,503.7594153958748,0,3
0.0009325927508172463,42.709941929222126,0,2
0.0011876981518938359,25.779612357146732,0,2
0.002379567046028357,26.071301779050877,0,2
0.00017072391656974603,6.537553681816803,0,1
0.0005213702884552093,35.02595416014271,0,2
0.1589095295258985,3810.6141867509077,0,3
0.00011273744361725563,6.623625708027491,0,1
0.002466453666166914,26.759631469771332,0,2
0.0018338025746669807,23.08031347820984,0,2
0.0006039060551805503,18.672701119488355,0,2
0.001036386330276777,19.13823288346602,0,2
0.643553489554788,1822.6544368587993,0,3
0.0013464620580464887,27.565459109808966,0,2
0.46449769191902646,2145.549912581187,0,3
8.074066365502498e-05,3.0918129899778806,0,1
0.05622722430189068,1591.729844289734,0,3
0.0007003207411973658,39.710819058923676,0,2
0.8077113426153969,3921.6798939234704,0,3
0.000874200562127004,40.0357553822058,0,2
0.0005171797183295235,39.537217164935576,0,2
0.000583118140474579,17.675663644741622,0,2
0.0016360567156182993,32.389197140423306,0,2
0.0017664494139780697,38.34171255402792,0,2
0.0008564903595144486,25.962209814669972,0,2
0.0005715365998542383,26.174656589179406,0,2
0.0005289818992141318,31.07909842812545,0,2
0.0022767189736544883,23.946656620849637,0,2
0.00023588351797799542,11.723851924099224,0,2
0.10205014563094089,1294.841012778596,0,3
0.0006877489393264256,7.461688177058912,0,2
0.0008371162084293702,56.237945645187125,0,2
0.6073290626906938,2762.8771405542734,0,3
0.7076271352306348,5033.958422739589,1,3
0.0003406508369009975,19.316183215304882,0,2
0.00032015065152763393,18.809705257283426,0,2
0.0020550490891427255,21.615120463329937,0,2
0.0006369024938109653,48.68975197254112,0,2
5.5454221923828064e-05,3.1444628772603,0,1
0.0006431578789296026,27.137354305689886,0,2
0.1153008903242502,397.27501860664967,0,3
0.21051704977374325,848.9389439641797,0,3
0.3800358517555569,2147.3446579665942,0,3
0.31807199179900736,4380.149019402512,0,3
0.001026850926105181,12.923987345912414,0,2
0.0007517590094979827,50.50360020354846,0,2
0.001001404936167986,19.600595272954624,0,2
0.00045779013822124675,26.896392459440108,0,2
0.10057252998416455,461.63726061873086,0,3
0.23082132375434652,625.2147578553983,0,3
0.000888244151419707,27.4644001634245,0,2
0.001090398648724203,36.22316530401212,0,2
0.0002470567779712973,5.362497159863406,0,1
0.6880344443504929,2098.746243528467,0,3
0.08911728402986985,327.20888943920124,0,3
0.02714445013528402,171.47077115166098,0,3
0.0005358292426657568,11.630455215848022,0,2
0.0010508595111137168,31.853989727032747,0,2
0.1470216511629933,1384.6369778356352,0,3
0.09574107549137219,971.9265677840854,0,3
0.000824342800705321,37.752419925035404,0,2
0.0027295419718300824,29.613991233396625,0,2
0.0007308842255136066,24.2800558766747,0,2
0.0004189378263195871,28.144482770771276,0,2
0.0007933843800951297,44.98787728072579,0,2
0.0045905477721377794,99.6402510890273,0,3
0.001234498480654398,38.17054153369989,0,2
0.44689631644053324,1005.073118719646,0,3
0.12806135953286335,1245.9272123967128,0,3
0.00131610504506148,13.842865964465746,0,2
0.0017389060505192478,34.425316886192206,0,2
1.1577700355091165,5826.3740754320825,1,3
0.5311298001399761,3242.8948550203813,0,3
0.0005496232521676202,10.880952779616784,0,2
0.0007439307429914625,42.18367012348561,0,2
0.16929526826545477,1944.454767932571,0,3
0.0007107382336556602,15.426946755646618,0,2
0.0009527538233167864,47.35364658130711,0,2
0.0001448325422029147,11.072119556664077,0,2
0.0009666543080335546,18.920417881228968,0,2
0.3068362880601935,2084.9239354016177,0,3
0.0004969398841518578,20.96784342796418,0,2
0.0002596647968671584,7.871042403291756,0,2
0.0016517967152001514,35.8531154929965,0,2
0.0006026252453301241,27.598423010020323,0,2
0.0006843498204190453,45.97501232861034,0,2
0.3345715814586783,2315.393477245283,0,3
0.00036022443572934266,16.497195284870877,0,2
0.00030734157394214173,23.495566670735574,0,2
0.0006651493340349186,20.162219430108188,0,2
0.6212825889008896,1889.556622677757,0,3
0.1295474263832416,597.8678167032051,0,3
0.0013778203827703695,14.948574214156444,0,2
0.0018995853842683715,37.60630356441102,0,2
0.0006030460887051132,40.51298113289641,0,2
0.00047441989646523723,5.971068032067744,0,2
0.11688402181369137,394.68094669539016,0,3
0.0005064459169936581,16.824190116401493,0,2
0.0008929452546780814,52.46291697749313,0,2
0.0006345239168863041,26.77305357222019,0,2
0.0016617644738440309,18.029207489120292,0,2
0.0004907670458923563,20.707387163013188,0,2
0.168423784850136,681.9926056963124,0,3
0.0021561834645590994,164.835338402422,0,3
0.0006897807316410151,29.104555383716455,0,2
0.002845569644928608,29.929859577021084,0,2
0.00020433940950706725,10.156050748497865,0,2
0.9538634603422231,3880.4051032400544,0,3
0.0004743114986989057,18.162873409598053,0,2
0.0017059262972936385,21.47085747188962,0,2
0.0007800129779918987,25.912118539521227,0,2
0.0010226117855994497,20.244759491350244,0,2
0.2489332949809112,2286.6817860918136,0,3
0.0004249019110637543,24.093535883565078,0,2
0.0005652610964377394,17.13437521247362,0,2
0.0008476863062451077,17.354267112915363,0,2
0.001140848500006867,43.68666359975463,0,2
0.0003554335243331138,17.66571078752044,0,2
0.0008633062724383102,42.90793604391207,0,2
0.001467414099936302,31.85099396125917,0,2
3.8068962688276076e-05,2.5574946857722463,0,1
0.0009443302039256144,29.198574024459283,0,2
0.16133843773211057,2266.9248693666923,0,3
0.0024471537379070736,25.739298937727654,0,2
0.0009901506097603654,10.742575780040482,0,2
0.0010226437775208912,30.998705382644964,0,2
0.0003777498646845709,6.975646697405199,0,2
0.0019028860453935163,35.139286599537705,0,2
0.0008067235623006167,34.03883222784303,0,2
0.06873763038652282,227.3748251018704,0,3
0.5638960049792614,2958.030918695829,0,3
0.0002688781065200164,20.55512177220603,0,2
0.0010968671713622276,20.255090939064008,0,2
0.00032404555602406497,21.76956578159887,0,2
0.8937054247291019,3480.6812607967568,0,3
0.0011682568389036307,21.573394782878413,0,2
0.0007081977446315933,14.020269680325299,0,2
0.00045560303475876434,34.82981928302091,0,2
0.0007519980981493108,9.464678521053784,0,2
0.00011243088519128775,8.595086323593225,0,1
0.12195214206535492,1127.0780666942308,0,3
0.00046329602577611446,21.21756397912944,0,2
0.0017116385939956816,33.50206706875128,0,2
0.9441887538765682,4316.625773243207,0,3
0.00036574224883520413,14.005416660481332,0,2
0.0004837157266781004,22.1527248400429,0,2
0.45780626686183845,3182.856799938555,0,3
0.18206445025266857,3515.7629952493094,0,3
0.0002682875175494309,18.023708867775547,0,2
0.0005280343526802336,10.335267246341656,0,2
0.00023996098203522725,10.12489530544026,0,2
0.00012069460378182732,2.389404522689495,0,1
0.016113003227248287,290.53805627400845,0,3
0.00028497130944119887,12.024057614178222,0,2
0.00589371224453878,115.35819745658117,0,3
0.000411357105867946,24.16832787921824,0,2
0.0004641115708718507,26.316871013321656,0,2
4.420524986488389e-05,2.9697339677577244,0,1
0.0005392499070789731,5.908195394303471,0,2
0.0031766646164762395,98.22208012565946,0,3
0.03568989465430164,298.8318300056517,0,3
0.2043350574898906,685.487816361492,0,3
0.0007001144150943041,47.03408681496992,0,2
0.00025504254816249313,17.133904249307662,0,2
0.0008413289386797991,16.65588276659761,0,2
0.03739204743568422,321.6879617763554,0,3
0.5816707502249234,1499.089280751691,0,3
0.0007540825127715006,7.931481753385258,0,2
0.0005547095604129452,23.405372725484813,0,2
0.0018349712458730725,35.91606894359667,0,2
0.21696797163405354,2895.1149248917454,0,3
0.0009034486415500891,53.080018989695766,0,2
0.00047863953065953015,20.195679713718487,0,2
0.00045734838687616804,9.054176987249859,0,2
0.0018617123271711972,34.37895989028198,0,2
0.0032000082748998787,96.9996746825371,0,3
0.0011734286166664913,23.230497104779033,0,2
0.12805083751778573,1235.5017035120618,0,3
0.001372576865143604,14.891685004672304,0,2
0.0005790937682244532,19.23755987542801,0,2
0.001153099519228874,38.306095248627834,0,2
0.0007723369872670358,38.38659246666109,0,2
0.17303984771547085,489.62760679506704,0,3
0.0012658157228874218,27.475195275487874,0,2
0.0006755132137878949,25.86751749050226,0,2
0.000665545896456383,13.175886288379008,0,2
1.0443844270617468,5115.395792261597,1,3
0.33475397400363593,1352.871723783776,0,3
0.7431161300725722,2893.064004597217,0,3
0.0014603696958511592,85.80061734860452,0,3
0.37412785683534605,1619.6199731931667,0,3
0.0013856454209238266,17.439789389747,0,2
0.0016865420438525469,21.226886472970772,0,2
0.0016787562285421713,70.83331178753869,0,3
0.0017702405359110698,74.69339364895079,0,3
0.0016383934476298697,17.232713283566014,0,2
0.0011169566256705068,42.77176887280895,0,2
0.2846772106909553,3488.5667010306047,0,3
0.00018055983027340724,10.238421236872277,0,2
0.0004074747078428191,4.4644239351153505,0,1
0.9032290086842516,3217.25077141804,0,3
0.0007298701515528247,15.84221508476813,0,2
0.000786649672920626,44.605994063095686,0,2
0.0010143090069001193,38.84106993205495,0,2
0.0012532494247609238,41.633086333506014,0,2
7.883690726383515e-05,6.02690285916458,0,1
0.06826528802195621,203.89499571504282,0,3
0.0004186876586947932,24.599017422993978,0,2
0.0006977582822309661,53.342039054247415,0,2
6.362874593012678e-05,1.9673930161304733,0,1
0.0006524221087917774,36.99478651449819,0,2
0.000585913156797731,39.36198096870433,0,2
4.737317690825808e-05,1.9988601997461348,0,1
0.0014609285341169384,26.97796149488359,0,2
0.0011989140254478733,45.910174501218734,0,2
0.004850370797234099,89.56845837964539,0,3
0.0016648230317829246,32.58574156019182,0,2
0.00039851210773989996,16.81478936531639,0,2
0.0008341255087628099,49.00709991544646,0,2
9.622337092338835e-05,1.2110712437216284,0,1
0.27786195506638295,970.3938920318925,0,3
0.022537530372731585,140.4119760354111,0,3
0.001242313257403144,15.635804974375485,0,2
0.7255379025034399,2922.6457593938517,0,3
0.0005539108490153556,12.022925981036892,0,2
0.18665704552508416,1851.5159038264383,0,3
0.000499391042724378,10.839544942911168,0,2
0.05939235276302915,227.70363288118247,0,3
0.001400082293188327,42.43974243232149,0,2
0.00029767086699815755,12.559901773503855,0,2
0.0007290116007295053,55.73128441095402,0,2
0.00046234156370367934,21.173852488072253,0,2
0.0012094069053690771,26.25081225625932,0,2
0.0015911627291124828,20.02643855455878,0,2
0.1147099135975828,1113.0091150549115,0,3
0.0005001890006230432,38.238315309466444,0,2
0.0003981918216779744,12.312042263253145,0,2
0.0022298924855531413,45.65149813353532,0,3
0.0008910289819901786,17.63980006316829,0,2
0.5645940811545807,1428.3741705919306,0,3
0.0007324968813480546,14.337232014199127,0,2
0.000422629528466181,12.81088148865373,0,2
0.004890704491277174,96.82182189122044,0,3
0.4290831927240593,2419.0501046366976,0,3
0.0574766529477247,468.68178956981217,0,3
0.3130491459161539,1576.534245689885,0,3
0.00020391398589231417,6.774045462565088,0,1
0.5779066735865713,2228.412999596406,0,3
0.0002507314076656266,11.482744050762566,0,2
0.000566259758673536,18.811212639928335,0,2
0.0014649427867578291,29.99105711539351,0,2
0.0001970782791686458,11.578874901820646,0,2
0.0408507087949196,549.1751743210906,0,3
0.0006038994114764508,11.955463954624776,0,2
0.05586046427341977,1158.2478102170046,0,3
0.0020403373525941597,22.136509750162766,0,2
0.2258577165938851,688.4178010593376,0,3
0.2998459022414343,2101.218675817547,0,3
0.0017976645176398668,54.49138202771141,0,3
0.0005107873485073077,34.314986201855255,0,2
0.001367013596914058,27.986200712524123,0,2
0.0012746992668333592,23.538993821469226,0,2
0.8121304044457208,4296.527605078315,0,3
0.00035655308889905545,27.257675440490672,0,2
0.0014360272264649344,15.104214129312888,0,2
0.0006715284851311149,13.747874206578336,0,2
0.0007534602796252471,44.267802408635596,0,2
0.0003463823682280669,7.518411278178202,0,2
0.0009438728469057759,46.9122454470667,0,2
0.0038924153767521284,71.87855511329644,0,3
0.000664328717953485,6.98744635428844,0,2
0.22301991481625474,685.6620082111361,0,3
0.0005082226872064526,5.568251195625991,0,2
0.00044759840475717825,17.139945344448417,0,2
0.0007947609812464573,15.733971723210994,0,2
0.0004673040897590439,27.455362504961307,0,2
0.36914395906827413,1973.4943165946488,0,3
0.000414651091214676,27.856497454756877,0,2
0.0009642514127944032,44.15981339071091,0,2
0.001871515742814905,36.631357902278644,0,2
0.0005998248985243268,22.96917475057511,0,2
0.17288405319765587,1069.3541895494125,0,3
0.002115218164385307,22.247982138706313,0,2
1.0192838316579134,3644.5268471919862,0,3
0.00019917824385419852,9.899531164642816,0,2
0.00047874134162060136,14.511760722160204,0,2
0.0007494185729046347,9.432212511847263,0,2
0.0007407464084674333,24.60767869958709,0,2
0.0003634469097645593,13.91752093565369,0,2
0.00030076373648626624,12.690402071906092,0,2
0.001096369079480637,33.89959739958218,0,2
0.07053619604627542,1508.966603289852,0,3
0.0007488065381518027,16.25323930433798,0,2
0.000220649451899773,2.7771029384484165,0,1
0.0022096621411229114,109.82434027980578,0,3
0.04682231200286145,459.4444961829885,0,3
0.0006900325547663908,31.601414784233743,0,2
0.6714669747311156,2562.713560365419,0,3
0.0004856590907971908,20.491862496774534,0,2
0.13978734077160565,795.8928199670095,0,3
0.0679286496377838,1122.2220226204167,0,3
0.5797238165912669,2152.7335455518323,0,3
0.12742129193113486,1410.6220827628156,0,3
8.138568779544073e-05,4.614874488088281,0,1
0.025014800417054405,279.2692606569748,0,3
0.0009169781324769496,38.69090512116786,0,2
0.0007429036385601058,28.448108004361398,0,2
0.0006522130331335559,24.975280568550314,0,2
0.19093204077056297,1420.4958865551903,0,3
0.00041444139366877703,18.980168826261927,0,2
0.0011345674713059556,47.87185302585777,0,2
0.0016758961253894923,33.17790237583418,0,2
0.0007991847303334046,45.3167789471204,0,2
0.006166748575328766,126.24882719705174,0,3
0.0011024514218884996,23.929287297073422,0,2
0.0014304540111878545,28.31885748603964,0,2
0.0008521204906703592,39.024554545742106,0,2
0.0010808527097258208,33.4198331508125,0,2
0.0005229383289363796,11.350651160968535,0,2
0.16054206399428833,787.981015075215,0,3
0.0006679437990933305,44.872846433028855,0,2
0.00048816004872447206,27.68051012390291,0,2
0.00044361096423123255,9.081830284115414,0,2
0.1587433017189165,1940.0633541424575,0,3
0.0007672471475417855,38.13361791478164,0,2
0.12094462125821354,1192.2436423045106,0,3
0.9785770610149399,2967.465766992097,0,3
0.00027028423864693764,13.433632067545282,0,2
0.0001700885442586729,3.140908053045111,0,1
0.0008859491867966239,27.39344013889913,0,2
0.6446126073331576,2131.240835655838,0,3
0.00018254002934387309,10.724713922119738,0,2
0.9014587906621213,2055.1138026311523,0,3
0.00039093338857724367,16.49501346916689,0,2
0.0005716358442964171,6.2019265709767915,0,2
0.00034375461952313043,3.7295437820918376,0,1
0.0008672597444900464,28.81046589972811,0,2
0.0014131602115513796,42.83616447806778,0,2
0.002496584680940274,27.086535989489473,0,2
0.0007201418643243841,22.26669807465352,0,2
0.0007371289164261951,33.75828644102626,0,2
0.33281129438568896,4738.093820511072,0,3
0.8379798092334141,3932.5435569230044,0,3
0.3607560537001865,1162.0382689515156,0,3
0.0006751876748153347,39.669077966973184,0,2
0.00017024108948637926,5.263833596245107,0,1
0.0011441567034498978,38.009013906291074,0,2
0.00017805040386127308,3.5248836892646027,0,1
0.00118189320947443,21.82520825054496,0,2
0.0017663095513099892,18.578141966926072,0,2
0.8038672792681053,2191.2848660394934,0,3
0.0015773433676286794,29.12771408207048,0,2
0.14043436598046483,911.6713689539511,0,3
0.0013716893521164579,14.882055988787338,0,2
0.548164064566235,4036.4904327521504,0,3
0.5317967594219867,3991.7496709073457,0,3
0.0019252746862852153,24.23158517987928,0,2
0.0007112023128341767,47.77897812651709,0,2
0.00020847148280863216,12.248256024057262,0,2
0.0011673690152705619,38.7801295062159,0,2
0.0008867306753551578,50.28096318098641,0,2
0.0003818484836655686,8.288221946263114,0,2
0.0013642450907814807,77.35782587193215,0,3
0.0009178961709882123,27.82356241906555,0,2
0.004544368131178923,89.96536237057381,0,3
0.12602514920370092,1257.2191855033664,0,3
0.0012785150621461624,42.47241363878793,0,2
0.7768726533654042,2365.2726649529695,0,3
0.001390373928184956,15.084773103088112,0,2
0.0029218117986457817,90.34206227191429,0,3
0.0004650110664427142,19.620641337900608,0,2
0.0004303647415778073,7.9472494074184965,0,2
0.0003504952136621414,26.794564610132568,0,2
0.14454646229563325,1988.2796723470558,0,3
0.001645273937641181,33.682888560768106,0,2
0.7466760807498442,2694.5439963853705,0,3
0.21966607675448255,675.0162744261763,0,3
0.23367385439917482,2836.708141855913,0,3
0.9730924428619092,3497.9678443875837,0,3
0.0012018748139217964,39.92641600423482,0,2
0.0008656588551006959,18.789580233364017,0,2
0.0007129500763246277,14.595878182245192,0,2
0.0004978405978030744,33.44521608504848,0,2
0.00017588010920443074,10.333425838643377,0,2
0.000660364887759099,21.93739557385816,0,2
0.002450756536395064,26.5893264631986,0,2
0.0010254169123915646,50.96513798165075,0,2
0.3973741580701491,1974.1453850965233,0,3
0.0010975839885074288,21.483117128554404,0,2
0.0010309143718704534,21.105405676814264,0,2
0.002567200768050652,27.001960268557905,0,2
0.0007814783633626698,45.913939608294925,0,2
0.0010706424155813112,19.770816427923776,0,2
0.0009339316205456943,35.76316796814639,0,2
0.0007536736833870245,42.73613147496371,0,2
0.09604722773624093,326.1776521243639,0,3
0.0005492336015750483,16.982235562988155,0,2
0.0005307525767209356,9.801042449172622,0,2
0.5366179740502875,1999.4664584036157,0,3
0.0013578393606459317,41.15926114532328,0,2
0.0005294088276811022,30.019470975965763,0,2
0.0007365933387916371,56.310891100130426,0,2
0.0002289300819789743,7.6050829779438684,0,2
0.04449496981786002,1173.1366160296143,0,3
0.004697363480910044,91.94194787135554,0,3
0.18113333258953573,1617.0870013611247,0,3
0.0008024066090599626,15.885333069153296,0,2
0.38305915154668874,1449.7740542558915,0,3
0.0017213995770998997,18.1057763637467,0,2
0.00031418950970142856,17.81572647503404,0,2
0.00019286155967267928,4.186161474637719,0,1
0.0009363753131474822,53.09600079538887,0,2
0.13932582812853617,862.2364865634836,0,3
0.06547809030118615,1863.4319175100718,0,3
0.000987728715528749,30.540450677697518,0,2
0.001330479828988229,26.04160984728113,0,2
0.0002050206532226082,15.673364214554272,0,2
0.0006355817713425597,12.440303231003154,0,2
0.0011127738866689042,22.781275482755415,0,2
0.001775319414053028,19.45097040877103,0,2
0.0005123385607748671,17.019944403160864,0,2
0.14263225614621852,2596.826730672741,0,3
0.004080166892900083,123.6793243211689,0,3
0.000624406656709977,36.68555761907189,0,2
0.0024194206436837953,26.50795061111048,0,2
0.0852062389750903,414.1565255472629,0,3
0.00031547362752092843,18.534917613942408,0,2
0.0015029227114129455,63.41420582697303,0,3
0.38656693828513855,1701.4530099022095,0,3
0.0025387474539577026,26.702686730543967,0,2
0.0007073269128175176,40.1080953312613,0,2
0.0011324891882737115,35.01642673108282,0,2
0.3123684065270041,1025.480093700274,0,3
0.0003592181994954537,13.75559036995094,0,2
0.000848162690359032,49.83182179937212,0,2
0.001225318192101183,46.9212727725563,0,2
0.0015928882477001711,29.414770680814218,0,2
0.8253010563490839,2727.0789247188086,0,3
0.0001966099047052412,9.004142060199532,0,2
0.0022770483105767157,152.97340779238178,0,3
0.00027133769648544573,20.74315184986255,0,2
0.0015783120786978773,30.8924543425491,0,2
0.001580087176140063,30.927198495765957,0,2
0.0008504416729300206,15.704520905821404,0,2
0.001295257254362757,25.642352223262687,0,2
0.0015441386373564086,33.51634035404243,0,2
0.0002779069106269545,12.72730031860682,0,2
0.00047338136386871726,14.349287361601577,0,2
0.0007640402048497837,32.2378539112477,0,2
0.00073319644460266,15.914414022919452,0,2
4.82574558697524e-05,2.2100462780168217,0,1
0.0008133023013757263,46.117298303800624,0,2
0.0001448334827121177,7.198494916151168,0,1
0.24187944189729424,1003.6220078850899,0,3
0.08335499998383737,1509.0756543781665,0,3
0.0010202461732488845,46.72420493809947,0,2
0.0019944458314883626,21.851789905012623,0,2
0.0002991493986437207,13.700142353710815,0,2
0.5022141663613675,1571.9980015970343,0,3
0.19422623827789426,1897.9993441914085,0,3
0.3329181682569041,1323.353232594346,0,3
0.0010223766947832548,30.990609485247678,0,2
0.00022519683445478418,9.501937992721352,0,2
0.0005867440201353643,11.484397222474243,0,2
0.0004411622201736259,29.637530260445004,0,2
0.0026088488636628274,153.2768337410706,0,3
0.0004420004200618205,25.063085629926555,0,2
0.08421170357477915,1990.31159769284,0,3
0.2807244945757869,1024.780023763854,0,3
0.00034767536586667114,15.922485643786088,0,2
0.057612570272362454,193.9150130016757,0,3
0.0011070374982057997,13.933218790121423,0,2
0.00022465348739264857,4.148521293845211,0,1
0.0006410594839245471,6.742699258327473,0,2
0.6050890414521215,2196.096182659908,0,3
0.47852174992649765,1909.8194322413324,0,3
0.0008757254599835844,27.077323760416864,0,2
0.0013707188943396465,14.871527069140207,0,2
0.0002442171596279251,14.348409942172818,0,2
0.00045654154618002057,25.887622151871568,0,2
0.000703563261788219,21.326634698835953,0,2
0.7308339061807198,4675.306744975112,0,3
0.0003569719569371318,23.981580226182317,0,2
0.00043053809285443324,18.166091329444185,0,2
0.0003410337834397251,13.059252103318858,0,2
0.004593385831773601,94.03814133837207,0,3
0.002001547744960776,21.929600752854473,0,2
0.22483191572205727,2402.936874816309,0,3
0.0018253070201820357,19.19868062142255,0,2
0.001323552511291387,40.924081232971666,0,2
0.00020712930632574517,9.485899002818028,0,2
0.001381105526108441,41.86451259691338,0,2
0.0010663779480630804,19.692067442045044,0,2
0.0017038365981622639,56.601642728069734,0,3
0.002254850402151974,28.37963848839401,0,2
0.0007823372449175544,52.55786354731779,0,2
0.0022836658025752895,44.69841072109179,0,3
0.0009946412903922223,49.43553202068657,0,2
0.0014880154565772652,32.29815723030063,0,2
0.3012056024648995,1484.2083002902361,0,3
0.003235532810080515,107.48476253453731,0,3
0.00036665756070862845,15.47072104654905,0,2
0.5979071250965807,1837.7301432113431,0,3
0.8306034678691521,1633.9036397998768,0,3
0.330011750304234,1165.9710167375806,0,3
0.00014473863937422793,9.723624571979542,0,2
0.002571106673355729,27.043042797502657,0,2
6.374187338291505e-05,3.6144038745132674,0,1
0.03777783549308541,1175.7495510010697,0,3
0.0006527994194355702,49.90503590267074,0,2
0.0007032862633432797,39.87897531422789,0,2
0.0009287388252487637,20.158764125184142,0,2
0.001290066798615107,39.104917560978095,0,2
0.0023770088146587193,25.789205267949573,0,2
0.0006274148795273346,36.86229873851905,0,2
0.0011283545095848223,34.88858297339824,0,2
0.019151551228684137,415.0972292754718,0,3
0.390286260972374,2333.40790128302,0,3
0.00032793950034445675,7.1180991416008945,0,2
0.0019424242364025485,38.019256677318374,0,3
0.1549751129634862,692.421439899793,0,3
0.0017063878119998968,33.39929300698189,0,2
0.0011106037820041912,21.986746851033868,0,2
0.00021444504463340996,4.654642354831663,0,1
0.001015774393038731,11.12915090354189,0,2
0.7898552123984559,3152.2425800231563,0,3
0.8846899192182398,5251.95028331955,1,3
0.0007398636636123715,8.027103548598383,0,2
0.0004304046257704132,19.71123682509219,0,2
0.0015184775385164826,32.95935272238123,0,2
0.0009132041088452508,27.681335130146508,0,2
0.0003118722153881363,3.383637675390614,0,1
0.0002961784131797718,8.977854823618166,0,2
0.0007895626113582067,36.159591902298935,0,2
0.0005799350978327062,6.2919687919808585,0,2
0.601155263805666,2366.657413190063,0,3
0.0014373706772509679,31.198885688231346,0,2
0.0011628124879927238,12.740147556466876,0,2
0.001705757148406705,17.941248429923228,0,2
0.004164787168955427,90.39889351893729,0,3
0.18171788307328746,3689.95612303523,0,3
0.0014349523008751193,18.612415083248383,0,2
0.0034383336020134964,44.59778360320922,0,3
0.0016353395848684945,29.787069843201913,0,2
0.0010259762430194722,12.400147678781543,0,2
0.003616976213488337,157.8188484780048,0,3
0.0035220729406402235,97.4625827713476,0,3
0.0032045310593013564,139.8227059954017,0,3
0.0027301175103194683,129.6275406758904,0,3
0.0016862197851481222,32.71582912812532,0,2
0.0007879416647302635,37.41192084552401,0,2
0.0016733856382294932,37.405242022460996,0,2
0.0002363969260851761,14.098906517975806,0,2
0.00033540981151483265,4.053827975056992,0,1
0.0048021914751103754,116.69173635105093,0,3
0.0062152803122502995,87.33672248490113,0,3
0.005635545321340818,68.11229276559986,0,3
0.0015766749796310377,94.03418866385744,0,3
0.0018060968493057784,18.215783646154733,0,2
0.0008871206252560769,24.548346619838487,0,2
0.004020886846547126,73.23887860229499,0,3
0.005393411230444997,70.37243011909936,0,3
0.0004506413971155364,19.66275202587051,0,2
0.0016875002582120316,37.7207465687176,0,2
0.0007480016188617399,15.443284787502039,0,2
0.002061017237257211,57.03234046108132,0,3
0.0006766003178632446,8.828180636146874,0,2
0.0017744781372786523,23.153127654834602,0,2
0.0006144140524818541,26.808613750288714,0,2
0.0042603550709632955,87.959537784003,0,3
0.0015920431167869647,29.018085470408778,0,2
0.00018127743191700342,5.800678636498365,0,1
0.0004485419519157724,26.7514098181306,0,2
0.0009339587569067086,50.69672964993833,0,2
0.00022360272043543463,2.7025058071681585,0,1
0.0017715213020706598,32.28942483661078,0,2
0.005523434965978694,134.2177254161544,0,3
0.00046710871715179735,6.058752843095052,0,2
0.000842810235179217,40.01711194840346,0,2
0.0019601753050135303,23.691058563825937,0,2
0.004855458097382225,58.68400741763816,0,3
0.0005830171678803139,7.562172988349861,0,2
0.002052440688692884,28.84076563558714,0,2
0.0019859075101592324,24.002062981402254,0,2
0.000690857329440721,19.11736093732603,0,2
0.0008623322754504261,46.80873316260715,0,2
0.0015540675760560775,21.837658447242475,0,2
0.0016857304643025464,34.8036888941603,0,2
0.0034323111011540642,66.5932783430483,0,3
0.00033472837932976265,15.893094873365484,0,2
0.00477005931467033,115.91093499944024,0,3
0.0005748605059610866,11.153372918037793,0,2
0.0028318183742492707,168.8919699405953,0,3
0.001868681337242328,45.40836638018459,0,3
0.0020371471320560102,26.580393755939706,0,2
0.0005186614730106251,11.865127567980588,0,2
0.001055697131135122,19.242135630076387,0,2
0.00031632878833063867,18.866108326684795,0,2
0.0011632654431056337,15.088431347771444,0,2
0.0003412513544151051,7.806615805447403,0,2
0.0015547707031238784,37.78043710160467,0,2
0.00018940185938736147,3.910401769253513,0,1
0.0017293711513473142,93.87294789615095,0,3
0.005015634462049235,91.41970338203352,0,3
0.0008960262782214993,39.09614746915044,0,2
0.0002775554378556545,6.744509490077779,0,2
0.0010622230342328435,29.393769561379933,0,2
0.003631112357569889,66.1392889918613,0,3
0.0007549134196496466,35.84372088106902,0,2
0.0008597982562612438,16.681700146242814,0,2
0.0028772422725701894,52.407840745659655,0,3
0.0018579563689746963,36.047841230583614,0,2
0.0010596130916412261,24.240174293354343,0,2
0.0010062698030441975,13.12965920268702,0,2
0.0011893984112489886,45.846042425987086,0,2
0.00028335456599609584,12.363556926286893,0,2
0.002319670647134417,32.59586396543379,0,2
0.0002769319401141142,3.6133668972649757,0,1
0.0005278914657344812,31.483879889140372,0,2
0.000599097337488323,35.73065646958823,0,2
0.005905278323934586,76.59591979478986,0,3
0.00018167854507115868,3.524904813207564,0,1
0.0007671738282528553,17.14866081285232,0,2
0.004208832907425274,91.8397833330145,0,3
0.0009107700559831429,43.24388310469566,0,2
0.001063076394860949,57.7054352656817,0,3
0.0022112339834895424,26.725402400073225,0,2
0.0012670801738312888,48.84033042014521,0,3
0.0014521029164522208,35.28564230715936,0,2
0.0034796411233334306,151.8265321052723,0,3
0.0005061717943303195,24.033326261793047,0,2
0.0011553264933561183,14.985457173666202,0,2
0.006243144857978994,121.12872959667777,0,3
0.002223171866329674,105.55747158972025,0,3
0.0022570370108273862,51.63296958162904,0,3
0.0017385453381456935,39.771726440521675,0,3
0.0009319787245305343,16.98712679315485,0,2
0.0018288256023886536,39.90629962546825,0,3
0.0010253461445294094,14.408098617728443,0,2
0.005530926866092565,100.81191070676932,0,3
0.0014869720253951352,64.88077303127764,0,3
0.000599766255025768,7.779421298294779,0,2
0.0004893784902776048,10.103736681393189,0,2
0.00034005099373571166,6.198091431364628,0,2
0.0015621885480890595,18.880913500877238,0,2
0.0033642877405873598,93.09636055521982,0,3
0.0006673108692732042,25.72187934225951,0,2
0.0005373012469331688,20.710584047751112,0,2
0.0002911006871056702,6.5069828528066855,0,1
0.000766491555503529,17.133409948538173,0,2
0.00643188902890994,83.42645835854965,0,3
0.004563078339695492,104.38698345744865,0,3
0.0004357387793656123,8.9962881002073,0,2
0.00047332572147763244,18.244610807397308,0,2
0.0063529839948686115,123.25981503744421,0,3
0.002419326286239167,77.41578284125134,0,3
0.0006604601284586688,21.133998407276728,0,2
0.006590530914206429,92.60972000694993,0,3
0.00029070521482067437,5.298668535676774,0,1
0.0054065813135552535,98.54547091418692,0,3
0.05801133890546437,727.8041175754304,0,3
0.00043288102217956426,10.518872138556308,0,2
0.0004702137884265599,11.426046568965644,0,2
0.0017802202845999106,25.015541881779043,0,2
0.0019732874463935656,35.942657739288656,0,2
0.0007611168513305868,29.337684603591622,0,2
0.001886766748345896,36.60681667193857,0,2
0.0007565327378771846,45.12023284632539,0,2
0.0011566622492002125,25.854907787636048,0,2
0.002786397930585555,63.74286239085557,0,3
0.0010930404487541465,34.9760933441492,0,2
0.0031348037267650846,86.7460932357165,0,3
0.0006731366537369832,16.35700811457113,0,2
0.0001986429472066829,3.618203458812958,0,1
0.0077498124213744675,108.89986979695277,0,3
0.0018753170101133963,24.468858317424235,0,2
0.0017142602670167986,35.392716854979305,0,2
0.00021980528068461894,13.109367181082849,0,2
0.0011601813959652711,16.30279496997906,0,2
0.0007050998036532953,30.765488216277202,0,2
0.002918815510934235,158.4378322507237,0,3
0.00035438383359290434,7.316629173330107,0,2
0.0012352154715694885,28.257331432471837,0,2
0.0016399756050880009,39.850889312297916,0,2
0.00045832480300549437,8.348206723739434,0,2
0.005678124817793549,103.49487996714258,0,3
0.00435275374184466,56.45850342827944,0,3
0.00606001418848377,125.11540425737552,0,3
0.00047323319985943465,22.46938295955707,0,2
0.0004128972635996091,13.21225875004374,0,2
0.0010686611987017153,20.734033297748148,0,2
0.0015206651376438042,34.787403316449684,0,2
0.0027063190432183547,55.87481986183555,0,3
0.000380345212005117,18.059008175917004,0,2
0.002922669561376968,93.52221457983501,0,3
0.00757165691568567,106.39643999526997,0,3
0.001707776841797105,37.26492796971902,0,2
0.0048749616690822355,63.2319346396033,0,3
0.003621173036923976,79.01661920000008,0,3
0.0006387974008857034,34.67491352727972,0,2
0.0011418767600278274,22.154552624446982,0,2
0.00013144652879302428,7.839578763801351,0,1
0.0018434775489566918,23.91129608761633,0,2
0.0003883392568840589,16.944334361861543,0,2
0.0009859946055496215,46.81558773715055,0,2
0.004210383551576099,91.87361951182481,0,3
0.0013237043867787577,29.588805964678848,0,2
0.0006258390399193441,14.316968643463118,0,2
0.0037159667022840445,67.73072804064043,0,3
0.005166641183044079,100.24253753846044,0,3
0.000686515980292369,15.705040970836363,0,2
0.00037074399591739915,8.28725225007742,0,2
0.0009620483982599277,19.862507004058287,0,2
0.0006087831510364312,28.90537215906775,0,2
0.0045623365799429385,99.55348958021925,0,3
0.001152107460251613,27.995847457679737,0,2
0.0010576464973673133,20.520327415556775,0,2
0.002405108408442141,104.94164658026153,0,3
0.0014418001126552517,27.97362866810244,0,2
0.0008444888310480773,11.866703185288975,0,2
0.00041584216962816084,8.585501542086169,0,2
0.002020446312073575,41.714251691984444,0,3
0.0006957658541199883,9.02460860178729,0,2
0.0017871396482531672,32.57409960430495,0,2
0.002640341098879363,101.77345866065748,0,3
0.0006424942200443049,38.31888213081324,0,2
0.0019283540805747198,104.67404986494189,0,3
0.0034597771424987682,79.14738088072772,0,3
0.003505398878959731,80.19104375362252,0,3
0.003924683216623629,71.48656717400456,0,3
0.0006426002255761921,20.562501139223244,0,2
0.0009609771546969031,21.983735295025838,0,2
0.0005269860716427473,31.429881443083236,0,2
0.0011414535517007562,43.99798037699877,0,2
0.0017292333610091552,33.550373242987305,0,2
0.0037202051287968563,143.39743567430332,0,3
0.005288538904045811,68.59634372931988,0,3
0.001513145192754882,34.61537375563937,0,2
0.00042484833430488897,25.338303034973247,0,2
0.0010368020483256155,13.528039412472824,0,2
0.0006805256201495125,13.203474483112675,0,2
0.004474522054113395,100.01913279597369,0,3
0.0013605263811710836,37.64840117518559,0,2
0.0008773575497926138,19.144577380675862,0,2
0.0015908608484236611,86.3543938603083,0,3
0.016695282457876607,125.47376909794927,0,3
0.0009706051504221797,46.08488760685512,0,2
0.0022235448963280465,105.5751832673695,0,3
0.0017402660465317915,33.76442805218954,0,2
0.004941856649948362,90.07495911299411,0,3
0.0017388748995350292,94.38882608560058,0,3
0.0015643333338401515,35.78637614457538,0,2
0.0010211783300630272,19.81277651344344,0,2
0.000988005167310327,53.63045261845218,0,3
0.0005446460220378452,7.653331159572808,0,2
0.00044058171389018373,19.223819744049525,0,2
0.00417865072242443,81.0736679910005,0,3
0.0012968933549985333,41.4991623535409,0,2
0.0008810756400935454,47.8261520614776,0,2
0.0012536233855074794,30.462652383470058,0,2
0.0006396180178353392,27.908333669466828,0,2
0.0053273079067331945,121.86983455778312,0,3
0.0006047964717103808,6.099806709074685,0,2
0.002709928679509378,118.24181261209426,0,3
0.0002964753696525717,6.782300719721862,0,2
0.005053213739970107,112.95464632694834,0,3
0.0021886313877211663,53.183051569121986,0,3
0.0002837660787645592,9.080202722676017,0,2
0.0017016322023955888,31.015559922754615,0,2
0.0029652410408785176,176.8494071853885,0,3
0.000904439032519264,53.94148554242646,0,2
0.0016585686760367977,78.74978923217105,0,3
0.0011122925376782654,13.44338314172388,0,2
0.001291641916287015,23.542688717892684,0,2
0.0008388430677335771,15.279197835888693,0,2
0.002080044516786684,26.979748326448252,0,2
0.0009737528649248899,12.63031008029418,0,2
0.0014403710281789756,29.73798375153867,0,2
0.0027488585782898677,163.9441796822713,0,3
0.00034916057686940066,16.578343865960314,0,2
0.006554466533202487,119.46791394523177,0,3
0.004678281590272527,85.27079047654573,0,3
0.0019602321538802333,38.03218344527333,0,3
0.002547724701307385,70.50047905442918,0,3
0.0008221362287868741,10.663727801841025,0,2
0.0004991597041572319,6.512961815481085,0,2
0.005205828382361642,94.82212443943178,0,3
0.000954971215164321,17.39442654452378,0,2
0.0005044013100673326,27.379685304575574,0,2
0.0006291205602012901,29.8710039766709,0,2
0.0026434504195400068,143.49058807082017,0,3
0.00021861813929726143,3.072008148101922,0,1
0.0036338973579323887,51.06329387313647,0,3
0.004282419737617655,104.0614472697864,0,3
0.0003530041413470567,3.560300250480059,0,1
0.0005307020679746994,6.924521902167224,0,2
0.0007984366075847023,43.34037722543549,0,2
0.007022882784837067,70.8308158723985,0,3
0.0018189939581953504,33.15470642252271,0,2
0.002436686979468562,50.30798064206693,0,3
0.006205906291493195,80.49529158186722,0,3
0.0006128359049206235,33.265683266824986,0,2
0.0022243901805868308,26.884410747495984,0,2
0.0035252637989817374,167.38154118585027,0,3
0.0023212450686927347,64.23334878434528,0,3
0.0004896624927799023,10.94544116628895,0,2
0.001979541031292823,23.925116484176375,0,2
0.0015814707367234828,85.84468403562255,0,3
0.002631494920860036,31.804757524008956,0,2
0.00039235459606543614,8.770314677721545,0,2
0.0009559112537738797,30.588109780224706,0,2
0.004993556917031271,138.1813956019686,0,3
0.003774316730913417,145.48319834466784,0,3
0.0073729443119302,89.11083362544454,0,3
0.0018000002410910273,37.16290933038637,0,2
0.005602707581066443,102.12025399237255,0,3
0.0003807225138042259,20.666208450043722,0,2
0.0014201840719883496,29.32120268371282,0,2
0.0015310180822615774,31.609488085280592,0,2
6.321466751425754e-05,3.0014685644642576,0,1
0.001437260374636902,17.37100738893056,0,2
0.00020923110722719188,11.35738896285519,0,2
0.0005213610928735662,12.668909915113208,0,2
0.00023102092221560447,7.392415668673817,0,2
0.003977653882295054,90.99455654717046,0,3
0.0011563993284347562,44.57407389432301,0,2
0.0035391269748467507,154.4220671689413,0,3
0.0001571057831984347,8.527945541869844,0,1
0.003692812828926113,89.73418558178588,0,3
0.0007237709493578195,34.3650585820132,0,2
0.0004902317975357628,9.511417113365736,0,2
0.0032343387737758683,175.56492425158226,0,3
0.004393060003121068,61.73099893755079,0,3
0.0018325865347752974,22.14899596357313,0,2
0.001478827129640012,19.29551713975899,0,2
0.002011426548287454,28.264437550836778,0,2
0.0013077943200852373,29.23316774138545,0,2
0.002432754969098733,44.311678654661634,0,3
0.0008601308944715671,18.768679280885227,0,2
0.005030477865174984,109.7686715916266,0,3
0.0008483262823785204,23.474831983007427,0,2
0.0008867070401084735,28.37365098345412,0,2
0.0022451631224047804,31.548888980649366,0,2
0.0007200357774974973,27.754191102974648,0,2
0.0017455355242105939,82.87902491762826,0,3
0.007855375548861706,110.38323613069952,0,3
0.003576743902607067,86.91374732588307,0,3
0.0004012241873010311,11.102650690018146,0,2
0.0007125796648882623,16.301285262564484,0,2
0.0006058681608281547,7.858567624987061,0,2
0.005979993929655074,108.99703226220903,0,3
0.000859766311900161,19.668391619939385,0,2
0.00010114403053696395,2.313815248498739,0,1
0.0007786191835387437,18.920200278204295,0,2
0.001088713384774315,34.837632051305754,0,2
0.0008116126585500821,18.56680750468489,0,2
0.0023841380129509195,31.107879325722045,0,2
0.0005714217946687387,13.072095849945848,0,2
0.0005162268565406237,30.788193031800862,0,2
0.0015737389248047311,15.872287126127281,0,2
0.0004722230254917141,25.632998117732416,0,2
0.0010636310737018708,13.878100557967619,0,2
0.0005446342703126043,12.174227045670094,0,2
0.0009692464302744698,20.01111799032766,0,2
0.0038389854767219523,69.97298471915842,0,3
0.1463754058159947,1468.4408858266424,0,3
0.0064195312324519934,64.74558221228631,0,3
0.0013210006158817047,18.562616389842677,0,2
0.003995821877234303,51.82882757319055,0,3
0.0007214271558986802,13.99704105517738,0,2
0.0027841587629972337,28.080240371825745,0,2
0.0012248046012964303,17.210876129081083,0,2
0.00010241717707253981,2.488705060327279,0,1
0.003365487847019597,69.48405719962433,0,3
0.0020516857300493735,28.830157004886143,0,2
0.005574746276048367,127.53034332874685,0,3
0.0015924605077794313,30.896723146456893,0,2
0.000987708329246964,21.552511337340484,0,2
0.000719705386790369,27.74145600409365,0,2
0.005579756729900879,67.43802103918006,0,3
0.0038428831271178376,106.34002224532465,0,3
0.0016393623519614685,31.80670696562949,0,2
0.0005962679654034673,13.010999000331323,0,2
0.0010808326248660963,15.187791100025288,0,2
0.0005792125807309532,12.947157110550181,0,2
0.00014623989142687748,7.938128086361849,0,1
0.0018149827451975908,98.52007797146898,0,3
0.0032287470943212796,45.37014821276372,0,3
0.0007418741343608614,15.316776387263452,0,2
0.0034300589227246538,132.21358411748403,0,3
0.0016477775625959078,30.033954258808052,0,2
0.000527418277180709,9.613224971427403,0,2
0.0007361520388679741,32.120384603478605,0,2
0.0005892049879813637,13.478911987638869,0,2
0.0006344212159920096,34.43736742493518,0,2
0.0017391683515971031,22.55832701883744,0,2
0.001754050167850686,38.27464546916201,0,2
0.0005989119777349928,23.085404924861894,0,2
0.0001048926515847636,2.288833652144957,0,1
0.007581953724033176,106.54113008935211,0,3
0.0005348577881588691,17.114861527597075,0,2
0.0045497218398310195,99.27822681161729,0,3
0.0015127575138065379,34.606505041811786,0,2
0.0010214946851494259,12.345982701962948,0,2
0.0011020051235975288,14.378799471750652,0,2
0.0030872665115686706,37.31330128516599,0,3
0.002290951494480068,29.8919954483506,0,2
0.0006930154958151395,8.988934377378376,0,2
0.0023898528874296385,43.559721855457894,0,3
0.000840495046564851,32.39736256514771,0,2
0.0012411208495224906,39.71450346027619,0,2
0.00016728645290159535,9.977101226492026,0,2
0.0071220550537316836,92.9275184402653,0,3
0.0021531841930066756,28.09442812381464,0,2
0.0003605179825243272,13.89637195225876,0,2
0.00459517809266119,105.12131149925958,0,3
0.002826128663744278,63.17254327927448,0,3
0.0006108342205158681,29.002758110906754,0,2
0.004908073665735409,89.39863893076195,0,3
0.0013276922194767288,72.06919257555796,0,3
0.0006841784342260213,6.900430803595354,0,2
0.0011806158695234926,16.589938888936636,0,2
0.0012642310458257722,30.720415179389246,0,2
0.0016388536098586178,16.529015482408408,0,2
0.0009496909390313837,12.318208728800354,0,2
0.0001648331327658392,8.947398059480753,0,2
0.0011408673626315449,25.501844189311253,0,2
0.0030388347585758968,67.92716933501579,0,3
0.001889246366974437,82.43313434444877,0,3
0.0005842942996477576,16.168555422334517,0,2
0.005362903249835489,119.8771457220001,0,3
0.0050907715213266615,92.72640879278573,0,3
0.0018167066572925908,50.27179332789518,0,3
0.0007866280462412415,46.91514171540946,0,2
0.00155584936988742,18.804296964775876,0,2
0.0026064404490074564,141.48162947755722,0,3
0.0019947003092356864,26.026553904856332,0,2
0.0013299113241712868,17.24995428370178,0,2
0.0015928582207615082,32.886243169856854,0,2
0.0009191534113987983,17.833301574749967,0,2
0.0016083617142184448,39.08268174758469,0,2
0.0005384958303012991,14.901223034644424,0,2
0.001181940305852141,15.421781878787701,0,2
0.0014076791031594556,17.01348240982683,0,2
0.0032411924360856406,59.07704266589977,0,3
0.00847028562111612,85.42891282640417,0,3
0.00028602023630190437,13.580404387434,0,2
0.001476393640442313,40.85467274807319,0,2
0.004756672767157773,106.32605659591817,0,3
0.0018022126108620483,23.376058675380634,0,2
0.0010335572529210706,33.07269643670875,0,2
0.0029183246038721852,174.05127241069837,0,3
0.004414182201751043,98.67035417038362,0,3
0.0013562614097380533,19.05809881588216,0,2
0.000793077290140737,15.387188157895935,0,2
0.0007490381285943536,32.68264095297229,0,2
0.001199033431131193,71.51133704401646,0,3
0.0026024207957826948,113.55094117401838,0,3
0.0030031019821665857,163.01303261542313,0,3
0.00207452124540176,20.923036430806658,0,2
0.003580566082764673,80.0365067342952,0,3
0.0013910428892153263,38.492852082728085,0,2
0.0020081549162332753,109.00576297465157,0,3
0.004653209742495847,128.7633298128134,0,3
0.0008335887197771662,45.24848838694757,0,2
0.00011203985293997489,6.081696962004207,0,1
0.000729129716989821,39.57829172713814,0,2
0.0011563870412142415,14.999213280359783,0,2
0.0014787832170751584,32.26812117275576,0,2
0.0030919778722883983,69.11507903426866,0,3
0.0007414579157585862,28.579919681628052,0,2
0.0008769900620255144,15.9740303916441,0,2
0.001697882336204851,38.84150175557529,0,2
0.001220636749297096,22.24848130426908,0,2
0.000180374190287288,8.564269706328579,0,2
0.0009619770631051734,13.517640327767937,0,2
0.00037017712757948974,8.07753311654642,0,2
0.001537978012810674,33.559794502243555,0,2
0.0021349152973449336,38.91298791923881,0,3
0.0006913226656552967,32.82439551545553,0,2
0.0025671505977968682,121.889778472616,0,3
0.0014654330512100281,35.60956037222283,0,2
0.002965316720353115,54.04867062375749,0,3
0.0010523430493258746,23.523057418095615,0,2
0.0008296066491340059,45.032335417289815,0,2
0.0010867386127780042,24.860709623976888,0,2
0.00170943695490232,47.3034328128602,0,3
7.412814054055836e-05,1.6957878879754398,0,1
0.001956100043987109,116.66341063185263,0,3
0.00043360602685517727,10.536489523222954,0,2
0.0012497689259540127,16.210446851658777,0,2
0.00549428188674421,106.59938222269632,0,3
0.0009192504111932044,16.74378609492655,0,2
0.000783420493982205,10.161555481549957,0,2
0.006308317297471555,81.82363967483155,0,3
0.0008903871500367698,16.229039370281093,0,2
0.0050375479723139835,60.88478093001453,0,3
0.001319863383194751,25.60782722240196,0,2
0.00016483966464073761,3.403289272551401,0,1
0.005927567226027569,108.04145351515534,0,3
0.0011027615083256032,20.099975537503777,0,2
0.0034864526612845125,63.50436929896131,0,3
0.0008648069624863594,33.334479277472944,0,2
0.005294643064295007,118.35132363872863,0,3
0.00034580604967528455,13.329292081303487,0,2
0.0055858061148741905,72.88277004707267,0,3
0.002016187380004998,46.12318768512384,0,3
0.0006036529384810963,28.661786733100197,0,2
0.00270803056470145,27.312432825923324,0,2
0.0026366416505835613,26.59242436413722,0,2
0.00041961882499837557,19.923741780433936,0,2
0.0007202365235452516,15.716082754015558,0,2
0.0010723818807888582,22.14045848079981,0,2
0.00443482893842609,62.31793335208306,0,3
0.0015182406626153752,90.54911808071142,0,3
0.0026801901009593705,52.00071909141859,0,3
0.006155916051240337,80.32147997348423,0,3
0.0023894602373838833,53.411680153390705,0,3
0.0015229054079329367,29.547223643716965,0,2
0.0019965509710052616,26.05070106525055,0,2
0.0007617605795543242,45.43202561079735,0,2
0.006192268659366055,120.14163584106555,0,3
0.15826149710168755,699.6844801136048,0,3
0.0006911708317295453,15.449763431137859,0,2
0.0020091316091391943,24.282753941858253,0,2
0.0008146765492683453,31.40217381154256,0,2
0.005892193692388671,114.3196181944172,0,3
0.0009015377449506206,18.613200547802926,0,2
0.006372688265228126,116.1546510937906,0,3
0.007024976532780354,98.7145221265561,0,3
0.0017843842811374523,96.85914589209327,0,3
0.007207646950360901,72.6942951570438,0,3
0.0007620170776011383,33.248949014127625,0,2
0.00026841722779622325,4.8924265780191485,0,1
0.00711358015042137,92.81693915834357,0,3
0.004561540458472448,83.1429560575108,0,3
0.00032652737061253406,6.741503023692878,0,2
0.00654939072270028,119.37539741635666,0,3
0.0005014847633551225,21.881191141603114,0,2
0.00025980780984131155,4.732297468464198,0,1
0.00031437537926809077,6.85989854011051,0,2
0.057297372629481105,366.10757225845845,0,3
0.004233905951268004,42.701981799098725,0,3
0.0026232558278843714,36.86182356011659,0,3
0.0039499459350236426,152.2529265255088,0,3
0.0002663726989344823,14.459123172346652,0,2
0.005801674260950483,105.74680911626315,0,3
0.004891934907152138,94.91272011984027,0,3
0.0012050016117958447,38.55872754028474,0,2
0.0017824616078434066,38.89460367384793,0,2
0.00030796785152138777,7.483521538155116,0,2
0.00011523739480535431,2.8002323027111897,0,1
0.004320905274054707,83.83367332650035,0,3
0.0038127475202620925,87.22208620936962,0,3
0.0025011547282014876,32.441865809981884,0,2
0.0009288702876263465,12.119761800603428,0,2
0.0016242770977871628,29.605612532868637,0,2
0.0008285850570560766,20.13435522584735,0,2
0.0015817390883354804,32.656676917170934,0,2
0.0007411976613650316,40.23335846204071,0,2
0.0008852234364903635,48.05130088204107,0,2
0.002753596284770994,38.693359346077095,0,3
0.004886940061722954,49.28829973336612,0,3
0.0024487496546701302,31.9509224476889,0,2
0.0010163818493838898,48.25839145210635,0,2
6.0940019664354423e-05,3.307918769366282,0,1
0.002469038712051946,117.23137002971349,0,3
0.006515012268413133,91.54853681347677,0,3
0.005194914147588176,113.35679040771721,0,3
0.0032437603598012054,141.53439074698952,0,3
0.00023522167923015414,4.856400426076044,0,1
0.0003715537058822122,8.305351722494235,0,2
0.0011635891975177353,26.00974608215384,0,2
0.003215412196334681,140.29748061800683,0,3
0.0008863843236044526,16.15608006515209,0,2
0.0008692126674146622,37.926194190140286,0,2
0.0006956037379447797,41.48637732837668,0,2
0.0008076672972159249,19.626060267394976,0,2
0.0008566094928952226,27.41056254335067,0,2
0.001163317341303811,21.189369606075484,0,2
0.00021068968556249484,5.119692825030343,0,1
0.005987613233074058,123.62060993462943,0,3
0.0008337610365008632,26.679437044262592,0,2
0.0035922507380801412,65.43143981810444,0,3
0.0006617106811013993,35.91868190987485,0,2
0.0007151693969416807,10.04951474630679,0,2
0.0008550499513522864,40.598260671888355,0,2
0.001237482256340039,22.5555234678953,0,2
0.0003496556176784493,7.815863065260633,0,2
0.0013990218669661025,32.00463845057394,0,2
0.00222301530930325,29.005574176238667,0,2
0.0014888866415794534,32.48858521535506,0,2
0.0009481059001065516,30.338347039272406,0,2
0.0003003815749577904,13.106493232403126,0,2
0.0034660268460261494,133.59998830472642,0,3
0.003422717645478085,44.39523285306806,0,3
9.809238392374209e-05,2.244004440790005,0,1
0.0006164866922416284,11.960999070692676,0,2
0.0011886943696361584,11.988836294696739,0,2
0.0018579234282034094,33.86427180809558,0,2
0.0014944934031200134,15.073039135361817,0,2
0.0010520553390151476,49.95218914057497,0,2
0.0021748248160219745,28.376791764525244,0,2
0.0024547865297962278,34.49450372977042,0,3
0.004002117870837586,128.06337440142428,0,3
0.0019444384607224716,27.323125217437155,0,2
0.0033935737407575547,75.8566610075663,0,3
0.001057041789856218,63.04283912476469,0,3
0.002338732595579497,32.863721249052695,0,2
0.001029039741999888,39.66492575033175,0,2
0.004810148347999986,58.13638500683574,0,3
0.0014683519259628144,33.59066331861876,0,2
0.0012456243950738541,30.268279441950952,0,2
0.002257873292866894,22.77227349081712,0,2
0.001453128899753238,31.708325382277856,0,2
0.025898429378291603,289.208142041351,0,3
0.0008667617411394834,51.694380989033654,0,2
0.001153007542909145,44.44333558020022,0,2
0.00117367836540367,26.84958157477835,0,2
0.00028296689991444825,10.907121092422653,0,2
0.0036798967515762142,71.39690471793115,0,3
0.0013576981868842074,59.24019174792716,0,3
0.001545583518679332,35.35744714110065,0,2
0.00046975919624656955,20.49691538946742,0,2
0.0007848973854003901,10.241224717477262,0,2
0.0012812637008374735,16.717738811079755,0,2
0.006188389910471714,80.26809089085518,0,3
0.004278493986092546,136.90710641177103,0,3
0.0021957208847488015,104.2540832857306,0,3
0.0003002050435369715,6.19805073288597,0,1
0.0015109095698477531,32.969141465747164,0,2
0.0014295120543261377,20.087412201091876,0,2
0.0023329802974946545,42.49432210122614,0,3
0.0017710554219379612,24.886757816265334,0,2
0.0005022515034114276,27.262990465506842,0,2
0.0019029005291301057,103.29239162074676,0,3
0.0012227914234826584,29.713445442756946,0,2
0.0017589119280644395,22.81441611686098,0,2
0.0022295694866734566,26.947008844464346,0,2
0.0009952089091481513,43.42376470464422,0,2
0.0032769722615270222,39.60612173885842,0,3
0.0061296287966390774,126.5526714931721,0,3
0.0032186822627840255,62.448477864183005,0,3
0.0008196140167312726,18.320858002146984,0,2
0.0022458471982648408,121.90806864170455,0,3
0.0011554037393015494,16.23565964329956,0,2
0.0009652651360614549,30.887423735525555,0,2
0.0012126248617115158,27.105841832587746,0,2
0.0036569675547803515,140.95990719447903,0,3
0.0021932257220187924,28.447794037875465,0,2
0.0011569746009012138,28.114117438460475,0,2
0.0009866226857208249,22.570413722056802,0,2
0.006270701508620361,114.29574388902431,0,3
0.0010763949202579643,14.04464133549062,0,2
0.0015973703078423845,35.706068941499495,0,2
0.0018854202002250343,26.49380438560808,0,2
0.0014748034404956998,19.129314461510912,0,2
0.0008289597584197827,39.35948339112427,0,2
0.0014888056941804284,47.640146337043745,0,3
0.0005172860466782464,22.57064558955622,0,2
0.0016574339476232553,40.27512152269794,0,2
0.00018974079664841857,4.1402816497850505,0,1
0.00029656161181095745,6.6290510752182445,0,2
0.0010411342310383464,45.42761570860263,0,2
0.00797274454507603,103.41251812702141,0,3
0.0003249229721840655,14.177303440070125,0,2
0.07943039378781194,461.49619167491517,0,3
0.0005070211109467389,22.12275756341826,0,2
0.11909357656623913,435.14695208592326,0,3
0.005273041877681646,128.13325244269532,0,3
0.0013591204332551218,13.7077055257361,0,2
0.0011503672016342748,23.750547936078252,0,2
0.0006813456069199467,13.219383765701533,0,2
0.0009730506079217025,37.506792536039576,0,2
0.0028722270199254118,52.31648988361634,0,3
0.0020822313912786635,57.619377208214694,0,3
0.0004207073749774515,13.462173732504796,0,2
0.0031249029759999078,86.47212027796904,0,3
0.0010095550154971338,32.30465121243098,0,2
0.000521125235765279,22.73816021089803,0,2
0.000676956492499331,13.134226706892594,0,2
0.0015133084404429687,27.582992699651378,0,2
0.0004617102898829514,14.774221956110418,0,2
0.0023062566603185147,137.54703835943323,0,3
0.05375652870640362,184.4566817470773,0,3
0.0016214276548583556,88.01360751468223,0,3
0.0013638254520716797,28.157619349590924,0,2
0.00031815030057353173,10.180460039710637,0,2
0.0021202777994314874,58.672195041985354,0,3
0.00031690940439410125,6.542929935557241,0,2
0.0018148646729106291,41.51764104958852,0,3
0.001430242188262861,39.57757264144107,0,2
0.0010441228411448276,10.530728616028107,0,2
0.001554771194592154,20.286424039948017,0,2
0.0005137240065226436,22.415223755845158,0,2
0.0007629211861782699,41.4125450763919,0,2
0.0024593491125504043,29.724169927711035,0,2
0.0027433137556479863,27.66828914275103,0,2
0.0024727789923750057,32.07381108567294,0,2
0.0013272858835979239,28.96233959669644,0,2
0.0019779762479579187,36.02806242279941,0,2
0.00029077795468482613,9.304575047583466,0,2
0.007934228564923634,102.91293677543406,0,3
0.003334752475418237,74.54182740566418,0,3
0.0003714563718789355,10.278917558026048,0,2
0.001335441544952753,24.341022227075293,0,2
0.00023123950138568088,4.211936922468831,0,1
0.004958762706166434,90.38310490322473,0,3
0.0036166929163158174,50.82153815698436,0,3
0.0011328762007768297,23.389427718355975,0,2
0.000469803149794048,8.55728031349335,0,2
0.004678378187607911,113.68311256399915,0,3
0.0005045776698668291,9.190684572618562,0,2
0.0004247283410643429,8.768965952722548,0,2
0.0008109667698586112,31.259178241175924,0,2
0.006678743380446107,93.84927595561706,0,3
0.0005246199362032718,31.28876318523409,0,2
0.0058125998893054885,70.25220858226962,0,3
0.0007415421930859517,23.728535383627968,0,2
0.0012843359552120858,26.516474589121007,0,2
0.0010388594748144265,28.74725460214208,0,2
0.0030884175242609523,119.04482090046177,0,3
0.002992374848137873,95.75270716509019,0,3
0.00274919848775167,105.96942901123266,0,3
0.002528831056657557,30.56394216785752,0,2
0.0010530217365012726,45.946301017186855,0,2
0.0017452478077788045,39.011579368044494,0,2
0.003760623942711649,48.778132730310695,0,3
0.0006430681166640326,24.78742856938882,0,2
0.008499197176726378,85.72050662552557,0,3
0.007195790814772396,101.11479352113706,0,3
0.0010736724942720995,24.561803360531066,0,2
0.00022069804026862878,13.162612094738988,0,2
0.0008845376765001548,41.99835472520165,0,2
0.005227317737545467,114.06386021693658,0,3
0.001091019045362273,42.05395346771464,0,2
0.004871191324457282,118.36841090057341,0,3
0.003851023913524593,106.56529357910006,0,3
0.0006336034730246152,11.548656905525505,0,2
0.005558242168011233,114.75579003307796,0,3
0.0009668674278134241,21.097747768859474,0,2
0.0029504510332373085,175.96731900181194,0,3
0.0038322250093139427,74.35235886182546,0,3
0.0027142825205220527,49.473083574711374,0,3
0.00664580852619445,86.71352435626282,0,3
0.0007372093803146095,35.003122968944155,0,2
0.00020644696018602704,6.606075885217732,0,1
0.0019013558238935504,19.176538808377835,0,2
0.0006274927100982727,20.079077243834778,0,2
0.020901937291338386,209.70612226453744,0,3
0.0014050035352193015,19.74302005396204,0,2
0.0008505747903282086,50.72897796929639,0,2
0.001075051380421062,46.907516361328874,0,2
0.0016529651519331314,63.71448773386695,0,3
0.0008422712106957944,50.23374567105663,0,2
0.0006092409089802854,36.335627391130814,0,2
0.0007867366162651136,42.70528355299074,0,2
0.0011856924907873278,37.9408568845765,0,2
0.005749540163905713,111.55187195903387,0,3
0.0002596204566021579,14.092600987591428,0,2
0.005401444011430074,117.86342166731744,0,3
0.0004934344276710427,11.990300769712142,0,2
0.0004930782183673597,21.514389932156472,0,2
0.0018564117566497672,26.086179586890882,0,2
0.004903374725837124,112.17175298940602,0,3
0.002880018912252756,29.04705881226424,0,2
0.00022381614849334964,9.765728260605956,0,2
0.0017653319062171941,24.806331338451074,0,2
0.0005752821574944827,12.859300235809439,0,2
0.004636757869909159,89.96180659042204,0,3
0.0006267552856358455,15.229955516583122,0,2
0.0019724630243384556,27.716924597726646,0,2
0.001302752684531479,28.427007418801466,0,2
0.0013239493268165166,28.88953351039586,0,2
0.0007882506934859474,17.619792647085546,0,2
0.0004905322018090993,6.362573129575602,0,2
0.00030143607352741043,17.977894603745206,0,2
0.0015683740838952744,20.342996375186633,0,2
0.0006658261530901696,39.71041774993034,0,2
0.004304400092661755,83.51344182468986,0,3
0.0059581202619831426,123.01169634366732,0,3
0.0008994508034580039,11.666556226790256,0,2
0.0028480596327493165,69.20694968107564,0,3
0.00080500004239458,31.02918731645876,0,2
0.0009204744224077776,20.57539383574296,0,2
0.0009667881856703426,21.610646848694675,0,2
0.0028870034926743965,29.117503321299665,0,2
0.0006179151571672595,23.81789335114579,0,2
0.00019563566801147656,11.667871662094853,0,2
0.0003410342821098643,7.441615114452286,0,2
0.000779861254112373,10.958560596678744,0,2
0.0037450635205645505,48.57630230312804,0,3
0.0020394007081953724,121.63153055205173,0,3
0.005756035781568258,118.83944844542006,0,3
0.0005541209897659567,33.04823021067344,0,2
0.00467462536731882,129.3559416474024,0,3
0.0004756472695820217,28.36799319019523,0,2
0.0020585698421295086,50.02259708365333,0,3
0.0008700761435505598,47.229082331790515,0,2
0.0022600579307537135,22.794307132649113,0,2
0.0002350009675632657,2.3701535072246465,0,1
0.0008879185225083948,19.37502545674276,0,2
0.0005545854358271099,12.101456006046371,0,2
0.0021452655127619123,21.636543167133446,0,2
0.00048108633182399014,6.277143132796919,0,2
0.00296734816631644,29.927837048833116,0,2
0.0023968168367717283,31.088524557441822,0,2
0.0019449292946906122,25.377149086017603,0,2
0.0007863812617174542,15.25727263699962,0,2
0.0015667422831728366,28.53759686794334,0,2
0.00479269463574105,92.98727256507284,0,3
0.00021309347084053922,10.117799858335163,0,2
0.006191958363929329,112.7840957065764,0,3
0.003340957316487644,106.90696313524396,0,3
0.0019333183903574413,25.07659965245208,0,2
0.0015617847208841413,34.079274120330155,0,2
0.0036341114993729147,158.56650921090122,0,3
0.060618520074813276,594.7565107368123,0,3
0.005465039912972348,125.02065240190701,0,3
0.00011475834013904604,2.788591425601578,0,1
0.002493998239134363,32.541319269318734,0,2
0.0035555307702460387,137.04996828474705,0,3
0.0867420135511463,588.729401628405,0,3
0.0015142216780205577,18.301176614584584,0,2
0.004278688764740777,95.64166509355708,0,3
0.0014224974550467809,31.797130539889604,0,2
0.00251002258923749,109.51934746211683,0,3
0.006886069080942561,96.76260347401673,0,3
0.0017709259436837549,38.64288712431331,0,2
0.0014031727864478863,14.152005140771605,0,2
0.0028193821401802962,54.7013059373659,0,3
0.00199150116927313,24.06966902934832,0,2
0.0015710035196201098,20.498221010342593,0,2
0.0011903103557663567,28.9241657545154,0,2
0.0010873736712348951,13.142208893306353,0,2
0.0024377903004069866,29.463605946647768,0,2
0.002107759742250916,47.11482008863936,0,3
0.005254716049245746,95.77743079438582,0,3
0.00013294608026086647,7.929013242980591,0,1
0.0004429482969747895,5.77952370834897,0,2
0.0009773780553737697,21.327097277159783,0,2
0.0007089149783400456,42.280270620811194,0,2
0.0008450202113945373,40.122042882936995,0,2
0.0013087934330471185,78.05751356184436,0,3
0.001065164469083563,34.08409262438697,0,2
0.0018726306086927508,34.13233880701565,0,2
0.0010235025588517634,48.59648680979663,0,2
0.0037964030564646522,121.48072637775499,0,3
0.0010880650229320278,24.321551822333404,0,2
0.00553201919549155,120.7126667850597,0,3
0.0018119040048913831,33.003121579312214,0,2
0.0013506771767706415,24.618721280339265,0,2
0.001718687221548027,24.150883204870144,0,2
0.0005944430132170978,11.533310318209896,0,2
0.003978699321707633,51.913478876091034,0,3
0.0026191279426304314,124.35769252985709,0,3
0.00815146511747652,105.73065892891775,0,3
0.0031894268298129553,122.93828238818456,0,3
0.0010137002754577033,28.051050806510368,0,2
0.0009800125166830093,19.014082459250105,0,2
0.00034591860646005635,20.63086934367133,0,2
0.0054882985494751416,71.1873771980601,0,3
0.0008883121634443604,8.95926604698404,0,2
0.001977484695579832,107.34093583611563,0,3
0.0019492204369651728,25.282861206899398,0,2
0.0013967011333067749,38.649426660369585,0,2
0.0008266714820135528,15.057497170595962,0,2
0.00022143560421165995,12.019867985145538,0,2
5.576188277580549e-05,2.6476060830213615,0,1
0.0006560738064727748,35.6127036137192,0,2
0.002912188258680906,138.27236392979876,0,3
0.00026195351092309554,7.248761218427941,0,2
0.000787706189688832,25.205732550632813,0,2
0.0041006359666929315,99.64415904219442,0,3
0.0005822213608281106,8.181337423382555,0,2
0.000561366869172701,21.638207229156556,0,2
0.0009055822906290007,11.746086246174599,0,2
0.002943296841523365,128.42432209698688,0,3
0.0003173644836653311,4.459585480289875,0,1
0.001056606094983835,10.656631194961673,0,2
0.00011937202118091457,3.819773513653865,0,1
0.0007901786201972364,37.51813277035477,0,2
0.0034776030461782484,84.50465582256204,0,3
0.0021244921431117004,126.70645350571769,0,3
0.00044079705654631054,26.289497907456255,0,2
0.0037545028792142247,85.88965622922719,0,3
0.002793209110844851,107.66584366459115,0,3
0.005683711422942216,130.02307786878234,0,3
0.0002731896966285945,14.829160378558297,0,2
0.0005177792939552687,16.568368478667836,0,2
0.041649173303986875,628.3666791286291,0,3
0.00022059446016904237,8.502939708173615,0,2
0.0004963104045049182,19.130568568270938,0,2
0.0015396264187938586,35.22116990873546,0,2
0.0013736808841959519,33.38001168839029,0,2
0.0018414299380805539,38.01826925626835,0,2
0.0018513143506932756,24.155675175894043,0,2
0.0010287895017647777,22.996564225562583,0,2
0.0006412946588226013,13.993514072507246,0,2
0.00018580673521224517,4.153343820597672,0,1
0.001145432043940854,25.603878654786154,0,2
0.0014317154931107084,14.439878833395271,0,2
0.0005003531930124731,6.047365645275274,0,2
0.0016874084434612955,30.735483702873935,0,2
0.0013954575760903724,33.90917842451744,0,2
0.004908946128302373,68.98019786104355,0,3
4.64039729411511e-05,2.767570997620491,0,1
0.00037334386668844887,4.512306316449699,0,1
0.0008850197989098518,24.49021268419661,0,2
0.000663214326562593,16.115898697625983,0,2
0.0010387040284533693,23.76184938402412,0,2
0.0009012582492299294,53.7517810187978,0,2
0.0015196272179925803,33.968275198699935,0,2
0.0017630702739899887,76.92771641385794,0,3
0.00020948455814705526,8.074702176803687,0,2
0.0013944652412700175,38.58755519536221,0,2
0.0009691979126291636,17.665518961053507,0,2
0.0028648213480601883,170.86029436122539,0,3
0.000599181002648054,23.095774644092394,0,2
0.0028776551501111637,55.83191171750882,0,3
0.001248652867559384,59.28675222506485,0,3
0.000598031097369595,12.34698470641694,0,2
0.000922862730591174,50.09442013450493,0,2
0.0012964689340670117,28.28989143109921,0,2
0.00446233277500848,86.57763232637355,0,3
0.0010797265743615221,41.61867871057839,0,2
0.004860726924088279,100.35484986944816,0,3
0.0013603368797354917,30.40765323671741,0,2
0.0009158176184146223,18.908023643198973,0,2
0.00029674590656692256,16.107827983513253,0,2
0.0014740450532739267,35.818829302773345,0,2
0.0035566642165888915,64.82713008100735,0,3
0.005721376605502806,127.89011196301955,0,3
0.0002429602460094964,9.36504172280069,0,2
0.00035792103601473837,21.346704084344225,0,2
0.0008768473168656513,28.058150673395605,0,2
0.006536010146145067,119.1315103569998,0,3
0.0006542198931033111,28.545454569465306,0,2
0.000906665745904525,18.719073552786842,0,2
0.0013845681123157705,26.863220428168994,0,2
0.002351781065190954,33.047077511691775,0,2
0.0015799018766394196,32.61874573798395,0,2
0.00043829360260484653,23.79125642779848,0,2
0.0006363717134312932,37.95373081593768,0,2
0.0003512646193018397,6.398147421736275,0,2
0.0016934115239451942,23.795710714451662,0,2
0.004402656364497221,85.41979794057032,0,3
0.0015078632863493124,36.64060168697437,0,2
0.004916463221519901,89.61211443953393,0,3
0.0006376228188182787,15.494033141035121,0,2
0.0018723135832476373,101.63208476591667,0,3
0.008223058214188976,106.65927546362398,0,3
0.0004898776600863624,21.374740569655803,0,2
0.0015153677324692928,18.315028050725456,0,2
0.0009754543867582924,11.789530734278946,0,2
0.00025754127920589665,5.7568283481046665,0,1
0.0005575783724490523,13.548978371666742,0,2
0.001447984656273862,20.346988025323416,0,2
0.0004035315255345529,19.15990760196743,0,2
0.002883553895948503,70.06944906800796,0,3
0.0005033705534910349,10.983910168369405,0,2
0.00013016413926686277,2.372494864367069,0,1
0.0019499552842379584,42.54943704168906,0,3
0.0024356077095263264,31.591671473691047,0,2
0.0005330341457067944,25.308766067054982,0,2
0.0038311731835519156,79.09862365521062,0,3
0.0006597447687448713,6.653999741906595,0,2
0.004792275399175791,98.9415957177112,0,3
0.0009126755951648196,49.54144662598758,0,2
0.005556802185416885,114.72606006895381,0,3
0.0002498832098586112,5.452632679117708,0,1
0.0005309513497938415,9.671070819779175,0,2
0.0011803398511516976,22.900808793441886,0,2
0.0005327228568651208,23.24419704913756,0,2
0.0010694716383456255,46.664056516095215,0,2
0.00035189859242717926,4.9448565737355255,0,1
0.0003536838851321814,7.302177996831361,0,2
0.0006461086443517076,30.67760792719316,0,2
0.0010660729134879285,46.51576058831581,0,2
0.002175643365627141,118.09729573840119,0,3
0.00035795099916369866,15.618409180823425,0,2
0.003219770106247559,66.47556027583634,0,3
0.0016909956421294616,80.28944012642162,0,3
0.0003948147231033566,8.615143300777415,0,2
0.0001543799509250807,4.271992374620507,0,1
0.00486601491984309,88.63255535215602,0,3
0.0011324634466783102,21.97191667521617,0,2
0.0008586152232988749,11.136887911248724,0,2
0.007929032760998484,95.83182637535214,0,3
0.001256327272675683,24.375107411191273,0,2
0.0003042882408152,7.394108159986746,0,2
0.0035290957733422677,167.56348551989856,0,3
0.004248564508096472,135.94939600194536,0,3
0.0007029343494808771,15.712713714964622,0,2
0.00015531709570540498,9.263238948399014,0,2
0.001528611619814774,29.657934865669958,0,2
0.001384057459810586,53.349286851533115,0,3
0.0037793078307844685,73.32566626459638,0,3
0.000599158643986765,16.579880631919465,0,2
0.00035619318224446175,11.39779045224888,0,2
0.000964875201121768,22.072908716426248,0,2
0.0016232519439305147,29.58692710788306,0,2
0.0027474996551660642,149.1385419336735,0,3
0.006666902665258464,86.98875755539763,0,3
0.004969543309622873,96.41846881078943,0,3
0.0029532420978850486,29.785567219425662,0,2
0.0028862950624050604,40.55803410474714,0,3
0.0020335093218395227,28.57474327616547,0,2
0.0021294633909062343,82.08138504368341,0,3
0.0008810697853280336,8.886221463078495,0,2
0.00178141327000146,38.87172818261749,0,2
0.0007475915224277187,9.69682666082797,0,2
0.0011524372077456816,36.87672436763582,0,2
0.0045889576768174956,83.5860662162424,0,3
0.003738855270888722,81.5845308057091,0,3
0.09106066805093972,818.2580908708953,0,3
0.001400993721507074,18.27995836985696,0,2
0.0055045103052791065,120.11240287047536,0,3
0.001342217028288422,37.14174590401684,0,2
0.0021438340223028565,27.972428482707752,0,2
0.0003277103120188826,17.788623929116124,0,2
0.0028365189847037544,68.92651557801396,0,3
0.00022314881791494026,6.174960173428404,0,1
0.002465194426221854,147.0262170473985,0,3
6.401426138362559e-05,1.5555263364240608,0,1
0.003149840883454327,137.43641975358162,0,3
0.00806035463968302,81.29446451566635,0,3
0.0009058026634040261,34.91468203020806,0,2
0.0007692328536127145,15.881626091025627,0,2
0.009829519929081402,99.13776686036334,0,3
0.0015797931484931992,28.794805947881972,0,2
0.000546052744873049,6.5996992843637585,0,2
0.004853459269316377,88.46374474355162,0,3
0.0010466047355731725,49.6933913720862,0,2
0.003318379359401293,106.18449331679169,0,3
0.0007085996856596287,14.629790190332175,0,2
0.0015007865285934854,27.336238638500006,0,2
0.007132138660993623,100.22035751650735,0,3
0.0009384513750446403,44.5582079639896,0,2
0.0016032350885829406,16.169777118417525,0,2
0.001676086593193551,30.549941458403946,0,2
0.35809399296086686,1167.996901048262,0,3
0.0009450394533362847,34.00269625540413,0,2
0.001668271983836189,28.349472404907715,0,2
0.00017392690710130786,12.75630490855102,0,2
0.00048815839887232236,24.042497175324822,0,2
0.01890830980687148,137.26546869300057,0,3
0.0004202796621278053,27.381122173677273,0,2
0.11460059571088173,691.3671509547631,0,3
0.0004435284499719987,24.30433036949885,0,2
0.0006862545669779557,42.06152163438527,0,2
0.003338760713107712,155.4731315487731,0,3
0.00036042217323014507,17.75130593231203,0,2
0.6196004388177225,1465.369714372584,0,3
0.0007050762654367844,45.93555459700996,0,2
0.0002790683154284858,5.305884571400519,0,1
0.0012470900798666243,30.05398262575336,0,2
0.0007492353080284877,48.81250594448762,0,2
0.0002828678966884872,11.269060791859408,0,2
0.000717272684903639,25.807605334332994,0,2
0.0008973513408736243,15.248974580934817,0,2
0.0006023207625412342,18.980703355199914,0,2
0.0017581586241831948,33.427609665415154,0,2
0.4445171935388705,911.5991946025084,0,3
1.006908244925249,3399.533251695961,0,3
0.26794999940197084,796.8831471066745,0,3
0.00028059305601992827,13.819608086963061,0,2
0.15574785256313592,479.1639497273136,0,3
0.0012325487519416012,23.434266969306982,0,2
0.001320338067705917,41.883754150029766,0,2
0.38902050202726035,1317.9129221274343,0,3
0.00020293121561171593,15.064112000782949,0,2
0.00016027900742713873,2.7236717646562334,0,1
0.0009163327387959843,36.50541280912792,0,2
0.0009604382660484288,33.312401051022775,0,2
0.3310064170447149,787.1780542443533,0,3
0.0005319418495142719,12.819419672492971,0,2
0.2589960159453962,849.3001705280323,0,3
0.2870502205050804,1890.9194946160815,0,3
0.49425875689043647,1509.7980265029519,0,3
0.001091843909977985,34.63546421499593,0,2
0.002347939630683499,31.188782094852293,0,2
0.7000496848124946,1670.909236553323,0,3
0.00010796558902145036,2.0527337621668567,0,1
0.12081717605028434,404.3135247968937,0,3
0.0002184634332334243,16.217108917342305,0,2
0.0008525834093767039,27.04564443315113,0,2
0.032177940290888406,144.91178419347455,0,3
0.000324256490263094,23.7819134906098,0,2
0.0007390547253698699,29.442905067010358,0,2
0.000963901509025748,42.64608691943784,0,2
0.7839461170475468,2185.797468613878,0,3
0.0002669485068570967,13.147594585886825,0,2
0.4963804723172235,2269.380802936657,0,3
0.001381815407953484,18.676985304975553,0,2
0.0014394785986343633,19.121268603461125,0,2
0.0014077026343484443,18.69917358320763,0,2
0.0005300791236993576,39.34915219727779,0,2
0.0007103450566702886,34.98550687226471,0,2
0.17239180298910253,1037.5690290295067,0,3
0.0017685634640652503,23.90437509897507,0,2
0.00023064071601035355,9.18840306809705,0,2
0.0004256188045990829,8.092227328469024,0,2
0.0006776971550883586,29.98349054372305,0,2
0.001688302719346073,22.426515969877272,0,2
0.0008146062189683579,40.120517774131905,0,2
0.13130259263385172,392.1542228763733,0,3
0.2508576135467181,893.8211862012994,0,3
0.025328428715781913,107.8953191707098,0,3
0.0006156396289699817,24.52622049359219,0,2
0.0026195511335686907,121.98233206385635,0,3
0.0006979937328361366,45.47412924643371,0,2
0.00036339263895453,16.077653081384288,0,2
0.0031441595154611287,146.4113088543595,0,3
0.0007982949785156915,48.928638329247704,0,2
0.0007090447698049288,31.37040932059177,0,2
0.0013293402900708907,42.16932257948025,0,2
0.001601655979212189,30.452048043308228,0,2
0.00047665515736180505,15.02065129954937,0,2
0.1637901777271277,1083.9429471826788,0,3
0.5755666720487325,1875.1906395751412,0,3
0.001095021792238562,26.389245211764276,0,2
0.2598854699691641,1071.2695254905975,0,3
0.0008491218365908434,39.54030921801044,0,2
0.0011858668419726676,41.131297272688435,0,2
0.0002877054025226065,12.72900756797465,0,2
0.0005236437638454815,32.09487347922475,0,2
0.738929692762175,2067.2767395576525,0,3
0.0005193704413612711,28.46029559500341,0,2
0.000715296002724643,39.19656194162794,0,2
0.1960746775979326,809.9683968172302,0,3
0.000731822517702837,29.154784043687236,0,2
0.0007113079543541358,31.47053984647689,0,2
0.00047657852001957007,13.858790460203782,0,2
0.0011822809581731918,86.7119219296327,0,3
0.00037239457266437427,14.835678162993668,0,2
0.2670817996238692,795.8131776160347,0,3
0.0004355963287490037,10.497561248714788,0,2
0.00044699775963084377,32.78411494990222,0,2
0.0006949549503777384,34.2275221936822,0,2
0.0013919256521090296,18.489600536801742,0,2
0.0003271219556897867,15.232800197325606,0,2
0.0018015252883495617,34.252133631742666,0,2
0.0007352639185521877,53.92639292921227,0,2
0.0016032427660585481,21.669856487077077,0,2
0.5337060146226599,1738.2742333335532,0,3
0.0004792422637834555,16.622318222949183,0,2
0.39661795681455897,1812.6955580103722,0,3
0.0010956647273884024,18.61897655483151,0,2
0.6213674115071715,1267.9839571255695,0,3
0.0005618696462171312,26.164089291163428,0,2
0.0006526947231861869,35.76615701596411,0,2
0.0005053375304717839,14.695095671113574,0,2
0.0006245334091769147,8.29596986022325,0,2
0.002087710321508123,35.4771204710509,0,2
0.0008789974206570091,35.01802602993868,0,2
0.0002675059999944826,13.17505191779349,0,2
0.0014396880826475773,27.372576401660705,0,2
0.45137478804196973,2971.3161939360966,0,3
0.0003034437563437115,18.59850081359116,0,2
0.0007830929691146044,27.1612533252257,0,2
0.0007009069366464956,9.471568804858354,0,2
0.0007695397317249514,50.135334422754354,0,2
0.00015108338107416432,7.035366831878488,0,1
0.403025940003269,1879.5212826617842,0,3
0.0009185857006389066,12.415849131109896,0,2
0.0010434128425191233,30.34219827482854,0,2
0.23492076088343106,800.5682688615038,0,3
0.0010011528316876826,31.758562518666004,0,2
0.0011146015165652092,35.357380838212386,0,2
0.0016520564518877207,31.410304769621984,0,2
0.0002941586907772189,13.014521688707326,0,2
0.2848225747969783,680.9698645120939,0,3
0.0013048634101655646,22.17395580401642,0,2
0.000359295219497881,19.68854470419972,0,2
0.0018810123628199074,137.95891410239597,0,3
0.000522365040351169,34.03196080604955,0,2
0.0004952515010483435,15.606670751238727,0,2
0.0005237093042891115,18.84315870306317,0,2
0.10474213627785989,697.4997041790798,0,3
0.0003114988316992264,15.341761605548927,0,2
0.0013103513249398617,22.26721367201506,0,2
0.0006446685097107457,47.85542039151829,0,2
0.013417542265219238,63.471937373404174,0,3
0.0009327636535821556,32.35251864941755,0,2
0.0004928781776697375,27.00858098901689,0,2
0.00015238990000852624,5.285580182155415,0,1
0.0010038522054628093,74.51856043803092,0,3
0.00019473094773188234,7.006455914489751,0,1
0.000429802949970964,7.303777194490257,0,2
0.3562514269220959,1090.1311748224769,0,3
0.0005977608121525018,8.0794944391287,0,2
0.0017215843018441182,59.71243413919173,0,3
0.0005994380365259788,36.74041260350666,0,2
0.023370517239334414,116.8765476703314,0,3
0.5954645657513405,1213.0683597313848,0,3
0.0007596833481315986,37.41548807474761,0,2
0.0007757980629485773,50.543063245438454,0,2
0.0001992588808112718,6.320888702853229,0,1
0.4632404127234631,1098.3527270140498,0,3
0.17013988958144738,564.2383652266132,0,3
0.0005635231534296053,26.241086706208044,0,2
0.0005333065832663955,24.834018278244937,0,2
0.0010532881473380063,33.41239860553002,0,2
0.0008979240143114417,31.144120278709085,0,2
0.0006442529996630968,18.734724605972495,0,2
0.1745230702543367,1154.2509076768995,0,3
0.0029131808182408197,178.5530092002266,0,3
0.001234612144367459,38.90585934992028,0,2
0.0006140558571682011,17.856598855956552,0,2
0.1818471892007089,540.5374825843577,0,3
0.684024808671392,1395.3748897360235,0,3
0.0003901370074980033,11.345091754164152,0,2
0.04078890648237363,128.31489319806826,0,3
0.0010869335911316866,14.691284083390533,0,2
0.00029665170138051773,9.348271376139865,0,2
0.0015782403296257918,56.7853821941957,0,3
0.00039877200396384166,19.640089776283627,0,2
0.0013022618720603101,37.86946673227202,0,2
0.00018300514141779146,3.479449663946031,0,1
0.0013424350467507189,82.27975955091337,0,3
0.00023403985883453283,11.52679674863976,0,2
0.047737444034813545,208.10581917680676,0,3
0.0014904210403229219,25.32719518382645,0,2
0.6479986393578773,1806.0056194736585,0,3
0.0012201182914903445,38.4491201188605,0,2
0.03063110705678795,212.22940592945105,0,3
0.0007159550076402093,24.832601107332508,0,2
0.00036194980692356727,8.722732530948425,0,2
0.0007790601614255339,50.75558820200643,0,2
0.001434059717851997,19.378885523516328,0,2
0.0008396101597505492,39.097387334200455,0,2
0.003561624572354959,141.8901342058229,0,3
0.0010075940093157078,36.253420877377266,0,2
0.00037736327623837774,17.572343551891002,0,2
0.000356251223365607,8.585400726287883,0,2
0.38223421096897486,1127.903181120619,0,3
0.0002541199139331954,3.4339997561143814,0,1
0.2870031247760368,977.2910101318507,0,3
0.00018614323128175413,8.667968018901334,0,2
0.0009126913754110229,36.360345992317775,0,2
0.001086495342696924,18.463158306488513,0,2
0.10046654790930847,308.4603017356013,0,3
0.0005203266031258964,8.84207420599194,0,2
0.00033533986112043986,12.065590912372468,0,2
0.0005787214771531397,7.822153713332159,0,2
0.00022234348979619406,10.950733896468355,0,2
0.0008304221827024061,54.10181193443482,0,2
0.0003990808696561445,9.61756469444377,0,2
0.05183718839094041,351.06684528100084,0,3
0.0002585207284641846,8.966683743281038,0,2
0.21061482432837453,722.4371671074589,0,3
0.00023006320965955555,14.988564565470222,0,2
0.0010248769472542925,32.511138732381674,0,2
0.06854031133022835,295.6184026700546,0,3
0.0008698135950890693,40.50384412434273,0,2
0.4732648275597606,968.3831012026444,0,3
0.0008398528826206052,51.475781571275384,0,2
0.0892305877323387,593.881332083939,0,3
0.0008915572478127016,43.91046566379705,0,2
0.9717693142352495,1982.117122481929,0,3
0.0004036746311175453,24.74179414903412,0,2
0.0007472047728378235,10.097205559290119,0,2
0.0003837535775749252,11.159463124242473,0,2
0.0011772920866425485,46.90166770236341,0,2
0.00015810318484140977,6.994990774318419,0,1
0.0010457983445159992,14.132191391174718,0,2
0.0002799910477810467,18.24135159911071,0,2
0.3496820407203806,1034.150687057392,0,3
0.00043897080948621916,17.487982184841808,0,2
0.0004469553171798259,24.49211474445088,0,2
0.001285782174394491,21.849702341640526,0,2
0.0005180151316722286,22.9186468991074,0,2
0.0017842308986769813,23.70077491708737,0,2
0.2725413362081801,1276.099128543896,0,3
0.0006829070170189133,21.663171204210954,0,2
0.512317382922849,1738.2203467405063,0,3
0.0012143286280819738,29.264454973640493,0,2
0.001187365706177524,37.41700045007196,0,2
0.2940970487847873,1347.9006896269439,0,3
0.00033081979619000606,21.55283272830605,0,2
0.26971144457034535,1775.95316224452,0,3
0.0012788934247842981,24.315411373769784,0,2
0.0006043464234194278,24.076315002817086,0,2
0.00022196429969351705,10.336016184058938,0,2
0.07598743777407878,314.9243787104059,0,3
0.35720468784412607,1056.9709228376312,0,3
0.00022769131285193915,4.329061226632237,0,1
0.0009217518272287727,22.213562474775433,0,2
0.30938523235823834,919.6587725448379,0,3
0.0003889421835224622,7.394900161095148,0,2
0.0004029198993953204,5.444779257326906,0,1
0.0014393636766416606,27.366408518291284,0,2
0.9934643590748955,2347.976688685575,0,3
0.08756531810376565,304.0677390772385,0,3
0.0007947839098940684,15.111108828780587,0,2
0.0030872200993625337,152.04999174446883,0,3
0.23204522747608694,762.050468799681,0,3
0.0005089837273696742,23.701397255232795,0,2
0.6564265153667244,1337.5822370623048,0,3
0.0020144429416020654,27.22774764375766,0,2
0.0020714163952518833,27.9916803292176,0,2
0.17981020197653536,1189.6243120905217,0,3
0.35514764188498366,1490.5751384002326,0,3
0.0009036151058843588,12.213502582773502,0,2
0.0007404715202264896,10.006217067017705,0,2
0.0010319284613258066,45.65581695252494,0,2
0.2236397565388408,667.5630411471478,0,3
0.28887646511563897,882.0092117984633,0,3
0.00041913136370288546,25.68915934457398,0,2
0.0004729401350566221,30.81193972903421,0,2
0.0014840679840507156,20.059058373615255,0,2
0.0010596065642905434,33.61283138008242,0,2
0.0004565594408443142,11.002757318241349,0,2
0.6257767441773473,1748.0860410794319,0,3
0.00019485279524610621,14.464429843407038,0,2
0.0016080413808346363,30.573452739139494,0,2
0.4523602420891805,1898.7762432875058,0,3
0.06252293875313543,381.1205386885223,0,3
0.0006882112167002875,23.87031927919489,0,2
0.000439977869887518,19.46602874480094,0,2
0.001330681862373339,17.981909092166426,0,2
0.02192864556561839,78.05337131962774,0,3
0.00048788387350284166,19.436610142882774,0,2
0.0021246056703328924,28.710443195256126,0,2
0.2977241532193808,884.8249201386058,0,3
0.00019123810915434725,2.540305396570276,0,1
0.20951572990805706,1259.5014587632606,0,3
0.0010799688644590698,18.352251801735118,0,2
0.000599577689845437,17.435577180104023,0,2
0.0022105506829677678,29.363780337332823,0,2
0.0003211692347230142,14.9556050792967,0,2
0.0014630486455369607,19.43436057874184,0,2
0.0005596795614198174,17.636967526170405,0,2
0.0004392591259970362,15.235519749477762,0,2
0.0007521944577460653,37.046649545375935,0,2
0.7872255626211082,1861.2264370299233,0,3
0.0022903960921864656,30.950819635651655,0,2
0.0007230712098810178,22.93725942496008,0,2
0.0007194986270039554,31.83292141189836,0,2
0.00033609529706002086,11.65732533033154,0,2
0.0015049553665590118,110.37780093683136,0,3
0.00035824917789424647,14.272145448763577,0,2
0.17240292393351708,810.4091787337225,0,3
0.0016426022477701978,21.819455195832994,0,2
0.0007639288114415582,49.769784272150986,0,2
0.3111906702777827,1309.5554855832236,0,3
0.0006107624126676425,44.795090607416,0,2
0.002085361801552129,35.43721133013748,0,2
0.5462623418119095,1297.5913577754945,0,3
0.0006327009266932594,31.161422763570446,0,2
0.0005048723316226175,17.511286446108294,0,2
0.0008918042750081493,32.087284584067554,0,2
0.0004346512184728031,20.24002073648353,0,2
0.0009034818889634479,42.071645932362,0,2
0.0012756860266274145,16.94553513471218,0,2
0.0010175866854958914,19.347225020315296,0,2
0.0012271187115348583,29.572686874511707,0,2
0.19405849911603593,469.17380784914064,0,3
0.0009185727916266696,12.201832731093013,0,2
0.0006368546154073213,22.914148155507412,0,2
0.0008610479637507407,16.370977475841915,0,2
0.001582489893021108,21.38935512450337,0,2
0.0007983699710589751,48.933234729233256,0,2
0.00044516834217907334,21.925175586672147,0,2
0.0010041755114035642,40.0049458287072,0,2
0.512197261001982,1731.603184948311,0,3
0.48852292665221353,1999.756344577687,0,3
0.0019955028631999084,33.91021002709292,0,2
0.0005399555259463674,19.427700796368843,0,2
0.0003348001730997258,24.555217836468085,0,2
0.0008276236950216548,45.3518589544855,0,2
0.0007684676727318967,22.346857872223204,0,2
0.0009108835990640665,36.288326714801904,0,2
0.4961222592367846,2264.230996002171,0,3
0.0005956918194072978,21.433103057897178,0,2
0.0009101491059176459,49.87406006790097,0,2
0.0011917824247596766,22.65918282514276,0,2
0.06588821766244855,444.1663959593964,0,3
0.00013807673417123652,7.566284787032421,0,1
0.0007403344203320036,45.376153013601645,0,2
0.00018307931326115213,5.769308235071431,0,1
0.07159380420575498,228.94823980184157,0,3
0.00022761319698615644,14.828946810002913,0,2
0.0011529590802582537,21.921040323067658,0,2
0.0010543736332856426,42.00476869213124,0,2
0.0007605249381013233,55.779109527466666,0,2
5.0331719726304294e-05,1.5860841944937014,0,1
0.0016701224480068176,22.18501890844718,0,2
0.0020465016308897897,34.776848184010234,0,2
0.001408857036844596,26.786390291657465,0,2
5.625109004494507e-05,1.9510456188340983,0,1
0.0005274163611621857,34.36105318126619,0,2
0.002430226268701361,148.95203572571234,0,3
0.0006080409429536965,45.136460835290755,0,2
0.0005337450944073174,26.28770692929891,0,2
0.0009883162826913375,13.355418791059908,0,2
0.0005243241643204535,9.96889772172392,0,2
0.0011205879399640705,35.54728211577801,0,2
0.17214745744685894,531.006045919756,0,3
0.4636952715423029,1370.9273744316479,0,3
0.00035346834656895963,15.638570631854021,0,2
0.06118838029184757,152.9589968326741,0,3
0.0009527011187313838,42.15054581533909,0,2
0.0010835558415583512,34.372550171572406,0,2
0.3680633552824427,1679.5545374706633,0,3
0.00048345575668420947,15.234955979719338,0,2
0.0008248027857435689,53.73570953039909,0,2
0.00046889497242160713,21.834619487302863,0,2
0.5710521916085972,1859.3034393629482,0,3
0.10174501268526043,304.9580868805148,0,3
0.00037304240042700294,18.372870116055125,0,2
0.0014711915384538184,19.880659118970396,0,2
0.17632095656143038,604.8411115146824,0,3
0.0009624441879832297,16.355117878172994,0,2
0.0009369606482058585,46.1466478706879,0,2
0.0006309838046488238,21.885410338390184,0,2
0.0006551596116193853,48.634202175715366,0,2
0.001390066764926119,40.42281221573594,0,2
0.0008175357440050106,28.35588662027337,0,2
0.0006824789709914284,37.39826471618337,0,2
0.0009046269286820116,40.02358982634049,0,2
0.00013337442891747883,5.313450430911953,0,1
0.0003620173603167718,26.87349033809661,0,2
0.00047695575273744,15.030123846420905,0,2
0.0008929321531168379,28.1386287318468,0,2
0.0007032006976975307,34.6336370062154,0,2
0.000676350649259729,29.923916817499396,0,2
0.00016508057037412183,10.75496073978383,0,2
5.8662574502402826e-05,1.413726260308103,0,1
0.0020807653175327016,28.118015161995416,0,2
0.00039717582942823653,21.764314270737344,0,2
0.001145601067389752,33.31380764556575,0,2
0.0009311778098316224,51.02638426987701,0,2
0.08691213753428759,579.331772557033,0,3
0.2166200464737829,1428.3367084631661,0,3
0.0004910330153444015,36.45065800711236,0,2
0.0021123765483092548,28.55144437112474,0,2
0.0008216187074521403,40.465892830574255,0,2
0.0006590786526426157,32.460563376727784,0,2
0.00023515426017869077,14.412940150592236,0,2
0.0017952392852899734,52.20513312210983,0,3
0.0011594951741550734,19.703667484570428,0,2
0.0008862208709581487,25.771092980782967,0,2
0.0008692937668093458,34.63144605252646,0,2
0.002837536110837789,173.91663714521698,0,3
0.000531822765584581,32.596176166523094,0,2
0.12076922850176987,362.40710063079524,0,3
0.04732336380086595,122.20590332902587,0,3
0.0008205848801338296,26.030587331677328,0,2
0.0019192324253226541,32.61412240177693,0,2
0.00031918167996842155,10.058249956940875,0,2
0.4482366628206376,1460.0618858049902,0,3
0.0024028771377758227,32.47792775618804,0,2
0.00015168578792571847,2.0149133839203603,0,1
0.7098559154197978,2101.0849804695818,0,3
0.6452203656936477,1959.8669221522875,0,3
0.0014376401138213076,27.33363867352295,0,2
0.24785620743204614,739.8813864358307,0,3
0.00035961757989538774,6.837355813187253,0,2
0.0006201434309864593,8.237655723269308,0,2
0.0008943198130920916,54.81413745934422,0,2
0.0009742029414955908,13.167586580413648,0,2
0.0006788959899445757,27.046265311825945,0,2
0.0007023011226323754,43.045037927454146,0,2
0.0010647547197182121,33.77614112743619,0,2
0.0014916984048140318,20.162193174144296,0,2
0.0010938814719888238,14.785193492652123,0,2
0.3102449168434017,1107.0803401106684,0,3
0.0014802699677889557,19.663119470190143,0,2
0.0023093322394106925,30.675942029493484,0,2
0.09558755710701443,631.1419199029272,0,3
0.0007886874317882006,13.40241447450489,0,2
0.17750853096725053,820.5413079894129,0,3
0.032033367215214444,219.95780983513148,0,3
0.00042376604975423015,20.87108216871919,0,2
0.931596418368913,1900.8928201285132,0,3
0.3113698904710966,1458.0976643077865,0,3
0.0009327186754258833,32.35095860080928,0,2
0.47550225814563085,1142.7161181950544,0,3
0.14190885069322381,421.16824350130634,0,3
0.0003690517016411831,27.395667792379545,0,2
0.30869164115177183,2031.7385556489337,0,3
0.0012872846130110684,40.83523271138522,0,2
0.00022060107965472638,16.179524388323234,0,2
0.0002920750127279598,19.028619103035854,0,2
0.001275417890462007,40.458796628863496,0,2
0.32845014210091805,1115.2866103266783,0,3
0.2836917716531697,1710.2620570660647,0,3
0.1491580814340703,901.4093079872159,0,3
0.1387679443304772,504.5743408404927,0,3
0.00020135937767561514,6.984066109852629,0,1
0.0005115082771450742,17.741451451409812,0,2
0.10320019301613667,689.9798968857483,0,3
0.0022184373971779444,164.680378605511,0,3
0.00023472685256928203,11.560632169612397,0,2
0.0013805603126342014,75.65150315700964,0,3
0.00021903342402605923,16.259420816543145,0,2
0.0009639422741223682,30.57816949435589,0,2
0.0008155417746092258,23.715761602910433,0,2
0.0005618887840864703,19.488878341521872,0,2
0.42085197099209926,2535.3139571814218,0,3
0.0008993292264591808,44.29324669365602,0,2
0.0005361840066081693,24.968008718464507,0,2
0.16759061965628447,557.3405287724481,0,3
0.0005586038284521009,40.96962843517007,0,2
0.001458450483417513,19.373281037127512,0,2
0.8134074174887075,2474.972153004229,0,3
0.0007140426528598741,17.207919323191646,0,2
0.0007859029662724559,38.706841652901524,0,2
0.0002347816888269779,7.398585381742749,0,2
0.15114888817456154,912.6386636762159,0,3
0.00019545228665679974,8.64743454317604,0,2
0.0016226783023176646,39.10539125630585,0,2
0.0012302516765665562,35.77542730660662,0,2
0.00045829735045642205,11.044639701984634,0,2
0.0008992787674189924,21.671977740861998,0,2
0.2715609775376824,836.6136612202184,0,3
0.1085969638815997,336.4036809211147,0,3
0.15086217911652017,426.78754827706365,0,3
0.0008395815037119453,37.145772102215396,0,2
0.0009647252287948638,30.60300637652683,0,2
0.6146960453268303,1254.6680069196802,0,3
0.0005466768135090857,21.778838521637756,0,2
0.0019618224554207096,26.0598067647475,0,2
0.0005828829221351815,43.268915508734025,0,2
0.00020889629376521672,10.288440318527945,0,2
0.0006676525600858442,48.96757937786421,0,2
0.00019094777291448753,8.891696880441168,0,2
5.27547699506436e-05,1.6624408475980954,0,1
0.18509679667055842,1226.4262054093006,0,3
0.0023311285984650844,31.50125039277632,0,2
0.0004923891801079846,15.619565829537986,0,2
0.00131716205732467,17.80311338788629,0,2
0.38299387463792184,1132.3989296750235,0,3
0.0011332645535423987,35.94940955537547,0,2
0.0004422438982962925,13.93626248046609,0,2
0.00033992686995027566,16.741883022961314,0,2
0.0004955796467635939,23.077221231123623,0,2
0.00028585192757343115,20.96521123496889,0,2
0.4496928743868514,1468.9574500895108,0,3
0.4101924184838307,2703.6731478351517,0,3
0.0007235559358170216,25.096236133899872,0,2
0.0003752906685766171,5.071417050388661,0,1
0.4013046778881162,1368.9119139318727,0,3
0.0005741050591850964,26.733844997960205,0,2
0.16850262235893224,801.7859953267503,0,3
0.0004143024083664715,7.877070362038505,0,2
0.0005092417264260268,12.272362875305117,0,2
0.0004925155288313497,6.655512272580175,0,2
0.0005434807689677167,21.65151258379957,0,2
0.0013128590964085474,24.961195660501335,0,2
1.1400361615984476,2324.09295269727,0,3
0.3407686027414485,1162.033382168347,0,3
0.000281782482261477,9.77350798075523,0,2
0.0004447103784192893,19.675410064679657,0,2
0.7184912399959807,2348.9755935805424,0,3
0.001086891745206259,14.437692246824756,0,2
0.0014841145633801179,28.21725050347867,0,2
0.4449319798578563,2673.634872196103,0,3
0.0008331018815355778,14.15716323831082,0,2
0.000985358531390365,31.05122576868764,0,2
0.00020887903130723445,6.582324862315726,0,1
0.0007272782181040201,35.81948921668461,0,2
0.05549805345232152,199.67814056349084,0,3
0.4438064132347086,1356.6102210115728,0,3
0.0017077331601325462,23.08217649986482,0,2
0.0006299252801911328,38.60901927033245,0,2
0.00023981742659749114,11.81135019879458,0,2
0.0004801058385528699,26.308686428685483,0,2
0.0008487576200617192,55.29636141108899,0,2
0.0005892479237941754,43.74140613856257,0,2
0.7861524589687114,1602.8885680860615,0,3
0.00014638435367412612,4.256822326232348,0,1
0.0005583381584238365,22.24341016903077,0,2
0.0006551746935277134,40.15659184240137,0,2
0.0006563799832688481,8.869862528979658,0,2
0.2947833599457816,880.6185209580073,0,3
0.0015925635523388064,21.52551338845169,0,2
0.0004758824991042975,6.321370180628121,0,2
0.0005135932097660135,16.29219989721272,0,2
0.0005502749382440489,30.153790346444037,0,2
0.0010819715334704472,14.62421558966266,0,2
0.00015143740643563052,6.700075409401214,0,1
0.008884128697654555,52.78625020124755,0,3
1.1424925808992572,2709.4034320743503,0,3
0.0011612645351520724,41.78251513368106,0,2
0.0004566283774100627,25.022176010046312,0,2
0.221960142020587,1459.5641709619495,0,3
1.3398061487268982,2732.8318775229345,0,3
0.0004883067977450947,35.813839875427426,0,2
0.0007941917413949413,51.741407115359216,0,2
0.0018929881196026977,25.586131902144093,0,2
0.001065594685364281,14.399705371455804,0,2
0.0011406487639233503,39.56292707755571,0,2
8.880687092366991e-05,2.5824827680168334,0,1
0.0005456351925423969,40.50391965203847,0,2
0.1475539428692259,449.8689846558077,0,3
0.0013171367630405745,31.742057796174652,0,2
0.0007974851199793756,39.277279237148896,0,2
0.0007845005896743505,38.637772605894284,0,2
0.22130465538782315,660.1795043981581,0,3
0.0007457041590697711,32.99233799936533,0,2
0.31361723478659037,1439.7279209131236,0,3
0.0024104783396863582,32.58066762691613,0,2
0.0008733220465540836,25.395998222858168,0,2
0.43927234631895035,2643.719928145308,0,3
0.0007680759275447243,35.7663157032465,0,2
0.0012798570721552574,40.331645419529416,0,2
0.0014533075050803363,19.64329154224473,0,2
0.17741199176308237,1173.8179434679985,0,3
0.0011147928798997532,35.36345126445655,0,2
0.0002252278323198241,5.427830329706436,0,1
0.0011544975557774505,15.3357319011224,0,2
0.001420181812786835,105.42379014882671,0,3
0.0008448921648116307,29.304732676751424,0,2
0.0017415696706647313,23.539519793581043,0,2
0.0009359254113068478,41.40833484226476,0,2
0.16556196922044208,553.011829535634,0,3
0.11694047151692334,366.1432427472005,0,3
0.0023241714047957888,31.41412009430756,0,2
8.252198775869827e-05,3.6510367810081163,0,1
0.0022799394351106406,30.28550363981304,0,2
0.0008295413956725954,26.141020086522666,0,2
0.6962009325066113,2062.340424909982,0,3
0.0006206814780135717,28.9027280997534,0,2
0.0004417374683332765,15.321480020705025,0,2
0.24454359195737393,811.2762209080813,0,3
0.5266037165077591,1723.2352096141901,0,3
0.0019459649182668492,36.99834293429364,0,2
0.000986449277795236,48.584033440334736,0,2
0.4666816328209215,2132.576717722828,0,3
0.0008186782900064375,15.565409140826894,0,2
0.4861236373728488,2218.4259328424173,0,3
0.09969479625910113,664.015444717062,0,3
0.4013156427231701,1833.5428004192215,0,3
0.0018730677814234125,25.311335129306773,0,2
0.44902329780315664,1597.719754641923,0,3
0.47676393832326525,3139.582309284154,0,3
0.0007490921647561625,23.60585430419708,0,2
0.00035185952383208735,5.979259951572259,0,2
0.00021053552497137987,12.904022740987918,0,2
0.0003535471278013244,12.26263480755676,0,2
0.0007157118714640068,53.12915393289209,0,2
0.07878371991175177,287.5831911175655,0,3
0.00040762387273145977,22.33684281129072,0,2
0.3183004998268579,1339.2803549967946,0,3
0.15075285113712592,911.7302955231005,0,3
0.0006108393538698766,11.613798213982452,0,2
0.7035911502475514,2381.6076166456473,0,3
0.002133354177094963,138.98752813072974,0,3
0.00042262019172488414,5.613861998979523,0,2
0.000753387927202225,33.33229248701484,0,2
0.0008828801174221187,30.622328983773222,0,2
0.0001569117486787647,7.306771296339553,0,1
0.6578196822947243,2151.252635027017,0,3
0.16351268292773333,1080.6207459831708,0,3
0.0004957915481533571,32.30070397395406,0,2
0.0020677131804920715,27.941637660836346,0,2
0.16523015045706224,759.6215908203835,0,3
0.0007243087878837587,39.690441664721895,0,2
0.0008809358966791438,30.554894497444216,0,2
1.1133164799066284,2633.5344697108876,0,3
0.0005980509232097295,23.825511092550865,0,2
0.0020671936071331837,153.4531586542122,0,3
0.00031527067810299886,10.001014054924836,0,2
0.07489980561305251,225.8778156206764,0,3
0.7263314021097029,2142.8740488331005,0,3
1.0105472563684101,2393.565826902985,0,3
0.0003716933463345002,27.26107039643255,0,2
0.0008339773892437851,45.7000266615428,0,2
0.0013795430773448961,23.443010960742015,0,2
0.0010106414805674403,29.389214832844583,0,2
0.4676141241715856,1108.465262082532,0,3
0.0007264351714593937,23.043970988585333,0,2
0.00010402984080655904,1.9779039639568896,0,1
0.15873860348386326,451.76602004859797,0,3
0.8548925088098029,1751.6865690517284,0,3
0.3964589401493159,1857.2182329472323,0,3
1.0307123484144547,2437.061440310746,0,3
0.5864965442401098,1989.9565965323254,0,3
0.0008166089656602596,53.201884058963365,0,2
0.0011182288391137756,15.114278995238209,0,2
0.0006005110802436977,44.04322809057963,0,2
1.1908056110710992,2820.2057156747396,0,3
1.2705738714703279,2586.377909174378,0,3
0.0014214317881037254,34.25549361112049,0,2
0.1655231517047911,782.6079884175804,0,3
0.0013178811197789703,17.81283242764734,0,2
0.05607385486182046,198.14300788951644,0,3
0.31469109801179584,1894.9364151404907,0,3
0.0022541778806424327,29.94330084284432,0,2
0.0002453645036342227,8.510365567146419,0,2
0.0004862838756602289,29.805032623108897,0,2
0.0005942834468336954,44.11520611221962,0,2
0.3028201155519993,923.8744241051334,0,3
0.0011949255612828606,28.796854884536064,0,2
9.803502364473185e-05,3.400303944715105,0,1
0.0018764801322528634,25.357447264852322,0,2
0.00026555300151424253,19.476428996253425,0,2
0.0004816710003356301,15.17871363690059,0,2
0.000301439381454082,22.37662939130821,0,2
0.7842652074055754,1601.6716606048683,0,3
0.000593872394697619,36.399286474170005,0,2
0.0008696126570957801,27.585846099884108,0,2
0.0006231331738239025,30.690197292766072,0,2
0.08701834569160756,542.9389691623387,0,3
0.00027978257076167703,20.520066965000183,0,2
0.0006201641664846453,45.48464255980576,0,2
0.0009702132421173951,28.213571236210555,0,2
0.00042685630190147353,31.306881896198327,0,2
0.45226733700370136,2718.14567930321,0,3
0.00019673581643444795,12.817292653318177,0,2
0.0004637816185786496,25.414157035355988,0,2
0.7564245299860843,2311.401049620218,0,3
0.40432685642645055,2676.7146224904864,0,3
0.23463634718186666,1104.5249214567427,0,3
0.0003794109682275976,5.127095913873184,0,1
0.0003582869805882648,11.290560308570745,0,2
8.101072426521768e-05,3.227353783249076,0,1
0.000850591239405779,26.982448832472688,0,2
0.00044001566959354563,21.671399115000035,0,2
0.0004994039981130657,15.842089832986971,0,2
0.0007699404674806133,34.064629831483906,0,2
0.0006795886603460814,27.073860330400585,0,2
0.7615770707735384,2253.7825722944626,0,3
0.0009896363460594616,31.186030902915576,0,2
0.41584929832887674,2742.8647407231224,0,3
0.0008327212179264935,41.01270730172805,0,2
0.3660810084957958,1723.1080861270366,0,3
0.001139029185034564,15.13025828580554,0,2
0.0005978500240434899,8.080700250822087,0,2
0.0021154596892311896,28.586850768411015,0,2
0.0006321997884696792,15.23556458784817,0,2
0.00047825178176995114,29.31273412748929,0,2
0.0012070749265893656,41.86689085038107,0,2
0.0008926425858037158,41.56690164223244,0,2
0.9608885320780292,2288.4898604802124,0,3
0.1579839738073145,957.7131319138132,0,3
0.0007612439896540509,33.67986982663715,0,2
0.3749865257602168,1243.492990486591,0,3
0.7683055197724317,1843.2581127392807,0,3
0.42408615617589895,1516.5675788825229,0,3
0.7018631279042467,2381.4823453943086,0,3
0.000648180741706872,31.92382572457465,0,2
0.0009330577669975732,51.12940156232953,0,2
0.0020280851146728673,27.412138890594793,0,2
0.00040260606718150663,24.676300340648496,0,2
0.0010223970308178446,40.73086563934483,0,2
0.0003691993304080167,14.708384187066578,0,2
0.0003472519658035852,25.77741669554781,0,2
0.10979717057412366,378.78079438802956,0,3
0.00023219630524557504,12.723818987534484,0,2
0.0005267731498188743,16.600000388516985,0,2
0.0014545924515472273,42.29920389647303,0,2
0.0012133310298583606,38.235235744217185,0,2
0.0007833939814420699,36.47961803704462,0,2
0.0008671341729790772,31.199649699700593,0,2
0.14451282094831344,451.4747758579308,0,3
0.00012983655669861433,9.522590455536493,0,1
0.0011315247265812952,15.290638088831733,0,2
0.00038117504917361617,28.295615415038164,0,2
0.7073481155341141,1696.7781025154954,0,3
0.17979951467181735,662.6327596770509,0,3
0.0005725711506255953,31.375571072672145,0,2
0.20091514234749352,960.8383333918129,0,3
0.6434907179461353,1555.5451710464738,0,3
0.0007706078132230573,56.5186168961153,0,2
0.0014450392281517563,24.556007725008886,0,2
0.00038162892677262,24.863035760680745,0,2
0.40935968745182666,1919.4759696157187,0,3
0.0002891779007621426,4.914091345533551,0,1
0.0003661514160776774,26.854609123038102,0,2
0.0008809987472786113,41.024693261847716,0,2
0.0007820110450856997,50.947837585691175,0,2
0.14115451645385796,484.286030286011,0,3
0.3663198301585761,2416.666775139928,0,3
0.0002042017291683912,6.477685700875239,0,1
0.0015168893372246633,36.555952550770215,0,2
0.20943240247997116,866.8402948125514,0,3
0.0004268210192366421,13.450247203358142,0,2
0.5341565722963697,1268.1772892553204,0,3
0.48948140380446564,2017.2184567022518,0,3
0.37896133099996593,924.0139528800768,0,3
0.35985448448012713,1070.8406131760996,0,3
8.314513262813381e-05,2.883854279301707,0,1
0.001465025249719391,19.460616738111504,0,2
0.00041837015105641493,5.654802456497215,0,2
0.0011862637907332479,42.68199302440511,0,2
0.0007564841728210876,33.46928030013633,0,2
0.0002853175129856817,18.588369567535747,0,2
0.0008641006106220346,29.97096961568109,0,2
0.0008742379404204915,53.583290828253446,0,2
0.0005148947309796525,8.749768688061447,0,2
0.0015482119553529988,37.31080533664338,0,2
0.48625469396303367,2920.476637052129,0,3
0.001082768668313749,37.55538007950498,0,2
0.32302990068207943,911.8047849340328,0,3
0.0008418137302191692,26.704008752758586,0,2
7.541290414480676e-05,1.2815152839233175,0,1
0.0007279181677200398,22.938606250367933,0,2
0.1323859242628866,891.0192873419044,0,3
0.2649398025810096,1216.1077079847453,0,3
0.0008236388391524755,29.634679454900592,0,2
7.193676749612047e-05,4.686663660140924,0,1
0.17152722265066203,514.2530754540529,0,3
0.1378477294368728,591.7736840069106,0,3
0.0009280002940635704,29.243717617908075,0,2
0.0017476547917670755,23.62176791207308,0,2
0.43048802914094736,1984.0200764584895,0,3
0.00010915959487158433,1.4751068358425035,0,1
0.0002776247977763166,9.988992140412728,0,2
0.00026203860746081356,11.593426429342589,0,2
0.04191633723405452,166.4913437522626,0,3
0.0011350021857233228,35.76688889791191,0,2
0.0009314944767829863,12.590327589636617,0,2
0.0005518564088981303,21.98518634689365,0,2
0.3909540656702973,1174.8985521488353,0,3
0.0009355121903297561,37.269495293633454,0,2
0.0005880072655990858,17.099111984066113,0,2
0.001060705855226773,33.64770307880758,0,2
0.0006241604700992148,24.865678869064357,0,2
0.0006689358870122535,41.000035027069515,0,2
0.0017202009393444075,22.85023497003406,0,2
0.00015040803567027353,9.799048518646135,0,2
0.0018577375747165952,35.320889511463534,0,2
0.0009615287870551901,42.541110107549315,0,2
0.0006160638267773609,21.36791712295275,0,2
0.2654417671132968,787.9762548257038,0,3
0.04268169177934401,142.32554932073285,0,3
0.0006434364487089985,8.696858515293213,0,2
0.0012590740796010562,45.301720833545936,0,2
0.09037399575343509,306.3958328358116,0,3
0.0002618043448084301,19.201491617478705,0,2
0.4672759395498586,1588.825859551163,0,3
0.0013213410577444175,22.453965670429398,0,2
0.0014693524142175458,42.72842011427481,0,2
0.0015361323624770717,29.206257217633816,0,2
0.0011179056135265494,38.77409038292973,0,2
0.0008226473285157336,10.927609864705328,0,2
0.00025502890547797404,11.28329478493664,0,2
0.4333161760505744,1792.7930439219977,0,3
0.0723131692056121,282.1527693204353,0,3
0.0005745476084675976,22.889171954246414,0,2
0.00034558122882462686,11.986340920875762,0,2
0.000423250477498487,7.192428961502941,0,2
0.0016989628577570065,28.871012112899447,0,2
0.000567198407223263,17.992663563585864,0,2
0.0006305480844613022,46.80722449511515,0,2
0.0011047417859822697,32.125629421844,0,2
0.3580963178391659,2160.9010885062444,0,3
0.0005350760179148355,10.173321122541733,0,2
0.0002527642433392849,16.46753162637076,0,2
0.00015884695797581817,5.509540547147042,0,1
0.0003147296559428025,10.91626697107088,0,2
0.0003382527553026492,20.73199402913384,0,2
0.00010773803661090427,4.292132470235422,0,1
0.30429125627304426,1403.1869735091102,0,3
0.00035504562907868976,12.774608128530337,0,2
0.0007275287377299219,21.156363340843626,0,2
0.5754415669793506,2425.572884303272,0,3
0.001153714809113591,21.93540888392538,0,2
0.00037184838882580877,18.314063342238814,0,2
0.0012173537551752743,38.362002345450804,0,2
0.0012473733959241595,43.264626467211755,0,2
0.3080814048368828,1872.0407092892483,0,3
0.0004730264865639707,18.84471265793524,0,2
0.0006962681371421264,25.051857777979173,0,2
0.0010284885969041725,29.90820474791565,0,2
0.0011279873435942273,21.4462563903833,0,2
0.00046942910748564814,30.583197099925613,0,2
0.000748483082145509,33.115286447853734,0,2
1.0969155736177818,2246.7425290102196,0,3
0.0006829090060487882,30.214079506379917,0,2
0.0008785212130614698,27.68450230076302,0,2
0.0009378483388803898,46.19036790210451,0,2
0.0008617682145530967,27.156571479225445,0,2
0.4643624332836932,3059.9557636969193,0,3
0.0010330886555712446,37.17072301720391,0,2
0.0011664664287473689,22.177853540429457,0,2
0.0006741718767189347,11.456415500822182,0,2
0.001381835775265325,18.673167489340113,0,2
0.001139332773176958,35.90335704067426,0,2
0.0004974215126377692,24.49871873589807,0,2
0.0001653885946315651,2.2354363207739567,0,1
0.00093253792607189,27.117981970930266,0,2
0.19342212683760157,899.2703949684302,0,3
0.0004489404920203007,15.571313895847675,0,2
0.09963180885413817,658.9921702250069,0,3
0.022487419640399346,101.05002473636108,0,3
0.0006009935181691148,27.985936201847334,0,2
0.25390014830457047,729.0292513397491,0,3
0.002226989305716431,30.093984427800386,0,2
0.00021342587621472404,13.904646163635663,0,2
0.00046921450119056054,6.232796040465953,0,2
0.26991499734464625,931.967907948712,0,3
0.28452402974526414,939.5661587755714,0,3
0.0006749942366124926,33.24442858016043,0,2
0.25165993674113646,613.0431456213843,0,3
0.00013137400319508644,3.8203248902700886,0,1
0.0010418346518533113,37.485405598952376,0,2
0.0005971692118011034,32.723487774061724,0,2
0.0005689490023101063,31.17708574594164,0,2
0.00035330924290488664,11.13369876863382,0,2
0.22036201240218478,1453.9180189811689,0,3
0.002081109517036011,28.128830843833516,0,2
0.8015183470948088,1632.8996559220454,0,3
0.0010956775953696262,14.80622489219169,0,2
0.21878000686670573,1452.7707360018858,0,3
0.45374311084513214,2083.554673257963,0,3
0.0820748419264527,174.68386052559083,0,3
0.0008376534721445866,45.90146747845632,0,2
0.0013969943382164862,33.66656847557026,0,2
0.0021308848556331503,28.80160758534184,0,2
0.35796592827879636,2165.4536397723896,0,3
0.33233182659869903,1520.7728837178665,0,3
0.1727062674935022,1054.204390543518,0,3
0.001328448037540557,41.86287388960564,0,2
0.0006061361552659715,33.214855478632956,0,2
0.0015134174711108844,25.717980790940455,0,2
0.2985745538976253,1971.7279434379088,0,3
0.00029661220647433207,4.009089629274102,0,1
0.0005564374366869788,22.16768807736957,0,2
0.0013169478900124777,41.77621095900171,0,2
0.0007655823883694474,33.87181446722079,0,2
0.00044657666239654025,16.06791182380226,0,2
0.8267657991780147,1687.7459328261775,0,3
0.0009385542193058113,51.43059440073267,0,2
0.0028163258862890284,131.14536878435564,0,3
0.16213950861073198,561.4460396996337,0,3
0.1989417599574245,918.8263195682836,0,3
0.0008104269701647912,52.79912849120271,0,2
0.0010040326638618082,13.337036250878462,0,2
0.19640295762660037,707.5038315538784,0,3
0.5142844962510675,3385.091325653403,0,3
0.8848685941185708,2117.597591194095,0,3
0.00178904470231708,24.18120497339633,0,2
0.31634184830393686,1450.8107018250628,0,3
0.21088081019010993,974.1983767313818,0,3
0.2661050762498828,1249.6004391701235,0,3
0.002230271006197952,30.138331045421815,0,2
0.00203121653554159,26.981600841255684,0,2
0.04092350169588346,157.2374724331455,0,3
0.0005992343510423939,23.872657199780416,0,2
0.0006656724681142403,36.47730733834458,0,2
0.03504188486955324,131.78018061687249,0,3
0.06069392412079279,201.2948668973505,0,3
0.0014592302323684634,42.4340694640593,0,2
0.0002893855771877874,17.736854953351717,0,2
0.0006052342121462182,37.09566847789886,0,2
0.0009010244847723955,28.582291858731605,0,2
0.0006047568554807575,33.139273049455,0,2
0.0008357705366572074,36.977162725902936,0,2
0.0008638260512424947,25.119856928808694,0,2
0.00040041100316933273,15.951813511781488,0,2
0.0004811364455760955,19.167802065383157,0,2
0.00022635410180844314,10.540432235502088,0,2
0.10872674751704318,394.1446635050686,0,3
0.0009934584814303253,35.74482194068776,0,2
0.0010637180292447544,14.374345546021349,0,2
0.00031056386608106947,10.771778285567656,0,2
0.36424046773258906,1245.1167687011898,0,3
0.00033892877648736947,24.858021609253992,0,2
0.0008469540796914125,46.41111920084162,0,2
0.0009698877798883806,47.768356054542465,0,2
0.0011293928700935646,21.472979457658344,0,2
0.41530986140285026,1269.1084775266686,0,3
0.0006705739795387024,43.68773870065273,0,2
0.048956419357843124,208.25069544899918,0,3
0.3500191947227261,1614.3573973592486,0,3
0.0013719901663714238,18.540120779158467,0,2
0.0017548839587008239,23.714281155359952,0,2
0.37685579144846854,1285.697372061774,0,3
0.0009419666524207724,41.67561867908135,0,2
0.0005340162924578058,39.641418475604965,0,2
0.35674247082024496,1212.3943529243313,0,3
0.0018907157978182356,25.54981814725576,0,2
0.3428461716417575,1458.8140607290634,0,3
0.21822219300244095,1454.4792831234065,0,3
0.0002145781956341801,6.23988309523602,0,1
1.323950560667488,2696.8612571197846,0,3
0.0002985147513744443,13.207247747455153,0,2
0.1044340208485703,495.24651061046256,0,3
0.0007895958004256597,24.882229852345628,0,2
0.00040503567362576377,18.860939725431816,0,2
0.0001399556758865828,6.893016590407835,0,1
0.001335173166169958,17.73573067824,0,2
0.04053420036969784,154.8427284185689,0,3
0.0002230348088573211,8.885394380691451,0,2
0.0002742613554753388,7.975455244411989,0,2
8.999714400704195e-05,3.238114071028507,0,1
0.0007976309762341043,39.2844628656605,0,2
0.000729936235751194,33.990298243784466,0,2
0.00021048587547054358,10.366729483988488,0,2
0.00045853485966895486,25.12664681607156,0,2
3.6642546917196684e-05,2.007926584893561,0,1
0.6783262039223142,2068.635293339696,0,3
0.2076736361396118,870.3239651880767,0,3
0.0005232697258823046,18.827342589784173,0,2
0.0004766316533016648,8.099552131487382,0,2
0.48321186044989506,1150.0007982324134,0,3
8.366029424732213e-05,6.210321259650299,0,1
0.0011398616521588923,36.15868266755409,0,2
0.0007978589350002725,10.781710672721553,0,2
0.0002853268166118985,10.266112218410681,0,2
0.000833622348218722,24.241540400167196,0,2
0.0010249558950276214,45.34732830962977,0,2
0.0004498285583000318,15.602116104710104,0,2
0.19122745343597913,907.6843971639718,0,3
0.0007930278848045932,25.15642453525909,0,2
0.0009125482702212438,42.49383212870448,0,2
0.07462982304260524,270.252168674503,0,3
0.0004669845163629098,16.19716336137189,0,2
0.00039316633599154857,17.394936704103245,0,2
0.0017225501394613812,29.27183823613585,0,2
0.00021121073175512324,12.94540712822365,0,2
0.0008006221023621122,52.160343635797865,0,2
0.00021873036400390814,14.250232308558997,0,2
0.0008922476962480969,30.947239551957853,0,2
0.00043471632432428464,5.8744540268535355,0,2
0.00032746889987438657,10.319401941824779,0,2
0.00033017696452626014,9.601467909144699,0,2
0.4787523581946231,1136.1171312293402,0,3
0.002293400522418758,30.46431356887857,0,2
0.0014709712524556546,42.7754955467345,0,2
0.0009827742172485371,34.0871142111881,0,2
0.0007319729694185234,32.3848262340126,0,2
0.0011410652238685618,21.694904192150666,0,2
0.0010929459687192865,34.4415874491828,0,2
0.0020215312897464335,27.323555646307714,0,2
0.34567555633396735,2289.446396669553,0,3
0.0007474137986341334,45.810058211383144,0,2
0.43808058360857177,1431.5682708563181,0,3
0.12102470588798477,740.8692871316388,0,3
0.0023817585472132685,130.51484430255485,0,3
0.00030500788365722843,15.02207315949244,0,2
0.0007716580039125031,57.28218087196754,0,2
0.7002251422637742,2072.20359700568,0,3
0.0022137214983700016,29.405899763808232,0,2
0.3454058378986691,1142.5833221773592,0,3
0.0020422144296787827,27.59706527877158,0,2
0.0007345004941550026,23.500715712869997,0,2
0.0006832290631625063,33.566627670663586,0,2
0.0009496832903735831,30.38559837867542,0,2
0.00026124181289496255,18.83027504582675,0,2
0.0017908196380082705,129.08204076321456,0,3
0.0009535754859600009,13.758148992950467,0,2
0.0559967709387406,790.55416161274,0,3
0.006496523771206723,76.15428890731509,0,3
0.0016661261482227893,30.751299284904555,0,2
0.3067805504861486,905.2497225529434,0,3
0.003721905507410924,95.80178445829516,0,3
0.0012018103472228312,22.181531518826233,0,2
0.0016093099539332264,30.908769207313743,0,2
0.0017554671787134862,88.4253415246526,0,3
0.0005658846832050706,26.139874216594603,0,2
0.390960799645129,1180.690178017632,0,3
0.003939812644340649,87.33944062364752,0,3
0.00029249849457979794,5.512395317556908,0,1
0.0007327866514511217,16.244725831354273,0,2
0.007156571836358,103.25473237626473,0,3
0.00032170300294957413,15.80507256315928,0,2
0.000648366218892179,7.0632098244621835,0,2
0.0008619037213355667,39.81386231364362,0,2
0.0007123749050124019,35.88332213392789,0,2
0.0005780208471173243,14.878246773775832,0,2
0.49173206927769986,1363.2274707266727,0,3
0.0003612322252647139,26.03757063914393,0,2
0.00154937628927888,30.48096289373826,0,2
0.00048107040185382517,5.639258110607875,0,2
0.002027457566769234,99.60775518945621,0,3
0.0015821454110948327,29.81694305245039,0,2
0.006614040269995524,95.42710862408825,0,3
0.0005186514900613974,16.594517388326118,0,2
0.0004531922722352492,10.04655884051833,0,2
0.1089777453420459,1755.876957293538,0,3
0.02127001985851181,214.18489315895204,0,3
0.0009035300164926044,20.029837292008025,0,2
0.0003902673469647531,18.027594072211,0,2
0.0005166882051853744,25.384576769907902,0,2
0.00039242659770334615,5.661915264698553,0,2
0.004876582391165691,95.93726710672789,0,3
0.0005201957917931646,24.029370239285015,0,2
0.000999953455886587,49.411337374313376,0,2
0.0018674921349297981,21.891328437202922,0,2
0.10386368538460124,817.4656679866406,0,3
0.0004653884597450363,8.58956557678771,0,2
0.001716113624695551,91.21830998267465,0,3
0.0003008483587983433,21.68510959436698,0,2
3.401320198048406e-05,2.4516670642585487,0,1
0.000657073032419802,37.0086042597841,0,2
0.0008706027484709086,49.035329401641135,0,2
0.0012157563690428023,26.951403732195885,0,2
0.0010211476909509833,54.27808815851815,0,3
0.00011150162600012378,5.509700904220387,0,1
0.005121825006156046,73.89748644762261,0,3
0.0007097024125583746,8.86219204790288,0,2
0.001015334719688781,50.171381564869904,0,2
0.0830117627801699,364.3638371411842,0,3
0.0005004522518775159,7.220505084877205,0,2
0.0008264038454415378,16.257887204321428,0,2
0.001488335345652195,28.585303651057863,0,2
0.0006910140928944941,8.100283893756734,0,2
0.0006411148109272509,29.61497459361523,0,2
0.0019299000179150393,36.37068914624977,0,2
0.0016906940576687074,19.818845932994677,0,2
0.002468746898828212,139.04828304980535,0,3
0.25327967960677,1194.5972293324846,0,3
0.001000425931209772,25.750946454016496,0,2
0.0002794334493998467,12.90785107992422,0,2
0.18416280522053874,595.4325841855283,0,3
0.0003377477331652185,7.487335249032361,0,2
0.0016380321212668603,92.25958082243916,0,3
0.00012163873613346789,1.7549988225144424,0,1
0.00446079779575013,87.75751444603091,0,3
0.002170813806473461,23.648538369503342,0,2
0.0017583386486715454,93.46273906396665,0,3
0.327522785232101,1117.5969028367056,0,3
0.0004428199428958769,25.5276119664801,0,2
0.3853144645221664,3305.4060827231874,0,3
0.00036900548216168015,8.180270309390346,0,2
0.0479464574108518,205.34244559178688,0,3
0.002473326346440825,54.829749299924764,0,3
0.0009620103373394047,48.45780864545969,0,2
0.000778942196363089,39.23640987229812,0,2
0.0002983175011188624,14.740952797025024,0,2
0.0007801526000888859,17.294754305315646,0,2
0.001054677343463518,51.81565540677844,0,3
0.0014415766550925687,37.106158583633416,0,2
0.0005512729746566872,6.00548976349911,0,2
0.0009413414139887058,43.483322462747985,0,2
0.0006992713707137085,37.16907303680952,0,2
0.0010567072537217845,23.425535367927896,0,2
0.0014216537214849047,20.511563064019732,0,2
0.0007123136354444992,10.27723265797827,0,2
0.0010125275851665873,19.91950952516093,0,2
0.0005737089288213889,32.313252347100224,0,2
0.0011726490044406373,21.64330745914055,0,2
0.001120504890165876,28.84177681523422,0,2
0.006620568895444974,95.5213033710959,0,3
0.08966235200787476,1341.6783168202808,0,3
0.053338728393651,245.9887981620907,0,3
0.00035836076551477554,7.050050573131878,0,2
0.00029736612202149276,21.43411043172852,0,2
0.0011965064255007563,22.549232011714643,0,2
0.0011633931912149306,22.887496689880717,0,2
0.0007621520588089836,16.89571065826104,0,2
0.0004785438460181939,25.436521369109848,0,2
0.0011876015903968598,30.568844737993782,0,2
0.001996364202640567,100.55966216096064,0,3
0.0007741064516869142,38.03137840910735,0,2
0.38224080246734493,2430.1580438872716,0,3
0.0016196421107737302,35.90491445543224,0,2
0.0018359628666506178,35.26191606521104,0,2
0.32154146680085055,1008.6990797176418,0,3
0.00021220813795312164,12.993683376216307,0,2
0.06560483016148612,650.6937217558767,0,3
0.0011024212778705468,24.438943277957335,0,2
0.0006696492463114286,21.425767157593622,0,2
0.1581695966884017,949.6031962526216,0,3
0.0003514813985170928,4.3890165790689855,0,1
0.003358681807809137,86.45241260828246,0,3
0.21190750160659322,1152.856279296239,0,3
0.0008103589435484854,40.04278290979551,0,2
0.07301311279596517,871.6210836367866,0,3
0.13659725682626203,2738.596145500335,0,3
0.0024396233026221536,30.464050635587046,0,2
0.0006167472877709821,35.5541472243464,0,2
0.00015430944997092802,7.581129276415237,0,1
5.3408267848551696e-05,2.467084628939159,0,1
0.25153503587555465,966.1658863086978,0,3
0.10804120015719573,994.2328581612778,0,3
0.0004722626550216165,9.290848558494476,0,2
0.0003490160444404273,4.091275521749933,0,1
0.0002683328273398236,15.468807139542452,0,2
0.001009446573185759,19.387658096227096,0,2
0.0006005792351618825,29.67680448914475,0,2
0.001117143429486523,21.05356548445737,0,2
0.19121998405568744,601.9146052475427,0,3
0.000538180192545138,7.764842304682909,0,2
0.0005887827517079422,28.92653792274132,0,2
0.00039276329511553625,20.876941647742978,0,2
0.00018315393658398636,5.86010306270121,0,1
0.442254198738166,1392.5251145892996,0,3
0.0004950663703662109,27.883834032478017,0,2
0.0008127007127822067,39.92749094626084,0,2
0.0008808074899842768,43.273535421606844,0,2
0.22379441880691955,791.1593459429155,0,3
0.000719630628552631,23.02494682368505,0,2
0.001015084226535282,26.128250726385676,0,2
0.00028329546797431157,16.331371010566905,0,2
0.0009341366549791769,47.05377220881202,0,2
0.00043897690720723945,31.641396948972396,0,2
0.0028109629612189753,35.101041170288156,0,3
0.0031648970459094874,60.785725035653556,0,3
0.0006311863159834834,6.876054393669782,0,2
0.00010007383999547661,1.922040696107054,0,1
0.21752379155839505,634.9830825065418,0,3
0.000730031519627826,33.722298311978406,0,2
0.0020795727276937785,66.53698379603226,0,3
0.00041377181304136585,23.853050106351223,0,2
0.00044019370263945326,25.37621489579195,0,2
0.00048127252447934584,24.242371409476323,0,2
0.0006573996779215698,14.573515372187197,0,2
0.003295967338575908,162.86573458231345,0,3
0.0022323683238653614,26.168521546347442,0,2
0.0002079223007142697,3.837573105788303,0,1
0.37396954240636837,1865.8403268833313,0,3
0.00027970502801577453,17.126574917572444,0,2
0.0005326304457070883,10.229820227553335,0,2
0.0019886598954773098,28.692305476726357,0,2
0.0007717861089730725,43.46963772808501,0,2
0.0002652188443327657,16.239573665300448,0,2
0.2769426521026117,621.3732700521423,0,3
0.0002785278605612015,13.763074676443894,0,2
0.13347154009046952,1154.512315750644,0,3
0.0004223174789948714,23.786367239198025,0,2
0.0007775604255159303,43.79486701807482,0,2
0.0034287496336145046,168.4523808087592,0,3
0.0013437365170108542,67.6858911841979,0,3
0.0002605240851652006,12.87344264920676,0,2
0.00044825451424241073,20.70619150345707,0,2
0.00027768629161259553,13.987447598167616,0,2
0.0003944749314139518,28.433700466605465,0,2
0.0004620099504347883,5.033071011142475,0,1
0.002249721504877282,113.32162447486994,0,3
0.13497123604287398,823.0152152252616,0,3
0.09638727621798703,504.4285119810249,0,3
0.0005950812456919823,29.975076163937498,0,2
0.0004335837618397335,6.25572918363091,0,2
0.00048080669678729,22.209872345955525,0,2
0.0014103426650787798,20.348367594343348,0,2
0.0005099567966820979,9.794345020873454,0,2
0.00091768063071529,42.39036144614974,0,2
0.0005450074889796879,14.028483496806867,0,2
0.000736035416689705,36.37018711161212,0,2
0.0009512796205484464,18.27049051134677,0,2
0.06552687094821434,567.2497565530002,0,3
0.00010983791848136923,2.1608472652658786,0,1
0.25931093780350545,1126.0823155069882,0,3
0.0005474999935636075,27.05396609727212,0,2
0.31914544641358905,1382.2172326344362,0,3
0.001785260923793301,34.28812313842956,0,2
0.00026892184982036396,14.294273004434725,0,2
0.0005222557995262996,31.97816335364348,0,2
0.09315778521648849,285.5358113045053,0,3
0.0005334825222336554,7.697064505214762,0,2
0.0008709269325367234,27.865748779071858,0,2
0.0006794622049858237,8.484576694856084,0,2
0.000801527353605132,17.76859892284052,0,2
0.0009542362783461547,46.88104706322573,0,2
0.000584773016080307,29.45583619466907,0,2
0.000429816327932967,9.528350975394693,0,2
0.0010834093914543767,20.808204631839992,0,2
0.17106657700290873,1298.330680296531,0,3
0.0893702326354585,420.65814106878963,0,3
0.0016043377669356176,17.47742856889928,0,2
0.0005479635955663514,27.601694106603116,0,2
0.00046421562447826736,14.852814269222192,0,2
0.0011631499498355887,65.51259002325133,0,3
0.002769692549708137,53.195338526873485,0,3
0.0028529367073667463,143.70641943986823,0,3
0.0007840881897336061,45.20098829362298,0,2
0.0012286509137247644,27.237255477262224,0,2
0.000598944332910618,33.73459675966065,0,2
0.0025256466420306586,182.0482732491522,0,3
0.0009036350103592165,44.65189264285569,0,2
0.06618096367279472,493.8394108762808,0,3
0.0014710128872398006,28.939315479673343,0,2
0.0013096207491175064,25.76423928450558,0,2
0.0024577778827367986,30.690750408165023,0,2
0.0006897688122729584,22.06950287144389,0,2
0.0027773027309337703,52.34074996328107,0,3
0.0012826195816122814,68.17636600613422,0,3
0.000562511327675162,25.98404902489612,0,2
0.0015561002740434404,40.05399458760213,0,2
0.0023570783660530007,135.88046985800332,0,3
0.0017137705267196034,32.297535891347636,0,2
0.0007764271057975338,47.54128694005983,0,2
0.002346331243099875,132.15341393401195,0,3
0.00022433670381623942,12.932525774266475,0,2
0.0006897781173881645,49.719114743067855,0,2
7.929435895619e-05,3.918222692465587,0,1
0.0016845032984408588,19.746275911950075,0,2
0.0005383895640770599,17.22604707394643,0,2
0.0023538937197842987,27.5930803467638,0,2
0.19191137126371663,2139.837058446796,0,3
0.32396375211790046,1217.0486063518358,0,3
0.0006456648565967549,31.90464903364295,0,2
0.00014099941252888423,2.657259834855158,0,1
0.00025079240308736444,12.392564840807987,0,2
0.0009031826154053745,28.89778570655239,0,2
0.0003352603305579021,24.165519931138952,0,2
0.0010390918704066803,59.90139895642164,0,3
0.0001826297544426734,8.972488583237935,0,2
0.002080068015546129,119.9114222758333,0,3
0.005954037740514127,74.34922720170101,0,3
0.0005578171679138795,27.563775208456107,0,2
0.2740120173762281,936.5537332079733,0,3
0.0008998604794895962,17.282922914475833,0,2
0.004244117578218184,94.08540168909504,0,3
0.0006658705447970373,37.50411029636671,0,2
0.002544401092496068,143.30938642173302,0,3
0.0007699622727520851,37.82777742254785,0,2
0.0008237581698243858,40.70488741693607,0,2
0.008603232057747627,100.84978409009807,0,3
0.0007347517977674446,14.11180840977704,0,2
0.000711251932624757,51.26694448252416,0,2
0.0033014057593730144,152.5016206467599,0,3
0.0020343718788125016,25.403597293543747,0,2
0.001192734345641519,22.907924309402322,0,2
0.00039298053103854595,24.062529564536412,0,2
0.0017528416609917119,34.48374807139576,0,2
0.0002573701043712785,11.88868042385064,0,2
0.0006631320894284125,33.402892514707744,0,2
0.0017395252120422763,38.56253397956452,0,2
0.0004366080262078207,8.385592025411816,0,2
0.0014900032459835412,38.35265820952379,0,2
0.0005252290748490939,29.58270088370293,0,2
0.08321877687626435,723.9266859064608,0,3
0.0008230107588468297,41.4562051127771,0,2
0.0008782218010758646,16.8673255863125,0,2
0.0004546568487889454,21.001934125065237,0,2
0.09930702713381312,611.8210114053167,0,3
0.00023415515043955046,4.49723652423279,0,1
0.003121023944118633,165.89491832073176,0,3
0.2558200009130122,1084.2572323394434,0,3
0.12361689245512383,520.6985277394742,0,3
0.0018279678516715631,33.73837362188719,0,2
0.0004610267526377689,21.2961786775719,0,2
0.0007492480641753486,42.20021783173573,0,2
0.0016272580403430099,30.667130834057893,0,2
0.0008611007595194289,42.30535575861387,0,2
0.0036455286020447126,42.7340294836519,0,3
0.00033900070475620256,15.659437416603069,0,2
0.0008293339522005778,16.31553135185034,0,2
0.0004182741186154235,25.611277277949494,0,2
0.00437539287342807,80.7555993784413,0,3
0.004359291427385847,47.48950383352074,0,3
0.0008450679740774236,51.74422523309778,0,2
0.001081362069116653,20.76888329819943,0,2
0.000937132436646743,46.30712231551747,0,2
0.022831431812557368,121.314177977753,0,3
0.0002466466266333892,13.11025570839863,0,2
0.0014261308272505726,65.87716817072517,0,3
0.0022093461420088193,48.97772396975427,0,3
0.0017062090166338362,21.305763812700665,0,2
0.00041671683303020534,9.237955806755654,0,2
0.00032822889983139263,6.185766710070409,0,2
0.0012736496601386462,91.80449770526351,0,3
0.0005422745388584181,7.8239153696224255,0,2
7.171295847027981e-05,4.39104496803233,0,1
0.0006731225944114909,48.518586867352376,0,2
0.2213730726549233,1300.8647374282216,0,3
0.0013851783345442635,26.104922612652814,0,2
0.005111795110270405,63.831979679258936,0,3
0.0022800842846035854,131.44192758706862,0,3
0.0007232237874041012,10.43464389432609,0,2
0.0004968256726927222,9.774078123431005,0,2
0.005408372374228672,103.87441716475058,0,3
0.21630331953575221,862.0924379148269,0,3
0.0017113727770493685,33.66792849197029,0,2
0.0017511054113641187,98.62825589977459,0,3
0.04078176362419323,464.2213094173641,0,3
0.0003207656428997043,10.263059377399312,0,2
0.0010106073659712214,18.652542968405843,0,2
0.001361686173982012,43.567839531151854,0,2
0.0017427387556525858,100.46512002668845,0,3
0.0008858729006616431,11.062067194326367,0,2
0.0031007038453232457,68.73772025152921,0,3
0.0005104764110234601,6.374418221442931,0,2
0.0005796473605341593,41.780904471193054,0,2
0.00042643174905263276,10.976345967829992,0,2
0.005148557689604598,64.29104115695836,0,3
0.00013257005195074293,6.123799752367605,0,1
0.0020836745467311167,104.95760653067526,0,3
0.001998406024320318,28.832922234078932,0,2
0.00041748509146038163,22.191004102501896,0,2
0.001444879916782912,32.030711887133755,0,2
0.1975159911824808,1139.7605878479546,0,3
0.002483984312509237,45.84631547524658,0,3
0.0031469602077415972,145.36732736620687,0,3
0.002433558481902306,137.06635085614454,0,3
0.00217411011179256,106.81270539015101,0,3
0.002557607000151761,27.8622086780701,0,2
0.0014086571733374052,15.345711877179829,0,2
0.0001097231937592469,1.3701348593396867,0,1
0.0002468479314871313,4.856252604431705,0,1
0.0020265370148621394,23.755702395053763,0,2
0.0025418323732288306,31.740355177780685,0,2
0.00016113599215033042,9.28914143872385,0,2
0.00021584866818093838,12.157336470333373,0,2
0.0003207322180986829,19.63870439052846,0,2
0.00021059442549200451,2.6297335473329935,0,1
0.0013602192340393473,26.12467677436344,0,2
0.004744888208479861,55.621067541228875,0,3
0.009259927219702459,100.87633656139599,0,3
0.0005049178106993154,16.155101353962106,0,2
0.0009716556760316805,31.08861599812377,0,2
0.1819510277414064,1481.4987807638097,0,3
0.004148035156097419,132.718487933194,0,3
0.0009918840238377865,48.73065786536008,0,2
0.2638748729083004,900.1173360670193,0,3
0.0009330617121088517,53.78898965509106,0,2
0.00013571505729994957,6.269076779081168,0,1
0.0007480791918045058,8.769218878367791,0,2
0.0002220773172686223,3.2041226561738596,0,1
0.000502788177927807,6.278413759576857,0,2
0.0006622219939535116,32.53456315729778,0,2
0.0002771296920438241,15.608893677640811,0,2
0.000380922997848285,23.324236631552473,0,2
0.0008336698224436448,46.95514047885847,0,2
0.0023893034518260186,44.0988130508187,0,3
0.001406689140270371,86.13276320945285,0,3
0.0003170383649926408,18.276576043736217,0,2
0.0008550274282823541,10.02289964452761,0,2
0.2039499871564034,1887.5861477987164,0,3
0.005377724452442468,67.15269109266063,0,3
0.002176014644125116,23.705195558798877,0,2
0.00028292686985443774,14.251422867224578,0,2
0.00017259395477813754,7.972621281940904,0,1
0.0005802167075381898,28.50569339085678,0,2
0.0004689057580543115,10.394902070406664,0,2
0.0022042415081613568,101.82038404007179,0,3
0.0007903744793912685,44.51659843214534,0,2
0.0013872539223478172,15.112547890130363,0,2
0.005292445920171082,97.6814322336598,0,3
0.0002500600308483916,13.291691808724153,0,2
0.0025433885186977086,27.707314553470596,0,2
0.001656592674235507,30.575342192987787,0,2
0.0006624879308597431,32.54762847550021,0,2
0.0013387980386609492,24.709881189260933,0,2
0.0010502380394094026,12.311219644745423,0,2
0.0003752932936173617,7.207967470232255,0,2
0.006676228317396886,83.36736138620942,0,3
0.0006159380636958951,7.691338388450921,0,2
0.0002728043998029118,8.728515087473058,0,2
0.000763719697049807,43.015309773755256,0,2
0.04919630810430614,398.61308980117934,0,3
0.0020937595143422816,40.21321650702229,0,3
0.0006752758718002953,34.01459184845533,0,2
0.006183822930300365,89.21995004458901,0,3
0.0014248268753524534,26.297695237467604,0,2
0.0013676346895332655,26.267099681689928,0,2
0.0004338409901162764,31.271200729754298,0,2
0.0004933626085770106,24.378840991809987,0,2
0.0023577024211200877,27.63772713820215,0,2
0.0012844315396179581,24.66908125660756,0,2
0.00024958866256770927,14.38824658075386,0,2
0.001258440627229477,14.751835669945532,0,2
0.1632937333672841,557.985172131627,0,3
0.0019172860213328509,110.5273923781928,0,3
0.0006385936205111855,39.10162631381741,0,2
0.0007702473141523266,35.57998388218476,0,2
0.0007571025163322104,8.87499311812858,0,2
0.0006165833500508299,11.620063811222415,0,2
0.0013203491088010434,33.98576360393722,0,2
0.0006248452310460396,11.532621780852548,0,2
0.0007390283426560026,45.251329110871794,0,2
0.2567992758206443,1864.5623120246296,0,3
0.00020254050660520903,14.599092714268625,0,2
0.0009659709037635394,21.4140534105388,0,2
0.0012202621250796903,31.409526345236895,0,2
0.000896910892232931,16.55407383670541,0,2
0.0008397500688411592,41.25640933178641,0,2
0.0010131281119249713,11.876205437377417,0,2
0.0038075739831320812,84.40791779720882,0,3
0.001312784100279679,24.22974803392044,0,2
0.001597575109922691,30.68338715190609,0,2
0.0010559759467440436,19.489900215913533,0,2
0.0014518054653234792,18.128977191314544,0,2
0.0011788489955706152,54.45449466849724,0,3
0.0008347789780131685,51.11422132086516,0,2
0.0004520878738242544,11.636734183090141,0,2
0.0004606438045359342,21.278489180911997,0,2
0.001405107898303615,20.27284058856723,0,2
0.004547522914368175,85.70213004226939,0,3
0.000392605995402232,4.902547418248308,0,1
0.0010715306807473548,15.460001828170038,0,2
0.46656828912130294,1096.654553761928,0,3
0.000572054237439385,32.22005445963992,0,2
0.0026437048033202235,30.990336750558548,0,2
0.2630164904182304,836.688027332739,0,3
0.025448734450420774,489.6755027131988,0,3
0.0003856620930992952,23.614415433248386,0,2
0.0005479965888995939,27.60335602702828,0,2
0.0017066443053128549,85.96606498162454,0,3
0.00015968030665824826,3.5398608820084916,0,1
0.0033106484631575867,62.39212653933195,0,3
0.00041155566216294587,29.664877261862927,0,2
0.001525806941725543,75.39567079032224,0,3
0.0006216879398203068,31.31529262806032,0,2
0.0012420433748488895,23.407416484503425,0,2
0.0014921755503906964,84.04443905902502,0,3
0.13299176774474733,2643.747703199215,0,3
0.0002629669424558104,13.977745836255913,0,2
0.000417260333484562,23.50153147872565,0,2
0.00039688955670873655,21.0962689717976,0,2
0.0010115475257783128,11.857677310906299,0,2
6.807661980030346e-05,3.3445628605681814,0,1
0.20458171402169306,492.4873480514994,0,3
0.001001755755890135,18.878981739846036,0,2
0.001554647183596263,30.584657480532105,0,2
0.0006224486392440169,31.353610123912613,0,2
0.0013022111527556477,24.54133198611136,0,2
0.0008311224419564244,11.991401369037458,0,2
0.19138731910022547,1217.1392194376342,0,3
0.0006021720663098131,11.348470300534133,0,2
0.0006901944645846764,12.73875724708318,0,2
0.0007565730301246266,37.385025292651655,0,2
0.0019525522865101621,36.03779929625705,0,2
0.0013811868256576655,25.49224108238818,0,2
0.0054932342447851,68.59508433388352,0,3
0.0008510631644105961,15.707873084558678,0,2
0.002172300802508835,31.34186914246667,0,2
0.0011313569210351382,20.88118916680465,0,2
0.0008173628510610521,46.03667598435396,0,2
0.000713974274084433,22.843968894621476,0,2
0.0005130480919203316,23.699197005834705,0,2
0.000190676948848345,2.2351749892642925,0,1
0.0005430933049644823,27.356370744812786,0,2
0.0006603691183742028,32.63124009170526,0,2
0.22277824690245226,1239.9861632214715,0,3
0.0008348531392877077,38.56431654362591,0,2
0.0011063524233873533,20.850199338664908,0,2
0.00021346543906106987,10.548103779341055,0,2
0.0002461580902722514,12.093597023001603,0,2
0.04492304415792415,398.53870342742795,0,3
0.0008194479446289171,37.85270539277769,0,2
0.0009087468386662352,11.347698506692584,0,2
0.0004319108928000206,19.95123166547733,0,2
0.23161454780376986,2077.928763527652,0,3
0.4192820244032414,2239.032626150581,0,3
0.0006782621252601412,41.53056233713678,0,2
0.00013534296174871354,6.817414623700731,0,1
0.0007354357202764882,42.396278656134115,0,2
0.0003838028547168041,21.617091652172263,0,2
0.0014290011945515713,16.75120012661243,0,2
0.0013318092774805327,25.579028754030222,0,2
0.0010154142670567873,26.13674596379587,0,2
0.0008218797858614678,47.379592073834445,0,2
0.308115935138405,1057.464312538687,0,3
7.270156397483926e-05,1.6116791591975426,0,1
0.08390076428688738,658.1057423611096,0,3
0.00037874256284988486,21.833689594904843,0,2
0.01876060477093631,124.9652102847287,0,3
0.0015899603878073013,30.537137084995628,0,2
0.0007024220828007453,43.009896926721595,0,2
0.0007240549691195214,40.7812564088835,0,2
0.0006727790744883161,12.921546337326838,0,2
0.004263578435921593,49.97900345215866,0,3
0.002400786345551626,120.93097216930283,0,3
0.00031161021796037857,19.08015662370761,0,2
0.00034528208114322054,17.3923422309767,0,2
0.0007505142146235134,37.80445259923716,0,2
0.001620067647859706,91.24776013545649,0,3
0.0009264939718260145,20.538912010626305,0,2
0.0008574720516428617,39.60915048493553,0,2
0.001087369122849022,21.391871112719723,0,2
0.001058257482728877,12.405226074173703,0,2
0.0005877873486496944,6.40327218585012,0,2
0.0006306949021659456,29.13364842866899,0,2
0.04735292451594902,426.35293916797093,0,3
0.0029516307447007193,94.43892219620493,0,3
0.002352264307305614,116.23393528729972,0,3
0.0004854967517995209,24.455151658514072,0,2
0.0005714116371971898,34.9880167784416,0,2
0.0015124258727818504,16.47615340240302,0,2
0.001818122519175678,34.264142370533015,0,2
0.001472839581626688,17.26508744729702,0,2
0.0020916118639638507,103.3541499937133,0,3
0.0003812703943185793,21.474454806559645,0,2
0.0003156429024394978,19.327081297677612,0,2
0.0009387983722198154,54.11969570310367,0,3
0.04647159940157278,354.2592662874044,0,3
0.0020777852442398453,66.47979235664369,0,3
0.2999131854385231,1034.366593543561,0,3
0.0004963275421874317,9.532578491303564,0,2
0.000273951294621665,13.459060221907613,0,2
0.007829859743523574,97.77298136145487,0,3
0.003118387887691689,36.55472072262325,0,3
0.0005440899516453934,26.73080788117228,0,2
0.0014061073436767077,25.952193234724213,0,2
0.0005453296967780519,10.47372490203746,0,2
0.09730597368400604,1381.7008844285244,0,3
0.0008023245426745005,8.740410013816682,0,2
0.0007709783290348689,8.398928798898613,0,2
0.001037095420148239,19.918688074338498,0,2
0.0005518997226067379,14.205889473143483,0,2
0.001965224300445093,21.408875388191575,0,2
0.00019452829963877803,8.98583304168166,0,2
0.0010112373766818575,19.42205267125677,0,2
0.6026936957248843,1644.8689502198115,0,3
0.16930412301155884,1079.9650872275165,0,3
0.5647742282873355,1779.1217645842544,0,3
0.0194914455617934,382.73866863809906,0,3
0.006211506495212365,119.29959186607711,0,3
0.0007244202349290227,9.045976358154011,0,2
0.0006877327792294733,34.64206373008476,0,2
0.005026209499014606,111.42314767982228,0,3
0.05251725864570857,262.4803348054903,0,3
0.0009763700140960722,10.636436746591958,0,2
0.0007620718338754695,24.382874706294597,0,2
0.000935214851373925,11.678209728848795,0,2
0.0006484711835499325,29.95478703377207,0,2
0.0005717107303008305,30.388714282397398,0,2
0.0003980488310929262,22.94665420306167,0,2
0.007169836541461383,89.53114327658598,0,3
0.0009891298701223353,48.876504633200376,0,2
0.0003842408792924845,17.749213844580087,0,2
0.0004053690727618919,23.36865030288537,0,2
0.0002615554271785646,12.082012766968077,0,2
0.003155731571785851,58.244596983440836,0,3
0.0026946006679550508,151.76914108199983,0,3
0.1466620853534742,711.794455295367,0,3
0.001411657191537201,36.33603210059085,0,2
0.0018723195285563134,27.013751313411028,0,2
0.00017127875423873483,5.480150582675573,0,1
0.1711303015663299,1132.2423716869282,0,3
0.004182924161280431,107.6683967678547,0,3
0.0006116349060929467,32.510844070775555,0,2
0.0029084192270846364,167.66407804339624,0,3
0.0020342715349457342,29.35038838768496,0,2
0.0026817638975022186,151.04613019245988,0,3
0.0018338511979054328,35.22135887998535,0,2
0.001851632298847466,34.175142769465985,0,2
0.0005397827883333655,26.67263091714595,0,2
0.00035161628798091463,25.344455161683346,0,2
0.003880061351327726,45.48329591846215,0,3
0.03226925050959884,497.50358060237767,0,3
0.0014975646753583485,27.640199740918757,0,2
0.0008313991715854161,46.82724964347469,0,2
0.002721518995244221,134.48015250408451,0,3
0.0009275760232102945,10.10488191576192,0,2
0.0005999636244775482,7.032961750227887,0,2
0.06148784769105309,863.1258275430972,0,3
0.002592969327185451,82.96336829627445,0,3
0.00022563442066714768,16.263698961071228,0,2
0.0003691737815313963,6.813753842181406,0,2
0.0016184458565965782,93.2999032197374,0,3
0.00048809482509771515,28.13761100382785,0,2
0.0009250061357014742,45.44498796121266,0,2
0.0018737487156848477,23.397864617720533,0,2
0.33427305167478627,713.7699663560458,0,3
0.0004437754940957497,22.353593448808496,0,2
0.0009253468547555822,45.72475384671666,0,2
0.0005968767266699054,8.611713552684167,0,2
0.0007529483878423526,37.92706531499512,0,2
0.004088627071521594,130.8176961464318,0,3
0.0023346037955120935,25.432843328671186,0,2
0.4336109666816297,1018.067926248061,0,3
0.0006859764798530417,33.896592963729745,0,2
0.0014812723925515668,21.371738866956903,0,2
0.1404605382583072,1188.2406036400303,0,3
0.0010376791008921296,50.980542104062124,0,2
0.20944561128658204,1258.3631898334083,0,3
0.15993309660876082,1683.4867840005395,0,3
0.0012515404388123348,63.041845541651476,0,3
0.0031015728070231444,164.86101250729436,0,3
0.0012539394072689737,24.668817257911503,0,2
0.0008337772481453829,10.41153864984021,0,2
0.0010260591693923517,20.185717107872154,0,2
0.0006763362647558576,38.09357549907533,0,2
0.0006035116988830163,11.591181530380915,0,2
0.1300887917550869,641.5040742223174,0,3
0.0007945773950759078,39.262959197724605,0,2
0.0027919711341938915,160.95109734493994,0,3
0.0038600223906501887,71.24352733310829,0,3
0.0005407830559139542,10.19153958216675,0,2
0.0007749784894202212,19.947933136781305,0,2
0.0002322049727544693,7.429515834561047,0,2
0.0012944484266168958,33.3190804850381,0,2
0.00045563166023640636,26.26617976167573,0,2
8.269119503265329e-05,5.960370313916885,0,1
0.0019994300281456863,38.40150316294635,0,3
0.0019757102293107656,28.50546821092886,0,2
0.00023376249301238977,13.47590213510428,0,2
0.0003870293490205428,21.798818865041994,0,2
0.00025317731443125094,4.771352565719673,0,1
0.10413207819991134,1270.0462394802676,0,3
0.0026415215824602367,49.78183297420983,0,3
0.0006952787576647386,35.02216523717474,0,2
0.0004116431033069558,10.59568647786272,0,2
0.0008908982409420548,41.153204264359616,0,2
0.00040055255164335977,7.693102465368161,0,2
0.0007645027570586552,24.460653326053862,0,2
0.00220199647474428,158.7196123388073,0,3
0.0005623465947940648,28.326185930934145,0,2
0.08957686061480055,793.7295087941799,0,3
0.00045252262009254227,22.232160662033564,0,2
0.001570821998818026,88.4740764702055,0,3
0.0018915962627894624,60.522581494630444,0,3
0.00389456558158179,48.63219782882098,0,3
0.0006378139418348229,6.948254811677411,0,2
0.0010333350320405228,14.9089165354709,0,2
0.0008917822309148579,44.92032052234296,0,2
0.0029943419722395794,57.51000590130319,0,3
0.03764454670996478,242.31773553070641,0,3
0.0006986888610011357,8.190249932252621,0,2
0.0015237851979074566,16.599900282620705,0,2
0.0034510830722293013,67.8933424989928,0,3
0.0014970370648609954,28.21300026998104,0,2
0.0019908088114701677,24.8596167995339,0,2
0.0005037048211967343,23.267603911455236,0,2
0.001140999429781116,36.50685525907097,0,2
0.002221860994814832,26.045351340197392,0,2
0.00045115496589612377,26.008108015259054,0,2
0.3684104161228047,971.924794745014,0,3
0.006469775947753918,119.41113623831937,0,3
0.0030936696623129435,142.90568068132228,0,3
0.001324829936308572,65.46466594136908,0,3
0.0006422865929838755,31.555149051703744,0,2
0.0006503565371945084,39.821879629445085,0,2
0.1932941613224744,565.3299310527827,0,3
0.00016996036826962793,10.406816784229644,0,2
0.0006585288526635506,16.950521467249196,0,2
0.0023751130746834602,75.9929470412003,0,3
0.0009535970669718658,18.760166277925556,0,2
0.0012694926063524555,32.67671809588196,0,2
0.001555002387340674,49.75308979168021,0,3
0.0008284651680732415,18.365767839146198,0,2
0.0007179066547440871,15.914859742229208,0,2
0.0012428248666910187,22.938526878714264,0,2
0.36518019470955004,1151.93770938765,0,3
0.0009183135989402225,42.4196001060285,0,2
0.0005400690407029285,9.967927532307298,0,2
0.00592012281925629,64.49298010997622,0,3
0.1676398920902005,1538.800559176204,0,3
0.00022381480165477676,16.132541065243363,0,2
0.0007667714667011152,14.152121002843947,0,2
0.0005813180017558188,18.59956420281751,0,2
0.0003484109431783985,16.094123945510635,0,2
0.002049379005339067,25.59099420105343,0,2
0.0006512826230618552,32.182243308119524,0,2
0.0037273772530808185,71.58884650063274,0,3
0.08506770547954107,481.8174169056722,0,3
0.004625446695293632,119.05891926689637,0,3
0.0003146675796094311,14.53541895575571,0,2
0.0017478708569293301,19.041057736858132,0,2
0.0031638443861872288,59.62547261978881,0,3
0.002689708257923583,31.529603671758167,0,2
0.0009172074328829535,29.346516852532968,0,2
0.0010778203326861345,65.99584857799154,0,3
0.000625081374593211,7.8055126898085785,0,2
0.24084546194564843,1021.2782775534846,0,3
0.0036478967434206816,52.631708392077684,0,3
0.0006622611140305664,38.17792086982933,0,2
0.0005871135493504173,35.94945811093787,0,2
0.0009866049238439352,49.69667242923863,0,2
0.01155698780094821,131.12976464732145,0,3
0.0012896566300932167,78.96676384376552,0,3
0.000760260570940221,38.2953902233501,0,2
0.0016921287653772956,31.23122348701971,0,2
0.0003129875039952902,6.938439968816118,0,2
0.005043519362548225,62.9794071392461,0,3
0.0003310958289116316,10.593578916404736,0,2
0.0006522099394007432,37.59849239133872,0,2
0.42248817674142214,2131.350096030193,0,3
0.0005155537496634409,10.142516586808576,0,2
0.0012295845483835228,24.18968281193701,0,2
0.0008829961953199332,44.47775559857244,0,2
0.001866097531629595,21.874980459980783,0,2
0.001923486374652042,36.94291226014463,0,2
0.000683497396690635,38.496914983044526,0,2
0.029244665092877205,250.8614932723716,0,3
0.24625599777961393,765.3039586109306,0,3
0.0007077971787679242,40.802976515458,0,2
0.0016331879839523522,23.563570946973126,0,2
0.34712906450267034,1211.729013086084,0,3
0.0005593807394446131,27.48203497106183,0,2
0.0005502033333066057,17.604034610197722,0,2
0.0016066615565944996,29.653775273312334,0,2
0.0007808385545757641,56.282738915761676,0,2
0.0008308894564488063,15.335531691392864,0,2
0.0020174076233605443,29.107076545456334,0,2
0.0014591776427337348,46.68712850344884,0,3
0.00011891659846611347,1.715723929065309,0,1
0.00046692428287305627,21.568602906596507,0,2
0.003109889932476012,57.39850860554029,0,3
0.0013211247558901412,16.497141757953695,0,2
0.0005480941463033038,6.844158197745639,0,2
8.591318190066149e-05,6.192610697821395,0,1
0.001214028790740427,17.515958862892685,0,2
0.0006996771723534088,8.201835227851008,0,2
0.0005270943145652667,13.567398692048346,0,2
0.0016333563971382835,32.13310806285402,0,2
0.00289299943631967,145.72443523248936,0,3
0.0034821281039010723,77.19329527292774,0,3
0.0016977111330816754,32.60662215184799,0,2
0.0008724933695404889,43.94871354766842,0,2
0.00044381094681921455,8.191314484867918,0,2
0.0006716807072978879,48.41465583643011,0,2
0.0004739835502716771,27.324126530306387,0,2
0.1794894832000116,1035.3349589512375,0,3
0.13518873761297467,338.1219442189496,0,3
0.0023043991413618484,25.10379810126404,0,2
0.0004769822425377012,23.433847012700962,0,2
0.002689850219706789,31.53126779229906,0,2
0.0007669155529377405,37.67809393403878,0,2
0.0005919955479756081,36.24838700683566,0,2
0.0021593553744446914,108.76975586538717,0,3
0.00037372281518058644,21.049349292171527,0,2
0.0010180159749290962,11.090121949697672,0,2
0.002566014102136455,32.04231712949107,0,2
0.15213043800019624,494.9905535776948,0,3
0.0016362244747225932,23.607381314424675,0,2
0.4086836454591173,1076.457434208757,0,3
0.0017200598943506527,38.13101854666948,0,2
0.000777770280861946,56.06157815551881,0,2
0.0010153221033150875,46.90070761354518,0,2
0.0008136889219420198,40.98665112627134,0,2
0.0016168955361257477,23.328504161009526,0,2
0.0008720078041371916,42.84121221644238,0,2
0.00038040977857971205,20.2203027839027,0,2
0.593665472874507,1699.4728142847796,0,3
0.000716380681198341,13.758968609881885,0,2
0.0025760825428137782,30.197647407067237,0,2
0.0034977043528566162,90.03085055329818,0,3
0.004371107260757229,82.37741951920918,0,3
0.20746786622761523,637.1282964531983,0,3
0.0029895226469771156,158.9050978839254,0,3
0.0010372308069291321,50.95851769474721,0,2
0.00025618808674676,18.466003138805487,0,2
0.0004186179005680334,25.632327337036564,0,2
0.0009618818007162817,47.25666691984875,0,2
0.0007905907852095866,38.84124367331811,0,2
0.0013162908792647067,14.339486542278568,0,2
0.312237461371491,1068.946186498279,0,3
0.0008387175013079785,18.59304591824354,0,2
0.47235773503857703,1225.4328886360763,0,3
0.0013031756310033034,24.052406771553958,0,2
0.00228404208640478,164.63344908932578,0,3
0.0008237569058103616,43.78597763181858,0,2
0.30941932496286517,911.2452413596826,0,3
0.0012774361104228962,24.07442419041987,0,2
0.002873274098584102,165.63803739805732,0,3
0.0011221898820459695,35.90503424257202,0,2
0.21541678488129612,1504.4742886412157,0,3
0.0007639372514947712,8.32222429671003,0,2
0.0003302517320022318,6.095378708863969,0,1
0.051375564167697785,474.0885059492321,0,3
0.0007607740847147798,37.37636734144167,0,2
0.15712980364969592,1441.0725280585943,0,3
0.0013108834509151744,25.78908048474009,0,2
0.0007314737004700389,36.84535522205928,0,2
0.0004510409179722802,11.609785557267033,0,2
0.002812644822295041,30.640554616650565,0,2
0.0004979271268093296,28.704421931967264,0,2
0.00037759557916744994,18.551040784674157,0,2
4.43518127695686e-05,2.191584389271903,0,1
0.11832741362650043,1682.0829955433826,0,3
0.0023344290761609476,74.69124188109643,0,3
0.00153067262420478,29.39844295243939,0,2
0.0008152035566428145,49.91560175002389,0,2
0.0013873686772309388,68.16057796925926,0,3
0.00013596980049643742,3.014236307436196,0,1
0.001250115153421189,15.610431042040313,0,2
0.0005110754132719516,9.815829422882377,0,2
0.05321968120118334,210.60270324416686,0,3
0.0002896792620309439,16.31572845302854,0,2
0.005843557885552724,107.85317643503386,0,3
0.00041175644176605797,5.940805482139025,0,2
0.3155527064568872,1078.0056472541517,0,3
0.00048116078970000543,8.880671769066653,0,2
0.00019406884429354533,4.30220059510283,0,1
0.00032814163172003273,20.09238903960875,0,2
0.5585958747625097,1276.7441019188345,0,3
0.0015322576708141087,29.42888571438891,0,2
0.001297831586487959,28.770882024144942,0,2
0.0072482949627947785,90.51086884229923,0,3
0.0008805382668176884,49.59493183313596,0,2
0.0009341603582246268,45.89472933729927,0,2
0.002235345580327258,43.97607357238504,0,3
0.04337967746820897,252.0205204969785,0,3
4.617731080369572e-05,2.2817888870006766,0,1
0.004485867434868957,48.868404944567956,0,3
0.0007839120901230287,56.50427894825788,0,2
0.13008224106546473,1130.5891627331423,0,3
0.0022566538239560266,113.67081510032217,0,3
0.0017204922185730049,33.044160807482754,0,2
0.0028161421060112343,30.678653530479473,0,2
0.00019034031319753109,8.79237765749462,0,2
0.0006454558641831404,12.698087857578422,0,2
0.20331137977677669,1560.1502005377029,0,3
0.07746217170748232,1257.7315594840165,0,3
0.15013157158384072,557.4960927067058,0,3
0.0008326912344200191,40.90961309670453,0,2
0.0004403424073685018,25.384787401799485,0,2
0.0032392934854726567,83.37935922190745,0,3
0.0008738256684024926,16.782892472682718,0,2
0.0014427646948711461,83.1722642136464,0,3
0.005468227669542485,121.22199428610648,0,3
0.0009625562738000467,47.56340658308639,0,2
0.001484765251619812,32.914906936039365,0,2
0.0020697429103417844,25.845282243176282,0,2
0.0006261621687795729,12.318521952414779,0,2
0.1495273022402366,1297.6565189080768,0,3
0.0019992681988113036,144.1069852364258,0,3
0.00061750744811391,37.81050218262582,0,2
0.00035927886825724186,11.495309549476367,0,2
0.0022676513100198426,26.582119774530643,0,2
0.0025400750206138853,127.94713790127796,0,3
0.00017480085461978802,5.592841970123238,0,1
0.46882953300150276,2194.2120480695653,0,3
0.12317789657659532,1245.5175974881458,0,3
0.17616637267774646,1933.4641842664978,0,3
0.0002943349080076471,16.577950384266437,0,2
0.0005928611387724194,6.458545337346697,0,2
0.0015622159334019695,87.98935338235678,0,3
0.0002612608357473787,12.835585708058199,0,2
0.22600597960159316,875.5637931767598,0,3
0.0011770070334758192,26.09239199776233,0,2
0.0018925620871830862,20.617303520896744,0,2
0.00023542049589609434,2.9397415166206917,0,1
0.002824430563803877,138.76255304188868,0,3
0.0006978446918154545,37.09323934135142,0,2
0.11521125386672118,697.7057000979071,0,3
0.0008664109823481586,42.81251802430956,0,2
0.0010613664330707893,15.313352469000895,0,2
0.04790760490047367,363.0137562444037,0,3
0.0011635753173151284,37.2291822270234,0,2
0.0769335429530521,918.6315545878915,0,3
0.004428838546660484,85.06126999377496,0,3
0.0006214127078574582,30.706262152378617,0,2
0.005851619522011745,115.11922491193482,0,3
0.11235792872386476,754.1858553658847,0,3
0.0010489210696268242,20.145814160004498,0,2
0.004525759523699307,83.53088135207317,0,3
0.00243787474475003,140.53820634156435,0,3
0.00046796047575444383,28.653614857503843,0,2
0.006147751343812879,88.69951063668277,0,3
0.00032487503583394884,10.394541487852155,0,2
0.006034840667838967,75.35822906968686,0,3
0.04488698939157848,565.7458270707224,0,3
0.00011757172345364385,5.922252449999962,0,1
0.0002059135881360147,12.608262778739618,0,2
0.00042405283065528404,20.953992765056533,0,2
0.0015573640658794606,28.743903057099896,0,2
0.0007766159478731803,9.103735681917907,0,2
0.0006179510407648839,30.359558195668114,0,2
0.0017575073016275703,25.35724509281766,0,2
0.0008015018353575292,46.204847301196686,0,2
0.0013053394867148526,24.600288233025548,0,2
0.0004087118116258958,23.020049441168272,0,2
0.00237360606336763,27.82415461989102,0,2
0.0009603831381716045,48.37584434337185,0,2
0.0016146149302487894,31.010657776502825,0,2
0.30108507481606067,1234.3550066040111,0,3
0.00034493194348751287,19.884580515072955,0,2
0.0010375222250648202,33.1960496297327,0,2
0.005009710122099627,128.94985333730006,0,3
0.001300826514807203,41.62060387912584,0,2
0.0703312581643932,600.1981902589249,0,3
0.058451140863900096,467.30134218951486,0,3
0.00036425194862880323,20.51591764162673,0,2
0.0005705882432867441,32.89317814370544,0,2
0.03168005116043887,373.77295658970945,0,3
0.0006135573356329715,37.56863346178961,0,2
0.0014380315812330584,27.619158228984194,0,2
0.0007046273652031542,13.533231777379244,0,2
0.002272061879333537,26.633821851147292,0,2
0.0023367021670160594,27.391555574072225,0,2
0.0003726270518902141,21.481143614851867,0,2
0.005359777177006555,102.9410868688363,0,3
0.0016647462289340084,24.01889204405077,0,2
0.00043183634534169437,26.441703866003117,0,2
0.0028217019780275125,30.739221989328584,0,2
0.00018134411991791466,8.909326142206263,0,2
7.099933547836788e-05,3.5763360111916582,0,1
0.017731679040422985,92.47592911966676,0,3
0.005209582740172262,115.48824360032515,0,3
0.00034837218371546613,17.115313168128093,0,2
0.00046020702115788655,21.258312874853672,0,2
0.0010314042043246283,22.86460661828427,0,2
0.0025630760544354397,32.00562915645962,0,2
0.006471080024390921,70.49502992499333,0,3
0.25084597145686893,731.5111677400636,0,3
0.00018837636729568852,11.534443946455632,0,2
0.0012587826676799029,23.72288340529374,0,2
0.00246162102321865,28.855893580097312,0,2
0.0005054506620594467,24.832483121702953,0,2
0.0006190480182988794,13.723319487048887,0,2
0.0015882663044654488,29.932296753685403,0,2
0.0008686852466484118,42.677976991020316,0,2
0.11773886917789718,1464.2922701820085,0,3
0.0012261107301256655,70.68263173039904,0,3
0.0004021976255374926,19.759724336010734,0,2
0.002414307830443709,28.301273497326328,0,2
0.0005471172900470717,10.508057820723288,0,2
0.28377231987906304,554.7081478102763,0,3
0.003371267936178702,169.8154897126487,0,3
0.0012198012849931985,22.98824444004785,0,2
0.0007698911840952271,47.14108693835077,0,2
0.001827900778997095,33.73713567727621,0,2
0.0006327179867646344,9.12882982060284,0,2
0.0005072213385496767,28.56844348241318,0,2
0.0013490709179385212,43.164208017922974,0,2
0.0014702551548247031,84.75702977295066,0,3
0.004522339933749852,88.96823622985526,0,3
0.0006520522786124771,36.725818204698555,0,2
0.0010992967966932292,67.31087059383215,0,3
0.09023478415385754,1268.8271472885433,0,3
0.1718706030871155,1486.414032081374,0,3
0.0005698464530487053,7.115783482444506,0,2
0.0020594435971162625,25.716672715928024,0,2
0.0009199828837750631,10.022163329421819,0,2
0.0002657515347647315,16.272190750004487,0,2
0.0003212598070104504,10.278870408670986,0,2
0.005821266751303581,63.4160560969326,0,3
0.003051253093729057,175.8981415309752,0,3
0.09218537384757032,702.5200355223233,0,3
0.0013932673515815509,26.759406358525652,0,2
0.0025742906621457626,129.67062770765452,0,3
0.00041108667876496433,20.313288038523897,0,2
0.00022385729095470718,11.898911275068327,0,2
0.00202075295270644,23.687899804626056,0,2
0.0010462560921755972,11.397765790119006,0,2
0.000895312377198505,44.24064106656912,0,2
0.00041544254524309473,20.926423115420317,0,2
0.002353852423577974,25.64253515853649,0,2
0.00044098890649951544,5.506714238585092,0,2
0.00030787532708879115,3.8444990846742573,0,1
0.00028387652326290465,15.089173772158283,0,2
0.0003791794510479303,5.470785962299181,0,1
0.0004770635516884788,10.575747505723186,0,2
0.0007466142102999946,13.780083252272293,0,2
0.0022627375931507576,111.81009470644268,0,3
0.001272762602345436,32.76088773712493,0,2
0.002473345915094089,28.993336439499547,0,2
0.0007659088939585793,43.13861284365165,0,2
0.00025673749814245756,8.214446422695154,0,2
0.0011922615196489552,12.988328252667843,0,2
0.0013574466582783385,97.84457415971482,0,3
0.07916992732227766,385.5913403859115,0,3
0.0004464046106123183,32.176784820180806,0,2
0.0009229421250163461,51.983262398739654,0,2
0.0029084275746649566,167.66455926334737,0,3
6.69594569671903e-05,1.3172969906178957,0,1
0.000860564600992372,42.52362705654593,0,2
0.0008812738885518523,50.80353363496219,0,2
0.000718552320343736,35.506283730096854,0,2
0.0006882088236978813,30.76296301649508,0,2
0.0005568225897935814,11.524740239009168,0,2
0.0015571915229985213,35.3299507867123,0,2
0.0005551635534670191,21.532609661007065,0,2
0.0010316007193522088,10.921128006151802,0,2
0.0016178977497317394,27.847494395441025,0,2
0.00038948576149365336,6.8799988759708715,0,2
0.0006965308763894374,7.690475116375802,0,2
0.0005157005725503744,8.876314220848286,0,2
0.3806343491182301,1681.416154018599,0,3
0.0020078521421176406,28.511077973721424,0,2
0.0025374673409454223,31.78400139859306,0,2
0.0013816901326307105,31.348131342463876,0,2
0.0008087780708859483,18.34975917846671,0,2
0.0005916049249524823,6.26307542566765,0,2
0.0007485131105633211,32.313037590422496,0,2
0.001780482948271543,22.3021087226876,0,2
0.0018335081302589987,20.243967825980185,0,2
0.1339477326092265,344.07001594540617,0,3
0.07546928118526484,226.90399363912965,0,3
0.0005257500302531385,22.696436777106083,0,2
0.0011499934748700567,15.270697688498876,0,2
0.000792394960333213,46.02305232088956,0,2
0.0004074334844635243,7.237256955040654,0,2
0.3516209372740289,1555.7252688382994,0,3
0.0018096558963972553,99.23186682703883,0,3
0.12108125583983592,366.64017324129884,0,3
0.7576915918045526,1599.0121306226254,0,3
0.0002946467725969228,13.17072297856485,0,2
0.001774411632525061,36.72558103202738,0,2
0.0008308186720437858,32.224187003043006,0,2
0.5260458332423129,1122.0248442756429,0,3
0.0004251381866148786,8.191361388902573,0,2
0.0015947787684097848,27.449567083348413,0,2
0.6432729829016557,2840.0673752988305,0,3
0.000419043508363119,18.08995520141195,0,2
0.0026915455990269422,61.0664598088133,0,3
0.5078212065086019,1470.1654963923474,0,3
0.002309668902014408,24.451504596242337,0,2
0.3119880415328383,1011.3022208142315,0,3
0.0011920475465333627,37.30785348977681,0,2
0.0005666393672719102,11.727921310495216,0,2
0.0023765923780595527,42.21550356877441,0,3
0.0005141050229690327,7.300183160445654,0,2
0.000908519427336714,20.612716022734624,0,2
0.0002648135972024889,8.287946999482136,0,2
0.0014113059897780174,15.687267068182871,0,2
0.0008588362068725107,11.391839608402039,0,2
0.03929774714010041,245.33812121518528,0,3
0.23157992043822745,1276.834405694943,0,3
0.32639964326053195,1166.3398739796064,0,3
0.0024570016306212543,26.011254951613733,0,2
0.0021360776108588046,23.743412273888733,0,2
0.0016596568420987644,28.56625804465325,0,2
0.0010604724552330468,18.253008114090285,0,2
0.0015427019206899774,31.929808933871414,0,2
0.06517867791653871,292.7939760286105,0,3
0.4924750931978921,1795.9558949774419,0,3
0.4123550287852185,1819.7930170723982,0,3
0.00035507048863410174,11.11274278197072,0,2
0.483270280950809,1436.537249834926,0,3
0.0006738284035114989,7.4398145804739215,0,2
0.07042999000694795,236.61715994095798,0,3
0.0003922856254710188,6.96818494199333,0,2
0.17703323194399462,657.9221658789664,0,3
0.0015787538211852825,28.043466009463682,0,2
0.0005812042098358159,25.97985233048893,0,2
0.0017219687305430225,30.417396736558313,0,2
0.663924053370213,1406.628860923482,0,3
0.0006155867828987636,27.516754775104676,0,2
0.0908689183107155,307.32445563021093,0,3
0.0014146769335450604,32.0965441328642,0,2
0.0015405999000094798,16.30969075402882,0,2
0.0016463835963708641,34.075742668726484,0,2
0.0018550760023503354,24.60623819893017,0,2
0.001149227237808462,35.96769402303285,0,2
0.17146948066543688,650.1156731841506,0,3
0.0007648355561186223,10.994258675347243,0,2
0.48480751974489267,1281.8703825529744,0,3
0.0010559986039140933,47.20318147495977,0,2
0.0007540303377035668,8.32533308381225,0,2
0.00021553026287018479,12.518202489120283,0,2
0.0017958763989047717,22.49492517733147,0,2
9.855021471602482e-05,1.4166268087710947,0,1
0.003117814999214214,55.38187004267498,0,3
0.0005534844044509269,17.322559934947716,0,2
0.0014774570462018817,33.52091503251998,0,2
0.6709200119642247,1669.7374412325019,0,3
0.0003366403116529805,7.6377795973492395,0,2
0.27908004675246045,748.4577185032009,0,3
0.0005326998132696178,30.939711387268545,0,2
0.0013045259594623188,17.32272572763857,0,2
0.00021806896619680735,12.665652790898116,0,2
0.03818590830690426,180.07901242283583,0,3
0.02559781505142424,151.0365553148329,0,3
0.0031737138813850685,65.68739980441448,0,3
0.1638343484122572,999.20205529994,0,3
0.0002543323118816669,5.770355110171371,0,1
0.0006966467027205292,7.743524761391304,0,2
0.5214856602826771,1111.5823419322676,0,3
0.00021467434312467178,9.595952058054067,0,2
0.0009051915281889817,18.735046709935062,0,2
0.001953149769452607,33.6179015437204,0,2
0.0012858193252072376,14.292429354125597,0,2
0.0033664919815761716,59.4667721879903,0,3
8.772132492298818e-05,3.4023650088645248,0,1
0.0004217764936961559,7.259679139970343,0,2
0.24520336303024368,658.8099815958477,0,3
0.21557717008896962,648.9202449557697,0,3
0.6820929061971707,2527.3850450258324,0,3
0.005656075736681556,128.3264611138438,0,3
0.002218868036296541,24.49876954215516,0,2
0.002040439890432642,28.97381714345785,0,2
0.0006759090265822449,13.98951138000635,0,2
0.0033112564669926523,68.53416392638862,0,3
0.0721948866837752,246.65402467997015,0,3
0.3110258887821539,1163.8707430351583,0,3
0.0011714929671478014,12.402109083989108,0,2
0.00029330920473044067,3.6739547433540976,0,1
0.0003244034736726397,7.360147156351919,0,2
0.0017050390683210992,24.211196036513712,0,2
0.0011660752645735978,45.22747098690885,0,2
0.006442847607499708,114.4445545977671,0,3
0.0015914034486812514,22.875899311521778,0,2
0.0024525819119209434,27.079230517780722,0,2
0.5523568286295591,1596.072405063207,0,3
1.2231437678564683,2603.809949011494,0,3
0.0006483852289174721,13.419842289183105,0,2
0.3438917363898571,1286.665701463282,0,3
0.0007480101027360597,32.29132292624201,0,2
0.002889721568990439,124.74822466953107,0,3
0.0002777109793415347,15.228187288693377,0,2
0.3031475938282084,1344.2667653491121,0,3
0.00021655336342221322,11.8746301785006,0,2
0.0008400891147876083,37.552018339300524,0,2
0.34659282401648367,1231.4923805044825,0,3
0.47433292915155484,1179.5960447298323,0,3
0.0021433894260525026,48.62975544162807,0,3
0.6594587701683977,2436.1211912814792,0,3
0.0021484715808429066,26.9114887228088,0,2
0.3836009259458875,1117.3129075147287,0,3
0.0015731450851318247,70.31965067442407,0,3
0.0005657853843685049,8.034033418969383,0,2
0.0008404106481161224,37.56639089244581,0,2
0.0013816478699833256,28.59642028754791,0,2
0.0004935287259453582,8.717846492621346,0,2
0.5373839372047712,1505.97944214744,0,3
0.002020821322286424,28.695237603452643,0,2
0.0018541569551803363,101.67206728040476,0,3
0.001451816445997748,30.04872237860921,0,2
0.0006689099536068974,36.67945025777942,0,2
0.0008827423374142396,51.27051384021409,0,2
0.0021246766407557118,30.16996127495796,0,2
0.0014953380283811999,26.561748012165346,0,2
0.001972738982224001,33.95507395956246,0,2
0.0014478650719667733,20.812582522947093,0,2
0.1864613599082413,1026.0817910140327,0,3
0.000654557407530103,29.25874331547523,0,2
0.003911678697152943,69.48330202690778,0,3
0.00100818191090559,10.673202815717973,0,2
0.0003695614319037248,21.4644791647031,0,2
0.0022709306058987105,32.24673680871819,0,2
0.0035203950060609616,79.87160248241324,0,3
0.0026925259080432164,29.728478948901806,0,2
0.002226455235710789,24.582540657372217,0,2
0.0015188781212284498,20.146817056950223,0,2
0.060810859741804356,346.419098477691,0,3
0.03203490655073893,96.41723687812247,0,3
0.6047485604566826,2146.1114235164496,0,3
0.0009635770827150145,10.710569604900867,0,2
0.00024487135031414945,7.663808786765047,0,2
0.002550242149121178,28.34702748487102,0,2
0.0013054305190291651,23.1884134795798,0,2
0.000707389275584534,27.436846411152636,0,2
0.0014748022312661682,25.38451325269363,0,2
0.0008790232934452845,34.093854581206095,0,2
0.0006125168511600976,10.81969012508653,0,2
0.0006052258634096242,6.727343201718924,0,2
0.00048773716447153396,11.065902789175576,0,2
0.004950467195032209,112.31743802132665,0,3
0.0023080782671765676,126.56268834910591,0,3
0.0020004937906036124,35.53484961753994,0,2
0.001114054754312393,43.209800095465006,0,2
0.001177498885233617,26.71538924550888,0,2
0.0012514324761627447,13.248395437152316,0,2
0.0067498325760221535,74.52565453333625,0,3
0.0019353898063169033,86.51200476378278,0,3
0.0012636377090802873,15.828169318529424,0,2
0.44275318792913315,1064.685258523128,0,3
0.8867712971463488,2470.130501939967,0,3
0.15526879988092462,568.5379514640396,0,3
0.4900938224381311,1417.656652862449,0,3
0.002196248230355243,29.163854845737458,0,2
0.0011107714150138642,25.20145971008081,0,2
0.0014690879627404314,33.33103517352,0,2
0.0013157949622982538,13.929774324054854,0,2
0.0019262510442526924,33.15491672321902,0,2
0.002124513435313097,94.96583883858288,0,3
0.09007345155296778,546.1842121970408,0,3
0.0011678051374354173,20.100434050972734,0,2
0.00019007419020269358,8.205433366913853,0,2
0.0015927098813519021,17.585287494555075,0,2
0.0005356984894435193,6.710092879994717,0,2
0.22163849653416448,963.7213280273475,0,3
0.36689266171965,1335.2338855294524,0,3
1.1386975007184374,3170.378796826165,0,3
0.0006373917705680882,12.280962998427022,0,2
0.024422548917951974,74.68181782222737,0,3
0.38932469619551696,1681.5890706039077,0,3
0.0006990373532689833,9.282477099224613,0,2
0.001057602331396483,45.65630635970273,0,2
0.001954889481972131,24.486703346474123,0,2
0.0014210260039773622,25.101449851714133,0,2
0.09103438052238468,298.1410685813478,0,3
0.9306215828936045,2587.802008625541,0,3
0.0008734101891315285,50.728493799474684,0,2
0.5434437831068171,1353.8421910347795,0,3
0.0016445170912956853,18.15729667954167,0,2
0.0001604563027282273,9.319454546470531,0,2
0.0004916623840842922,8.733418200595809,0,2
0.0024292021357031237,32.2216051033647,0,2
0.7103133517907521,1693.6390968802948,0,3
0.1405434877383087,657.9455033721646,0,3
0.0023183576978775882,33.32562670307599,0,2
0.0018810810856743853,33.41371705916124,0,2
0.00193523059822754,40.054104046717335,0,3
0.0663067532602716,195.45344994911468,0,3
0.0005858162634486783,32.12303596246327,0,2
0.001976075021755897,20.919884852258612,0,2
0.0015523470329550286,17.139636782225917,0,2
0.00077485769803639,16.037484570043098,0,2
0.16534217734330353,769.1589507707821,0,3
0.0007175623346987409,39.347287060862094,0,2
0.5201060771533385,1462.000460619632,0,3
0.0005089538607131108,22.75025872247911,0,2
0.0009158899946805971,12.148616738383945,0,2
0.0007347851968733468,13.052018254058416,0,2
0.000268341385871339,5.553949901151362,0,1
0.001196617276929243,20.596352840159515,0,2
0.0014448640739015126,62.374254337233765,0,3
0.21115277179314812,697.052853690732,0,3
0.6965669886597106,1859.5499980862378,0,3
0.00031883006868185733,5.663391007447835,0,1
0.0010658409674507653,33.357930036175965,0,2
0.001008877941812852,19.438582745255736,0,2
0.0003341235266182016,12.959336815788017,0,2
0.0013174803138321577,29.891322912240526,0,2
0.5272671406953107,1473.9912068539645,0,3
0.001956213735398671,33.67063897692653,0,2
0.0008119035433778263,25.410377742279795,0,2
0.0005982505502754531,23.20378471914457,0,2
0.002100676618310046,30.196533032745602,0,2
0.19566450850464048,710.2284743942104,0,3
0.0006246437089206044,34.25212575570786,0,2
0.000907543910977412,12.051223773369646,0,2
0.0012607041254419752,18.12220569154188,0,2
0.0014946915690597874,16.503056372886608,0,2
0.2944020475460547,861.4578715419472,0,3
0.00042088564779255356,23.07912163539534,0,2
0.0019414958915513843,25.752535372799045,0,2
0.004259086881089242,96.63122851803362,0,3
0.048697943897534735,154.48322896510336,0,3
0.004154431217865288,94.2567746524403,0,3
0.00204856260187524,64.11445049961219,0,3
0.0020047418727335326,22.28355961649859,0,2
0.07535476931959688,437.75375778288486,0,3
0.4764663461824662,1686.2736165822316,0,3
0.0006042316006254331,8.014694100658426,0,2
0.0008017180360855814,13.799288935483728,0,2
0.0007148828816812265,7.568167910109584,0,2
0.0011202438999506725,23.186056363216345,0,2
0.0004898146155933101,10.137854162985144,0,2
0.0021097674276937027,27.984535299040253,0,2
0.0005655405388145535,17.699884225240744,0,2
0.00048456600922305984,20.91853763160126,0,2
0.0015541419424794844,26.75012004936237,0,2
0.0020413878878308917,35.136669035306916,0,2
0.00032470855389033664,18.859381385327286,0,2
0.0028515521490416968,30.18819728572629,0,2
0.0021292941259777776,30.607900259891064,0,2
0.0019678220124975283,33.870442352328205,0,2
0.0013535077480678365,30.70872235201339,0,2
0.001034918967100951,14.695631589873143,0,2
0.0011334206924190108,16.2925483533785,0,2
0.0009830218267361697,13.039071818497712,0,2
0.0006234354376446536,8.278563578497035,0,2
0.00022553365472583823,12.367061403952595,0,2
0.12748926920897014,498.779624708411,0,3
0.0022570001919458025,25.087518256450394,0,2
0.0012733831071571225,13.480777643182511,0,2
0.0006486941817408992,37.67677453925711,0,2
0.000342467908140371,13.282982539750456,0,2
0.0008866860247931153,11.106519243568645,0,2
0.3423777618383993,1891.9491310479548,0,3
0.08048887125243925,317.48898952291427,0,3
0.36411327065228255,1194.7042117733968,0,3
0.32591188312088126,1449.2865950362557,0,3
0.0019241595754527657,60.22097335018826,0,3
0.0006519753087687772,11.581062965687684,0,2
0.0003458793118683204,14.931483561776606,0,2
0.0006520316199865128,12.563036688914071,0,2
0.00035301036549065446,15.239328542052748,0,2
0.07375393886210337,283.26777474297995,0,3
0.0014157741080347847,20.35128550846206,0,2
0.001054049237805773,45.502920607150585,0,2
0.0015159091038494607,21.525590333231744,0,2
0.0020358112750579064,25.500319696569353,0,2
0.002113950596519988,94.49367950561238,0,3
0.0018060511489895491,19.94081223247935,0,2
0.0019086689785453583,21.215668485830165,0,2
0.001295404298067513,26.811408720430087,0,2
0.0004490863896783342,6.376932247387489,0,2
0.0006000087132813115,10.657978293065211,0,2
0.0006401710870414198,20.03561786875756,0,2
0.001787086792700079,19.864230715493534,0,2
0.0006480602875688522,25.135708426596278,0,2
0.0013284621531006497,25.596180089521518,0,2
0.0011033207021525677,49.31848123259874,0,2
0.004906535449425437,61.45865488407827,0,3
0.000694718390266271,38.094647121832764,0,2
0.0027965297824712014,49.67486814398033,0,3
0.0002654007194226758,2.9303189532220366,0,1
0.002477111414055551,26.224148869717876,0,2
0.0005666854242772489,21.979497690979244,0,2
0.0015493131150718395,27.367553692703797,0,2
0.0014938156421211953,19.81438144245924,0,2
0.004020165695937024,91.21052490600988,0,3
0.0021261540201772517,40.96572948766116,0,3
0.5632843948254741,1999.490515037313,0,3
0.0011923075110627812,15.832583358982623,0,2
0.6552794854241331,2978.052180855783,0,3
0.0012013929915495904,21.221783306692586,0,2
0.0005703784864457707,10.98978275307218,0,2
0.0012496191992960445,13.797184996230582,0,2
0.0015062388612778748,16.74248636120237,0,2
0.4037703739180093,1788.5989243560282,0,3
0.0017044807001225441,35.27819752894523,0,2
0.0011729889621818446,14.692714350613532,0,2
0.2733943412505007,1519.7035622187623,0,3
0.001769822396348469,23.475410926116634,0,2
0.0007344965545623884,42.66025789200244,0,2
0.00037592284140967945,4.99185794599172,0,1
0.0042286880077567705,95.94153127595024,0,3
0.37500813412845924,1707.4674688319046,0,3
0.0007832902398509081,13.91361523376205,0,2
0.0008784954226320978,15.518019187853866,0,2
9.317181038304647e-05,1.6458161352272596,0,1
0.09223437693238361,260.0079612311462,0,3
0.000667752526548053,38.78370131708561,0,2
0.0020096950765931426,34.591167699721694,0,2
0.0024510797020947423,55.61070938953406,0,3
0.0008527658956770628,49.52945361705967,0,2
0.0007505916180460273,32.402765999281115,0,2
0.0010950460680391114,19.451346230026118,0,2
0.0035601518814829046,68.59532165955594,0,3
0.0019968280948196625,25.01202121279367,0,2
0.0012588284634213846,26.05438664365363,0,2
0.44894510917329267,1189.3995667173908,0,3
0.0022399984902059344,122.82955688725511,0,3
0.0009716000797693531,20.109526338888948,0,2
0.0012110710585460152,21.51230268432999,0,2
0.20141998433375055,785.6372363018866,0,3
0.19178203770664695,1164.1659710080492,0,3
0.7196596892204647,1540.4564833871884,0,3
0.0010277404567176837,10.880261010251019,0,2
0.15606233011641793,955.0355286001463,0,3
0.002440851059337679,133.84323934016194,0,3
0.002412878077029248,107.85575030573531,0,3
0.09151713188771032,284.10056538004693,0,3
0.0036462129587505115,64.7678237099802,0,3
0.0004111147692939194,22.543338829454203,0,2
0.76278981394662,2480.0221297395356,0,3
0.3344662685531582,1441.7342507851915,0,3
0.00473148955053826,107.34921844839697,0,3
0.0007474795970354197,9.362836783838848,0,2
0.006713111355567369,118.58250839119155,0,3
4.304490140115705e-05,1.858232671442236,0,1
0.000745727319166771,32.192775993336966,0,2
0.0013787192009054822,43.15016972310365,0,2
0.005746193262753845,130.37107008719823,0,3
0.0006995337970167032,14.4784810221401,0,2
0.005207143828951231,118.14098169628576,0,3
0.0020244477597412855,28.74673225232322,0,2
0.03281422920789005,96.13111419944508,0,3
0.34187439729807345,1252.7637420786132,0,3
0.0005823081171240084,7.723894987035645,0,2
0.00013455723906018622,1.9342158991347729,0,1
0.266942653522644,880.919671344205,0,3
0.4764945581474517,1410.786340835433,0,3
0.0004679193007509338,14.644604376916156,0,2
0.0020819318091258748,27.61531600019387,0,2
0.0008176061366075715,35.2957582886928,0,2
0.0003578260901805151,6.3560788658885485,0,2
0.0017529868959707256,18.558143596511655,0,2
0.0013286753473325315,16.642822713989613,0,2
0.00046640000340771455,4.937582965707711,0,1
0.000881648460544053,11.707359565687934,0,2
0.0013519555030820324,19.433914126421424,0,2
0.0008357921127717325,45.83037681073464,0,2
0.0009165866357293359,11.48105059003379,0,2
0.0001668303727183826,9.148086860741877,0,2
0.0014238212100335674,78.07475276423966,0,3
0.0006971518823992301,7.697331713013969,0,2
0.0011402234033532155,20.253833008064795,0,2
0.44036041234199313,2003.3958146711898,0,3
0.4660131328629424,1784.0292763683417,0,3
0.001474958498446754,16.285181338680125,0,2
0.8520988884570679,2519.4541740459845,0,3
0.0034577624225528235,61.07900193657114,0,3
0.0039005059958573756,69.28484089584879,0,3
0.4257956922752648,1374.4953240156763,0,3
0.002098247764351042,27.83173531681749,0,2
0.0013505662306985758,30.641984470154053,0,2
0.0016220160700705373,23.032286929074456,0,2
0.00034067536616626514,3.606588491699323,0,1
0.00010120512339798626,1.1174170586327201,0,1
0.007616372895810134,101.0256644195362,0,3
0.0017447469577425382,30.819758499227863,0,2
0.10624970227319146,652.6313865505283,0,3
0.0005205367580771009,30.233269582954602,0,2
0.0008309141077103884,37.141895141698946,0,2
0.004785737373089254,108.58000661588093,0,3
0.0018188268602749033,25.826958741745035,0,2
0.003437867358357887,36.395272690749934,0,3
0.0024447249496254045,25.881286833008154,0,2
0.0009262125747505295,10.295247187540253,0,2
0.0004572301841329454,8.809694809984748,0,2
0.0008147568954494455,10.205543884884037,0,2
0.001460864440553279,15.465564588725915,0,2
0.000629268700649313,10.83106557102496,0,2
0.1398064140035973,399.7407687744495,0,3
0.002464754594974954,32.72933552988548,0,2
0.0011158973310218577,13.977591655099001,0,2
0.0008344005483026766,14.7391134721248,0,2
0.005161215350108831,99.44385489179948,0,3
0.0009703240064444385,17.235903361083754,0,2
0.27772206643841746,1676.0945630508909,0,3
0.0008343810384101377,16.07645898874905,0,2
0.0007509188337559822,9.405916236713983,0,2
0.41398634859973804,887.5415755530528,0,3
0.0004568774847271601,26.53587849043413,0,2
0.35451127127199694,1568.145539155671,0,3
0.00040981881444826247,23.802666200080267,0,2
0.00016463273193595453,3.172065568768481,0,1
0.000744391668077284,43.234975488421384,0,2
0.0022751089168754563,101.6974631221272,0,3
0.00028663756760454915,3.8062438932971556,0,1
0.2999916140459534,724.0018765106718,0,3
0.001617763503809336,33.483383201934224,0,2
0.0019251813499677362,24.114582967251643,0,2
0.2810729003554067,1085.3046544975462,0,3
0.0008611366787721811,47.22013748465755,0,2
0.001898680836533003,36.58288383375576,0,2
0.0008689003882590083,38.839883460669405,0,2
0.0005019457330557717,22.43699512498673,0,2
0.6786064361015314,1443.5782893577655,0,3
0.0012547891975002304,15.717333959233247,0,2
0.0006595546582198479,36.16645581070056,0,2
0.0011399781702719966,20.249476923230496,0,2
0.0025722720267628706,28.59189895608116,0,2
0.0007270404953103781,32.498740351149436,0,2
0.00206014619874647,35.45953984600933,0,2
0.0022560306272934043,97.3920181705478,0,3
0.000860499374046785,49.97862139001285,0,2
0.6904330165924728,2512.9008608385743,0,3
0.1171558903102943,523.3089813290601,0,3
0.22497491016065868,562.8085185222641,0,3
0.0015410366283447384,20.440733588426717,0,2
0.0005399176436464273,12.249786553021238,0,2
0.001202296535580101,46.63235155793668,0,2
0.23342263044577732,1412.7932587768498,0,3
0.2154579488852899,711.810224613877,0,3
0.5224619397091693,2013.0919927375812,0,3
0.0005157368618448316,11.701166926971931,0,2
0.12726817696615955,423.64602818573536,0,3
0.0017155247648630281,18.941300325542375,0,2
0.0008519703966743088,15.049472794592045,0,2
0.0013773192422739135,31.248963488722673,0,2
0.47052201394356613,1756.8828614700037,0,3
0.056891759427320804,226.10046204213845,0,3
0.4329716541045989,1976.3513558024497,0,3
0.0021937763146364746,24.384757936844963,0,2
0.48595419412940216,1819.8408221808963,0,3
0.3145667162323703,911.0961635263409,0,3
0.0014897501090171542,21.15413811036465,0,2
0.0012906497340518593,29.282584006834988,0,2
0.0016250823852135216,27.971157399697873,0,2
0.31156466150714696,1108.4334983598528,0,3
0.13173978652084187,518.0141239717716,0,3
0.5158018191800157,1101.6327418186518,0,3
0.25369104053449776,757.0033914127195,0,3
0.0035197393501066386,79.85672679611702,0,3
0.0014504085740553692,15.354872676344726,0,2
0.0005682578306034324,33.00495482533014,0,2
0.00041980378260795306,16.282536792373087,0,2
0.0009352146124387857,36.27329473117278,0,2
0.002176930428394364,23.046257551963414,0,2
0.4640711235559169,1159.670067665353,0,3
0.0007161644209842416,27.777199770861635,0,2
0.38074116181106543,918.9295987879126,0,3
0.03197331828471677,113.75907528568838,0,3
0.0010241412622211605,18.191861384966185,0,2
0.3556552644672412,1577.836413992562,0,3
0.0005439107979619951,5.758157528429414,0,2
0.0007138913774602678,31.910974236863094,0,2
0.0011975685785858203,21.272457603528913,0,2
0.0005174289154371753,9.1400269497672,0,2
0.0030565860322013094,63.263166195111616,0,3
0.0011867326589904052,51.23081543739375,0,3
0.0016387853439788342,28.948019258248642,0,2
0.001131281013759395,21.796987209953347,0,2
0.311443294699255,1139.1038017605001,0,3
0.34041125968417446,1283.665202360433,0,3
0.6247866333140404,1658.9201677171775,0,3
0.001913901660345743,25.386517902300746,0,2
0.2797676182838443,793.5978440307005,0,3
0.0005033384616878291,27.600393698365757,0,2
0.0029332185005219564,36.74113137087037,0,3
0.0013116610381013318,41.05143119504206,0,2
0.0008880412355682063,11.792248860208028,0,2
0.004114112242544071,85.15113391327151,0,3
1.2452120166359884,3460.619688009883,0,3
0.0006432664697640723,27.76957854819892,0,2
0.42441613115560056,1928.661251632017,0,3
0.0020372013571748416,39.25183167255365,0,3
0.001034508314474245,14.870715567730906,0,2
0.21316952904326048,588.6731632285373,0,3
0.006719362679925066,119.356302668054,0,3
0.0015166511353619393,34.410160331318174,0,2
0.0006732507720476884,30.094337486178258,0,2
0.0011152519899131777,14.8093674934854,0,2
0.0006281108047559851,24.361946489837663,0,2
0.0003438392128338099,18.85430652632124,0,2
0.001701402510466003,38.601845743036286,0,2
0.0010948833326561603,19.44845555503988,0,2
0.6736419540518066,1993.7723096535174,0,3
0.4639035677042269,1651.5213373105357,0,3
0.0008618685204345155,37.20654923177376,0,2
0.0019091207237880762,110.88354590347892,0,3
0.0038368051526527992,79.41161788785807,0,3
0.5228320733852695,1941.9385278597765,0,3
0.18448891892513808,1021.5140087109443,0,3
0.49953780388560753,1255.182299163091,0,3
0.000260007402725356,2.8900930030763834,0,1
0.00041710968558781285,24.226126924488824,0,2
0.0009445495044519907,36.635358459406945,0,2
0.47174705693050606,1268.0194462257812,0,3
0.0016884853385356593,32.53293645046809,0,2
0.15545394413685207,600.1506322769345,0,3
0.005780111059819942,82.07636093636242,0,3
0.0005451152333605431,17.06062759023635,0,2
0.00011428901772241643,5.108723841253289,0,1
0.00167279944220019,18.593878146460096,0,2
0.0020108419179726998,22.35136421698063,0,2
0.0008888890105852477,51.62751845926133,0,2
0.0024351278158988897,27.067482650715057,0,2
0.0004286956484180575,5.6926250369436895,0,2
0.0007742408992556115,10.269744186383809,0,2
0.844862985483085,3073.953952829192,0,3
0.00042212669615590933,18.223055292299858,0,2
0.0008769761123054497,50.93560600616594,0,2
0.002564630129946434,49.41407966791237,0,3
0.0020751142023361724,22.911567423152874,0,2
0.0031153515790211072,170.82924639114086,0,3
0.0011084540258676284,19.689512310497136,0,2
0.0013980731128034037,19.852344052615916,0,2
0.002544516599758669,45.198348101083624,0,3
0.000711678349512421,41.33495485822012,0,2
0.08183169770635973,376.10621694424447,0,3
0.0002717585966775318,14.901790405731354,0,2
0.006132289072725905,118.15404383191716,0,3
0.0001440136323796496,6.437415351581052,0,1
0.3563930259701346,771.8636926555508,0,3
0.002988664113952828,52.79270201250987,0,3
0.6439518855270332,1905.5795553052767,0,3
0.9748660070380122,2083.8022886769118,0,3
0.32806056042074067,1208.5326407903317,0,3
0.0013506090389113338,42.27039793186811,0,2
0.0013260255037692071,27.44518588390349,0,2
0.0013873222723380023,28.713865258976803,0,2
0.0008306631228815667,11.940508220325583,0,2
0.44279835789079586,1566.9970529889513,0,3
0.00032142781310004085,6.193118991524913,0,1
0.0005905937902412991,11.379281659990255,0,2
0.6374083147906826,1696.08900999897,0,3
0.0007315555360511025,42.489440741973254,0,2
0.0002698723001041803,4.767109108820887,0,1
0.0003034041986053365,17.622004184528244,0,2
0.00043362847600501685,6.233266217890575,0,2
0.6058377702751141,1967.5013633191825,0,3
0.1455782848490555,563.8539602441232,0,3
0.0009263385044880979,50.79545746631959,0,2
0.0019129662452201225,20.25177846775394,0,2
0.0005685744630704987,25.41530212527431,0,2
0.11790066547382158,392.2301304399462,0,3
0.002036465858976786,22.484846752225533,0,2
0.1870815510209853,570.9251732098141,0,3
0.00226041382167957,101.04059175624455,0,3
0.0012188029596388538,27.652506417337403,0,2
0.5260282960674292,1963.3520017439391,0,3
0.00019490007313509888,8.413764970463768,0,2
0.0005344202530026303,23.070727126423836,0,2
0.7440642643376403,2757.363819197512,0,3
0.0894685156961196,293.1792228369604,0,3
0.0021892804707163618,27.422655819182015,0,2
0.0006146127944914656,26.532609852365802,0,2
0.06360120839887463,253.62311050312275,0,3
0.0005088389932046002,10.531607962126479,0,2
0.0006550047443670433,20.499871090729545,0,2
0.0007558955189251739,13.427001732144177,0,2
0.0008488108515678069,15.077460427956186,0,2
0.0006860311852424176,7.62552876410067,0,2
0.0036306425150161286,156.7335112898837,0,3
0.0023690121215300475,137.59447532597974,0,3
0.0002218258256214527,2.945612472235667,0,1
0.0005737409488451158,7.186608011171048,0,2
0.39043787647094313,1448.2573986601121,0,3
0.0025243241180698457,35.84487136853035,0,3
0.00010428473688631638,6.056956621696437,0,1
0.22498945213589921,1020.8052512556847,0,3
0.0007799608998001191,13.424801900768017,0,2
0.0018935306535205422,23.7181302665957,0,2
0.4699565366465891,2128.435513627295,0,3
0.0010070400520171706,43.47355122664757,0,2
0.0014987360975374448,21.543836724886187,0,2
0.0065823843998331555,116.92315210952783,0,3
0.00027704622973553786,12.383977981304087,0,2
0.004230385652581834,132.39959143471944,0,3
0.0013108450202723905,18.613723491129875,0,2
0.0017392365223672624,29.935995224048813,0,2
0.017862717658222727,79.9504222033912,0,3
0.00036271462875340257,19.889333551385466,0,2
0.12274612613237756,465.2222428899842,0,3
0.0017344965518177999,19.150769941943533,0,2
0.0005983642341591557,11.528998896143927,0,2
0.00033513253208683616,14.980438110072184,0,2
0.0009597829368334852,12.74490281487891,0,2
0.0002896038291568886,3.1975481880762398,0,1
0.0018168910514623701,26.117209176403474,0,2
0.0009579555645667115,52.529168223944616,0,2
0.001846987488877609,26.226833743015774,0,2
0.08843979974853396,541.1135338248833,0,3
0.003922994176464234,75.5863952891362,0,3
0.0021855157785557054,38.82140244199641,0,3
0.0014257656021043044,27.470976897406512,0,2
0.0005331014897261391,9.175821370547942,0,2
0.0024392913655144734,32.39121075982293,0,2
0.21615953926413708,1306.7823586769236,0,3
0.001432087829624034,55.54505162126974,0,3
0.0007185649300430549,39.40226403625639,0,2
9.85105981462355e-05,5.401795211874515,0,1
0.45446511342706253,1610.285610961372,0,3
0.6009282445070816,1934.0779198905882,0,3
0.0020398934005757953,22.522690621422207,0,2
0.0006545010974597928,20.484108309218918,0,2
0.13740189010448522,407.8190940614309,0,3
0.08308888221773497,221.2933729900486,0,3
0.04834304139886515,147.62016530690494,0,3
0.406756151119796,1750.8020892585678,0,3
0.0016626010563748485,17.60126628375645,0,2
0.0019036957432991516,27.032079024603593,0,2
0.0013050870894915014,18.53196208548768,0,2
0.0023262255749364035,33.03191373520514,0,2
0.0005309926129690476,7.043232029326433,0,2
0.25387502216643304,674.1439552080568,0,3
0.0008213602746156209,31.857332985758443,0,2
0.0008944196957109655,15.39488355652452,0,2
0.3112802963849585,1018.0730396353052,0,3
0.0014767618029646263,18.497735302212128,0,2
0.6164121777887257,2236.8879668236436,0,3
0.00167237580313518,28.785178675599266,0,2
0.0006512982100539882,11.210240731990925,0,2
0.0011644789532657205,15.44596904137296,0,2
0.002304754123227995,40.711901036865555,0,3
0.002029849655404055,22.41179651042618,0,2
0.002515781995362665,52.06996721393629,0,3
0.0011539838981901047,44.758494464624505,0,2
7.254500568105527e-05,3.242764768411961,0,1
0.0007632930701748782,10.135725095034816,0,2
0.0011850913420664271,20.933825847887096,0,2
0.000755007346695852,29.28376401164494,0,2
0.0001923562802752573,11.17223555742597,0,2
0.002236505618008694,39.72713695889172,0,3
0.3036978550611026,1075.4714590043222,0,3
0.0012180097880396573,17.29548272559998,0,2
0.003242197819643185,57.59128695749346,0,3
0.6644284418033175,1964.9872885884379,0,3
0.4011407773514233,1304.757548009836,0,3
0.0004804851021955233,15.037879863820782,0,2
0.00040797415915282093,5.411481430628051,0,1
0.002156067817961271,27.006638247414777,0,2
1.0505889953396497,2918.0691528780467,0,3
0.029726655231550214,121.53156378116327,0,3
0.0015061548055635369,31.173381274437673,0,2
0.0018094250311948942,26.00988759931497,0,2
0.002696500513594359,104.58664414716802,0,3
0.002554043055666222,28.389276179700612,0,2
0.5548629211616103,1605.7148513919826,0,3
0.3330084173037685,1241.3557196067577,0,3
0.0019694663398247157,21.74509758630334,0,2
0.0011169542930542413,13.990831030508271,0,2
0.09196979830425929,269.28285897672146,0,3
0.6864389565425761,2216.8290427073307,0,3
0.005796197955808461,102.95809148750186,0,3
0.0011352478684703903,12.618763493012239,0,2
0.000438133147593092,5.817945049610452,0,2
0.001361799448134683,18.063282343968055,0,2
0.0013913780480245147,15.465759509460215,0,2
0.0007999498345773191,14.209540267907524,0,2
0.10901322022165791,427.7347806133235,0,3
0.0017185624090453905,18.974839293861997,0,2
0.0017324487531056362,22.979676645240893,0,2
0.0006093079479561278,8.082028167532947,0,2
0.000220687309109953,3.1337133576023946,0,1
0.8117833592086676,2409.6549712412657,0,3
0.0007252049925552707,31.306834649248472,0,2
0.0006684289015599006,38.822985820542975,0,2
0.0004769242602658002,6.333050019829835,0,2
0.554891049993082,1787.1395337848344,0,3
0.0002714180972461346,12.132400225161494,0,2
0.0020030443527833254,21.205397949395437,0,2
0.0010846531991385079,19.159654931346555,0,2
0.0017563881189212917,30.231211030480583,0,2
0.0010500899802516632,18.54911937240982,0,2
0.0007825139556708353,13.468745474496831,0,2
0.0020742183248454284,35.70175135334202,0,2
0.002959356377061943,127.75433390003334,0,3
0.11235859656283988,530.545042148863,0,3
0.003802988123638622,67.55262710913651,0,3
0.3530587955493889,765.044312817137,0,3
0.00037708578059504985,16.85575006167624,0,2
0.0008185371399097232,11.623055169659848,0,2
0.001650129718561653,21.887774335185206,0,2
0.0016662452698241372,37.80418947318842,0,2
0.0017850996891079702,30.725398805938216,0,2
0.20995120252963836,786.839458920739,0,3
0.0016547965573040673,20.72777656801011,0,2
0.3976165388948991,1183.6592801755992,0,3
0.000926424890795225,39.993424161188074,0,2
0.0007425462643152945,7.861028643106675,0,2
0.0007564769885428183,10.874107025298292,0,2
0.00023861559680631172,7.468020677459093,0,2
0.0038119156760162676,54.12840058707028,0,3
0.0008164939307978127,47.42274342708419,0,2
0.0007744608387651295,8.608462019968064,0,2
0.20338477784791958,886.1886674878051,0,3
0.44682743484151555,1715.7449792078155,0,3
0.0002026511566142467,11.112307387014914,0,2
0.0006801367319299452,15.431112302133384,0,2
0.0012248997851171477,12.967504866003237,0,2
0.0013312496363939727,19.136274127019416,0,2
0.0015446944933701716,19.348651762108545,0,2
0.0007216213377357251,32.25650378237973,0,2
0.3342834332894693,991.3428265179399,0,3
9.6295264910331e-05,2.184771057399758,0,1
0.05885264087609413,245.86988173722366,0,3
0.0005385539002725514,12.218845602230571,0,2
0.0012454838847882656,21.437452093004126,0,2
0.0010205887707379225,39.584622382838496,0,2
0.00076845377364748,13.574208922696105,0,2
0.06737768461966501,283.57614129035704,0,3
0.00039432497902224976,8.946543759756054,0,2
0.0017796445589523579,22.291607161992193,0,2
0.002682955186837709,60.87155838827462,0,3
0.0015262837783147493,26.270621224066787,0,2
0.0002932788309582267,12.660740013085785,0,2
0.08253952971125958,327.31954709301783,0,3
0.0005908694500526568,12.229419301302864,0,2
0.5188832646593295,1450.8234350475493,0,3
0.3318335454191877,1436.1147917941407,0,3
0.0022201872126742634,31.526191301145317,0,2
0.0015934202702321792,30.701267702631217,0,2
0.22698341025649763,605.9155441284431,0,3
0.15534400616525523,616.1676434794801,0,3
0.0008990762166615279,49.30053916699407,0,2
0.0016428394065586508,23.615274228906877,0,2
0.005450392014736105,123.65985738101091,0,3
0.00045861693390541043,20.5001960025203,0,2
0.471934651462935,1765.7887646114048,0,3
0.2525942529293659,1407.536172689226,0,3
0.0011275798798507442,48.677211567343534,0,2
0.00021197142795388225,9.150729122719753,0,2
0.0009942291038406114,42.92050727303322,0,2
0.0035226461287941493,79.92267651807535,0,3
0.0007328455814356522,32.758227942168425,0,2
0.0006845376316961611,13.18934713951312,0,2
0.00045206172542843506,9.356470181090083,0,2
0.000949021582478663,10.54877902144663,0,2
0.0004289366123730991,5.372806840735446,0,1
0.00045078225514083456,24.718491951526225,0,2
0.19940047780410347,1216.7027304389894,0,3
0.005393941881969686,103.92791957306774,0,3
0.0019870280369705022,35.09948761272606,0,2
0.00224224391209196,28.086069321138304,0,2
0.003314791367698355,148.17131187592406,0,3
0.000904871450110336,20.52994980292448,0,2
0.0004944949641218054,10.234724875502273,0,2
0.421590747994595,921.0373090688162,0,3
0.1277598121557313,446.52840120482864,0,3
0.0013256231816977614,19.055395697845448,0,2
0.00010559584502432209,2.1855519271858554,0,1
0.30965491745541535,1019.0793236023899,0,3
0.00016365470690355273,3.713038926504505,0,1
0.003585647542235092,63.33800487494107,0,3
0.5728108196472906,1600.7849324101294,0,3
0.0003912331628005704,4.319648999359731,0,1
0.0025369115426428636,28.198852117147215,0,2
0.0021085695475431894,26.411680799475143,0,2
0.003470694768248476,134.61459281770652,0,3
0.32099812724211996,973.1935172347958,0,3
0.00016704544151023204,7.46693817676081,0,1
0.5999052677398239,2599.181852471763,0,3
0.3495437494935931,1015.0128134397256,0,3
0.2843313874523693,1234.1765328545093,0,3
0.001164329407819986,12.326271459091116,0,2
0.0015356179928260102,21.8054524100245,0,2
0.0003093733518856516,3.2752070779449403,0,1
0.5398040890531893,2005.3461787230767,0,3
0.000927808142529138,16.389094567250584,0,2
0.0036080317061013894,139.94135221384627,0,3
0.0010438520741550769,13.861252089048477,0,2
0.0050148203891946675,113.77749938766993,0,3
0.00014042752742936433,1.4866478608182037,0,1
0.048939696431815984,229.29921480616562,0,3
0.000565709318537883,24.421464657325487,0,2
0.0020192301700963453,26.813242131240493,0,2
0.0007938443745842708,9.943596240592715,0,2
0.3878738336838767,1161.123013895264,0,3
0.0016294158996120799,21.61302054480845,0,2
0.002579540282891278,100.0502170386828,0,3
0.0018782530097166893,26.999267073002116,0,2
0.00036194365556493414,15.624975411696894,0,2
0.0009821910428568783,20.328730984501313,0,2
0.0051262661238655645,72.79190041226377,0,3
0.0012171081419654574,17.495527818484597,0,2
0.002007483032790201,35.65899980046356,0,2
0.00029592932807878886,3.1328807862332617,0,1
0.0017896244188955383,30.80327912156452,0,2
0.0006157863116119134,12.745131778320433,0,2
0.42255097620456117,1567.7438624769816,0,3
0.00043071194186063903,25.016158895241364,0,2
0.0020334341997033834,29.22994545950395,0,2
0.0006532020070823848,35.818110341859565,0,2
0.3351730996201819,1018.239500395908,0,3
0.0003630742385771972,16.22943355125543,0,2
0.001826848595322977,31.44398712960142,0,2
0.002193367209567503,31.145352899854565,0,2
0.0011141442185527305,25.27798272043726,0,2
0.000947363866372562,16.828061492998973,0,2
0.0017318164758769107,18.334021158972305,0,2
0.0005428072551330709,16.988394134600682,0,2
0.0005958758316959602,32.674648972781476,0,2
0.001602414329789707,22.753946341217244,0,2
0.6090250706292754,1722.0113591496167,0,3
0.0006609594926939991,7.346846224873104,0,2
0.0042877305702994795,97.28110370371336,0,3
0.0010665716040521732,18.84025595410879,0,2
0.0011156522975167373,12.318041487342272,0,2
0.11450962857146608,350.5351321382996,0,3
0.0020310979546071016,22.576518690020702,0,2
0.00033458161315729314,14.955812011029229,0,2
0.001648619916392043,23.698367149829927,0,2
0.0012727572939607568,26.342676229496313,0,2
0.00511545146890425,72.63833458717482,0,3
0.0009624725286717609,37.33052204148819,0,2
0.001734650261247037,23.034321771062448,0,2
0.0014572272385524486,19.32906279654365,0,2
0.00040090281763585525,21.983369926529285,0,2
0.0008452949948721079,14.931556399600682,0,2
0.0025720922970665677,32.21770930727127,0,2
0.0009415353272456721,16.724528924021847,0,2
0.0012880074034404589,18.289434137062972,0,2
0.0022739271595305097,51.59142819123715,0,3
0.0011451102522032448,25.980547837684817,0,2
0.1345172626589968,603.4611577961383,0,3
0.00026284503676948665,3.77831064816069,0,1
0.0034645788546363156,149.56460372563586,0,3
0.0009835864498453516,13.966720645007333,0,2
0.003386859977768497,151.39278174073252,0,3
0.12163342202920564,550.7406065946993,0,3
0.02973720048444199,124.83619558653098,0,3
0.4158661361693682,1375.1518780208494,0,3
0.0011644771388828667,45.16548598001703,0,2
0.001774199591439419,25.19326091368645,0,2
0.04595904948850436,147.67305141871287,0,3
0.0005066833684420226,22.648767623615512,0,2
0.00138576105469601,15.300342410698569,0,2
0.03147236981665467,95.20075739408362,0,3
0.0005052387609428203,21.810972772670954,0,2
0.002462419902451276,27.18785286882545,0,2
0.0006456214639628727,35.40243383296656,0,2
0.2036217922547854,527.5121458488474,0,3
0.0019716122710071752,27.996479428681965,0,2
0.3573685895557976,908.0957158178413,0,3
6.821903587327486e-05,1.2117774082562591,0,1
0.0006254375909032847,7.834153741894502,0,2
0.0005678287494245083,8.063048772848502,0,2
0.0004963065011326787,9.562598793606648,0,2
0.002245247946166228,29.81451927412168,0,2
0.0005453486869441925,24.377108967325775,0,2
0.1983320131010988,769.5368641612641,0,3
0.00213615635126897,22.61459934616189,0,2
0.002402513694855019,25.434413824876536,0,2
0.0007896379840997121,14.02637046367146,0,2
0.0015256155798910518,26.94895298498638,0,2
0.0017998161348935639,37.25138637122317,0,2
0.0004762994875829656,6.76335251210238,0,2
0.00029986366135802123,5.296885937950554,0,1
0.7630162156985558,1898.7355755242702,0,3
0.4294271034999532,1394.793188378603,0,3
0.2410699066090663,893.4125865714615,0,3
0.0007983056368080734,43.77481862531029,0,2
0.003055458465191071,54.274228484580064,0,3
0.0007261781002821566,32.46019125755276,0,2
0.0007148827244517193,10.27620320771306,0,2
0.0007507029240807519,23.494964431075132,0,2
0.00041208207665692444,8.528998244096133,0,2
0.001442926825310101,18.07392256589052,0,2
0.0003792035046327233,6.735806716751726,0,2
0.000567670951665568,31.128043949903642,0,2
0.2407867813641183,937.4602280323534,0,3
0.8138957958500641,2268.254184624482,0,3
0.001773701457013979,23.552880369839492,0,2
0.0006272272880124086,34.39379543826211,0,2
0.08328957802047812,266.568590480047,0,3
0.00029436754429456284,5.2288622278780545,0,1
0.002575563388449019,28.628483842819094,0,2
0.35652921517078523,1548.110132722814,0,3
0.13530043778055026,527.451099066462,0,3
0.0009272672991728559,29.020950249851243,0,2
0.001579052655874723,20.96815005390254,0,2
0.0009608816073567062,30.072986880881874,0,2
0.2805527567808797,1095.195765698834,0,3
0.0020667474374276304,22.8191890383392,0,2
0.692272604387315,2517.6642845882816,0,3
0.0018611398806078663,33.05950065191237,0,2
0.8113422836531536,3015.0444311227793,0,3
0.00020082294671806825,8.669453259725362,0,2
0.0017401382072152255,23.107195892213866,0,2
0.0053039912717991675,70.35359870624295,0,3
0.001978045988463095,34.94082588553508,0,2
0.0006118875246733827,27.351397778714556,0,2
0.001150017468471242,35.992426098423515,0,2
0.000868278072441715,14.944930085979864,0,2
0.5139168504747456,1831.7394045448568,0,3
0.2933284093851607,970.7745640430645,0,3
0.0003131596961141247,3.4809033785125245,0,1
0.44009194424149156,1182.0129784832363,0,3
0.6712920373203665,1893.647233241752,0,3
0.0016522103801153549,34.196341527887405,0,2
0.0009147631153595194,15.745037492235936,0,2
0.0006493739623991594,37.71625684589455,0,2
0.001561961119811329,17.36186299361794,0,2
0.0008520819421289141,36.784066220844906,0,2
0.0007813174638480031,33.72918954001184,0,2
0.0008046597900412638,13.849922837908784,0,2
0.6064760193518665,1750.2390914138905,0,3
0.006091059319100293,126.06865762944325,0,3
0.08978641979969045,366.30251402995736,0,3
0.6531133958203621,2388.033794375737,0,3
0.5658291504032006,2114.1461347955337,0,3
0.0024185937750331723,25.604646949650885,0,2
0.001149129227384915,44.57020088730298,0,2
0.001183922208740172,13.159799512635297,0,2
0.1584312432183242,967.8678548028818,0,3
0.0007800660929854005,34.8689867706001,0,2
0.007164663008077492,75.84930910215867,0,3
0.005263928133985296,93.50336177862636,0,3
0.0006760283374281742,11.941576975224251,0,2
0.0005939228936010855,32.56756027523524,0,2
0.0019834132037179694,35.035634062293624,0,2
0.0010755185069955854,19.10447739777163,0,2
0.0005800360630053421,12.005197127279297,0,2
0.0993510351276846,474.47061771728096,0,3
0.0019383206910437937,34.23910574936302,0,2
0.0003352420968298366,6.938615914589394,0,2
0.0010091442347728294,17.925468598550303,0,2
0.5540636930532155,1965.1894167891917,0,3
0.0007379534149002706,31.857179385551806,0,2
0.00029775263287868715,6.755486214028164,0,2
0.0010683317325536732,11.795569850151248,0,2
0.0011208569684071302,15.91593312739676,0,2
0.00030547367342176974,13.187186908100342,0,2
0.0006541565767362766,7.22261574631353,0,2
0.0005155971032954363,9.158571556132806,0,2
0.002465938647657581,143.22406007418874,0,3
0.37974382373310794,1008.5558802818913,0,3
0.001468212952694846,33.311182726732405,0,2
0.0006524286411180082,9.378446373568153,0,2
4.279858858872019e-05,2.346846078127998,0,1
0.0014570982971853575,25.07979053138792,0,2
0.814807173178006,2269.1207457767155,0,3
0.3094395433442653,1134.969429782171,0,3
0.4805901730719555,1423.3679401799488,0,3
0.0007429223447439015,28.815034340615995,0,2
0.004020662534387491,125.83582693575471,0,3
0.0001896667570831275,8.187844627956144,0,2
0.5768711479961552,1233.653469320486,0,3
0.0015854135222781575,17.622546434028706,0,2
0.0006284908079181421,27.131718623084723,0,2
