energy,time_ms,violated,priority
2.9366522019568905e-05,1.972859744554868,0,1
0.0006240168204196981,31.014802829209227,0,2
0.0005339267436664153,35.869504002510396,0,2
0.001961923099309444,21.495460392578394,0,2
0.0019061529957599974,20.88442520350341,0,2
0.00035278534832580954,17.534091488110615,0,2
7.423800575955336e-05,4.361680979134842,0,1
0.0018500172214565619,37.87449766277968,0,2
0.0014367294823689808,15.741270233263636,0,2
0.003191041234138811,158.60071629179367,0,3
0.0004212016952560205,16.12913263083168,0,2
0.0005789626825198011,17.549702073663173,0,2
0.0007687785501212453,38.20973148656348,0,2
0.0006834897074525388,33.97071652359778,0,2
0.001218103554115211,46.64500167899281,0,2
0.0003984583573573654,15.258218962708247,0,2
0.0011276942691029602,34.86816841871869,0,2
0.0028394204470674348,166.8235296601681,0,3
0.0022307345691871365,170.53460136479225,0,3
0.00016268329405210664,4.9313080603929365,0,1
0.0009501867672679643,63.834090455196865,0,3
0.0003943852427160832,26.495026162191863,0,2
0.0012990491109590788,26.594797035520934,0,2
0.0026347116506830344,28.866748117220354,0,2
0.00460679149750079,50.47348910171348,0,3
0.00020004011181165525,11.75289047470977,0,2
0.001644980835172181,110.51075330312756,0,3
0.0020264809169534266,22.2027766032321,0,2
0.0003959187068252676,12.001214516854121,0,2
0.00033968285824718676,10.296575481900087,0,2
0.0008908707502433458,27.54561427673546,0,2
0.00032738127286250246,16.271461434287875,0,2
0.00040956239091733304,12.663618868825537,0,2
0.0016738628484659172,64.09745305587677,0,3
0.0053734587154934685,58.87334168739864,0,3
0.0021947781399658806,24.046695099690226,0,2
0.002299841428131636,175.81766408523396,0,3
0.0007387431665739473,41.88951503660631,0,2
0.00043498451134697894,21.619543595175518,0,2
0.0005897249258873485,34.64791336792541,0,2
0.000681603242468199,45.79049565105159,0,2
0.0004991333104949889,15.433140710714108,0,2
4.63822259340677e-05,3.115984465140086,0,1
0.0009487765531185509,36.33162694886777,0,2
0.0006545218122837645,50.03670893173372,0,2
0.0013436979479299683,41.546975661743964,0,2
0.000855226803686749,32.7493139307555,0,2
0.0009901263778239193,20.270373025621616,0,2
0.0006468575684376707,38.00460860441326,0,2
0.003436319840573437,104.16282646994094,0,3
0.0001388954399990918,10.618241550927204,0,2
0.0009406451899800152,19.25736886997921,0,2
0.0023278000177515334,25.50412556997438,0,2
0.0004954528269702467,28.09403806948348,0,2
0.0006899844952030467,52.74775065695768,0,2
0.002860784187692908,142.18632353297733,0,3
0.0016120850628742619,80.12364207639604,0,3
0.0008947790769943098,27.12282966952779,0,2
0.007247707983541078,79.40821939046302,0,3
0.0004627761203031278,23.000838528061646,0,2
0.0007360559729326173,36.58335821206377,0,2
0.00038156535743857884,11.566131197840779,0,2
0.0005409177342372524,30.672069248345842,0,2
0.0013437194385998374,14.722222283496736,0,2
0.0004200087800909965,28.216430057633673,0,2
0.026571558749427633,67.03124318497593,0,3
0.007065844511570229,77.41566470777327,0,3
0.0007021574764689537,41.25362579635088,0,2
0.002529033308202312,51.77566187475054,0,3
0.0007097011098606956,41.69683439202485,0,2
0.0014262779469043662,54.61665143600109,0,3
0.004183374778079577,45.83439936110247,0,3
0.0007106139367977103,41.75046541090369,0,2
0.0002781951628231466,16.344708316964617,0,2
0.0009009833022531095,27.85829314394295,0,2
0.0010265883337457569,51.02335981340483,0,2
0.0044883979845212665,138.7807148998078,0,3
0.0005440488261951889,11.138045504216688,0,2
0.0024970475951481734,27.358456454681242,0,2
0.0004044755245672444,20.10318990320932,0,2
4.2436463710072746e-05,2.8509059022746017,0,1
0.0037806214028319124,41.42170386418895,0,3
0.014071285425665532,64.31224067101152,0,3
0.0006267795817894793,47.91587829430066,0,2
0.0005658572771744478,38.01461550526786,0,2
0.00039712213676400856,19.737712779226214,0,2
0.0010897684105142314,41.73064692769283,0,2
0.003420949768897156,130.9988852547633,0,3
0.002462142617737538,26.976026297404314,0,2
0.0011025738678333138,33.42157185410538,0,2
0.0003221085873645806,18.924739213422235,0,2
0.0009881821899763445,75.54428849184443,0,3
0.00012447898189637418,7.058426283754544,0,1
0.0010042513069815466,31.051327177893004,0,2
0.00044287990871297046,25.11295594310688,0,2
0.0005317348056956561,20.36179175461702,0,2
0.0012452126493902786,38.50182231625316,0,2
0.0008766811215496256,17.94786378420423,0,2
0.0013828851584571024,42.75863940249065,0,2
0.0006192911408814926,41.60433302896416,0,2
0.00019867472105242594,13.347081386206066,0,2
0.0001842848994979208,9.15930410094476,0,2
0.004351317230964547,134.54219482132706,0,3
0.0038725700208466656,117.3865815141448,0,3
0.0005128776958186371,29.082093646390778,0,2
0.00036585809199120897,20.745529351973733,0,2
0.0006265005650007495,42.088666264504525,0,2
0.0003631633560554487,3.9789345152587376,0,1
0.0007347815317087066,22.719354793709677,0,2
0.0010450334167370994,70.20594261116116,0,3
0.0006508350280220985,7.130757862974271,0,2
0.0008236888191349872,24.967919027720864,0,2
0.0009183083569000581,45.64164249052563,0,2
0.0006404946640034283,48.96436524131267,0,2
0.0005453747433443787,32.042221773173274,0,2
0.00040699604164993954,20.22846431535556,0,2
0.0012086651057637528,36.637443402513235,0,2
0.0010046257576877082,31.062905147777816,0,2
0.00047103400809958676,27.674505162596322,0,2
0.0002700590816973087,10.341408393926068,0,2
0.0003730593949147167,21.918235144371188,0,2
0.00130214969377358,99.54639248087747,0,3
0.00046224682396666544,17.7008792127659,0,2
0.003684304877784475,113.91825471161175,0,3
0.0008997126399469302,51.01708938232069,0,2
0.002905085303931543,111.24481857204033,0,3
0.00010444321162054326,7.01655468975484,0,1
0.007661814120776012,83.94529939853787,0,3
0.0010097457411741091,30.60773597812974,0,2
0.0011299171375380081,12.379735518376183,0,2
0.001355575847324506,41.09064880530526,0,2
0.001548965680834258,59.314749176392674,0,3
0.0014523702031479658,29.733664760866148,0,2
0.0003877973789834257,22.78413104399277,0,2
0.00015285096674636032,7.5969788646144885,0,1
0.00043272764252625024,21.50737299464713,0,2
9.805829440303932e-05,4.873680591868245,0,1
0.0029595676252479925,32.42597464195588,0,3
6.809108541759925e-05,3.384254269353379,0,1
0.0032547612783838664,98.65936524255754,0,3
0.00376596669076857,114.15518726471151,0,3
0.004203786177602467,86.06205818618025,0,3
0.0013149825166771068,39.86017077874404,0,2
0.001050780345962143,32.489999353488166,0,2
0.0005747392721803874,43.93751458547056,0,2
0.00024290295683276046,18.56938045699382,0,2
0.002051384125727037,62.18221196652035,0,3
0.0004220840550779444,32.26736926454735,0,2
0.0017594593017764724,19.277201918363563,0,2
0.002318777487935045,25.40527183183375,0,2
0.0005778757815210766,22.12867428900912,0,2
0.000644842492418297,49.29674686832188,0,2
0.0024206466723678067,73.37541642713086,0,3
0.00039042835305739865,19.405019212244724,0,2
0.0002262448308502287,12.828932533897682,0,2
0.00604144652966871,66.1920309914712,0,3
0.003220395023536313,160.0596545137495,0,3
0.0012035303496068285,92.00716716172057,0,3
0.002129228236522926,143.04277067629738,0,3
0.0013054568975746261,40.36456707740359,0,2
7.370381793849497e-05,2.8223501194744167,0,1
0.0007473768565032381,15.30068081342569,0,2
0.0002880643219426686,16.334330104858356,0,2
0.00015024556343461696,3.075903929514327,0,1
0.0025594308181801093,171.94402615317912,0,3
0.0028278852055072298,160.35172330224736,0,3
0.002152928075601384,164.5864712956583,0,3
0.0033534221709479338,166.67135248869937,0,3
0.0009039265600310739,51.25603449439047,0,2
0.0018939222888199707,72.52421852266744,0,3
0.0008651215784679905,26.223842085178244,0,2
0.00042207629260220686,28.355326730587056,0,2
0.0006754531569489803,38.30073353606483,0,2
0.001283020077766376,38.89131510398853,0,2
0.0013825194141837145,15.147327293315827,0,2
0.0006553344084203304,37.159924852964515,0,2
0.0005427009326745892,16.450524310282187,0,2
0.001897806071247467,57.5269048413032,0,3
0.0008346363784284581,49.03711487181115,0,2
0.0003331909064788425,25.471689549980027,0,2
0.00033038735168610924,19.4111387132809,0,2
0.007460238262392575,81.7367694711894,0,3
0.002335917392570263,25.59306213887921,0,2
0.0016117376205984533,32.99631594580997,0,2
0.000896692806358789,52.683095640926105,0,2
0.0006580081316161547,25.19719304679367,0,2
0.0030434954570702235,172.57763520716705,0,3
0.0007445013128032968,56.915437788162855,0,2
0.0007954433297282303,45.104627466064734,0,2
0.001062960263225698,21.7614655356951,0,2
0.00033145436948684966,22.267294107272033,0,2
0.0028953286504805223,31.722151776390948,0,3
0.0014615464537229936,44.30286373212012,0,3
0.0014001616014162018,42.442146448699766,0,2
0.002816727506772363,30.860972369315927,0,2
0.004733880453668614,96.91441901129356,0,3
0.0018995664803951751,20.812261223070397,0,2
0.00016277744597241448,9.563609402838317,0,2
0.0007948633405159005,45.07173989710943,0,2
0.0008095305147900413,40.23518033304734,0,2
0.0006969899404369996,46.8241828205449,0,2
0.0006753163954299977,7.39898359702974,0,2
0.0009012551683101856,51.10455654004297,0,2
0.0009862236194984287,49.017158036990764,0,2
0.0013366289737637065,41.32840384797314,0,2
8.177241147465391e-05,5.493517370086221,0,1
0.0025912659663004304,146.93452280931882,0,3
0.002046738743306147,137.5010793446623,0,3
0.004880929689219875,99.92488608349457,0,3
0.0004315831055163189,28.99399985928673,0,2
0.00012058861077344773,3.6553205525099757,0,1
0.0005824737892948718,34.22188973988036,0,2
5.5486647825382995e-05,3.727624734793091,0,1
0.0018532020107897068,56.17485228948337,0,3
0.0001981076960609062,13.308988322983243,0,2
0.0005068767421339671,29.780361451143346,0,2
0.0020799765072118076,64.31261836431122,0,3
0.0013657962191769182,27.961277933576305,0,2
0.0006344933110992041,19.232964254379695,0,2
0.00028401630726937027,21.712402905439184,0,2
0.0015516955506310439,77.12217039504645,0,3
0.0006283912100159936,42.21568087792497,0,2
0.0003805470248350537,18.913898722414643,0,2
0.0006147887182592509,41.30185770217966,0,2
0.0009406748887081716,53.33980289502223,0,2
0.0005119197289049301,15.51747461306313,0,2
0.0010347005404121284,31.992813739071465,0,2
0.0007722789608492071,8.46133664504932,0,2
0.002556846492203821,144.9828092193188,0,3
0.0017945696203816956,105.43575489222798,0,3
0.0002931254438758576,22.4087757511475,0,2
0.0033172133578829566,102.5678299628974,0,3
0.00810054541739545,88.75218057180462,0,3
0.001754058910565425,35.90999010067752,0,2
0.0003935428844738921,15.069990104719897,0,2
0.0021439788946981185,106.55976011083347,0,3
0.0007888695624571584,39.20829236801289,0,2
0.000555313663389563,27.60012745619491,0,2
0.00015991482623489809,4.9445468036687075,0,1
0.0024032420865419003,74.30795040853856,0,3
0.0005813650908762546,39.05643929897294,0,2
0.0029928569492866527,175.83833368658716,0,3
0.0007067524995459436,21.42330789415581,0,2
0.0009704708171660978,29.417221915450426,0,2
0.0043451522705161595,134.35157500077932,0,3
0.003867919399044888,119.59559317722555,0,3
9.779429406524074e-05,3.744849931237966,0,1
0.0007766095318531825,52.17307250786373,0,2
0.0006995387094134129,53.47814867661644,0,2
0.0002665028845780525,15.65775576344972,0,2
0.003960828091634319,81.08809613197344,0,3
0.001587018756038726,48.10622030521393,0,3
0.002162258801861579,23.690402773828975,0,2
0.0016711273562713613,63.99270248883601,0,3
0.0008465577503969845,49.73752729302738,0,2
0.00032596257555420006,18.48330357270627,0,2
0.0017105360477885623,51.850315972521855,0,3
0.0009452906482681908,46.98271282593753,0,2
0.004108134228342173,127.02300622178609,0,3
0.003052073650356643,173.06405101839528,0,3
0.002704550806119565,153.35819915008423,0,3
0.0033748471904387393,129.23347307586135,0,3
0.00023534727835467444,11.697199812101147,0,2
6.573644750581578e-05,3.2672243621803196,0,1
0.002105404393662487,80.62253093800344,0,3
0.00021134234136130887,16.15664294326411,0,2
0.0007585240253279058,43.01116409909952,0,2
0.001409641811727901,43.585951838253585,0,2
0.0017805660431876177,68.18345270683655,0,3
0.0005450403805589509,30.90583879491818,0,2
0.0027804027080155815,84.28045648488046,0,3
0.0012109378510810477,36.706335585743844,0,2
0.0014139409226956222,15.491591445122038,0,2
0.00025417458674403484,7.704621397427819,0,2
0.0010548803255222288,31.975869939857105,0,2
0.0013955422406388808,106.68604099402187,0,3
0.0016857027799526316,64.5508411296667,0,3
0.00014470230703072249,8.501646747584042,0,1
0.004368327570367985,47.86080163065708,0,3
0.0021877827688467303,23.970051564132685,0,2
0.003138694204357465,177.97576210213282,0,3
0.0018577635651688214,92.33432303675282,0,3
0.00018044535612427658,13.794638456692155,0,2
0.0034800001481825544,105.48687792985478,0,3
0.0006577149929907202,25.18596785035666,0,2
0.0010944537260112039,83.66850653394559,0,3
7.570953580659586e-05,4.448137296902844,0,1
0.0017061684021717099,34.92955114735846,0,2
0.0004874057875531724,5.340174548712121,0,2
0.0025495183587527746,97.62904617007482,0,3
0.002251312908909144,151.24448878978183,0,3
0.001685640806005496,18.46842274009544,0,2
0.0014006404574390119,69.6144498042013,0,3
0.0005030991674609519,28.527614323658344,0,2
0.000356912293936783,7.306890814715271,0,2
0.0008010330857114172,30.67406666839415,0,2
0.0006573928714609578,37.276647446680755,0,2
0.0030612569944952523,152.15019689685727,0,3
0.0037830706430049027,116.97208005245426,0,3
0.004499922191826136,136.4030812443825,0,3
0.00010008506440579278,3.0338104948326805,0,1
0.000458189612177003,14.167166583016915,0,2
0.0021587391433971147,65.43639161074687,0,3
0.00010157106861408744,2.079414805555968,0,1
0.001475034475976669,56.48369169933187,0,3
0.00017829872953261197,8.861780260078874,0,2
0.0023393772095205057,132.651483260379,0,3
0.001061419241727121,32.81895270501804,0,2
0.0005907371283786034,22.62117555767113,0,2
0.004149581269877985,128.30454366001206,0,3
0.002230538638314005,24.43849861947729,0,2
0.0008373052520915206,32.06304156792934,0,2
0.0009956623745008464,20.383708777726856,0,2
0.0007488663026077833,23.154854181534656,0,2
0.004527001252116819,139.97432319676696,0,3
0.0005628586640530987,43.02926902414554,0,2
0.00018265936863785757,10.357472955882352,0,2
0.0005330595456047279,16.482135737141274,0,2
0.0019831333737437193,98.56543695299465,0,3
0.00039317036392486966,15.055725125707312,0,2
0.0014332818896224898,84.20913643548916,0,3
0.0002757074536461294,13.703175993920881,0,2
0.0006459700752812472,32.105920646405856,0,2
0.0006246659746131189,31.047067006481175,0,2
0.001837842988799009,107.9781807830878,0,3
0.0003694384172183133,11.198535505827408,0,2
0.0021797136551415814,128.06399488132905,0,3
0.0004305867549166342,28.92706445616779,0,2
0.0006605425642616475,13.522964822239453,0,2
0.0020286713295978804,136.28730015863866,0,3
7.015942065708263e-05,4.713350005268396,0,1
0.00043863994802307026,8.980061100794272,0,2
0.0010040479760594842,58.99049839110112,0,3
0.0007467504620682599,42.34355879658738,0,2
0.0014592472970747473,72.52731932352434,0,3
0.0005872296775040418,29.186413037710256,0,2
0.008002791965941796,87.681162322058,0,3
0.0008104880810418584,24.5677740310199,0,2
0.00048332448258079557,32.47001516236957,0,2
0.0024744076458987183,145.3780533746815,0,3
0.0019437120046758044,21.295933783436233,0,2
0.00019004402698404962,10.77621084860308,0,2
0.00012040144581436969,8.088637989717965,0,1
0.00014502162773025594,5.553332511111163,0,1
0.002596940879823567,174.46397354711422,0,3
0.0044324801480325185,90.74399798008403,0,3
0.00022343414688509112,17.0810340668258,0,2
0.0002361093731657757,13.872055847891492,0,2
0.0026716552636396537,29.271514221124868,0,2
0.00045122236122611975,13.677596583649233,0,2
0.0012431441084781883,13.620286623601936,0,2
0.00080715203127056,54.224935086567534,0,2
0.00045364171713781865,30.475910003764437,0,2
0.00048271751769545564,36.90266004260355,0,2
0.006510961784133904,71.33619110642182,0,3
0.0006533488282823937,49.94703696365464,0,2
0.000771508040205347,23.386198561383992,0,2
0.0006321292570992985,37.13928100351543,0,2
0.0084056180391005,92.09465432066312,0,3
0.003183482552178081,121.90552148848425,0,3
4.805256846347703e-05,1.4565848298512443,0,1
0.0002491884822558859,16.740624753648614,0,2
0.003503421352519572,108.32535830705234,0,3
0.00030513388120744444,6.24685669765134,0,1
0.0005236464918916608,30.765629007762364,0,2
0.0033044610628976023,164.23789386580629,0,3
0.0019454834494337385,130.6986907924588,0,3
0.0003221781955906373,24.629792765303343,0,2
0.0023271871302788056,131.96025993568716,0,3
0.000648916863630415,32.25238153758405,0,2
0.00047819470987330633,36.55690163653695,0,2
0.0010218076341171228,31.59416665854793,0,2
0.00014000047020157252,4.243739046387201,0,1
0.0007271517447936518,42.7221057699687,0,2
0.0006475435992878093,36.71815668363228,0,2
0.0011322746044670632,86.55982696257304,0,3
0.0008596175942198009,32.9174510575986,0,2
0.002391493129992431,72.49170492287122,0,3
0.0027014032865067565,29.59744312604596,0,2
0.0010017068975549089,10.975022899186515,0,2
0.002768772899902349,30.335566275173463,0,2
0.00213940569224479,66.15016147283973,0,3
0.0013706443736717273,77.72068927153241,0,3
0.0029263321072901926,32.06183561931011,0,3
0.0004396634691951311,21.852096549451684,0,2
0.0006192881781539594,35.115968071937594,0,2
0.000968867110255385,48.15450707252751,0,2
0.0006330694565820738,42.52996815781366,0,2
0.00039587768355017175,12.240489396314674,0,2
0.0003109297880540524,6.365513463528748,0,2
0.0006211754934563333,30.87358356610858,0,2
0.0009303847583454186,35.627347501382225,0,2
0.000699033254935875,7.658833136659694,0,2
0.0007916132428598656,53.18103039420434,0,2
0.0014614714882371196,16.01235160610578,0,2
0.0008286433259622693,41.18512278751495,0,2
0.00033401937431085403,6.838215268990463,0,2
0.0032515291210343036,161.6070773773129,0,3
0.0003796345402236054,7.772072248651218,0,2
0.0003087052940440843,11.821292951944164,0,2
0.0012117760564202794,81.40780850840818,0,3
0.00027094657008475554,20.713251123103625,0,2
0.000753081006391374,44.24551909386773,0,2
0.0015518399734548644,17.002457790909386,0,2
0.002504823320690732,77.4488297031547,0,3
0.0005364961268030591,26.664860700774245,0,2
0.0010341368538603003,39.60034031725652,0,2
0.0004992801824519221,24.815158676112443,0,2
0.000505954994184244,5.543405621628433,0,2
0.0007033366759026971,53.76849460579749,0,2
0.0018458549022090495,104.66691291382607,0,3
0.002589721585663466,78.50046929505515,0,3
0.0007383294924412303,43.378828277600704,0,2
0.00011309818905154737,6.4130925404824115,0,1
0.0007337155315893459,15.020999190724732,0,2
0.0071446733902101375,78.27933925199571,0,3
0.008772422064478952,96.11347717979356,0,3
0.0018089758848071997,37.03427845239861,0,2
0.001474560135142639,30.187948384673607,0,2
0.04822631710083856,226.6285545778406,0,3
0.0005197187024596334,34.914999668386045,0,2
0.0009376224888320809,35.90450287915114,0,2
0.0002647130520810551,8.024066730542197,0,2
0.0022094431284966345,66.9733470299998,0,3
0.003178070928206294,96.33470281063082,0,3
0.0035155431421983315,108.70016255642702,0,3
0.001243567186836861,25.458942741235493,0,2
0.0013711969246863933,28.071843935786237,0,2
0.0008430324476051967,26.066459829511494,0,2
0.0018009550453974652,19.73184262970418,0,2
0.001002939902770972,67.37807626882436,0,3
0.0017291162063922019,53.464060917839575,0,3
0.0006418205555969022,49.065726648209406,0,2
0.0005456115823896218,41.7107687252692,0,2
0.001049000797767102,11.493190078715402,0,2
0.003308485382100428,126.69227150814247,0,3
0.0010575637341188361,32.69974088288804,0,2
0.0011876554689901895,45.479049098868884,0,2
0.00040290145398494566,22.846027250911327,0,2
0.0026294435292965037,28.80902888518352,0,2
0.001804430986837989,54.69648940700024,0,3
0.0025796485905625016,128.21335865775632,0,3
0.0013827277546247221,41.91368610673655,0,2
0.0009750190287662193,48.46026892604062,0,2
0.0008027696989867054,61.3699238337968,0,3
0.00023892365645428008,13.547869614900456,0,2
0.003216831011253133,159.88251643889865,0,3
0.0035489890781913017,109.7343067931023,0,3
0.0010106652847422484,20.690856020618735,0,2
0.00100485145141494,30.459378701004777,0,2
0.0003782639020470794,28.917417893333415,0,2
0.0006656697089765316,44.720071758386325,0,2
0.00019054793871794922,12.80111950111239,0,2
0.0011257304280931464,63.83314774127636,0,3
0.0012381883078339544,37.53236014971632,0,2
0.0007283603019195786,55.68149409324683,0,2
0.0006676588205782575,20.23828778912882,0,2
0.0006518299915634475,49.83092533926802,0,2
0.00030455949420501993,9.416942187626603,0,2
0.005584483740661863,114.32840404426206,0,3
0.0007210583139923813,48.441109921162386,0,2
0.0003129897354936718,15.556175116199082,0,2
0.00015930085770008267,3.261288539730625,0,1
0.001858926312554489,124.8837328332151,0,3
0.0023533750246261128,48.1794957560824,0,3
0.0022549663965634867,132.48529428895006,0,3
0.004510289663174782,92.33695412406925,0,3
0.000665226275486268,50.855040879549556,0,2
0.007940865623886668,87.00267740418747,0,3
8.017351747812835e-05,3.9847737358039614,0,1
0.001784162551829271,55.166087163890715,0,3
0.0007643784534035593,23.170084245112122,0,2
0.0075873825683852765,83.12980337479651,0,3
0.0017675863113860138,118.74745931560892,0,3
0.001153691676996736,67.7824652192424,0,3
0.004057985262495969,83.07714736784501,0,3
0.004627304679872953,50.698238124425814,0,3
0.0007180601270171416,54.89406906956292,0,2
0.0006679714350427802,33.19942936708345,0,2
0.0008611251959353516,26.625885387677325,0,2
0.0007028939714469034,21.73339534341023,0,2
0.00458262151170579,141.69409479796857,0,3
0.0012749187416763866,85.64977021643277,0,3
0.0014365265855002486,84.39977097837996,0,3
0.0016690792459778615,34.17024299428495,0,2
0.0010597533553058966,21.695812078470713,0,2
0.000767085980526306,23.252155673539534,0,2
0.0003182634654058735,15.81828935422784,0,2
0.00035690152676779157,17.738673253554136,0,2
0.001086513524333286,54.00175384022766,0,3
0.0008811090917582352,33.74042783603227,0,2
0.0006073175941151683,46.42805345146671,0,2
0.0014929023341828443,87.711996679994,0,3
0.0026160548430786165,175.74806053023258,0,3
0.001067971518006713,81.64400175973975,0,3
0.0004878320743815113,14.787321922220455,0,2
0.0008334038132119741,31.913643249147547,0,2
0.0005350270742606288,30.33804668024455,0,2
0.0016860841997978506,128.8973151945985,0,3
0.00023068848507078516,6.992703169048397,0,1
0.0003391737839276405,6.9437389758618435,0,2
0.0022921812618045077,153.99004811069145,0,3
0.0018283481657501038,122.8294754426647,0,3
0.002366001178395434,73.15646609856688,0,3
0.0009770762571967317,48.56251702586599,0,2
0.0003659741428252523,24.58635222266995,0,2
0.0009696965894169414,29.98289955108389,0,2
0.0021483394085120965,164.23567809790347,0,3
0.00025797228413079965,19.721396370990764,0,2
0.0008392765573239621,25.950328162909614,0,2
0.0028952682412438954,89.52133873426864,0,3
0.0008121600633914116,62.08779590721441,0,3
0.06565780873646367,383.35188088123107,0,3
0.0001882826551594879,10.676334443827365,0,2
4.821377194843409e-05,2.733902141351683,0,1
0.0008502832963286451,26.29065518227228,0,2
0.000234605169303936,15.760909449058728,0,2
0.0004957043480533341,29.123953479858038,0,2
0.0003390242984232465,10.48258970479916,0,2
0.002344223292730144,71.05884649162803,0,3
0.0026943941117762078,133.9164256257018,0,3
0.0027998491981290527,188.09547041805675,0,3
0.0002506524340096821,9.598267048582496,0,2
0.0005228925696083836,15.85008687126474,0,2
0.0007722466744641877,43.78928989889846,0,2
0.0005739719937308634,32.546370037486085,0,2
0.0010672917489018632,32.35208897641865,0,2
0.005209447647019992,57.076383678414,0,3
0.000414252203604088,12.556945337079755,0,2
0.00034678984910993977,10.722699579103217,0,2
0.0011267285519942882,43.14596654938568,0,2
0.0018316572067470713,20.068225382672072,0,2
0.0006187514184416588,41.568074166778466,0,2
0.0007688839054581669,38.21496784381332,0,2
0.002083029942590503,118.11562942303267,0,3
0.0018614633622316215,20.39479120724425,0,2
0.00024152939358920735,14.190496513767838,0,2
0.0025944671460710355,174.2977866988431,0,3
0.0006596879036167118,37.406784398666126,0,2
0.0005662506709173415,43.28858026018878,0,2
0.0023814757888522458,118.36379984775225,0,3
0.0008406119449938442,56.472791226867635,0,2
0.0024970755447110433,190.89576522331004,0,3
0.0024498015241565434,75.74756250616817,0,3
0.0027450966634440933,184.41716382389077,0,3
0.00315496683972124,97.55118753097874,0,3
0.0007543391966092983,37.49206861675,0,2
0.007790017963277183,85.34994192485821,0,3
0.0015526671347415898,104.30906611221505,0,3
0.0006753223352024423,20.880883734110082,0,2
4.395962883563727e-05,3.3606139803362396,0,1
0.0005224933330674299,29.62733643081867,0,2
0.0002127267423846392,2.3307025983743808,0,1
0.0018492889301972935,124.2362879746539,0,3
0.0005924210427146762,45.289245863202744,0,2
0.001235728847311686,38.20858431976214,0,2
0.00046712126822097877,27.44462125165047,0,2
0.0008162166121267159,31.25549146823317,0,2
0.0009674476614772291,48.083957814013836,0,2
0.0008347064850631916,49.041233823715906,0,2
0.0010357296564244957,31.39536873084347,0,2
0.0007035619423959667,47.26569367080296,0,2
0.004573343328733403,138.62864623766362,0,3
0.000885694701468372,33.916025199578186,0,2
0.0008373117843791691,32.063291709690525,0,2
0.0006639689655402729,7.274657506043812,0,2
0.000547150427616244,27.194399373757083,0,2
0.0009748769660492519,55.27918927162561,0,3
0.0018199225654057765,106.92530807924034,0,3
0.0007038032200175903,21.333908389460127,0,2
0.009273571430165438,101.60423079020332,0,3
0.0005447823921725871,32.00741956084903,0,2
0.0025947963790399734,28.42942356511919,0,2
0.0018168944091910095,106.74739581949326,0,3
0.001393499286489283,93.61607903546334,0,3
0.001662971273938589,127.13038440317784,0,3
0.007924952514534098,86.82832826077234,0,3
0.12523082094590895,559.8431987151989,0,3
0.00827734279365582,90.68922948073187,0,3
0.002113308536548875,124.16251692917209,0,3
0.003034008899003019,93.81118284699708,0,3
0.000748373459663527,28.657564592588983,0,2
0.0005180069935168295,39.60046047780432,0,2
0.0005529611794133091,27.48320460364533,0,2
0.0007792054501803493,44.183878645282945,0,2
0.00138490167889505,41.97958279477335,0,2
0.002038224439377038,61.78331134339179,0,3
0.002142860321420452,23.477866783939653,0,2
0.0002959368985924402,14.708617234963377,0,2
0.0008109604828438536,47.64609281540221,0,2
0.005594783806340143,61.298250556585735,0,3
0.0005148966437969817,34.59105100960077,0,2
0.0025066784070575244,124.5866040899933,0,3
0.0035130953565679387,106.49007047535952,0,3
0.0013021506979275451,40.262339790027184,0,2
0.0006970419314094175,46.827675603806576,0,2
0.0004741990048782642,36.25143904680844,0,2
0.031134518960131613,278.2814935724782,0,3
0.001593797034801972,32.62902710820512,0,2
0.0015340382531600833,58.74313119976615,0,3
0.00033189634786122104,25.372723478064138,0,2
0.0005276788490972285,5.781419162026901,0,2
0.003135259775438748,120.05892027434878,0,3
0.003260282958995928,100.80754901537003,0,3
0.00029165509986904683,14.495803831838943,0,2
0.001218197500955171,46.648599197851425,0,2
0.0008730739780831612,26.99534026542519,0,2
0.0008019585775499452,61.307915438541265,0,3
0.0003329278296186916,25.451577920342945,0,2
0.0002438294618545887,14.325631663226437,0,2
0.0005490971250055806,6.016084680582316,0,2
0.0005521518792007166,11.303935344894827,0,2
0.00021490696638866384,14.43757291142865,0,2
0.003755426865490545,76.88301729849671,0,3
0.0034043574967573455,103.19397367772457,0,3
0.002287034483963317,113.66989039817472,0,3
0.00011942676252375148,5.935733414547591,0,1
0.0046332646535039825,94.85456094944605,0,3
0.000699211624422446,53.45314377046696,0,2
0.005036091068131068,103.101429098753,0,3
0.002908049837503674,164.8973593356643,0,3
9.967034775634431e-05,5.651683453677319,0,1
0.0013583582202808609,67.51294355352697,0,3
0.0012499375567241436,95.55489295371764,0,3
0.05182260838447734,221.99086836427236,0,3
0.0029855677006913528,169.29291362642718,0,3
0.0004143011942006215,12.81014208483542,0,2
0.1191157238102105,659.3094526067562,0,3
0.0028042684049493006,164.75825336515285,0,3
0.0007444724319917563,56.91322991558528,0,2
0.0016534485215462587,50.11986061171267,0,3
0.0019103081293848885,59.06649294229787,0,3
0.00114944275167411,35.54062883101257,0,2
0.0007448694484604801,22.578721045303556,0,2
0.001494170771835567,30.58942735739752,0,2
0.0007044304845606633,39.94385695924273,0,2
0.0005461649679198166,20.91436787911821,0,2
0.0002644864885794835,10.128016343259155,0,2
0.0019026538928279906,127.82137668463534,0,3
0.00012616980767240186,6.270875367312885,0,1
0.00032587722402481337,21.8926182854554,0,2
0.0026615664204942243,80.67825291544976,0,3
0.0029546042665902464,173.5908864820086,0,3
0.0007673860908397021,51.55343646551434,0,2
0.0002652003912255938,8.038839110617307,0,2
0.0011246539951773793,34.0908717387722,0,2
0.0008868829634933107,50.28959849098547,0,2
0.0011449416588303325,87.52819455598575,0,3
0.0010448624607062762,31.67220521630528,0,2
0.0003681359766625072,20.87469397712015,0,2
0.0006426197521057836,43.17156247309466,0,2
0.004697047242208953,96.160350689571,0,3
0.0009400946590969926,29.0676114981117,0,2
0.0008890723050254543,34.04536422256914,0,2
0.0003890735531731193,22.859109683737994,0,2
0.0005974186545745224,18.47211148883375,0,2
0.0014166064302112865,80.32691068330703,0,3
0.0011536611527698363,44.17730021896651,0,2
0.13593818172773792,481.2408608241564,0,3
0.002790370831914829,30.572200163779637,0,2
0.0009550011240756961,47.4653416312717,0,2
0.0011544696345763546,35.696059433489665,0,2
0.0002977539803423803,17.493841048578073,0,2
0.0004891251330638096,15.123689092668402,0,2
0.0004129528391620089,27.742407910595603,0,2
0.0006920301470383263,26.500002615921503,0,2
0.0008271441599991601,16.93371780074839,0,2
0.0014368695614750873,109.8454209945055,0,3
0.0004990870329312035,28.300111211186632,0,2
0.0026191531908058958,153.88224046290887,0,3
0.0027482307414942496,30.110499781693267,0,2
0.0020693005328270026,102.84810588413613,0,3
0.0023302590490060344,136.90893857555602,0,3
0.007978500281078767,87.41501481096236,0,3
0.0003211134536174201,18.866272449770964,0,2
0.0006321196423577476,48.324113820325316,0,2
0.0006447548063167,19.93573949197436,0,2
0.0016009252462935008,107.551073646017,0,3
0.003081596596419983,93.41034199822633,0,3
0.002723149940368814,104.2779434568816,0,3
0.0007324289479948587,49.20499561653368,0,2
0.0013842505683028343,41.95984612217701,0,2
0.0013640987287843506,41.34899711504163,0,2
0.000773915005059113,45.46957212140617,0,2
0.0024783774043756705,189.46633477811022,0,3
0.0029636333741264336,168.04915484254533,0,3
0.0006847281513074067,20.755698803582494,0,2
0.0009206601377199895,28.46669848198936,0,2
0.0021672396166309265,82.99039536910168,0,3
0.00013422209150201433,4.068582982433841,0,1
0.0021165108020613976,64.15635261707399,0,3
0.0003544444269115133,17.616550796145223,0,2
0.0006923441622246453,40.67706739282501,0,2
0.0015250879059873193,116.58951346622321,0,3
0.0007746836309330937,29.66506348617439,0,2
0.0025582086665561317,28.02855682124514,0,2
0.004242164478906578,86.84775837652745,0,3
0.000724012974277212,22.386392319362194,0,2
0.0016430754996012023,110.38275176977103,0,3
0.004247847912853012,128.7621250481073,0,3
0.0011878100941260677,79.79776145488707,0,3
0.0008288200865931458,41.193908121395715,0,2
0.0017601568137059244,118.24834141238753,0,3
0.00193902067340356,58.77621504861393,0,3
0.00041784387469844675,23.69331868517849,0,2
0.00130472559333149,26.711008882553053,0,2
0.0006510291245023713,32.35736485265481,0,2
0.0006519039698551565,49.83658081198114,0,2
0.0016336033968774942,124.88527677059699,0,3
0.0003094173492628801,17.545127036023647,0,2
0.002402870938341328,26.326626717313083,0,2
0.00070711579663197,40.096124249796034,0,2
0.00024822098748158105,7.524153991709539,0,2
0.002619426419898017,28.69927821330495,0,2
0.0006904032769798389,26.437704664032868,0,2
0.0007343539393902443,15.03406900136357,0,2
0.0006561889416081453,50.16415718966808,0,2
0.007856434996232972,86.07762829635578,0,3
0.0038205892909797495,146.3023347156548,0,3
0.0004864333009989184,14.744921855904893,0,2
0.00036002423024963806,7.37059996468478,0,2
0.0006775494142196943,33.675472842120655,0,2
7.322699454506191e-05,2.219680087881386,0,1
0.0008568462931856015,32.811329257890755,0,2
0.0007140694073299816,47.971591174491884,0,2
0.000619969488540186,47.39526210196341,0,2
0.0006537441055393949,25.033910128163487,0,2
0.0076442297753533325,83.75263965530141,0,3
0.00022014016718567905,12.48277515208997,0,2
0.001339909446928026,41.42983567565953,0,2
0.00014901465790297957,11.391832822250796,0,2
0.001481596680123157,16.23284968028189,0,2
0.002981305960157052,148.17648098913082,0,3
0.0016911791411137582,34.62268333752304,0,2
0.0006031707831346434,40.52135817598739,0,2
0.0018773477790804591,20.56882598636152,0,2
0.004014236417672626,124.11969743829894,0,3
0.001881686881055717,20.616366582973765,0,2
0.002780146874206612,84.27270156860804,0,3
0.00034283296260392967,13.128148310748522,0,2
0.052158844573464445,281.2016284811882,0,3
0.0005624007466165721,33.04254490770813,0,2
0.0011624939136851819,44.51553430943816,0,2
0.0022130103351580494,125.48600637578816,0,3
0.0001648057680704288,9.682778739675326,0,2
0.007893914766155896,86.48826870840085,0,3
0.0004068938911045655,8.33013960567666,0,2
4.689613443712058e-05,2.7552730636627745,0,1
0.001234077935945472,69.97685879637484,0,3
0.002105452811053646,141.44552399564682,0,3
0.002076597631761974,122.00565329177229,0,3
0.0007610703596096776,37.82662000452769,0,2
0.0004215463191451244,16.142329359329487,0,2
0.0003605849328224931,24.224302012491464,0,2
0.0022159643916573406,24.27881848631087,0,2
0.000812642647770505,31.11863317500111,0,2
0.0005110538637263686,34.332890846696955,0,2
0.0026244030399564812,28.753803663050295,0,2
0.0012364881223929764,70.11352542965416,0,3
0.000477325739224372,9.772056381401928,0,2
0.0002961326802664118,17.39858534187542,0,2
0.0005785825247572011,17.889700666306783,0,2
0.0006210469634300911,23.78183410931092,0,2
0.002253396137088092,132.39303735375816,0,3
0.04281716524612932,954.1751193426816,0,3
0.0005382045066949869,26.749770375917123,0,2
0.00011069039524563413,4.238682051815636,0,1
0.000680371885814186,52.0128884582685,0,2
0.0004368535834978338,21.712439976066886,0,2
0.0058215303902426066,63.78255904713942,0,3
0.002006966925352356,99.7500090345044,0,3
0.0031127534362808303,63.725878537718174,0,3
0.00209551924205365,22.959182694420964,0,2
0.005850726039880756,119.7790524071783,0,3
0.0028129887451909786,159.50703799530402,0,3
0.00047731334098046564,23.723365578997697,0,2
0.001980428792552177,40.54434996867956,0,3
0.00026836624549696713,10.276584391779101,0,2
0.00030389604393209554,9.396428386601285,0,2
0.0008992604835412124,44.6949275668109,0,2
0.0006933177186570261,26.549307767452483,0,2
0.0006434403197279504,31.98018706499562,0,2
0.0034599569025805387,132.4925906216077,0,3
0.0003978479635065769,23.374629709673513,0,2
0.0008524676079467348,48.338118438257105,0,2
0.0008933267320034654,27.078805723482485,0,2
0.0004801156135887868,14.84511585607945,0,2
0.00043606616496129184,29.29517435674816,0,2
0.00021424096305930988,12.58722838749035,0,2
0.0008178106129041636,48.04855623939862,0,2
0.002794464834922842,138.89012768918428,0,3
0.0021179924390528366,65.48806631181384,0,3
0.0005339580997161489,30.27743180449226,0,2
0.0005674925458585827,17.546799879638193,0,2
0.0007619515668573847,44.76668819671483,0,2
0.0009522683955319016,29.444021934812024,0,2
0.00042405079987552663,28.487975258467465,0,2
0.000987675018812932,56.004886980844006,0,3
0.0006349262849827331,37.303613856916684,0,2
0.0006137749943056427,23.503367626823835,0,2
0.0018424919651378864,91.5752959587208,0,3
0.005648814702373654,115.64542035672606,0,3
0.003914567758003455,149.90106467362955,0,3
0.0004757872390889737,26.97892529886156,0,2
0.0009037702007196547,34.608192700507225,0,2
0.002257344442706399,86.44079147818178,0,3
0.0002569517650717969,17.26216653319266,0,2
0.002026537183361843,154.92417407664644,0,3
0.002241550378137545,69.30846262623551,0,3
0.001708210872518916,18.715707646913575,0,2
0.0003197307996733695,18.12993845032489,0,2
0.00213738164875957,23.41784068443181,0,2
0.00012270917128286743,9.380837997302903,0,1
0.000764246061032545,29.26537623143246,0,2
0.0009017233685024168,27.333327255571742,0,2
0.0013185487557112825,40.76936572445714,0,2
0.0013819478920560296,68.68539435128038,0,3
0.0016809717998209576,51.97544177456703,0,3
0.0018273748537637878,90.82394725581321,0,3
0.0035178572139283907,108.77171337035541,0,3
0.0029499711055429472,173.31867590460269,0,3
0.002521918813176718,27.630953517504928,0,2
0.0011780054465197161,90.05584617850658,0,3
5.571886168614541e-05,2.769331614973931,0,1
0.0006651047967743566,33.05695208479156,0,2
0.0017043651420100019,65.26548144621376,0,3
0.004481646706296981,91.75056087824355,0,3
0.0031358395759479153,95.05457254890688,0,3
0.0004204007137038515,32.138681632160676,0,2
0.0025590512161717503,28.037788065781527,0,2
0.0006732029919146399,25.77905185653151,0,2
0.0006177886647595142,30.705251846816946,0,2
0.001153919592183156,23.623631385856694,0,2
0.0019226084487210077,109.01912757543366,0,3
0.0018218111479137513,19.960348795792026,0,2
0.004472840675767091,138.29968482220167,0,3
0.0006980673299355333,34.69525161982265,0,2
0.005974440055331012,122.31178893237383,0,3
0.0017890022995211419,120.18619764674344,0,3
0.00034191488931333366,22.970037811788227,0,2
0.0004152000424057765,8.500187378419405,0,2
0.0009545281389667906,36.55187319200667,0,2
0.0014501624886952412,97.42274536643764,0,3
0.0007493315076340186,57.284695234274686,0,2
0.0009585602523057313,36.70627544527108,0,2
0.0012633247683759045,25.86343004391775,0,2
0.00047886417239703557,18.337209550048303,0,2
0.0024219812536060872,162.71008579503987,0,3
0.0020821099091931855,103.48475584189706,0,3
0.00034278809372329536,20.13971540546652,0,2
0.0017454885869525184,102.55211318130047,0,3
0.0007111795283386265,41.783695423492716,0,2
0.000433723982338101,24.593780493629797,0,2
0.0019408553176748103,148.37398966162917,0,3
0.0009963139437263427,38.1519825805579,0,2
0.00022907938408946984,17.512599654931257,0,2
0.00503893124129596,55.20815110252155,0,3
0.00022990026896000182,13.03620961826635,0,2
0.000245242442673614,12.189007981804208,0,2
0.0010562602397332312,32.659436996439915,0,2
0.001988804380295973,116.84756544851982,0,3
0.0006580562473068383,19.947211515748855,0,2
0.00038047495160077713,29.086447619884453,0,2
0.0008112345780615371,47.662196640999504,0,2
0.0005432185698524269,11.121048072220523,0,2
0.008602038544728232,94.2467005453583,0,3
0.0012756693301255676,13.976643411453184,0,2
0.0007332448330290269,22.226351983009224,0,2
0.0012833531729228972,38.90141199094795,0,2
0.003948440975576832,151.19817630690997,0,3
0.0006444090050517369,13.192670356057683,0,2
0.0020902526264780924,103.88946411709308,0,3
0.0011385480221146437,64.5599535132833,0,3
0.0006107688130074524,41.0317981683025,0,2
0.0013749530962663147,42.513381012913,0,2
0.0015588096149001286,31.912746774200578,0,2
0.0026148346323846133,79.26170400227318,0,3
0.00015495619603392045,9.104090094085885,0,2
0.0002913618528500021,14.481228906647331,0,2
0.001606508686631006,122.81394758836123,0,3
0.0009593070915870456,19.63942485335109,0,2
0.00013912551903764254,10.635830571899762,0,2
0.003513303605681084,38.492884114368245,0,3
0.0014270341170874656,54.645607561562926,0,3
0.0009369679885215855,46.56906107391913,0,2
0.0005510566085251749,21.101684124505656,0,2
0.0010299854838880477,11.284852184899115,0,2
0.001515185343329248,58.021194211944135,0,3
0.0002159005622965627,12.684734272138673,0,2
0.0035700839816036967,73.0885830947662,0,3
0.0003043585059568631,11.654840816621455,0,2
0.0007820656697932153,52.539618975145636,0,2
0.0004325889554851423,33.070445089014946,0,2
0.002048127151694998,41.93030536162994,0,3
0.0005740981620854276,33.72979928683023,0,2
0.0010400932360585197,31.52763895285248,0,2
0.00519010983360686,106.25457994804312,0,3
0.0011444321089792019,23.42939878290237,0,2
0.0012850736769968163,86.33198457906256,0,3
0.0008684795647789951,26.85328156985135,0,2
0.0019288658672584873,113.3260178320608,0,3
0.000550056262307583,36.95309428960678,0,2
0.0002219649782241234,2.4319196810698376,0,1
0.0008649410967349357,9.476572804165073,0,2
0.0008139755018430011,46.1554713013626,0,2
0.00017127493291078504,9.71193264749055,0,2
0.0009998198761006782,49.69291741387821,0,2
0.0004930978238083418,14.946939003641376,0,2
0.0008746954686620484,49.598521712082196,0,2
0.00048298164398520864,28.376460659040134,0,2
0.0007453801930799528,56.98262619313813,0,2
0.0006438041652529247,49.217369110125624,0,2
0.016087685744761514,214.8444422497879,0,3
0.0016103078430563,123.104384485453,0,3
0.0006703621569061414,51.247667372496274,0,2
0.000313838149807051,9.703837080236339,0,2
0.0012063678787223632,46.19560589769478,0,2
0.0031815933341509954,158.13113799569084,0,3
0.0011561588512113985,23.66947464063718,0,2
0.0007171530016660935,27.46203543516279,0,2
0.004060761679210227,125.55825281582025,0,3
0.0021625320607212787,82.81012830349167,0,3
0.002013598635628835,114.17861327373893,0,3
0.0008204972798205314,40.780249061909736,0,2
0.0001982116719796056,4.057890607751562,0,1
0.00021573713810067851,6.5394931559550855,0,1
0.0015575297330764238,77.41214017196914,0,3
0.000884328141807942,27.343317626771228,0,2
8.33587861812751e-05,6.372590252571711,0,1
0.0020724642591048903,117.51651544503787,0,3
0.0019392394297734344,21.246930814512236,0,2
0.0008913959152896114,44.30404381868339,0,2
0.0005169035804105664,34.72587815910713,0,2
0.0007560986152285409,28.95338500382019,0,2
0.0013189366967643974,88.60692161396267,0,3
0.00035254968249948473,20.71323479968546,0,2
0.038306804956665684,152.53807436624987,0,3
0.0014050662687746368,82.55139340336677,0,3
0.0008734390812634751,9.569679455447304,0,2
0.0047379268537555514,96.99725898102893,0,3
0.030954816249070597,171.1883463821731,0,3
0.0011359405949377284,43.49872453708882,0,2
0.0006514022291412243,24.944232343252985,0,2
0.0964061199714696,402.1330507888596,0,3
0.003514212836935344,108.65902968094025,0,3
0.0002372240749926168,15.936849031026968,0,2
0.0011453934298978415,43.86070320556581,0,2
0.0007195472613491116,48.33959654038738,0,2
0.0007402534829724515,8.110455210656962,0,2
0.00020791042123191085,13.96754100633889,0,2
0.0019878967782694344,61.465524444727336,0,3
0.00023727540419049263,7.192367968912641,0,1
0.0008135201709880489,31.152236288478125,0,2
0.0017874987063703249,54.18323270392241,0,3
0.0002018791588384147,13.56235734934855,0,2
0.000834657635200264,25.807511657643374,0,2
0.0003396292708292305,13.005468914809674,0,2
0.008327782871607544,91.24186719532501,0,3
0.0005956360529843279,45.53502611079112,0,2
0.0008659820404708583,26.776058424720684,0,2
0.0010977750346436812,42.03724565216049,0,2
0.0010927109853890906,54.30977924338619,0,3
0.00043597515056460187,21.66878021669606,0,2
0.0016818109292124528,52.00138755238058,0,3
0.0011449798594629895,34.70699584032855,0,2
5.247991591678016e-05,3.525630765565195,0,1
0.0005272279591051718,35.41947582452199,0,2
0.000523858666998733,40.04780765139341,0,2
0.0008751527593801538,49.624451815098936,0,2
0.0013538095239092874,41.85962435020988,0,2
0.0009659985367696303,48.01193360631559,0,2
0.0034456348587906267,70.54079707610006,0,3
0.0006625493834517422,37.569041063769845,0,2
0.00033772790114392447,16.78570820712261,0,2
0.0006526089457138759,20.17858851833562,0,2
0.0020690029197948153,22.668661340616502,0,2
0.00043931735262712205,25.81106700203905,0,2
3.425739525740301e-05,2.618900215522349,0,1
0.0005546831884977204,27.568791675139977,0,2
0.08898251760877243,627.4858008212229,0,3
0.00475506465166262,97.3481127348472,0,3
0.0007810849337209495,59.712172682510214,0,3
0.0007204979157700386,48.403462048082865,0,2
0.00039388877345081686,19.577008576467076,0,2
0.0013242648138697586,101.23704328345617,0,3
0.0003044127227083292,17.885059934718225,0,2
0.0002515656078412022,16.900321409994127,0,2
0.0012327431702462564,69.90117256283993,0,3
0.0007052658967028225,35.05303384881803,0,2
0.0018415309492543256,70.51798997686923,0,3
0.0013069155514128185,40.40966847508575,0,2
0.003823750945672476,115.90676208763196,0,3
0.0013080914971046306,39.65128798865747,0,2
0.00198663765218573,133.46345367021974,0,3
0.0028544128091145633,86.52387434918192,0,3
0.0008081704246257149,45.82630159748579,0,2
0.0003540998714695895,13.559593552969737,0,2
0.0014240968346950725,80.7516447796087,0,3
0.00030985552558229887,20.81627142096898,0,2
0.0025359718400861336,126.04254248755431,0,3
0.0011596035013699873,22.49848468232972,0,2
0.0014254984593143505,18.489791618236353,0,2
0.0028697300633184052,55.678150157111354,0,3
0.0009069203293439179,17.595956819491594,0,2
0.0009560657524762221,12.400894873727433,0,2
0.0012370845322147298,16.045920685032257,0,2
0.00044985920657056734,21.35957239119949,0,2
0.1711970595615077,567.1931588986561,0,3
0.001002293321238606,10.10884787085814,0,2
0.0018111659844189604,23.492190692406567,0,2
0.0021369139473451392,46.629010521952814,0,3
0.0006145447381660546,14.058595237942596,0,2
0.0003167594660607457,6.539834300034291,0,2
0.0014734145009066548,30.420201205129413,0,2
0.001586112065175524,34.6101143978918,0,2
0.0013855111349685126,44.33483394073065,0,3
0.07971590059777844,185.70416797331663,0,3
0.0008757444315574188,28.02285955536553,0,2
0.0008963378412784779,20.505017982239078,0,2
0.001781996158462356,38.884447231136036,0,2
0.0025901815869232726,26.123841260109497,0,2
0.0008096151552012259,38.44099056761244,0,2
0.003129940727898025,148.6113756954186,0,3
0.0074761423739853755,97.54759729869792,0,3
0.005690303930660033,124.1665543834842,0,3
0.002444891422077231,34.35545830729625,0,3
0.0009914127538277525,47.072844515899696,0,2
0.001760479693934946,34.15661075596423,0,2
0.001204982787994767,24.87814449834905,0,2
0.17300282163713196,375.04912575078356,0,3
0.20624772952953732,462.1744793422924,0,3
0.0030962711938278893,31.228118358253763,0,3
0.0014412064896643826,27.96211126775709,0,2
0.0018564818297653737,18.72395235450529,0,2
0.0026324064845882327,36.99040800441342,0,3
0.0006642711329624101,8.61609828213519,0,2
0.001328902976835334,27.436607901273376,0,2
0.0005888578319966413,7.637930813072413,0,2
0.0004730911364453237,10.82264054166538,0,2
0.0010154667119810345,13.1713701807969,0,2
0.0003411105312497366,7.8033942728899035,0,2
0.002594625571552283,26.1686620362268,0,2
0.002008995993102955,28.23028354442545,0,2
0.002296495798727142,29.96433670817959,0,2
0.0008376624149086597,16.2522232715928,0,2
0.04622893849463102,158.78812351888516,0,3
0.0012355613327501554,16.02616363758758,0,2
0.0009740363604001865,46.24780341883405,0,2
0.0008854787521163629,19.32178789917871,0,2
0.0037386557073074197,77.18850247707879,0,3
0.0020617634026380348,28.971767817263316,0,2
0.0010390850354282258,22.673588288560552,0,2
0.0013019111237892306,16.886770537728392,0,2
0.001142872105071845,36.570651592060315,0,2
0.0029292565637381997,63.918500462661385,0,3
0.0013510708512260788,17.628572159889735,0,2
0.0005608003652194282,17.94499548823149,0,2
0.003658007743914996,83.68219114922222,0,3
0.0018423883749786687,25.889123922177802,0,2
0.0002895019836092571,9.263745375182593,0,2
0.002579686121839863,59.014032299931515,0,3
0.0005279398873150625,10.899877520178553,0,2
0.0011575847607813092,22.45931732541995,0,2
0.0012127890935550772,38.807918399815364,0,2
0.004873239826282543,111.48237379687042,0,3
0.003236804183798559,103.57417733104874,0,3
0.0004694922767755431,9.693164764550623,0,2
0.0013907867092163373,26.983872881311548,0,2
0.0011729679810320648,37.53368655390312,0,2
0.00251560242843713,48.80740928788045,0,3
0.10401653346512243,357.1408047535362,0,3
0.01676762271450659,164.5441673779018,0,3
0.004880311062915877,68.57781974881776,0,3
0.0015073544773661451,21.181248964205775,0,2
0.004335654021714131,99.18432491169898,0,3
0.0007363978317205268,34.96459017759276,0,2
0.0006280974845820543,12.967737079867545,0,2
0.0006759898198445796,13.956525010197431,0,2
0.005663009643079734,109.87301742379205,0,3
0.001578925455282539,36.12019192116738,0,2
0.0018833869406149149,26.46523315126508,0,2
0.00031809743119886236,6.94111640986087,0,2
0.0059046458493412215,76.5877161216405,0,3
0.0001935695553394773,1.9522879639049338,0,1
0.0018322194573272136,37.82810913666848,0,2
0.0006773927194984981,32.16299370574291,0,2
0.0011790511565988198,15.293183973863076,0,2
0.0007305009643278763,15.940060288464053,0,2
0.000663621529178875,6.69309965470525,0,2
0.0005623396235870248,17.994250064681236,0,2
0.0010197708566207291,19.78546888661675,0,2
0.0011213581543365067,11.309702210652011,0,2
0.000852693351383972,40.486367957712204,0,2
0.0010033273604638886,47.63855685264897,0,2
0.0017172621025862915,24.130857524125904,0,2
0.001508791802552253,29.273393205903858,0,2
0.00034525483485447876,7.898201181653108,0,2
0.00023557976858291146,3.310351880868537,0,1
0.0015406881717386614,33.61893213355824,0,2
0.002436542044239327,31.791639356662294,0,2
0.0022124334600039613,105.04760591634938,0,3
0.0074452162344949835,97.14407761567135,0,3
0.004367464682612667,95.30124359608156,0,3
0.00011371197876670451,1.1468669600894381,0,1
0.005189894091648338,107.15085429395866,0,3
0.0017503948537144949,17.653989022162172,0,2
0.000378713533119798,7.347753446605167,0,2
0.19469686631163158,520.2883984460881,0,3
0.0006033380656256141,7.872265630656905,0,2
0.0032454925220545936,74.2453118246474,0,3
0.000688803828137509,8.987410228938842,0,2
0.0013985504833716707,28.87455435895192,0,2
0.0008332783381237402,19.062441102639017,0,2
0.0005726754775011952,18.32498603305785,0,2
0.005835741454819252,120.48505639619938,0,3
0.005371433227009768,104.21588761784672,0,3
0.0004845156001782773,6.284533262414085,0,2
0.004369154710826962,139.80814998666654,0,3
0.09142104910088998,200.8601561039126,0,3
0.000495018131338031,11.324252103585078,0,2
0.2182536019644363,732.6860688793962,0,3
0.21780478124800534,577.0480089676506,0,3
0.002867724220880533,136.1611859871659,0,3
0.0027675190042781572,131.40338499802792,0,3
0.0011098760856296636,14.395931059249893,0,2
0.002454540521979442,32.026480825799055,0,2
0.004439735363842936,57.586720758053254,0,3
0.00045335159322247576,5.915264375418072,0,2
0.13750415570514338,461.1960860725168,0,3
0.00017685124344645243,5.659045468868345,0,1
0.0007823277349657631,16.151983770600463,0,2
0.0008662840399593202,27.720137419158725,0,2
0.28316884277209825,601.6181367451038,0,3
0.0004612994269666953,10.065887707141586,0,2
0.0018859903984067322,36.591754025789456,0,2
0.0020854951224831366,27.050446798875264,0,2
0.000736387944233114,34.964120714036,0,2
0.0030882310511960854,63.75979731942716,0,3
0.0021600033253953406,28.016874462612307,0,2
0.006164821495355471,80.43767688799619,0,3
0.0002768413004046888,8.858617423999803,0,2
0.0005532239085184809,10.733582312399667,0,2
0.0007537696021650835,15.562370905174676,0,2
0.002210561155225223,22.295096608830402,0,2
0.10542837657668143,897.9768724123651,0,3
0.0018339695603972412,18.496899952331237,0,2
0.000629049178483752,29.86761473190077,0,2
0.30002776219998506,980.5382695305179,0,3
0.0012537955459978104,25.885935529940063,0,2
0.0008189452243857478,10.68547587269758,0,2
0.0005664168072672353,26.893793928653935,0,2
0.12299925918273354,409.8869436070714,0,3
0.0024421892784609136,34.3174879575652,0,3
0.13415148857326795,613.558772630514,0,3
0.0012511318485897616,40.034844430497515,0,2
0.0005121548755795177,24.3174063810795,0,2
0.004481435009245609,143.40099616420343,0,3
0.002439953908289207,24.608687245686603,0,2
0.007236702649886864,101.68968401846472,0,3
0.2296153372510073,752.5566530065156,0,3
0.0016748882115919259,23.535422310836154,0,2
0.0015800811585728175,32.62244720317453,0,2
0.001735355105125708,37.86670565595867,0,2
0.0014650137741617638,19.115282525417687,0,2
0.004133037050005779,53.608611995142994,0,3
0.004003182263820062,51.9242973461048,0,3
0.13241590079100327,435.4650006669865,0,3
0.0021349112969295376,48.83916813283898,0,3
0.0015199397237164675,72.16760729757114,0,3
0.0002411037292058883,11.44774294388814,0,2
0.0021540745819001225,21.725388955003204,0,2
0.00019707418754746732,1.9876346963266365,0,1
0.00040931151074034844,19.434344604967574,0,2
0.0006824535599877052,14.089975763919863,0,2
0.0009419905221790197,12.218328506522003,0,2
0.2876222280118926,946.1155270714605,0,3
0.0005791185960587862,27.4968821243121,0,2
0.0004995040722306271,23.716739003396142,0,2
0.0010874603125324083,22.45176865673086,0,2
0.0025829175372574097,50.11344875990098,0,3
0.0015901024492889454,20.62482968458713,0,2
0.0008441451733708546,11.014281070964094,0,2
0.00154605171202477,31.919873276927838,0,2
0.12026733437163413,331.29326756156564,0,3
0.1495304901256306,682.8709040397073,0,3
0.001126424733432917,23.25623034955759,0,2
0.001361799034710335,17.768551907454512,0,2
0.0021727162702278938,103.16181103251424,0,3
0.14794045094549352,332.95551945629944,0,3
0.003810541056653331,78.67265156714001,0,3
0.0017033992405341616,23.936057470859286,0,2
0.004003344550205457,87.35587850247803,0,3
0.002180181954039068,21.988700550190075,0,2
0.0015336004829558368,35.08331795489826,0,2
0.0011917067646925238,15.45733676892622,0,2
7.908813236139493e-05,1.5344582285106252,0,1
0.0012877001767954718,41.204990752365326,0,2
0.000924362749106,19.084446906846697,0,2
0.00032823380622531187,4.257440363762791,0,1
0.0011303612823425604,23.337504566562714,0,2
0.0026741295569453916,126.96920063157899,0,3
0.0035274705288657164,167.48631798271524,0,3
0.000990712147980249,19.221675391285174,0,2
0.18458683372563586,409.0812708723432,0,3
0.0006330697063350916,20.257534995495554,0,2
0.0013585383273142114,19.090093916421385,0,2
0.00225231310489326,43.699102176204434,0,3
0.0016616222210826049,36.25780070677661,0,2
0.00287959330248018,29.04276623208621,0,2
0.29591157504271964,984.2941408675678,0,3
0.0018421166653791025,38.03244746788636,0,2
0.005829502024618983,120.35623675856127,0,3
0.0014082630336240494,30.729319678087666,0,2
0.0009349782264670693,29.918275907294262,0,2
0.0020482244344595434,26.567017826699455,0,2
0.0023158971339369352,47.814146488576824,0,3
0.24564234986519656,795.0572297584839,0,3
0.0008998249690590761,42.7242041183195,0,2
0.0008051754148563337,15.621914487436333,0,2
0.008403301054850739,111.01632549180258,0,3
0.002783233939405891,28.070912861810303,0,2
0.0007283611366811759,9.50354812613367,0,2
0.0074040667940971725,96.03633820565983,0,3
0.0003617776598250618,11.576487598690264,0,2
0.0012411020145318816,24.079708823028902,0,2
0.0007648188125403434,16.68890059968855,0,2
0.0026321403399534407,60.2139980228213,0,3
0.006288038690327344,63.41938550287608,0,3
0.0018247731960683222,37.67437319502948,0,2
0.0026623050443128644,51.653715419449135,0,3
0.00023452832827985915,5.117578038481153,0,1
0.004406416091853364,100.80310909534548,0,3
0.001033765348556452,13.408717317138278,0,2
0.0011081865363170083,21.500899042678192,0,2
0.0006310204208054703,13.769322755303739,0,2
0.0004615033061352706,14.76759870361518,0,2
0.000943501428967405,21.583952920753962,0,2
0.0031246483510395783,148.36009061560154,0,3
0.0017336019809310707,22.486126987324035,0,2
0.0019745189116447577,27.74581379501302,0,2
0.00018329758449339985,8.703074135050798,0,2
0.0020947700531236705,29.43557516444576,0,2
0.0936017118296229,210.8944314218597,0,3
0.0005091787687835414,6.64368908531983,0,2
0.0035969032903506596,74.26187385866584,0,3
0.20622582864480496,711.046253433514,0,3
0.22634518867266643,519.6266405681937,0,3
0.0018265271753003679,35.43805587582705,0,2
0.0015752439269243448,22.135227178837646,0,2
0.0008258570274824454,18.892667942181482,0,2
0.0005586856783557399,12.19092626864051,0,2
0.003275338862370096,104.80724470402757,0,3
0.2834587012439859,651.4284555480737,0,3
0.001440768922722982,14.531189172116175,0,2
0.0006830686276492764,15.626177818258858,0,2
0.07643542374512054,357.5594163712412,0,3
0.002362545751098038,30.644002693179655,0,2
0.0008512724556676897,16.516283610476876,0,2
0.002384867926453087,31.117403128882895,0,2
0.0002853972958100258,3.7018184716058444,0,1
0.002303439619113907,30.05493864710997,0,2
0.0387286280867326,158.03714594972334,0,3
0.0008152232033078613,8.22211140033226,0,2
0.0008948722193608494,20.471489771789688,0,2
0.0037022739854291314,48.30672207056511,0,3
0.060300598269712444,297.6144086155558,0,3
0.000644056516669583,12.495905417434507,0,2
0.007460237410761305,104.8307802193457,0,3
0.0008705345944959404,27.856150493886815,0,2
0.0013828224633215108,30.17418800243206,0,2
0.07139830474629859,170.1594091080695,0,3
0.0010165578726133672,20.98791277167976,0,2
0.0009245494611736617,17.937995069605257,0,2
0.08377261336503126,764.5487003982419,0,3
0.004117642471469749,89.84994195313375,0,3
0.004101226660105656,89.49173705593907,0,3
0.0029717728720357337,57.65797219641736,0,3
0.0961725674273035,830.4045061566987,0,3
0.0006983332118300596,33.15726025698928,0,2
0.3328307453845024,1091.1120373833644,0,3
0.0006919357344704264,13.424852119493925,0,2
0.0003500149279775882,11.200093104279407,0,2
0.0025028513802290908,25.24305341557799,0,2
0.060779027933295114,201.5795169269165,0,3
0.0003288535393743987,10.522951920784697,0,2
0.0010753699218933785,34.41065590070694,0,2
0.001508436767712192,19.681859307462446,0,2
0.00022581027030411693,10.72160076928539,0,2
0.0007291127507110441,10.245445864049538,0,2
0.00042232590631078096,8.193915353703712,0,2
0.0009656368858038285,22.090333349620543,0,2
0.001436370870865866,20.183791853595142,0,2
0.001412905141305943,19.854052918660653,0,2
0.0007868661758539258,16.245684684288054,0,2
0.0710618161463497,654.7022170971602,0,3
0.49370546979123964,1029.4908979666993,0,3
0.001479357828377672,19.302441618207702,0,2
0.0030695943783945363,145.74609651042493,0,3
0.005343703435680512,122.24490587621986,0,3
0.0009440078432257163,30.207213721967364,0,2
0.0009765752306997088,21.30957906112653,0,2
0.0027177400409844074,129.03985135349657,0,3
0.002108001199100395,29.621498383716943,0,2
0.0010112650547843367,32.35937059065668,0,2
0.0034607847073792122,71.45156170332832,0,3
0.0005513798752383926,10.697804605229278,0,2
0.0008416904513248606,18.366295451351277,0,2
0.0001927165120636538,2.708040134438849,0,1
0.0003614403863551787,17.16139624286097,0,2
0.0020406819630301924,26.46918627584511,0,2
0.0013437713223953577,13.552898720835369,0,2
0.0031889148434028833,102.0417710584556,0,3
0.002427663616960143,77.6825682633922,0,3
0.0027728022488178587,27.965701771448085,0,2
0.03986128555813246,148.17495956680588,0,3
0.00114257372433764,23.589643351994578,0,2
0.022903223542144382,213.8973020457436,0,3
0.0687450054859936,639.5420838955764,0,3
0.0001235996165893898,2.551844849641731,0,1
0.003007220557386845,68.79449775078562,0,3
0.0030061649749212513,142.73443215982397,0,3
0.006531659962254847,85.22413081740366,0,3
0.0004177137159455289,13.366379932869634,0,2
0.0013744190344799814,17.933215793434368,0,2
0.1162746019567083,386.71887700697454,0,3
0.0011486555394173632,11.585015940881805,0,2
0.002737989263535302,35.724877982108715,0,3
0.0004083804586246978,19.390137718071067,0,2
0.2853794943927368,598.4351460020815,0,3
0.002384818698407023,54.55615956754337,0,3
0.005430676959114334,112.122071334755,0,3
0.0052006302548704385,67.85705253110241,0,3
0.16841785159489542,368.8945984365793,0,3
0.002869552846245742,28.941501021117315,0,2
0.00562161496875876,78.99457494712551,0,3
0.0017987415322424324,37.13692195452617,0,2
0.00024327876889175843,5.56535192546073,0,1
0.0003197573293042767,10.231883193316099,0,2
0.0007114221921788486,7.17520366573044,0,2
0.09234743467982565,841.9757121824933,0,3
0.0006072793779974291,19.43227282670528,0,2
0.053257916882921384,458.84326631548,0,3
0.13819031428756093,628.4595170666033,0,3
0.0020756049150757795,47.48244930387789,0,3
0.0016978597527360926,23.85821694167593,0,2
0.2072516035116363,950.9004637907855,0,3
0.14044562545789321,447.38800814416777,0,3
0.0026599797642793783,54.91809642239821,0,3
0.0015277013395226103,15.407965019916395,0,2
0.0017458734983145665,17.60838790626181,0,2
0.0022832360794165746,23.02807540566469,0,2
0.005775860268916952,74.91726987884084,0,3
0.0009605261274520841,12.532802505421762,0,2
0.11604741554367914,394.782843782916,0,3
0.19609480588479042,627.6196143442424,0,3
0.003216526127349929,152.72249997741935,0,3
0.0018797340472773226,36.47036906973681,0,2
0.0008358372963574163,16.216812545667885,0,2
0.0010918274903312555,22.54193366274767,0,2
0.0033494541696628168,43.444950239852496,0,3
0.04917555016019288,425.7219014891441,0,3
0.0018247803047501902,25.641696442518,0,2
0.1602116692358698,734.6328320258987,0,3
0.0008652175341117266,27.6860104038959,0,2
0.00842727102261515,84.99507971262567,0,3
0.00037659304412423713,7.306611979604325,0,2
0.0012966023624869235,61.56342166534133,0,3
0.10181207183310714,220.52706113098014,0,3
0.01835518676293285,104.16533777925243,0,3
0.0005962430080454951,13.010454412698806,0,2
0.0008508736305408711,11.036473606376315,0,2
0.0006999863683830415,22.398794654033974,0,2
0.0006168829794524175,12.736201756813793,0,2
0.00225854545999116,49.2830982497336,0,3
0.0007353405040540041,34.91438765532701,0,2
0.0003346376205757639,10.708036163769187,0,2
0.0023588814444958912,30.596473869099682,0,2
0.0007550308101396281,7.615027892314254,0,2
0.0017485188751135295,22.679610370783884,0,2
0.007002202140194053,70.62223672082922,0,3
0.001133138635239882,15.922791821280567,0,2
0.0008162800427208724,38.75744323852773,0,2
0.0028167075686484056,28.408518449444,0,2
0.005705810315796732,74.44856706914085,0,3
0.00039273186383770764,7.619735377115131,0,2
0.0004910768965434204,4.952863133833848,0,1
0.06700408175048322,582.1022133138133,0,3
0.007450834648242401,96.6429525951228,0,3
0.0004881517246458674,15.620318815083104,0,2
0.002224497639009153,22.43565605529297,0,2
0.0005346752102771136,12.231464852306155,0,2
0.007572944496728147,98.81065704456755,0,3
0.0024586280506607135,32.07981429402392,0,2
0.0013788184333792695,17.9906184980267,0,2
0.0005742183003548197,11.855344318731996,0,2
0.0014014145078694485,18.285448727928323,0,2
0.004546428192683129,104.00608738436925,0,3
0.0036072242377312496,115.42721204505379,0,3
8.94840840969851e-05,2.8633923673723287,0,1
0.0033433283402577395,43.623252508891305,0,3
0.2272216332457343,758.4163990418343,0,3
0.0012165654292171934,27.83068487556884,0,2
0.04671983965630185,399.2782562224419,0,3
0.002066013690314116,20.83723162864789,0,2
0.0007274970390394605,7.3373300393357805,0,2
0.004474818130050313,92.38735453514812,0,3
0.07202559838944592,246.8001308083188,0,3
0.0014457924620027744,18.753020160054188,0,2
0.0006321360299359211,13.051117121373228,0,2
0.0021142535296372485,27.586466599948206,0,2
0.0004898917985134579,15.675999266879682,0,2
0.0015163878867483402,33.08868230955017,0,2
0.0003794438559635455,4.921673385014101,0,1
0.0005191933609334393,11.87729526962117,0,2
0.009105755488083093,91.83808275257425,0,3
0.0007900484195146149,7.968205628284229,0,2
0.0004761836694931103,10.390672662678874,0,2
0.0014107453892455413,30.78348647621147,0,2
0.0016859880409009105,34.80900683554281,0,2
0.0008525554121047638,16.541175373664473,0,2
0.002106592048868226,27.324089867443153,0,2
0.0005673098471536598,18.15329175760857,0,2
0.0008332617975853437,39.56374667093371,0,2
0.0012573524747228168,40.23389763162725,0,2
0.0013796894843456256,18.001983841895537,0,2
0.0008444871562588671,18.427321579219743,0,2
0.0002734374455738324,3.5677712505897516,0,1
0.0011590162577718103,26.514164763389484,0,2
0.0007190871384874753,9.38254237264563,0,2
0.12301606276104979,410.2568492198165,0,3
0.006042096122504233,78.83637441803755,0,3
0.0021286056353287722,21.468516340105772,0,2
0.00034622378650243506,7.5548538600861646,0,2
0.5449781605437078,1154.6591097084902,0,3
0.0004758598636461502,15.226992769199404,0,2
0.00044631374067537416,21.191231642932443,0,2
0.0024154439134618662,31.33013181012396,0,2
0.0030671894646920267,63.325371504604014,0,3
0.0021667395056392553,30.446885320377916,0,2
0.0013458855021203024,18.91229722390016,0,2
0.0018475792802683212,35.84650623027382,0,2
0.0005706166538050854,11.071034219842195,0,2
0.32843264414980006,700.4429271288429,0,3
0.00010893157010470028,1.098653106020237,0,1
0.004321770361806025,56.05662558912798,0,3
0.19864064951131558,449.3493247998607,0,3
0.001876017938271856,18.920988037269847,0,2
0.0016630965999887462,21.57161894764857,0,2
0.0006145718482498456,11.92384750279272,0,2
0.002001639719223074,25.9627788871979,0,2
0.007278870787221565,73.41263869615221,0,3
0.00492818182088056,101.74752757923707,0,3
0.0003520490638762096,7.268425382403797,0,2
0.00012708706663346997,2.465727654838334,0,1
0.004983472509488304,108.74298067523503,0,3
0.0014184816663740973,29.286054718706072,0,2
0.11560664873280983,376.6604546691295,0,3
0.0002496615305671292,7.98889465390971,0,2
0.0006612859259915362,13.652947565267167,0,2
0.0034282820497814003,109.70125864957433,0,3
0.0011856872963799951,23.004559268855523,0,2
0.0024589170906504482,31.894011751170105,0,2
0.0014687342182362687,33.599408804506616,0,2
0.0015097175060181719,19.69857019099932,0,2
0.0010601583592373253,20.5690622509896,0,2
0.0010048842463000866,14.120569329041926,0,2
0.0006995631219543815,9.127795899511238,0,2
0.0008915493730354893,42.33127408651321,0,2
0.0013379723377427498,17.45766469791718,0,2
0.0013468700471947583,18.926131988483853,0,2
0.0050911283058957466,66.42828733540809,0,3
0.0015605060136077255,20.36125110823105,0,2
0.0015801470697960032,36.14813811111092,0,2
0.001440067550126337,29.731718126070128,0,2
0.0006741579171376637,8.744337339834937,0,2
0.006243745194536062,62.972653791575006,0,3
0.0011834396759132595,15.441345437051739,0,2
0.000697653578558304,14.403796228531005,0,2
0.0008326127414799219,19.04721462159372,0,2
0.001600030310164545,16.13745462678271,0,2
0.0005684259920891004,26.98919117299864,0,2
0.001119701050278244,23.117412797348877,0,2
0.0007550791628858353,9.793947012574572,0,2
0.0006043325705163347,13.186974526688143,0,2
0.0017798125415421574,56.95204569878437,0,3
0.0005491057733785597,12.561584749360748,0,2
0.3546891431466372,787.1889144296382,0,3
0.0021780120355071285,28.250461033754828,0,2
0.0024314444135684165,53.05587868181639,0,3
0.0009313276841485953,19.228245359519743,0,2
0.07301996708869313,627.7311857072,0,3
0.001187796701186248,38.008189305268026,0,2
0.0012317013865930536,58.481886214655475,0,3
0.00014626628837845093,3.3460518292049897,0,1
0.0051949610083291105,118.84220880475394,0,3
0.002134693089436162,46.58054979337077,0,3
0.10095219287514448,235.66085613250564,0,3
0.0010582872899448164,20.532759994427458,0,2
0.08204121844924345,289.6788278453729,0,3
0.0027448021841828462,35.81377196064867,0,3
0.000455590082561846,5.944471852444478,0,2
0.0012318265779055271,15.97772104659692,0,2
0.0005865409196912752,7.6530989608149955,0,2
0.0004710620158411806,15.07346691124153,0,2
0.0012316495582315229,28.17575603338593,0,2
0.11367187655258179,382.012422094995,0,3
0.00342984670175628,48.19598706861642,0,3
0.008421340812828667,84.93526928856762,0,3
0.002044966957182,28.735745237133635,0,2
0.0006448125404419808,6.5033974969467,0,2
0.000316673014471335,10.133188507659522,0,2
0.0011022785224920112,25.216207421184233,0,2
0.000741221759308419,15.303307414110078,0,2
0.0009893967616560757,13.902940182746283,0,2
0.0016404129373211974,23.050977955906756,0,2
0.005753082959289664,80.84195476393187,0,3
0.0017504558052698594,22.83968782828403,0,2
0.0007786634460278195,10.099852976843742,0,2
0.03741681931986372,143.14686313493323,0,3
0.0009848371682526454,21.48986052429271,0,2
0.0011306212770429865,11.403127454804272,0,2
0.000968550359971185,45.98732498115862,0,2
0.0007104961392532559,14.668944481170788,0,2
0.0029236757461387646,29.487369331076852,0,2
0.002224863388137422,22.43934489788847,0,2
0.21923007665952035,736.176392694626,0,3
0.0019862503191238196,20.032760753761604,0,2
0.005583829225766806,108.33676869398849,0,3
0.0008699676993215003,18.983325489460817,0,2
0.0022553861329032304,29.42794388334134,0,2
0.001496487123872295,71.05406444501453,0,3
0.001662530476992581,53.19914850092122,0,3
0.00048750135128926145,9.458441330712215,0,2
0.0007294363393394773,9.517577211011911,0,2
0.001297079611491978,25.165779282692448,0,2
0.0029937862282383185,65.32658449369707,0,3
0.00027109606879449193,8.674776325245368,0,2
0.0019342699844021958,27.180238436815557,0,2
0.002201203036213621,104.51437897238556,0,3
0.0016792411286481086,21.91048928586083,0,2
0.0011626977635141413,37.20505087808613,0,2
0.0008536030971385826,11.137686658073626,0,2
0.006046023587354015,78.88761939711988,0,3
0.0005811515775689235,7.5827796238150205,0,2
0.0039858129630399594,91.1812072604263,0,3
0.002405816747067002,24.264389461569092,0,2
0.0001704799825402244,8.09448706424805,0,1
0.13406855507898513,620.9404500892553,0,3
0.0004899372762350522,15.677454504000478,0,2
0.0018463106330574312,23.948043328076206,0,2
0.0010443489105275844,14.675124273378596,0,2
0.16218933699646648,542.7808512032016,0,3
0.0017029805441514645,22.088943825598104,0,2
0.18121223644149795,595.9679237155146,0,3
0.00013683110493332173,2.654780288927702,0,1
0.00048408841519939047,10.563159940966063,0,2
0.0007773754211195023,36.91022955631462,0,2
0.0007330628967420614,34.80624555764932,0,2
0.00445077738207354,142.41998578082502,0,3
0.004509709632201339,63.37015208449257,0,3
0.000835376253291362,10.83546091912975,0,2
0.0005951606853464606,28.258569697760525,0,2
0.0004894027683645351,9.49533239122749,0,2
0.001240415461999781,27.06676405993757,0,2
0.0027765953572632634,53.871162031343076,0,3
0.0012045273117127972,38.54355045878084,0,2
0.00027041522389208063,8.652990036470083,0,2
0.0003593228484498064,7.8406848820281265,0,2
0.0020701532016138596,45.17224268203827,0,3
0.004732896355848529,61.38924023281022,0,3
0.0013257297549279113,17.195716172504923,0,2
0.0009615670779448182,12.472251219905012,0,2
0.0003778578947367511,8.245133020621905,0,2
0.08880569463541256,838.1258874198685,0,3
0.0007067230003022373,13.711752834624129,0,2
0.00026182726213421257,12.431708138595148,0,2
0.0020980139030569328,27.21282483766687,0,2
0.001909329059038011,24.912642489238138,0,2
0.0016454480101050666,78.12681251035177,0,3
0.0008306981767044153,26.581428896199352,0,2
0.0013245011452813244,17.281894575891016,0,2
0.001443962838445128,28.015589608198017,0,2
0.001126117760025391,14.606597842609789,0,2
0.00549243088253719,71.66442385915403,0,3
0.004076866911244834,57.287873779960094,0,3
0.001727024118052465,24.268032742753142,0,2
0.00027243018703694875,6.232232565490728,0,1
0.0006924899910043688,15.841705062693647,0,2
0.004174492514580877,91.09045108158774,0,3
0.0009184343798820218,18.962049452158457,0,2
0.2956358410176567,649.0684681003553,0,3
0.002194814498854204,22.136280271979427,0,2
0.06159022132257385,176.4027159168716,0,3
0.24972607472959982,822.3659085637275,0,3
0.0028451624399809007,28.695506259688578,0,2
0.009674229935175707,118.16433379587785,0,3
0.0013580393968408344,29.633403536529993,0,2
0.00030417374926854237,3.945363253789945,0,1
0.0006389317177604464,30.33684334833526,0,2
0.0007455062112105771,16.267485646722967,0,2
0.000549865020447038,26.107905624878057,0,2
0.0008090131122610081,15.696373021040687,0,2
0.0013118390507890173,13.230838831779627,0,2
0.07116622361640301,165.28281602550936,0,3
0.00032140470471747124,15.260479183297612,0,2
0.0003481450726229116,16.53012714359553,0,2
0.00032277802079873824,7.043250266010158,0,2
0.0009177564481287077,20.99499943609808,0,2
0.004513235926665951,98.48207775236727,0,3
0.0007232575895590909,15.782004603195233,0,2
0.002964031131727282,38.44572234891296,0,3
0.003133276371785244,100.26140110138546,0,3
0.0038958079543571513,50.53157145843449,0,3
0.3578823174448759,763.0168279111365,0,3
0.002224230869060438,31.25475029188979,0,2
0.0010030331139644594,19.46072525974432,0,2
0.002149690429524974,21.68117163013041,0,2
0.33433356653002666,726.2462564718563,0,3
0.008291796165220917,108.19012703963254,0,3
0.0008202483224044995,16.934894417260473,0,2
0.013509278095611563,145.28282053152486,0,3
0.0010655962793199186,14.973690944312635,0,2
0.001714087511179776,22.233009576439308,0,2
0.00535870015828333,116.93071982379935,0,3
0.0013102006514082824,27.050478606261937,0,2
0.014266521412086782,142.58310124261908,0,3
0.0007263196099635516,9.476910588194542,0,2
0.007430562375374324,74.94255728927439,0,3
0.00127946431655951,60.749697443887904,0,3
0.002397254633912651,31.279023051388222,0,2
0.0013631762736865491,13.74861158890243,0,2
0.0001540552975440543,1.55375829966435,0,1
0.0009692719481902243,12.64691667777612,0,2
0.0002477310947058299,5.114670543204967,0,1
0.0015242762901382368,31.470296654254923,0,2
0.00042665565987804886,9.76036219283687,0,2
0.0015866718523992675,20.58033225198603,0,2
0.000555313713734945,7.202838265182489,0,2
0.0018044298118469135,18.198970376316854,0,2
0.0009974645398069715,14.01630808669194,0,2
0.0019311971522506272,25.197974127359085,0,2
0.05126907818839286,181.55236833138608,0,3
0.0006225049855269151,8.747400348021843,0,2
0.00036646221246375055,17.399835418352716,0,2
0.0004650798765937506,6.068293278035967,0,2
0.0019347295885249274,42.2172013302375,0,3
0.00023464761963292748,3.0616473526104135,0,1
0.0012424020576136062,27.11011301551672,0,2
0.0019164869296138347,37.18344397792963,0,2
0.0012752703838897709,16.63953890010263,0,2
0.0007974167021605337,16.46351146206819,0,2
0.000439525339102349,14.064327907612824,0,2
0.00129752535443201,16.829883796833794,0,2
0.0008609328150075744,11.233323730139753,0,2
0.0003595551068806713,8.225340482867646,0,2
0.0016264056366666355,21.095709442685315,0,2
0.00032047734899961653,6.616593926729951,0,2
0.0015062912855398976,21.166309060482657,0,2
0.13895190543322486,460.88353755291644,0,3
0.00045078247722742234,5.846989180960882,0,2
0.00018580541600764466,8.822147409513262,0,2
0.002450815739795278,53.47857505458268,0,3
0.004352158850404827,99.56189661905188,0,3
0.0035250102431060664,49.53321908133275,0,3
0.41907155827747866,893.5666413250682,0,3
0.26329272143174187,696.8394191216021,0,3
0.006005049939975174,116.5092412462883,0,3
0.005354404467980577,69.45066983820757,0,3
0.0011676676960877808,55.441529970199056,0,3
0.00044724368153045815,10.231342815053202,0,2
6.967707118506941e-05,1.4385568511302569,0,1
0.003726374339321094,76.93494064163575,0,3
0.0004893306141735764,9.493932464478277,0,2
0.0011285171447397392,21.89535100978665,0,2
0.0012239505507775387,58.11387209762568,0,3
0.0004045719568076851,12.945858080420845,0,2
0.0006997651498632364,33.225249493694065,0,2
0.002974215365332641,38.57781955036844,0,3
0.001727734049908907,33.52128379320285,0,2
0.0018504919704004563,59.21370976078383,0,3
0.00023248450982636204,11.038497478632243,0,2
0.25714992807067616,556.4549969550529,0,3
0.000931176118851831,13.084827423863189,0,2
0.0005000287212032252,10.323621966517711,0,2
0.2322856624004329,764.1472824846637,0,3
0.004528674192676237,59.08946945437769,0,3
0.0008631097247895917,18.833679516582528,0,2
0.002835784220341944,134.64465649590625,0,3
0.0006634087443461095,13.696775396083494,0,2
0.0009374632210506889,29.99779300349637,0,2
0.0022473663298223628,29.150038610524227,0,2
0.00016126464843748737,3.6891608987450883,0,1
0.004047181998388739,92.58511225631996,0,3
0.000513598942320422,24.385971495763286,0,2
0.5177881030893323,1076.6326196755217,0,3
0.0017320149554082111,17.46861454951732,0,2
0.004271114071464622,88.18166873209334,0,3
0.0010052325380231696,13.116125122475365,0,2
0.001139961026588639,36.47750027924585,0,2
0.0041694381560512086,54.40221090806966,0,3
0.001749608089435958,38.17771609987363,0,2
0.0004922085923895804,15.750134125258226,0,2
0.0023411704854109823,30.36674935365083,0,2
0.00039379084679826956,12.600874406236912,0,2
0.0003355756525134619,7.676775956904328,0,2
0.0007113880565794669,9.227240366280807,0,2
0.0025093280871355222,32.741340853267005,0,2
0.0016855475804233157,21.862825119881098,0,2
0.0625547776875504,538.4480599700022,0,3
0.0012697697333625272,40.63123626420574,0,2
0.0013624514808824144,26.434116262012004,0,2
0.0001243601724596153,1.2542616397307698,0,1
0.00025824417210962335,12.261580975148085,0,2
0.005182653367418728,113.08925130150338,0,3
0.0006804672638708255,8.87863597434855,0,2
0.0020880328581310325,21.059310747591866,0,2
0.0025989633535213087,56.71126331880391,0,3
0.0010334541926721717,33.06939862198499,0,2
0.001487977875422083,19.414914714053225,0,2
0.0023894865938216,31.17766681595339,0,2
0.003260604759563673,32.885540373244154,0,3
0.0010456693629023333,49.64897934275852,0,2
0.004090996992978164,93.58744330893556,0,3
0.002209368660563508,31.04590748612756,0,2
0.00026339451187472557,5.110347962749434,0,1
0.0012732230683657614,24.702917563609663,0,2
0.000624278948993419,8.77232796949485,0,2
0.0020573238620325684,26.8436567373145,0,2
0.0016545375110654376,16.68719888836524,0,2
0.0018001317863336084,23.34906880971394,0,2
0.0004933355708978645,9.571636142854839,0,2
0.0009726364471915224,22.25045838898933,0,2
0.003160769996252062,101.1411668747532,0,3
0.0004444041085477059,6.2447381854815065,0,2
0.005453910969494062,105.81611064556587,0,3
0.0006233102485347,8.084804675594707,0,2
0.000993584485450853,12.964143059427428,0,2
0.0003047046845824432,6.970558141028365,0,2
0.0028110063924744262,28.351017993832365,0,2
0.0012176466417500185,27.855419168161657,0,2
0.0014395147415952228,31.411254587833234,0,2
0.07115189658973008,154.73776939558883,0,3
0.024644744895085415,135.5209807604199,0,3
0.0004888191232394808,9.484008580208952,0,2
0.00078853831426153,37.440250106477485,0,2
0.1414492218430576,1290.2127961597703,0,3
0.0011326610450942667,14.778793390457977,0,2
0.0041010227731121075,84.66995392547153,0,3
0.00157848276571274,30.625528711971757,0,2
0.0039046212840218373,124.9435907510659,0,3
0.003803028211689148,86.99974303932237,0,3
0.0013477319642040912,13.59284463753166,0,2
0.3392278506289609,886.4931532034852,0,3
0.0004976708977952642,6.99323971018448,0,2
0.0003687024345212122,11.798072780131463,0,2
0.0026455876868853377,54.62095675815769,0,3
0.09178188998541893,308.6250416043024,0,3
0.008340589666784326,108.82677741401052,0,3
0.0074901883692140864,97.15340007783607,0,3
0.001305035670093443,41.759707489927784,0,2
0.0008937671284802577,17.340760032137084,0,2
0.008520420408097418,85.93455815386733,0,3
0.000559332571541511,26.557430365099318,0,2
0.0009634236109234187,30.828496954547806,0,2
0.0029664740178736624,29.919020634079732,0,2
0.0009123740714051423,43.320042674228496,0,2
0.005995797627434541,116.32972901497332,0,3
0.0020083025059567665,26.049200263171876,0,2
0.15246854662261236,503.53356185637466,0,3
0.0010902714762733928,23.790513512300087,0,2
0.0013467547409711257,27.805176458555206,0,2
0.0005162861826584936,24.51356320378047,0,2
0.0005558841258021738,17.78768122876738,0,2
0.0020810952619963016,29.243417871817137,0,2
0.0007735127994691372,15.969990101301978,0,2
0.0018252212193359972,35.412717878636215,0,2
0.0004422828556981346,14.15256540876127,0,2
0.0031573177546721128,41.19621396570623,0,3
0.0005483799525838363,10.639600474410454,0,2
0.0008809934524092543,17.092926738187053,0,2
0.0008042933843801455,10.43229263416241,0,2
0.0016883759677512435,32.757663118115275,0,2
0.005075819856496151,110.75806669245775,0,3
0.05818152956528841,550.7954889027363,0,3
0.20254604319869607,936.5405146781725,0,3
0.0004428558434775456,5.744174754672553,0,2
0.0005648416497598815,18.074312153024888,0,2
0.0009723327594761083,20.074838521950863,0,2
0.0006462309382592698,9.080795922376122,0,2
0.0013638523748969557,43.641777416752284,0,2
0.005834391286330813,120.45718073931269,0,3
0.0010636953486490594,13.796932022829568,0,2
0.0012537908288166786,24.32589563902778,0,2
0.0021355798315990412,27.864729026153235,0,2
0.008422634746959637,84.94831954342587,0,3
0.0008161440881519049,38.75098803784414,0,2
0.06408843945619339,313.29171327119707,0,3
0.003948977877127117,90.33855166313181,0,3
0.001210141860701443,23.47902372170439,0,2
0.0008175292896387278,26.160038979867313,0,2
0.0032857104920764957,46.17059424441553,0,3
0.2328592433932094,514.4493265387687,0,3
0.0034663050048212908,164.58214392205247,0,3
0.00026547708141189076,8.494974903058786,0,2
0.00016707810979222048,2.180010405921551,0,1
0.0027283722369334127,56.33013137778368,0,3
0.0014016329872240036,30.58464726218021,0,2
0.0006617839492803039,15.139260171136605,0,2
0.0010886314887189417,22.47594882817554,0,2
0.0012654239093904172,28.948392918674394,0,2
0.0006261841294065165,14.324863062078604,0,2
0.0009663317060333838,22.10622836224339,0,2
0.0002314476932434257,7.4060718726346755,0,2
0.23101689077790546,759.4957216094085,0,3
0.002261847308136191,51.743012054762026,0,3
0.0005826371690375476,18.64374921646814,0,2
0.00014043013857542244,1.4163387875199915,0,1
0.0026979590648445128,37.9115486806799,0,3
0.004102238648523192,89.51381937639377,0,3
0.004255215230645023,55.19335527252362,0,3
0.036061916991645675,325.7555889807081,0,3
0.2143262874817073,458.8205313344406,0,3
0.005179425842332594,113.01882436578695,0,3
0.0019203659889427043,24.908597223863396,0,2
0.00043387056867426273,20.60042272038082,0,2
0.00012332327650041677,2.392703061038852,0,1
0.001363074828448653,31.182298215381817,0,2
0.0006946599860511465,15.891346822091066,0,2
0.003924414488521513,55.14562206054942,0,3
0.0016281548149164444,21.118397605643885,0,2
0.002239984735465635,106.35575623115503,0,3
0.005680592839896461,110.21416444842603,0,3
0.002260712983387949,29.323154787266485,0,2
0.0004417097293489557,8.569997907088672,0,2
0.005934734814208907,77.43553998456075,0,3
0.0034145827153703643,66.24931437991283,0,3
0.000350744540020983,11.223439887981584,0,2
0.001881715055541982,24.407265426722468,0,2
0.0008015385064497689,15.551351637307418,0,2
0.09077284896060027,318.46110038166773,0,3
0.036493921292852866,175.11543614726324,0,3
0.002019333774888119,26.19228415252489,0,2
0.0008568239865984266,40.68249287990148,0,2
0.00023800048982737084,3.1053951058180638,0,1
0.0033357125206025778,158.3815380887725,0,3
0.0014352252102902891,29.63174289708633,0,2
0.0017166861410648324,22.266715768651345,0,2
0.0010250164601707545,10.338027044006374,0,2
0.0017835085378791224,17.98796430521624,0,2
0.0013024816730444946,41.677982390653995,0,2
0.0019659868186529127,62.90941800090484,0,3
0.058708891097007034,500.24231223355343,0,3
0.00032955094226895895,7.538952040282548,0,2
0.00010877481728647863,2.1104356425724684,0,1
0.001472406155101672,69.9106862764816,0,3
0.00020797504435518676,2.713627544806076,0,1
0.0007480150252117293,35.51618116813746,0,2
0.0010720446061245716,24.524563076565684,0,2
0.0014938868283978586,30.84287406537105,0,2
0.164109925165331,538.3468036188274,0,3
0.0010725794951603348,15.07181864785394,0,2
0.00045668334264802784,9.428710767971593,0,2
0.0017045916095386486,54.54505852627178,0,3
0.001185806699402427,16.66288009928065,0,2
0.0002760193135510442,13.105554855945567,0,2
0.23567863748992687,1075.967612453254,0,3
0.0017109590429868562,35.32455959227267,0,2
0.0005519855863458354,11.396326416387998,0,2
0.0009113243957059031,19.885758567431676,0,2
0.0066658915617831965,67.23030303986407,0,3
0.001406915841742028,66.80116874589345,0,3
0.0013943765274757696,28.78837862354514,0,2
0.0017056725307818298,39.019713666899094,0,2
0.0033260435905839835,76.08803343319606,0,3
0.0009306771341891451,9.386547198357125,0,2
0.24436144185066647,526.7099786522436,0,3
0.001407409816385395,27.306392364543466,0,2
0.003327140849210393,68.69234285973502,0,3
0.0010539268038505488,10.62960861993877,0,2
0.0006618467298374099,31.424861226271776,0,2
0.005131092822169984,72.10178903288715,0,3
0.001380387460875947,28.49955954352611,0,2
0.0004656611005949619,14.90064355780489,0,2
0.11367639106141426,960.4553817093498,0,3
0.08028356735409009,737.5366585068264,0,3
0.00165396731127183,34.14790499525804,0,2
0.0019521005541470763,25.320218501943486,0,2
0.07808433931597476,715.0074608779802,0,3
0.0019838006621335095,27.87624036081287,0,2
0.007163461574297324,93.46778458176259,0,3
0.001961813374889078,27.567276402988178,0,2
0.0006976354775313365,22.323568729902007,0,2
0.00023460215836096097,7.507011290318195,0,2
0.0011055926942517235,35.37775140785795,0,2
0.0009926740444974227,47.132731318196214,0,2
0.0009428899016087302,20.57454077539204,0,2
0.003464895233817403,44.94230802825194,0,3
0.0002305766188838418,10.94790972560627,0,2
0.00025828842042135286,8.264945650151377,0,2
0.00025869322385903764,5.644873567448663,0,1
0.0021356906910748215,68.33975545040882,0,3
0.0011165219006067084,21.66262075667086,0,2
0.0027810958307766293,88.99201075965539,0,3
0.001206275343181403,27.59528434968931,0,2
0.0034874150655462115,49.00493404439822,0,3
0.0010497376791620027,24.014260021811733,0,2
0.0009416293996782331,12.286240803017463,0,2
0.0014712505814737389,32.10375360654984,0,2
0.0006865747214815196,14.175061503040471,0,2
0.21285810061393648,555.7447123227872,0,3
0.0004341436765772253,20.61339003979706,0,2
0.0013858556468763193,65.80121864987089,0,3
0.0014160815740076908,19.898687948366025,0,2
0.0016985720373445014,80.64917170398265,0,3
0.00036191536801861534,8.27933485290037,0,2
0.002336064881349471,30.300525812989854,0,2
0.001010876814305574,14.204776512398658,0,2
0.0011868306755266078,16.67726894645983,0,2
0.0020928702038955312,29.408878604280304,0,2
0.0008604861344553925,27.534610813682164,0,2
0.0025195757715231,54.97896876342144,0,3
0.00107968422902847,23.559492106971465,0,2
0.0007519791965722954,17.202606247206365,0,2
0.0003434802831094552,16.308640269820167,0,2
0.0017616732419699758,34.17976782831872,0,2
0.000536473326184958,5.410718725008811,0,2
0.001959966965614806,44.83706480271207,0,3
0.0005392728496446528,10.46290558194458,0,2
0.0006406410100341827,8.358988918844233,0,2
0.0023757299094404045,30.998171637684493,0,2
0.22631165166849793,747.1522898658104,0,3
0.001305691928549165,18.34749969196263,0,2
0.008347895202305035,108.92209895838148,0,3
0.0025070377667683937,32.71145709267476,0,2
0.0005162888579398629,10.659329692243949,0,2
0.0012128587277218787,27.745888744784253,0,2
0.0033695791058577004,107.82282894590514,0,3
0.007141788760533007,92.63439402609562,0,3
0.0003703679888033755,8.081697846730272,0,2
0.004280471996433372,136.97040056927017,0,3
0.00010731137321633909,1.0823122569711368,0,1
0.0013245724667891102,42.38486351745831,0,2
0.0016582139638322347,37.93403065331047,0,2
0.002478144493724542,32.33446194965417,0,2
0.0048258632860188316,105.30383323149015,0,3
0.0025065909659503366,80.20815670692488,0,3
0.0005536982105273302,10.742784661709829,0,2
0.0005872688761315171,27.8838620831067,0,2
0.0018186376255612733,25.55537990638707,0,2
0.0034485045863276776,75.24886850996084,0,3
0.0012408938557865457,39.707239910143166,0,2
0.0004114148004471141,8.977369015148815,0,2
0.0009683051238454686,21.129119337887257,0,2
0.0014966974279678861,47.89267314692706,0,3
0.0008541038154130014,40.553337596419624,0,2
0.001478447100618942,32.26078686816526,0,2
0.0011109597567475458,22.93693954434824,0,2
0.2383238455490938,783.4177125345208,0,3
0.37839783942714916,792.5556191397357,0,3
0.00013859628278564893,6.580630766410349,0,1
0.387853652187371,853.3708395447109,0,3
0.0007776173613504147,36.9217170168379,0,2
0.0001250487575805328,2.7286544880405637,0,1
0.000504670271445945,16.148894162361184,0,2
0.0019153870347805798,19.31805364569674,0,2
0.0016446297713018445,31.908904788596434,0,2
0.0006299357815978778,20.157252847412867,0,2
0.0010436982200712336,49.55538835389062,0,2
0.0021619218167487396,30.3791874634011,0,2
0.008100732330648229,105.07261636805895,0,3
0.3150453981111377,1040.3269939052768,0,3
0.0023468077724628214,32.97719311951448,0,2
0.00019334474749443416,9.180119180061142,0,2
0.1315458035968132,1192.7796822216758,0,3
0.001931594018935413,27.142635940771907,0,2
0.0006810603579644937,9.570216706360675,0,2
0.0018176860708807967,35.26652185396216,0,2
0.0005351089128561163,25.407277197812224,0,2
0.0013536129643145862,13.652158746670917,0,2
0.0009326875351421393,29.844976301872794,0,2
0.0022196090968178224,43.06458302904186,0,3
0.0026102178569393716,83.52410335494477,0,3
0.0005148204932912005,24.4439714344303,0,2
0.006642655192818887,86.67238012988501,0,3
0.0032404260455932473,103.69007292883289,0,3
0.25947832335867416,839.7972640814487,0,3
0.0015937177626935372,32.90398932241642,0,2
0.00016447512959033212,5.263023424155482,0,1
0.0018112227991636237,35.14112225008484,0,2
0.00011320492286900551,1.5907483549933907,0,1
0.0029514112876606337,29.767102183645367,0,2
0.0014135967590859812,30.84570543194295,0,2
0.005692413093133533,117.5258907315489,0,3
0.0031164960228030796,99.72444837194479,0,3
0.0008404978707250491,16.30723643702141,0,2
0.00043415224357146236,8.423368496431511,0,2
0.2955070620701279,649.6819474986544,0,3
0.0005295715808142516,16.9457087009724,0,2
0.0013103725974863123,41.93048330236611,0,2
0.0007889614047502653,17.21570945298013,0,2
0.0008253800061921539,32.881983339409615,0,2
0.001608921259852392,27.34090681842529,0,2
0.000591751373031585,14.2607865870916,0,2
0.000995580362938897,46.360314510380086,0,2
0.10001594239122774,461.7314837219704,0,3
0.0003024436481810406,19.704133289655697,0,2
0.0007601088766490364,35.39532105631114,0,2
0.024779420640522645,98.66038040645469,0,3
0.0015604846637965683,72.66571589326709,0,3
0.0011851089115398666,34.46268639400021,0,2
0.0010588356379898883,42.18252870963186,0,2
0.0007205268139153338,20.952749055078705,0,2
0.0005839218792863919,27.190976219436312,0,2
0.003550295807451481,47.97622802645575,0,3
0.0023946692237289437,75.96367891715241,0,3
0.0015888529401300844,38.290224121303,0,2
0.0006236005373325724,30.713215611948954,0,2
0.0007230099537885899,53.02765153566789,0,2
0.0004485690092097639,17.870361017658425,0,2
8.71727129628841e-05,3.472838781885118,0,1
0.0015527071666876701,26.385642989516754,0,2
0.0016397473212599266,106.82915635285904,0,3
0.00026491295011452727,12.33596818736759,0,2
0.060178443360083454,374.7037583849041,0,3
0.0013921641129686188,23.657484202876866,0,2
0.000373272117379768,27.376862053800995,0,2
0.0006878732334759566,32.03158743818522,0,2
0.0013936030437367189,90.79291395870543,0,3
0.0005267221437181395,34.315825076355544,0,2
0.00126846881975426,40.238358260680904,0,2
0.0004685817152804943,18.667639195779273,0,2
0.000835838020130581,33.298615966207954,0,2
0.0005003222417689782,15.871218351261755,0,2
8.711143999224895e-05,6.389006210044408,0,1
0.192851681192816,656.1063688972405,0,3
0.0009401723846379338,15.976646093918065,0,2
0.001289694529472424,17.4280347853204,0,2
0.0014284342132719404,24.273833465847652,0,2
0.00033380411705658257,15.543962524452363,0,2
0.0025817148377530567,75.0756558708298,0,3
0.0011444621572326875,27.580722791878834,0,2
0.0006112612643397135,14.730961070772475,0,2
0.0009325333763573856,27.11784966631031,0,2
0.005924801861903879,80.06365118694542,0,3
0.0008999167596196844,44.322183539533206,0,2
0.0009060413935746102,15.396647389464093,0,2
0.0004728502862863923,30.806086102564727,0,2
0.003439863727535604,58.45469010165259,0,3
0.003022202500777223,95.87028476282043,0,3
0.0006131661197440679,17.830725502442515,0,2
0.00039523095279261043,25.749204590210354,0,2
0.0019189097503417138,32.6086390839747,0,2
0.0008269995637788978,24.048951397601886,0,2
0.003211456198036381,158.16879674370554,0,3
0.0001138673604233814,3.311235865811457,0,1
0.0021389039617381576,105.34406982892209,0,3
0.0008846224162274235,43.56891532033156,0,2
0.0004024544714457062,9.698866094564394,0,2
8.399631642204974e-05,2.4425929827352677,0,1
0.23217613220462038,719.1932959411268,0,3
0.0031564658593653183,125.74917858490318,0,3
0.002014010730029529,58.56695490794495,0,3
0.0007588256695914706,49.43731576829946,0,2
0.004463149152375069,129.78732002621993,0,3
0.0011012515660536808,32.024134653157496,0,2
0.0021968151981789957,29.686232527051043,0,2
0.0005214699481657014,24.282832109412816,0,2
0.0032061928363225733,77.26696359252496,0,3
0.0007233636542453133,33.68423862559528,0,2
0.001721129521585285,41.47799551410713,0,3
0.0010821773211799673,70.50360061391869,0,3
0.00238692645886718,155.50770327294686,0,3
0.0004980284909681009,36.52685711380002,0,2
0.0004562785840453285,13.26847313114956,0,2
0.003261954143045468,129.95168404959946,0,3
0.0005054272910571425,16.033160685985745,0,2
0.00395228317214716,67.16239546714644,0,3
0.0005861110755153313,23.349844284514706,0,2
0.0009574835847636782,27.843395816034022,0,2
0.0015175747087905422,20.507449019686295,0,2
0.030636667829389005,208.62878481435916,0,3
0.0001722961045831399,8.485828815664938,0,1
0.0007302755223937165,47.5772803229953,0,2
0.0006678030517127556,19.419554540543853,0,2
0.0003761133659387721,6.391413146122318,0,2
0.002744816105357309,178.8241304481939,0,3
0.0009192237392224548,67.4185408809115,0,3
0.0008721340889865682,40.61190052130691,0,2
0.0005748698633519653,22.90201013745818,0,2
0.0005448281761556088,17.283035263657396,0,2
0.0005708965345242728,13.758199833912805,0,2
0.0008521780934321622,33.94958159905155,0,2
0.0007660184325301443,24.299630895463846,0,2
0.0008855629551614807,41.237230713185106,0,2
0.0014309613208306694,24.316777402264833,0,2
0.0009976202065143872,31.646500609764455,0,2
0.0002946797571694695,9.347829017549444,0,2
0.0017240866356308334,80.2840249229525,0,3
0.00018303445581111986,13.424279003233051,0,2
0.0003090092745631362,5.2510921402300355,0,1
0.002058684350998084,150.98989414270196,0,3
0.001893360843447056,88.16646797324512,0,3
0.0013512777052778512,22.96268857135169,0,2
0.0008603081404858516,42.37140257203671,0,2
0.0008777538560922265,40.87359126993148,0,2
0.22812621591431137,552.1992986469455,0,3
0.0019066533607303023,32.400362386626156,0,2
0.0002890500097640462,18.831540863962115,0,2
0.0008264888008657819,32.926156166121594,0,2
0.0023686699070367212,32.00855752382276,0,2
0.09989187831038204,338.6835351896882,0,3
0.0018438777597998071,24.91688148108625,0,2
0.0020151002197736924,80.27877021098247,0,3
0.09226714383594121,564.8377507711025,0,3
0.0007629236229321567,37.57507622875594,0,2
0.0003821446545521328,18.82116910998427,0,2
0.0010685635133957452,42.57007363999545,0,2
0.0046017429303021095,110.89872681071616,0,3
0.002171985174368058,29.350696856542786,0,2
0.00044629003547475254,29.075691943696615,0,2
0.002457488938455219,33.20879613365331,0,3
0.0008361748833596166,24.315767517366087,0,2
0.001994627601179067,33.89533642329971,0,2
0.00018279221250422855,5.3155542359507075,0,1
0.0003413046302136661,13.597098403346097,0,2
0.001381724788093485,64.34156209520748,0,3
0.00203423700420518,149.1968546694379,0,3
0.0003588274946672342,23.377527765714955,0,2
0.002253764522922459,30.455806088811897,0,2
0.0026246719792372562,192.5010719162542,0,3
0.0031510089883231823,99.95628318190522,0,3
0.0011619964723286814,33.790582137100714,0,2
0.0008376737968109666,24.359355565437134,0,2
0.0014300240516354073,56.970155186777646,0,3
0.0005247293877446154,12.645604481262078,0,2
0.16970084699575508,559.259383944827,0,3
0.0011189312118372592,26.965445193475254,0,2
0.00030172010969063587,12.020106551627107,0,2
0.0013994092876520167,23.780603743183125,0,2
0.00033398486129512664,4.513239102288006,0,1
0.00015703795911340153,2.122101746964573,0,1
0.00044786821384236604,22.058148115647175,0,2
0.0005581881673617137,9.485467717907046,0,2
0.06109727234891072,191.334894869505,0,3
0.0010960443362259542,51.038531932027084,0,3
0.0010046317782066365,49.479547510749775,0,2
0.0004952228334308374,19.728984026755082,0,2
0.0010822154595295,50.39457480225771,0,3
0.006894891310246165,93.1727652168372,0,3
0.20247137875033777,934.4543559146325,0,3
0.16654104667622058,516.1176506068831,0,3
0.0006295863423443033,46.17569232416326,0,2
6.727765468856195e-05,4.934338746331043,0,1
0.0010790253746534838,34.228834734844895,0,2
0.3236058413161387,1109.8824457495023,0,3
0.0007985724042524524,31.814006027459104,0,2
0.0005197203239237305,15.113343897396902,0,2
0.0028027554743032985,130.51344735328533,0,3
0.00024386377667203211,9.715191283357129,0,2
0.003945609174961695,114.73738008881777,0,3
0.0006064699911008928,29.869511784792945,0,2
0.001827984060824777,90.03082139003293,0,3
0.0005252953113566124,24.460964430266912,0,2
0.0016929895034033596,67.44633045029752,0,3
0.000596861986012299,43.775592913070014,0,2
0.0007241272555342409,28.848215577620884,0,2
0.00196102859212562,26.499976341338705,0,2
0.23685197817552373,1094.5807074162115,0,3
0.0013930870286853925,18.825209101909877,0,2
0.00026246747497497575,17.099694909150664,0,2
0.0009131201140248759,42.52046067580533,0,2
0.0012534238115983881,36.44926750382852,0,2
0.0005115819942854307,14.87668319949421,0,2
0.0007766561522088358,30.940893244069574,0,2
0.001336496394149612,42.39632845868356,0,2
0.000472585786153208,6.386195592762031,0,2
0.00013941098974189036,9.082593535813695,0,1
0.002681027351450184,85.04752926858426,0,3
0.0007168770152250751,12.182117399168312,0,2
0.0019406405501533684,142.33221867870733,0,3
0.020702491125762962,69.01835974805093,0,3
0.07035436487242201,253.7605465826092,0,3
0.004264677968531492,72.47101884831086,0,3
0.0004536876394167972,21.12647299585751,0,2
0.0005308195823033563,26.143621286896067,0,2
0.002635509486017665,63.51390134644827,0,3
0.0017605978731972515,81.9842115876891,0,3
0.0020801095375052258,96.8626300443635,0,3
0.0004669816165412749,13.579714780571742,0,2
0.00036020891576227346,14.350218660426851,0,2
0.0022822496946765013,90.92163109564643,0,3
0.0006325117744871685,15.243083228642831,0,2
0.00047153504838821876,11.363658792963,0,2
0.001426298463926314,66.41718522661762,0,3
0.0006426233135108871,8.683964462737581,0,2
0.0006027868887748275,28.06944651242546,0,2
0.0002848952396637594,4.841314733683364,0,1
0.0032078509047507573,101.759422022858,0,3
0.0009837288642095458,45.808436200034365,0,2
0.0006164565007276958,14.856162567169434,0,2
0.0017739001460578962,30.14444510666079,0,2
0.0015194239899027327,60.53172350512393,0,3
0.00040066568966472786,29.385986268249543,0,2
0.12306430408405607,570.2672782449954,0,3
0.0012977559177710732,37.73843464900644,0,2
0.0006087047218145654,28.345017035062423,0,2
0.04370777398882953,308.83309818256333,0,3
0.0010516626248600431,17.871234937474146,0,2
0.001241326922640095,80.87216010930214,0,3
0.00020358481759079724,9.4801550175081,0,2
0.13759231657088325,837.3466405520825,0,3
0.000368716261714002,27.0427223570719,0,2
0.0021958004365294193,161.0463864017511,0,3
0.11530425549953802,697.6959715234653,0,3
0.0008413052632196128,54.810842097252895,0,2
0.0018645467778888299,121.47478863344386,0,3
0.002449189887506519,77.69318299918196,0,3
0.0016663677162194652,77.59627880348174,0,3
0.0012653130713800294,40.138251634735255,0,2
0.0022770197412198437,30.770060933013514,0,2
0.0038376126812287477,121.73672031050016,0,3
0.0003336099056323183,9.70129702324142,0,2
0.00031601896310559153,23.177749305407772,0,2
0.0030147036326520016,40.73860792352399,0,3
0.00016361212371102275,7.618781763195302,0,1
0.0001942566511320465,9.567417045203463,0,2
0.00188521198396717,32.03600230340286,0,2
0.1392763923852972,437.62466811460763,0,3
0.00030686491552454545,22.506364848354266,0,2
0.0006078371382356201,44.58054247787138,0,2
0.00040619691670481335,29.791662536618155,0,2
0.1080763088900447,668.1260541102796,0,3
0.00034619505008940315,22.554526941486124,0,2
0.001047037051202807,33.21410138143362,0,2
0.0008162084783067319,40.199431331096164,0,2
0.0005458498820244733,26.883884978812496,0,2
0.004489558163521133,142.41772994540432,0,3
0.0008175592317464545,53.26379367331843,0,2
0.00020801777536138072,15.2566282763979,0,2
0.00025068103250579525,12.34639827943317,0,2
0.0012117832205225624,29.20311246454589,0,2
0.0007018284913669411,45.72396287223162,0,2
0.0004370521840072363,17.411546833172057,0,2
0.00039936280245650934,19.669187444425692,0,2
0.1451209376069982,887.0292698814815,0,3
0.0006193300442152304,24.67324146780939,0,2
0.0013435849930002136,18.156273024295917,0,2
0.002705107422556812,133.23039758409013,0,3
0.0004005925644705042,19.729754977046444,0,2
0.04036866989962798,141.67414300800013,0,3
0.0003548253015675999,23.116785816725738,0,2
0.00010413957248002054,7.637898941234615,0,1
0.0008689961145948426,42.799297684478155,0,2
0.00044332652914013597,32.51485623479288,0,2
0.0003514556933805418,11.148874834575741,0,2
0.0017858952824475072,130.9827509574103,0,3
0.0011894540242311997,37.73185151756104,0,2
0.0027930768970061844,37.74369837717402,0,3
0.0003969549309726898,18.484650894494973,0,2
0.00028583618826550315,9.067293391983373,0,2
0.0015076440784175956,36.333148398893776,0,2
0.0025539468640448228,166.3890437987119,0,3
0.0009914767872890868,46.16922691481849,0,2
0.0009712826378469024,47.83705479782991,0,2
0.0018764327727875674,31.886814396703926,0,2
0.0005832265216758612,37.997072149732915,0,2
0.0011424400090457713,15.438139623602375,0,2
0.0006676814011814687,48.96969466764781,0,2
0.004447802563497478,141.09315911877022,0,3
0.000177913897922106,2.404204663135856,0,1
0.006406967962226382,108.87562891669327,0,3
0.0023081689154249335,31.190989206472494,0,2
0.0009965931018915493,13.467265968540072,0,2
0.0008696178135224808,40.49472733644669,0,2
0.00102646941991842,50.555082501818596,0,2
0.0027810609378474327,110.79357234017218,0,3
0.0016582971400486925,28.179966735906046,0,2
0.0005529505808243511,9.396463756653771,0,2
0.0012271884636071303,16.58337128919819,0,2
0.0003382017673647806,24.804700647054396,0,2
0.0007744235754875383,38.14146528908519,0,2
0.0009121129856008456,15.499823869240377,0,2
0.0005087178926081163,33.14285230676386,0,2
0.0009883338103861738,46.022870675641784,0,2
0.0006543789277576997,20.758203373462244,0,2
0.0009270164737622409,26.957419445803676,0,2
0.00033735565060747,5.7327910557750235,0,1
0.001685812930413294,28.647551246824193,0,2
0.0014263969017740653,70.25208121178851,0,3
0.0003542637500920951,16.496688248665482,0,2
0.0009972750808941557,46.43923094981271,0,2
0.0011522157994700653,36.55058083467539,0,2
0.0009067117684466562,44.65684741278862,0,2
0.0011541299694158022,15.596109616738083,0,2
0.0008928276204409969,28.322270990701984,0,2
0.002043743496678916,27.61772802662266,0,2
0.0009013053540251547,26.2097461748412,0,2
0.0031699221582399476,156.1231860632535,0,3
0.0007298996035070109,35.948596185431704,0,2
0.0009449518395030179,46.54022543615284,0,2
0.0014786520942861193,19.98147588107324,0,2
0.0002745055488686468,13.519789680012462,0,2
0.0008879357766293737,25.82096203143919,0,2
0.001185791572576459,34.48253801522118,0,2
0.0008571457274428922,24.925594695292162,0,2
0.0009602673093184457,47.294534161818156,0,2
0.002412020178677439,32.594362941185096,0,2
0.002828155052121799,82.2420789227203,0,3
0.0029212608415182424,136.0317824870108,0,3
0.0016237060426842387,39.13015906708348,0,2
0.0011420443494426188,53.180574061013004,0,3
0.001142574741193953,56.27343512108242,0,3
0.18377198199879236,550.4545692367958,0,3
0.18879353853245784,639.7700478660307,0,3
0.0010328793835505745,24.891657426260455,0,2
0.0001609577277425253,11.80510759772922,0,2
0.0010658461323569137,42.461816985635835,0,2
0.000898462965113838,58.53465307304188,0,3
0.0005892367238457391,43.216334021933534,0,2
0.03233360524846859,222.65107253781784,0,3
0.0007649629672234752,56.10460748300854,0,2
0.00036896694680395027,11.704366682598613,0,2
0.0009924779134185256,46.21584547415641,0,2
0.0005554522035595765,25.86525388718025,0,2
0.0047326410917107814,63.95361978197472,0,3
0.00035456386850597006,11.247472342284402,0,2
0.0007012105560245153,45.683704528488,0,2
0.0002925063697150662,14.406355772808011,0,2
0.11873139646803602,558.9954618146922,0,3
0.001666409477101779,28.317822240076865,0,2
0.07557839661568466,239.2611139997945,0,3
0.002224310663645128,30.05778712205917,0,2
0.0006596292050157998,11.209287290232908,0,2
8.168523046369313e-05,3.25422516541754,0,1
0.0009569866523449194,38.12500778110337,0,2
0.0003419699591641004,9.944405399439946,0,2
0.0006019845810659671,39.21915535333413,0,2
0.0012899201508619494,37.51057240359076,0,2
0.0003194922284092871,20.814844323718066,0,2
0.0016291651523244672,27.684917673109382,0,2
0.0026665740339735316,84.58904124142599,0,3
0.00028662308175012605,9.092255221122686,0,2
0.003362506389796266,165.60823405976646,0,3
0.0030453014959041093,88.55664606568318,0,3
0.0008182685201097078,53.31000364510788,0,2
0.00101329985300642,17.219324246305426,0,2
0.0005491752026450995,9.332307563570273,0,2
0.000584858811795952,27.23460553097675,0,2
0.0021711337317034235,141.44885732083173,0,3
0.0007620478368082763,35.485610907489104,0,2
0.0013754505869924463,43.632033068016625,0,2
0.0003930916826565327,18.30475441035778,0,2
0.000851725895706149,55.48974387850082,0,2
0.036573480755716495,131.93746000019445,0,3
0.06255332785696555,203.09849682794655,0,3
0.0034652961838184723,109.92609920902217,0,3
0.002277118106074352,106.03655466170251,0,3
0.13927201265366065,487.8500588593393,0,3
0.04340501832936357,159.76789597025257,0,3
0.0008611188812512748,14.633264957936925,0,2
0.00015512438134807993,11.377273017761679,0,2
0.0007932239989919192,25.162645668019103,0,2
0.23963204862871998,801.2696368732934,0,3
0.0014733844811210292,19.910293020807597,0,2
0.0019498340897296895,127.03123715050046,0,3
0.0001476961534758982,10.832465194481328,0,2
0.0015025165531446776,25.532738051108243,0,2
0.0005275318416964004,12.713141625319409,0,2
0.00022422291801747724,8.932726985451154,0,2
0.0004227105517963428,10.18702320266119,0,2
0.0002861772746816868,13.326165273893311,0,2
0.0020157228473008074,63.942744843852736,0,3
0.0006524932379665462,42.50978259525512,0,2
0.002762427970500904,179.97153936339487,0,3
0.0004178398025646511,30.645585627178484,0,2
0.0011077442678167145,35.13985524552341,0,2
0.0011389858754444876,36.13090128527509,0,2
0.00014834008125417194,5.9096610576617055,0,1
0.0001067580864526368,3.386579207156359,0,1
0.0003654277954064733,23.807535822752847,0,2
0.0005217119433110683,24.294100884357388,0,2
0.0005303198568985926,38.895199750302005,0,2
9.963520251361299e-05,4.639624782474748,0,1
0.0004355086332544701,12.664487882575138,0,2
9.642309002494778e-05,6.281941874060306,0,1
0.1770101895194097,554.8121274392032,0,3
0.0006341805067291476,15.283298487040875,0,2
0.06659437426178652,230.65303747044476,0,3
0.00016512184095046007,5.237993783808552,0,1
0.002275424366046717,54.83610644284628,0,3
0.00019345502002741615,4.662128185151267,0,1
0.0005753333395800157,9.776821041219742,0,2
0.0008022154261948346,39.5102535628725,0,2
0.12193128336022828,739.2683876444902,0,3
0.05420526352732394,180.03405432321603,0,3
0.001984368335764906,92.40433376863093,0,3
0.0013694240460088239,100.43753994783019,0,3
0.054139228322310114,253.0493521919982,0,3
0.17323355612545469,540.3516532902935,0,3
0.000842504575901726,54.888977039370076,0,2
0.006512703372539762,88.00814326903242,0,3
0.0006918264857195283,11.756425844178105,0,2
0.0009481305170533657,22.849270110075718,0,2
0.0023862972547995277,32.24676124025536,0,2
0.00028714331503448327,9.10875805741562,0,2
0.0026005711691279823,103.60311276586405,0,3
0.1394496683937665,487.6983841816838,0,3
0.00020050299647629753,6.36035453052468,0,1
0.00039433023743300753,28.921325786738706,0,2
0.0009364487046057397,15.913368423765835,0,2
0.00036736836152558087,26.943863439401518,0,2
0.0004065876046546986,16.19788066341139,0,2
0.0021961539432225363,102.26636775002055,0,3
0.000849075989353967,39.53817429008284,0,2
0.0005453362285487849,25.394192182331984,0,2
0.003194235327250364,148.74314510819895,0,3
0.001984274840216394,26.814109968407685,0,2
0.0016568974899018206,39.93004930284536,0,2
0.0007769946433659085,24.64781817218367,0,2
0.000989354243957272,31.38428780834375,0,2
0.0007775585370916797,30.976842993834286,0,2
0.0005418524155700966,39.74103112418925,0,2
0.000495469601523233,36.33918072416012,0,2
0.002161221206224604,29.205240078255184,0,2
0.002661923748332706,35.97138595353312,0,3
0.004740227803661866,114.23611361626983,0,3
0.001544272350206131,48.987395757742114,0,3
0.0023186967463830806,151.06255338407627,0,3
0.0007097498603788322,46.240038219773446,0,2
0.0008729912370861638,40.65181458245002,0,2
0.0336764522176045,83.24820534624044,0,3
0.0005256601743557957,20.941565055713774,0,2
0.003927894126121386,124.60062761930234,0,3
0.000754537991980262,35.13590657310153,0,2
0.0003512130704973634,17.29774449210809,0,2
0.0002280626261358471,16.726775895228148,0,2
0.0003120199709687721,22.884451598489697,0,2
0.004552783297332936,144.4233571597112,0,3
0.0006346287746923904,10.784447086458373,0,2
0.00027943337562073335,20.494455978381147,0,2
0.0026068028612842606,121.38869448865799,0,3
0.0031121800476418297,123.98489387684234,0,3
0.002261097725893554,90.07896628683272,0,3
0.002734991547041044,86.75938107102364,0,3
0.004522025962715612,108.977604674071,0,3
0.00016054769793423821,4.6686890220048785,0,1
0.000626583556798243,40.82177289723981,0,2
9.89378788018259e-05,4.872831599580203,0,1
0.0009997349738453825,29.07205620113035,0,2
0.00018387289075015332,5.832814443058258,0,1
9.277203305364904e-05,4.320033610785986,0,1
0.00025489366947358867,18.694642601622338,0,2
0.0001350182613383051,8.796408302663455,0,1
0.00041180463377507223,26.828976048935704,0,2
0.0004503615418707556,10.853392367725965,0,2
0.00034249404109757466,8.253862432833586,0,2
0.001550652154255024,76.37182956333554,0,3
0.002502825626860959,99.70906727383216,0,3
0.0009413327811575825,43.8342151150632,0,2
0.0009447426540485274,22.767625024825158,0,2
0.0005135838552298594,25.29473715331056,0,2
0.0008782678474013194,40.89752585083745,0,2
0.0005749019923656565,9.769491021853062,0,2
0.00010639306028974154,2.5639969694816247,0,1
0.0004496141380673248,29.2922564539664,0,2
0.0019212943201679109,125.17187780576486,0,3
0.0006494698586224001,42.31281013463136,0,2
0.005302220610675022,71.65052121302563,0,3
0.00026940141659208126,6.492382245938224,0,1
0.0005984104720981804,8.086502877463033,0,2
0.00034728531935264174,17.10429714792535,0,2
0.00018210087730617108,8.479731279159795,0,2
0.003369859439597399,97.9947141801572,0,3
0.003067098366949963,122.18890286385255,0,3
0.0008442647600626044,39.314134010229694,0,2
0.000998717896485756,49.18828040380676,0,2
0.00447439711989192,141.93679143461281,0,3
0.0003748065367070069,9.032570560914012,0,2
0.00046366598072206886,34.00661073313925,0,2
0.00043594611274692886,28.401787785375745,0,2
0.0009343263415854729,27.169988670387692,0,2
0.0053879380763795955,129.84546982641828,0,3
0.06406567247034001,394.4765011026234,0,3
0.0023719167827992737,57.16150495528449,0,3
0.0017084000216590648,54.193852504305205,0,3
0.001205664395814369,59.38069056625668,0,3
0.003337616720987366,132.9659751744599,0,3
0.0001833122371573916,9.028389052078536,0,2
0.002211037223221723,29.87841908091953,0,2
0.0006185405382445971,19.62133825367678,0,2
0.00037779482431746664,24.61324487805882,0,2
0.0018766296787991528,45.22543854060231,0,3
0.0006400208867952825,20.30273770716451,0,2
0.18161761206877783,835.129954962304,0,3
5.183752660603154e-05,2.0651344513170917,0,1
0.00409384124642142,69.56793650554586,0,3
0.0005867925677708636,17.063788858984633,0,2
0.00026531270635383764,13.067029078727975,0,2
0.00039332985516829906,5.315186070287756,0,1
0.006088111274151386,103.45719657035833,0,3
0.001036939165343198,67.55634528967282,0,3
0.0008182526253768073,38.10284982864934,0,2
0.0025115787706913493,123.69883554076908,0,3
0.001407349188037354,23.91552897662991,0,2
0.003104712691200023,74.82136437911589,0,3
0.0003493260529642672,22.758511050088355,0,2
0.0005690990069760932,28.028937531978325,0,2
0.0024636044733383163,121.33603299294246,0,3
0.002858530532130999,90.67828381722876,0,3
0.0005110594889363897,25.170408514040126,0,2
0.0005220755446034,38.29053792337988,0,2
9.93872257648893e-05,7.289348019817643,0,1
0.0016981158520483041,22.947156448828387,0,2
0.0009616176297522204,47.36103936850886,0,2
0.005397284305117968,91.71775582872087,0,3
0.00022076713152308213,14.38292723840531,0,2
0.00013790927166142195,10.11466683533099,0,2
0.004305848353186187,73.1706401900203,0,3
0.09481557624433205,575.7639479372591,0,3
0.01466460143226096,104.3900928383621,0,3
0.0019371130511603902,26.176798355911195,0,2
0.0026537637541504196,45.096245124511356,0,3
0.06842216150883743,233.71078185051618,0,3
0.0025531306608867384,166.33586835292206,0,3
0.0013241482875310674,42.004621914367924,0,2
0.0018545496235784066,44.69332493734845,0,3
0.0009296724393861961,29.49106205728419,0,2
0.00230978833495318,150.48217245272076,0,3
0.004282080776722582,124.52189455753907,0,3
8.267602974690511e-05,6.063700330539744,0,1
0.002958039243239954,145.68765039049882,0,3
0.0008484315421876813,24.672188252470516,0,2
0.024114889048657176,91.2760032303149,0,3
0.0008524231643674826,39.69403924295293,0,2
0.0022827827292626504,30.84793794480367,0,2
0.0024062363469867327,176.48036773471676,0,3
0.0005577953560136344,27.472216604993204,0,2
0.0006664834574657744,48.88183399355568,0,2
0.002458824263355611,121.10060083552766,0,3
0.0020276231458343673,58.96280073475366,0,3
0.0005717707369432431,37.25073044056932,0,2
0.0018702346642442622,121.84535310572787,0,3
4.863271047095585e-05,1.9374590654719728,0,1
0.0005290598170085492,26.056950337000764,0,2
0.0007557874235039032,55.43164643667416,0,2
0.0019175156814744184,25.91197313351716,0,2
0.0014168177722421861,34.144299115408934,0,2
0.001154128403836871,75.19119690345299,0,3
0.00016203079001209594,10.556268258989652,0,2
0.0005579259213887401,27.47864713588118,0,2
0.00047957490455717106,31.24419341784934,0,2
0.001998079978304045,27.000663001943586,0,2
0.00042231464103262745,5.70686630521534,0,2
0.0013742540304163854,89.53233024408577,0,3
0.001013958016965655,24.43566596920428,0,2
0.0009491681909794178,37.813531231597054,0,2
0.001547195294501111,100.79941334965383,0,3
0.15653790645770616,720.2487694873955,0,3
0.0010619971373382428,42.3084784153677,0,2
0.1832085622874716,842.7214148112104,0,3
0.000632995789808022,29.476157818761056,0,2
0.0009226237231723658,60.10872083749162,0,3
0.0008730764407258759,21.040520331407293,0,2
0.0006339574972674037,41.30218340262874,0,2
0.0013005359899079822,41.25559278860699,0,2
0.0006275884016942373,29.22435673572771,0,2
0.0023246106427350587,151.44784235503468,0,3
0.000708478975897811,32.991116909595334,0,2
0.001140882253313315,15.417089196177995,0,2
0.00141720535948973,19.1511274481665,0,2
0.001204494437826629,88.34112309385561,0,3
6.878518951365809e-05,2.7403056030166035,0,1
0.00221543579052873,29.93785825995013,0,2
0.0003709897112510446,27.20946375420275,0,2
0.002346787018971396,152.89262810560456,0,3
0.0006530957115326196,11.098261573201356,0,2
0.000799254056808942,58.61961566482979,0,3
0.001416092211291217,24.064101930484178,0,2
0.0001903988238487125,9.377413550893602,0,2
0.001243012522410458,36.14650968068914,0,2
0.22567346833190816,544.6808320268171,0,3
0.00028793819394687224,14.181366602782656,0,2
0.061334596760038954,204.3832502036178,0,3
0.0008111860324880737,52.84858122490391,0,2
0.0009302573126195175,22.41853861425718,0,2
0.00047398277424528097,11.422647242609415,0,2
0.0015894633610147868,27.010252601667585,0,2
0.000389045681792567,25.34623562408895,0,2
0.000594751548337613,23.694068619070176,0,2
0.00021681266512650426,3.684366054571273,0,1
0.0014050239389694524,55.97418571574841,0,3
0.00040916767058186537,26.657178510612923,0,2
0.0006930207615933018,27.608976429786136,0,2
0.17812148231237712,815.4293499285737,0,3
0.00029099527625228873,13.550520912513235,0,2
0.000555077099487428,40.71096788199309,0,2
0.03129454097200589,103.42603587044226,0,3
0.0003440164487732547,8.29055137341043,0,2
0.0028257929113974533,82.17338843005001,0,3
0.000605724020064035,29.832771647599852,0,2
0.0010205524793968546,29.67742433087764,0,2
0.0008767590439204911,40.82726672710476,0,2
0.004633733991195952,78.74250433254979,0,3
0.0013568337631809147,88.39740388800747,0,3
0.001462471710085118,24.852243392997792,0,2
0.0005730894006455401,37.33664107387427,0,2
0.001449549152384367,67.49987957217127,0,3
0.0012748843100619377,17.227899781902362,0,2
0.0008602440299245103,34.27091721097378,0,2
0.0010291865311452255,13.907710900130436,0,2
0.0005863416970419559,43.00400434136274,0,2
0.002661809667786145,64.14771699351732,0,3
0.000300491792318923,22.038941468121738,0,2
0.07891725134778002,267.3245917890405,0,3
0.0012234442726556972,35.577469613560176,0,2
0.0036709620932456216,146.2459878893711,0,3
0.0014941875075417672,59.5263373965278,0,3
0.00041476247929399896,19.31387932402895,0,2
0.0006740869657727443,43.91660893620436,0,2
0.0007223880013687591,47.063410163924566,0,2
0.0004596518110374113,18.311884318824795,0,2
0.0008659492108492845,40.323894744649735,0,2
0.0044659992345513775,107.62740043300623,0,3
0.004477650515512699,76.09012856312071,0,3
0.002863971191397086,114.09660070944821,0,3
0.000219411143314551,14.294584922205944,0,2
0.002654998709192619,130.76247200439963,0,3
0.0005287158991555212,16.771921735103767,0,2
0.00135312989593371,39.34869681582078,0,2
0.000563854730388474,36.73500445586095,0,2
0.0014085898676951187,65.59256461197224,0,3
0.0003634858541272484,16.926125850523235,0,2
0.0032333341726025295,94.02459175892938,0,3
0.0015671772294525534,77.18571307876091,0,3
0.00036326888461770876,11.523612797228342,0,2
0.0013885807572513553,18.764314484223455,0,2
0.011219831370212603,72.48145931742025,0,3
0.001129163708215082,82.81614842533703,0,3
0.006743279972212574,114.59068505796981,0,3
0.0005801857146805397,37.79896428169111,0,2
0.0033635892025879466,81.06010390649662,0,3
0.0030266880849371667,140.94112014051342,0,3
0.0007674963666540091,22.318612521581688,0,2
0.001116642942483571,18.97546598563591,0,2
0.0012035026608683214,20.4515005970811,0,2
0.0011079857854954841,35.14751666749395,0,2
0.004554281439369647,77.39234204047564,0,3
0.0007803838467387698,57.23561960950226,0,2
0.0006040488957759715,44.30270176484905,0,2
0.0014615989280236368,35.22349307224068,0,2
0.005302009844269294,90.09872684250541,0,3
0.000905616973855073,36.07851174342166,0,2
0.003892154253637108,123.46688765595658,0,3
0.0010575715355927206,42.13216864075311,0,2
0.0008141485170616817,40.09797530262301,0,2
3.598066925941421e-05,2.3441322282759,0,1
0.0021550254224343758,158.05582835000658,0,3
0.000754562073851776,30.060696109433238,0,2
0.0006572078437599218,30.603619225129975,0,2
0.00035447578328699504,6.023718874301653,0,2
0.0008016248251524207,52.225670792217386,0,2
0.18792618803357722,563.5371570361876,0,3
0.005247808727283414,126.46845232697254,0,3
0.0004286123662827541,13.596438226037623,0,2
0.001774420187017082,87.39272423202871,0,3
0.002078434278294889,28.086515119160342,0,2
0.0014725389725703953,35.48714035325218,0,2
0.0004981970841352118,36.53922222671445,0,2
0.00024384323537097023,11.354833325213578,0,2
0.0006557545308697843,11.143443729443803,0,2
0.0017944562227141343,56.92372666020121,0,3
0.0012644267316302765,50.37298990944,0,3
0.0018349518387798418,24.79626279311631,0,2
0.001429848894828573,41.57966712886983,0,2
0.0008037135499693414,39.5840382948367,0,2
0.00152990207694397,112.20746518740349,0,3
0.00037705296629268715,24.564913000401052,0,2
0.0003559263283605631,26.104671469284416,0,2
0.0016281481252907145,106.07347143500823,0,3
0.0010201816475931662,50.24540074950577,0,2
0.00027672464232797526,13.629083196934296,0,2
0.21210674975593574,635.7301655856021,0,3
0.0012187074744841914,16.46876510139884,0,2
0.0035239092016393758,140.3876066643201,0,3
0.00019605148689780719,9.655815265797758,0,2
0.0010333835491563737,50.89561322516031,0,2
0.0006154912995662752,24.520311257913075,0,2
0.0004574346252866419,14.510737707127946,0,2
0.00484202950386446,140.8050708903676,0,3
0.0009869053979673222,45.956355051736736,0,2
0.0028705581437558714,141.37908150773652,0,3
0.0003632871253773262,23.668071668563577,0,2
0.0026854908209647927,132.26425198574523,0,3
0.0003259498360975501,23.906108396044214,0,2
0.0007899662981612278,38.90696654204382,0,2
0.0006635850668426016,48.66925760069347,0,2
0.0009195904719038709,42.821760136332486,0,2
0.0003698185735869219,27.12356911384825,0,2
0.002140623033212693,156.99951526202418,0,3
0.0053371408636817,90.69571934435041,0,3
0.00047127087408812516,30.703187765432727,0,2
5.186041317052865e-05,1.508088529211169,0,1
0.0021893892859904903,142.63820243392064,0,3
0.0018039218572615098,24.376945206718105,0,2
0.0005846099055372454,18.544990980785595,0,2
0.0004516138760087532,14.326091942768786,0,2
0.002215489825736361,37.64851791950611,0,3
0.0075565039820574085,102.1133386590243,0,3
0.0012303777143820385,29.651226521749468,0,2
0.0008292843882480258,38.616556220772104,0,2
0.0005244052490581846,15.249580410443007,0,2
0.004506749499770709,76.58461678759858,0,3
0.0008485113898482091,41.7903957829725,0,2
0.00167510514836361,109.13271055964648,0,3
0.03350877927149226,219.62654449476094,0,3
0.00021926529118958808,3.7260443034231576,0,1
0.1624242647213442,559.4857713453554,0,3
0.001917833386878191,46.218418556012644,0,3
0.00023791259296673234,11.078666320173985,0,2
9.979366838384367e-05,7.319157702871411,0,1
0.14235848542175578,492.0431458166175,0,3
0.0009642706892871409,70.722415133621,0,3
0.00044987480770515104,22.15697572445095,0,2
0.0020700608146623028,27.97336195604502,0,2
0.0003302018350916575,9.602191139294593,0,2
0.0006999653044982592,22.204294069998532,0,2
0.0009746286937072119,71.48210128470966,0,3
0.0004232329758421353,27.57352987482527,0,2
0.0004403926886043907,13.970133521201554,0,2
0.00021253303617609453,6.741971358460919,0,1
0.0002940046346638698,14.48014745780762,0,2
0.04091198371766385,150.90415445529229,0,3
0.0028456597443973306,90.2699967865512,0,3
0.002621582756067721,63.178277074628284,0,3
0.00039205430414726556,25.542246670284683,0,2
0.0006490460140812453,30.223554486039873,0,2
0.0009774048081858872,38.93843851015822,0,2
0.001789514901315082,24.18225962525128,0,2
0.1600698028570445,748.0823610592901,0,3
0.00036211856546196374,26.55882813686374,0,2
0.0030929933212655767,123.22052157280218,0,3
0.0034720782484110413,46.91925034016808,0,3
0.0019134497786809292,89.10193173919545,0,3
0.0004723026718045253,18.815876891764084,0,2
0.0006440911413769143,31.722407077249624,0,2
0.00018595161039860195,13.638231599777674,0,2
0.18473686275336398,1128.428116751982,0,3
0.0007336995752210988,34.16554236061205,0,2
0.0007526082344915954,35.0460452545845,0,2
0.0020306132295144753,100.01059686273699,0,3
0.0014763119025559507,25.087434152257707,0,2
0.000908370390190818,42.29928446644905,0,2
0.0011898044995896633,47.40014470807738,0,2
0.0006090804907821159,28.362515137844863,0,2
0.0024807199575255295,181.9432122281753,0,3
0.001071848897839013,18.214266645924532,0,2
0.0006021956632608038,19.10284625365164,0,2
0.12995646779785794,410.8794461721269,0,3
0.0023431592871471355,31.663824751316806,0,2
0.0037278202310681097,148.51113645919682,0,3
0.0023835675149525867,32.20987343471677,0,2
0.0029715159140490813,146.35139564328915,0,3
0.00028654289851357033,21.015889052117846,0,2
0.0032652501431166504,55.487426345520824,0,3
0.0008332360044278075,38.80056765343858,0,2
0.003122312416736486,124.3885532691946,0,3
0.00032061882797989276,9.32351956270919,0,2
0.0004018580504714737,11.685936907104951,0,2
0.035889393743443146,140.12757806434644,0,3
0.08431185812769841,297.6216252672792,0,3
0.001160220650700798,46.22156560635291,0,2
0.003383670440954574,166.65059375565102,0,3
0.00035900733707403427,14.302349448535047,0,2
0.0024495855950208848,159.5899314103625,0,3
0.002325149049795736,39.5119917274557,0,3
0.0006939654978996013,34.17879024834297,0,2
0.0020623288904928296,35.04580580225779,0,2
0.0004248231737501372,19.782366827943317,0,2
0.0033900326416395343,135.0541520344203,0,3
0.0014728707750491113,19.903351154275466,0,2
0.0019485754559783175,33.11275778372241,0,2
0.00022569545818039612,5.439099779857532,0,1
0.0010248133946316176,66.76635414990928,0,3
0.00017978068372329637,3.0550699055853032,0,1
0.0006454747077202391,31.790549692388698,0,2
0.001246982626373446,36.261959363410924,0,2
0.0004114067154564325,5.55946418631562,0,2
0.0003142527567658181,14.633531537736296,0,2
0.0006358968656858177,41.428532803728764,0,2
0.0014296778928341092,41.574694431381374,0,2
0.001885653314177377,138.2992949644966,0,3
0.0042243055651484665,101.8027551581705,0,3
0.0027268531507802546,108.63401003209968,0,3
0.0006527208930510502,30.394679340616978,0,2
0.0023625397297884674,31.92571857251973,0,2
0.0007575960008928678,37.312683247037924,0,2
0.001985995002717913,33.7486399528031,0,2
0.00090515093962708,36.05994559255115,0,2
0.00045492216764116085,33.36531406672713,0,2
0.00017423314305132882,4.198894641720722,0,1
0.00013971436716558912,5.56602469038428,0,1
0.0009940051697142989,39.5997736613738,0,2
0.0008435622124470454,20.329248452795802,0,2
0.0008795706410882118,27.901733192417627,0,2
0.0005854092391613761,23.321884107233192,0,2
0.0026450362765965945,193.99464867613307,0,3
0.0005427460749511763,7.33429293347054,0,2
0.00022875636425426183,14.903423891464508,0,2
0.0002093102569779619,6.086692687093543,0,1
0.0004031546865540492,29.56853653471363,0,2
0.0002860807518501699,18.63809440192446,0,2
0.001118889152172045,35.49339318234911,0,2
0.0004478347708222221,13.022929042970087,0,2
0.000493256336721033,19.65064155230249,0,2
0.0023449812618262867,171.9877417429789,0,3
0.004244681787635474,134.64976341046565,0,3
0.0025637599715179382,102.13660621441339,0,3
0.000947836984214888,69.51711943686746,0,3
0.003269506431137518,55.55975479134023,0,3
0.0019720515670349167,144.6359939571079,0,3
0.007999984476322677,108.10622558227726,0,3
0.0009289602386911639,45.75261629486573,0,2
0.0013017990852099803,64.11546109070942,0,3
0.00045039267793072255,14.287353106617836,0,2
0.0003219376549708222,15.85588853566183,0,2
0.0006393718139504739,41.654924874427685,0,2
0.0009282754211476787,22.370776441482025,0,2
0.0010160518613916098,17.26608999345573,0,2
0.003446293280483524,58.56394952436004,0,3
0.00032799329296326346,16.154137341099545,0,2
0.0003019788556701265,14.872889212248857,0,2
0.0006284437520983734,30.951750844765293,0,2
0.004725924564513036,113.89141574094323,0,3
0.10333611414658123,484.87084827806774,0,3
6.095035389592825e-05,1.4688601141127322,0,1
0.02846345735169059,100.03125489720733,0,3
0.0017065581454533503,23.061239729612105,0,2
0.0004485683696576716,32.89930805445719,0,2
0.0001544626264562357,10.063204164704818,0,2
0.000345969215501866,13.782928947557433,0,2
0.0001753314265701999,4.22536249222101,0,1
0.0004434346433827681,12.894974379425697,0,2
0.001784902165910705,30.33140590276445,0,2
0.0017790488281508136,115.90461710641041,0,3
0.000246541329158947,18.082057685755963,0,2
0.0003002565741105668,19.56164592297386,0,2
0.0008273483297341456,38.52640148795976,0,2
0.00030231051846718327,19.695459919781893,0,2
0.00018354282628193708,9.039745895243277,0,2
0.001025290699105014,50.49702882110291,0,2
0.0005930156856670883,43.493494065967575,0,2
0.0011676149142005445,33.95396509571955,0,2
0.0008191899984947222,53.37003774743094,0,2
0.0013313605738375929,61.99629605753791,0,3
0.00450499280688754,142.90734758497993,0,3
0.0016394683411229756,22.154634780230477,0,2
0.00299102676247563,147.31233274744858,0,3
0.004449081708196927,141.13373613720543,0,3
0.0005442553099510377,13.116165298173069,0,2
8.683908848870998e-05,4.276948925841719,0,1
0.0010010266629304455,49.301990443116054,0,2
0.0021628999797641646,29.22792585614719,0,2
0.0002830065035488399,13.178514765274114,0,2
0.000989482987109377,31.388371797636456,0,2
0.0006138951188376427,19.473976294551633,0,2
0.06694422329928668,218.42594838044275,0,3
0.001990439887795084,33.8241732879302,0,2
0.0004201818732080611,10.126083849854808,0,2
0.0007510731970372252,18.100329061105143,0,2
0.0002454261778209577,12.087589193675758,0,2
0.0008784352914933348,27.86571764119688,0,2
0.00030719544588403495,9.744851599841542,0,2
0.00171408977657065,23.163016953677865,0,2
0.00019616676675031927,14.387440858326308,0,2
0.00045241645145537365,14.351551234987411,0,2
0.1500947985687342,474.94924944160147,0,3
0.03490720707118431,220.95653635469847,0,3
0.0008112307399006274,25.73385536628526,0,2
0.0008247093959627294,23.982353860050935,0,2
0.0003123029592531201,20.346465111391115,0,2
0.0008964150581954234,26.067537530628968,0,2
0.15731191939720826,546.422094005456,0,3
0.0006168231976414814,40.185887769757734,0,2
0.0025323342343578255,117.92097948142901,0,3
0.0014017696487596202,40.76312930518836,0,2
0.0016916526108606768,22.859816703121346,0,2
0.00035313164678542466,25.899701399449214,0,2
0.0004539213158183643,18.083589415985333,0,2
0.15133259154324954,925.1652113120812,0,3
0.002512719342987622,163.70308039693825,0,3
0.0006182419223559292,30.449296183875575,0,2
0.0006887578730453868,21.848772014619932,0,2
0.0020389921436775116,81.23059099396485,0,3
0.0015244141762917425,70.98605324872666,0,3
0.000536011365747422,24.959969503450303,0,2
0.00036906668357380426,17.186003423447,0,2
0.06139848740932682,221.36875918937093,0,3
0.000818179934002916,25.95429764878856,0,2
0.0007129627831231683,20.732788831569586,0,2
0.05185908031009954,189.66233982171676,0,3
0.0011198423865328565,44.61295211961499,0,2
0.002109129660590142,84.0247714263556,0,3
0.0005610826065619822,36.55440123373633,0,2
0.0036399177621055123,115.46544358842968,0,3
0.005105142268435233,68.9873415797885,0,3
0.00033167799279113414,13.213586652434435,0,2
0.0004559502127712314,10.98807535563163,0,2
0.00014827664198089138,9.66018871583362,0,2
0.0010560944732598775,68.8043091423265,0,3
0.0014389656331092373,19.44518064984519,0,2
0.0005195473186209898,33.84838689111193,0,2
0.001193659254879938,87.54643928264164,0,3
0.0044574706247039915,107.42186701059092,0,3
0.0020433506528773964,149.86527615309305,0,3
0.001453172172133192,19.637157936427755,0,2
0.0020687058469811203,35.15417143672488,0,2
0.0008733032188899475,27.702918073072745,0,2
0.0007331813545973478,21.320740100237337,0,2
0.0008409727910483949,39.160839786540244,0,2
0.04063409488326955,142.41586845395145,0,3
0.0015015775870848183,97.8274303283371,0,3
0.0005099821423133129,20.316974219313465,0,2
0.0005180339549752738,33.7497916018068,0,2
0.0008195752928052039,40.365251745650845,0,2
0.0016216027622051774,39.07947150569933,0,2
0.0004259684145612161,27.751743070739995,0,2
0.14705170032769502,514.5316410220856,0,3
0.0007183588825257508,20.889706123854914,0,2
0.0009067457113184239,28.763780563747,0,2
0.19330302202616165,639.5261083894243,0,3
0.0014251041491570048,24.217244635220734,0,2
0.004105529187741101,130.23556569408836,0,3
0.0008413910321302131,14.298023390803687,0,2
0.002171943593261121,106.97131879032405,0,3
0.0003286116546274925,13.09142803500557,0,2
0.00040523519024426234,12.854867625396395,0,2
0.002291404578075404,91.28634882704115,0,3
0.0020136910571504955,63.878292412144866,0,3
0.0003848506610519031,25.07293099916447,0,2
0.000998158632227623,46.48037450710897,0,2
0.0037137572698544646,107.99518161426585,0,3
0.0024241795613003103,70.49456735186081,0,3
0.001729125638101505,41.67069622653496,0,3
0.0007890528318419383,36.74312874303189,0,2
0.0006038096782634544,17.558642400737348,0,2
0.0012082630044955155,35.13600193192089,0,2
0.00045928155268072554,6.206411435776191,0,2
0.0005453554875106771,35.529783087800915,0,2
0.12085291197245326,732.8328894252659,0,3
0.00077017770285866,30.682800896303036,0,2
0.0012673928076072634,36.855482598496394,0,2
0.004514727028568694,76.72018145253874,0,3
0.0012029630838222372,34.981881494298875,0,2
0.0005258536176254498,24.4869625868999,0,2
0.10511707700078096,645.5250985842291,0,3
0.0016069427810453435,50.97542668856783,0,3
0.0026460751333705116,172.39117910377223,0,3
0.00018450991417756407,12.02077796668227,0,2
0.0008586340821866027,27.237583830045438,0,2
0.0003708697700305591,18.265864971228787,0,2
0.002873299112400324,133.7983908602368,0,3
0.0021740789987655103,101.23842324054282,0,3
0.0007208784620741592,28.718788196746434,0,2
0.0026072289132811617,128.40974144415486,0,3
0.004901809958397695,83.29800386034799,0,3
0.0025145265781528476,33.97956312227462,0,3
0.002395673216377194,117.99032172918683,0,3
0.0001160063826330183,5.401967118156486,0,1
0.001950344223628084,127.06447225525466,0,3
0.0001826610452621944,7.276960190470527,0,1
0.00042351318722472534,19.721365838386653,0,2
0.004444983700450919,75.53501106362245,0,3
0.003494105884797327,101.60777137245427,0,3
0.0013655080976509488,39.70865198934875,0,2
0.0011408368212625127,33.17526449684068,0,2
0.0002709861313441515,13.346453348840175,0,2
0.004651818981427289,135.2737939589725,0,3
0.102358720719491,475.3732707419109,0,3
0.0002730288128948499,12.71389242635937,0,2
0.00038158562819239354,5.156482755987037,0,1
0.0007329410608871656,17.663357495362302,0,2
0.0007429398229173406,48.40235655467855,0,2
0.0236655691089637,96.24505402579145,0,3
0.0027669733065138658,128.84721063916973,0,3
0.0005135089912744335,6.93920332139935,0,2
0.0015935959362051192,38.40452694828752,0,2
0.00030176783978048803,22.132530497954967,0,2
0.002414607868287666,177.09435943986986,0,3
0.001222574391692267,20.775592538890248,0,2
0.0004264505145606141,31.277120273144693,0,2
0.0003289835628106431,21.433202550997038,0,2
0.0025918602519322243,168.85909219578912,0,3
0.0006807330764500299,19.795556596766986,0,2
0.0002474194437944193,11.521363475302472,0,2
0.0042050587947463905,56.824239596593976,0,3
0.001410087054575133,33.98209361390571,0,2
0.0009103795877927399,44.837492745269905,0,2
0.005290759278539209,127.50353001867084,0,3
0.000983567356914447,16.714070555267494,0,2
0.00024364419497675273,11.999823997794161,0,2
0.0009426179486765238,43.54228934621917,0,2
0.0003841559750174575,22.145761098109276,0,2
0.0006534141819593784,32.91338789891421,0,2
0.0031824483631798114,61.12281958569155,0,3
0.000657993613927912,30.39465603836653,0,2
0.003546347978468476,163.81622057765895,0,3
0.0006683261355011723,38.52755624003758,0,2
0.0017183753905044095,31.71565128701763,0,2
0.0020902984032883354,53.80424534868187,0,3
0.0007050404256920581,10.172295078411276,0,2
0.003200967015815576,102.41656260762278,0,3
0.0009581169889799297,48.26169523329477,0,2
0.0019481983803999133,112.30942302042614,0,3
0.0014836738870234623,73.31372330742757,0,3
0.0016078054236472591,23.197352381540465,0,2
0.004052378571578946,58.46755603988081,0,3
0.00292498506724365,57.54338821132204,0,3
0.0008835871064757285,44.50752062146522,0,2
0.004569954433660267,87.77157348260967,0,3
0.00105781942344937,60.981001884937136,0,3
0.00018261762521227384,8.435644035716285,0,2
0.000450497248628902,22.260707643103807,0,2
0.0003292080562719491,8.47380976924342,0,2
0.0012504308539207374,23.07890879991977,0,2
0.0003627526005906381,18.272356774958737,0,2
0.0010880497560747846,28.006382215729005,0,2
0.0010303668686339074,19.789457999455966,0,2
0.001591119775004891,31.302184728791655,0,2
0.0012128533227824781,23.29433391285832,0,2
0.006232687758032835,119.70640396739871,0,3
0.00152326357306793,29.96724602625532,0,2
0.0004727793323807282,21.839064826144543,0,2
0.004341380981083154,83.3815403038812,0,3
0.0006824266628725039,21.834587078800343,0,2
0.00028029621224460923,5.3834321429371625,0,1
0.00046202922710706035,9.089525781905124,0,2
0.0011149992630155043,21.414926815459868,0,2
0.00037620499841700716,12.036869665731016,0,2
0.0010511855868251278,19.401485667167552,0,2
0.0023349352722275844,115.37764463339857,0,3
0.0027410688449833655,52.64558521115332,0,3
0.0028527046089033567,52.65169944868033,0,3
0.004498758703357433,143.9400656496925,0,3
0.002107957774440423,30.41353050556097,0,2
0.0022223395458418962,32.06382613101403,0,2
0.002248001628250979,113.2349918793391,0,3
0.0012481468695999236,24.554860353463802,0,2
0.003033509374509733,59.6783927326483,0,3
0.0005060202146842992,25.488947241172042,0,2
0.0005992626210890977,34.546194006387246,0,2
0.0014181970208075676,27.900266104733696,0,2
0.0021570592840940055,39.81233695372445,0,3
0.00021141955083414323,9.766089505078005,0,2
0.006540983961876422,94.37305513091816,0,3
0.0013455842171123207,25.84359334513526,0,2
0.005010411987549956,128.96791934205416,0,3
0.0010091935427914062,32.28965907734292,0,2
0.0014598087665651659,28.037415752197738,0,2
0.0010415434227427686,20.49033965507208,0,2
0.0011911870653542257,17.18639936210179,0,2
0.0016103221758123636,51.5230744717653,0,3
0.004976058313195279,97.89426225967132,0,3
0.00047866281878991177,8.834567306242388,0,2
0.0006215849725347906,35.833029287920695,0,2
0.0035860561326446767,165.6504567504074,0,3
0.0033051124314025437,152.67284270575837,0,3
0.0010063799871991577,58.01562963954421,0,3
0.0005677805549784699,10.904921137993655,0,2
0.0009471434324068924,24.379455841063315,0,2
0.001033143218308419,47.723917214636884,0,2
0.0009937753203244826,18.341877852314745,0,2
0.0017504453651552847,25.25535575569125,0,2
0.0012867521616535002,59.438858572824344,0,3
0.004451328669639548,85.49322035790776,0,3
0.0007631923008344174,19.64455684304314,0,2
0.0046387117523600295,91.25762526302847,0,3
0.0024395991797859233,112.69224559555985,0,3
0.0017851609016737104,35.11956622790072,0,2
0.0022948755722388653,106.00703744321096,0,3
0.0035577347102296432,164.3422071343001,0,3
0.00041857064949046775,10.774001398802065,0,2
0.0016854249993098847,33.157456467888714,0,2
0.001227957139008356,31.60759587288335,0,2
0.0011794660081455822,67.99366439255739,0,3
0.0020820621649343765,53.59224471353355,0,3
0.0009522294412101852,18.288732980766827,0,2
0.0024734214120425008,35.68642525974297,0,3
0.0016886139634859202,85.05785139997197,0,3
0.003755761056974823,120.16747924312106,0,3
0.002590591881833381,119.6670416207669,0,3
0.0006444440649562001,16.587979271217176,0,2
0.002902135426514739,143.4050673271843,0,3
0.0004202139692947959,20.76430066218949,0,2
0.0004607477610554306,21.28329123762829,0,2
0.004270345544167681,84.01073707911031,0,3
0.00026633072198364583,3.842609010404834,0,1
0.004619207674536472,88.71754231306035,0,3
0.004587217544132257,66.18419135608444,0,3
0.0017198830006744284,84.98567477355577,0,3
0.0017201996809061207,33.84158064528256,0,2
0.0009515111684154432,43.95309326485368,0,2
0.0004545397345076822,22.895803321041,0,2
0.0012529149138654563,61.9110831067885,0,3
0.0015100462747548238,29.002288642214733,0,2
0.0018586890930199918,91.84458867411898,0,3
0.0009772935761913906,48.29163029805953,0,2
0.001124684916789492,55.57477254180325,0,3
0.0018402035012242233,33.964204134024826,0,2
0.0010615994064719564,20.38931715115982,0,2
0.00011667435258103188,5.765304139280676,0,1
0.0002724605750884879,12.585753552218222,0,2
0.002888215854618961,53.30712217651229,0,3
0.0018892154200227022,27.257524560087226,0,2
0.0012643634881073257,24.873890759703006,0,2
0.005248065040082066,135.08510487220883,0,3
0.003888661385449371,71.77211053866442,0,3
0.00419411743907804,107.956511547989,0,3
0.0005211377296327575,24.072881112396757,0,2
0.00041836817794934034,24.118020602168997,0,2
0.0009418039150768252,43.504686745308184,0,2
0.0003697107092464224,17.07802264852477,0,2
0.003486937403486957,64.3575852865237,0,3
0.0007597473825882962,35.094961229138086,0,2
0.0008272106247497303,40.87548577237108,0,2
0.00029454293739620744,7.5815301989689,0,2
0.0005652149090249368,26.10893538163081,0,2
0.0022826753985863,32.934349402528845,0,2
0.002304645959333263,113.88093951232824,0,3
7.345372184493409e-05,1.4107687151094883,0,1
0.00031511504384517763,15.872786292698601,0,2
0.0006699016001532326,33.74388225524833,0,2
0.001808969072865404,26.099733471090577,0,2
0.0013531737931413493,26.621060657070913,0,2
0.005630535995610287,110.7698368315247,0,3
0.0024833343073184027,125.08902866839419,0,3
0.0005629375430621578,10.390006113209667,0,2
0.004027771513971645,103.67477026497498,0,3
0.001642621426027931,32.31537947345254,0,2
0.0008469230902859188,39.1218630018667,0,2
0.0009039111889973481,28.92109678802494,0,2
0.0014158264233809308,65.40117751569657,0,3
0.0011006443532281475,21.139223187004195,0,2
0.0006957748773571458,22.261669968974388,0,2
0.00026707248429525525,5.254131317274144,0,1
0.0014652368845544197,27.043533293248032,0,2
0.00045345724424807336,22.841276769896268,0,2
0.0006686088953440732,38.54385673342114,0,2
0.0007632477720330954,24.42049944386551,0,2
0.0018062500029497725,104.12640606974041,0,3
0.0010058041476211689,46.46104530773933,0,2
0.0006378994372220879,20.409915918167453,0,2
0.002727417960405643,39.351077306200715,0,3
0.004447625080856248,82.088772278346,0,3
0.0022924094032467975,33.074791232660814,0,2
0.00036142668034225116,16.69535904233701,0,2
0.0011353172084407714,21.805157848569127,0,2
0.002168818912863901,100.18411040874383,0,3
0.0006671395770568019,33.604755281778026,0,2
0.0034275121737518204,169.36584335483883,0,3
0.016317257253595403,68.44442798265688,0,3
0.0033171854613693067,163.91419920596405,0,3
0.0009639254550204808,48.554275806488114,0,2
0.0007350658229553218,23.518803694466087,0,2
0.0005398014253134184,17.271220290037796,0,2
0.0007275812428110254,41.943485018100205,0,2
0.005554559757653898,80.14096614397943,0,3
0.002888913957008949,166.53964140999327,0,3
0.0004921611045787959,9.452556952788091,0,2
0.050027992583427605,216.03940165328513,0,3
0.001059302304048393,27.266423289508612,0,2
0.0042358696630213945,81.35506618013653,0,3
0.038303804336897805,167.74770234587984,0,3
0.0033463792758073618,64.27131359206088,0,3
0.00018302024780081892,8.454242354655966,0,2
0.0008705768417557774,40.214499198822445,0,2
0.0023569943535476402,60.66899457237066,0,3
0.003522046682172608,162.6936723848428,0,3
0.0031463847444475205,155.4743145314176,0,3
0.0009329872097073883,18.35470744983405,0,2
0.0006053154539414775,11.908403412565383,0,2
0.0014800023362778292,28.425257997375578,0,2
0.001666632968165561,83.95063786626237,0,3
0.0014409070462028924,37.08892286220192,0,2
0.00034004513728233733,19.602866706644864,0,2
0.0013487876357564385,62.3044591768788,0,3
0.00045405231704364246,8.720631001658678,0,2
0.0005804053446022483,33.45911280188487,0,2
0.002820027249651076,52.04858109820063,0,3
0.00014343052538486823,8.26845957349809,0,1
0.0004512676226363459,8.877812159579326,0,2
0.0004402510550953104,20.336488237735278,0,2
0.0033258916210864736,167.52982114087789,0,3
0.0004680928848537304,23.57849449443142,0,2
0.0006225543422834071,30.762674461818236,0,2
0.003014326200597731,173.7693860083139,0,3
0.0007536594961592524,37.962884837311094,0,2
0.0009760718927002636,25.12407391699715,0,2
0.0004640161196088784,21.43426631084987,0,2
0.00044714055295963913,25.776685791938153,0,2
0.0007436959151183418,37.46100529946821,0,2
0.0018387486915778038,90.85926090987257,0,3
0.00016503350412607138,8.154905713294843,0,1
0.0004666719868196853,12.012129003544791,0,2
0.0007439501770875843,42.887118676024826,0,2
0.000852314281809233,15.730964664753294,0,2
0.000765189978942796,35.3463707271166,0,2
0.0005905389761189983,29.74627568098999,0,2
0.001615679330262195,23.310956791427124,0,2
0.001696197630841124,31.30632158193987,0,2
0.0006796658113927153,13.371101985074283,0,2
0.001430989594071003,36.83364781300389,0,2
0.0014155158609551563,45.290147658287964,0,3
0.0005787346403137613,33.36280031309243,0,2
0.0009851861238911069,31.521529537519,0,2
0.00047942615773943954,12.34042114609532,0,2
0.0014102779024828835,36.30052922379178,0,2
0.0009574965846223511,18.836881697949984,0,2
0.0013812195135574823,25.49284439528338,0,2
0.003628997626206152,116.11161900478345,0,3
0.0013901953417433412,35.78360445192173,0,2
0.001994046306867296,114.95245682028882,0,3
0.0004473640069089043,22.105882773215423,0,2
0.0025524120465781116,147.14103406796238,0,3
0.0012853312899757175,25.28639145119814,0,2
0.00031106853100702314,9.952795365816906,0,2
0.00028271185392112104,13.969821006747411,0,2
0.0009550868639761952,13.779955094551891,0,2
0.0013901808954867396,64.21653532044317,0,3
0.003149988103961756,155.6523696314732,0,3
7.918353951756725e-05,1.1424569428555638,0,1
0.0033095309157434613,166.70570948838872,0,3
0.0015516112371223134,39.93844685360222,0,2
0.0007519383633673726,24.058649179571834,0,2
0.0015704145748715696,77.59989619488738,0,3
0.0008262975262048561,38.169107667207975,0,2
0.0007432765495651741,14.275536711600859,0,2
0.0019227732877498598,35.4881753051447,0,2
0.0006142935303349926,35.412693415206334,0,2
0.000703369392753724,13.509070875364335,0,2
0.0020225823222420015,39.79037057710689,0,3
0.001906180231263534,27.50229217851406,0,2
0.0048721296779721665,89.92375399785976,0,3
0.0022073534101490337,111.18748417790361,0,3
0.0024641419898024483,48.4771976154538,0,3
0.0010145853514919284,26.115409691254662,0,2
7.296874108372092e-05,3.605650905291319,0,1
0.00030216810201715575,17.41933754495669,0,2
0.004393768229500551,113.09551949778805,0,3
0.0006745207751420367,33.97655657174935,0,2
0.0012445701172572544,32.03521365045515,0,2
0.0008084649346368832,25.867245487129548,0,2
0.0006681496590175479,38.51738275244416,0,2
0.0018837514330460193,60.27158218954677,0,3
0.0008005971519899551,40.32720032980479,0,2
8.49094111558068e-05,1.5671530738188042,0,1
0.0019301706532813554,35.62470674462874,0,2
0.004249745273538292,109.3883710608733,0,3
0.0004195678668536432,24.187180072786465,0,2
0.001009600999382038,46.63643303317845,0,2
0.0008605058778142562,42.5207253307221,0,2
0.0011362511829448266,20.971521410208954,0,2
0.001363741047570779,43.6335862534751,0,2
0.00024884404903524246,7.96189151641687,0,2
0.0042112824698905815,60.76021513265434,0,3
0.000744726125332679,36.79962663627391,0,2
0.00034814593304963913,5.023035605161949,0,1
0.004711000865821607,67.97013217327093,0,3
0.0005535260624281298,27.351736078417648,0,2
0.0007375371064081819,23.597873661516825,0,2
0.000927626359875458,45.83739248590691,0,2
0.001278622040971152,24.557502717964038,0,2
0.0006140564534946728,28.36506965575896,0,2
0.0027115336754168907,50.0461406615487,0,3
0.0007608344015113173,43.8604576964523,0,2
0.0009719213668110492,48.0261698923028,0,2
0.003461680644295781,159.90518793935976,0,3
0.00660517491042816,121.91016311482718,0,3
0.005956489939440447,85.93999873993164,0,3
0.003153203959490668,45.49430068051654,0,3
0.002385847766998346,44.03503228698913,0,3
0.0003724862781687622,18.762655753243966,0,2
0.0015853894323569762,29.26116066873902,0,2
0.0008208220924795241,16.148077078728026,0,2
0.0015303730743592141,22.080161541313906,0,2
0.0005413998769375174,17.322363560188954,0,2
0.000516762980275162,13.301470323137199,0,2
0.006149857433193484,113.50647529861568,0,3
0.00014156418212560472,3.6438596401783054,0,1
0.007045193958980362,101.64777681370911,0,3
0.00041389773258856575,20.45219243256109,0,2
0.00015579253340838758,2.247768444323996,0,1
0.006843985644190709,98.74475129107876,0,3
0.00011100900021625447,5.4853584724174285,0,1
0.0005745686433025912,14.789387106299957,0,2
0.0012493111873047831,18.0250118701353,0,2
0.000638265948925833,36.79465149885322,0,2
0.0017540784481636942,33.68922549276932,0,2
0.0010009872590293377,50.42113080482801,0,2
0.005660524864442926,104.47497892149539,0,3
0.0017350605466271078,25.03338420896355,0,2
0.005811020594593373,111.6077695152851,0,3
0.0005865587734455258,29.545787295330125,0,2
0.0001831090145841641,4.713222921063841,0,1
0.0024202202003660105,44.66943622258967,0,3
0.0003248181580453948,8.360813863555647,0,2
0.0017198508525912868,55.02750001793124,0,3
0.0012353026468553724,24.302175270063053,0,2
0.004282169510173955,82.24431146596528,0,3
0.0009361315313584071,46.25766394463974,0,2
0.0028020022034740727,40.427175783741625,0,3
0.0001644195251270555,9.47843001312911,0,2
0.0029251619117430083,53.98902688176564,0,3
0.005678014619717923,81.92216795882165,0,3
0.0008163214864370499,47.05916813363848,0,2
0.004299078712539305,79.34708682153199,0,3
0.003512693254646222,162.2616101179354,0,3
0.0019094031285532744,27.54879201177748,0,2
0.003257639612150848,62.56695963787684,0,3
0.0009630841996007639,24.78977091751174,0,2
0.002777823225964545,53.35149812515005,0,3
0.002789216412900343,51.47991271546696,0,3
0.0028699578484063263,165.44686274777303,0,3
0.0008617439880740742,15.90500654017082,0,2
0.001602118497394021,29.569925095886113,0,2
0.001537003000107099,29.520025576894117,0,2
0.001073530736733408,53.04705844273401,0,3
0.0005404420347848208,31.155314424503764,0,2
0.0009226788323744504,42.621243048987324,0,2
0.004567813531102555,117.57544260084745,0,3
0.0011098524420748996,21.834186658526228,0,2
0.0016792398032024094,53.72812890234432,0,3
0.0020165173242648357,29.0942313456925,0,2
0.0016105946624228892,41.45667921764429,0,3
0.0020667523215005226,119.14380131360278,0,3
0.0007525888625414348,24.07946223045845,0,2
0.0009178875539428428,45.356162661932,0,2
0.001923705848066719,36.947127515947166,0,2
0.0015204720295026568,21.9373096619105,0,2
0.0019868584123089706,36.670979408621314,0,2
0.0038640355106822704,76.01737798376332,0,3
0.0028016473022723642,55.116957741525624,0,3
0.0009489296124963168,43.83384362086815,0,2
0.002402709173203428,47.268626517412734,0,3
0.0017032961187184166,33.50903595915263,0,2
0.002016532769269603,29.094454185603883,0,2
0.0017217127408078099,31.777247978305326,0,2
7.291089526576136e-05,1.8767252040664482,0,1
0.00040140187483949475,18.541930591196508,0,2
7.959367703549827e-05,3.9330130874703424,0,1
0.0007707394081523639,15.162797742030882,0,2
0.0007534336782825878,24.106492538430448,0,2
0.004925092400997423,94.5924332196359,0,3
0.0013562359976302093,26.681303570328232,0,2
0.001657393632527297,23.91280907700939,0,2
0.0008980413089715563,51.770139157183856,0,2
0.000450932627963365,22.71410831018309,0,2
0.001989651302908132,98.31590781199941,0,3
0.0005687035221826645,28.101709569685255,0,2
0.00022912198402055082,11.541195377216399,0,2
0.0008223000778021558,21.165990016882997,0,2
0.0050552873990562614,72.93748451217897,0,3
0.0012528971444063107,40.08707937226483,0,2
0.005026437108362984,96.53888248050642,0,3
0.0020110030642340178,29.014671822396362,0,2
0.0003553570969760274,6.825068390193263,0,2
0.0012084339621935398,38.664457313890345,0,2
0.000446496363939156,8.575509665599665,0,2
0.000921320605930926,42.5585025835796,0,2
0.002518141862810837,124.43054864929663,0,3
0.0008948161908891489,45.07314533738474,0,2
0.0018211614392440196,34.977636518855654,0,2
0.0031713770395434197,81.63119105881714,0,3
0.0014198479606152262,27.932745132175416,0,2
0.0007357819701783597,23.541717187964192,0,2
6.392898802421306e-05,3.1589638264334368,0,1
0.007468480691292052,107.75494086692561,0,3
0.0007963786575682194,40.11470885489428,0,2
0.0007269616694455217,35.92182025644278,0,2
0.0022259821051700468,112.12583764834496,0,3
0.0008974575874602595,41.45619972972158,0,2
0.000491684075845597,9.443395031566103,0,2
0.00044926148063617095,14.374348855026964,0,2
0.0022009523208900636,31.75525210434762,0,2
0.001601478274688973,31.505968049015475,0,2
0.0008210070465169746,41.355275315152255,0,2
4.685194569336213e-05,2.1642288677804475,0,1
0.0019947979812599396,28.780865533032664,0,2
6.25669501663498e-05,2.8901510431439643,0,1
0.0008011210055673974,39.58630279310666,0,2
0.0011863318134086498,37.95728785740848,0,2
0.0003723360200911598,17.199293460931667,0,2
0.0005461308845237608,27.50937788342209,0,2
0.0069476858321105475,100.24093345704725,0,3
0.002845621761247402,55.98206963304308,0,3
0.0007686145429704553,38.71619149996651,0,2
0.0009574655331282335,48.2288804892352,0,2
0.002201429833059063,108.78065528631655,0,3
0.00039615501276294324,5.715708688137764,0,2
0.0003738813469751641,18.474837268273657,0,2
0.0004628025024613483,14.807600713817553,0,2
0.003800432448476993,70.143689755928,0,3
0.0017672009550958553,32.616813273526,0,2
0.003205857957410964,161.48355731227085,0,3
0.0019999419407799282,38.41133507222363,0,3
0.0005612907682721017,27.735418436641645,0,2
0.0011464109174799835,16.540370890465883,0,2
0.002128686376124786,41.87776132372895,0,3
0.00023661722594042598,11.918741214934977,0,2
0.0012357393023434003,17.829197256438615,0,2
0.004168511183421964,82.00734423472748,0,3
0.00037331393966924986,7.344225170807095,0,2
0.0007523712057152157,13.886338765508267,0,2
0.003250766574024669,150.1624480649198,0,3
0.00030162286918981,13.932845499217697,0,2
0.000598634010676349,19.153598687697006,0,2
0.0008684217857669116,16.679104286449004,0,2
0.0003163754220142951,15.936273307099011,0,2
0.0006468514385365239,37.28958640600914,0,2
0.0010546239631939558,19.464946972834444,0,2
0.00020034044846503198,9.254313252854558,0,2
0.0018974160927685106,36.442200558251365,0,2
0.005205030602013566,102.39884638649625,0,3
0.0014538388239416554,26.833161963595426,0,2
0.0005171067191384608,10.173068238638244,0,2
0.0025543756891356142,128.66748261258806,0,3
0.0005184127800662526,23.947007695022087,0,2
0.0008792284487492998,17.297108460282264,0,2
0.00038347436244833157,12.26945665358601,0,2
0.0003224110444063306,18.586299391777064,0,2
0.0031589966378333485,81.31251972936676,0,3
0.0030139079346192766,59.2927725536775,0,3
0.0004412102111836209,22.22437655409071,0,2
0.006618466617379304,95.49097178720143,0,3
0.00011986935754304397,3.8352808700887904,0,1
0.001315018596101243,42.07468671571926,0,2
0.0012851499556551912,24.68287931672357,0,2
0.0005917895374225181,34.11538689597139,0,2
0.003836923710553664,75.48400608474766,0,3
0.0012385565191423715,17.869843947797996,0,2
0.0017020677321109823,32.69029597341142,0,2
0.00015853227697577296,2.2872973549949926,0,1
0.0030674013429336853,154.50930363783132,0,3
0.0034418563227456853,63.5255343596233,0,3
0.00046107458230299636,8.855502208838766,0,2
0.00038850509882606266,12.430417614647666,0,2
0.0008494401831091135,15.677918099584142,0,2
0.00047061627454831803,15.057606313435683,0,2
0.006331849263399769,91.35566806130315,0,3
0.006280177995922113,120.61851216565633,0,3
0.0009785879801215325,48.35559150436806,0,2
0.0005384786725928285,10.342142589470978,0,2
0.00210699977297347,104.11452254813926,0,3
0.001951835036979251,28.16099789036306,0,2
0.0007118492601747223,10.270532670148992,0,2
0.003063381705619816,98.01445085016593,0,3
0.0012159645813955688,22.442772897012844,0,2
0.005444874193061054,78.55842720263384,0,3
0.0010623535695395863,49.07322906149696,0,2
0.004082104083484844,78.40180984918037,0,3
0.00012688414225277603,7.314596372842557,0,1
0.0009366342717039746,17.989208644986576,0,2
0.002833306451477633,140.0039773197786,0,3
0.0047678783649680815,87.99961198109082,0,3
0.003211267930853955,82.6579819226829,0,3
0.00030139975041733016,5.929453466032102,0,1
0.0017348803379060535,33.32050226594796,0,2
0.0032874694106509576,165.5944405646472,0,3
0.0012771925786206199,40.86442410808842,0,2
0.0008920062369799872,51.42223030966663,0,2
5.319254898833267e-05,2.6793832251009064,0,1
0.0013123604304406979,25.81813718221495,0,2
0.00098705423497613,49.71930486053493,0,2
0.0006062619365353504,34.94968940357838,0,2
0.0072784101863045654,105.01261121889515,0,3
0.00042588527406291487,21.04454045895245,0,2
0.0004961021648827392,9.759844515454674,0,2
0.0029248327509598855,147.32792389525414,0,3
0.0007918767666009838,39.129511321814384,0,2
0.12034096347046046,333.3612996068836,0,3
0.0005044831129732329,9.924723357042977,0,2
0.0005696239917233948,26.312603850788662,0,2
0.0036366628618754223,69.84656548466265,0,3
0.0015953244148928035,91.96700211311686,0,3
0.000582684873992008,8.40695406955636,0,2
0.00034727331323529474,17.4926433815374,0,2
0.0017407904792622443,34.24666452644713,0,2
0.0069824461718513775,100.74245424930889,0,3
0.000620477737216539,28.661687595385757,0,2
0.0008859582905855338,17.42950499991593,0,2
0.0030637737437546417,58.84352813309512,0,3
0.0006904714392389252,22.091983777462037,0,2
0.002769643219749092,127.93794838028694,0,3
0.0006544618119026655,20.939837493436197,0,2
0.0005234908632596275,10.054283349881414,0,2
0.00067095306505532,33.15423139408418,0,2
0.00012427775160007485,3.9763296730630806,0,1
0.0002045895708405969,6.545947048918261,0,1
0.0018503738514391809,106.67005050304957,0,3
0.003017753993976851,96.55456908223913,0,3
0.0058551135365792865,84.47734405189813,0,3
0.0022740622038280086,32.81007857286235,0,2
0.0008536815375065763,39.434055512974936,0,2
0.0044053496603008386,113.39362532960959,0,3
0.0003645237766253847,6.727929792967868,0,2
0.0035435078962227336,163.68502884395093,0,3
0.0006409297292822197,32.28452852454804,0,2
0.005236922685667264,103.026261059858,0,3
0.0006769710059273643,34.09997812963094,0,2
0.004266731663774644,83.93964101618178,0,3
0.000995395832657571,45.98025469433346,0,2
0.004151308464710999,79.73096477190133,0,3
0.00027398457662263556,12.656151655561269,0,2
0.00034932917493699843,20.138071397699406,0,2
0.0008292695536035032,15.305633524761534,0,2
0.0017707789639429326,56.65697076191666,0,3
0.0009347111191213994,17.952272143612195,0,2
0.003064427812855721,98.04792158157022,0,3
0.0006354007786806865,36.629480631078636,0,2
0.005448018586590048,78.60379438677535,0,3
0.0016254534541290046,23.451977459864025,0,2
0.0011529568067318503,36.88943759717287,0,2
0.001397705920198025,35.976926613604775,0,2
0.0029448996136126975,94.22355624426278,0,3
0.000262141146283555,12.953347520782058,0,2
0.0015896656525473934,40.91796685941128,0,2
0.00265892386996339,52.30915199776949,0,3
0.00035319635651392836,6.518862258468875,0,2
0.0018166782321529585,34.89153103436056,0,2
0.0003300426935364988,15.245640589327854,0,2
0.002114182738289187,30.503344035132574,0,2
0.000503047630662644,24.857413160278185,0,2
0.0005693070118778451,10.93423861278612,0,2
0.0012156225022487777,38.894458297651525,0,2
0.000989751530197553,45.71952779939502,0,2
0.00436978839504798,80.65215883632764,0,3
0.0009030021255661025,28.892010842633923,0,2
0.0010176685120368634,47.009095118399614,0,2
0.0014831897977520244,29.17887249371298,0,2
0.004255861088392952,61.40339365840897,0,3
0.0009921883467143666,31.745569206977514,0,2
0.003948512057639602,56.96897412875163,0,3
0.0032748119788018793,161.82037130773713,0,3
0.0018610154645651259,35.74308189972952,0,2
0.00031976965203323206,16.1072454290943,0,2
0.0002906904366215078,13.427844355524856,0,2
0.0028400395638819346,73.10257007070439,0,3
0.00024650322183277065,4.734396362780779,0,1
0.0008992178026151229,12.973878510559077,0,2
0.0007562472089062621,43.59601596405975,0,2
0.0033764478049945444,86.90970907366936,0,3
0.0008674559333933013,50.00695840587262,0,2
0.0015906995366568217,91.70038788560878,0,3
0.00044980439592255054,11.577957500737858,0,2
0.00339120311374819,87.28951047002876,0,3
0.0008847103947516038,16.991946976936035,0,2
0.0017966182948698632,103.57115893062013,0,3
0.00017991235330885083,8.890123770079306,0,2
0.0006689039560938524,38.56086634748152,0,2
0.0031738489372862212,62.43930048314998,0,3
0.00022868658755047298,13.183287163513409,0,2
0.0009686135236608276,48.790420392750036,0,2
0.00037590808680291674,18.935017048730483,0,2
0.0028819289972808002,53.191087126121,0,3
0.0011841463705698407,58.51297925153753,0,3
0.000713456378381061,32.956643894794404,0,2
0.0010317572969653923,20.297816677434096,0,2
0.004349026404140965,80.26895964290937,0,3
0.0008558914099927001,27.3846796120483,0,2
0.0007601578024115426,37.56216193019831,0,2
0.0005439125101216074,17.4027565328553,0,2
0.002408164800035491,46.251755192065524,0,3
9.858132459482397e-05,4.871261816924016,0,1
0.0008836331155594767,16.309009028882155,0,2
0.000487641036874477,12.551871995311876,0,2
0.0011256674068832264,20.776179139408008,0,2
0.0006029574237523658,30.37181028881518,0,2
0.0007508783955572574,43.286515486286376,0,2
0.005556465889595695,109.31265166056997,0,3
0.0005503199482014966,27.193310312918094,0,2
0.001739870551689309,87.6397175676976,0,3
0.0014615531968387781,37.62035442841825,0,2
0.0005167567865415097,26.029763409534457,0,2
0.0018556090366546089,106.97184760793634,0,3
0.00035010418985929285,6.461790864242858,0,2
0.0014837831382853081,74.74023572890354,0,3
0.0009199249816783917,13.27264086232963,0,2
0.0003929380163734092,22.652026788272714,0,2
0.0004893605467174568,28.21057711767324,0,2
0.0014022546553994217,36.09401098032349,0,2
0.0010221895331367172,18.866312309493175,0,2
0.004349572685800643,111.95792695463373,0,3
0.0013586193374326904,34.97083863801275,0,2
0.0020862099256873786,103.0872205750662,0,3
0.0010429417950882176,48.17654223193703,0,2
0.001633330417343974,23.565625970253773,0,2
0.00040851725850723375,5.894070675564683,0,2
0.00248521266257766,63.969331666056256,0,3
0.00026656015131057697,5.244052162969747,0,1
0.0003006416410982899,17.331340374449926,0,2
0.0014258914904764738,28.05163981949093,0,2
0.0005959966766721388,15.340944320782434,0,2
0.0007574204993992237,38.15233184036672,0,2
0.0005968059328033904,19.095108409289754,0,2
0.0011124232668596197,21.884762632491746,0,2
0.0018532731171315472,93.35196368690478,0,3
0.001567239318375358,22.612066236277776,0,2
0.0014707682614262202,27.14562461797982,0,2
0.0029662340198141628,94.90616138753137,0,3
0.0029186971392199295,168.25657744868397,0,3
0.0012021014212386196,38.461844455347766,0,2
0.0008913043060158392,12.859702897960831,0,2
0.003153777477661598,60.572160105032836,0,3
0.000561103190424918,14.44278657825013,0,2
0.0033144793152598898,153.10552656008306,0,3
0.0007173395559307553,13.777384973821276,0,2
0.0012493889805094915,62.93347357234789,0,3
0.00013192866964476806,2.5954397985101805,0,1
0.0017997337325480196,33.2172631116537,0,2
0.00015515909269994216,2.863734958772259,0,1
0.0009357442109863302,18.40894608396245,0,2
0.0016375364127744752,23.626309904193466,0,2
0.0005755806918947777,26.58776131280728,0,2
0.0012765388194942596,32.85808750230945,0,2
0.001097565756569189,28.25132390660609,0,2
0.0010923541655725197,21.489942125765467,0,2
0.0006258782072291558,36.0805249825411,0,2
0.0024699046229419873,124.41255664889272,0,3
0.0004084039562495131,18.865377280503534,0,2
0.0004994561575677944,9.218345079956062,0,2
0.00081659789908939,26.127463808318186,0,2
0.0024300195558269854,140.0853716895396,0,3
0.000774146171452636,38.99482737744433,0,2
0.0005985579086162048,30.150200546875705,0,2
0.00014770960082752265,2.8369438407585776,0,1
0.0028947101358803374,53.426985601572845,0,3
0.003180307580292029,160.19654901600566,0,3
0.0024414777006809005,122.98065274324779,0,3
0.0008672370050714632,27.74768767897423,0,2
0.0016960293934520623,54.26532035494721,0,3
0.004122539634419555,76.08874648965954,0,3
0.0009913463406407634,48.98602850345807,0,2
0.0013325553039261076,25.593357105863547,0,2
0.0005720209236595877,10.557655937064972,0,2
0.00017269586804163854,3.3168357129152457,0,1
0.0003706831362963228,18.31680204581798,0,2
0.002167856200151754,107.12165996738587,0,3
0.00099040066526836,49.88786924331977,0,2
0.0007677928505658071,14.17097244512004,0,2
0.0008007699913978311,25.62104187674849,0,2
0.0007225711785802797,41.65466565108337,0,2
0.006143494709326228,117.99334219789225,0,3
0.0023898267398700483,120.37892147469556,0,3
0.0011677395227281191,22.973002303006528,0,2
0.007396359735977384,106.71438260662785,0,3
0.0014470620383608419,28.46812914423971,0,2
0.001653119758693618,31.75019017848646,0,2
0.0004931733329098845,24.84183180534716,0,2
0.0009213456186664606,42.559657995238716,0,2
0.0006233545036161771,28.794573877819047,0,2
0.00032102791869538885,4.631777978081554,0,1
0.0003234195690709853,16.291096864491973,0,2
0.0016060114866549074,31.595150171317997,0,2
0.00043296826318863906,13.85303910189613,0,2
0.0027670783215244946,139.38161224158134,0,3
0.0019261164089771638,111.03644512731577,0,3
0.0007220792457750565,41.62630678882618,0,2
0.0018141185361126323,26.17402972097557,0,2
0.004610007090836523,66.51299802493821,0,3
0.0005819533504484479,33.54835199085455,0,2
0.0008265002970760442,41.631978042868425,0,2
0.0008328588418560748,48.01251090616103,0,2
0.0016117363168202021,31.707775062410473,0,2
0.006143701243557392,113.39285195133432,0,3
0.0010748333969119736,34.38983949028649,0,2
0.0004094709607787152,8.055544187634617,0,2
0.001896033139023106,93.68989381819264,0,3
0.0007297379348371916,14.015511029791579,0,2
0.0022576808785661445,32.573729466815635,0,2
0.00031042728084335107,14.339547111763874,0,2
0.0006591348171900293,32.57024878068605,0,2
0.0007817887031353006,15.380171115243927,0,2
0.0006517372268470819,32.82891732018485,0,2
0.0025065066705003925,123.85561147668926,0,3
0.00018106325936360682,9.120410077121019,0,2
0.001477614969616114,38.03378418652699,0,2
0.0001735981510065806,5.554360858230527,0,1
0.0017861238121389302,35.13850961716223,0,2
0.00068375445652324,9.865181966134568,0,2
0.004077640823156433,78.31608746669845,0,3
0.004343745033506772,80.17148262462969,0,3
0.0030391238783670873,78.22699693951053,0,3
0.0002641595113369178,12.20230305643702,0,2
0.000618608771815072,35.66145775342637,0,2
0.0006739576280187113,17.347657882477208,0,2
0.0022291444938819967,43.854079265936186,0,3
0.0007191218104008351,41.455817035913626,0,2
0.0017442046762361472,86.18749722800509,0,3
0.0008016684324853445,40.381162229418834,0,2
0.002064991324890554,29.793612289007754,0,2
0.0002688378479364344,6.9198816334685285,0,2
0.0007878987244813474,39.68756274336037,0,2
0.000559224725894508,32.23809594332776,0,2
0.002737527932181163,50.52591055790346,0,3
0.0002444513081213863,11.29192331233218,0,2
0.00047834631433079316,22.096220059816094,0,2
0.0012475900625753228,32.11294699157876,0,2
0.0022342431440611973,32.235570770284504,0,2
0.0028677764491891627,132.47101023929127,0,3
0.0012014752033857007,38.441808297642105,0,2
0.0026996976947002583,53.111297640141956,0,3
0.0004992856294666679,25.14971674736563,0,2
0.001760119218676463,34.62691985431312,0,2
0.0005904332722933461,29.175455560018822,0,2
0.0028192291906631146,52.03385151076093,0,3
0.0008805996172198438,50.764663351001914,0,2
0.0008233836110991317,26.34457610452407,0,2
0.0016364511418767874,31.43004897204119,0,2
0.001909999744810443,36.68388501176427,0,2
0.00045576619196614857,22.957581701716748,0,2
0.0012401444563382804,57.28591188488148,0,3
0.0004617926223852638,26.621345904482414,0,2
0.001329505157283314,24.538364658674336,0,2
0.0006581384930237028,33.15135806685419,0,2
0.00040324465744168934,7.933053787920693,0,2
0.0009355058605587484,29.931984323587677,0,2
0.0030626685482068716,60.25204272175987,0,3
0.0018001077468087824,34.573274563067045,0,2
0.0008629886288102143,27.61175872650732,0,2
0.0016376037839832397,52.39596335736266,0,3
0.0004900308755968083,7.070145884486027,0,2
0.0011951241545881876,55.206292026158266,0,3
0.0003437542348101769,8.848228157414852,0,2
0.0010276930258230643,26.452801005601746,0,2
3.9891603495962535e-05,2.29966466303678,0,1
0.00016446055102132794,5.26199871380693,0,1
0.006286182944495827,123.66841444540715,0,3
0.0011386857949466183,52.59923856490223,0,3
0.0009254714357594275,29.610927814534815,0,2
0.0006200571586518912,12.198417760518069,0,2
0.0007138929916660226,13.711189484781743,0,2
0.0009082657733175753,44.8807154840479,0,2
0.0012867410815281754,74.1778403559928,0,3
0.0019585580069951102,50.41324978874529,0,3
0.001123791362285669,55.53061876365406,0,3
0.003062026733802564,78.81651604888613,0,3
0.0010193083138819174,19.577064907770733,0,2
0.0018900888037202744,36.30147099552561,0,2
6.788430053041664e-05,3.135775061265515,0,1
0.0014947856055473828,38.47575606335832,0,2
0.0017372900786079806,33.36678428826648,0,2
0.0006807204654347958,13.391850250647233,0,2
0.0014022744348074732,25.881450135292443,0,2
0.0034285928908934695,88.25192269781996,0,3
0.0009566350548570034,13.802292330692397,0,2
0.0008049943244090484,25.75620155324036,0,2
0.0011158250250681895,28.721317167215282,0,2
0.0003390033873499363,10.846585257884866,0,2
0.002703617529417234,53.18841275890587,0,3
0.0015385572463469852,22.1982424475972,0,2
0.0006781677508645428,31.32655862842263,0,2
0.0017605080688963672,34.63456972555882,0,2
0.001214957021175985,31.272973060985144,0,2
0.0030507411000125335,58.593220243927185,0,3
0.0009661549217550477,48.666577169801776,0,2
0.0008985638253451931,41.50730010409825,0,2
0.0009619055289049786,18.923619095449382,0,2
0.0004050572745482725,20.015353245496037,0,2
0.0017123550587839324,79.09870540627554,0,3
0.00036451513348314374,16.838023756585024,0,2
0.0018894376612787053,93.36398727318809,0,3
0.0008760110386287895,17.233812178303623,0,2
0.0009940116815897058,19.09121209406553,0,2
0.00359057938686691,66.27048104942718,0,3
0.0014528001535670768,67.10910261964203,0,3
0.0007064195448775774,34.9067591639123,0,2
0.000497530659389927,12.80643071065608,0,2
0.0017015268581047406,78.59851903942959,0,3
0.0017736139830452956,25.58963164845983,0,2
0.0018006041866352469,88.97440217810117,0,3
0.0028486734382278823,52.577297077622006,0,3
0.0008046287680118049,46.38510820571164,0,2
0.0031508696279424803,158.7137181081655,0,3
0.0012164474421704234,22.45168494500893,0,2
0.0008525436818190093,42.94381982395049,0,2
0.0009446441337357012,43.63588478033918,0,2
0.0003300821187125766,19.028520234350836,0,2
0.0005008430736194533,9.853112667475795,0,2
0.0033223671152032347,153.46988718775881,0,3
0.0005195351833425795,7.495832857228959,0,2
0.00030755785653468505,7.916533996234544,0,2
0.0016032878623357765,30.793107560608608,0,2
0.0009138670478849032,29.239639540896807,0,2
0.00151382986077507,29.781656098012192,0,2
0.0004588415461842862,14.680867909470793,0,2
0.0015406451102943923,22.228366065169556,0,2
0.0008339290847400899,16.016629706726658,0,2
0.00032295801739117886,6.202804375128936,0,1
0.00129467941218841,33.32502604972026,0,2
0.0004286291601601389,7.9111078116032365,0,2
0.005209986320723796,102.49634050665516,0,3
0.0006402033958931042,31.634778395368713,0,2
0.003587475896975905,66.21320066488501,0,3
0.0001052680235376534,3.3681037854986586,0,1
0.0024677417386635464,63.519630381653826,0,3
0.0005659010920413847,10.868823749784449,0,2
0.000187879199177717,9.463738515944845,0,2
0.003162313656505139,156.26142001422917,0,3
0.0008740273640574276,27.964948657540443,0,2
0.0008620992157726972,12.438333023384835,0,2
0.0029018715727532184,143.3920293531154,0,3
0.0003389174561882586,15.655591920940521,0,2
0.005938344367359777,114.0531785537509,0,3
0.0018508774844819104,34.1612113378727,0,2
0.0030117293583269,96.36180781004147,0,3
0.0009595248839227611,48.332612874285324,0,2
0.00015452370612188687,2.2294618549548035,0,1
0.001363817503872296,19.677104428265384,0,2
0.001000365874617806,18.46351816613107,0,2
0.0007879254963737233,45.42220072200799,0,2
0.0024186343102068257,111.72381674418851,0,3
0.0005776780588316333,14.869423409132319,0,2
0.0014377211965513586,28.2843662620004,0,2
0.0030878102151597527,155.5373271284474,0,3
0.0007097084522540187,10.239645179046306,0,2
0.00150134463925064,75.62483313942478,0,3
0.0010746393964405515,49.640747461216044,0,2
0.00069321001829249,12.794414614130446,0,2
0.0032327721871314506,149.33123452627203,0,3
0.003707474518196178,68.4279870535727,0,3
0.0009869302288097281,48.76781235521494,0,2
0.0004969244189321323,24.554842996787514,0,2
0.006589067631966103,95.06680440086265,0,3
0.00040512016789243804,20.018461034392473,0,2
0.0003799616911337603,7.47500674215207,0,2
0.0020177040878448767,29.11135392318533,0,2
0.000528308997680956,9.7508751782837,0,2
0.0003568725533476592,11.418318283907785,0,2
0.0013073961852000683,75.36856240932968,0,3
0.0005562404974827775,10.683280196233666,0,2
0.0007399319879803454,34.17963000004328,0,2
0.0007189249949968838,33.20925534500499,0,2
0.003578706429055117,165.31095237246205,0,3
0.0030099563228557676,173.5174720077648,0,3
0.0010490474005581843,48.45857806668897,0,2
0.00125503363987043,23.163861339938624,0,2
0.00020132162500879905,10.140852340370978,0,2
0.0007515412030431735,43.324724904313705,0,2
0.00020536455301501514,3.944277829755861,0,1
0.0005989590949519749,11.054847442332346,0,2
0.0031749824748923215,58.59990638397046,0,3
0.002298327014675973,113.56869747298835,0,3
0.0008377646981888871,41.39700092920714,0,2
0.001060414749979399,20.36656437191496,0,2
0.0010599846119220362,33.91474508598455,0,2
0.00031479059411406384,14.541101356734833,0,2
0.0006803810690289142,31.42879828985027,0,2
0.003950465954009021,56.99716486746406,0,3
0.0006712766089936923,33.813143377182925,0,2
0.0004816678200177095,15.411206114022361,0,2
0.0017678667805727125,33.95404730856836,0,2
0.001078851302591314,54.34325178091145,0,3
0.0008523465703316132,15.731560606432884,0,2
0.0024855822155304794,48.89899232689452,0,3
0.001672925045771049,32.91154421104888,0,2
0.0016186039936179773,93.30901947699856,0,3
0.0004272675310237547,21.522064218175267,0,2
0.0005473331961140361,10.767715342428477,0,2
0.0008685828262085097,40.12238976886527,0,2
0.005600745814029843,80.80733671911784,0,3
0.0002722458575341319,13.45265805742058,0,2
0.0019353074928814141,61.921144463648716,0,3
0.0010126447600783154,18.690146673272594,0,2
0.002313827328882017,59.55787609166566,0,3
0.001869674847896537,36.782213627791116,0,2
0.000987839083030576,49.758838756754066,0,2
0.0032328393553900754,63.599822144512544,0,3
0.002632883567889657,130.10035364589694,0,3
0.0006728919156357788,33.25003705342308,0,2
0.0008609286832506649,15.889958650393787,0,2
0.0014874365308060237,68.70905853153671,0,3
0.006429740908033384,92.76804479693028,0,3
0.00029237433127073424,9.35466496702452,0,2
0.0007473529043212259,14.702713797011329,0,2
6.0616193630896036e-05,3.4943924606809853,0,1
0.0013206847771840904,33.99440370240778,0,2
0.002219333891385538,57.12561661765812,0,3
0.0003729116466052289,18.426920845915397,0,2
0.0035135865669865597,64.84944264278857,0,3
0.00029449497373689165,16.97699829522316,0,2
0.0014538258183960948,20.975740792198415,0,2
0.0007094972768358794,13.626764396343063,0,2
0.001546801667038789,29.7082209795204,0,2
0.003234064352410717,162.90435295076307,0,3
0.001141768649261825,36.53146682636165,0,2
0.0020320415091821635,100.41056208939857,0,3
0.0006418240151312605,11.845995213863809,0,2
0.0016424156456051153,31.544604573169785,0,2
0.0008333912962304335,41.18089523111638,0,2
0.004921684082817332,126.6840645833276,0,3
0.0011621178850234727,57.42447165673981,0,3
0.0054590100130253085,100.75566660357383,0,3
0.0002809357459785317,5.526864008408077,0,1
0.0016986109624558114,31.350863877153316,0,2
0.004974851479186845,95.54811727538079,0,3
0.001487549720084586,21.46230789767174,0,2
0.001303068130108806,75.11905939413855,0,3
0.00010848879150736926,2.0836601489266555,0,1
0.0050189076493208935,72.41259893725086,0,3
0.0034892047462286467,64.39943309937121,0,3
0.0007203162531774752,23.046883731178546,0,2
0.000625209837873407,12.007920871763272,0,2
0.000598091211555472,27.62758827746024,0,2
0.004972828693822959,95.50926720438265,0,3
0.00011638870937188756,2.289721326034849,0,1
0.002628653702983822,84.10510799243832,0,3
0.004024639647171423,103.59415606680432,0,3
0.0016350894085590646,80.79571496839924,0,3
0.00048480885433085154,8.948003241772659,0,2
0.003256630274207052,160.92194715160622,0,3
0.0014366565347589944,27.592748776900525,0,2
0.000135300196182548,1.9521058219957281,0,1
0.00010738254216262982,4.960314757577729,0,1
0.001671629606583417,24.118205141618468,0,2
0.004486249357923696,82.8016514952235,0,3
0.005831322836741457,84.1340927856537,0,3
0.0004230755059710762,8.125683395773033,0,2
0.0015085170508180132,28.972918023078464,0,2
0.000833995349304213,48.07802810248096,0,2
0.0015634140927659162,30.75712935514518,0,2
0.006448897520106091,123.85897732342468,0,3
0.0009105459146178399,16.80573224478091,0,2
0.0010842555007835914,54.615468816133514,0,3
0.005232522050911739,102.93968713613124,0,3
0.004269046547925521,81.9922688992355,0,3
0.0009355267357083617,13.497742345805365,0,2
0.003098712687467231,178.63408446324686,0,3
0.003988434304381621,127.6119777626054,0,3
0.0013761924197242558,44.031974218551476,0,2
0.004302336551971505,82.63164421003441,0,3
0.00027550062383969824,13.613487899101857,0,2
0.001027641324808756,14.826767955132736,0,2
0.00025514327665879005,12.851924348028318,0,2
0.0007422987185549369,34.28895623091773,0,2
0.0052193223390503305,75.304174069237,0,3
0.001285146521622953,33.07964960870155,0,2
0.0021447226984192954,39.58464348727142,0,3
0.0019483125663125609,112.31600559132627,0,3
0.0009316821817914146,29.80964378276636,0,2
0.0007768681471255432,39.13193710607793,0,2
0.0008698343058589757,16.70623346527475,0,2
0.0019905894244880854,98.3622638114835,0,3
0.00029926584202174633,17.25202853329804,0,2
0.0007997155886789208,39.516856032740705,0,2
0.000833216091971039,21.446968035929622,0,2
0.0017809123886546412,56.98119482336077,0,3
0.0011351866167870544,20.95187296248418,0,2
0.0007784675838284269,24.90746503892199,0,2
0.0005269847423179423,26.544959873243283,0,2
0.0019018040776003903,87.8499115606306,0,3
0.001793964966132383,33.11079034382566,0,2
0.0011440103497513288,52.845195377279964,0,3
0.0015436846235525343,28.49142480057976,0,2
0.0010317295415945215,47.65861533851097,0,2
0.0017072268677333791,31.50988561874442,0,2
0.002776643685199114,40.061304095758686,0,3
0.0009199526308053375,45.45820562098766,0,2
0.0006844490991347546,34.47666016267314,0,2
0.0016048777477260323,23.155111990380703,0,2
0.002969446068320497,149.57515920218304,0,3
0.0008037872614565408,40.48789061356765,0,2
0.00186964444342337,35.908812009937556,0,2
0.0024275816326838604,62.485909936782946,0,3
0.0017848941510424968,89.9076193534732,0,3
0.0018248323874940297,90.17160570748395,0,3
0.004220559805015974,135.03895084638978,0,3
0.000857317378924649,27.43030421101289,0,2
0.0012575198080186137,24.152208482074393,0,2
0.0006525390685278958,32.869307209175325,0,2
0.0007159912391789807,33.073736554095426,0,2
0.0022251102357196306,128.27279256808444,0,3
0.0017066867421181495,98.38679942057749,0,3
0.0007151607303230368,18.408225035004936,0,2
0.003145486765433856,158.44257578122426,0,3
0.0015517557038052653,39.9421654235643,0,2
0.0006567956797590672,37.86285040484818,0,2
0.0028812412569179766,145.13215926065098,0,3
8.88779134344942e-05,2.287715980161329,0,1
0.0011008670045796161,15.883265135723883,0,2
0.007117953102883867,102.69754283345549,0,3
0.0013763693678786717,79.34471721391702,0,3
0.0019106235667058608,35.26393075532436,0,2
0.00032273542323011403,18.604999129393978,0,2
0.0003844970662859611,7.564231420934108,0,2
0.000785537167640854,25.133659957381898,0,2
0.003665217027983436,94.34262396199374,0,3
0.0023147564953758183,116.59752807228158,0,3
0.0030426175184167814,56.15687744780348,0,3
0.0016407622625301945,30.283163999474297,0,2
0.0008796860377459821,40.63527969432839,0,2
0.0005160737003981902,7.445890719677551,0,2
0.0002468805192116336,11.035569467407232,0,2
0.00105761226226474,45.65673507165815,0,2
0.0010297178166758245,19.840115591931664,0,2
0.0001173421259637181,5.065616718927135,0,1
0.003408292501409404,45.208528941699484,0,3
0.002395022063912477,107.05758577744324,0,3
0.001355697762514222,26.120942922825098,0,2
0.0003529852470079332,15.778455208880604,0,2
0.0011385147531523512,12.570468410720512,0,2
0.006073576709879835,80.56159157545623,0,3
0.006123935779414924,105.40608473160566,0,3
0.0027269018792317606,121.89262731284539,0,3
0.0001943121062972753,8.685759225755685,0,2
0.005636281982555399,74.76119406610978,0,3
0.0007439080122000168,12.804254288565836,0,2
0.0006269806336180776,10.791683024235901,0,2
0.0017000056324208857,18.896286536271415,0,2
0.0006874525894630558,7.590240737580479,0,2
0.001363404337924962,15.053499406547989,0,2
0.0005608354507546266,7.439075635816749,0,2
0.0004936839704241645,5.450819796505176,0,2
0.00138661363390169,80.53583757660535,0,3
0.004605816437108638,88.7426914709998,0,3
0.002256937199002696,131.08505731912248,0,3
0.0008990100188606556,38.80993415298811,0,2
0.000882459792127613,9.808916376962598,0,2
0.0006258253170875321,10.771797545926374,0,2
0.00044791581568466457,8.630229966619886,0,2
0.000845136451438483,37.77763449732703,0,2
0.0022484322889178556,24.9922823657313,0,2
0.002683337846780661,155.85081215695516,0,3
0.0015900585489302033,71.0756832090182,0,3
0.001255613443788938,72.92722204342431,0,3
0.0010631300952549914,47.52195943423338,0,2
0.0020793865761043035,35.790708055327435,0,2
0.0036777795840419827,63.3024839618314,0,3
0.0001272492409612816,5.688046358567819,0,1
0.007780791924021089,111.84631575689083,0,3
0.0009060627964829742,16.094428969637235,0,2
0.0012030963222503846,69.87697771666208,0,3
0.004309451129669352,57.16174478508887,0,3
0.000673290523350471,11.588775668063453,0,2
0.002590802535204701,28.797873448460333,0,2
0.0021621208609360724,24.032894088778388,0,2
0.003336861982563322,57.43455998575915,0,3
0.00385201220166042,42.53049647763563,0,3
0.001401850505400285,81.42080955306976,0,3
0.0006217706776131291,26.841613052328587,0,2
0.005408629240277301,59.71727886876763,0,3
0.0016615530219783962,32.014017320390714,0,2
0.0027631528504146875,36.65121921215843,0,3
0.005514448433135377,79.26837611136195,0,3
0.0016380384234936523,31.560949164746617,0,2
0.0010070106723269045,45.01341889741274,0,2
0.0013799258448973888,26.587758148577574,0,2
0.001238311395698186,16.425302860041455,0,2
0.0012884135948896308,22.886141189062478,0,2
0.0030382878397537207,176.4666450630971,0,3
0.003130213917237194,44.99579189273491,0,3
0.00018915732475741025,8.16585262052385,0,2
0.0007192435458293611,32.15021638536067,0,2
0.0018134942179087253,78.28788301276016,0,3
0.00011679506499621258,2.250352040690715,0,1
0.0044393312659947864,78.8560152900897,0,3
0.0013713119965287127,23.60322408759526,0,2
0.0017896275765941511,30.803333472338192,0,2
0.005332558289947348,70.73251949024137,0,3
0.0011115500563051665,47.98520993973507,0,2
0.003064070971514815,177.96415385787571,0,3
0.004314518105777159,57.22895454948613,0,3
0.0037716017669458483,54.21553053394946,0,3
0.000662801244554526,29.627243173023796,0,2
0.0006762504878580901,9.720877557748503,0,2
0.00032721886409245796,5.632139290266139,0,1
0.0005814269038096658,33.76982711191465,0,2
0.0026596962339933724,45.77908337037168,0,3
0.001286274272494176,17.061495646564925,0,2
0.0005143932911648699,29.87645118646409,0,2
0.0010031061459986625,17.818213790974703,0,2
0.004016042878686585,77.37921364953938,0,3
0.0016865935604903912,29.959027525825842,0,2
0.0009704791002510098,41.89522829270127,0,2
0.003816529382034336,50.623495182176065,0,3
0.0013819513888835013,15.360978178850923,0,2
0.001787682259069026,19.737999269497006,0,2
0.0005230211774259234,30.37756701971493,0,2
0.0009890239565656191,10.919923847302371,0,2
0.0032023226958898523,61.70083824928398,0,3
0.005299558490556538,102.10938505295961,0,3
0.00024013738606656023,10.366643246896253,0,2
0.007735888247047212,85.9876921234738,0,3
0.004233404409078277,47.05609276361071,0,3
0.004691395513242744,90.39158861083239,0,3
0.002006356858931639,34.53370980559031,0,2
0.0007034559907534134,13.553857128975329,0,2
0.005058945564733828,55.85638239378303,0,3
0.002623486854264756,45.155842192601185,0,3
0.0005644810212161898,32.78559414696086,0,2
0.001447601222162302,27.891695291277482,0,2
0.005778312022421203,102.64038295165392,0,3
0.0069082947081141365,76.78863751506263,0,3
0.003281094963652644,63.21858502664639,0,3
0.0013502178374258569,23.983972371826656,0,2
0.001018775998643864,13.513324986266346,0,2
0.0017866082662161078,79.86146373894525,0,3
0.0006406478392954682,12.343699389776488,0,2
0.0020864266677556036,23.036469615951514,0,2
0.006082274056504875,117.1903781682881,0,3
0.0022393364462312305,96.67133647160287,0,3
0.0007998976237479619,8.831758906323655,0,2
0.00032483722290177437,14.520237361698063,0,2
0.0018645961143811047,108.29751427672234,0,3
0.0009336181564393102,16.583895908652394,0,2
0.005046183817556507,55.715478519402886,0,3
0.0007953008659634667,46.191830081420115,0,2
0.001595548072773275,28.341782958719687,0,2
0.0009063893722077661,10.00754618207908,0,2
0.00034515000784373154,20.04664045675871,0,2
0.002561968363481033,36.82744961427756,0,3
0.0005314935254065286,23.75778267086749,0,2
0.005688666436051589,63.23194990349733,0,3
0.0020634367534326614,29.661222266631786,0,2
0.0011550000334426343,49.86092958276091,0,3
0.00023565607780663182,10.173186806102102,0,2
0.0018780968561648208,83.95100751128588,0,3
0.0011109784920776183,15.969949130809187,0,2
0.0022063629284852764,24.524663509669253,0,2
0.005623010158723311,74.58515294535091,0,3
0.002758525349249501,119.08453178241547,0,3
0.004839274986654336,69.56298066791709,0,3
0.0016552490498056975,28.49039047440797,0,2
0.007821281981299395,112.42834696599989,0,3
0.005743952520870572,98.8657569114886,0,3
0.0012342086439428104,55.169177669420364,0,3
0.0013478896802540108,23.94261722472441,0,2
0.008099910446581711,90.03395388683758,0,3
0.00680364105841721,75.62536763287787,0,3
0.008086333229224628,107.25934751036073,0,3
0.001952872433154016,25.90343694890683,0,2
0.002578204160893924,45.796741570009004,0,3
0.0037182927976395505,63.99980336213752,0,3
0.00233486930535521,25.779552495795425,0,2
0.002277625524292496,101.80995557824168,0,3
0.0002841073919511864,12.264812340997683,0,2
0.00230365922247203,44.385815723584095,0,3
0.0022007912110512244,37.88034251574096,0,3
0.002993815770282045,173.883665005712,0,3
0.004790755216089268,63.54589453505167,0,3
0.0019343018149400888,21.356842143836495,0,2
0.001336069051921503,22.996617333496715,0,2
0.002363818565359739,26.09918450529998,0,2
0.005718862472638809,82.20676045972876,0,3
0.00543237642266169,72.05653465028315,0,3
0.00255485249444393,148.3882607916932,0,3
0.0010976891051374296,21.149754211533534,0,2
0.002312433142759883,99.82689416235387,0,3
0.0008848812592684968,17.049473345713754,0,2
0.001767457126557966,34.05452748977061,0,2
0.0006657970839835637,11.459797485846977,0,2
0.0005217796555853214,23.323572286218273,0,2
0.00015317696713646644,2.201868344549459,0,1
0.0010091768938562489,43.565797908364296,0,2
0.00012569294882293946,1.3877898711933854,0,1
0.002559887197958772,49.322695098901356,0,3
0.0011890195600727793,21.120601052578653,0,2
0.0037347117904102407,41.5129119434064,0,3
0.0014151583671754317,25.137513547297253,0,2
0.0006719143181597436,12.946127108102743,0,2
0.00419863653183195,60.35401433084519,0,3
0.00020569137701899093,8.879621617633848,0,2
0.006622398333224318,87.84131250097523,0,3
0.0019505686980232876,25.872879572658025,0,2
0.0014188576374701786,20.39561022633711,0,2
0.0004079630178508781,7.860438365069937,0,2
0.0011264299370315734,14.9412764274282,0,2
0.003648772584365206,64.81329044010582,0,3
0.0005546575764953259,10.686879699851179,0,2
0.003957209585116659,56.88358165789619,0,3
0.0010228389901883565,19.70757761848105,0,2
0.0067533654143759935,89.57849587834296,0,3
0.006609947309912028,87.6761587040125,0,3
0.006136764392968797,67.75670032580234,0,3
0.0005677731078277068,8.16155102417269,0,2
0.0024454883336207083,27.18264421712517,0,2
0.0026842928575355877,155.9062800891622,0,3
0.002054738563147211,119.34116839625975,0,3
0.008067621516602525,107.01115020884531,0,3
0.0014736618433804703,19.54705591412548,0,2
0.002692268131467064,29.92570675911642,0,2
0.004489270317200858,79.7430846141664,0,3
0.0018427190490957473,24.442332173079905,0,2
0.0015180660211074745,88.17071714667937,0,3
0.002022879220366606,29.078221115345084,0,2
8.968951088118205e-05,4.009124863264711,0,1
0.0005692573396914687,33.06300726301167,0,2
0.004689634820577458,90.35766441778121,0,3
0.0004712699281639291,20.344550668639908,0,2
0.0014207085275563056,18.84466857207495,0,2
0.0016972247938053086,32.701324138776826,0,2
0.0010515539247981343,15.115740590012875,0,2
0.0029197034401274038,169.57915044027888,0,3
0.00048643629507013936,28.252682285332224,0,2
0.0013140980535850978,76.3240637591813,0,3
0.0006681630807681847,7.4269171739000415,0,2
0.00043685145250854657,7.519151551690529,0,2
0.0008673155219412371,38.76903987040894,0,2
0.0017415624249810255,33.55560063409708,0,2
0.0009736480543376031,43.52210848697126,0,2
0.0027023007238536232,52.06665152060317,0,3
0.0007780000050604194,11.183493283789101,0,2
0.0015915043485941454,27.393207287137894,0,2
0.002973393787942954,132.910825874735,0,3
0.002232947771837197,32.09788720689506,0,2
0.0018831821567405953,36.284262606052444,0,2
0.0011615605070124924,12.911239675405147,0,2
0.0036598977307417406,52.60982188287592,0,3
0.0002494342535782576,2.7725679478271306,0,1
0.001653193133949563,31.852942954053056,0,2
0.0009310560425064402,13.38362330395281,0,2
0.0002642825909302003,11.408982921882147,0,2
0.0005550732849902761,24.811798904072756,0,2
0.0023635808948125154,31.35118691984127,0,2
0.0010416489532919402,46.56175149587727,0,2
0.00036584953656326925,4.8527288532860515,0,1
0.0009380552313175178,18.074004275304194,0,2
0.007780526371921474,86.48386389019011,0,3
0.005714408052075907,101.50525422151242,0,3
0.00531751053625098,76.4374588455463,0,3
0.0027532241862360286,30.398655410379575,0,2
0.0007019110657938551,7.802040398732383,0,2
0.00040188688294557896,6.917336229859965,0,2
0.0006235039910089247,11.075325832305092,0,2
0.005659533884067395,81.35393158118194,0,3
0.0016737172007802268,24.05913232922707,0,2
0.0022844019550215928,25.22233685024937,0,2
0.004695084672842151,80.8124890060399,0,3
0.000528964380368277,30.72275389452113,0,2
0.0013580648824137334,18.013746037324655,0,2
0.0012552345042245307,13.952466044635393,0,2
0.005034677341096188,86.65760803627846,0,3
0.0038170786125289067,67.80291701561144,0,3
0.001149469720201965,20.418075696684838,0,2
0.005465101005067456,78.55902312064185,0,3
0.00020745403706561407,9.273204077188195,0,2
0.003272451201621203,146.27870469291085,0,3
0.0019535830119843884,33.62535857799691,0,2
0.002748889908607899,52.96430988475838,0,3
0.0018499315910282036,26.59215602720532,0,2
0.0010292168485526061,19.830463175209758,0,2
0.0032709582196716203,56.300214710806245,0,3
0.0015381200403014495,16.98255496906874,0,2
0.0004567023946084018,5.076441598627043,0,1
0.0008190489549959196,35.35804423153188,0,2
0.0018169745315736784,35.00860541618326,0,2
0.0016048197227313864,23.068753822777865,0,2
0.0013507854007680372,23.249917297658957,0,2
0.0005951215462276796,25.691179783949263,0,2
0.0004666870674498495,27.105628377160542,0,2
0.0038008248351981285,67.51420053177178,0,3
0.00044734161449462416,7.69970976506526,0,2
0.00873541950047991,97.09790764665783,0,3
0.0010944614930147045,48.922474216008794,0,2
0.003936903480923726,52.220170329987354,0,3
0.006678696633377216,118.6339500892031,0,3
0.005045793691656463,55.71117109581516,0,3
0.00445446422471015,64.03145297673365,0,3
0.00386962695192468,43.01255141603198,0,3
0.005056210071403635,56.20192808465345,0,3
0.0008597359560362317,9.492440609127412,0,2
0.0020026544851642156,28.787497222245907,0,2
0.004408984904957006,63.37770276631935,0,3
0.0015914642840165485,22.876773799387184,0,2
0.0017792658471152865,25.576359282599007,0,2
0.0010639563509678529,18.312973440678693,0,2
0.0010373842072842103,13.760149382506519,0,2
0.0002467838288027858,4.754914026323167,0,1
0.005937600366926548,78.75796397211876,0,3
0.0012600352018354024,16.71345339819864,0,2
0.005538529237076852,73.46457477029814,0,3
0.0016926179825862823,29.133590050118794,0,2
0.001644062901380057,18.274459258050168,0,2
0.001982117471594475,21.884780143627516,0,2
0.001849781816657222,26.590003070057428,0,2
0.0009091570816434748,10.105668118728957,0,2
0.0006119231839743037,10.869615503006422,0,2
0.0002456795216509577,14.26930009039738,0,2
0.0002564986578669642,4.556195713885833,0,1
0.00011205309653670779,5.008778071342689,0,1
0.0004843083883604206,9.33142483465244,0,2
0.0003957040616410596,17.68798799807989,0,2
0.0010832235110195341,46.762363325956194,0,2
0.00018380276523901538,7.934698241854607,0,1
0.001097705547006358,47.3875475299789,0,2
0.005491703928885685,105.81155242850262,0,3
0.00033183502315137827,19.2732934923985,0,2
0.0022847113455887326,102.12669208462118,0,3
0.0003536222581601047,15.265743725100602,0,2
0.0023688067576336756,31.420504201294683,0,2
0.0018719076311822305,36.06703038310785,0,2
0.006989032627905759,92.70445060173137,0,3
0.002670301435681852,155.09364501164063,0,3
0.0007769890299971824,34.7314419271653,0,2
0.0004665003469280176,27.09478347180925,0,2
0.0007845569689947437,10.406579372088466,0,2
0.001745818105157488,33.63759706579513,0,2
0.002414541339516763,104.23486772157746,0,3
0.00023139458373350915,4.110271061027634,0,1
0.0013828398564296087,18.342368105226218,0,2
0.0014270984814538624,25.349606265251783,0,2
0.00039747258182950537,23.085585276774054,0,2
0.0005678348132427683,10.940772461555051,0,2
0.005225026921846117,92.81235802255436,0,3
0.0009083051995238945,10.028699045220385,0,2
0.004546978939267347,80.76816512998714,0,3
0.0057148395824727855,63.09818142004899,0,3
0.0010993351573279095,49.14032721332484,0,2
0.0012504037730888657,22.21097123451234,0,2
0.0018499244923503482,32.86028127067502,0,2
0.0010529739004141927,18.704016667366332,0,2
0.00015097762723468037,8.768924066078785,0,1
0.0001099375767726157,6.3852789342706675,0,1
0.0005173165577947486,5.750193834432548,0,2
0.0014831940170010527,64.02894398092226,0,3
0.002186229615399324,28.99875078213209,0,2
0.008962044568531181,99.6169417842686,0,3
0.00024106525782292284,10.40669913171552,0,2
0.0021587730818087188,96.49724646053119,0,3
0.006604292863669217,94.93453008304942,0,3
8.531718136986319e-05,1.5154924369226355,0,1
0.00508776241394268,67.48547967761107,0,3
0.0007243932473673053,31.27179190597196,0,2
0.0016548202073399236,31.884292634148444,0,2
0.001223040299464351,17.58080062454596,0,2
0.00042619241841111634,24.753660678322618,0,2
0.0002448388049450475,4.349081289392705,0,1
0.001588778807747607,27.34629487659705,0,2
0.007807223263844162,103.55715618065483,0,3
0.002077099390364713,35.751340677459986,0,2
0.0004778072559254561,5.2755232204006965,0,2
0.0009748472623261271,43.57571313388908,0,2
0.005721283469118066,110.2349823643439,0,3
0.002615784800150884,34.696488870593555,0,3
0.00038450365608872893,6.829953514819277,0,2
0.003164742939312966,136.62079677546689,0,3
0.000835703191895426,16.101933616412655,0,2
0.0004920446100807838,21.241386099088402,0,2
0.0002220987461403606,3.945148733483723,0,1
0.0002045254672561946,3.5203224703700835,0,1
0.0013206455458098215,18.983843824889355,0,2
0.0010055415187740972,17.307528744067948,0,2
0.001731945807822803,29.81050637133902,0,2
0.006132732059656821,67.71217888382776,0,3
0.0024035029702474597,26.715959024146965,0,2
0.009104404700437564,101.19933527317347,0,3
0.00027323867300920677,15.869961791156621,0,2
0.0007457843172811362,10.720403405165927,0,2
0.0014053818654843223,15.516977971655768,0,2
0.0018994785094237237,32.69410390997105,0,2
0.005949071304465546,65.68435999520237,0,3
0.001116069561528257,16.043131573788862,0,2
0.003478975654112301,61.79718091234951,0,3
0.0005170646670520937,8.899793216352037,0,2
0.0066175003051382325,117.54691731192977,0,3
0.0002630191708850347,11.354441539993454,0,2
0.00106603237539947,18.935974870393906,0,2
0.0017507395469259722,101.68461663933586,0,3
0.002176757618628355,24.033823722529625,0,2
0.0003133674866313137,4.156592511617197,0,1
0.0005723396997303447,25.583608360426627,0,2
0.0011240360442575392,19.347073971717666,0,2
0.001916477275740375,21.30246103424501,0,2
0.0003787658237920855,16.35118226980692,0,2
0.0010214643466141295,45.659498738646455,0,2
0.0007088239636050997,41.16916941215744,0,2
0.004697027337756178,83.43348071391829,0,3
0.005996020296189224,66.6483189427688,0,3
0.00044609556792752785,4.958542203248603,0,1
0.0021153208153059373,122.85984317385541,0,3
0.0008103511811449879,34.98256451122793,0,2
0.00018623630812368775,10.816781758962096,0,2
0.0038642794507478184,42.66594054343506,0,3
0.0014942028599147508,21.47867293031361,0,2
0.0009715793299776876,18.71993074347026,0,2
0.001666103561684382,18.395635307450302,0,2
0.00514750687081708,68.27794658196143,0,3
0.0014428004069144806,62.28516658715295,0,3
0.0011559626384182234,22.27254107364064,0,2
0.003573924637428693,63.48376342479424,0,3
0.002457932350870001,106.1080418332352,0,3
0.005014937855576213,72.0880764288694,0,3
0.0003948741774737491,17.650892141316866,0,2
0.0007488325822340436,33.472847542165724,0,2
0.0018774353506555784,33.34895772511721,0,2
0.00021267504981900816,3.660594285928739,0,1
0.00782194969357808,86.36301924162305,0,3
0.0012228911390146785,21.722263237016556,0,2
0.0085473015019835,95.00689598503413,0,3
0.0037987419321948617,65.3845057167941,0,3
0.0006422137549422892,27.72413323384408,0,2
0.0010730504968592175,19.06063803697865,0,2
0.004520866180114586,59.9660121485302,0,3
0.002633617739991223,29.07806729320681,0,2
0.0010512746169238495,20.25546181765172,0,2
0.0005826584199072177,10.028802552888834,0,2
0.0005223717238979794,5.806384158366396,0,2
0.000877531343136152,11.639817036540716,0,2
0.000590445512633941,7.831831638678283,0,2
0.0015446505426053732,17.16944855642212,0,2
0.0010565927696895602,61.36791215942067,0,3
0.002742722672799878,30.48653047163748,0,2
0.004197622275638799,72.2500929458686,0,3
0.0005138138653321293,9.126895830291495,0,2
0.001849363181904376,26.583985333661076,0,2
0.00821069839338485,91.26540909359242,0,3
0.0019506679772931096,28.040208330417418,0,2
0.002139379975615897,38.00189036595248,0,3
0.0013985807077105095,26.947191217103825,0,2
0.0018179958335217956,78.48221611457224,0,3
0.002440279534572458,42.00245081840528,0,3
0.0017422133240971838,23.10919659990796,0,2
0.00157776677486823,17.42029898870486,0,2
0.0012933823108804243,14.280378393771622,0,2
0.0012889448631612827,24.83477964798313,0,2
0.00230981396393954,25.502913675864956,0,2
0.0005646532055611164,7.489715385365866,0,2
0.0045533225286506895,78.37245809771332,0,3
0.0011356942542886544,12.539326968090625,0,2
0.00018435768130089917,10.707669327807475,0,2
0.0064645926550883906,85.74813459320399,0,3
0.0011015704068916277,49.24024296170455,0,2
0.0007713306542454476,8.573668686071233,0,2
0.0024974875602141295,27.575038790593577,0,2
0.0006648665120959878,7.390274409294832,0,2
0.0018164683395147847,24.09413554284927,0,2
0.0007328404468534195,12.613757723494498,0,2
0.0035950853489205106,155.19852141670447,0,3
0.0004485369094294435,26.05144995096978,0,2
0.0020181348989683503,35.84820931691623,0,2
0.0004670047366407381,6.713038948262981,0,2
0.004588922560777341,88.41718825664273,0,3
6.169485656797129e-05,2.6633444241427684,0,1
0.0002949647108707213,12.733518833144633,0,2
0.00027630281117610456,16.047929847786197,0,2
0.0015528675514838504,27.583647186071126,0,2
0.0024876124758381538,47.930139956098344,0,3
0.002986861176803035,133.51281871639216,0,3
0.0005409408340716828,6.0127877254335305,0,2
0.002511258227589103,27.91370459609413,0,2
0.005596421005896957,62.20660266545242,0,3
0.001820931154478138,35.08483975388908,0,2
0.00039202754118043557,16.923685765651918,0,2
0.0005922206811550807,11.410627824213273,0,2
0.0020051811468319043,89.63168058484885,0,3
0.0017338564717400734,22.99834901229871,0,2
0.0023229207950028175,33.391219718142,0,2
0.001071351155402967,18.44025390391957,0,2
0.0005933065267303435,25.612826055180726,0,2
0.0008082622270553498,14.357193621322663,0,2
0.0028076730148268764,121.20621855432526,0,3
0.00234962582612821,33.77509572622892,0,2
0.0026361192107802805,29.3015875951764,0,2
0.0032186243804475244,42.69271883083691,0,3
0.0015431661160390522,27.411320207989803,0,2
0.00032670520076372135,3.631467430922561,0,1
0.002046965899249806,22.60077886834246,0,2
0.000507518187181394,5.603564927169759,0,2
0.0009086904750779544,10.100481588053041,0,2
0.00029785054421913254,17.299442660057007,0,2
0.0009387659262545813,41.96287591220016,0,2
0.0018240915506971113,32.401409715492896,0,2
0.0007319677822002127,31.59878180812812,0,2
0.0004703697775599285,6.761410300801108,0,2
0.000927163452589195,53.85053442362308,0,2
0.001093760758403601,47.21725244682235,0,2
0.00019082318960499928,2.5311312589625543,0,1
0.002499160438718958,107.8878433272157,0,3
0.0024970690031998963,27.755985324656137,0,2
0.00632252991705938,70.27761241988847,0,3
0.0057694698278070045,102.48331870212694,0,3
0.0093354831575259,103.07411107811025,0,3
0.002669554910166699,29.673239632144465,0,2
0.005874478327243279,104.3485887937205,0,3
0.0010590961584360855,45.72079432738567,0,2
0.00043254458538801756,25.122600572899955,0,2
0.00024400404844406091,10.9069911045705,0,2
0.00198058295962661,21.867837425788764,0,2
0.0008033033145866437,34.67831068612036,0,2
0.0005870105462239343,25.34103087631063,0,2
0.000948653222880266,18.278201361381647,0,2
0.00019777763612718703,11.487113057301286,0,2
0.0011613871273274139,50.13665809289632,0,3
0.0021821077292022532,126.73889060155274,0,3
0.0011968331197161947,20.6000679580036,0,2
0.0019855146387067987,115.32057708023386,0,3
0.0011090968894982435,12.328084225580643,0,2
0.0003150263392201572,14.081690453457291,0,2
0.00023434166250749117,4.515184254229308,0,1
0.0011517878360585287,19.824741900219106,0,2
0.0016440188289822682,18.273969374580915,0,2
0.00212682202214531,28.21075212947238,0,2
0.0007659121878905899,8.456521917354664,0,2
0.0007698000029139935,13.673987626263404,0,2
0.005399982744884517,59.621811948468626,0,3
0.0010124725507547382,17.984589605799762,0,2
0.0008044527836491615,13.846359813394503,0,2
0.005428225720741409,96.42178625228672,0,3
0.0007211116948595245,31.13012848279015,0,2
0.005385393190066546,92.69418089152458,0,3
0.0030713718040724556,59.17773843645281,0,3
0.0003670235206295726,21.31707486608545,0,2
0.0013037042504552222,58.27563416828203,0,3
0.0011085267818399197,47.85469628531402,0,2
0.0024586203919158716,27.328612637243314,0,2
0.0016198184920414383,18.004972323990547,0,2
0.004602858921008349,51.16273699255201,0,3
0.0011927556563330161,21.186965476896162,0,2
0.0024248183343820884,41.736330363191406,0,3
0.0029960665085349597,133.92429742731912,0,3
0.001685805838664668,29.01633842546603,0,2
0.003708503601084118,65.87429483141106,0,3
0.007581225241831792,108.97761056998179,0,3
0.004229930123309904,60.80384937948655,0,3
0.0009889298591514836,44.20520579715786,0,2
0.001803353342351514,32.03303610775695,0,2
0.0021238896975222924,23.607938427041525,0,2
0.0005325367120029169,30.930238310700997,0,2
0.004833164369687854,93.1231238466575,0,3
0.00026091479002844517,4.634639642573089,0,1
0.0004100326093179448,5.894083422384604,0,2
0.0032438661349257335,140.036516230515,0,3
0.002506134095552808,48.28700575965881,0,3
0.0005645480816577319,6.233238354761786,0,2
0.00028949886702020955,16.81436931162029,0,2
0.004669987742704569,80.38051694756773,0,3
0.0008513588628680352,12.23800265173467,0,2
0.0004018744704272302,23.34125114971023,0,2
0.006787000877872927,120.55776262947353,0,3
0.003290431101396424,36.33001689546058,0,3
0.0015622866430001633,22.45735484023408,0,2
0.00045550512743130486,20.361098123822625,0,2
0.000792903057768748,35.44279962983123,0,2
0.0023243544163475565,25.83618914285882,0,2
0.0008901344632888025,38.42677966072634,0,2
0.00036420284206208265,7.017288006872065,0,2
0.0025631826112992276,148.87208189488305,0,3
0.0010682334924225147,46.115249698190766,0,2
0.0017027608114579776,30.246207038484503,0,2
0.00020965777360861876,9.050849509691359,0,2
0.0009593490388062316,42.882941898550754,0,2
0.0011996831883117679,21.310019498979067,0,2
0.001032951781597412,13.701356469380462,0,2
0.0010081943834149099,43.52338329147125,0,2
0.001240435216260765,23.900118728026403,0,2
0.00033427330405602645,14.430456443586047,0,2
0.0004962047148605787,22.18037137310458,0,2
0.0022993139585353825,133.54633978404686,0,3
0.000923312604098295,13.272313932657626,0,2
0.0017173900590041861,24.68691525140532,0,2
0.0011699834897913803,12.917918242838113,0,2
0.0001036259717068699,4.473495349451035,0,1
0.0005038335576361731,5.6003245460571796,0,2
0.0015556580603340495,20.634676282894553,0,2
0.0007261395870417328,13.990913927559063,0,2
0.0026411952541467595,29.35800997878165,0,2
0.00044038269941259074,8.485085447233116,0,2
0.0011539425917036859,19.861829871793336,0,2
0.00020799432373623476,9.297354913815518,0,2
0.0029725630668556956,32.8204004623766,0,3
0.0027884060274814397,30.994320412763503,0,2
0.0019045310459228763,27.37700517006066,0,2
0.001875957717478903,24.88321901039274,0,2
0.0013263880815078835,57.259689018669334,0,3
0.002187403928886144,42.14586374298817,0,3
0.004072525708570754,45.26785749874042,0,3
0.0008834421158851964,9.754182964855168,0,2
0.0006173698206477705,35.85742587896115,0,2
0.0006396049650966451,28.59036851737954,0,2
0.0003739657942891565,16.143966749364598,0,2
0.006681343723410713,74.26598067507453,0,3
0.0018741413765062868,24.85912656427946,0,2
0.0018097160392559015,26.014070744140977,0,2
0.002918208936482207,125.9780139192089,0,3
0.00550190102296264,94.69953087370786,0,3
0.00161809284824646,17.985791058359677,0,2
0.00040311448821146186,23.41327256102578,0,2
0.002641918444970719,29.169716302973754,0,2
0.0029284050180078494,126.41817503457686,0,3
0.0006369131289075122,12.271740757421615,0,2
0.0012560202233674019,22.31073646096273,0,2
0.0011376045006485501,19.580616241843277,0,2
0.0011909009014412753,21.154019393051776,0,2
0.005144938360702695,73.95679078171611,0,3
0.0014310797005695043,83.11846898543766,0,3
0.005717576124722249,98.41176249556577,0,3
0.001302319070317792,14.379050151770889,0,2
0.001244460606437024,13.832709582761023,0,2
0.00025045593898782663,10.812091407680924,0,2
0.0028148248879544787,49.999844819808516,0,3
0.0010814958327821488,11.940916149458682,0,2
0.0018918824718993736,20.88848544470686,0,2
0.001780117505589704,23.61196808601352,0,2
0.0017705881483135774,19.68084125734014,0,2
0.0009889116953512706,44.20439387453358,0,2
0.006475938976704944,115.03235788607009,0,3
0.0008503635775508615,36.709885049638864,0,2
0.002183438420374307,42.0694582016044,0,3
0.0015622026346024526,30.09978107263386,0,2
0.00288826529368098,55.64972884686463,0,3
0.0004467933902001756,6.422507514195946,0,2
0.00014657783502982106,6.552035316594247,0,1
0.0011464275964279702,15.206530880564015,0,2
0.0007380098889680792,32.98907270346083,0,2
0.0004422514684279392,19.09183436075918,0,2
0.00045065415348763025,8.004987393072986,0,2
0.007017146357203331,77.99856994817227,0,3
0.0013023263715365523,23.13327438599262,0,2
0.0009923170791451925,11.030026903887984,0,2
0.003652561746554368,157.67975650944342,0,3
0.00013788367397035822,5.95238784362326,0,1
0.00321605394909077,61.96540553783276,0,3
0.0013611569975231722,18.054760702397658,0,2
0.0005409748592573813,7.77633504608247,0,2
0.003165704603034581,54.48857395669442,0,3
0.0009447417553769942,10.501206920686196,0,2
0.0021351076097319397,30.69146717004171,0,2
0.0017620115297555712,76.06539416911532,0,3
0.0002507801142565498,10.826085935627473,0,2
0.0008738778623189812,15.041314494233523,0,2
0.0021267292920982513,91.81012675717176,0,3
0.0013340522930820706,14.729420204705406,0,2
0.00497481928379676,85.62732233655225,0,3
0.002046410334059513,22.594644811093453,0,2
0.0042762661667741396,61.469914710475074,0,3
0.00016129727661543628,6.963144518049766,0,1
0.002251845217140367,97.21133554295209,0,3
0.0020647223282404545,119.92103496059605,0,3
0.0013469228324600874,60.20750657976491,0,3
0.0015883819303169676,71.00073828733788,0,3
0.002441832844593724,32.38914229924761,0,2
0.0016351816846985083,28.144988030127188,0,2
0.0015780178954549237,17.540340892528143,0,2
0.002446380024159989,105.60933210862328,0,3
0.0029436314947495976,170.9689145919227,0,3
0.003815563843186544,65.67404692676189,0,3
0.0006682175618257945,7.377864651434871,0,2
0.00016223892371855996,1.8033547250996305,0,1
0.0011623651365061877,22.39590137690547,0,2
0.00013233796695463307,1.7553671836205895,0,1
0.0027041249976523397,30.057500875904218,0,2
0.0006970564595888957,40.48570159606193,0,2
0.0008533732236671597,9.422188971166788,0,2
0.0007747102989551803,13.761209407316034,0,2
0.002257832876379937,32.45560237104665,0,2
0.0003886123653272585,17.37098887817112,0,2
0.0013745184465054612,24.415625043439206,0,2
0.002840412961014733,164.97388406249132,0,3
0.0013418228204712325,14.914932052563225,0,2
0.003523704670261818,39.16747794749663,0,3
0.0006625288384666309,28.601127969554977,0,2
0.0004920040923843905,8.739487978524684,0,2
0.0009911584229426677,13.146997867959803,0,2
0.0010075794330722863,13.364810661723782,0,2
0.002779105454361313,30.684413379257418,0,2
0.0018973397523577836,110.19929588717486,0,3
0.00043722638037812313,4.827465245978589,0,1
0.001657078087494219,23.819950567695045,0,2
0.0015886134917529344,21.071806187229566,0,2
0.001059391748401555,18.818017152731667,0,2
0.00270263964962539,30.040990600062745,0,2
0.0010187317350113928,13.512737861273756,0,2
0.006678258976981001,114.94717726359278,0,3
0.0008190458819358986,15.780988450955057,0,2
0.0008992704136970777,17.326716763774446,0,2
0.00708414955424486,93.966107667687,0,3
6.144960997128691e-05,2.652757218139628,0,1
0.002613840398302737,28.859703457117046,0,2
0.00042840506380426144,18.49409013052068,0,2
0.001028562736965106,59.739901221426656,0,3
0.0007946140086076247,14.114759782054955,0,2
0.00021066706989492402,9.09442046172814,0,2
0.0019189037316592117,82.83837322079972,0,3
0.0023438577327481217,33.69218128772391,0,2
0.004514958381603884,59.887649484573885,0,3
0.003615249854568857,156.06901576050683,0,3
0.0008862757734634582,11.755805564921783,0,2
0.003423100026965838,58.91890190945059,0,3
0.0011049023588937848,12.199350215663225,0,2
0.0009464735963936137,42.30740908769238,0,2
0.0010915545656753468,47.12201191255015,0,2
0.005467025253269842,97.1109838694474,0,3
0.000801544154305774,46.55444620143125,0,2
0.0010427385763301601,46.610457690962896,0,2
0.0005415736254169583,24.20836356019295,0,2
0.003548653605459995,39.181080372047695,0,3
0.0031753145246245194,54.653981342705556,0,3
0.001439318706838453,20.689731345065724,0,2
0.0007468161564384492,43.37579207646527,0,2
0.005820418613233533,100.18190255720195,0,3
0.0013812834114953108,23.774853550855845,0,2
0.004743864098444021,91.40252848045508,0,3
0.004629893852888094,89.20660372393289,0,3
0.0052749571498001335,75.82576796061042,0,3
0.0016672700827328247,32.12417094148677,0,2
0.0003616336626605189,16.165039747919533,0,2
0.0026260429799099877,28.994433522053377,0,2
0.0006336716973569818,28.325151202871016,0,2
0.0014146738406246564,27.257266086240048,0,2
0.004390708725241521,77.99233119279056,0,3
0.001891522170104124,25.089670189884536,0,2
0.0006160492969877336,10.603531247896106,0,2
0.0012422252519481026,13.807862665711314,0,2
0.003572725231413385,159.7009663019337,0,3
0.0011614259662516197,19.99063481686303,0,2
0.00044418349481336645,7.890048829406154,0,2
0.0015340782087733184,27.24989135500218,0,2
0.005074471318710194,72.94385031163162,0,3
0.0038031814494124353,50.446444533500944,0,3
0.0024089311309633266,26.597277375222212,0,2
0.007719657778457157,85.80728355349814,0,3
0.0003677251546604583,6.531916336267786,0,2
0.003566163720358475,39.37441150420033,0,3
0.0009408066922038087,10.387551652007337,0,2
0.00034338682449976474,15.349405323921406,0,2
0.008223086435064508,109.07327963664561,0,3
0.002178209240484962,31.311038885866253,0,2
0.00019660329232683822,2.8261074357413003,0,1
0.0026577117144412172,47.20903736019443,0,3
0.001020595660605523,19.664354205703848,0,2
0.0017654056785136696,102.53643949939267,0,3
0.0003858592918513507,16.65740469505342,0,2
0.003617273817703339,40.20753886687825,0,3
0.004986762441059355,71.6830641448492,0,3
0.000349640090124768,20.3074287026334,0,2
0.006616099277153994,117.52203079692846,0,3
0.0051621647769163155,68.47237307905286,0,3
0.002539642036792979,28.040471069567282,0,2
0.0024474190348825445,27.20410478382203,0,2
0.0009654506737462146,18.601846695504413,0,2
0.004300122135336961,61.812836384594966,0,3
0.0003952857560282914,7.616178883611935,0,2
0.0036195723014894976,161.79503228097622,0,3
0.00032531946224512837,14.043922362978556,0,2
0.0023929804996743213,26.421164675589356,0,2
0.0008741230825942645,37.735574204261056,0,2
0.0005408147834507635,6.0113866191045044,0,2
0.004004136244466273,57.55813689729661,0,3
0.000617607874781771,10.9705928886471,0,2
0.0017556804659876334,30.21903080394449,0,2
0.001352121415358776,23.272912977598555,0,2
0.002278399388620902,25.156061844928434,0,2
0.003822488028720718,54.94700375129499,0,3
0.001714680794676882,18.93198195655755,0,2
0.0008052353222218251,14.303426592116615,0,2
0.0009154556624923617,10.107648104614011,0,2
0.0009091234751967793,15.64796717499849,0,2
0.002435897616499262,26.895017350605972,0,2
0.0018457690980591957,32.786468838998765,0,2
0.0006722499255852541,9.663370795513758,0,2
0.0007963008479839496,14.144723176017083,0,2
0.00047768172349408613,5.30963577304753,0,2
0.00034476169867598714,6.642705256362192,0,2
0.0007090391452824988,12.59469013046041,0,2
0.000765590584931419,34.221930959085114,0,2
0.00011769569977350014,1.3082378226241163,0,1
0.0003614074754250237,15.601828710895454,0,2
0.0005175155780038844,9.192649497579044,0,2
0.0009011133074105326,12.953206369935756,0,2
0.00047201939739509297,27.415335167772874,0,2
0.002014775706266392,22.395089949032936,0,2
0.0020888310773231936,23.06301697024107,0,2
0.005318819565368613,94.4784004259141,0,3
0.006645067258754204,95.52064855428013,0,3
0.0005914531803338686,8.501944250534859,0,2
0.00032475666155951924,6.257257668310445,0,2
0.0044008967760638265,48.91784174775389,0,3
0.0016315934598066365,18.13585610496349,0,2
0.00028817025564430436,4.1423523105704705,0,1
0.004161126021626539,55.19431976597407,0,3
0.004769127087605069,68.55462777230437,0,3
0.002333639124798811,44.963454294040545,0,3
0.0040921643127234,70.4349349535121,0,3
0.0006469217479077613,37.57382989785818,0,2
0.006255598446189196,82.97597793770575,0,3
0.0004681882309929647,9.020829271138808,0,2
0.00033208984784088055,6.3985500312502825,0,2
7.37360934449515e-05,3.296006440951494,0,1
0.0049710747686817925,95.78031615027534,0,3
0.0032663331084137608,141.00640726998563,0,3
0.001001991786941857,17.24643023687241,0,2
0.0008004901566046912,10.617921553811417,0,2
0.00110102453563737,63.948551349838624,0,3
0.004672339034831518,82.99494142133925,0,3
0.0006322084482538301,12.181093197011808,0,2
0.006062467866175368,67.38691197925719,0,3
0.0019262757675841636,25.550651463309524,0,2
0.0009397719088992349,42.007843378217856,0,2
0.004500566590432882,64.69415926731642,0,3
0.0008256215499248148,36.9053175887617,0,2
0.0015688955513280347,27.868353175566444,0,2
0.000887259331487434,51.53286514855199,0,2
0.0005151768013334133,29.92195820163447,0,2
0.0008020227503715164,46.58224351574655,0,2
0.0012758909426463143,14.087254245631808,0,2
0.0001222670370411239,7.101385703535411,0,1
0.0014933246175811085,64.46627830778603,0,3
0.0009012504335224432,52.34548165069804,0,2
0.0024413716935933584,32.383025465572715,0,2
0.0029821909835832418,52.97277533685271,0,3
0.0021060020605306908,27.93459043359963,0,2
0.006041324204661711,107.31227865430314,0,3
0.001364061053806152,18.093280903484604,0,2
0.0013742813300950956,26.479002308555895,0,2
0.002991122815279374,39.67507551268474,0,3
0.004036363211215057,44.86589594116175,0,3
0.0016938528468145306,75.71529263742092,0,3
0.0008601966114166673,11.409884388356076,0,2
0.0004103149808860689,7.905754875797872,0,2
0.00031658762699086836,18.387710233568345,0,2
0.003541631052951009,158.31105523260644,0,3
0.0009147074850988673,40.88746259283729,0,2
0.0022059007073120633,24.519525724496315,0,2
0.0012641957156855055,13.958125939951099,0,2
0.002005833459566234,28.83319393001334,0,2
0.0015380750018299523,22.10932048977731,0,2
0.0008110389505213529,35.012255263999506,0,2
0.002441721463575007,27.140773852479903,0,2
0.0012757545967912217,18.338551249584757,0,2
0.0062848541727097305,121.09359597907267,0,3
0.00183058701191327,79.02577268683484,0,3
5.720303511588456e-05,2.556978046642623,0,1
0.0010612118717479844,20.446928140934133,0,2
0.004608372356456271,79.31998384310737,0,3
0.00042606870571335124,18.393230405085202,0,2
0.0028751878181770066,166.99364081354105,0,3
0.002046761105305423,22.750621280042587,0,2
0.0016026932525441974,30.879935137507992,0,2
0.004629900362472613,66.55328955210491,0,3
0.006578532665896148,94.56423574254767,0,3
0.0014330255017467107,25.454888159040074,0,2
0.00022168460734293524,12.875652664662875,0,2
0.0010596469867614135,45.744573385001374,0,2
0.00011319315145026835,1.249778213831451,0,1
0.005762682261096241,82.83665545551695,0,3
0.0004021355473359679,6.921616277977253,0,2
0.0009975057477573748,13.231190529672197,0,2
0.0014677181033175275,25.262580198902636,0,2
0.0021412157869513905,38.0344999546647,0,3
0.0008580766006876611,38.356059706468415,0,2
0.0005810106405280691,8.351836187521686,0,2
0.0017163709824518012,24.67226636232417,0,2
0.0013242671705260627,25.51535315049212,0,2
0.0016240884042208346,23.34573475931138,0,2
0.0005866567522094166,7.78157647858435,0,2
0.0008062278255639979,11.589258886571145,0,2
0.0010386102684113445,13.776412194435782,0,2
0.0029250956191494005,50.347176682765145,0,3
0.0054800668895157445,97.34264296528741,0,3
0.006510461537591254,72.36655241106898,0,3
0.000497653800322442,8.839843962084675,0,2
0.0012922559859502895,24.898576794938446,0,2
0.00298781182473173,133.55531271830716,0,3
0.00022040357799309494,3.1682286866019265,0,1
0.003302277962641471,36.706225799749994,0,3
0.00038295619392078367,16.53207901774031,0,2
0.003024574565540587,58.276071390569534,0,3
0.0009150588704493418,39.502757214267625,0,2
0.0021350423586931435,36.74866358371208,0,3
0.0015603894727122746,30.06484592738781,0,2
0.003871726533310426,51.355645374664704,0,3
0.0005983650480825089,10.299147350732346,0,2
0.0019582003639153625,34.78358982146532,0,2
0.003201058847947461,138.1885412869206,0,3
0.00043336769929543654,7.697927429665276,0,2
0.0006059344829462255,26.157970312690004,0,2
0.0016172237231906084,31.15990136957788,0,2
0.0008134522560648454,47.246080068044634,0,2
0.0015005013533470027,16.567202849384454,0,2
0.001699182348410796,29.2465768816649,0,2
0.001204332018897159,17.311875266302312,0,2
0.00039426794593989186,22.89945697889207,0,2
0.0011448114668142703,20.335330959165717,0,2
0.000949006925449635,10.54861610232742,0,2
0.0014179394841268398,15.655628040109045,0,2
0.003974906929002692,43.88739087327059,0,3
0.004383114461349958,77.85743398560594,0,3
0.001398671268854411,26.948936106367704,0,2
0.0007164919848990796,13.805028495069294,0,2
0.0014744129805174388,21.19419994588266,0,2
0.0010844574972084893,46.81563405902294,0,2
0.0011623976173187635,15.418361629052423,0,2
0.001922066195173549,21.364584253735174,0,2
0.0012103807318057528,54.10406900677064,0,3
0.0008251365594663585,36.883638495115854,0,2
0.0013011510755155374,23.112397556702263,0,2
0.00022363781765165474,3.97248732106713,0,1
0.00018369478292893602,3.5393441464480895,0,1
0.00024147130044972385,14.024882603894413,0,2
0.0024494103434134634,27.044212876045886,0,2
0.0012554678792910496,18.046936381413026,0,2
0.0026926413608425984,116.24034406685627,0,3
0.002428432687088137,32.21139892535463,0,2
0.003608356980965721,64.09538649271616,0,3
0.0009022636545640629,38.95039241792167,0,2
0.0017364891371054248,23.0332694096279,0,2
0.0005233450732778324,9.007892493454902,0,2
0.00038466123655573616,17.194373257902484,0,2
0.00182305150459324,105.88456385978151,0,3
0.0002771151411693605,16.0951107457638,0,2
0.0010953769813596144,18.853789959448733,0,2
0.0006856543204872487,9.094707446303673,0,2
0.003617882541029812,39.94544477336849,0,3
0.001590724837958773,30.64933338916344,0,2
0.003252067600231247,145.3675568637783,0,3
0.0007176774675684651,12.748132987829658,0,2
0.008510122189188889,93.96120854329897,0,3
0.0064708488571533045,111.37720372823358,0,3
0.00468839830435286,67.39417815863189,0,3
0.0009846075261557702,42.505147278636514,0,2
0.003968421978630961,70.49123516001622,0,3
0.007544738905146874,100.07549146965872,0,3
0.0002500937785344189,11.179202292656573,0,2
0.0020310811649193643,36.078174346469844,0,2
0.0010082082738038683,43.52398293448915,0,2
0.00021380947304728873,12.418257380914275,0,2
0.006616789530477083,95.11416554372613,0,3
0.0007586007408035636,33.90948463612039,0,2
0.000897418361545471,38.74122288804056,0,2
0.0009468934277203779,42.326175565444025,0,2
0.0008011935463369171,13.790261340668902,0,2
0.000376017400075554,7.244925319598732,0,2
0.0014878067569186455,16.537605672105794,0,2
0.0016377295373185305,23.54182154515852,0,2
0.0004523512701266436,6.502400203688838,0,2
0.004441741945914203,76.45191667109377,0,3
0.00027618505195137416,3.663394473697687,0,1
0.0009087389039033553,10.033487623661296,0,2
0.0002454178845145237,14.254103956875626,0,2
0.0012347559953309957,21.933019144840106,0,2
0.0016185343023858655,17.99069800910839,0,2
0.005688102786375567,75.44855945752421,0,3
0.002207723689860225,29.28385409616363,0,2
0.00466542271343254,80.30194299127851,0,3
0.0011015196140115795,12.162000952014642,0,2
0.0011423308959719383,12.697494359934689,0,2
0.0015996447970640423,28.41455323287935,0,2
0.0009136226254287669,39.44075504131441,0,2
0.0027189653939780805,30.020400262894146,0,2
0.002210103139861962,98.79170218843343,0,3
0.00045823828206680955,8.829118363905975,0,2
0.003092209994748545,59.57923883301291,0,3
0.0014015050060616585,24.122910615306687,0,2
9.177476228673167e-05,3.961882967409131,0,1
0.001672457673943379,29.707931218994965,0,2
0.0011652521794427602,52.08682084091429,0,3
0.0007559649480247962,13.011780044048471,0,2
0.00043132987236136727,6.200224549196947,0,2
0.00021566523190119657,12.526041618704529,0,2
0.0017968910000956588,23.83445632947042,0,2
0.0012716219698928135,21.887344664136723,0,2
0.003688168581875561,65.51308308812052,0,3
0.0028910875139982447,51.35450083555462,0,3
0.000591844688123094,34.37490192501421,0,2
0.0023660758750932366,26.124107713909776,0,2
0.006249817550814944,89.83906445992652,0,3
0.004108029924982502,72.97109658338947,0,3
0.0005359208008230447,23.135505227759676,0,2
0.0023906566920339216,106.86245347307714,0,3
0.004409949799946747,84.96882579735357,0,3
0.00163136576848211,21.638884141670168,0,2
0.0010080566345387265,45.060173451744134,0,2
0.0013528511097323991,15.037516183997619,0,2
0.0011273860717009685,20.025802982730177,0,2
0.0030455228466850512,52.419987862837296,0,3
0.0046761450909213725,90.09775069059654,0,3
0.00019540477304431879,3.7649666943997024,0,1
0.0018112544546660854,34.89839368127539,0,2
0.0004210829576650696,7.247741895640834,0,2
0.0009000790207082082,11.938895631955544,0,2
0.0014559461074282977,25.059958871564223,0,2
0.0007108220659580507,41.28522109564327,0,2
0.002169446293909161,28.776132190854458,0,2
0.00039101989022798724,22.710806816468914,0,2
0.001198373838959113,69.6026913992588,0,3
0.0007907376678077603,45.92679519606149,0,2
0.0019144502931851177,36.88672226185047,0,2
0.00035590917037437656,6.125961068262732,0,2
0.002367708348442669,26.31808655997307,0,2
0.00580872797808446,111.91982178119858,0,3
0.00568090985531882,109.45708267991684,0,3
0.0010082618823808564,17.909795338425372,0,2
0.0010267053618746537,19.782073038425462,0,2
0.0018746853390783154,33.300109161675756,0,2
0.002988822621791874,173.59365819633945,0,3
0.0016281205513372,23.403695543246872,0,2
0.0013843809234250317,23.82816838247423,0,2
0.0008509961980261464,15.116278822756547,0,2
0.0006083323479640944,35.33252087704831,0,2
0.0016761099426936446,97.35005830389748,0,3
0.0003953964997603443,7.0234435239341915,0,2
0.0024842566670158057,27.42895502265413,0,2
