energy,time_ms,violated,priority
0.3102784795525374,1164.0648177875808,1,2
0.0864782422387966,276.62316701972105,1,2
0.3910453163969628,800.7969443238363,1,2
1.1403422376083765,3244.389443546049,1,2
0.15134119661647397,430.80899727943836,1,2
0.7967039323270774,1875.7754383933852,1,2
0.8120024381745867,2382.300556839515,1,2
0.6852275291004852,1411.810272123556,1,2
0.09760904066172105,540.6048036621332,1,1
1.312131446383106,3090.351501413186,0,3
0.11624361821662917,351.8266212213416,1,2
0.8901844194938808,2625.0203588902364,1,2
0.3476873702107952,1309.8247427172637,1,2
0.2615978517923441,2231.4833332630496,0,3
0.7857378684614651,2334.6459632459178,1,2
1.1507038332041375,2524.240600414996,1,2
0.5957302024453328,2841.423353025647,1,1
0.41591454699780867,1561.3887957498528,1,2
0.6201357028776671,2586.9638216093495,1,1
0.744612179921023,2138.206262925007,0,3
0.4377870423009754,1295.659490911329,1,2
0.2995230396897244,2192.339321752144,0,3
0.44350296561454366,1283.0256133909409,1,2
1.0923576167985325,2401.1824287246163,1,2
0.9865274082728425,2971.116454458963,1,2
0.1699467094790815,514.7711404641732,0,3
0.29527166149918777,1422.5706394356419,1,2
0.19826607218208694,1736.0620115109027,0,3
0.20696929106666023,430.8300514572541,0,3
0.1354454656871397,523.9364857510718,0,3
0.08507568083213933,761.7044207394848,1,2
1.1532390698692534,3291.070399147332,0,3
0.11965561870025539,460.75957048693306,1,2
0.08562457732605337,643.977085867687,0,3
0.7076319944328491,2130.643939919399,0,3
0.89454571982119,2553.6430008976154,1,2
0.4594056681732206,1316.8942597512444,0,3
1.0581103102212401,2486.6336684598245,1,2
0.9148807326360497,2165.8241403923407,1,2
0.4645538518228808,1283.1189419576224,1,2
0.23488714944085326,985.6657284252911,1,2
1.053866667391088,3180.0796866160676,1,2
0.4866469785481979,2023.3134826004284,1,2
1.145675514586451,3449.638053408027,1,2
0.6605394662054861,1466.3631422568862,1,2
0.18212654373981899,1547.0202495110668,1,2
0.7260296593344083,1802.2102514577714,0,3
0.3450249625642932,998.3497406244367,1,1
0.0374851306644165,336.72912398211844,0,3
0.05691791475452544,570.1555477345019,1,2
0.6174171912791099,1845.855189776754,1,2
0.7724847396059265,1819.0855882021185,1,2
0.014738937805273106,81.57177301419557,0,2
0.17029863723585487,1245.1519411908732,0,3
0.2374584892466407,2079.3291653726583,1,2
0.31315697465662257,2656.4726941637086,1,2
0.6472049521180789,1532.2765446254432,1,2
0.741300841017035,2027.3997249328643,1,2
0.016862648442177122,165.71025449195395,0,3
0.1705006324334885,429.61619649208023,1,2
0.2517109386052993,731.6614258170729,1,2
1.1670865487675022,3520.3085399016527,1,2
0.7261570451381391,2158.1745518131934,0,3
0.48640645851783443,1818.2875346423439,0,3
0.46297414965586925,1932.9926005663299,1,2
0.8269961955129926,2030.875094479124,1,2
0.48784849948626563,1386.8862131900669,0,3
0.2308662087916747,697.0096376384728,1,2
0.8658614325827485,2054.436328300178,1,2
0.06475404498202747,568.6512485342457,1,2
0.7368746145440163,2238.7623997093424,1,2
0.35742452519716394,1707.395224091879,0,3
0.9412554973776208,2768.8258582360777,1,2
0.19164399610970764,1675.4899345847955,0,3
1.0110729200076711,2485.793799648042,1,2
0.31033212029202106,3056.7752539487783,0,3
0.1542571595505888,487.80434724324846,1,2
0.2195366441322105,474.6763304209861,1,2
1.0413647324159565,2447.4999158284504,0,3
0.18447493471865542,1368.2239560634216,1,2
0.22832114745955898,703.1822671302682,0,3
0.5288462990637428,2530.8017769998673,1,2
0.2785417518984585,662.3266227058804,0,3
0.27590946543830636,585.5389375250732,1,2
0.19080183813241133,796.5036783666619,1,2
0.33897556124823197,2487.1644667573314,1,2
0.28240388387141263,819.0505219261748,1,2
0.2778210956673208,764.9068382730827,1,2
0.9146078392635105,2007.4956903746727,1,2
0.24933734094481597,529.9918946422155,1,1
0.0975950944701078,273.7484549447422,1,2
0.6903169538174636,1515.8630440961965,0,3
0.8017126588615624,1659.1121814811167,1,2
0.14606613996222598,1253.878088164886,1,2
0.44094090427163785,1844.154844528176,1,2
0.06265820450103081,344.29146560017716,1,1
0.912498183956831,2753.8542410726463,1,2
0.3922793075625676,819.7905661669148,0,3
0.2995885151235977,909.4322156467811,1,2
0.3091438744378757,2280.4802646989165,0,3
1.2427268515587981,2916.346462300055,1,2
0.09729601843844177,312.7444125776895,1,2
0.7992798586282325,1637.988530269024,1,2
0.33993547106188793,718.3850784382649,0,3
0.7860766473594388,2319.165881577408,1,2
0.14107042198647285,1217.2496156775383,1,2
0.11416601901031968,337.58380036607684,0,3
1.1504424637510464,3461.8229536064987,0,3
0.20150896452029396,603.0558179680096,0,3
0.2911582102562476,2492.8625296737573,0,3
0.36865979464418014,2703.3650062674283,0,3
0.31645859095678563,667.5503361004006,1,1
0.8815764325025476,2654.63049889237,1,1
0.6041138712448053,1428.7755866694397,1,2
0.40204387815155096,1189.0692070572454,1,2
0.08814335867948477,366.8949770473089,1,2
0.3028345066845744,638.2672397585992,0,3
0.1864074706512403,477.8869975495173,0,3
0.14728270947965663,630.4762870652958,1,2
0.6379749107814907,1889.2577299454106,1,1
0.0741435810743296,564.9909911502972,1,2
0.44181176605389094,1303.7937665908278,1,2
0.27643153137998133,1494.8080541224226,0,3
0.3897338288301927,1633.008188618125,1,2
0.41035872114814864,1953.2072947299432,1,2
0.7822567122698012,1617.725426138763,0,3
0.46259659199279257,1032.0214962804273,1,2
0.7303437426067937,1801.7705132016217,0,3
0.36596323905203904,1531.626725904688,0,3
0.26386748614138045,1100.0867300248397,1,2
0.9423746570034417,2768.3547864710845,1,2
0.9771509893071556,2302.519076781835,0,3
0.19907439563789395,1955.2109983039388,0,3
0.33264733343557956,694.0885327081553,0,3
0.8350459617216942,1980.664011767187,1,2
0.6596669784165005,3144.5868391015074,1,1
0.3511469995123276,1032.7088756104908,1,2
0.5356950366129923,1523.0005930267596,0,3
0.8760354869156106,1817.8455204029704,1,2
0.2845986983949668,701.3589719692344,0,3
0.5014480533271068,2073.710997904269,1,2
0.4166561754997288,1565.8369167339797,0,3
0.37259146339778354,1070.3717024536083,1,2
0.23907757228506604,509.4297727133208,1,2
0.7810722757439269,1842.272078402795,1,2
0.6128249051463426,1523.173255027599,0,3
0.3055710026350589,919.1753887574536,1,2
0.622317806494107,1374.9090186039502,0,3
1.0588566767410346,2506.9974266469676,0,3
0.16241994563946793,450.66375100131603,1,2
0.22205765255145105,1067.2718895042347,0,3
0.7288891914587445,2002.5012887559055,1,2
0.752630071484959,2217.9873609459787,1,2
0.19045892532904027,1397.7411548933487,0,3
0.871192368629053,2053.578202854084,0,3
0.04323595032664191,198.4926568711858,1,2
0.7598137391681679,1570.340526276813,0,3
0.2384647620650318,564.7591075087415,1,2
1.1787206540021857,3549.205698769883,1,2
0.291742136009658,2146.3569080033017,1,2
1.1809884877662142,2464.709084362469,1,2
0.5415850515509314,2582.8355644651933,1,2
0.26858270892352315,1440.3426898464372,0,3
0.22096317461209863,676.6037711475789,1,2
0.2099730061971198,452.7436082722974,0,3
0.4223453033131127,1001.082658008907,1,2
0.21420746718107878,2112.518260723411,0,3
0.31889616986538416,659.7090027452749,1,2
0.07061903102320295,378.5977158859666,0,3
0.16430816263173556,1456.2752958747633,1,2
0.8053771842313588,2373.887321980555,1,2
0.9458081412945405,2085.46911709294,1,2
1.2285206608681207,3696.0402008239193,1,2
0.6069214388494916,1797.4817573040577,0,3
0.9328078433432468,2654.256217710329,1,2
0.1759979497673653,539.1248928801921,1,2
0.19116258737712474,1679.5707576826803,1,2
0.07907475663580521,255.07675201801007,0,3
0.04625686902862594,395.2243259880186,1,2
1.227978068957685,2697.3985447512005,0,3
0.7211831644333526,1598.6204354776553,0,3
0.6233781799222987,1465.27005811994,1,2
0.580691973896744,1749.1224857525406,1,2
0.35159353861531856,1879.0962081105342,0,3
0.4785053905956197,1134.3570072959706,1,2
0.1065946009218687,590.6068958528382,1,2
0.02901277004628723,126.05898628121018,1,2
0.9566702154808573,2814.345698407696,1,2
0.47594330542343916,1360.6829201185753,1,2
0.073848410562953,726.6093532879476,0,3
0.01651827816998792,161.29267715544918,1,2
0.47257413674034876,1960.2875232674417,1,2
0.6447841270436281,1357.7656598650592,1,2
0.6699558357735208,1910.834544019542,1,2
0.3734517812740086,841.6654569616444,1,2
0.7862116758329921,1729.5387024755073,1,2
0.03732263503098893,97.63096397672516,0,3
0.7869209255736278,2253.9751301345755,1,2
0.02321183999800324,216.08497815287242,1,2
0.7194920100604737,2125.680951652544,1,2
0.6980488696101974,2109.5815007115425,0,3
0.5313390027063608,1099.9560542837087,1,2
0.31084342682585453,931.7164664420867,1,2
0.21573562696053933,619.2513112729665,1,2
0.17720172838055803,1505.9729040238014,1,2
0.3445593996688225,717.4527650325124,0,3
0.10468429358690882,928.5744972472462,0,3
0.7399847586595634,1529.0111953276787,0,3
0.3099822997198037,1288.5653851416282,1,2
0.7448209184004608,2190.8905478081847,0,3
0.5362708124485419,1995.592572398407,1,2
0.49375675815271186,1024.2048786257342,1,2
0.3221692184852721,1535.8895204295895,1,2
0.10591779430964557,315.30024497519014,1,2
0.3350627870740834,999.2823562682315,0,3
1.229016212762272,3706.988062650337,1,2
0.4577590984815931,1352.3161431505862,0,3
0.04457575639004603,391.7996508821953,0,3
0.3186100276156015,1182.6356637665338,1,2
0.5891734603614635,1398.7644748071257,0,3
0.8345269751845494,1712.9074552172096,0,3
0.050432615478605725,190.08949334728567,1,2
0.7911216948792572,1864.8761266605313,1,2
0.87801157077603,2505.5305707232765,0,3
0.18622961201227087,439.6618229764434,0,3
0.19653309725503687,474.53377595860246,0,3
0.8890053700141232,1951.2991591350265,0,3
0.9582609192631067,2105.808978880745,0,3
0.33397776097295684,911.3890952117166,1,2
1.045073822556444,2177.047705180723,0,3
0.13094443198810848,497.57882014572135,0,3
0.18668908337238582,1643.8485568056733,1,2
0.2301632344547815,960.4506387991921,1,2
0.5601178704255342,1320.498484767085,0,3
0.3413689228192767,813.9679801136467,1,2
0.4832814118969482,2300.2485442288366,0,3
0.3413087531812729,1819.9290789520924,0,3
0.5412008022231112,2574.5829814986223,0,3
0.6015140168133933,1424.1031966452035,1,2
0.12577485535222943,485.15130244928594,1,2
0.41409474032079757,1969.1641173419418,1,2
0.6212696087481039,2948.802191088722,1,2
0.664526589218136,1810.0806293159894,1,2
0.07422488928574,362.2411586057463,1,2
0.16261145367500957,1426.3289294681347,1,2
0.05810471027293316,141.6140487237311,0,3
0.14923877536245814,341.5666662529409,1,2
0.2414358458255015,2113.3985877250134,1,2
0.22516319065059706,1966.4785750488393,1,2
0.13852441114967967,1375.2598591856865,0,3
0.4490481029122349,1342.9237195183077,1,2
0.21602052354501303,1840.007667445232,0,3
0.18685795448018835,564.6000035664455,1,2
0.6103875717288988,1285.9997955080416,0,3
0.4622274277887002,961.3191105503199,0,3
0.34702622609608436,723.8157053420506,0,3
1.1828133942962478,2778.148795299944,0,3
0.06776093314231771,298.2029134964822,1,2
0.1824257541132716,397.62953125529356,1,2
0.9583770879594727,2000.5955923600957,1,2
0.9150133151343881,2756.483721533647,0,3
0.007949935031098926,79.68097036809087,0,2
0.06695037459393412,579.0475202163095,1,2
0.10093312744768371,546.7524182182651,1,2
0.33614292513656524,926.7021215538387,0,3
0.2773081740896673,2039.3230822266974,1,2
0.798693464024549,2353.7624175582546,1,2
0.8747569082037524,1930.206945906626,1,2
0.5975884255246056,1635.2154011161222,0,3
0.18647346317985602,1008.2419904772651,1,2
0.655021400325429,3119.527492191311,0,3
0.49815855557027927,1106.1254213172251,1,2
0.07291856146423513,548.4500274660777,0,3
0.9749561419320806,2000.3871229557456,1,1
0.19480526964754963,1715.301069157763,0,3
0.04382123343357937,96.2950494526176,0,2
0.8936657573422129,2196.8821749218137,0,3
0.25274595648997644,609.3757836067871,1,2
0.04869649111170118,110.0626623779646,0,3
0.31359888709127004,870.457930577042,1,1
0.14779767566613505,336.1126520488973,1,2
0.5923186665375286,2448.629246008285,1,2
0.30163413390997473,838.6095985179403,0,3
1.2633551897927089,2772.7163489566574,1,2
0.5339880688325471,1528.985063375885,0,3
0.26258801984414015,776.6072161997713,1,2
0.3686441920451539,909.157836234683,0,3
0.7577201288834713,2251.019640072132,1,1
0.5010953939766724,1238.60464327708,1,2
0.9630524887855114,2915.2084080745663,0,3
0.8835365597566005,2089.1856827441234,1,2
0.09662724027902087,226.81224067247072,0,3
0.5413096805289027,2578.852493783061,1,1
1.0607107768684139,2326.741033512295,1,2
0.2484403899560458,1826.8862637788025,0,3
0.895167762254367,1962.2951061895556,0,3
0.5320376582117393,1091.466264635425,1,2
0.0434282445302268,437.46117558723387,1,2
0.39102178927363923,1618.5587963058342,0,3
0.2588995205166723,2202.898895375283,1,2
0.6609663981770126,1801.4965705045,1,2
0.8043667988822996,2195.2110975758847,1,1
0.07907064591982636,232.99584838207514,0,3
0.7066748084671455,1740.803821639522,0,3
0.014156411488955509,124.85788877989604,1,2
0.26026663749014106,1396.4134835833302,1,2
0.6371285863824716,2638.0428082804046,1,2
0.5007468307672819,1374.0139581695719,0,3
0.28806565312440674,638.9999158879018,1,2
0.8060045840533977,2386.6763459545546,1,2
0.9915963529606708,2065.956765471616,1,2
0.03177162962112147,240.01392223748647,1,2
1.3770091333535248,3020.600737302467,1,2
0.1875523339621091,556.227564441592,0,3
0.23810459807830273,595.6242872329171,0,3
0.324806119263535,1543.81674872016,0,3
0.14267120879289524,1223.798299718995,1,2
0.32147238465140904,2349.9151848451397,0,3
0.4600023368429561,973.4750386379736,0,3
0.32902725811676614,1006.6680099539211,0,3
0.17250321213806297,1506.2992541438623,0,3
0.44608218775940556,1098.4703653702127,1,2
0.8505636159896375,1755.7525485594397,0,3
0.15092752031004847,811.7119525581808,1,2
0.5278569849556507,1571.7088905412995,0,3
0.07619502972445873,169.778021480802,1,2
0.11540075508446065,982.2372826479569,1,2
0.6418035651619036,2659.5988499418786,1,2
0.3514910951403777,866.555123567838,1,2
0.8809783651916264,2657.254005304739,1,2
0.01416509064049153,121.29329501479468,0,3
0.1897999061493125,403.6898817666601,1,2
0.44754017401444063,1328.1083465919185,1,2
0.18591902191129808,1822.1907081273862,1,2
0.8011603410943571,1672.5269904324864,1,2
0.5514718978311336,1630.7164858904139,0,3
0.5056307855255975,1045.9257679990599,1,2
1.0197400218167894,3069.76298324059,1,2
0.09567958823022735,268.9522943077178,1,2
0.167865844213864,1476.36066460699,1,2
0.4261069344662846,1218.705230565619,0,3
0.1368627348085958,398.38682401014466,0,3
0.11656836565277293,364.3483110357588,0,3
0.11074290768822644,418.6984420535578,1,2
0.1334629183531757,721.4172555399733,1,2
0.8163954944366821,1678.7712364037143,0,3
0.06574337244927106,588.1946126754184,0,3
0.0174283041856557,163.13995201338264,1,2
0.34111767928018194,844.727250169853,1,2
0.02848653783510427,254.84728062182478,1,2
0.35388005583876747,834.2592725396312,0,3
0.14836076115689112,629.5224799746156,0,3
0.27583982405470187,788.8268063638734,1,2
0.42517874123634825,1219.79065317304,1,2
0.2395098426844129,2040.3654694671206,0,3
0.8831738220762955,2083.629354889031,1,2
0.5030517814694908,1871.396112718984,0,3
0.19524747237716245,556.0422232202576,1,2
0.16716754033185202,493.4887239340108,1,2
0.5544139286619648,1514.4416006232434,0,3
0.26634456140570034,1105.3734555945568,0,3
0.5519234208083994,1574.9669338299718,0,3
0.27498583194310877,1153.791024990062,1,2
0.5549547445367562,1643.759293075325,1,2
1.1974079579562504,3408.3201257708506,1,2
0.20508797791872965,982.0292884905126,1,2
0.014831269376643476,80.75093458779877,0,2
0.28999417998021876,2471.8111492207327,1,2
1.102445296946491,2586.2488604131736,1,2
0.3149335878790317,1184.6480248901687,0,3
1.0625365226359478,3203.9856931531226,0,3
1.026827357190829,2522.906384495556,1,2
1.080424643867691,2369.1280644979593,0,3
0.3200022890894426,709.3729161566667,1,2
0.8128964930312823,1667.1422127333997,1,2
0.4919001605188894,1081.6061806118018,0,3
0.8281405011290274,2032.7571448118879,1,2
0.5604982460056158,2083.522241747567,1,2
0.6899040442018023,2077.486037250206,1,2
0.04098585161206721,131.70306328045152,1,2
0.10770519649533965,1064.1049452647078,0,3
0.6461802798369738,1903.9402397532704,1,2
0.4379537043992505,1205.1146010518155,1,2
0.23060011570243202,510.3949074699745,0,3
0.04518645843685155,386.46241269721196,1,2
1.1920580075571798,3595.852097708286,1,2
0.2555906350837988,603.8404815937369,0,3
0.4032205907510276,888.6726201098758,1,2
0.8840039688182841,1818.327554449264,1,2
0.10800515293333457,951.7626350874791,1,2
0.6088052857766797,1443.1707071401836,1,2
0.973008685148828,2870.071240405291,0,3
0.11232177955410022,986.753605205489,0,3
0.9851358162057735,2430.5562287307694,1,2
0.04647871496348445,421.43133063909545,1,2
0.12773196157730973,378.9599120972724,0,3
0.5331031905505409,1990.5928495088085,1,2
0.0906738984971509,802.4925712512263,1,2
0.07032939410104293,690.6336677514726,1,1
0.5012103754911851,1868.8052065852353,1,2
0.03531844694224768,179.37680948819963,1,2
0.0804032123147784,693.6553765924189,1,2
0.17428001415885222,421.419425140735,0,3
1.083171316740625,2544.4416166964047,1,2
0.408562153759661,846.3854643154023,0,3
0.05502111985194858,305.98428421395863,0,3
0.11185241811407043,1097.7791421504332,1,2
0.06346167975752294,338.5307876354856,0,3
1.2533687580442676,3088.830299510135,1,1
0.6429012790291674,1935.9674382994722,1,2
0.0795397444485809,788.440739141523,0,3
0.40230665501601853,1502.939456474527,1,2
0.4758999143264455,1059.8571236368832,1,2
0.09940122288872288,203.14919855500997,1,2
0.7317333915683341,1614.8156851800193,0,3
0.019206878695916665,57.359588568417635,0,3
0.22004737270124747,1176.2370220880612,1,2
0.07187877795918388,624.1264905315865,1,2
0.4632597805419423,979.9911080737492,1,2
0.9279887008090228,2290.9305309414613,1,2
0.7312749290321081,1719.6927503771099,1,2
1.2301171679216136,2893.647302910818,1,2
0.18624036414035744,1634.2987431396284,1,2
0.9890504719282157,2026.5391504684528,1,2
0.27476846164948265,1318.8280745268655,1,2
0.6874118215099106,1436.9364507863543,0,3
0.27534276177515615,1147.8151205182326,1,2
0.9352815546124013,2297.7434200879225,1,2
0.30043610151916617,659.3544344370782,1,2
0.074291440375133,555.1041997687721,1,1
0.1899138125102452,1027.1451876278268,1,2
0.707476262130582,1661.6728311840063,0,3
0.12720271232289254,378.52960258280734,1,2
0.2841501677926041,1523.04009728068,0,3
0.24921358687622747,534.7724820952544,1,2
0.1666083608557952,487.5794593300535,1,1
0.30937049066736527,640.1709020943977,1,2
0.8672564807850046,1782.3091805237434,1,2
0.6278034430378217,1859.8350885093362,1,2
0.36438028942132383,1077.703956698237,1,2
0.173561448918248,505.02001488523473,1,2
0.5100538038241891,1044.2306684414687,1,2
0.35458443839852977,2596.78476069278,1,2
0.14548954732466143,1236.6264221592144,1,2
0.4245998594191017,1279.3442689271599,1,2
0.32751405038735537,1757.8878409298227,1,2
0.7637619881338614,1883.9392277800591,1,2
1.160801686477802,3500.356444467771,1,2
0.06124602484326177,235.2482265718678,1,2
0.5000583885962481,1374.4646060232767,0,3
0.5889921034407826,1784.9105353939617,1,2
0.040843259924123396,96.837750075273,0,3
0.3658041039432516,1082.1639228622425,1,2
0.16167299013815833,347.3490398162522,1,2
1.0830714031988165,3092.9978705002454,0,3
1.0407035210963982,2165.186097063159,1,2
0.552876586097389,1161.2238595460165,1,2
0.05832373721669201,437.1073810807933,1,2
0.0230830661568886,212.32307516947697,1,2
0.2851188107358827,2097.303861220747,1,2
0.1467495439597906,1437.9836383102895,1,2
0.035654570932347814,366.094356082816,0,3
0.26478302066183085,1110.1119022059047,1,2
0.19303269506906706,573.2367063748376,1,2
0.9548904718512826,2714.850133131072,1,2
0.778410691191503,2120.1714595590115,0,3
0.301724943041507,2965.0366458297062,1,2
1.4099767201469886,3094.9213897213954,0,3
0.06774098928595611,255.1721547591574,0,3
1.0413727263600727,2166.3610273764625,1,2
0.0734593655793246,407.7007464516286,1,2
0.3551716302434897,740.2891153816809,1,2
1.0507125360843015,3001.71873468871,1,2
0.19035587415078065,1673.778980597664,0,3
0.7955899590361935,1640.813063061449,1,2
0.5922040864329957,1300.1934820742279,1,2
0.9755397028448404,2291.4193207394273,1,2
0.05122420387871668,119.12635070621444,1,2
0.4490148543120283,1055.4619960144587,0,3
0.5133489912950658,1212.1042352881987,0,3
0.05423552487611788,532.5301222645221,0,3
0.19458653479008092,1914.8681826973043,0,3
0.2672798124890252,2275.9282753101193,1,2
0.1892123191344549,1399.3129891110455,1,2
0.6055105019744591,1487.2963837547604,0,3
0.26655091286546334,2610.261221771136,0,3
0.6348225783698931,1727.2903891342849,1,2
0.8460282402575962,2543.118657958149,0,3
0.04129353046986395,229.30243927703003,1,2
0.4129538242504143,1977.484236204743,1,2
1.012805799108583,2070.2280720572667,1,2
0.22825252394464132,948.3558752137358,0,3
0.0748961370414144,365.07448366713345,1,2
0.33221539701511094,706.244408550448,1,2
0.19712690163171115,1683.3475122421944,1,2
0.9381130391103566,2206.7831552746516,1,2
0.2777816091672384,659.8625645849747,0,3
0.9449165503516512,2215.6624163575148,0,3
0.1954817434048957,1056.8695274456627,0,3
0.44205351623372785,1838.403405486008,0,3
0.6667011113290761,1965.8039993713014,0,3
0.0938198679192454,401.85792239209906,0,3
0.3983420249883854,882.6973503468882,0,3
1.0011543064583546,2201.251741470179,1,2
0.17189295732000298,1462.7963695906317,0,3
0.5918390136778892,1301.8569095332653,1,2
0.31463590003246406,938.1402511332738,1,2
0.14611350857491553,1083.2931964943298,0,3
0.29412477434415013,1231.1453017171011,1,2
0.4478823714179804,941.493596991317,1,2
0.31119505721785906,931.1548801358808,1,2
0.48265001782348715,1059.651239040061,1,2
0.5623567108171668,1240.3362219153107,1,2
0.09150393272041765,225.30153886165266,0,3
0.22563701485297666,1655.3997779657523,1,2
1.1275169052270162,2352.3006344093187,1,2
0.3605422343899184,1353.9734764023829,0,3
0.46103011405405375,2189.2947875260516,1,1
0.4826126442515526,1797.9396056083062,1,2
0.3091205754476362,930.7773840025756,0,3
0.15093750007036807,357.0150210444577,1,2
0.2295767638123651,1233.3088293000621,1,2
0.4018385259070346,1001.2740709865295,0,3
0.9242169395104294,2626.9901697106047,1,2
0.5813571775536932,2171.4307956124453,1,2
0.6246572098442839,1891.360558781751,0,3
0.021324812160131164,116.45761365985524,0,3
0.6187756177694193,1827.545800681972,0,3
0.11779289042055614,370.27325675378063,0,3
0.15545066596612794,1143.295998195501,1,2
0.2655020163610541,2262.8966336467715,1,2
0.34440189894017065,1014.1336357277244,1,2
0.06396259463832034,188.86940981336124,1,2
0.4274725123256682,1226.8278937403563,0,3
0.5174928627086353,2154.2848738627,0,3
0.2798442773820924,657.5580370001247,1,2
0.3607767635267113,852.9659535573637,1,2
0.46425600608744216,1371.7799630332088,1,2
0.6822570939603235,1601.3710574327301,1,2
1.2811102397595362,3865.7340676066806,1,2
0.30388332849141425,2226.4660485272143,0,3
0.24033833914888555,593.9387147881617,1,2
0.41016267175081633,973.8440062013934,1,2
0.32840232733997204,2402.960976199071,0,3
0.44387728115905895,1219.4536135277676,1,2
0.36729493447664313,1007.9569783906239,1,2
0.6705012578895376,1985.0320221983015,1,2
0.40330116649879233,1004.0663734924144,1,2
0.16783145000137792,495.8293354145012,0,3
0.00838340802982915,86.4572611078967,0,2
1.149362688402017,2819.794572993326,1,2
0.1687614409175657,486.66757664950734,1,2
0.7972397848984735,2171.199424636931,1,2
0.709027716803302,1472.5154879921624,1,2
0.560723715748846,1175.6092848965038,0,3
0.17032950435246663,1671.9212353426128,1,2
1.185038479315387,3563.65162177301,0,3
0.3298933843956599,2426.130534254076,0,3
0.37110647371237904,1014.7399971808921,1,2
0.8079308417057811,2393.6876085199838,1,2
0.31559213295023125,900.590189262449,1,2
0.6283146681010092,1482.0619202758862,0,3
1.1014498247117959,3133.533144666318,0,3
0.5459839926805308,2261.615664948239,1,2
0.3302559287511309,1766.114624264688,0,3
0.1892904820168627,394.9138567319133,0,3
0.9115175938189692,2140.802537482421,1,2
0.09315443978517744,203.9801428787844,0,3
0.5824917281211053,1716.7853276088438,1,2
0.12657081298095413,476.064670212583,1,2
0.7639901773307332,2171.1921627411098,1,2
0.3006799021417884,894.8036612968228,1,2
0.6534453451762724,1615.5138691131497,1,2
0.06257924152748419,620.1189927189984,0,3
0.25378483000258584,1858.0499576305692,1,2
0.2665227868824494,725.7098360208397,1,2
1.2540383651485805,2940.202887376534,1,2
0.10607460296296552,775.5475100265664,1,2
1.2842858486235025,2820.6151410908933,1,2
0.028069403802663158,242.45467713594138,1,2
0.1555710403458186,1370.6468302206986,1,1
0.06487285802432463,577.8329592457088,1,2
0.8261786221623008,2484.0641545006515,0,3
0.16162372337261594,1592.4132703969985,1,2
0.20046466260573811,960.760102038978,1,2
0.2766041455255595,2024.601998121744,1,2
0.21633961119089656,1901.13169213373,0,3
1.3703493591780789,3014.7922072057304,0,3
0.6942385978440306,1452.9697867949455,1,2
1.089901683565517,2262.0333078773588,1,2
0.2826200360130985,779.5483660366175,0,3
0.40986587820624765,1010.2785617778774,1,2
0.5189576185884526,1079.0676605393478,1,2
0.33771859411637845,995.0042630012381,1,2
0.36000645484610216,1023.0190859827293,0,3
0.7707270232352209,2326.8422550261494,1,1
0.25345589900006615,1359.7911154505762,0,3
0.21233031081822723,636.8178020434495,0,3
0.21326730743981956,799.9237647918227,0,3
0.10783494325163567,945.177567756107,1,2
1.0280457793854607,2921.1987535346707,0,3
0.35021478932677413,770.9629582642951,0,3
0.4269448550753222,1296.100415148549,1,2
0.20153579306334715,1983.826405686591,1,1
0.5457264543936399,1348.2684507565782,0,3
0.3768443605298698,1801.1471912260552,1,2
0.9270073962724766,2733.6472183299084,1,2
0.21481121827771915,1030.8824440888031,1,2
0.3323841524521233,687.9678476097831,1,2
0.15045408904330332,1104.9384028012032,0,3
0.5779769460646658,1200.9828746275675,1,1
0.838232969423114,2468.3635666087207,0,3
0.20217253470535337,601.5275991836755,0,3
0.169724607534082,711.258132961049,0,3
0.4756478113069233,1403.6906401055978,1,2
0.4283958744929066,1176.5772650096794,0,3
0.05735580856477806,223.84248628204483,0,3
0.9215595229021939,2272.4177456031402,1,2
0.13537696942867197,991.9767929408979,1,2
0.5719948758781929,1722.3938685175467,1,1
0.36310667428471993,1075.9938844680512,1,2
0.06319023182451068,311.8544867764036,1,2
0.5235509281947657,1942.288712986536,1,2
0.2679362479668333,1972.9332031706494,1,2
0.3399011201475596,1014.0358316884734,1,2
0.70318054493408,1436.1767033189892,0,3
0.12932545868656667,487.203290082328,0,3
0.2539383449227604,943.1963164792012,1,2
1.026850137197707,2527.991928988444,1,2
0.11709733460937305,1036.8846606903398,1,2
0.2678583377113378,596.1602636001273,1,2
0.40193585174066965,1917.5030886973957,1,2
0.6235115124268164,2581.078766969937,1,2
0.5712491669440515,2370.6662578556447,0,3
0.3731731887568112,1784.696998785291,1,2
0.2136789856454034,1824.9376685408408,1,2
0.479200714676087,1416.6983121579187,1,2
0.3008029436033734,1245.3575594487809,1,2
0.13691729367440514,665.2054588262889,0,3
0.6918899058004025,1525.4037618680516,1,2
0.07273742249799324,305.13412280833427,1,2
0.41219787901497484,864.0692925014836,1,2
0.757388960124986,1870.269889301335,1,2
0.12094517851631086,265.65661674654706,1,1
0.24138415646834388,542.358408506525,1,2
0.3718925383297637,1980.1130928160096,1,2
0.08851921778464857,341.040125374894,1,2
0.06169520268383723,134.41147646730855,0,3
0.428037229708914,1258.4837899554461,1,2
1.122168785312927,2472.3332255317614,0,3
0.2506914158626639,1348.594456994781,1,2
0.1918857069881073,1027.4741986533354,1,1
1.1357388910540573,2794.137297781197,0,3
0.23110483394338566,2027.6576898522146,1,2
0.1835234700689604,1355.08244399806,0,3
0.039038727136646106,297.22435018323375,1,2
0.6726242523223195,2036.702590895441,1,2
0.4133501010549379,1972.5492505194177,0,3
0.47259356145948594,1169.875935026312,0,3
0.5955543428892452,1769.6134158069087,1,2
0.32412131420175183,966.7142529790873,1,2
0.10843938320129266,799.7605711494691,0,3
0.7726173697030958,1611.330648105772,1,2
0.29686592999420236,1596.162210547497,1,2
0.08892332915090187,881.1392239569478,1,2
0.3035561972066127,828.2071789257682,1,2
0.04578709164140916,179.89186278103162,1,2
0.503851709323062,1444.0084521783513,1,2
0.65820787968954,1882.0544640941775,1,2
0.7716331641784595,2198.912540615891,0,3
0.40119472057672295,1909.2639791200309,0,3
1.2159707329383982,3661.7570544121236,1,2
0.22076621977905,927.6400667776919,1,2
1.112493006221366,2309.6084384301603,1,2
0.7126539534233081,2958.131225358581,1,2
0.07469100551035646,292.18719285616686,0,3
0.07852479133816963,305.16754841965945,1,2
0.050286297095352005,442.1427149981827,1,2
0.4062851666201897,1690.448016034645,1,2
0.18583857343954238,1831.447066772665,0,3
0.09987594566580735,887.1501745989917,0,3
0.8065067050110424,2199.8242293584317,0,3
0.5930621068973957,2458.198168996346,0,3
0.7358633525046627,1528.6473622804408,0,3
0.08922466070817447,887.1043074657226,1,2
0.3578809018637902,841.7271354287134,1,2
0.23290567104342377,1991.0785417692482,1,2
0.043177145375614595,176.4830518387721,1,2
0.7716050529642045,2275.9776190908638,1,2
0.9009659603943517,2708.311650165993,1,2
0.1101361473232402,318.8371112573343,0,3
0.44243368449906534,1656.5841217149512,0,3
0.539037240311231,2011.670918025588,0,3
0.054753690180035806,488.9151979325586,0,3
0.25860956457470624,1083.8903441701339,1,2
0.16617812050301228,1452.6733615287535,1,2
0.16259908998599273,347.2134453049102,1,2
0.9802020839267449,2010.4558155682807,1,2
0.8138136268921223,1686.4831820446839,1,2
0.6242291565168763,1287.2986327923181,1,2
0.1043958823558403,440.8378585650913,0,3
1.3032527457520144,3211.491433318505,1,2
0.42640323954314835,1160.183900165783,1,2
0.180863836520996,751.7372818658511,0,3
1.3012024318244209,3919.8753286434694,1,2
0.7053328132857319,1468.5732048462714,0,3
0.36516111036306204,1951.8855617714216,0,3
0.5183073780817484,1067.4818391266583,1,2
0.3866380428344506,1604.083710134958,0,3
0.2652020530580197,2260.0449805579706,1,1
0.08912185608818264,271.94395286878876,1,2
0.9009416801776307,2708.2752329534997,1,2
1.0614242479994533,3191.431280496146,1,2
0.5467182638642831,1485.4942380937596,1,2
0.22411703820587425,562.1652785310308,1,2
0.9891094696868915,2334.791264725945,0,3
0.23518439972871896,644.158628704021,1,2
0.28634493290764595,1528.9487666557702,0,3
0.22834289546726846,674.6710635867396,0,3
0.6859487732444007,2035.280197200417,0,3
0.055374556463015596,299.1809615197088,0,3
0.655825208897317,1444.2368089077638,1,2
0.17698070171388355,959.2254118973402,1,2
0.9662575099914648,2759.642000501121,1,2
0.3370064869577902,963.6071701297287,1,2
0.26755562518144,1440.5185614565883,1,2
0.9896238870116353,2186.741213311091,0,3
0.48831911240413,1026.2461258523947,1,2
0.15265156369251984,325.60442650772603,1,2
0.0805898768040031,333.32960261210195,1,2
0.29784359100844005,881.7758762066858,1,2
0.12119666713116414,1193.2783228683234,1,2
0.01695921513598828,149.9133687034119,1,2
0.008230757422500635,76.16543833533287,0,2
0.6744562010135705,2792.310257655369,1,2
0.23676732079295695,893.6669149686459,1,2
0.2025635325592125,756.2190746808094,1,2
1.1586742184052223,2407.941702460855,1,2
0.05914691088205881,525.7502411389548,1,2
0.07699136460195949,687.1940081506348,0,3
1.1214336796517899,3199.93673192991,1,2
0.4547780065768813,1356.8000314049827,1,2
0.187659764461203,1592.481135419928,0,3
0.399363591991065,1908.6867837561342,1,1
0.19461548307858947,458.3575514087112,1,2
0.38671142222841587,1107.1661251342123,1,2
0.035254831286464346,91.66631547068874,0,2
0.0549201819853256,492.8632520594125,0,3
0.26955519113575743,795.8861794591814,0,3
0.2193320298632737,818.0026271514212,0,3
0.1619397509519691,1197.7197089440033,0,3
0.6565198466266011,1941.3415876654735,1,1
1.1768814213377583,3548.121897804917,1,2
0.19155407565559707,551.6196256066463,1,1
0.32942903516035804,684.2293300141293,1,2
0.14348406404380815,362.7815458356298,1,2
0.2841766251969712,1519.4085267456812,0,3
0.30980867462950096,2264.9551350227875,1,2
0.7518028204305433,1778.1780290344163,1,2
0.8614304137209656,1773.9766009911314,1,2
1.0405350507112687,2169.027072511996,1,2
0.03884615751777957,97.7245781443023,0,2
1.1925696279133726,2481.838801620057,1,2
0.8412734144975585,2533.383099766466,1,2
0.664158027139894,1974.9295952092655,0,3
0.06942344182872809,172.0136859704289,1,2
0.28763511758760485,2817.81120653068,1,2
0.8299231677844927,2437.748615914148,1,2
0.2914765399311837,800.7603449651814,1,2
0.33159809724562006,958.3806217181929,0,3
0.07114728974921408,281.5837599296683,1,2
1.2577984002271316,2958.8455952627137,0,3
1.063933107167268,2500.5897782770153,1,2
0.2682983152543446,594.9712970737897,1,2
0.4724678270173551,1756.0339184302763,0,3
0.15068488306278002,1107.426072489659,1,2
1.142560433351127,2688.498161343301,1,2
0.7777740188738502,1823.888934370662,1,1
0.3041834823518836,1458.1395012701298,1,2
0.22919418327120428,1680.152005686021,0,3
0.3946855977542308,1193.700926026025,1,1
0.03690809276591567,155.68748428010838,1,2
0.028233101564067088,216.02960021858885,1,2
0.5493023911752778,1623.6439530470077,1,2
0.2179754406752716,653.3285746633569,0,3
0.19136686419337287,1673.334793315682,1,1
1.1818074578248279,2451.0038908962883,1,2
0.5133826290372407,1917.7647547699182,1,2
0.30363296859959654,917.3278023948924,1,2
0.20444672877715078,2002.3587479083026,1,2
0.33538233572650594,746.7774345885026,0,3
0.1930210735779116,1424.4198883947688,0,3
0.06336064808431777,340.02342220329706,0,3
0.9556944803762232,2102.84664370949,1,2
1.2140892795154914,2855.692567189783,1,2
0.06495301359667431,137.3723098285954,1,2
0.210379759478117,463.50223303178126,0,3
0.24903625401020982,1338.20933397711,0,3
0.06346372730042196,347.86738691711366,1,1
0.5028798260487368,1373.7037762985979,1,2
0.958033711871721,2732.531746934491,1,2
1.0362989347783491,2131.1956044666804,0,3
0.675023350597402,1384.0799810963442,1,1
0.1799586597879892,1574.4881188941033,1,2
0.4064879960292654,957.7058357120725,1,2
0.6031923403788366,2879.146844356652,0,3
0.31327322427910437,2663.1268667578333,0,3
0.13876303072025165,745.9602890966437,1,2
0.10344022246104165,296.61229278793223,0,3
1.2193332798757768,3006.307473299624,1,2
0.20069533503237072,1766.666397869022,1,2
0.3809718713199157,1587.7053804620616,0,3
0.026686699256289362,236.9620741498594,1,2
0.2421912261924834,1163.6809996785623,1,2
0.35974958917463723,801.4012476120139,1,2
0.7656386064307065,2261.630624879368,0,3
0.49878149604411076,1358.8668401138345,0,3
0.1270649107294898,1079.7582548420264,1,2
0.4713784208655399,1402.3917449078688,1,2
1.1148506992599556,3180.946191149675,1,2
0.14938694661991683,558.6528333695558,1,2
0.22070955451311092,1882.1926251677294,1,2
0.6927134856625288,1974.7476121167422,1,2
0.4227658472644986,1049.0691947339608,1,2
0.9730494332475348,2766.1771160317417,0,3
1.207156026087418,2522.2286868598,1,2
0.08185069387701469,610.6793549922347,1,2
0.08623024191240708,276.75178239209754,1,2
0.5452840839907107,1558.1758059657604,1,2
0.3598269209419918,1065.3684289106661,0,3
0.7639072846676669,1890.3928214738357,1,2
0.3192894280497562,758.2462096881084,1,1
0.42723276555528644,1217.8523148309769,1,2
0.5610996069269838,2079.936659765852,1,2
1.2409135930139086,2919.6067836131715,0,3
0.4232961659870878,2029.2025239021013,1,2
0.3693933432977918,1021.5998662904626,1,2
0.11243714150578574,272.5548726488274,1,2
0.17112938694224622,1494.2037907002034,1,2
0.18806703747387613,1005.2558392901893,1,2
0.35649997689012713,1034.35808682057,1,2
0.3865972433311751,1056.6962703680283,1,2
0.22712288198227526,1209.493778388534,1,2
0.6340058874431896,1320.7798010720487,1,1
0.1316068894763529,375.57981569708744,0,3
0.09868329993825864,872.532384423113,0,3
1.206256088990168,2830.9191542625995,1,2
0.6953086780033935,1539.9076897470081,0,3
0.21438007754858326,1145.134804347215,1,2
0.16219685244086385,339.31953081199504,0,3
0.7838210438510398,2133.254072261306,1,2
0.9899521333509501,2169.443848332021,1,2
0.07873553730808162,701.926349340227,1,2
0.6678378928186351,2007.5559555360517,1,2
0.845714023631888,1759.839613557898,1,2
0.08949111038698705,800.930308027695,0,3
0.25405012871318583,546.9711477388515,1,1
0.8360827075603537,2061.373547777016,1,2
0.1535930689635817,347.31836349639,1,2
0.683816847313358,1692.562707376959,0,3
0.5029741586271408,2397.9351998643538,1,2
1.2567493689986846,3085.8032203490097,1,2
0.17012710932809808,709.4368437533692,1,2
0.4631442195962458,1102.6773896711363,1,2
0.2945191957181906,2159.603579385983,0,3
0.2217698643422302,498.5465881192013,1,2
0.2317181957849741,680.0670961502558,0,3
0.18388927656719892,1563.2071465730428,0,3
0.9062569292326852,2003.2999921921944,1,2
1.2063382936193876,2643.986754613002,1,2
1.0994997912314788,2282.9888311291693,1,2
0.10763559067274073,237.42304754511935,1,2
0.47212148728692843,1766.1546777072576,1,2
0.17199268395137196,1694.153283281535,1,2
0.03943878540366335,113.1664480450569,0,3
0.28708452604921086,600.2174011395736,1,2
0.14868678386547407,1463.9235128066482,0,3
0.2709541685483979,645.7464911492399,1,2
0.11142913701829085,335.1225249521451,1,2
0.13004094927128168,1143.2306012115755,0,3
0.717917284902477,1503.220284111438,1,2
1.2589143683732165,3093.7416642697262,1,2
0.7618430697779376,1784.6079358345783,1,2
1.0222774587739467,2408.32703333966,1,2
0.23660101882290563,685.6816212781824,1,2
0.07964932012470576,431.53599638255326,1,2
0.9255636578825766,1918.346283911487,1,1
0.03996154424711811,152.44275618677761,1,2
0.97227196817594,1995.4947710861659,0,3
0.7262316319487145,1709.91079149805,0,3
0.11641996721031954,432.9197863998612,1,2
0.17141484874493404,475.1246706740372,0,3
0.7935203331143121,2161.5254008726533,0,3
1.0651586775050665,2623.31579533511,1,2
0.7060210958682048,1659.2584355287152,1,2
0.659561256056343,1944.0526939998454,1,2
0.8621754317858564,2028.2332317696578,1,2
0.6168029293474454,1519.3844666676873,1,2
1.2633364612065803,2781.456064067605,1,2
0.25656294928449563,1226.9377418390068,1,2
0.9983036336407091,2191.452691543678,1,2
0.12646433020604936,482.5522117981641,0,3
0.9189863363371651,2155.8937819885,0,3
0.9642761048553066,2124.6698643593045,1,2
0.23201592112711644,1699.169349631491,0,3
0.15540518663201103,643.5452905646322,1,2
0.1831315989274974,1559.0365865968922,0,3
1.1877787219014582,2795.655870492264,1,2
0.09794914309513318,834.9111995690056,0,3
0.7565933275211046,2161.9906396434703,0,3
0.8801748007566144,2501.2782184330667,1,1
0.3013286381930867,1251.4721071883273,1,2
0.5144233894401048,1208.029327412202,1,2
0.8199396392926038,2409.803982707022,1,2
0.6648679151625579,1571.4030371473834,1,2
1.3305590183138467,3124.0336917596705,1,2
0.6632277306639126,1459.892319013873,0,3
0.38530598042563696,1140.728559984627,1,2
0.16015405546376307,606.1900394542596,1,2
0.17667740588213213,1553.7115774521494,1,2
0.5036017458702375,1185.6745658702027,1,2
1.1213485501997396,2631.773848445305,1,2
1.0933266784525448,2682.5610858183313,1,2
0.27151343725198906,2308.905840924704,1,1
0.060339958512814526,592.6496592625165,1,2
0.026195786884411536,100.09068248115206,1,2
1.061117821409168,2489.261868843776,1,2
0.6844568052041533,2031.0749354379109,1,2
0.09816494664632773,857.4937731548259,1,1
0.7565483386735273,1572.4446279456454,1,2
0.0787452786214176,235.0828360245004,1,2
0.08106423144064637,395.72314961840004,0,3
0.6858672617703403,1410.1021752979962,1,2
0.5640561893873507,1246.8636153990553,0,3
0.09247706512553222,796.4878969748222,1,2
0.9061971510296153,2129.9880118708165,1,2
0.11489350907557286,359.70991412434586,0,3
0.4016596660223578,894.2105390453005,1,2
1.0408381469297054,2447.760107730387,1,2
0.5956147585000479,1765.2835174668471,0,3
0.2899201872117413,1210.6921736935553,1,2
0.8970445252939134,1867.5128882951137,1,2
0.009723128547432675,85.12198058216788,0,2
0.01976982246478669,66.02819198413891,0,3
1.0525089504479752,2311.188440523772,0,3
0.5925621505478623,1624.8786656158593,0,3
0.8038759980829046,1889.0565402289626,0,3
1.376780646141825,3028.3894006052483,0,3
0.38130017485053685,1810.8274989935153,1,2
0.08553151563376919,467.39852822358165,1,2
0.3604563698663747,894.0678931832424,0,3
0.2989463750059537,735.0882934653105,1,2
0.9197076342007408,1891.5704751998624,1,2
0.12141417823776704,1201.957829955728,0,3
0.47438974470675255,1770.947108422285,0,3
0.09059967437144545,662.8068771006942,1,2
0.2659741673918209,1000.3743035622788,1,2
0.316131564605096,1503.5145883692894,1,2
0.38444355938499003,1054.0768524354676,1,2
0.0949468721013527,359.15161454298135,1,2
0.6359648371460414,1496.995322933895,1,2
0.16561839691754654,685.6530954664725,1,2
0.2208061020885463,490.9211386115304,1,2
0.0877678925064255,217.803887733523,1,2
0.015050609828656658,63.54268804553992,0,2
0.2043311421873004,1503.5712589055129,1,1
0.725950465578066,1493.3375482072047,1,2
0.5437587554197054,1645.2954775633702,1,2
0.5867502469114523,2792.7110881525027,1,2
0.8253532998645793,1813.4721394851604,0,3
0.061387802210188185,600.7481184103933,0,3
0.5640238241879385,1546.4281007566494,1,2
0.14469117444384577,539.6123636410422,0,3
0.10918614363234523,926.43472047984,1,2
0.6972963534886827,1437.6316431548257,1,2
0.6456606840422214,2679.3579433267973,1,2
0.9712603005792949,2134.495158766255,1,2
0.2238327618525133,1955.0615935112023,1,1
0.4714446721918686,1391.7603524147555,0,3
0.13726663605971173,1017.3495477899812,1,2
0.6507986839135487,2700.7999458724335,1,2
0.4827129851601471,1069.9142755500948,1,2
0.3823864032236085,1819.0002058016216,0,3
0.01482350538990137,155.21333529738757,1,2
0.728186549018614,2146.5600866498435,0,3
0.45255706880073304,1123.372111069098,1,2
0.8807841234922853,2507.517571121044,1,2
1.1347414879438034,2670.8977666909122,1,2
0.07911993994216796,782.4529988064412,0,3
0.6441910704911494,1421.3169514762442,1,2
0.4327051406779868,903.8777380364188,0,3
0.19757530370036303,568.5614583290762,1,2
0.5467438677030393,1124.4848759504673,0,3
0.39919145472170275,1183.6875225067843,0,3
0.08915374241595905,423.71267255053823,0,3
0.16448976732411297,613.8971579289451,0,3
0.25746727126367275,533.4460869184784,1,2
0.08984564025425094,224.96394170734766,0,3
0.20681355871292456,2032.708124860976,1,2
0.030475740455376977,71.37323702333146,0,2
0.36867844218471696,3101.8834885932724,1,1
0.008837051128627257,79.05528606583752,1,1
0.8350317460006104,2609.884987038593,0,3
1.170497049875239,2953.8059120095563,1,2
0.1789186592492216,436.32320085663343,1,1
0.4935832528034929,1547.327385484722,0,3
0.16694554392800487,461.9823250756405,0,3
0.5434905379722039,1692.2897483606898,0,3
0.8485088919202636,1776.957720280128,1,2
0.3683618164051349,981.2431850068466,0,3
0.8538114702439913,2660.758539176696,1,2
0.09934158830982738,907.7582931691476,0,3
0.2410947279208892,783.4349225459412,0,3
0.5749863488719893,1440.8463262704795,0,3
0.6078005677086326,1322.719893523753,1,2
0.9946047560937267,2711.703124117086,1,2
0.8092647791957778,2534.03368788367,1,2
0.13094490922838903,424.39128840875617,1,2
0.26732387861580564,632.5425094028026,1,2
0.4170967941941929,1285.9593836618492,1,2
0.08786487932689961,395.26679587754955,0,3
0.03765723388792844,85.48224225999293,0,2
0.8813659184735403,2443.467264480445,1,2
0.30312677789226433,923.2014494979101,0,3
0.26879076928230083,2236.49802114135,0,3
0.35547821530174717,2994.498903169647,1,2
0.8636683945872045,2384.9985740600937,0,3
0.3024787331080197,804.5109990463756,0,3
1.140372052901115,2359.678474361535,1,2
0.23243626572141213,1966.9805980531878,0,3
0.489508028855733,1489.171635440914,1,2
0.43647325434336776,1127.5144095461476,1,2
0.01965347827954018,103.94801271980475,1,2
0.40120192867787013,3317.446468446794,1,2
0.8756618181648962,1896.4411954957352,0,3
0.4377461620737396,1050.5449174969224,1,2
0.19100939494487762,528.3411002431133,1,2
0.9352356837849521,2926.885309158554,1,2
0.38425786169312687,1685.0928141904037,1,2
0.24648659634044673,750.8710006193827,0,3
0.06768682837375385,143.43704185691595,0,3
0.16635695260118424,747.7264057891335,0,3
0.7499290602314865,1974.9492740100525,0,3
0.11394440032427784,364.7062775323508,1,2
0.3770807448436711,1642.8359644337813,1,2
0.4931643803728536,1259.9433125969397,0,3
1.2929543265739996,2666.7256261468947,0,3
0.22525061013444964,1862.7883721846354,1,2
0.40551892585989896,1113.2792016592648,0,3
0.44372065399353133,1204.7222940298977,1,2
0.29481280500989243,638.6212610307693,1,2
1.0531978152032053,3208.4648118573214,0,3
0.035508114194297245,327.30926010826863,1,1
1.1290145851144493,3064.955547393338,0,3
0.4193122262074087,1323.4693226411223,0,3
0.215430229264501,975.2502539736953,1,2
0.8451472679027433,2159.759779542405,0,3
0.19997432670524218,1687.7754311053775,0,3
0.25786567252194975,614.6523522413653,1,2
0.1981250798644281,1657.3214343438808,0,3
0.933604630197096,2910.754971591192,1,2
0.3237212990853754,871.0822657476,1,2
0.06734665630078981,574.2414153286264,1,2
0.03683361158345812,352.06270938349746,1,1
0.023530130508325833,125.84881782209601,1,2
0.05464520824717472,159.5032973100054,0,3
0.38599782252307313,1259.684462946549,0,3
1.1698051331930746,3189.2919547579822,1,1
1.219496498482166,3124.981223656173,1,2
0.4541280583036594,1255.3090016053925,1,2
0.09677130750428381,236.27558276169975,0,3
0.6438235512356937,2050.3100504465983,1,2
0.1855046588130408,1569.3941210514495,0,3
0.5438328734442452,1467.978296647816,1,2
0.7738439321616489,1597.5446883944544,1,2
0.9782607628630589,2663.312403544695,1,2
1.131586287274584,3127.96156473368,1,1
0.7284863894463949,1524.7842829216154,0,3
0.21188390477264815,688.8087335742266,1,2
0.3453180462514716,827.0120943223656,0,3
0.1815070168078543,507.19325105974843,1,2
0.026490172600348687,72.43612819317073,0,2
1.1250939494707326,2892.884528064611,1,2
0.08209032028192793,265.90888999398436,0,3
0.029181106304100562,91.73996570861935,0,2
0.04298965520905361,377.8358234728252,1,2
0.09814283697627371,834.8867665556804,1,2
0.8854415135152368,2753.2201550401414,0,3
0.05342674848074405,243.53238602183552,0,3
1.0345326028356328,3136.111343856831,1,2
0.2029726830051445,912.6359918092438,0,3
0.2849649414727243,754.9307848289652,1,2
0.3492473850449539,948.3963845601456,0,3
0.7948171662557468,2168.5439231274518,1,2
0.317992456040783,1038.0240322873378,0,3
0.6349583338304312,2772.8809939389253,0,3
0.20925683288924654,1731.453013270334,1,2
0.05299125285728468,167.17178959133489,0,3
1.1414540743702615,2380.9482884274603,0,3
0.06379431125911877,217.10690908926125,1,2
0.3793706683833179,1220.350236761045,1,2
1.24544115649707,2593.276061068066,0,3
0.3418392867684103,2837.0357579351667,1,2
0.44551216158172097,1351.478713908614,1,2
0.07723223078068792,211.12198095574436,1,2
0.6242624673977198,1740.6844664388714,0,3
1.0975897159885617,3337.5972469606595,1,2
0.35523479650974776,2936.9698371044256,1,2
0.08093744200838007,206.35956027316368,0,3
1.0108485863375254,2098.980557935385,1,2
0.5364766963406887,1265.1168702166158,1,2
0.30023007178591954,953.7196507224719,1,2
1.40209462356462,2923.4854221136907,1,2
0.036653178098016694,92.27393463314027,0,2
0.856562306675364,1801.5947249535968,0,3
0.3197361079940764,1398.900150367096,1,2
0.4043613631247449,3345.612569922808,1,2
0.38054623442073227,3158.152218380269,1,2
0.8206520007181859,1771.5073176961355,1,2
0.6363486226760915,2785.0285014497367,1,2
0.19656317114155206,1782.3633355304685,1,2
0.45037436258296487,1965.2955015346956,0,3
0.2280531703876069,494.305386156827,1,2
0.15928292644316586,1326.462384255162,1,2
0.09727552497594061,303.44102617952893,0,3
0.1957157416078941,1653.094767965788,0,3
0.8042743586768415,2451.8276818501913,1,2
0.5196550654723837,1085.6862845131166,1,2
0.872532167084901,1830.1229294407199,1,2
0.11180897894975475,931.0719824405315,0,3
0.7907792313225646,2020.1020086956985,1,2
0.5428012455467807,1433.9257638461534,1,2
1.0032470434453518,2108.985170195282,0,3
0.5733756613946642,1213.3482364365905,1,1
0.5394149278408077,1111.1189259580212,1,2
0.5867927594325604,1921.8848329995953,1,2
0.6469116769765595,1525.502524320159,0,3
0.20711481177495245,520.6646935877577,1,2
0.7840488840520583,3419.6054584137396,0,3
0.3751059329298686,3370.3839343010823,1,2
0.02480317968468273,70.76633961815,0,2
0.1502439497373673,1363.4523716780864,0,3
0.5792983610014232,1587.3620464827607,0,3
0.6834653509029438,1488.3820580435383,0,3
0.6497115236796249,1781.0559875933104,1,2
0.13739873062542718,627.6767465921121,1,2
0.9162556946468633,2791.1665521528926,1,2
1.0914091326503867,2255.777473200065,1,2
0.279185488199976,906.2880068727926,1,2
0.0774866071428954,368.904833027799,0,3
0.39232398581650957,815.6435870101122,0,3
1.0461122580662536,2682.34092416513,1,2
0.4230978120419815,1902.3771753591436,1,2
1.217345803773716,2543.1497356145655,1,2
0.763082837137204,2072.3782302778086,0,3
0.8716272777717792,1806.061179651634,1,2
1.4187167511252785,2923.8564186374483,1,2
0.4601168952929625,1462.6736219959162,1,2
0.7803375115547336,2003.2192189252496,0,3
1.5767025675996795,3259.783517217025,1,2
0.44793212259861687,1373.7408013044112,1,2
0.43448727838980866,1399.503577168866,0,3
1.1304766124163659,2909.236087687392,0,3
0.914722920728605,2858.449473335161,1,2
0.423661492565705,1916.1187093536732,0,3
0.8523052866448277,1854.3581733924943,1,2
0.7809889960202807,2442.244910174181,1,2
0.18728780324066305,1583.7788493246069,1,2
0.9037690261614096,1960.5205467211654,0,3
0.2882594856812991,681.4022833007981,0,3
1.042932626663642,2156.7605958983213,1,1
0.3457070838274647,960.7615394699104,1,2
0.24540536713846464,2075.1259613050647,0,3
0.40955556953304445,1097.7068512727876,1,2
0.7284394924172273,1915.8326424073912,0,3
0.9093332091618674,1897.1844241064532,0,3
0.16055525759531708,527.5588976074424,0,3
0.2072350465089186,1874.8872964262991,0,3
0.31802184456519755,1395.6319669571064,0,3
0.060499805087285294,551.0458627552699,1,2
0.13314772360649027,406.1780085398561,1,2
0.40770132136383463,1143.0655385789291,0,3
0.3942158398165592,3268.1594450370617,1,2
0.6498099396819472,1367.1370901395221,1,2
0.20412887415271094,923.9337438797521,1,1
0.7559131604885126,2059.557181100219,1,2
0.2536415183800295,2096.077389355242,1,2
0.9561045472063787,2404.6285489238544,1,2
1.3573074893261625,2837.268625226812,1,2
0.861532298873061,1790.9464941124138,0,3
0.18607416005356503,474.0276500754256,1,2
0.24337300122969663,2043.3535954245476,0,3
1.1164728639611767,2814.050151027828,1,2
0.8494640541980224,2292.467123485601,0,3
1.0124180571559795,2195.6467436076687,1,2
0.21805308308774538,722.0696170519973,0,3
0.44417299562947427,1349.6034223989461,0,3
0.20620505439256345,542.4451756733281,1,2
0.3925449722589611,929.3299768207354,1,2
0.3518558803651214,2914.4769559285483,1,2
0.19942836674784734,630.9408810214286,1,2
0.5059346693044597,1067.4121425237252,1,2
0.633704959692417,1970.5657961356837,1,2
0.15813169561776538,514.089004537957,1,2
0.1258899594720028,402.1641391937924,0,3
0.7018363437052457,1521.7485758282996,1,1
0.10982895362530183,362.8131367498696,0,3
0.3346937472321421,2819.81188884704,1,2
0.24838202445012797,799.6390963754425,1,1
0.4420637820261419,1209.1948150830085,1,2
0.7046921782503636,1800.2661421421258,0,3
1.2198718195390903,2549.809581676552,0,3
0.4162132548617929,1296.0689804010235,1,2
0.6271653799335373,1483.1662649575999,1,2
0.09458955776332793,236.28558038271484,1,2
0.77570082072361,2105.942964611252,1,2
0.2635212228888516,848.4328310020657,0,3
0.3054610754220927,1389.1163623965276,1,2
0.8599785289867995,2685.9043365189164,0,3
0.3424533619753268,1541.593880324225,0,3
0.2825386190904483,600.3000036549291,1,2
0.16022761021744408,1337.4044790280195,0,3
0.46735446728794455,979.9926112463689,1,1
0.21658278497005487,1790.6468591641917,1,2
0.07949266664934118,257.6339431165419,1,2
0.0990155174381537,242.00962346328552,1,2
0.9092228906664243,2336.68238750512,1,2
1.183595758172995,3218.9272860246215,0,3
0.8249340335328887,2280.415879393715,0,3
0.8989974282283126,1881.5842492483469,1,1
0.14276192216964764,457.7789790344178,0,3
0.18541810309796342,606.9562526681376,1,2
0.16593031868623703,437.86983204410575,1,2
0.8990161093648091,2445.356268733239,1,2
0.2138332903787456,1792.9872677956932,1,2
0.27153831873945267,578.9748293827029,1,2
0.480694845066933,1334.1222273505439,1,2
0.1894332837381974,603.012381173328,1,1
1.3924944477484287,2877.1671652445125,1,1
0.3421449107120681,3085.3932745635225,1,2
0.24838100405797434,800.7622069222087,1,2
0.25652310380632165,2166.3816749098464,0,3
0.3573594568772157,1134.9166362960498,1,2
0.3326003095171547,1498.7550805330345,1,2
0.7177972355821274,1986.691687878965,1,2
0.2054798300363747,1729.5253593786153,1,2
0.6985914499375774,2281.9010566362535,1,2
0.6177463302654198,2704.34052830541,1,2
1.0846469316103313,2774.7502204122466,1,2
0.13096369156329393,429.38136218331385,0,3
0.6593979431009392,1745.5001436889693,0,3
0.7264512864962606,1569.8002264258284,0,3
0.3366458473499719,1024.1429083436503,1,2
0.9516960460652588,1987.9606699014416,1,2
0.1874305534882863,1583.2065283178363,1,2
0.3230110092571257,670.1549146744348,1,1
0.562478193541863,1795.5015113519794,1,2
0.06487004315311644,601.0446785194761,0,3
0.4353162203179902,1371.819035434915,1,2
0.28702888098817725,2383.5445996642075,0,3
0.9002661622122768,2425.003196345342,1,2
0.32098061187889726,981.5165221023618,1,2
0.7131182284655628,1542.526478456363,1,2
0.8599374007758962,2168.8560503395765,0,3
0.33833794275669427,1032.4335053543678,1,2
0.18270109498557524,582.8007508905306,1,2
1.117449778949134,3398.086884650313,1,2
0.24679815578691572,666.4548989972079,1,1
0.3821355054640013,798.4558175700363,1,2
0.2941366928772598,938.8358641414707,1,2
0.41128817809371043,851.2974580226195,0,3
0.20251397280722294,668.2723632125357,1,2
0.5724431175908046,1363.8764055718884,0,3
0.7748577608503078,1958.5001980508637,1,2
0.24646933527907594,2081.0323818005204,0,3
0.4989503178418412,1041.7740506488224,1,2
0.4020830906748546,962.8528590041059,1,2
0.23146253687926455,549.1461820414078,0,3
0.5834251424175287,1217.9357515467775,1,2
0.5887135541954497,1596.4172176847158,0,3
0.5541260985284889,1774.3278390470703,1,1
1.1762966317621488,3202.900429591043,1,2
0.43574877623774916,1120.1259421577856,0,3
0.7358037114936717,1743.4026620753236,0,3
0.19803102002971404,414.1568500234319,1,2
0.8964781508340434,1848.3754487781835,0,3
0.12002709527008618,397.3196741946772,1,2
0.10644068039154628,331.4456160322673,0,3
0.1774178507215846,548.3424621331167,1,2
0.18053972494528472,480.7763328113883,1,1
0.26981355337764035,875.4965539739153,1,2
0.717738344819596,1496.5166983077747,1,2
0.7472474405198775,1607.669998624197,1,2
1.239461531057226,3365.3791975510885,1,2
0.23538033654241797,749.3980531814525,1,2
0.04947731285230803,139.73772477576327,1,2
0.7276473554467228,1958.1239163683042,1,2
1.1735911659471594,3242.0553505683847,0,3
0.508944881901973,1199.6507639592703,0,3
0.045696171740778065,148.77522250187613,0,3
0.3023747366287153,2541.9853782447467,1,2
0.20179779134566972,626.9803590916953,1,2
1.3962996855338137,3503.03828023852,0,3
0.03342619942612186,285.55269935901,1,2
0.6902933360149537,1881.729646056164,1,2
0.862785614401693,2036.6780315949845,1,2
0.5593685325131856,1216.908093327569,0,3
0.08383851022681052,389.9572490220154,0,3
0.958557326119192,2582.053334342896,1,2
0.13550095709873272,454.0840539634922,1,1
0.6910495245756936,1499.8353333156695,0,3
0.3271564479797881,871.3010750571053,0,3
0.4096321222835922,1278.2449329606175,0,3
0.5119653298459867,1563.977585076348,0,3
1.4409728603275849,3608.8847485219953,1,2
0.2821262661546625,2339.3544267664606,1,2
0.06584804009252311,142.92201347483885,0,3
0.26357233203323227,546.1471595182618,1,2
0.015805559875347323,156.66117624205967,0,3
0.1388541135692483,453.4956164054415,1,2
0.9862966254778881,2728.042001477576,1,2
0.7193280933438136,1554.6399263212393,1,2
0.8173126388136197,1705.6620205642105,1,2
1.0617949878481727,3220.316300641878,1,2
0.5320914817777541,1263.5935412458255,1,2
0.6259018042292754,2736.4191474459403,0,3
0.2799251422809298,918.4136243816079,1,2
0.9235454488626704,2801.0939588591627,1,2
1.2353029217874953,2585.840862924687,0,3
0.06162400001513603,522.3511593217423,1,2
0.08814532374706333,196.36271632769243,0,3
0.5460653507850414,1435.6250352954578,1,2
0.20171577685502426,665.1782831153037,1,2
0.37779813265668954,812.6047093692624,0,3
0.12441722415152313,272.6376548683118,1,2
0.5360466892073874,1746.6027649454709,0,3
0.8932956614313806,2716.7127128518327,1,1
0.5606480425635656,1533.1954865901532,1,2
0.1277546329865872,352.08743405084596,1,2
0.0889935397096813,191.0215521062052,0,3
0.4621173490003622,963.9377358144519,1,2
0.10120992875581203,452.78136518047893,1,2
0.1688214760327585,1397.1784655406962,1,2
0.20671408998597274,656.5950854330941,0,3
0.2531137969452087,1106.5120418878714,1,2
0.3423537691787564,711.7944475147067,1,2
0.34875747502130655,3133.388019151059,1,2
0.28504657610073353,787.916920274051,0,3
0.4684917221530868,1422.3551354186427,0,3
0.6367476764330677,1724.2981939766407,1,2
0.2073829175084596,657.3166978630264,0,3
0.28402228194248796,2572.1456277903276,1,2
1.233664033740848,2579.845719058838,1,2
0.28971228894258777,2615.86142760066,0,3
0.3524923801472343,736.1838908520525,1,2
1.169711364742802,2455.9893820012203,1,2
0.18408148065851726,499.4033199225276,1,2
0.11734104973571124,283.7497493735991,1,2
0.8594358868507953,2688.2747060820006,1,2
0.36418382563606216,3280.8477846600877,1,1
0.8751051649985565,1896.8492204434249,0,3
0.08176660320364777,746.3098421858683,1,2
0.8160245398143419,2049.778282463244,1,2
0.4925660099468875,1567.9670781466482,0,3
0.2726346392262118,2456.7993613004646,1,1
0.17892254672647454,505.78346189794763,1,2
0.5287751125207667,1259.8116145895242,1,2
0.5906615317791012,1644.2077019300673,1,2
0.28911379935630377,907.2278888408367,1,2
0.21214267799345815,1785.2159411458956,1,2
0.7512916320747663,3277.568097796944,1,2
1.2254726151635775,2538.0141895790402,1,2
0.8605873283442463,2609.0826027176763,1,2
0.12562396639077228,343.6322573844013,0,3
0.1828120736881137,580.7547005991005,0,3
0.30393524411596995,792.2639183902643,1,1
0.17458290495470158,419.3796899112575,0,3
1.085176306159438,2255.662899209443,0,3
0.31880787463897275,980.8549618806119,1,2
0.7061695156388426,2199.2565663821165,0,3
0.45964373180330903,960.16570604875,0,3
0.650507492597772,1794.7689985968618,1,2
0.29689087966228483,974.230558113645,1,2
0.7105950161347073,1482.0024860485187,1,2
0.41446416573743894,1047.9261449794826,0,3
0.20055813941089767,529.185919271358,1,2
1.158460710873681,2959.5907402011244,0,3
0.3517260153984873,737.5076972480697,1,2
1.2874287413655356,2697.618068795385,1,2
1.117556960239107,2299.114500219418,1,2
0.6213687780694949,1685.3229507314654,1,2
0.2943076621075021,781.601102434857,1,2
0.702222503004368,3064.3218046419474,1,2
0.9778324804768896,2701.788011388827,1,2
0.6014660000176163,1543.2646451309172,0,3
0.8739689821315403,1886.928301714866,0,3
0.8042076221379035,2226.8204249496252,1,2
0.4766918109945359,1483.1975069064138,0,3
0.7207015164734132,1991.469794099701,0,3
0.4305034464451062,1890.5950742137093,1,2
0.160231817949747,357.72739720116596,1,2
0.7327962316613658,1742.9308144343947,1,2
0.4012457100625648,1042.374643641913,0,3
0.7633295183167862,1591.178568820689,1,2
0.9168243614691702,1972.9164880193196,1,2
0.7538813473911004,2027.9843661678374,1,2
0.499466905111283,1361.709612589992,1,2
0.14603010735400868,490.6205178137856,1,2
0.8133764124991627,3552.4585748949175,1,2
1.4703472445924692,3024.6504570273346,0,3
0.40796881024557613,3386.594391887995,1,2
0.6171240076506379,1456.6486320512925,0,3
0.7764350109514789,2364.879814014794,1,2
0.2767982142744651,731.8494999678198,0,3
0.7756485587124996,2140.1182473779427,1,2
0.8913986660764636,1929.635242975056,0,3
0.19253153514876528,628.4629706767425,0,3
0.304586081421637,859.0258870133473,1,2
0.11064414449923725,321.94204548089135,1,2
0.2905928383889134,807.2194024305294,1,2
0.8392604644237566,2621.5771523522944,1,2
0.1505412103581013,1257.7654798336634,0,3
0.07531354331647974,335.20076641986,1,2
0.3890803442179233,811.4495509542053,0,3
0.38603693889844654,815.9292896635817,0,3
0.059458042104864134,520.1531084996274,1,2
0.11914984669419879,988.6867754446616,1,2
0.8555109488240428,2299.982171931966,1,2
0.22555727328646918,707.1361873737404,0,3
0.9447484944564037,1982.9084349587679,0,3
0.6657978190803472,1391.7100315139871,0,3
0.5517215805957497,1801.7087603067214,1,2
0.7290052762006757,1992.027365399129,0,3
0.5862500219934792,1868.8491908386668,0,3
0.34944995352870095,731.6239555117894,1,2
0.358889591178611,3023.7380566274037,1,2
0.4771310924929462,1311.8887119766166,1,2
0.5401468288686774,1120.1975271062327,0,3
0.07759557720788729,653.6979599910603,1,2
0.6993019623400472,1839.9288963270792,0,3
0.10266746926023687,289.32586862620497,1,2
0.07088102622647004,601.7946141959346,1,2
0.6904895066997241,2098.8637122711148,0,3
0.7815823053297097,1638.832923224143,1,1
0.3429272376838704,718.4642910557255,1,2
0.7531179377416658,1568.2028854675998,1,2
0.3058170780643775,2538.6701161641754,1,2
0.29561276364058364,2658.2591513225916,1,2
0.3030688708221548,646.8896902352922,0,3
0.2778014040145163,2507.3340042045897,1,2
0.9368560323715964,1965.6709085832617,0,3
0.5833794388761896,1478.5308327604405,1,1
0.9017709335667033,1945.8126078745006,1,1
0.8968433260672718,2724.789401885344,1,2
0.1999438530694004,652.2624461531058,0,3
0.1596581590693911,1321.7184425755324,1,2
1.0432657739866424,2665.5622010972384,1,2
0.17442656656979977,381.61769959530454,1,2
0.6867536804141958,1633.1444234650778,1,2
0.16990783598400072,1426.2884310690881,0,3
1.0745774853509051,2224.4477487217855,1,2
0.439281842744821,1444.9862467118958,1,2
0.9606231898526337,2001.8900995958734,1,2
0.12971048004325259,421.4715485611109,1,2
0.9186131076319076,2162.4701414101487,1,2
0.7408448348995142,1956.0356809525886,1,1
0.5968432515003418,2612.6239224463493,1,2
0.48224216037555084,1520.024527389561,1,2
0.7532565173239931,2078.056897612935,1,2
0.364343438733953,1654.725223535691,0,3
0.24716724526222508,2050.9885453527777,1,2
0.4746554283252864,1260.6100438636017,1,2
0.33806224133805785,1064.7247086962313,1,2
0.04159887575953953,143.7212154716878,1,2
0.5230249444806411,1704.9251816964913,1,2
0.0629457039299664,522.9414301048888,1,2
1.1913966739827047,2462.796721854346,1,2
0.3518860704119549,3165.6742922509334,1,2
0.5756685492102902,2505.225320588825,0,3
0.17348534155803896,553.6992397356645,1,2
0.09161329735794906,236.162059318822,1,2
0.9970736634833063,2156.5144513839846,1,2
0.11918311527069887,550.3427122323584,1,2
1.1259414413331048,2342.238017885863,1,2
0.9198647685353425,2541.0585949669994,1,2
0.8015701274391078,1730.7176807627814,1,2
0.1280859046731745,321.23758738664156,0,3
0.11641700162990748,339.7487097864835,1,2
0.3982403629335914,1302.569962815931,1,2
0.3005614753775734,2537.721259248941,0,3
0.3818732134215123,1051.989887736705,0,3
0.045757443523043416,152.90289624285754,0,3
1.2105101655119215,3287.4849357108014,1,2
0.6325878380222142,1501.1497239186788,1,2
0.19298104856924597,849.0746793158156,1,2
0.1417994266634917,402.62129206855707,0,3
0.2652214239244925,1207.036147927199,0,3
0.3056936783435261,670.9335266286175,1,2
0.05864067117236298,265.9238847233716,1,2
0.6438455581958541,1782.9077801303133,0,3
0.25080431542597625,790.9867071590826,1,2
0.0923225587626246,252.11568166416316,1,2
0.2694286866985569,819.3356196872695,1,2
0.5086579923654797,1600.5212801954644,1,2
0.084417278607853,227.38645124190626,1,2
0.09846941221303565,282.3225975971286,0,3
0.17037253115814563,765.0246538634317,1,2
0.4002955118946432,3317.2278886728254,1,2
0.22164445539436867,524.3188583126027,0,3
0.28892798397330355,957.1107120770508,1,2
0.5827643206290762,1907.0642453669586,1,2
0.3086574790196385,734.8511973896608,1,2
0.21463054984784657,1804.6898372339601,0,3
0.016899209047927993,173.92617722375834,1,2
1.117732458302018,2816.2914912098017,0,3
0.8371864333846077,1723.925224816157,1,2
0.6288580181513591,1699.9945614800997,0,3
0.1928822214124923,643.9706783093774,1,2
0.035011315157569126,108.6634754722286,1,2
0.32859703936366225,879.0556559774875,1,2
0.7919859635689372,1987.3106322014169,0,3
0.38205164895218935,3214.6898906329966,1,2
0.7880982305181924,2074.232894773429,1,2
0.21534574718059574,477.50426021698405,1,2
0.787476046159759,1642.300898004955,1,2
0.14775423067851232,1245.1067123984462,1,2
0.7978886981827812,1718.7651526937827,0,3
0.03023087971842391,82.75422381084601,0,2
0.5306773952768656,1669.3900453933068,1,2
1.0142233558789553,2109.501307466895,1,2
0.28224064515991887,775.7155298352442,0,3
0.722243278512673,1974.264441345321,0,3
0.14653158029425564,1323.1299684233231,1,2
0.4113080391893375,1035.2741231310401,1,2
0.39576446361547085,816.010482160548,0,3
0.2002995850770985,513.09782374747,0,3
0.04540063616695463,159.36191507720807,1,2
0.09210372168030534,782.0885900977357,1,2
0.46059534352430875,2008.6152470517638,1,2
0.9838419136750208,2320.1217979332073,1,1
0.8723105590259254,1795.6721974216462,1,2
0.021521149932363218,109.5972240861798,0,3
0.08937825267050908,280.52702698807946,0,3
0.12359202897138864,1025.3582897720842,1,2
1.1210387005538769,3099.315493497594,0,3
1.3614022011345688,2814.536046435912,1,2
0.6091183711639536,1282.8444230377906,1,2
0.5511630432786894,1190.6516833338733,0,3
0.655583217335177,1790.6549134610764,1,2
0.7504862875020383,2030.7087971087913,0,3
0.022144914233407177,192.32317024913277,1,2
0.412870143604144,1147.194439607011,1,1
0.17085356927385906,356.8005549012471,1,2
0.3857235482801469,1745.5075115460122,1,2
0.3456554347470434,2862.6639171179168,1,2
0.43794749709388614,1979.3340352785763,1,2
0.4513731458006819,932.6817424680576,1,2
0.856023270737628,2017.4713336398233,1,2
0.05182204579615699,171.12996989480013,1,2
0.23779523780490913,652.6041553636519,1,2
0.3667117812274154,873.7091828488242,0,3
0.19142891534773623,841.6315609055962,0,3
0.2771774613961879,608.4943257338075,1,2
0.2073101426385798,1751.672826933272,1,2
1.4065274334957802,2939.14373771442,1,2
0.04379033202613215,156.49405042677543,0,3
0.1006106113329554,831.275439129601,1,2
0.04146270236037474,140.17333952998064,1,2
0.13278439804766165,318.6195201042024,1,2
0.26520249253497,1198.5381667486686,0,3
1.0318430409276877,2159.408149402348,0,3
0.2626409799260054,576.5404100631979,0,3
0.9345382765153497,2914.081291663758,1,2
0.6110876640877765,2674.242111218933,1,2
0.6993066024706862,1463.3174025056499,1,1
0.6233954132526616,2029.1844907200325,1,2
1.3579342812985578,3405.12570444272,1,2
0.13131683250322285,1107.057267709224,0,3
1.1252815874335866,3419.7406073753123,0,3
0.6743492914127349,2193.4351899390135,1,1
0.6125419623771061,1319.279298423839,0,3
0.13157048531071142,592.6837938011987,0,3
0.08416036654389648,185.52779723205262,1,2
0.41865510897633473,1147.523914660218,1,2
0.02634945341458921,71.71663582632159,0,3
0.1580886938653339,1328.8177135472251,0,3
0.13453805756938722,610.6246938378588,0,3
0.3743823078685374,1007.7769127387355,1,2
0.6577554672641371,1772.5990127302832,0,3
1.4185128733543244,2926.7044698640807,1,2
0.08559270075584742,230.65056890848928,0,3
0.20739949639570793,435.78577494020203,1,2
0.3908908993458161,932.0720153731058,1,2
0.7572193874348289,1782.2790060215725,0,3
0.19786610878713912,653.3796295262565,1,2
1.2225798751884964,2520.547014773285,1,2
0.4699253519003032,2050.2806802694845,1,2
0.52438252889569,1236.2633200545793,1,2
0.0481875118216878,134.3033971143012,0,3
0.36583469623781106,1145.708659516941,1,2
0.06721586032940827,565.2459396012322,0,3
0.06364773462420477,575.0764504966227,0,3
0.15960957363977316,1442.5917181577252,0,3
0.19342399004370625,402.82120956331954,1,2
0.7849565352491337,2165.352785330306,1,2
0.272808910171932,2456.1853542391136,1,2
0.46752360842813545,1009.6123891743242,1,2
0.99642028210162,2547.273411483045,1,2
0.7026420691170918,1476.5850981703031,1,2
1.5692892892100487,3232.804382175203,1,2
0.758085774625635,1944.2448074304962,1,2
0.30093610105590807,2485.9581174411724,0,3
0.8947574714267484,2415.491372560123,1,1
0.021162446512343887,73.72807647715085,0,2
0.2646133999766588,849.6106152461011,0,3
0.08164011935454706,187.75731920020155,1,2
0.23611650087505842,760.2821412098472,0,3
0.5963228812848931,1243.436150451597,0,3
0.22475720944175417,706.7234186573376,1,2
0.32133450017405835,887.8239061726523,1,1
0.13987330666068873,296.76261358606513,1,2
0.23566864631788387,594.9442570200863,1,2
0.28724715711273086,2411.3320275134092,1,2
0.18084278499151574,792.1270100963436,0,3
0.39483762633046837,3270.2173012419685,1,2
0.8031036259131966,1681.325615476687,1,2
0.6083773007087537,1603.7203917781671,1,2
0.42852808830904987,1359.482726472112,0,3
0.300895982394335,2706.973064034003,1,2
0.5099877781984244,1412.5933550875907,1,2
0.03789588669597505,104.90347283956062,1,2
0.409961158013529,1246.781274146862,1,2
0.06818347732449774,184.26746093020736,1,2
0.04804653069656553,398.1725800620293,0,3
0.19038665198033494,517.1299113031914,1,2
0.2336574013693702,2103.0573693855517,1,2
0.8274813433431667,2580.7163619227686,1,2
0.02764620212520603,81.79757580438837,0,3
0.027055568551081204,122.73770684350683,0,3
0.6509338159082995,1368.395084106515,1,2
0.7266604090732319,2368.5016962573022,1,2
0.22947533093494102,498.22614127858805,0,3
0.6623875800012189,1745.6978484019378,0,3
0.2851844606548359,2563.2628961763276,0,3
0.21601506937830026,550.5437680409592,1,2
0.5836855852446411,1379.9007821558196,1,2
0.6285168949024226,1957.190341258954,0,3
0.7558516268466721,2460.6987350462305,1,2
0.286288162900399,917.0184512094141,0,3
0.188721502321222,620.8576823029099,1,2
0.5222943073036032,1076.3932221880996,1,2
0.570716469200006,1818.4340389363538,0,3
0.7380080816992881,2399.4414745607874,1,2
0.06223784128407553,286.08356645395287,1,2
1.3915752288835364,3486.4570537200784,1,2
0.3483885538581756,1570.319066148965,1,2
0.35162555600233136,1144.4240327182079,0,3
0.33529998265670713,909.5738936732199,0,3
0.27461569864190494,1204.8504862306897,0,3
0.19752275179604348,534.965326235222,0,3
0.9722161927436871,2439.40371880343,0,3
0.07181139045251257,240.96464885371262,1,2
0.2579382909522073,703.7684046383816,1,2
0.27311784069515094,2263.755494051218,1,2
0.7695186498928825,1665.7961135157348,1,2
1.2015764457042117,3016.826073298434,1,2
0.6509263530143607,1716.7991335677796,0,3
0.1747713040208053,1574.2440146249692,1,2
0.721920318968391,1964.4876769760226,1,2
0.46903120114752855,1526.5188409004759,1,2
0.8447856464043793,2279.332182609231,0,3
0.24123998530976934,785.1570996662117,1,2
0.6253353643415895,1947.8596399935398,0,3
0.9441724848627462,2375.8490507371516,0,3
0.9847422534595035,2329.2655771513846,1,2
0.34625533853162577,818.3185024012948,1,2
0.15954639554450845,426.2927017970155,0,3
0.6737056826286718,1455.7457522752857,1,2
0.35653134428070626,915.9898165044121,1,2
0.07850902246666742,710.0155660451601,1,2
0.6329203896458452,1365.1298488037153,1,2
0.023405421336172936,205.42066880503245,1,2
1.2421830550948199,2590.6664706207903,1,2
0.4328987582046333,1173.9415132029824,0,3
1.2387290110633284,2554.32924040082,1,2
0.3055367182671431,961.340786598411,1,2
0.32918183924758476,2765.986231820704,0,3
0.5721846741976688,1351.8742360554493,1,2
0.12522663580930435,265.3075095620011,0,3
0.29022262335768584,748.0575548143902,0,3
0.951027393020511,2390.1184222989655,0,3
0.544130122391247,1465.0718777896577,1,2
0.33334646039370075,2798.150189171022,1,2
0.6108859755345086,1280.8701225923094,1,2
0.43558932138113354,1034.6164891737776,1,2
0.11271949388766771,273.09784737350424,0,3
0.5354144456880913,1155.9736962266015,1,2
0.2607854097910433,1171.048594421962,1,2
0.6230841082727174,1691.076503253558,1,2
0.20294058967902712,517.0206424168031,0,3
0.014098494632743567,131.28023972312667,1,2
0.4271034309405412,1133.677994979762,0,3
0.34803263681824154,946.2332184957603,0,3
0.7069090018464002,1525.0718075996979,0,3
0.675799433422334,2054.6580719621797,1,2
0.973973966585177,2641.46047357158,1,2
0.4053785474274044,1121.4366012149233,1,1
0.041825850275562626,149.21052096116748,1,2
0.24626192518841836,580.0963197474634,1,2
0.4058194449377877,873.5409223113872,1,2
0.6605108030816645,2884.5379110811605,1,2
0.2952552994900608,629.7459469492293,1,2
0.2706982063188542,717.94163302513,0,3
0.10373348446328105,341.4424426249868,0,3
1.2757819209201946,3195.27163278214,1,1
0.2507948945509154,1096.433954102707,1,2
0.7976488586320146,2428.0851220941413,1,2
0.673516297198584,1588.681298356869,1,2
0.29794711324457773,2506.172423033148,1,2
0.05236620664879145,473.26503393781127,0,3
0.6051840764977356,1427.4826425847114,1,2
0.43199467535179675,1949.250447756828,1,2
0.8153218031308263,1712.068377950183,0,3
0.1881654691187151,580.4247280884858,1,2
0.3924146788785552,1709.007460584041,1,2
0.8625637753244405,2033.9953621392683,1,2
0.5681951499388319,1225.444981637552,0,3
0.35386444529602923,1127.4253023296753,1,2
0.31987692156238945,2652.3563144816058,0,3
0.02736009436708009,232.540051152277,0,3
0.657380236419593,1685.145755861148,1,2
0.40723585212844265,851.7797701485321,1,2
1.1882567557588286,2475.9429630068444,1,2
0.43042630917045926,1111.4067871671978,1,2
0.14966799141925452,680.0055409545079,1,2
0.24101043948310635,2028.9248404779237,1,2
0.3482065649140833,2929.8179810783195,0,3
0.7558512768987685,2463.5955457543632,1,2
0.2716963580738457,1232.1035641732124,1,2
0.7235909252556398,2005.796944008007,1,1
0.5873944222997554,1917.7069124112627,0,3
0.5757015886211418,1481.386041533017,1,2
0.8882147760097586,2456.4467349618176,0,3
0.18960536550083612,511.09933019720233,1,2
0.2183351091448004,476.19113293427006,1,2
0.59125001449952,1395.2982437241178,0,3
0.11500747234669474,520.4141690288567,1,2
0.6434119438190788,1345.1209604648084,1,2
0.0757065933254569,169.0888077013274,1,2
0.8895087407898354,2229.5536291729322,1,2
0.18979154197239909,403.60228698998367,0,3
0.5132588302203142,1392.6687765028555,0,3
0.7050076042013053,1895.6134992285963,1,2
0.8695339231279163,1818.2807711548571,0,3
0.24243838385234312,799.4722075032515,0,3
0.12405500947014149,1024.5852658897813,1,2
0.8884216166466198,2393.736224668248,1,2
0.39919615192116426,1301.4798013238144,1,2
0.17313068590423758,1442.2138213361857,1,2
0.6367055473706746,1683.3332062049674,1,2
0.8130868545935587,2193.4161044999614,1,2
0.15734515195872692,1420.1473908371174,0,3
0.06920153439012298,312.2146918721502,1,2
0.39375777641227755,3302.6926712107684,0,3
0.5496403705714827,1381.1026614980724,0,3
0.008559337840491605,74.96003719259151,0,3
0.7619053153650313,2071.8770247839243,1,2
0.09202511573229015,256.66705490094597,0,3
0.09310664283506541,784.7221269270526,1,2
0.8088315978530553,1746.6418067846062,0,3
0.3669641175179058,968.0506482318813,1,2
0.3457217192376098,1079.5648536839005,0,3
0.14270198531876502,441.3969494923684,0,3
0.6848150985414692,2139.2356337945857,1,2
0.3084568709250624,735.1022359907181,1,2
0.3319804316446715,2743.1795598127783,1,2
0.6253848737639066,2727.9252438162976,1,2
0.22900738504443086,1002.975254936785,1,1
0.7173558141734598,3125.034776728959,0,3
0.19076092745417172,628.9868744034519,0,3
0.43676214222446236,1029.435087687237,1,2
0.1855767314179665,1562.3795007384574,1,2
0.0660059778115553,548.3553616587109,1,2
0.7228049011861218,1948.8319284144643,1,2
0.488664190707798,1251.3184085265532,1,2
1.2985643797027009,3262.4144775302793,1,1
0.2545329113040467,539.9713092551185,0,3
0.3066094643672884,2536.71873340025,0,3
0.14877319538526784,466.8599357014188,1,2
0.08728871371643301,239.2212758976026,1,2
0.036477286245649346,123.60790425402145,1,2
0.9812632223514659,2462.9283612329764,1,2
0.9958028657840257,2347.5478971119237,1,1
0.7044737489609211,2196.960641849353,0,3
0.44108019992520686,1372.8212467822943,1,2
0.746823095287045,2327.7833484456382,1,2
1.1507880720224715,2376.4579766850748,1,2
0.03686609382981592,169.88968990644477,1,2
0.17245466200937534,368.22773671655114,0,3
0.5566399956557979,2424.192035094155,0,3
0.5051893744129227,1366.3733400698713,0,3
0.5416695638859494,1133.207370406884,0,3
0.6545153338646237,1760.2767381025712,1,2
0.9409194366197301,1958.3329431477275,1,2
0.11202876385022313,931.7260195042401,1,2
0.32395142325945625,1059.0619386004041,0,3
0.3257587270973982,1462.9440703949806,0,3
0.7351571492327488,3208.180004341029,1,2
0.07866888473950587,245.05301310405926,1,2
1.1720439980247759,3555.1829008317495,0,3
0.7988949992431728,2204.9259836002225,0,3
0.7305439277423224,1963.7379816077032,1,2
0.1928082206309729,399.5687990689288,1,2
0.831966036468698,2524.6884095272617,1,2
0.927457057836696,1996.795692296482,0,3
0.06524078732491856,214.39702006865892,1,2
0.6603754544944274,1779.7376946404045,1,2
0.7755898192455607,2412.2753781882066,0,3
0.05846929110238431,274.88942672533875,1,2
0.2385661364807477,2011.2120350472553,1,2
0.3091199153847695,738.3425670508103,1,2
0.8489267579232194,2574.0123113287173,0,3
0.5995326966513767,1255.1122482996398,0,3
0.7723078341797083,1820.3110117448543,1,2
0.25707600670136777,847.5510910750246,1,2
0.16271329883548763,448.2116069725168,1,2
0.18017613566271662,496.2109266670488,1,2
0.8906919534317039,2776.4945327178057,1,1
0.9395433374300876,2932.2885620718534,1,2
0.9318801538298775,2514.1200978526144,1,2
0.5248330359046459,1349.1706772931468,1,2
1.2617505497822112,2623.873829285938,1,2
0.054713666369061296,251.2435831359644,0,3
0.13525667300536778,375.1739687849922,1,2
0.39379332666351247,3305.575359578191,1,2
0.12352972752321155,1113.1241817574867,1,2
0.8732161836805531,2408.680270368879,0,3
0.036069690189933806,101.1924966389055,1,2
0.33986485128497973,1083.0048656295241,0,3
0.034467174859889156,293.33391254457797,1,2
1.0885451960539205,2272.062409724583,0,3
0.3775265673691138,1225.845660180338,1,2
0.008528376824149787,78.18963106044524,0,3
0.08652478982532026,293.4746133385489,0,3
0.12692750326477714,1068.2016222219934,1,2
0.02697334525545952,65.30432357903057,0,2
0.818909017424574,1711.0676857866056,1,2
0.020153339629371356,98.42789142695531,0,2
0.7789347200046506,1627.5016524265116,1,2
1.2622955496458457,2605.2334337739,0,3
0.2452237997735479,789.4357636506427,1,2
0.15446090273195348,328.6710305755802,1,2
0.18886151120228264,400.71874195956997,1,2
0.4108074497653062,1031.567772017121,0,3
0.8494362867832854,2126.8979332751114,1,1
0.06485582939539551,176.62453837958395,1,1
0.7586737360320739,2467.3603205229,1,2
0.4211606259717836,995.3117758690593,1,2
0.5731852196648266,1552.2391390473204,1,2
1.0567824586305485,2656.521365447074,1,2
0.4494781753023245,1363.5434613810721,1,1
0.37313379057006857,992.0753439674014,0,3
0.0845875200831554,262.1564865286988,0,3
0.10028278212906425,241.24500210312686,0,3
0.43755918436115754,952.5083500489067,1,2
0.2255847475074188,986.7724905864726,1,2
0.22118814119818372,699.4914569531761,1,2
0.1494073286005038,1244.6369106388365,1,2
1.207720745001368,3084.996241645564,1,2
0.19753731288640078,1783.216076339705,1,1
0.2633795822615196,557.201636531692,1,2
0.18028045995625525,509.21998865414974,0,3
0.18380579108996364,1659.642612647425,1,2
0.453706169887711,1476.5760319882086,1,2
0.08610107987501092,385.15038193775393,0,3
0.30662442316623,835.8462318526041,1,2
0.9038419743744165,1895.632407127878,0,3
0.23919831942221548,767.674216290292,1,2
0.3087836605333782,2782.3252420161148,0,3
0.26667838510793596,2404.1550745318928,0,3
0.0814959995275933,376.834904291299,0,3
0.8475453823321368,2643.577431553564,1,2
0.45197741080266607,2033.172033780429,1,2
1.0950652684487376,2967.985529570841,1,1
0.04465125989617335,128.92040822904121,0,3
0.3005576892560834,981.3534040296673,1,2
0.1752584361245289,551.2142301249202,1,2
0.6325618751586906,2055.9191869343276,1,2
0.4357085891927757,910.9523508051382,1,2
0.830674826476806,2264.80060156704,1,2
0.10898730799555115,342.309364549874,0,3
0.5889182941583457,1596.251681361187,0,3
0.8622648984885464,2167.997266947439,1,2
0.9858752251465593,2122.542424522013,0,3
0.20474325186605713,920.9491039518244,1,2
0.3208143629118349,883.3965792568368,0,3
0.15017559359989024,410.5580224445161,1,2
0.30352685547977254,818.3437065581552,0,3
0.9691895524775561,2432.9216233264933,1,2
0.08664494248838982,233.17126808533246,1,2
0.17717455650761185,368.81896424849293,0,3
0.3641827954308852,1640.1670507334813,0,3
0.7260262398815988,1977.3627907201535,1,2
0.7105617862801313,3097.408365590991,0,3
0.5968646312016975,2607.654747154812,1,2
0.7951281501451789,2205.167026878823,1,2
0.7824907619239477,3413.7732790482373,0,3
0.3800443125898102,3187.9081303299236,1,2
0.18058131000339994,388.2025201593025,1,2
0.3250629166041353,1015.9479053182383,0,3
0.9712083886838451,2010.402456202664,1,2
0.19682916707798712,1635.4479637491786,1,2
0.04980225952789651,426.9414494991609,0,3
0.3889167476303253,1062.1981391322047,1,2
0.4522652566813114,1436.6735152954843,0,3
1.1528201807975262,3126.259150576602,1,2
0.36021525672936,1571.236106053861,1,2
0.3482118246456077,755.5506941436049,0,3
0.4030783838619169,3383.709376928754,0,3
1.0256431163192212,3118.469655023375,1,2
0.8760500212738045,1827.2333269869262,1,2
0.9624712338115908,2007.4495235152995,0,3
0.025411508311653376,122.18086759275451,0,3
0.37003603517972006,797.5142867157596,1,2
0.6440862265350284,1328.3803193060355,1,2
0.8145444427992385,2211.9409374488714,0,3
0.8512307128057488,2286.928927446565,1,2
0.3473807215654955,2880.632349156248,1,2
0.10383854671266411,237.59124724101028,1,2
0.3526073628665758,3176.4454277801983,0,3
0.9424073129733949,1939.1800166843266,0,3
0.23431102069864393,756.3894195249266,0,3
0.41673165425629805,3493.6186555526033,1,2
1.3239802497998918,2757.3079485964904,0,3
0.7113722785444819,1974.8005853384675,1,2
0.10848235736614777,292.69143983425175,1,2
0.7866082827724694,3435.2471343008965,0,3
0.8549646060614531,1788.8657671684437,1,2
1.10574651343743,2780.7834027302642,1,2
0.11767179474722202,327.9169664637926,0,3
0.12821474269227992,1166.0069778344514,1,2
0.1484860501123456,318.244734162723,0,3
0.5247360514070262,1422.4547203973516,0,3
0.02990323997403047,65.46618043834135,0,2
1.2490879374714305,2597.297285218742,1,2
0.7515731493044062,1928.1099092122183,1,2
0.8598933101656278,2166.9024841873756,1,2
0.24462185128489422,794.400597164241,0,3
0.06809170145864321,218.63645053444668,1,2
0.2028518303262414,1826.5945851199835,1,2
0.622515652916103,1678.0055556404905,1,1
0.16928246115863854,767.7964081172062,1,1
0.6504650836574952,2070.874852470613,0,3
0.02470293600663536,230.2974292045273,1,2
0.0734398602705438,331.94091725447106,1,2
0.869699053680408,2636.0275453706367,0,3
0.22727850604799263,731.1662114474076,0,3
0.7578978553843506,2047.5149998468903,1,2
0.9910574249928518,2737.8655668714878,0,3
0.2869285076760226,911.1522127196829,1,2
0.45266154732308084,1383.9441385265472,1,2
1.211107037808348,3040.8516087020134,0,3
0.5811517416722887,1375.7246705855976,1,2
0.887272575012735,2767.222770986316,1,2
0.1057326150217014,297.51304469469926,0,3
0.4509371356648816,1376.3238049490913,1,2
0.03204866181519503,76.58946057603711,0,2
1.1699379324950046,3557.410539672789,1,2
0.939432801778872,2848.8533576265745,1,2
0.3661270078472486,3298.611141734546,1,2
0.1187732325885026,321.77432245028496,1,2
0.8645973163752021,1811.3360987159508,1,2
0.5867457499586105,1212.9391053830839,1,2
0.9394831516114394,2525.775078592207,0,3
0.6480357832955993,1759.0020364908798,0,3
0.14739846521933356,391.03017622145603,1,2
0.03380273409444902,283.90107772968895,1,2
0.15792545799545132,505.11462867412314,0,3
0.9836394545348547,2060.6849481112968,0,3
0.8559462456518828,2674.4868082249077,1,2
0.6265732110307539,1700.6494690782479,1,2
0.47342728927135813,1516.3428488229945,0,3
1.193985238357532,3295.55616328773,0,3
0.07763649171273991,246.0632186201092,1,2
0.10335781842066065,281.70370637342216,1,2
0.4823979657787487,1212.090287990909,0,3
0.49452480635230917,1033.8489842662002,1,2
1.1616013561342196,2920.503215735485,1,2
1.2970163623777977,2706.215385120745,1,2
0.07890661514755386,675.2408144650383,1,2
0.2887136684585282,885.8363758682244,0,3
0.570462405916581,1436.2395551509442,1,2
0.999408596447916,2150.2189989654994,1,2
0.7064565743675194,1901.6124603981757,1,2
0.7891173039641755,2453.3088566726055,1,2
0.29042298290015645,1267.0124736606847,1,2
0.7588119738711826,2472.28199639186,1,1
0.4534985517550558,957.8810830661494,0,3
0.7436852022737003,1602.32791342576,1,2
0.5020010653757488,1327.3311395498138,1,2
0.8822830984708226,2973.039351311937,0,3
0.8550103633130253,2040.4018436516483,1,2
0.2522270879697736,828.8550146037118,1,1
0.19477051533848605,1275.1702450975424,1,2
0.32042763298375343,1501.7555322593794,1,2
0.9727679336535192,2717.9170276074915,0,3
0.20227662218334386,934.2220802632233,1,2
0.6478598275163985,1322.4155556259448,0,3
0.9115071383053861,2772.3150372521654,1,2
0.870728299114979,1773.1425023931586,1,2
0.3376889934891114,1393.402956018394,0,3
0.44026580592075376,2647.1631277221113,1,2
0.18890724690509322,868.1056870953785,1,2
0.10406279995755097,340.14133691637164,0,3
0.21330036991396673,1283.5972586870896,1,2
0.16646922577650416,504.8972240294701,1,1
0.44911846009411366,2058.3916400934277,0,3
0.09550930968290393,458.46608164984667,0,3
0.55651142651752,1817.5063280796114,0,3
0.26114195312689265,782.6052731755024,1,2
0.7805382860348671,1586.3095826006947,1,1
0.3973414909807282,1809.4289726061227,1,2
0.4452050782086636,2030.4984280994342,0,3
0.4045092181381625,1242.339553912977,1,2
0.5344210664846051,1818.6838045453828,0,3
0.3152460106262005,1479.3883698124987,1,2
0.1114161286869586,330.00649627810566,1,2
0.19590639638002805,913.5285758064213,1,2
0.5787367104373141,1761.391559165024,1,2
0.24853410304931697,754.2950329476532,0,3
0.7585369511589733,1544.0421412357086,0,3
0.7380586611917729,2251.1332834350346,0,3
0.4514033126108873,920.3918222993751,1,2
0.14843994604628083,622.5160442644188,1,2
0.48309572463545963,1631.176029387973,0,3
0.25820645444472035,1070.2802251626163,1,2
0.47657274480046247,1447.4636527744012,0,3
0.021994907609667314,70.62811026700912,1,1
0.278585237941627,858.0786996479181,0,3
1.302283667817243,2648.0712063558544,0,3
0.4203475552851875,1955.7034045188827,0,3
0.21401956848848597,663.9337701413721,1,2
0.09283937806890488,431.4375901261039,1,2
0.6257535402440215,1280.8727879973492,0,3
0.331918144101411,1010.1673374804441,1,2
0.07478699899900414,345.00402361983174,0,3
0.2478758821291968,1627.183998498314,1,2
0.22886003624871393,1507.3764186008004,1,2
0.12950364376482154,790.948723494169,1,2
0.5936125285987799,1759.8199046635152,1,2
0.20507254414902312,1232.6439530826028,1,2
0.7155075581685632,2106.271608713673,1,2
0.14500272052704824,870.7782668793786,0,3
0.061641126035397634,139.83139378839866,1,2
0.08845467293982957,412.58187119275425,0,3
0.3579473526993839,858.5941170251842,1,2
0.25790384779639475,1698.5840317316583,1,1
0.37451854649402755,1226.144198414187,0,3
0.3215474848727312,1325.1326529757473,0,3
1.1376947910836896,3838.661797590814,1,2
0.26837600005814016,1105.6254382184952,1,2
0.3762962043724508,1107.1015966991426,1,2
0.9468611161607775,2236.944102914738,1,2
0.8184223007306728,1671.0305755842035,0,3
0.24863549042132296,1627.9472524372725,1,2
0.4651422861396697,2125.1075688818605,1,2
0.5139357071784071,1564.3748684879224,1,1
0.25409769378562314,1183.7863760778064,0,3
0.057614666855427016,175.74221965115578,0,3
0.06028552632426541,365.121111926365,1,2
0.5407479967853789,1598.0115700010585,1,2
0.06498068223442134,281.3672775604192,1,2
1.1107736805792987,3754.66458586221,0,3
0.0650928542548662,241.80078931521754,1,2
0.21664371965971962,1429.4173523560498,1,2
0.21311097381162397,982.185539155159,0,3
0.03251872710864427,135.64754647559622,0,3
0.24202954728187281,993.8129660764411,1,2
0.16867841740425238,1125.002150120067,1,2
0.14696249043377863,441.89688972044274,0,3
0.5126842664057678,1226.4903414810813,0,3
0.24758833322178717,836.1317923824813,1,2
0.38850086800915234,1148.6532405881705,1,2
0.6916944029734222,1652.3002021848745,1,2
0.3979345451584568,1628.3040683781394,1,2
0.050884137700526834,180.58322202205864,1,2
1.388776330192057,2831.404766749675,1,2
0.02927642187891433,105.57216452625201,0,3
0.6392656010498637,1889.1437780084773,1,2
0.33627007988855157,1375.3894371840954,0,3
0.34846290941530844,2101.7381594092362,0,3
0.36827547460714954,2216.330741985462,0,3
0.6683578114202294,1368.6955930566442,0,3
0.3315119529474825,801.2356306544336,1,2
0.2818818663169035,920.177169482753,1,2
0.584174989612456,1778.529324107936,0,3
0.19459338418845581,802.0123839791443,1,2
0.2549983965650384,1682.8169874740786,0,3
0.3609820879037629,1072.808719643642,1,2
0.20796563900187245,1256.7940306000444,0,3
0.23291552443747962,1064.8529611398933,1,2
0.4726543369669041,1679.301070081236,1,1
0.5372225472732401,1829.522883121771,1,2
0.3367103909931647,2207.4794500628263,0,3
0.4949364493171357,1511.2771162585072,1,2
0.8711777168712816,2933.6848609876693,1,2
0.02506145833312497,66.06317409341857,0,2
0.20188555004829567,561.8158621873514,1,2
0.728005953666775,1734.8357602194742,1,2
0.19139374579006826,390.5443659987909,1,2
0.3128153510476078,1435.5732045823654,0,3
0.9650160814701668,1967.457435635993,1,2
0.6196787903088015,1821.8706376293717,1,2
0.2537366847758247,755.590481645131,1,2
0.17702324544865064,588.4951634516904,1,1
0.47686490861083697,1150.211647576181,1,2
0.21427802074283261,725.4718957238954,1,2
0.9802884313496226,2333.9072970343564,0,3
0.4695678581150441,1538.8522351693557,0,3
0.17167587334085999,726.5408898364835,1,1
0.23079192632942894,1525.9499187008348,1,2
0.6747129941007768,2277.7391587077104,1,2
0.2502268409822448,1648.681345606663,1,2
0.6421797399993405,1889.4540344360541,0,3
0.176384243870521,752.5889612651317,1,2
1.341943326878483,2722.9551441880685,1,2
0.2785550693592801,922.8898046210238,1,2
1.383774280280413,2809.8308762505803,0,3
0.42271086194312835,1726.3044129976513,0,3
0.38771691264257346,1266.6142606264427,0,3
0.543716616366288,1607.898582732397,0,3
0.1929505577549878,1266.349354002757,1,2
0.25151401553244224,852.8332962320962,1,2
0.42480036957355105,1393.3421626797062,1,2
0.4268897502864206,1201.5812900102392,1,2
0.26072123430384625,889.7153559188122,0,3
0.014036763978435752,61.628874570831215,0,3
0.12366571468148242,586.2699774222953,0,3
0.21516995620762153,1006.2652692931981,1,2
0.17579293319909614,524.0610693137245,0,3
0.7758946155974056,2276.785469453478,1,2
0.7760417926588834,2627.8467645361593,1,2
0.048166354674224504,160.93783750443467,0,3
0.22184621607431623,1462.8082096966953,1,2
0.16243420561359656,749.2074019077531,0,3
0.28811193542698776,1892.5972667397104,1,2
0.3608667399813431,869.8611060442021,0,3
0.18097063353782522,1095.8470802583665,0,3
0.675587033638762,2062.1678691386746,1,2
0.3768649947821871,1339.141273923833,1,1
0.08019150199437207,336.1533189977005,1,2
0.20790293884189706,852.534772046115,1,2
0.46879554938708784,1661.7402238425952,1,2
0.7769575585539876,2284.1149210511603,0,3
0.2513168685815598,1654.0061118822205,0,3
0.18466988827353342,761.1947535659051,1,2
0.28718138457604664,1887.9529744044955,0,3
0.06076151851474548,406.5157045151746,1,2
1.2521417308241922,2958.04491978913,1,2
0.5450795872440933,1610.8625687678295,1,2
0.4556171269650432,2081.6805084883777,1,2
0.6545717948067283,1927.8814366363354,1,2
0.4645519185859889,1422.0379161804908,1,1
0.17893383651347047,527.7760487155002,1,2
0.13391391996031116,414.57980765121164,0,3
0.10257545024597185,477.43704072738115,0,3
0.7258228677802036,2359.090142630528,1,2
0.19785874026808992,1302.8050203435014,1,2
0.5260628931730876,1875.5033507846376,1,2
0.41497524299241784,1155.5618003291659,0,3
0.4931625585344764,1759.617618403188,1,2
0.7029631982033253,1432.2091571579883,0,3
0.3021012904554905,1411.2265888471368,1,2
0.245220129266449,1126.1809158701458,1,2
0.22254000313637995,681.7629151527308,1,2
0.03670755729612276,153.08802285316403,1,2
1.058329474721283,2152.848059945487,1,2
0.27455238114354624,905.4356392906859,1,2
0.2580638947841759,848.9167699089464,0,3
0.9064046185273205,2159.7554453310195,1,2
0.9727519440352319,2712.172226670365,1,2
0.12031052090586566,255.497223133224,0,3
1.0161287097283929,2832.222025747238,1,1
0.12396627538181584,747.1878335875093,1,2
0.5940037846812939,1806.8016650363797,0,3
0.2146026677589079,638.7827190818485,1,1
0.6178447707039209,1828.8505711261535,1,1
0.14009742870708222,402.2205299908474,0,3
0.3990575596757148,1821.494824642533,1,2
0.18001550183145346,614.3724248710063,1,2
0.18548739699776354,564.7573750677547,0,3
0.47196629948575225,1608.4561679555954,1,2
0.3957150875497476,1203.718565810362,1,2
0.12646186939574453,394.64244174253446,0,3
0.33667581897757287,2220.4770318446067,1,1
0.18377545928535044,1204.1020646955521,1,1
0.20311312712520088,737.1578727399966,1,2
0.5345542245488378,1897.3699708876652,0,3
0.038162557053015876,126.66042335025784,0,3
0.42348049340494226,1248.6288714921004,1,1
0.6091373568384304,1991.6090686627858,0,3
0.9324587664918732,2231.5226668295345,1,2
0.9068025355960564,2749.627129153406,1,2
0.4552297589272348,2075.0738827148393,1,2
0.030723169573390018,185.63610415083045,0,3
0.4743500352873049,1451.079288026608,1,2
0.4284625883300136,1402.882474259096,1,2
0.6174766900279609,2006.3942581538531,1,2
0.06618984646832655,303.85148224128903,1,2
0.4718700969979733,2157.86240594265,1,2
0.40098517865939803,1308.1696435224342,1,2
0.054515823950916746,241.03244553229297,1,2
0.14477953711013145,494.1476277358348,1,2
0.11581211889155639,528.9198799277776,1,2
0.6190807938207404,2019.410765426947,0,3
0.13396418690672088,886.6312590420534,1,1
0.42555153532080825,1984.2074597736273,0,3
0.35751192302833207,1086.0359988236414,1,2
0.5543488440785814,2273.929348546433,1,2
0.1139800931921998,349.69497374999014,1,2
0.16799048644247372,398.32859789969075,1,2
0.08280548985571233,554.4147293094256,1,2
0.22294141342720775,662.9844018402915,1,2
0.20756542060811717,425.149160865218,1,2
0.17170059137366386,507.5384409770203,1,2
0.6415442223881553,1957.5668289168684,1,2
1.0852185739736395,3662.094868244551,1,2
0.20060054504508842,937.0309745988297,1,2
0.2980362181066357,972.3004267358687,1,2
0.01788382686998755,85.23965791195235,0,3
0.7300782781967526,1486.6753665760873,0,3
0.5455334314308747,2229.4055320519296,1,2
0.37591460813480704,1110.6070310087684,0,3
1.2087234374611706,2459.5887902805775,0,3
0.12357246312779417,428.4937658847107,0,3
0.026343881660699914,68.1859457969346,0,3
0.3576633191957813,1507.1384599955786,1,2
0.08144207133846737,254.79964298280467,0,3
0.2747845832335833,818.1708165701446,1,2
0.5895652505475254,1923.988906797227,1,2
0.359655998913441,1472.1698317673684,1,2
0.46027335941733366,1287.2233856522678,1,2
0.34372068143364526,1222.9280963737779,0,3
0.7781600916539254,2285.38453123837,0,3
0.0765487220813011,223.57238436221877,0,3
0.2365560648358933,568.5808519195799,0,3
0.20870677835890541,644.5385134091164,0,3
0.46317432756200116,1891.3588136417172,1,2
0.2827152111619468,952.8613818717439,0,3
0.3665403634058192,1705.1728997384716,0,3
0.0808012651821294,263.7317302424654,0,3
0.20365572169229043,836.6780727461995,1,2
0.2697185463315246,1626.0610935273762,1,2
0.5644848891531176,1345.0970710091847,1,2
0.32538305117144617,1058.0290866976118,1,2
0.5334410465965684,1615.7970519106439,0,3
0.056165724648481484,194.0277131607227,1,2
0.15731037164408815,536.8030579952268,1,2
0.03332557407268141,220.78468010656056,0,3
0.27723104649803754,994.0203046852414,0,3
0.05165835623753133,341.6602894885035,1,2
0.29448687365061105,876.7157203596761,1,2
0.49702444363737225,2030.1057194989794,1,2
0.2901360426690031,860.704212838695,1,2
0.0301614318453377,67.66648342504378,0,3
0.17157230385951888,809.5644498690775,1,2
0.372819634234831,1735.6847852127512,1,2
0.04516785450358748,307.8594305765544,1,2
1.0807519515075887,2559.699452548666,0,3
0.12666042924770846,373.4490712153421,1,2
0.17928271422773487,1182.5004879079522,1,2
0.3486734562097715,1029.9269904235412,1,2
0.3289965743407763,971.0147802284987,0,3
0.49049821617457934,1488.9710323340994,1,2
0.14708118621141872,692.8762128214844,1,2
0.07285124608243596,298.62771076029287,1,2
0.24805844265389018,732.8691155733004,1,2
0.5922505152153866,1927.9378266593203,1,2
0.33692977680964975,692.3249110734379,1,2
0.6384158020620428,1938.4370131131723,1,2
0.02490177442283174,166.27454018858495,1,2
0.7007913916678936,2281.1455531200127,1,2
0.08141437665759371,271.8867742013209,1,2
0.5819326685762359,2436.1908404775063,0,3
0.5931791352005923,1748.3731839623217,1,2
0.5908360292834252,2101.5470248470406,1,2
0.0686216714386108,232.1884917885601,0,3
0.1481392454504444,506.6775160985808,1,2
0.3275530058701372,2150.7562455598413,1,2
0.051847154442281704,168.72478332471582,1,2
0.6319585121104255,1857.9697211698276,0,3
0.5888328154996346,1926.828809777114,1,2
0.25356862741716585,1185.8832365271794,0,3
0.32003965508011095,1493.8307131410756,0,3
0.830424492024907,2805.9122839857405,1,2
0.22179738207450736,660.0403593084575,1,2
0.3912727932989327,1389.051566606502,1,2
0.9997925029044213,2037.4438930609697,1,2
0.03552393659592106,93.94386709272611,0,3
0.04536065751343436,156.03740956825018,1,2
0.2456970107687484,1618.0863214930037,1,2
0.28471657901059894,1716.8615273885032,1,2
1.2416977056045302,2935.0463505203957,0,3
0.23315130032438605,1071.539632425694,1,2
0.0705700317562508,300.95103002966914,1,2
0.42428029397739314,1775.2741108561374,1,2
0.054153857965861904,256.5100430828767,1,1
1.1091940285793933,3738.6350897572142,1,2
0.12816133055507437,855.0243619990379,1,1
0.378845741142739,1594.2506536078786,1,2
0.1064421097717574,323.0936955101929,1,2
0.020646094541855595,68.9882988155798,0,2
0.5168212094744243,2168.687053102267,1,2
0.551363231812746,1809.762290214177,1,2
0.03158549298722012,208.34294014283012,1,2
0.1821147000404974,849.6285076216152,0,3
0.21723335897790708,1308.0514682290948,1,1
0.9140529479148534,2561.4720171143085,0,3
0.07198217327691914,277.0059304439829,1,1
0.1046091210745886,310.5845162567329,1,2
0.07191958405439526,481.5443025819748,1,2
0.7574354971194756,2468.3879477468936,1,2
0.2718932383872152,1645.2752172280707,0,3
0.4671475000068472,1436.8833383266217,1,2
0.5034705946785256,3022.10350736424,1,2
0.03540354581486789,90.18457450011113,0,2
0.49524761632038405,2259.9343054857754,0,3
0.12965891110469568,614.7373820674064,1,2
0.1955958259015099,1183.2161179484162,0,3
0.47582100590952314,1619.1912376743999,1,2
0.8338095320700457,2331.9320220106806,1,2
0.116474565943778,358.84598736240997,1,2
0.21069069556024256,1274.714667673494,1,1
0.11166694017433011,378.0238580254328,1,2
0.25372267990097275,790.3444924531753,1,2
0.453944414481365,934.0150836821939,0,3
0.9753070965659867,2328.5245042393067,0,3
0.37591567062011383,1551.4367655779465,1,2
0.5617930137210294,1574.088660461046,1,2
0.2486869607354085,707.545713713374,1,2
0.7487953592789167,2206.994906320875,1,2
0.41910627138009127,1963.7428707145793,1,2
0.1649310652016681,785.5493341077234,1,2
0.43991080070803834,909.1392423108343,1,2
0.2116828242208075,624.9314531029493,1,2
0.6854221828571064,1907.7153905384127,0,3
0.06803158883137449,190.58904224291828,1,2
0.6617493969804683,1954.428992269805,1,1
0.4739240944584379,1542.0025645147985,1,2
0.6044671938144404,1232.7602393807242,1,2
1.132444431157704,3826.1074282492777,1,2
0.7222910669666625,2127.9360868876493,1,2
0.6727450655599332,1978.9523320478477,0,3
0.11844269254603175,554.8217557621581,1,2
0.43384327820423,1292.2147984166038,0,3
0.32246329982928984,989.7927488068447,0,3
0.8225845390645556,1668.8573966914967,1,2
0.42189227461887774,1388.8797282836954,1,2
0.5759856378822147,1619.930458459788,1,2
0.036755782366970434,113.97038261708272,1,2
0.1658486035340774,487.48365459084596,1,2
0.2039200627516963,941.6162552936313,1,2
0.4928889138628919,2965.1423795747223,1,2
0.27682007328998026,1822.0796728586113,1,2
0.051180094835112204,346.73563593187095,0,3
0.1396972606061471,477.82287518408293,1,2
0.7791944887895608,2293.402404210976,0,3
0.9593995479101461,2286.679427736128,1,2
0.7001470257466446,2078.9000518904595,0,3
0.2224394113888041,804.0057025038053,0,3
0.03772662787937014,150.4773148143965,1,2
0.29308869141328786,1202.5497770739407,1,2
0.6086942430003492,1461.8791017281721,0,3
0.9967634349788209,2783.572337810051,1,2
1.0843605225199233,2207.2101936753984,1,2
0.19141814351364142,1258.3297856414806,1,2
1.1883323602603946,2808.6606282936514,0,3
0.16243442063869568,741.4705411557086,1,2
0.40955647839282383,1920.3728345755515,0,3
0.32429905806154175,1327.41851243098,0,3
0.7857029823877367,2321.765796026786,0,3
0.025633735710543133,112.3743396581378,1,2
0.535744344285097,3520.0566887545187,1,2
0.5835474020979247,1722.2114694382524,0,3
0.3208491791650352,1325.9742749077407,1,1
0.6152773592712675,2588.8528919190762,1,2
1.3435126394062946,2729.228704632286,1,2
0.5386077855437779,1603.944933266882,1,2
0.3410730999724062,1005.7934899647943,1,2
0.08692936403853867,414.422712934169,0,3
0.05969507199852811,397.5930591811725,0,3
0.29271720464764517,865.7120167117819,0,3
0.17677080653832453,1173.234731378958,1,2
0.012923811304242208,85.65338216993236,0,2
0.09784406792609543,298.53489707445544,1,2
0.9738766564037877,2335.6983771602754,1,2
1.0759567442732336,2540.0306806143376,1,2
0.5317942663765444,1573.2105473527386,1,2
0.4245349767041387,1291.5629972492043,1,2
0.9279687929210478,1899.1401123868625,0,3
0.1379313772139443,412.97309409769315,0,3
0.5035438780104998,1487.4379332786702,1,2
0.28624238649610795,696.0991560127561,1,2
0.8004229848426861,2436.8782913200816,0,3
0.3487342782046761,1245.8159614902406,1,2
0.5437898536529548,1834.893147643811,1,2
0.33102743237653404,1399.9945823174558,1,2
0.6189106490787741,1258.230422299291,1,2
0.10161640868930286,435.49372466787315,1,2
0.5027417309353822,3308.7449667734354,0,3
0.30376212982336437,1998.590312876526,0,3
0.7234640701729919,2127.9257126324933,1,2
0.5306404509024463,2226.469238669673,0,3
0.06407140836237507,246.39388620055973,1,2
0.3398086214356463,2239.964010383938,0,3
0.7028294253829787,1957.2070024775326,1,2
0.6435201014292488,1953.2929887659757,0,3
0.03847225471844019,139.00811981193593,0,3
0.41400120018572706,1349.055847338499,0,3
1.042156939418299,2117.3689438472725,1,2
0.06820870974428692,203.32353815608775,1,2
0.2015393850578247,1213.5767756466628,1,2
0.47739068528256057,1710.2006361395418,1,2
0.2828260067548655,1162.9052462033972,1,2
0.20219107887565685,632.2077372234799,1,2
0.290806814709094,952.5911117387111,1,2
0.02177718099815047,154.46552469987876,1,2
0.8376509512304846,2011.8814490975772,1,2
0.03165244156627323,109.82648830699027,1,2
0.22694537375911383,939.9954721263264,1,2
0.22362576138612658,683.160535018478,0,3
0.700514351965499,2278.5094771321533,1,2
0.30477246638244004,1006.3476031403465,1,2
0.33859896744438306,1116.7246839556028,1,2
0.3794045195793972,2508.162092880097,1,2
0.3831555620954528,1755.0777716721207,0,3
0.38845832970963473,805.2192794604719,1,1
0.36953463924933,1683.6902623623369,1,2
0.3904671344778246,1155.8815729659157,1,1
0.11834174817040695,509.5761375634888,1,2
0.7767167623128156,2367.625841719587,1,2
0.05345458526009416,354.5636097120627,0,3
0.20120859239984748,594.1744838390109,1,2
0.3513702561913715,1436.3427427568618,1,2
0.3422109156294117,2255.3422908785597,1,1
0.30061434851836566,625.8263335958338,1,2
0.7017676026839716,1969.6360072036948,1,2
0.43949211624350204,1506.9506219465404,0,3
0.3593669655492539,2361.001743551077,1,2
0.4828708815007897,3187.3098305105864,1,2
0.0991894464605447,614.6729987388328,1,2
0.19658598316712525,649.9350212327269,1,2
0.5055021890531213,1812.1925126210365,1,1
0.7230039040321683,1740.3226968006177,1,2
0.136994699465577,418.9777769214491,1,2
0.01223649546136616,64.64303283028137,0,3
0.7024713693964966,2080.1989493997407,1,2
0.16953903495034048,406.6197447129037,1,2
0.1268232332763615,846.2110299522324,1,2
0.638635915790515,1522.2825476617627,1,2
0.4411337850405256,1317.3359174332832,1,2
0.5485631211463101,1808.756547508252,1,1
0.2181941426456384,1439.5341111425062,0,3
0.04737876920817443,184.9979345465962,1,1
0.35215728368633403,1638.4687568374827,1,2
0.4687418838838722,1106.9404586563542,1,2
0.8078810202053337,2744.6368748749132,0,3
0.0869041971531147,413.67603104961637,1,2
0.1459920842640373,962.0934098495537,1,2
0.9078256308550371,1856.2087754906029,0,3
0.7350853722724101,1739.7667022898788,1,2
0.029054968574233692,80.86740406248713,1,1
0.17807830788770643,582.5971847867279,0,3
0.10125587079831129,254.07766808365812,1,2
0.646082184372605,1553.4971016282354,0,3
0.551414008840723,1793.8780804865125,1,2
1.0160541587658716,2832.090883413192,0,3
0.3632619687050429,1667.1002212225735,0,3
1.1404602646974482,2335.581231636175,1,2
0.4586894252048799,1104.6610127364283,1,2
0.07637758091347809,300.0235965578047,1,2
0.5404857399730787,1768.651183825472,1,2
0.2059942707138664,874.7506131092372,1,2
0.13228661106160564,625.6666230342793,1,2
0.4888119529525928,1493.635328411435,1,2
0.5439435322036664,1859.4809702228897,0,3
0.4801292389858077,2198.323872409541,1,2
0.38679895755747795,2322.0783778145483,1,2
0.11606100597925345,354.751366056383,0,3
0.42596512687392957,1942.3118019742508,1,2
0.4569694344961213,2106.393372307344,1,2
0.5453641192259876,1665.170404464589,1,2
0.7598246657705781,2468.5505989701346,1,2
0.5275741802291842,1620.3983150650222,1,2
0.0396379467299916,174.63749701645833,0,3
0.303086357794726,1420.7124570387386,0,3
0.18644112572567917,591.8604948265453,1,2
0.20868596735393524,971.2869067585123,1,2
0.15233954810056613,561.2189012380359,1,2
0.1907112550664966,582.531639314134,0,3
0.07462485175513434,352.9162734233322,0,3
1.0909163402085837,2582.6331921750416,1,2
0.17768271042844352,606.1923514119978,1,2
0.3011118461698414,930.9098939312571,1,2
0.44502201181998696,1457.6794198784883,0,3
0.42670210941832054,1999.7438676010045,1,2
0.3532885964738845,1665.872315411262,1,2
0.5788251464559447,1978.0896910490844,1,2
0.671360930071461,1384.307180619977,1,2
0.5114699177215805,1051.8946532090556,1,2
0.2949596160683233,1011.3883348049482,1,2
0.07951911181006663,540.2554410745198,0,3
0.5090932150517602,1719.7760113513536,1,2
0.45524054265517955,1285.7605414554089,1,2
0.6691844904489789,1964.5416105128195,1,2
0.10470939189946306,366.2427043767093,1,2
0.5873850286568189,1797.7524620427894,0,3
1.2642412150500884,2574.3113453294272,0,3
0.3159077718120875,660.1785198761492,1,2
0.4105780871302023,1889.6449555951956,0,3
0.29835656765048546,1800.1876511423065,1,2
0.13308725459078063,424.2777180062503,1,2
0.04540946282372994,158.44664820048447,0,3
0.5502481798560747,1669.7828294408873,1,2
0.5049005875748852,1502.656101670877,0,3
0.5848295710855115,1784.6802104843368,1,2
0.24976655950212168,862.7789335191787,1,2
0.15233457825244495,724.987461708907,1,2
0.7927494378290633,2222.972643995802,1,2
0.03600002406929835,253.78483292524135,0,3
0.16378966729294198,1088.0439178763615,1,2
0.48563405469558624,1587.7082109923538,1,2
0.08518247030579898,288.00948659592365,1,2
0.08299711791205332,280.82252606390125,0,3
0.1794341536318871,513.556980187506,1,2
0.0732054058685719,232.59082179965068,0,3
0.43593270782381094,2631.2551744245816,0,3
1.0109342826055165,3406.6384571095023,0,3
0.13807753024492467,411.13436343928873,1,2
0.45022252062603574,1883.2674076915669,0,3
0.29731034541904644,1016.81654537917,1,2
0.6671610233720526,1960.960282759398,0,3
0.17337022089459492,1047.9229020068615,0,3
0.036338331590695314,121.54254350338043,0,3
0.36022032719609437,1290.9714885901321,1,2
0.04765216991193353,331.46092254289766,1,2
0.4956550511226188,1482.7770398005791,1,2
0.02977538979394601,96.49045879082543,0,2
0.2712761362716651,1243.3000432197186,0,3
0.12102498789978251,810.8326991661694,1,2
0.6677479066438659,2041.367529034888,0,3
0.5685109954223287,1741.546841392281,1,2
0.1858637039154323,766.3674391101755,0,3
0.7573299264461308,2230.3538250829847,0,3
0.2534755859837398,1182.9367541849495,1,2
0.9475329380356297,2265.891348303199,1,2
0.2945462230954264,880.0220082115925,1,2
0.16146528197449617,393.5233046824262,1,2
1.1809742024691992,2414.1422260905156,1,2
0.5071559404970668,1496.3825128302058,1,2
0.5113454860968677,3378.10394843948,0,3
0.2955894497403058,903.4234482523253,1,2
0.1423970189837878,599.6157967801504,0,3
0.14997352985475507,510.9888236245802,0,3
0.10195414739375902,378.95014324508793,1,2
0.18312048736768657,570.8769837645258,1,2
0.23770232598213092,722.287001445088,1,2
0.5176613621412591,2137.1762360958537,1,2
0.46098571945451317,1579.349087802052,1,2
0.3438304362148813,1607.8403974256894,0,3
0.08403128430557384,260.8015722669954,0,3
0.052395119003019866,264.666333300013,1,2
0.48722699643584566,1445.5790445949817,1,1
0.36603203413913415,1019.1777370970315,0,3
0.8187623643745838,1930.8400640008708,1,2
0.5461958557466553,2288.0448833319897,0,3
0.23007481629360552,962.8324432991735,1,2
0.38293077267056996,1755.410884525555,1,2
0.7268364889335233,2380.1921599692364,0,3
0.3558619631610048,1208.0130703614784,1,2
0.37552575749115275,2470.4998587096356,1,2
0.058670124247894515,262.5250569094997,0,3
0.12436122941152304,389.2683201843855,1,2
1.018853423481661,2418.256268552963,0,3
0.3209929526213593,1055.6483310313909,1,2
0.40615888394690397,1907.4906326971234,1,2
0.3133240860680053,1027.070993920214,0,3
0.6259086985480176,2629.1317753004864,1,2
0.0798354520848502,372.611176181614,1,2
0.5262039008136745,1272.3382661284222,0,3
0.9716986897172597,2719.0884777719466,0,3
0.7750725033120895,2289.4734872678655,1,2
0.1846678929918498,1219.3001532258008,1,2
0.0687150303476753,423.97256152850457,1,2
0.24904480690342218,1180.3688534358137,0,3
0.43355078646941747,1417.4483587496177,0,3
0.2580517132683967,1073.9865467665759,1,2
0.14096641889509062,350.40498030697944,0,3
0.20605036214460173,625.6018965591263,1,2
0.3385308188270174,1383.852463931502,0,3
0.6639627300682801,2161.9873553861476,1,1
0.04426472865533381,220.11566177381954,1,2
0.1643567890141614,1007.2678800425421,1,2
0.6329594579901924,1874.453202749219,0,3
0.344122751790256,2266.5116817006206,1,2
0.4645929699481912,1907.322304609514,1,2
0.11099779962921429,363.16486541640495,0,3
0.41929301624769855,1922.3178495751893,1,2
0.5586211600662553,1887.635435874578,1,2
0.7882654499648787,2329.1176954664684,1,2
0.4155748821984191,1703.9617528927402,1,2
0.38982923962393073,1272.0877353220883,1,2
0.3761837707483306,1581.1820217252687,1,2
0.8612621097972598,2616.082880526733,0,3
0.1034906842691772,312.4214538307706,0,3
0.2726182949998436,1789.8526601744377,1,2
0.04065852741372896,189.59516717033497,1,2
0.25215495856871584,1149.9419781533904,0,3
0.49030389605539276,2243.174011401217,1,1
0.5667982962238653,1936.765757178487,0,3
0.13802239832866764,427.27543924718464,1,2
0.572672032729228,1685.3636605583804,1,2
0.2360439952778672,736.0486509854668,0,3
0.33358238245131555,1561.154040132778,0,3
0.4389958449044242,897.6195120115946,1,2
0.411525343959353,1880.2850065206828,0,3
0.050704785037866795,235.1518185574622,1,2
0.6228019791692945,1836.1702049361686,1,1
0.20599742350005287,874.0332966563712,0,3
0.3200900138876991,904.438460618392,1,2
0.5700097736233442,2031.477904993169,1,2
0.18814328108811676,625.0382060596121,1,2
0.06299001700760953,420.9653278553942,0,3
0.8322555357565868,1982.6168046980304,0,3
0.26881002795566855,558.7955145564604,1,2
0.1176261928636878,553.3533535475232,1,2
0.5392893720813928,1647.748220871748,1,2
0.38533724239292916,1613.3521774092499,0,3
0.6766373253543094,1619.3216338230325,1,2
0.49629484397855467,2271.3888028833667,1,2
0.9276075799023135,3137.318164521363,0,3
0.3339269988506987,684.2012278576486,0,3
0.2430032350835043,799.4863867447988,1,2
0.26198315692159135,888.2559244977252,1,2
0.6357753018634595,2658.0901002027613,1,2
0.10608477630807607,697.4990920355593,0,3
0.9322801131984324,3144.7363818899703,0,3
0.08736837618001081,317.5989818210742,1,2
0.16484991157377954,545.7343950219488,0,3
0.07948571543447315,290.69207462791013,1,2
0.6134235700422322,2571.058058117179,1,2
0.6118090779214395,1856.2359806913682,1,2
0.13174869100695094,314.54651880325673,1,2
0.796765179978025,2220.5189061482693,1,2
0.3628677947486173,1659.5996265778263,1,2
0.5563784993275217,1881.8309501468048,1,2
0.25803972838041556,877.7124155082913,1,2
0.5831844614616439,1631.6023822620882,0,3
0.16622081785990278,594.5020813723233,1,2
0.7944133478168101,2587.1111216217864,1,2
0.07229822371890364,486.21112024167354,1,2
0.6553527237363452,1546.968403592516,0,3
0.06484907221871375,219.11180075185703,0,3
0.11724509039741025,771.8620949767328,1,2
0.8518233501171065,1736.5544253948258,1,2
0.25244284373550613,1661.690325611509,0,3
0.38380325061698894,1174.8621754742994,0,3
0.9625015712334049,3251.464311252142,1,2
0.42697237776828534,1402.3821184267583,1,2
1.0719369283302496,2532.579593123443,1,2
0.2807097348764558,918.2814832122301,1,2
0.04363616018326203,287.94053247490285,1,2
0.3306402965914428,2172.516098369581,1,2
0.3793095261503514,906.7826098191541,1,2
0.8510040110666621,2872.5141185349853,0,3
0.5672458540209716,1844.9407586799073,1,1
0.32516047846629165,1339.0370532027432,1,2
0.9882737873630182,3331.075034975597,0,3
0.6798356342933758,2294.439078714759,1,2
0.4831469195849083,3180.704859038715,0,3
0.6145177563581642,2006.5071468807885,0,3
0.16003796563627343,1057.4240914237603,1,1
0.4709645172278868,1311.8756681945451,1,2
0.30526799856128667,1833.0975917386968,0,3
1.1923634737863757,2818.675878982248,1,2
0.3719491567054757,2449.4055134351206,1,2
0.5656815437684828,1354.4386196628752,0,3
0.03420371155429917,112.78583170771834,0,3
0.42897559979438066,1267.1834661855369,0,3
0.037881714340336534,144.58438954834818,0,3
0.5737092229378588,1934.5671805030515,1,1
0.17805650511083623,818.055044704469,1,2
0.23320435075133678,686.6007536770602,1,2
0.14336415689530377,475.9314914142194,0,3
0.533053396224865,3503.6895293065213,1,2
0.16321706955236673,489.07799941812993,0,3
0.1826738712948653,756.0182799460688,1,2
0.15057300910821383,538.0091819457623,1,2
0.056196335751819634,123.77324504910074,1,2
0.37372706001283706,1709.508578807154,0,3
0.3054917491922845,1249.797931409139,0,3
0.6335509127863475,2064.382716417896,0,3
0.19895551796100888,1316.6826625754873,1,2
0.4080313496454796,964.4168526957687,1,2
0.03539252351461119,100.90305183572696,0,3
1.3501257643146176,2749.7475533958423,1,2
0.18301001051489071,1104.0014295406245,1,1
0.022342801178649556,110.40152863730813,1,2
0.37217552656045877,893.592039256949,0,3
0.5120496294027214,2142.8798319899147,0,3
0.617960624382141,1880.7130316129465,1,2
1.0003284874929155,2385.4944995725104,1,2
1.26838632780285,2584.983028970561,1,2
0.07067573185123384,255.59294636421276,1,2
0.40851807888757835,1205.9782747793552,0,3
0.2770620464582342,1825.038516426972,1,2
0.571709874353165,1589.8584417141433,1,2
0.5376720322548078,1280.153906460531,0,3
0.08268338904202815,386.0671611208967,1,2
0.6301271719779341,2639.1474692418474,1,2
0.23816341413763392,1431.0128850052563,0,3
0.5281489175092954,1608.0320631462632,0,3
1.0383103975113042,2894.190754167802,1,2
0.37197373236937237,885.810231609483,0,3
0.025676042626337568,170.45962359642752,0,3
0.2773148120717418,1828.5333342312938,1,2
0.39280445473263664,1836.1761664255314,0,3
0.8988377393151307,2146.4855930961867,1,2
0.07873950695054666,368.6283916849821,0,3
0.5325416095375595,1808.0511901105256,1,2
0.10346041486580873,381.11481170804103,1,2
0.8066420392023607,1903.8929738618126,0,3
0.13114774802308804,604.9303294115219,1,2
0.0850840401425893,399.59659674598987,0,3
0.25281851240018566,1664.8930842479765,0,3
0.7001420335423404,2074.9489714021743,0,3
0.5398710779326945,1828.373272728749,1,2
0.49127379052568604,3224.7015479294164,1,2
0.01644552485851481,76.76870750800686,0,2
0.07290693053788444,175.16737282422176,0,3
0.8888111838501356,2690.880201728507,0,3
0.18844063344319084,580.0402134241274,0,3
0.48265063412912024,1478.3267741794987,0,3
0.8097142503000037,1931.3006013744343,0,3
0.5578146752555226,2288.4124639961633,1,2
0.14799598386974147,972.7086723240317,1,2
0.7101319030355594,2098.370880098051,1,2
0.06508403305053068,234.18550083116924,0,3
0.5183878278609764,1754.675196994433,1,2
0.48639821422771884,2227.8479359869484,1,2
0.2964038589462735,1955.294115373003,1,2
0.095888115733677,413.30657575180425,1,1
0.37985280091847495,1768.634786443591,1,2
0.5299048190014889,1796.7775901677564,1,2
0.4393818454768374,1489.3122178133842,1,2
1.0207062836711989,2843.992956273893,1,1
0.39018219012284894,1322.3812741969546,1,2
1.0494224055580568,3539.652759098357,1,2
0.8229262301614108,2774.3360351289666,1,2
0.8135088045663064,2474.310412941945,0,3
0.020789382931288604,80.37039995387248,0,2
0.1500777144998433,501.0838151697491,0,3
0.5724785691577807,1351.9186483308954,1,2
0.24132227247762206,993.2126899044558,1,2
0.42121019405195353,2772.9291283953667,1,2
0.1092898918927302,277.4725346135516,1,2
0.6104152699954162,2070.2287445507864,1,2
0.42468695869513734,1747.6031250218837,1,2
0.925290229831869,2206.602424531023,1,2
0.19908506784117003,1198.0532911630237,1,2
0.2573980026127083,844.6510457733009,0,3
0.16642427670480195,392.8053602428295,1,2
0.24462564839484047,798.809455879905,1,2
0.17035120442818644,506.3418974691899,1,2
0.09249204328655357,276.775761282609,1,1
0.08051207645140195,499.09156578587823,1,2
0.6077067243228315,1450.6645110549332,1,2
0.37858808290638274,1243.0920006842032,0,3
0.21771082324605093,996.536470995515,1,2
0.24767335726145454,814.9400067457336,1,1
0.10484463282375422,499.6011611034934,1,2
0.06578159382201573,215.49606965859306,0,3
0.5774783642124924,2054.933105419995,0,3
0.08716916505409028,578.5018548090685,1,2
0.4150930195850009,1359.8910192439257,1,2
0.6006184926658956,1782.9255138106869,1,2
0.40606961033251826,1208.2783523112573,1,2
0.8654976227731696,2420.735358363806,1,2
0.6470780942539652,2193.226651586216,1,2
0.35148717425181036,981.2018927564445,0,3
0.5696463520592402,1373.5827168952867,1,1
0.4880260162745153,3215.565408174653,1,2
0.7452404345103021,2189.3528733315065,1,2
0.3407175877010715,1035.2263139432027,0,3
0.19456814210254653,893.9263108925658,1,2
0.4959727265380811,1187.6787804886385,1,2
0.2363814654512645,1109.6955431986719,1,2
0.8106672055873745,2739.2681828402115,1,2
0.09833932809726538,461.33506598211187,1,2
0.2209576160186513,663.0006413569745,1,2
0.5966962607092767,2135.2009500243057,1,2
0.21040959023225583,986.369122346428,1,1
0.05126687612936911,168.69936890556625,0,3
0.045751607837914474,206.82863130073451,1,2
0.1549025538495425,314.81199417890457,0,3
0.7274256657208469,2038.4565998713974,1,2
0.3952063127883819,1671.2597889100402,1,2
1.2617008718885958,2565.119007152298,0,3
0.37258547208944426,1716.0888658686752,1,2
1.2066031594396178,2849.2307156090333,1,2
0.38020164132193607,906.2126738055572,1,2
0.3934660440167172,2359.519612239962,1,1
0.09769358174156545,367.49486108034154,1,2
0.08936412741728023,228.88794893778214,1,2
0.011252452640657157,86.43405629479362,0,2
0.1718010770421518,1139.2539258812276,1,2
0.9116095424827276,3082.751954721143,1,2
0.17557655064088037,1154.7970388252802,1,2
0.12580475044658837,760.4781595520041,1,2
0.2919850357306559,1236.582611255716,0,3
0.1341643760326527,562.9631085164681,1,2
0.4441548276425929,1456.6324155500631,1,2
0.2723350777129567,655.8701970237686,0,3
0.06839185820762281,218.14246804276416,1,1
0.25764535044782977,1066.4687726241227,1,2
0.33266663194248286,1104.9750306955432,1,2
0.2927125671881281,871.7557324383299,1,1
0.15940931856280535,652.3346647943997,1,2
0.17287422847331138,1137.9921017600266,1,2
1.0210254131971839,2089.776252194308,0,3
0.08772710450969602,414.3397385521641,1,2
0.126873103780195,371.4395711753901,0,3
0.4703876401081547,2828.778296824534,1,2
0.03322117344712478,155.70391774523043,1,2
0.3006730551418344,1370.8623794013622,1,2
0.11622484038104502,342.8418750670206,0,3
0.5218864148320416,1860.7166237999684,1,2
0.3682290170987653,2431.276626551611,0,3
0.9874979280244413,3344.300409889899,1,2
0.501800853163015,1645.8454856572196,0,3
0.06942136802327897,429.8174489963508,0,3
0.341564405001834,1125.5653188750719,1,2
0.5049503510057194,2077.6528562011713,1,2
0.17273624055551098,583.4945545620566,1,2
0.2387290642947758,852.1252058568074,1,2
0.3167346845211836,1035.9623218908475,1,2
0.7163375285640284,2112.803656341533,0,3
1.2135277888867289,2863.0991177006144,1,2
0.26221155232153154,948.1358939219294,1,2
0.21272871845307992,650.0236032945637,0,3
0.2257675202902055,707.3013758102566,0,3
0.11560776663615108,295.84440848741906,0,3
0.19806234333889824,656.7551200372347,1,2
0.6929985414797191,2048.433682390456,1,2
0.11105012435242569,732.5923550867187,1,2
0.060281776281107625,197.36599765364875,0,3
0.6153237432561232,2081.7601579943653,1,2
0.9013309760355008,2750.257108556388,0,3
0.6386283431443335,1897.3096244089413,0,3
0.4108422334002677,2480.9245296551085,0,3
0.28927439287436874,946.4704432718326,1,2
0.7405886578174082,2258.979469511321,1,2
0.46998660839218487,1391.1600787772072,0,3
0.1715472249285695,572.3051101180448,0,3
0.13352804014327604,450.0576296573848,1,2
0.18058939861378961,626.9635719185272,0,3
0.28104542811335215,920.0913780103596,0,3
0.48202718501495684,1354.7603237850358,1,2
0.20372455836072267,588.4954127351908,1,2
0.5968765863534362,2505.1069747517627,1,2
0.754712474481322,2557.570186789872,1,2
0.5580750434786192,1987.6079594186124,1,2
0.1863158840299233,587.3659689492666,1,2
0.15629853153998846,937.9206915823627,0,3
0.761082954402041,2241.425716638603,1,2
0.13583883285105408,646.5854938793726,0,3
0.8025554496213254,1918.9047562739868,1,2
0.05968954528044593,214.32259124083515,0,3
0.01179306232441933,62.13451904887247,0,2
0.8502387731708902,2588.2306824989546,1,2
0.7429266218961463,2254.2676182219243,0,3
0.23389653424792684,976.8534672987113,1,2
0.4560312116606613,1392.790497945564,1,2
0.23878683682483298,982.2363424285132,0,3
0.13785443054763913,467.6245397736546,1,2
0.2686572748472921,925.6042378322853,1,2
0.4502824106016673,1340.623975962153,0,3
0.4562720771298518,1507.1694014421578,1,2
0.4622101726338233,1355.9004565455884,1,2
0.5907604527109719,1921.2275013626415,1,2
0.6347532663172586,1772.3708735043597,1,2
0.47748652122810503,1625.225409841551,1,2
0.705247837570005,2148.979293636812,0,3
0.621500788226816,1481.5917961729226,1,1
0.4022862778539198,1443.7157668424684,1,2
0.5720884092325772,1751.6963748640978,1,1
0.32080227390478966,1472.5213428379186,1,2
0.03064286259912737,208.84939273523705,1,2
0.21399410052845205,1291.920807866917,1,2
0.19465532309567873,902.3499146180511,0,3
0.6472392331776502,1898.8329603013483,1,2
0.20313279534593595,1342.6067746067906,0,3
0.8039694726952454,2241.4692906773835,0,3
0.08784100518505303,268.8848344193731,1,2
0.4607208065627543,2107.5296578107786,0,3
0.2795101600079384,677.3967912217647,0,3
0.46691429779835153,3083.4148169896757,0,3
0.03085979070910867,115.88335552247884,0,3
0.40797440307787913,1906.1099157627696,1,2
0.15515927037732233,654.7051262281863,1,2
0.5943630154126397,1401.975954758395,1,2
0.9613732878675916,3253.403285628264,0,3
0.24418176977072198,1609.5891291182697,1,1
0.46743115119252315,3082.403790868522,1,2
0.4357006499668108,1995.3505433725054,1,2
0.24819591815983566,896.7912662468517,0,3
0.7251880576334292,1740.9916794336364,1,2
0.38428736288580057,1267.3789428654854,1,2
0.2964040305981659,1948.7805763394551,0,3
0.3403962246384559,2230.339925811681,1,2
0.5747919963661998,1753.0635465785267,0,3
0.15468515810152056,555.4123515964756,0,3
0.5109424094451873,3356.8700993488083,0,3
0.22698614317406726,697.6952233728719,1,2
0.2070396250378221,1362.5299248058293,1,2
0.23097490732359907,1522.3212938908507,1,2
0.26885328101752154,1760.4964478111262,0,3
0.17130056229031937,1036.3810562923663,1,2
0.3783048263605363,1236.6885646912579,0,3
0.5952468307861353,1946.523371895262,1,2
0.13121492036799956,560.2529262739133,0,3
0.4053970750326417,1656.2247813621138,1,2
0.8214979588225764,1936.715910293028,0,3
0.7977096808009561,1894.4868207141471,1,2
0.05654752825607727,185.5413979279863,0,3
0.3726527278337973,1338.6358754866117,1,2
0.2843007584768538,1709.4121194971522,1,2
0.17949086210890014,648.1245435538484,1,2
0.5783181160623742,1961.3817140321175,0,3
0.15709108836382218,547.4217737592313,1,2
0.35165180736719215,1161.2734713818863,0,3
0.174512189586929,825.7398971956849,1,2
0.5115844360522641,3358.098096420174,1,2
0.023676549412315347,88.83441229869433,0,2
0.08748070426294245,320.76468755527543,1,2
0.19274813162836035,824.3623174737645,0,3
0.10519588220250936,365.06603631571994,0,3
0.46597950334374116,1521.779263344196,1,2
0.1563857707471532,533.9776994398147,1,2
0.09943767158048727,241.25941611442352,1,2
0.10585602753145094,700.755824990732,1,2
0.5382888065145273,1766.711955866272,1,2
0.7769558472707255,2292.030132177143,1,2
0.490674144522569,2061.700801862233,1,2
0.03671633459375514,92.27805121511491,0,3
0.2856014344677954,877.4727440054315,0,3
0.5758923537192785,1168.2143049104643,0,3
0.8371223326143419,2342.163657913257,1,2
0.5416741213222934,1282.1716607242604,1,2
0.19895430952673873,596.7532204323068,1,2
1.0963699206746333,2595.3675346953023,1,2
0.4396310502716107,1056.4156646297201,1,2
0.5499117051381317,1675.3194110157679,1,2
0.2736238086564404,986.6672149993162,0,3
0.4585470961866049,1640.6386008990726,1,2
0.249952029252944,829.8476527021329,0,3
0.04489452433882215,146.6518114241238,1,2
0.40231610647468746,1122.1325788166946,1,2
0.6686368420998087,2040.9661437070517,0,3
0.608819365392065,1858.377185216371,1,2
0.14027649931836622,929.4557878380225,1,2
0.32980792969950384,1383.3074871757563,1,2
0.22144246544238333,535.1010550090771,1,2
0.11562678469380185,386.703927396578,1,2
0.16212405253339576,390.0108646394682,1,2
0.20244576706376033,672.2008422020106,0,3
0.37858764887443186,1069.0417402238013,1,2
0.5922821484143899,1745.1179489426456,1,2
0.24032081543340966,986.5260300278208,1,2
0.1771865331083823,576.5689248571746,0,3
0.9419697867474626,2864.964058867077,1,2
0.46477174268001953,2129.1928479063617,0,3
0.5561561016479964,1313.4234985719038,1,1
0.12918639303477839,849.272255999928,1,2
0.0657577876052157,223.12855014823734,1,2
0.594478200211806,1431.4532791302113,0,3
0.320667346946769,1506.8651577705655,0,3
0.2135528851510672,905.1773553391615,1,2
0.22088824788810743,537.2376869338282,1,2
0.06704687112934678,189.49402339875994,1,2
0.03916983175656087,138.25829358073398,1,2
0.17422331393092502,718.4184994724015,1,2
0.12418809650968322,423.5420075910115,1,2
0.38117664467008466,1737.3069267290787,1,2
0.014317942766185811,56.787295735250446,1,1
0.37514002935129903,1271.7711357400972,1,2
0.3168333372145202,1302.2888868985026,1,2
0.5073246638305171,2080.1704514181633,1,2
0.09406318931474769,456.02626930144527,0,3
0.9457888203294953,2240.7653790751033,1,2
0.4380514217134492,1023.8690682000298,0,3
0.1855812509588443,742.1162606946008,1,2
0.1533024866580825,1321.6324410155541,1,2
0.35957091585013995,2641.7041763330762,0,3
0.25306672393696467,1507.3775391484512,1,2
0.3434217821143488,2516.4808939241366,0,3
0.11624040609294649,281.7898850553138,0,3
0.017588185656137297,142.39846783240176,0,3
0.4513954414645006,1917.4606072424308,0,3
0.049246942624476105,292.8978950957927,1,2
0.30013613140517936,2200.8070888104153,1,2
0.3366058754535773,1293.2670361633147,1,2
0.37381154220874807,1572.5301777490856,1,2
0.4538088003456628,1073.483121453449,1,2
0.38751114540528253,1628.7269361318065,1,2
0.4314411164108215,1816.5665386536543,0,3
0.17689285737999544,1056.067388520194,1,2
0.47969550908822944,2273.4404547365157,1,2
0.4228134260296681,1012.8474934753773,1,2
0.584308825730529,1561.85710226418,1,2
0.7915401720622084,1852.050031656927,1,2
0.30356673698466186,2621.1383814786873,1,2
0.05216276041392985,150.6981850787693,0,3
0.3873370801460664,1652.585520523071,1,2
0.1023724255764881,885.6023583354014,1,2
0.12242101789971349,525.2084013793175,0,3
0.7137917651521216,2227.875740599267,1,1
0.3004966951425585,1212.9693084540181,1,2
0.4620502348155144,1846.267218890232,1,2
0.24616517379423422,2126.506661485579,1,2
0.185614178799882,655.2210368021042,1,1
0.9750725309135222,2521.871820016061,1,2
0.9162932923435388,2138.1553705187016,1,2
0.22469695508693818,707.652720423506,1,2
0.3602431459206036,1529.9759259220878,1,2
0.3544177686616842,844.3952021827122,1,2
0.8143390004395092,2161.02969499595,0,3
0.18487292380830253,715.1008156121401,0,3
0.4829665262974283,1865.0349717290012,1,2
0.5696486334793942,1485.6505123601542,1,2
0.14483459657073813,395.06284013368435,1,2
0.585609663411736,1560.1385815266246,1,2
0.5431307759344385,2293.696768147318,1,2
0.35956138422469325,853.7799784058227,1,2
1.0471830115371914,3279.2330960443583,1,1
0.6122962473924233,1618.9151579723125,0,3
0.31469437751449697,2722.2359045060944,1,2
0.2437915384757042,1790.1781412986604,1,2
0.02535131639571341,94.43800176963865,0,2
0.22989365581571863,971.1315322454666,1,2
0.29174388263368606,2136.06121084557,1,2
0.9402825262399488,2477.824222061192,1,2
0.04490834560898135,178.31092672259604,1,2
0.02805493556142379,72.9155448338002,0,2
0.6228683513269075,1656.5026408642293,0,3
0.05744145326688324,500.778404941,1,2
0.4676711607801426,1464.966624783034,0,3
0.2031404176380581,781.5886982046975,1,2
0.5013851120101096,1740.7167891189308,0,3
0.8156888542779425,2109.802206695729,0,3
0.08104363287610267,354.14868892176963,1,2
0.9492982229637991,2464.6577189795053,1,2
1.1203546023960322,2970.8016996234333,1,2
0.2656962587022121,1941.1581736335072,1,2
0.3436609498171667,1621.1536592083353,0,3
0.7944335970327947,1864.7259761439427,1,2
0.9895843892134146,2623.9907103165897,1,2
0.2921078621646699,1127.7526310339122,1,2
0.7425775316872342,1736.4859944980662,1,2
0.47835726542243084,2030.1940760220036,1,2
0.28390869433060145,2457.401207560445,1,2
0.16318398105009488,1417.1288395042366,0,3
0.7267014105366804,1711.566264678791,1,2
0.05782947092024582,194.13632597437143,0,3
0.08102678581783584,486.21858722910713,0,3
0.361214513718753,1240.8916546451476,1,2
0.35168840071889035,1653.4197475170542,0,3
0.20085259017416676,527.9772214682282,1,1
0.549439979457258,1900.0531165131717,1,2
0.6307667027921592,2977.6678356677144,1,2
0.37897422278580895,851.9222147997733,1,2
0.20377870058773354,497.1068836353773,1,2
0.9673656741596973,2627.0575961129334,0,3
1.3054941006739162,3058.511161727014,0,3
0.8603656090451084,2021.7160675428274,1,2
0.4479615744866567,1876.9414718944806,1,2
0.23457737342053941,2044.221581539202,1,2
0.645841328807021,2716.344364146425,1,2
0.2777114949558794,2393.8212958141617,1,2
0.6036336440840305,2378.727788208374,1,1
0.3107495436633604,2274.8887889214857,1,2
0.30141640093996946,1157.237593689519,1,2
0.37912086816475016,847.8827209475644,0,3
0.9885250181488974,3085.590283939187,1,1
0.46851820573296615,2195.7930655057608,1,2
1.0332203983285138,3235.1630410789357,1,2
0.31418646984277243,1266.7831757875329,1,2
0.024603808819092597,118.75623117380376,0,3
0.08154093085578563,330.47029127940334,1,2
0.1449928298506341,466.08058962917204,1,2
0.22039924553340856,878.4528500749466,1,2
0.5140065727852242,1204.0275899815563,1,2
0.08047910034518928,277.9353985659665,1,2
0.42275040373401945,1988.3731311792155,1,2
0.3745772275319745,1280.457454898407,1,2
0.44144902970876726,1846.8946390501678,0,3
0.3402468342124933,1187.1839998058076,1,2
0.7680512563576458,2030.3916752786558,0,3
0.8317060621325708,2199.059353096841,1,2
0.1296788048450542,962.7811977147994,0,3
0.3705831970421329,880.6389518790177,1,2
0.05073300892141433,175.15975023364527,1,2
0.38647621804535953,999.2831506721094,1,2
0.9086306381148795,2849.01331869983,0,3
0.5998064730856212,2535.4236041993304,1,2
0.23871750162101057,929.8724059385503,1,2
0.8592065615103259,2008.3761689907274,1,2
0.6857446988758514,1804.3409937172914,0,3
0.8688144363790765,2258.4907967227427,1,2
0.14269277253243295,681.7274447834669,1,2
0.09342892522831339,570.2782785699593,0,3
0.34350972447048816,1085.8267249523878,1,2
0.9422728937389364,2941.400203056234,1,2
0.3407780632543795,1607.7007208679183,0,3
0.5727215337848607,1794.1245332850979,0,3
0.3174343180904555,718.2398058871375,1,2
0.15763478216121904,421.2730880492853,1,2
0.0847389083904302,744.5071419893884,1,2
0.3206758786481136,1370.020657920158,1,2
0.3047181541911349,1046.4101118292042,1,2
0.1610661833423512,687.9869150387538,0,3
0.8262723194752273,2854.150086981022,0,3
0.5292855482401169,1198.6736706334605,0,3
1.0295566410257242,3222.2390941248855,1,2
0.583982526546744,1321.5362456130101,0,3
0.8622710562151703,1924.0573893403682,0,3
0.35725567144761666,942.3090092060839,1,2
0.2958348524573168,1182.719727863465,1,1
0.4539378083549717,1200.3833097324111,0,3
0.4082628662736071,1644.8698993800563,0,3
1.1625978483309038,3637.754913301216,1,2
0.2071940756301518,1519.846132351722,1,2
0.07567777802114284,567.4867477556531,1,2
0.37037130538590823,1284.607344498418,1,2
0.630204147932975,1628.183071801781,1,2
0.7439161169344805,2576.2520010657286,1,2
0.16926280875441468,710.2817087157149,1,1
0.4949123193473199,1545.4560521323085,0,3
0.5271970062021946,2078.586421295853,0,3
0.022148842580311384,70.86193375447556,0,2
0.03239762140016377,89.74238140724688,0,2
0.5587838285612043,1750.2999535919353,0,3
0.11753379957524436,705.4111843151684,1,2
0.2986513786385505,1777.2834381843409,0,3
0.37820424027058824,1459.28074919274,1,2
0.43292134614693784,1012.5091966823023,1,2
0.4701653190306112,1888.638731279471,1,2
0.11346989237201366,686.8718038077127,0,3
0.8210050508450119,2163.3368063536136,1,2
0.3629291419755074,1460.9365225668423,1,2
0.941744542893078,2938.5485002508817,1,2
0.14289346885155535,493.9174634767742,0,3
0.21323464688376667,560.0406116706588,0,3
0.3355937742161516,750.307863409901,0,3
0.10337927004130827,898.4129833746592,0,3
0.5206233810237733,1627.9715668302713,1,2
0.35433692821847435,1482.6024763190555,1,2
0.2337142072580521,989.4170215488401,0,3
0.26826329795454545,702.6548411552396,0,3
0.20203843852232817,471.57445497892365,1,2
0.37511120449650437,978.780511069144,0,3
0.028152949956125255,71.97879968874726,0,2
0.502572240637848,1742.5687893508007,0,3
0.06919490733366886,326.9196906243798,1,1
0.2084952643809622,825.5343354894867,0,3
0.3778879481552983,841.1459502177375,0,3
0.44520349401686277,1176.2557455833805,1,2
0.4588462314568967,1561.559737600163,1,2
0.6211081665451988,2487.076363651853,0,3
0.07332096916929277,440.0581663724137,0,3
0.14270889014049262,556.5459168669734,0,3
0.10601907635376236,921.5435894616907,1,2
0.5194610324343072,2038.3264260439526,0,3
0.5896890562047779,2354.1204565591406,1,2
0.3299730405301101,1550.7685678821472,0,3
0.29529542287239696,1181.639227740686,1,2
0.14428810193811453,587.3535631075495,1,2
0.3674842262321488,1154.0098942507955,0,3
0.4069691322894951,1625.1205319506048,1,2
0.3921079095892807,1357.272616477828,0,3
0.3474104518881774,912.6080961712738,0,3
0.17230597424857838,542.5864255082979,0,3
0.5865761490438115,1373.9819834154525,0,3
0.34376883556316945,1355.9523398916024,1,2
0.23973567589140699,659.8964225163415,1,2
0.22832641974129445,962.0258537795295,0,3
0.04193183805942744,116.34394296219826,1,2
0.11152245848908292,961.365467214893,0,3
0.4189031071142155,1972.38575766257,0,3
0.3745966536394813,1434.5097480668674,1,2
0.7455223393032163,2334.201477455698,1,2
0.49540075022451036,1557.3633477082008,1,2
0.10796223417966383,648.5530474090689,1,2
0.08417126781122841,334.39075742787406,0,3
0.4773128943528074,1830.2879807855854,1,1
0.8958350962591617,2096.6643649947796,1,2
0.2042802458843449,1770.0629266302687,0,3
0.2881535547240093,1718.0420911845606,1,2
0.06361021995770197,302.84130592029356,1,2
0.11004652637373862,374.335264800736,0,3
0.4433633482065751,1538.1133242308463,1,2
0.2652419141812717,692.3728021362562,1,2
0.44102801499907696,1849.8002026977636,1,2
0.5268177554557951,2468.9542499654094,1,1
0.23024017767868876,786.968970682386,1,2
0.35256294707590763,962.9270794380908,1,2
0.4435042022074418,1039.364967502566,1,2
0.10944437959448115,953.0596949436699,1,2
1.0032727979165097,2353.0933272709303,1,2
0.9270569276710517,2463.7946220895096,0,3
0.7275828679812886,1890.0176734736526,0,3
0.4592452468036838,1029.897509840812,1,2
0.3225069181319404,1288.1244775931061,0,3
1.1680052962110636,3650.3675634152532,1,2
0.47604752529980054,1260.8788102293536,1,2
0.3783473868040275,1458.2967520485224,1,1
0.22113198503808368,694.9489201012185,1,2
0.10246871649385489,327.0017751977803,1,2
0.2376905573075029,924.1590692598725,1,2
0.5338635820044197,2500.695839782758,0,3
1.182968148921879,3211.893523594398,0,3
0.8153322991881362,2146.5857461184664,0,3
0.13971420754927885,540.8444510039906,1,2
0.9214380219055268,2151.020244531636,1,2
0.495469369488154,1693.8149757327974,1,2
0.48692674837772604,2063.0661284240387,1,2
0.8467854149669394,2249.9414840364343,1,2
0.24181430051475997,2086.1139553800117,1,2
0.20334466847911295,1491.8372156935677,1,2
0.47805193496905396,1916.9483790657412,1,2
0.07710460898220944,338.33017404073183,1,2
0.08896126819220633,540.3822448106914,0,3
0.6594097176878231,1798.920632836947,1,2
0.2935875718566563,657.8851791803722,1,2
0.6072427313380041,2553.281562535416,1,2
0.34677365105042113,1087.3543997128706,1,2
0.23428426692644092,1400.9350854570093,0,3
0.06080349855132104,218.5697988698967,1,2
0.3343417829644747,1412.9452667474484,1,2
0.4812702451942905,1677.313040531763,1,2
0.40236277476733273,1615.7120215876837,1,2
0.14349208603015434,390.83778169761285,0,3
0.05281334029642589,147.0153597427229,1,2
0.4796192394247115,2020.39275418423,0,3
0.19999123514891534,850.4322801753434,1,2
0.43302028951133464,1839.5543342189358,0,3
0.7221014484017452,1694.1286508404787,1,2
0.37509861992695814,1302.2246310851547,0,3
0.45892215217951293,1022.0426983768527,1,1
0.8259001059292619,2200.2490096122124,1,2
0.5133918755511537,1407.1153293160776,1,2
0.3174623294839232,1890.0507639161574,0,3
1.207338486148488,3201.2944318499326,1,2
0.20348658142766762,787.7230599343413,0,3
0.6904311135010013,1841.8912369030386,0,3
0.4820598123512162,2043.6606720387545,1,2
0.6735039932308352,1752.9322374325664,1,2
0.18768300810648939,523.2631740360167,1,2
0.1464791272453412,417.32062306869034,0,3
0.5809924346856059,1518.2969078076342,1,2
0.6638876042223888,2779.05923108854,1,2
0.07680240129157707,204.31155233677217,0,3
0.15928368031551585,397.01119662688984,1,2
0.5371764546805425,1701.714212946555,1,1
0.26257335793623465,1120.2787992313795,1,2
0.7331999609027784,1637.3946757128676,1,2
0.805000536634584,3158.2885752672473,0,3
0.5645155847772206,1261.1352023491727,1,2
0.8934331140205845,2350.810466578378,0,3
1.2293005642729093,3267.604482331722,1,2
0.1838560839490241,1593.153178037025,0,3
0.20904455148362414,495.0951553848483,1,2
1.353346205985075,3165.499349532095,0,3
0.294321413984398,2162.9331283268903,1,1
0.3620295952375631,955.1912761571524,1,2
1.1742048683687387,2749.4210839202146,1,2
0.42245045742037174,1991.8297072767384,1,1
0.7720651004417214,2003.3947518482935,0,3
0.1547876382721246,495.10557782007834,1,2
0.34546832203898337,1081.5483634687198,1,2
0.16472141151500766,435.78704886373606,0,3
0.14841610153905355,404.10107627964237,0,3
0.03375604885665126,143.49543781053328,0,3
0.6185714386484872,2591.2478966964063,0,3
0.4079682174122605,1568.187968963926,0,3
0.39391064168310036,1675.0148595881492,1,2
1.0218664364457464,2782.0635652189317,1,2
0.7149977577380887,1673.458585190323,1,2
0.671812486046279,2815.7147537994592,0,3
0.11225058543126341,821.07651841937,0,3
0.3903832038955697,1226.8300207336658,1,2
0.3120497435643529,826.1286852020253,0,3
0.047453225873406155,228.33955631234113,1,2
0.056238385171496694,133.0607797161202,1,2
0.7248781200233261,1903.1433827714359,0,3
0.3620775123218977,857.5926885924212,1,2
0.8497118598348408,1905.5875128409048,0,3
0.33754511233650164,757.1190330083882,1,2
0.19638214493984654,920.2268676426223,1,1
0.29195737861946414,2518.6426715083376,1,2
0.232201724934157,901.7810371319983,1,2
0.5199849565754524,1388.0277822967334,1,2
0.6950974784816609,2401.3231752608544,0,3
0.3294950131706196,733.5807789867298,0,3
0.288859039878686,2491.173058735767,1,2
0.82793774189343,1940.8361674479677,1,2
0.07524175457028451,455.71113231620495,0,3
1.0701114051486864,2841.242565115622,1,2
0.6729886201594497,1794.44179566643,1,2
0.29233172211092434,1743.7121770074407,1,2
0.17428908807373517,456.36155289154647,0,3
0.3300992912386506,779.1617607818206,0,3
0.3268784686200893,1318.109833557205,1,2
0.44757680857422927,1800.8239088264347,0,3
0.3230623356205559,887.3359032233326,1,2
0.2768476411183957,2030.3603590118655,1,2
0.13130737946297102,503.01861171510865,1,2
0.09410266981297091,250.2079313474842,0,3
0.10937781134241274,261.10073422195865,1,2
0.38874462157327205,1017.6069671791171,1,2
0.6070541388865465,2852.255343193658,0,3
0.8260642512686458,1845.1463451160323,0,3
0.009101197433734682,62.60218861040076,1,1
0.9578214715823744,2996.0667016040866,0,3
0.032133108481279433,148.50774513554066,0,3
0.05240704848988609,189.0153971647895,0,3
0.8038912806043296,2114.6016684091082,0,3
0.9459627397871049,2518.1277813683123,1,2
0.5032579337905261,2129.570650068686,1,2
0.9196320734088221,2144.5901555139153,1,2
0.9205028807877873,3618.9036510575647,0,3
0.33312462185483016,1984.9241182728779,1,2
0.3011516370945553,783.3175484003239,1,2
0.7250157937263706,1623.1402693100076,1,2
1.4318103736255363,3796.549465894622,1,2
0.6348073362602883,2980.0907160496226,0,3
0.224201687694873,943.7577344992443,1,2
0.6410160213468329,1666.0564925008957,0,3
0.5576549384489212,1442.9365852835576,0,3
0.08905352900522104,304.6054034604903,1,2
0.05047903279156806,143.15030914409377,0,3
0.6342865969041872,2688.2138624781896,0,3
0.5735839177324951,2259.383188775995,1,1
0.3061990045021352,840.2510016101443,1,1
0.4572837912089102,2150.7097969174515,0,3
0.5224347281030652,1222.3021833407176,1,2
0.5067268769474585,1187.8578124877713,1,2
0.5130603087659135,1207.7413194875417,1,2
0.014733961703698036,66.54083789284353,0,2
0.212999931800837,1267.271492740138,1,2
0.33807083734961985,2011.1992848694383,0,3
0.15951747671045427,1380.9644527510152,1,2
0.49209041770555734,1973.2606591705019,0,3
0.36757166437317446,1409.2301060683183,1,2
0.5260843071739277,1171.3553514599093,1,2
0.03807774504574031,278.61855046724094,1,1
0.4854305626899636,1862.0526079854226,0,3
0.7680107070489459,1718.4073640516162,1,2
0.23185693021672074,617.69559332875,1,1
1.0535216623535055,2798.3050802809007,0,3
0.18248629241347855,1338.4540018510827,1,2
0.22113510913420983,772.5354555787299,1,2
0.3666566414010668,1250.4552322833879,1,2
0.5896277243763159,2356.6071458157207,1,2
0.4560428177082788,1789.8850937434324,1,1
0.2677341845928552,1136.2332630391859,1,2
0.20619782008115178,866.7715599287367,1,2
0.45049824493236673,1732.1674201399435,0,3
0.04153135704111313,251.39854018996039,1,2
0.919779527568288,2494.074661469392,1,2
0.4926391099661498,1272.8196697159635,1,2
0.03680938361435557,173.80920105284298,1,2
0.299020731732311,1041.5503559336353,1,2
0.5216182957057258,2187.406222017028,1,2
0.5576825356525165,1924.5174990510736,0,3
0.3075281880408117,1309.1372940706565,1,2
0.31574619028320683,1096.5446620934035,0,3
0.4684676765812241,1045.7256851098934,1,2
0.17022308043592693,721.3147882133886,0,3
1.2284970885369522,3840.347382312127,1,2
0.18592013390669634,437.2657492094125,1,2
0.2645160207733621,1934.1938320465913,0,3
0.0871150772897193,203.85389642361397,1,2
0.3944730436322874,1040.9685734790407,1,2
0.8483574144207905,2191.056611109908,1,2
0.3887956898029881,1629.284032077786,1,2
0.22271955389090223,951.3790429016187,1,2
0.2915734516208608,1231.5654710824576,1,2
0.09664618357872293,260.2470172077315,1,2
0.3361925778564068,1414.538720773111,0,3
0.13345478849846112,348.09584937972784,1,2
0.6917895533426295,2165.896948928142,0,3
0.6118922150569641,2590.439044188911,0,3
1.3617149834873485,3187.4007168183075,1,2
0.14427410403715912,860.2504756199475,1,2
1.1959145003077492,2796.2997296216304,0,3
1.0930220812424558,2563.1117132860013,1,2
0.18887037630880876,429.2391968247801,1,2
0.4263321816584727,1131.5861786257287,0,3
0.5922221291560169,2044.6016229236038,0,3
0.9813040667520602,2297.610732828075,1,2
0.23851784916585175,1743.022797932856,1,2
0.3891934280991856,1005.8922955658898,0,3
0.25843419252362504,1539.6955355807697,0,3
0.17784119026179923,689.9358071498228,1,2
0.5271681963308955,2206.081122377644,1,2
0.41860489179114596,1119.069910973493,1,1
0.16266272371434268,562.9898773474042,1,2
0.6970423304508814,1836.4673889935746,1,2
0.08739258506867802,341.4133447522781,1,2
0.2685727492912526,1962.5180823527983,1,2
0.4871468874022615,1874.9571875519455,1,2
0.20893814064417623,1532.9105446557885,1,1
0.2898982171049872,1732.872871129011,1,2
0.917911065122351,3604.1330167397064,0,3
0.029869041024356672,131.5872551959075,1,2
0.9330116792924129,2180.67766639071,0,3
0.10285244011633976,243.87056810082382,1,1
0.02398163321454481,150.0615324642725,0,3
0.3613262658974582,1699.5250599271783,1,2
0.3902097425084093,1044.577537143398,1,2
0.2699960150359408,2336.268410508473,1,2
0.05546513177340446,332.2401244386801,1,2
0.10136607252566954,878.4389800569096,0,3
0.18194372837851513,1332.7618845037928,1,2
0.40046675839912527,1093.543501834961,1,2
0.6872802978009555,3223.5635193531484,1,2
1.129766373512976,2643.6674264795456,0,3
0.3733636594282237,1435.2057841456503,1,2
0.26515447631303246,904.0455548436718,1,2
0.8970697478728277,2802.945968420731,1,2
0.49359909307336214,1160.2960328035792,1,2
0.5228928692419016,1350.896975845266,0,3
0.48782020649194757,2043.2615930518766,1,2
0.1722593470439561,1265.842173065007,1,2
1.0000922846900089,2721.4440854898785,0,3
0.17652245440321754,1298.8074110266625,1,2
0.2788748136162352,723.4972346361905,1,2
0.22352477854509756,699.0779693985372,1,2
0.051407574241248186,180.66822242211646,1,2
1.0309097314837974,2795.563823654833,1,2
0.14275526346812542,850.3211171819808,1,2
0.21060231443149857,897.0343193382911,0,3
0.8585982082020772,2329.933428556008,1,2
0.34889826286974995,910.7451633930931,1,1
0.9415909112927424,2433.3166569428167,1,2
0.5367706493332095,1676.9597270564664,1,2
0.2800304577490754,2422.058668627593,0,3
0.7571777966870561,1767.3772099815235,1,1
0.43354873862371246,1158.4488571180684,1,2
0.6009763482684035,1346.9820188906083,1,2
0.27052304591787213,1613.5186409659052,1,2
0.8554667712195551,1912.3184068753596,1,2
1.0882556528618879,2551.793255113849,1,2
0.1585977396373158,669.6542030626191,1,2
0.2575496700838218,676.6615048300521,1,2
0.11194537477532177,973.5351517582874,0,3
0.7060204946082833,2209.626839303638,1,2
0.40519394853178137,1398.8951269971294,0,3
1.2271161707915994,3329.9685440565254,1,1
0.17039395344589964,448.84227428231776,1,2
1.1392050422112223,3564.8893062829948,1,2
0.0433284151890377,318.63192123356765,1,2
0.22139172669987653,935.5973553953295,1,2
0.24915234936886255,851.0933826007504,1,2
0.0699082116239377,520.1520507453838,1,2
0.2416636611954101,1014.3436605466685,1,2
0.43075960543403685,1698.2735866030412,0,3
0.01586572170160248,140.96092161387642,1,2
0.72061994845157,1900.871859404232,1,2
1.033108391087293,2745.5057617878483,1,2
0.8679931114670731,1938.7640422240363,0,3
0.6981638142101513,1635.3560855942344,1,2
0.10660917652136968,460.91537328825285,1,2
0.3800571234887432,1499.1314039110277,0,3
0.8118052083104611,2542.813635473441,1,2
0.16138238188225543,760.618235915086,1,2
0.4292297949834712,1806.1956194177271,1,2
0.11635280386688181,858.7344458479818,1,2
0.15392430805061877,922.5315926958388,0,3
0.4220121023770053,1979.8455136414218,1,2
0.6334420792779007,1416.92353706546,1,2
0.5793764576086142,2453.9015589383234,1,2
0.12002749928513566,1042.8324048082638,1,2
0.0442564150441218,179.52012083668637,0,3
0.05724492926962057,224.2469447972315,1,1
0.7374834063846268,1906.5188617998897,1,1
0.23933916726256263,634.1530045496867,1,2
0.5838780917239048,1368.0780627580052,0,3
0.26130599446696706,1918.1412771472517,1,2
1.2936515182654502,3029.8708504606266,1,2
1.1377732132059606,3085.1286872318656,1,2
0.21048963469239998,808.6403111015396,0,3
0.21716068215432077,754.4925162891074,1,2
0.31316688076219534,1313.4596461719566,0,3
0.57392580091693,2405.2229239418166,1,2
0.30530635119968413,685.7882585864967,1,2
0.5597513112577631,2625.632785637354,1,2
0.47043887554000446,1807.8638279507122,0,3
0.8707797206621477,2040.0427957183592,1,2
0.2672938019734853,926.4507015247576,0,3
0.09912198839117868,397.8564147930898,1,1
0.5187039920283752,1766.7390219403178,0,3
0.17936963832655137,1314.243724348586,1,2
0.32698169308245884,2389.935290099923,1,2
0.41635709946131344,980.0994778357377,1,2
1.3047844084734286,3537.5582587780946,1,2
0.3921107125497726,1353.7521862324795,1,2
0.013516168554403497,53.27874146841187,0,2
0.026581049036266558,98.83999039368477,0,2
0.38975399459367904,876.032608308676,1,2
0.05667657215293946,496.16291693715607,1,2
0.2590099703925756,2241.6609425049473,1,2
0.5112291525945483,2161.163940054408,1,2
0.825456547255578,2238.5282255579214,1,2
0.3909104652626603,1229.4299917248115,0,3
0.20131886589942774,1473.3069245220388,0,3
0.6181052798703465,1455.654040539422,1,1
0.09568752539114063,833.427923734106,1,2
0.2363878547479451,643.1552202414701,0,3
0.009627144428884266,57.46544520862369,0,2
0.18701795978042257,427.7121320669573,1,2
0.9520804778090874,2976.248014500888,1,2
0.31592194333487855,740.4668123791176,1,2
0.2755248257274743,1104.8593320032414,0,3
0.4742816137818966,1862.261857391478,0,3
0.03104801581023186,129.2687822949362,1,2
0.30131258640262154,1163.802154752512,1,2
0.5155411072531572,1759.7098609191057,1,2
0.6025909728615941,1406.9225352899468,1,2
0.34779533159918885,822.5662586960137,1,2
0.2999305064001125,1412.0459529825966,1,2
0.5147472992167763,2029.3965917403236,0,3
0.6651645667256867,3122.1794801252454,1,2
0.23222316905590407,911.0763387877272,0,3
0.3057549424869254,2636.651734816504,1,2
0.33285058314078214,2440.3944477608934,0,3
0.1736369311837031,545.1072837203543,1,2
0.21424206169528356,908.4374963587261,0,3
0.7438712813554329,1931.846316292444,0,3
0.1974331966771697,519.635695253466,1,2
0.1796828312224369,764.1161386390613,0,3
0.4682992321814991,1466.894270964932,1,2
0.5920429895665928,2508.264076341068,1,2
0.08778130103219052,201.4478899395372,1,2
0.1461581471202777,590.7163820199156,1,2
0.22220149443750326,929.9700869574195,1,2
0.49124357325979806,1149.888772168945,0,3
0.4100426551632916,1394.7374586737574,1,1
0.54764064086803,1461.1823746731711,1,2
0.890162326078642,2416.3716809556076,1,2
0.03450123235593641,150.62291764811113,1,2
0.08909130806697693,386.40376144198865,1,2
0.05701432053866295,242.02479503162826,1,2
0.5470111095707096,1416.8976182222382,0,3
0.6837664092292928,2365.470062153835,1,2
0.3424961329339282,1193.430017741778,0,3
0.44319253589635454,1042.9642723057489,0,3
0.18886037950001364,1638.3326646838211,1,2
0.3455046957035649,2987.814951227091,1,2
0.17471466874681413,390.1502546769131,1,2
1.0272145310757752,3206.7096664282435,1,2
0.06233103691045951,551.2770838094954,0,3
1.2059390641013223,3197.1062919215124,1,2
0.6756642068146629,3164.7898404006855,1,2
0.2645726941841513,914.8305636357785,0,3
0.27490174785141147,942.350703418132,1,1
1.3401056979112687,3559.850370797478,1,2
0.8519107364926811,1904.1269784540846,1,2
0.3250037055051747,2812.100733894685,1,2
1.055831618047076,2808.5942756324857,1,2
0.3667628254119414,1406.7657707338365,1,2
0.2131303467279035,859.957551269053,0,3
0.3264093798328318,2816.900708093542,0,3
0.6245558012617994,1463.507252345753,1,2
1.1971147276797862,2805.7717762068687,0,3
0.18056979297406653,1323.572261662222,1,2
0.3514399534823914,1389.3888749688863,0,3
0.20400913350819377,816.7794443863537,1,1
0.12338898222372084,335.53236443632267,1,2
0.5036005169420621,1575.2985881615687,1,2
0.3230955077835227,1351.1631088584304,0,3
0.4443670828425748,1037.6590718885095,1,2
0.187480598494031,1116.8612631921776,1,2
0.3567535665892991,832.9198269755984,1,2
0.49254519740240044,2064.2254096201077,1,2
0.33285637721768657,776.3987341484658,1,2
0.3484029639874121,2551.189705780951,1,2
0.5593598780102793,1445.4558663117941,0,3
0.12838130183145233,541.5962202448944,0,3
0.9425373208082819,2480.1453300105322,1,2
0.061389885140965654,212.51066065877137,1,1
0.32020944306931814,1264.3885240080108,0,3
0.5858669881920143,2450.678857271748,0,3
0.2830423269810142,985.7176495021249,1,2
0.6993435204697193,1561.3418466790038,1,2
0.32179933860460713,1004.6911857618419,1,2
0.7554283919526632,1686.8354747960814,0,3
0.09248287051185376,256.3136887973638,0,3
0.15758293243795432,1161.6233132806142,1,2
0.630758830496475,1478.9749866561888,1,2
0.820858317663675,2834.8675668250708,1,1
0.4527345853001686,1015.9011097064099,1,2
0.8708014050469521,2042.0507774932287,1,2
0.23413715470266858,908.2773592039173,1,2
0.5420034491554643,2123.3764543780662,1,2
0.0883550831463645,213.865966876199,1,2
0.3655357615294683,1249.7120037190564,1,2
0.5004274038211691,2352.126250046769,0,3
0.7408263878756564,1974.5621152748597,1,1
0.41662018947975477,1667.8585280191521,1,2
0.15331500754387364,360.2501359959325,0,3
0.13920841563280478,369.5693473241331,1,2
0.13141716510605148,314.8371866772775,0,3
0.48829007604583047,2064.9282880237038,1,1
0.7374254225228593,2308.9154031106505,1,2
0.24538241036174227,2115.6744239097015,1,2
0.7086644694814224,2448.5458643527404,1,2
0.1443026528112774,1245.136278247741,1,2
1.3360724349042772,3136.4219131679683,1,2
0.3310280757651325,899.4924372638774,1,2
0.44722319303097263,2096.611512689876,0,3
0.7740278286393256,3037.0619569508385,1,2
0.36751567726533274,2192.1624173124137,1,2
0.07389969267970353,205.7595963975055,1,2
0.25493715171294873,877.6209904921715,1,2
0.27597022385274206,1157.5692598698274,0,3
0.3608873668542084,1537.3409245038856,0,3
0.636810253359019,2697.3665225685018,0,3
0.5547037308082393,1437.123839822038,1,2
0.9376829605153003,2432.0537915817017,1,2
0.9007751134656928,2011.5776017278831,1,2
0.8337808614822746,2602.9595311523644,1,2
0.5797707360157266,2001.9087563431194,1,2
0.08406722537199678,342.99814138998994,1,2
0.3434550302464418,1378.4833999788493,1,2
0.5734257416440853,2404.063654261136,1,2
0.8950115780925451,2101.6005214194493,0,3
0.3323352769458491,1148.842571316333,1,2
0.5926979929866599,2485.6057952289025,1,2
0.07344400797310326,642.45099250289,0,3
0.5075142671202065,1942.8408972641976,1,2
0.673593354846334,2646.0098361616547,1,2
0.3358922697288497,1420.236754299958,1,2
0.381988404179525,1463.8539298358194,1,2
0.05267149261707094,189.37266165131703,1,2
0.10723718094050064,509.711334339082,1,2
0.4517870838437029,2117.1751300313654,1,1
0.8835065025995695,2329.0423447065177,0,3
0.29713348238912124,1400.268700624989,0,3
0.7892502030654448,2101.8892029806943,0,3
0.3394006910878079,1595.6837225748181,1,2
0.23908721474817804,820.1260450692371,1,2
0.958582643949812,2605.36667149362,1,2
0.33985114219279755,1064.5000183578363,1,2
0.1301960950757456,1125.502365984419,0,3
0.10429950854022782,410.8059650870912,1,2
0.5050296244021955,1375.436888754515,1,2
0.6081942379479319,1427.842304287702,1,2
0.49313094071689517,1149.879755740993,1,2
0.5142017168299535,1204.7844686143096,0,3
0.5450535622063352,2560.7360423019686,1,2
0.1394466677611161,589.6309932683264,0,3
0.8883648390710741,2339.806010206236,1,2
0.15230777187109673,1321.5453104959631,1,2
0.6693805492208463,3145.5546391191133,1,2
0.34142719240068925,1429.9446321288644,1,2
0.5592155786651587,2236.5765726515224,0,3
0.0967246311437857,305.1577770568814,1,2
0.35762187317919464,976.0233090705767,0,3
0.9645877706450523,2497.075714049599,0,3
0.4251015723990554,1454.0225006890169,1,2
0.3846557145249782,1209.9522655626608,0,3
0.5898759905477935,2472.9220328963943,1,2
1.337037260713906,3133.0813715376,1,2
0.8549544305308279,2208.9714747949915,0,3
0.2682707898293461,1963.4506265338755,1,2
0.22259550938709405,757.3366490058017,0,3
0.49365671643910747,1310.5373354922865,0,3
0.2780066850689269,722.2559885446339,1,2
0.39895684442963364,1065.462101891664,1,2
0.05003770205326285,132.86995000412324,1,2
0.5152355218363049,1755.2396388565055,1,2
0.1009469292446279,407.4605176398571,1,2
0.16885120921860117,713.7944026564163,1,2
0.09863655631814529,466.200734979705,0,3
0.18983323211379688,804.4741245607356,1,2
0.31819280755161566,2745.4640178127434,0,3
0.07099780876791324,518.567483311312,1,1
0.8524005278096694,3344.936752328459,1,2
1.246414749069049,3309.4814468232667,1,2
0.36798216256594896,1414.938871909369,1,2
0.13330710730441048,353.48369770091915,1,2
0.171488752984483,656.8896758371972,1,1
0.757757702371151,2057.4173417637494,1,2
0.5241796596139531,1359.2011996953765,0,3
0.7232207218690755,2264.135526498944,0,3
0.18189914880813046,413.2674292730766,1,2
0.2299260441082531,1371.4478247277139,0,3
0.31544455096623114,2728.5901566781617,1,1
0.47028157583239705,1806.7539614028626,1,1
0.38973027984619385,1348.69863075035,0,3
0.7132666453718717,2467.500843040141,1,2
0.3680740180195444,1471.0688271669817,0,3
0.4842188672988758,1941.5437107155215,1,2
0.015905711872001106,76.1809006942974,0,2
0.05642610619611858,335.6465891498467,0,3
0.20618556957600742,546.3916173852481,0,3
0.12067195620258694,887.7453871993679,1,2
0.25567355841605305,672.1886365634895,0,3
0.4794116378709192,1840.5471833982647,0,3
0.3244510211464641,1271.4497360791188,1,2
0.5401165807290353,1836.103716611287,1,2
0.48102644656579485,1129.9523347609986,1,2
0.24759093249060055,1474.6924801884547,1,2
0.07123866495898802,622.8677745300897,1,2
0.21220076579422475,833.1146947645477,1,2
1.0050583682718188,2356.828320103263,1,2
0.18997657285322095,810.0181882677208,1,2
0.9170742370757682,2871.1499709538484,1,2
0.6564945977482725,2574.639799633591,1,2
0.4459782368847913,1886.444974315813,1,2
0.0796458322209719,256.40956662087297,1,2
0.6304181920216908,2665.724850274523,1,2
0.8516747951702229,2238.5504433182577,0,3
0.5306468709652151,2125.2058473096727,1,2
0.14891211677088942,467.5367337478584,0,3
0.2516812514711569,562.7871547269502,0,3
0.3116899012127401,2285.6225360131443,0,3
0.4394855267100177,1380.5734895637088,0,3
0.5606967093169407,2240.46464651609,0,3
0.5397765667553066,1420.014502103061,1,2
0.2564833181696565,2214.0537309172896,1,2
0.05055801841482515,135.30928486039875,1,2
0.8090230534079883,2802.2344916786355,1,2
1.4240273276259232,3776.0788716897587,0,3
0.08076087512238304,229.26935360453794,1,2
0.44519710100154736,1751.0150342718014,0,3
0.018436165868822116,69.20108174847246,0,2
0.38338446603992854,1602.8556953020397,0,3
0.6877061544971818,2147.944408142098,1,2
0.5971356646882707,1626.3383405148818,1,2
0.3636241866431854,962.7579727586518,1,2
0.3615677527943268,942.9336133368969,1,2
0.11017235332473788,346.69828587101625,0,3
0.46001131364507747,2158.3212834416495,0,3
0.6432636267129365,3017.108990107612,0,3
0.6004888403912064,2821.238942167899,1,2
0.5852085601875524,2292.6881205282607,0,3
0.29190671232528403,682.3789112017404,0,3
0.32432048178505274,1111.1431360018066,1,2
0.01754162799988902,107.46281372123603,1,2
0.8638980728801914,2019.0805000658133,0,3
0.623694170849304,1464.5032688440165,1,2
0.2194490026257694,519.8022815042001,0,3
0.06332215327337729,168.22378329833228,0,3
0.314247889896505,2301.047467825526,1,2
1.1640797642626979,2730.278860793667,0,3
0.4145864958484929,1414.1083148435152,1,2
0.07437553048647508,173.74843508114435,1,2
0.009977111055962098,66.03191053605929,0,3
0.2626520409159443,595.7676496913768,1,2
0.1639363572761707,567.3681794246986,1,2
0.24720464151397947,1041.2188066711203,1,2
0.49309210314684165,1307.4529454511446,0,3
0.5557005978793427,1242.9198032851425,0,3
0.520764360773081,1224.2439783361356,0,3
1.2088752856774196,3778.240272342153,1,2
0.061566211553491096,295.87228977811657,1,2
0.036173905651515605,159.20997517191083,1,2
0.3653439035931394,2169.94046844482,1,2
0.505750225856114,2028.1084998044125,1,1
1.0520982083949646,2468.638128252626,0,3
0.11646606519514857,266.38421250512573,0,3
0.47842753082367967,1626.632605411163,0,3
0.3080578871498964,2251.855779554854,1,2
0.07902264831112422,479.7690660573257,0,3
0.20552467088997295,1224.7548471725202,0,3
0.279303545336017,970.467478965133,1,1
0.45385976928847305,1543.5915406321008,1,2
0.9030447864273566,3548.558625773157,0,3
1.2580578376093658,3419.7162808486496,1,2
0.5416738402815113,1843.6457915972471,0,3
0.754372062602868,1958.1323138364323,1,2
0.34985284514271453,1407.2769539061842,1,2
0.28837553137056854,1002.9126885879873,1,2
0.06511449603249764,208.86542783121988,0,3
0.47154939156911685,2217.4670694808374,1,2
0.19280771987945453,904.5298643456005,1,2
0.7867218997651029,2723.34533123881,1,2
0.22665020290827556,1655.9031890601043,1,2
0.7867614316439518,2071.380144307831,1,2
0.5610663243707501,2345.6303118567726,1,2
0.45910985967155976,1840.8676748520243,1,2
0.2692316163160651,917.9023681859697,1,2
0.45765182127293497,1920.490058705251,1,2
0.48422074917308006,1654.182639325652,1,2
1.2280308828075208,3328.626439643148,0,3
0.6772563325487455,1846.0236838523704,0,3
0.2765848135083065,2391.9221514311794,0,3
0.7269205283185862,1705.0979662524571,1,2
0.26049616647607954,906.5081557807839,1,2
0.4077240392126297,954.936151116238,1,2
0.03333973139967397,140.15774738552716,0,3
0.33139511239831965,1269.0799951910722,1,2
0.37045348577792897,2708.7019242387596,1,2
0.2975030871422515,2177.2959370343815,0,3
0.4042966484979594,1402.733477884689,1,2
0.06131443783748551,250.21218572200675,0,3
0.04571577714370978,400.3327027635672,0,3
0.2808808062523775,1077.9917057372102,1,2
0.6604489119529088,1548.7806098962994,0,3
0.7529742265004286,2960.2715830342077,0,3
0.612163979068485,1666.299452102708,1,2
0.029666588910262547,177.41723794432124,1,2
0.25012720040955944,1828.5901669365585,1,2
0.2500439358578517,1494.4808534161891,0,3
0.6917386898404428,1613.16630006786,1,2
0.8029895241803914,2515.989086884504,1,2
0.1259255697136915,351.0036383070536,1,2
0.34458683994606987,1383.4245452897703,0,3
0.2566508077507175,2217.4810634312785,1,2
0.6178752407117107,2585.0887227156522,1,1
0.019405408259437335,81.06999904167085,0,3
1.2726121487007094,3373.6252105424273,1,2
0.13826286882984976,327.4373675669422,1,2
0.6578417974752085,3090.304117522513,1,1
0.25969368979921476,1094.904787852316,1,1
0.4710857718607363,1849.468023521534,0,3
0.04927610327415751,163.40503649497757,1,2
0.5029027042138953,1308.1982031213201,1,2
1.3357955637347712,3627.5057302950963,0,3
0.1365143520223998,532.1494245586625,1,2
0.3087975635106653,817.605969112491,1,2
0.7651317234097837,1793.61189571233,1,2
1.0333899457788616,2418.177721407535,0,3
0.5690550167631538,2673.7035939292546,1,2
1.0526045134530664,3285.909838247723,0,3
0.0323989959194796,90.86947798303761,0,2
0.848220636276271,1983.304827727009,1,2
0.6670424757293755,2791.621027114421,1,2
0.017165171368744517,70.07976377330786,0,2
0.34814509240891384,1635.8747846266551,0,3
0.2262352733272617,872.6945996857794,1,2
0.32333900563602364,1241.7004671553489,1,2
0.10272212732143085,399.3705791273771,0,3
0.345060364505465,948.2913288024868,0,3
0.11388501256972154,311.92356292828583,0,3
0.9597964074405924,2552.596344587066,1,1
0.7542977688063298,2958.272413040041,1,2
0.3490951618911828,1377.9451330791396,0,3
0.11287652254205632,327.3124263705983,1,2
0.23678716191452998,647.3161578859449,1,2
0.3667024041820024,2196.0635426141657,1,2
0.12252862064908789,485.5702818019014,0,3
0.48543303290432105,2059.1774517131157,1,2
1.0272353459574106,3208.4460854933614,1,2
0.40213222342717464,1605.548367424153,0,3
0.7097028863051758,1597.0824809441535,1,1
0.5599235022317552,2375.523816810045,0,3
0.049510226024836554,177.625697422509,1,1
1.1889373222158917,2783.841338651757,0,3
0.9545462988775142,3749.4607748662575,1,2
0.34871494611582493,2075.2061078303695,1,2
0.7807166684782346,2117.7661027048925,1,2
0.030297302974230056,237.87736962465345,0,3
0.43425578945181587,1133.1829117903446,1,2
0.045674582396661015,193.04447780994235,1,2
0.39054415133897435,2857.3927376467723,0,3
0.5059660060164193,1761.3649965905804,1,2
0.5399628755860351,1863.6021176182035,1,2
0.43592399658030306,1505.3319095269353,0,3
0.43007687064839223,1153.099257150537,1,1
0.4945283575273622,1353.1861204009065,1,2
0.8193717557073669,1837.4654442816552,1,2
0.6158209128724372,2094.1295644206384,1,2
0.30375202824678943,1812.2464617360667,0,3
0.5707846570761578,2416.4682355667983,0,3
0.2991676638046702,1267.5871902888027,1,2
0.2903795134348149,680.128380275976,0,3
0.045981686398028,404.29879342543086,0,3
0.32237238190728035,835.2431985463194,1,2
0.12188376247289187,316.1747862319646,1,2
0.9087849049340839,2122.967861194256,1,2
0.114336520738591,391.5483983934161,0,3
0.12533709784944183,401.2081769756144,0,3
0.31415655538300213,2296.327017005698,1,1
0.7950760881089303,1855.9297963442098,1,2
0.4581154118189854,1203.3982157590096,1,2
0.7718484211541039,2102.9190834736646,0,3
0.3036568418896703,712.7806075555486,0,3
0.21854372667833527,1893.0554240033352,1,2
0.1801525378891284,712.8367103408855,1,2
0.4298571419635878,1695.2869248664604,1,1
0.4254376534354323,1452.378862111248,1,2
0.5646941320838285,1540.7088681499745,0,3
0.7973561426249288,2061.8052212945654,1,2
0.6018562453998008,1588.6580673647827,1,1
0.41505953892194397,1597.0691967251216,0,3
0.8561765036457186,2248.1999596212877,1,2
0.2830558034024201,1185.2222930837356,1,2
0.16344846136397456,635.0710374202904,1,2
0.3296404319648716,2841.296865759809,1,2
0.5603032937657264,2243.925815606278,1,2
0.24364437020853366,2106.925991757389,1,2
0.05733525563111064,139.6477107050948,1,2
0.917087414097403,2376.9559308940043,0,3
0.19905460180054185,940.2362753720473,0,3
0.22627490059536054,769.919593989395,1,2
0.6140794562664843,1921.5597472391744,0,3
0.3847753836432755,2818.6257740625942,1,1
1.1922015072846541,3729.5844708681543,1,2
0.5735519372238661,2292.0475510731903,1,2
0.07216127293684683,627.2122048101094,1,2
0.30187369052457186,1415.714279688351,1,2
0.3068795426527243,2646.7138983110985,1,2
1.1020439540753206,3444.400704865207,1,2
0.6412942397174455,1661.3043221472399,1,2
0.370162117496085,1262.7238293519256,0,3
0.08415244248263042,295.70382460562405,1,2
0.17968849224425315,482.52600546429164,1,2
0.20993794055990797,823.6984666058388,1,1
1.1518679762438881,3595.512301154178,1,1
0.7744628170923581,2060.532158954619,0,3
1.0276226328409308,3209.665753460145,1,1
1.2937466566972669,3032.3127960590314,1,2
0.509329452332871,2390.843298153508,0,3
0.4171251621469984,933.5155676501796,0,3
0.15115035904914934,393.92799022071426,0,3
0.7024397104720453,1638.874274597975,1,2
0.25409958675252714,1066.954096696039,1,2
0.6839107041021676,1598.95742303048,0,3
0.3075380875016818,2652.3410763141937,1,2
0.8712570971621966,2290.500390153875,0,3
0.04806571136548725,232.98177377622315,1,2
0.8102977576368188,2134.3248922162024,0,3
0.4616870214227184,1932.159358403637,1,2
0.08854188398537088,354.12590061916524,1,2
0.2546594272054501,1026.9830618484345,0,3
0.22563978425096876,902.1878163774486,1,1
0.6997716280154486,1559.2631827558187,0,3
0.8124986114950081,2810.6347730471434,1,2
0.7500014389200363,2038.121335895267,0,3
0.15199068797368223,405.5187039883634,1,2
0.9370566519097353,2463.3123954691237,0,3
0.42625455934194323,1005.5498059476207,1,2
0.12194503297541055,331.276574150236,0,3
0.31450237713766516,1260.1543387294876,1,2
0.7023618972663779,1907.9511379491921,1,1
0.47461853830345846,2013.1257809930653,0,3
0.5202278212782556,1776.7012389542244,1,2
0.4794277979519851,1658.8403991046712,0,3
0.21399327820325623,727.2456782104633,1,2
0.08231834774647047,184.1648912771281,0,3
0.2787811074279286,1070.471099163618,1,2
0.00823003848063749,79.4772202547566,0,3
0.041469429206686434,364.5966096856266,0,3
0.14432941668114452,330.2990533083415,1,2
0.29554642718731833,809.9296692545637,1,2
0.2442124690943992,581.3699288394232,1,2
0.5859810757607201,2341.512037408063,0,3
0.5229920285733209,1418.4828799384425,1,2
0.017767305400879004,76.83977292035843,0,3
0.22148633399698126,942.5256100986987,0,3
0.818387533113588,2113.2694562478987,1,2
0.5741873102313827,1985.77890779487,1,2
0.4445521662175268,1209.8233312502548,1,2
0.9343066659395226,3661.800642021594,1,2
0.23583159518943073,1410.9560070327257,1,2
0.3930559681237937,1066.5304639604653,1,2
0.3244835654750856,1520.2262287204114,0,3
0.7399607058001731,1949.905955755534,0,3
0.5869131041459177,1565.7727086306181,0,3
0.6764526568782563,3178.6994219323024,0,3
0.2828106787531454,751.2614834576566,0,3
0.9281198763583044,2901.2024347291936,1,2
0.06925627474942626,180.7818054225414,1,2
0.4787646272700851,2022.9448096375554,1,2
0.8898730687028314,2777.607651413452,1,1
0.5457352887481574,1216.152920495217,1,2
1.402438223624006,3284.15739480299,1,2
0.8152232263955529,3202.4961889151728,0,3
1.0146983618894159,3176.8091209887098,1,2
0.26289656710598075,1564.2140052373716,1,2
0.3306109597218508,2424.450230411026,0,3
0.15649945801852813,664.2559422085349,1,2
1.4000311316604712,3272.9699495716777,1,2
0.6771649783192082,1589.3296233352219,1,2
1.2464218901747979,3890.200891661484,0,3
0.10005731637648278,401.1992877014024,0,3
0.1725355740426193,755.3552537126413,1,2
0.3903811809379729,1257.967202609111,1,2
0.07187457194998957,287.45001241070145,0,3
1.0822377714108338,2312.3067167833565,1,2
0.3788634813645043,802.7571700583836,1,1
0.0782353944871212,365.36530584434746,1,2
0.17573096656538864,758.9156537590029,1,2
0.14581925099438775,663.656817311076,0,3
0.9149439888261152,2549.6293898803456,0,3
0.0760978171382779,217.47462718405956,0,3
0.28563613777035135,1229.931843776807,1,2
0.6086334285153497,2684.4895462805744,1,2
0.6133414877982892,3378.080942156824,1,2
0.8017043780178965,2361.588023917302,1,2
0.8808639767441792,2201.012354976687,1,2
0.20798955788054166,1255.292664145073,0,3
0.534509220367899,1898.672579339162,1,2
0.33981462167393056,1254.2448101710133,1,1
0.5603152936823436,1989.0971153779328,1,2
0.4453562133944459,1060.5515981822573,0,3
0.6203005362948674,1787.6179602282766,0,3
0.7785197067252216,3355.8236690562735,1,2
0.07360572646977885,288.56123337890614,0,3
0.24851880215427935,1495.4633076001746,1,2
0.45402246210953695,1967.930093676164,0,3
0.30005802588567476,1080.1373671328706,1,2
0.29250464222582867,1772.9008699401381,1,2
0.11319994068562794,433.0922637212769,1,1
0.9815857044248592,2889.393742432369,0,3
0.4787471609372428,1343.5901082029877,0,3
0.39710745506895356,1755.0776459419478,1,2
0.16473393947643583,599.4435774816286,1,2
0.18081200801733024,992.7536299969607,1,2
0.321199894940698,958.1367822035022,1,2
1.2092610265232773,3574.9003894004086,1,2
0.232818576337058,850.8367434737335,1,2
0.5841843176661167,1540.3161771310577,1,2
0.1305804194375563,490.5524585472683,1,2
0.13386855145034188,380.5993802223051,0,3
0.5801485161280772,1878.5060608138724,0,3
0.1565013753929084,590.183508049662,1,2
0.6552018441781787,2412.486732725184,1,2
0.7512539811269838,1800.0724375200155,1,2
0.31595030321822704,1025.912698602128,0,3
0.4606287046057304,970.2422456827017,1,2
0.3319264329629292,844.6849938392866,1,2
0.2220484114477978,1217.4269883099005,1,2
0.797949434856123,2104.295507689248,0,3
0.5647626603391617,1630.6613711485084,0,3
0.2711658862109242,1004.093719932076,1,2
0.30591289913836317,1144.208337023782,1,2
0.5006624367989437,1821.558821425918,1,2
0.16609406988767497,619.6546770889673,0,3
0.829386955360431,1975.2471463153263,0,3
0.7458185435720068,1594.4993980144989,1,2
0.7197393238199348,3176.3068431858646,1,2
0.558951727488054,1830.7950064435204,0,3
0.06952916141465959,304.54219502285525,0,3
0.05014334336755648,193.5720208604934,0,3
0.6857516075588943,3770.566859135263,1,2
0.23277737040785512,1412.4344419349645,1,2
0.380570384248614,1232.360790729285,0,3
0.3401842936344305,904.5336463481832,0,3
0.5688650802623781,1515.43509042295,1,2
0.37468363526096504,1359.608634059366,0,3
0.24897561224804465,824.2503828454667,1,1
0.3687342946784608,2210.569645634319,0,3
0.636503011860653,2817.851481731553,1,2
0.37168707305643206,1422.875198897667,1,2
0.27180643236210844,1645.873007890046,0,3
0.1323545899589957,349.6204048165454,0,3
0.7843469301665579,2255.9368367405746,1,2
0.5692244581166483,1213.3459456489948,0,3
0.8963938597532468,2875.6287348506235,1,2
0.03491303183565358,225.47819517174506,1,2
0.5901694651874292,1702.9486465056902,1,2
0.43394565607980534,1211.0237676293445,0,3
0.1594885694482914,701.1599592729724,1,2
0.13631911668652336,611.0187898924248,1,2
0.9753708932717577,3169.2206631753284,0,3
0.2337247326967237,1031.8109500299067,0,3
0.8594113453643558,2749.86871683537,1,2
0.21893377640342557,648.0347609598623,1,2
0.0925024038533898,258.61670083579696,1,2
0.6760821731916649,1889.961107361935,0,3
0.09699296289150124,385.6502065803759,1,1
0.08235493518516183,223.06047496302324,1,2
0.5112554299040761,1897.7572924479787,1,2
0.3110266831054132,1417.36228850668,1,2
0.1383090354686325,538.6022423239046,1,2
0.0659258608329468,305.10074913001614,1,2
0.19335088420893515,1164.2983137582282,1,2
0.43251830779990336,1959.177182640269,0,3
0.4258122118004481,1634.7623395810092,1,2
0.7442463698478277,1576.6732860670766,0,3
0.6256727749715523,2697.6900392076363,1,2
0.2951407056523904,1783.0735002535002,1,2
0.05776508103510711,227.44517297389586,1,2
0.1638199327207671,715.6244081050214,1,2
0.26616084600042217,642.6235739130643,1,2
0.6878910430752505,2506.9842634951087,0,3
1.1088703859992688,3072.202977141939,0,3
0.9929688260537298,2772.169191415734,0,3
0.859557749271558,2792.7234250311985,1,2
0.7405113573127856,2763.4726576542807,1,2
0.056760408697963526,260.82275848405703,1,2
0.404830151455057,1085.5222834352096,1,2
0.4824703848195023,1560.6797643571865,1,2
0.447892092933254,955.7944683006237,1,2
0.2045764810709259,906.4049522164131,0,3
0.5485623351564564,1304.7675398998401,1,2
0.6291867578159805,1864.230559773491,1,2
1.0597783910635308,3130.6735522715703,0,3
0.3926975913371189,1161.635057910759,0,3
1.136064601505201,3153.1615517651985,0,3
0.9882579587092504,2082.278533488,0,3
0.8576979819771298,1818.6959916829026,1,2
0.5804842804281606,2155.108329181373,0,3
0.37044952540397535,1415.3767663123658,0,3
0.16297686898722633,611.2713650561319,1,2
0.12826638212348446,585.6661407937522,1,2
0.4634816789149307,1500.0379231872655,0,3
0.7760723516405704,2518.795487598594,1,2
0.5813779255409068,2631.073644945353,1,2
0.3382158070589557,726.8789462078773,1,2
0.7008959254144008,2615.038071453668,1,2
0.4194859852115801,896.2695671590303,1,2
0.27590199914896874,594.2447384475109,1,2
0.18296615606815148,434.1211845334054,1,1
0.4953181442894157,1054.4966002352194,0,3
0.10668759913913499,346.20391713164963,1,2
0.528047017113356,2261.835678314649,0,3
0.2524707180448307,969.0430080270679,1,2
0.17738895902860624,662.2636563245602,0,3
0.23783378218204743,920.9114779772692,0,3
0.5346080339436844,1579.9839538234978,1,2
1.089348345578957,2326.2907603583412,0,3
0.8358132657095043,3673.2529522099676,0,3
0.19722328570785716,712.7752929180857,1,2
0.5809039410647749,3190.5357440386224,0,3
0.05220200305906889,242.23332172922093,1,2
0.33816032930669443,1311.0892289610308,1,2
1.0265576360477964,3333.2652980378016,1,2
0.40177132405290134,1486.315046943997,1,2
1.254706919599928,2972.3899522139427,0,3
0.30046634874701406,843.7962270231845,1,2
0.6009969952335475,2177.8728736434146,1,2
0.3080750645439823,1186.835011344274,1,2
0.5964866680752955,2555.578209143844,0,3
0.6425686947093466,1861.7777888694918,0,3
0.1521768739227885,551.1720764906128,1,2
1.8059996122975057,3800.9192311928873,0,3
0.9317750327434574,2596.980164281012,1,2
0.2164437060944463,708.7238226630432,1,2
0.21342589315414356,927.8899420388477,1,2
0.9427382911301835,1986.905235493315,1,1
0.4522793357401888,1666.8950943514308,0,3
0.06080433822296987,261.84357770712495,0,3
0.3559667764296943,771.2968146633659,0,3
0.42822082095041214,1227.4771072053509,1,2
0.15992614751167214,577.4808114877022,0,3
0.49301370113304205,1614.5426445648536,0,3
0.10029001115968009,389.1696372621577,1,2
0.5911398214089894,1699.4309323715663,1,2
1.3004597041043144,2747.766263987244,1,1
0.1043613601393085,401.7857471134623,0,3
0.961702410273668,2667.9333173791074,1,2
0.8189622861998884,2634.4978239213074,1,2
0.6572890846542082,2906.8591066517397,1,2
0.16689670885660945,368.68964015193734,0,3
0.3431663623769652,1323.8436779807564,1,2
1.2450181664545168,2632.68008452192,0,3
0.6769326794264447,3064.7996985841555,1,1
0.18801586798199035,1030.4108983716856,1,2
0.5359995085573346,1975.1536436976287,1,2
0.7038670893204676,1754.400902943005,0,3
0.6402288389209055,1361.4815358645371,1,2
0.07830477089935917,297.3020137948333,1,2
0.7722834437449512,2864.13640711247,0,3
0.45343604119895714,1734.0792851967253,1,2
0.108364375584784,415.8967079815166,0,3
0.36634745920467,974.6623723706055,1,2
0.06614998777632806,237.0690978561263,1,2
0.4602904885747354,1144.7743765741438,1,2
0.6961577600979121,2449.813770526782,0,3
0.5067526727181623,1626.4189628646523,1,2
0.7238261623826786,2076.7072990826578,1,2
0.4105264280804593,1524.9131935798491,1,2
0.3862239985627578,1027.090621621607,1,2
0.5114767266224691,1952.776428529462,1,2
0.5083912586386565,1463.1543237005437,0,3
0.41968133233320104,1180.4117525275824,0,3
0.27193783902778557,1638.0817259986886,1,1
1.0483751346131833,3097.7913259580314,0,3
0.4448281315501488,1108.971122271117,1,1
0.6032412618895256,3300.8272056473484,0,3
0.01668389853331166,111.30540752943513,1,2
0.6801073141237244,3083.939957056094,0,3
0.7031124757519037,2085.449579385517,1,2
0.01788540971372097,68.61864271808065,0,2
0.5111556104951419,2324.6428709790307,1,2
0.32182945641505645,1139.860166295514,0,3
0.7807580556116145,1946.205044296259,1,2
0.25017577697404547,934.2342273866833,1,2
1.2126537278008018,3372.9712263469896,0,3
0.38986566636929254,1255.5809577340278,1,2
0.1832948927720518,842.4242033763952,0,3
1.1597555133332917,2458.006642814183,1,2
0.6196350055097033,1832.5704979317502,0,3
0.6618973087885762,3633.943638455933,0,3
0.46495341694445813,1711.7520681112574,1,2
0.1989771364083223,710.9028983076023,1,2
0.7204930889578383,3089.5221071485,0,3
0.2074477991209516,748.5256361686321,1,2
0.5281372112106464,1473.5493810103285,1,2
0.9523043438127817,3091.742271515105,0,3
0.41463347086567903,1459.1514759229606,1,2
0.188049876000256,712.9147354731678,1,2
0.5462131895742108,1568.796613324824,1,1
1.0104346879354675,2977.5201826688744,0,3
0.7129982354757098,1510.3970861591345,1,2
0.32778437289221635,1065.3267622031776,0,3
0.18011013067548595,788.0165252548665,1,2
1.8721223936876528,3942.2042480551454,1,2
0.43374862087966737,1276.7315217172606,1,2
0.14525644397644097,552.1017997023232,1,2
0.5533263919584755,1780.005951710084,0,3
0.5843740864172116,1883.0820408983348,0,3
0.1763133229756285,762.02301782082,1,2
0.18981324430081822,684.8039646383468,0,3
0.6451917298395091,2070.3122122548752,1,2
0.6157416267517528,1637.0282964523526,1,2
0.7910718916729275,2921.4578206477977,0,3
0.2740009748851292,1008.827819887169,1,2
1.242764543179254,3655.776770056928,1,2
0.15341511793053747,688.0577380871457,1,1
0.22760565922497797,1031.0699807998012,1,2
0.9280665252358354,3009.674879081313,1,2
0.6839229366018892,2519.0232301864135,1,2
0.32513705141342514,867.0534581184685,1,2
0.12741447633014694,556.60005381203,0,3
0.695479741954352,3142.986988940667,0,3
0.05033154877733576,185.63326631815463,1,2
0.5278684214086654,1405.892736136357,1,2
0.4109463253493206,1526.9144454796417,1,2
0.1718757023030542,1041.3075597293575,1,2
0.06414447288359075,247.5228884418915,1,2
0.04005335940547637,159.37330669315867,0,3
0.17290687849532577,572.9024029988187,1,2
0.5185118546209919,1884.8986988115014,1,2
0.5770986822163354,2093.426715843994,1,2
0.4095353287416298,884.5725483304467,0,3
0.19901266685688385,1205.7054385315205,0,3
0.44819790181777036,1929.921246206551,1,2
0.8518720821386365,3151.7633900068317,1,2
0.30903749699153527,1181.1799323821324,1,2
0.2013076897506025,887.8169695732341,1,2
0.05374994376565369,135.7238865270176,0,3
0.5754300619079014,2118.828578268646,1,2
0.1190870508569442,666.1593749863541,1,2
0.2679561223862032,1620.7671307702258,1,2
0.6513712048738227,2414.438649154483,1,1
0.427028392866346,1600.3646973056154,0,3
0.23271840801359858,772.4209126192001,0,3
0.13504438599338744,749.3155085916773,1,2
0.2089290358855809,753.8885249456124,1,2
0.4173553127623783,1611.4517027286593,0,3
0.21270714960516157,1291.0507914203984,0,3
0.288117051908513,1017.8581086167127,1,2
1.1563724797611257,3414.5504015435954,1,2
0.06892763089899927,417.92662259376993,1,2
0.24124736990661064,1075.7765077345243,1,2
0.3229846387156342,1043.0025761223699,1,2
0.0649873481351406,293.085455364389,0,3
0.2556107652412183,827.3672885000856,1,1
0.17369775857957223,513.1852205547891,1,2
0.04438250440562723,154.24702593354263,1,2
0.05571098610060288,171.9323917300566,1,2
1.2254496360397629,3408.1238286972275,1,2
0.5401239771800111,2455.4113722067927,1,2
0.08679988025469401,338.8902529590517,1,2
0.22115825521572674,1339.90744848148,1,2
0.4029540938277803,1544.8423645881237,1,2
0.35151704570868647,1285.9005405295356,1,2
0.2909763650571189,1592.8887410724788,1,2
0.1874550955791351,545.2651506389496,0,3
0.034480006920669166,210.84104691712548,0,3
0.19761114300335358,1099.4847452246872,1,2
0.6815421953465765,1636.160598704465,1,2
0.07190481444916255,274.06615689866106,1,2
0.10069666937324973,370.39566859370757,0,3
0.8927738550407608,2205.9484139667998,0,3
0.29211917687310757,730.8623365302201,1,2
0.51405045526298,1969.4191579781507,1,2
0.19182197637967607,732.2333736527326,1,2
0.15763810835924036,619.0581933963822,1,2
0.5689889716924978,1426.3124793531197,1,2
0.1689657252894622,550.7485588959536,1,2
0.6928905309719268,1480.548948184799,1,1
0.5518652947496824,1807.3129704806195,0,3
0.8625847570659491,3140.942063171184,0,3
0.8527528783830388,2772.545076922666,0,3
0.08280004593681457,461.0348815054641,1,2
0.573872397232722,2039.5964163025808,1,2
0.6703779650741644,3041.730872612134,1,2
0.22623399305114597,668.7814091983367,1,2
0.19792900694558396,731.7233020142046,0,3
0.8566721481926335,3102.4122007425763,1,2
0.45195181620938557,1306.0217958572223,1,2
1.1872087510715827,3502.7635614359997,0,3
0.46212217362760194,1992.063057211059,1,2
0.5493714186652446,1446.5576628878944,0,3
0.3976714743575608,1057.2383669667768,1,2
1.024621528464043,2175.5414852638755,1,2
0.2580740351282459,558.4728973309064,1,2
0.8248134532732279,1756.354746046191,0,3
0.08620313420654341,253.09844676216915,1,2
0.2321897127524655,908.0895943507313,0,3
0.5853676350170898,1461.7025376719346,0,3
0.6450243911627778,1376.4047474054325,1,2
0.32436682010010814,1959.2279862546202,1,2
0.1881669106266832,1145.3858567424065,1,2
0.9293545894006549,1954.6098954025078,1,2
0.3975058716079928,1705.686900827184,0,3
1.3682501849803212,2888.9755468029325,1,2
0.34509704250589207,1123.2143029273113,1,2
0.19658881924558141,1078.2978310413635,1,2
0.8550790456364431,2256.487743138083,0,3
0.3040202989239436,1135.9832895208988,1,1
1.1792912309821546,3268.0346138104815,1,2
0.3228563762739552,1434.1957082178849,0,3
0.2959648522505501,733.4241032558391,1,2
0.7828881049070964,2518.3342282974304,1,2
0.11172641368478019,630.5330660118756,1,2
0.5335290699678417,1987.3359990727108,1,2
1.8852438927802262,3976.668824842091,1,2
0.05870363173992239,276.510094799479,1,2
0.04288554342926722,270.647720082461,1,2
0.5579720804717717,1641.3497118625955,1,2
0.17997971907357865,771.5594813994497,0,3
0.2823802904425186,1037.1849467245113,1,2
0.043913378784156916,171.17509627508554,1,2
0.3746565540476032,1439.0180709195577,1,2
0.18144182034632178,675.1275406609849,1,2
0.4381242881505346,1592.7331557021937,0,3
0.2084666511233865,530.1402251626683,1,2
0.22462082269515432,1028.134284938449,0,3
0.17011838067421034,553.4600484970098,1,2
0.28911152006633795,1070.429113601862,0,3
0.2881992066124939,1245.2100755488434,1,2
0.25099691595141144,973.2836238537327,0,3
0.4117703071593135,1491.4465981284718,1,2
0.49175518213464364,1892.8713087367653,1,2
1.7346818775180832,3652.417595514072,1,2
0.4433200212365543,1709.0629277633304,1,2
0.04720209351261595,142.31993149890667,1,2
0.6791866978837285,3064.3091011419797,0,3
0.327289790888778,1220.5275341912973,0,3
0.5441609273871133,1975.4719069627,1,2
0.12739636506441307,710.5971431658038,0,3
0.5758309097770697,1431.0575328353318,1,2
0.8682129256154347,2557.8056527388735,1,2
0.5120753789514436,1891.6667733150598,0,3
0.3599621088502798,1558.3323133255467,0,3
0.4255846058470083,1558.871958689221,1,2
0.942910893046742,2345.646492242679,1,2
0.1820335018041165,782.7418366646461,1,2
0.7760811027730742,3326.7604497048246,1,2
0.21367969200804118,1173.047123052507,1,2
0.8537232538033526,3151.108535253373,1,1
0.32601967105907487,1062.0106069732783,0,3
0.6375806741119697,2892.5110965971057,1,2
0.24883114998216557,1504.3419779333517,1,2
0.2904449730645438,1317.590111753775,0,3
0.21580853648167797,792.5296918974608,1,2
0.13536948046099168,403.0592118043415,1,2
1.0306576281845874,2439.40792507187,0,3
1.1157056146384945,2652.7163892462227,1,2
0.718059969283678,1994.6335835233328,1,2
0.8729047626524677,2308.570143648805,1,2
0.32253378992162673,775.6944023194192,0,3
0.48104655740773244,2123.020399394308,1,2
0.4895869257532472,1786.5247110456762,0,3
0.5928911754430315,2153.8342347379735,1,2
0.5402219602753868,1435.8096451021504,1,2
0.8015348715062705,2113.8992298287194,1,2
0.07190727666821745,191.317782153182,0,3
0.2804547077958039,700.8782358934651,0,3
1.0103710075419539,2399.670124696675,0,3
0.41783219320711557,1364.0051970306217,0,3
0.23897535509802123,1064.2237257729778,1,2
0.6494569494913806,3569.1853278464546,1,1
1.2596311286452964,2670.038320641533,1,2
0.1393894180714142,530.16304258693,1,2
0.4739876813754555,2046.99374581348,0,3
0.10285610146628539,292.2728494160814,1,2
0.8260136157609571,2646.0939145513817,1,2
0.7695340657604645,2850.2926576258333,0,3
0.8090668646109084,2254.7331911591755,0,3
0.473320317222963,2136.623083751844,0,3
0.18880154145312453,1139.9878554317634,0,3
0.41225247347389854,1829.421890742793,1,2
1.4620080256459076,3081.24242363848,1,2
0.45755162324485715,1668.291352029462,0,3
0.9044852650846981,2927.4168676979257,0,3
0.17676625571893198,802.857038881721,0,3
0.996064087835671,2944.5167868568305,0,3
0.7106916799187782,2313.508686708277,0,3
0.4201064507431709,2309.092758273044,1,2
0.7067229634707274,1686.3744978849395,1,2
0.7770928413190773,1655.398623624224,1,2
1.0176208477290198,2155.196901523471,1,2
0.5252921717376153,2379.9609243096033,0,3
0.08164203327582754,367.3728898502309,1,2
0.09339842094833195,225.27649031056936,1,1
1.08823533509053,3519.9184336728113,0,3
0.32962852696408446,1224.2128839095826,0,3
0.37994163092058575,1243.8141475536327,1,2
0.5761891875403399,2130.1627296382867,1,2
0.6497265048368669,2793.9142658225946,0,3
0.2146461171457015,804.1116843197408,1,2
0.3500896807816575,1032.5098578735276,1,2
0.4055989763277864,962.0423630298501,1,2
0.7139605197159975,2300.213050727289,0,3
0.9509431180737916,3089.4776167405466,1,2
0.356600478159825,1528.4472272089174,1,2
1.0160017409951976,2834.009119449278,1,2
0.1398120098895134,641.1891125725559,0,3
0.2362335742415637,763.9333642614657,0,3
0.3712857959780232,1425.4274035936999,1,2
0.5860757813822173,2079.691512913563,1,2
0.43317440947946445,1394.2411015224743,0,3
0.5720127631451735,2114.531205623551,0,3
0.8078216545714724,1996.2413724164724,1,2
0.7119832316503196,3225.4521078297876,1,1
0.5545169093343877,1796.4838484731893,0,3
0.6115414180962878,1310.7335033409572,1,2
0.3561111922843186,1270.6338438374564,1,2
1.3841632245650226,2945.873265530025,1,2
0.43451705374096733,1676.1925076926184,1,2
0.10926971767242288,433.70850542332306,0,3
0.06660740553334828,152.4663805194953,1,2
0.5034241293688251,1785.569483587486,1,2
1.8636922621790892,3936.7948360528535,1,2
0.2753073064428793,682.9483359651063,1,1
0.43116360976193996,1606.5906146556467,1,2
1.7420085594135883,3668.4761704206358,0,3
0.7885836194799426,2551.434924398863,0,3
0.2579108218972178,1119.082803154258,1,2
0.7804848909878301,2756.7771735643964,1,2
0.9886772612495258,2077.526259963759,1,1
0.38130338426376187,1392.9959248636703,1,2
0.36050814376316653,1986.8660157490513,1,2
0.36153887202079055,1016.7685443698151,1,2
0.5449013561865405,1525.564352742161,1,2
0.18985773987776614,549.0330413526137,0,3
0.24834926420582054,811.0704728834127,1,1
1.1195859164543482,2367.264936969178,1,2
1.1381469999546763,3357.4677862930034,1,2
0.5449898460922766,2006.3235071954093,0,3
0.21706406043487492,810.5259934193693,1,2
0.3142139357590751,1216.7183094378495,1,2
0.3374192541170668,1299.2011591102098,1,2
1.1807869254257997,3470.9711211764716,1,2
0.38999062894177355,1494.0782295064384,0,3
0.3366582259185491,1843.4370893756548,0,3
0.11486902458358589,452.85179115157837,0,3
0.04401575438848957,160.02654738308922,0,3
0.7055310852215201,1856.6202836958307,1,2
0.4123611591304545,1590.4693720449818,1,2
0.4875184618247012,1288.918658798138,0,3
0.788478288304104,2915.1647582726036,1,2
0.7537906690130153,1991.0636216660628,1,2
0.22009417661903882,995.820646512689,1,2
0.6807256176716066,2397.4964739030656,1,2
0.3637192935323577,2187.57947270086,1,2
0.19367875818724348,855.7756315715766,1,2
0.4300034111301888,1378.8723450186474,1,2
0.49228042543994605,2232.4974497217527,1,2
0.038164184081092414,188.5142851686339,1,2
0.3290312818646087,1985.8572036532744,0,3
0.25429248027593865,987.2279441993009,0,3
0.48160885211354254,1381.952194493729,0,3
0.6369721077800785,2248.689181520959,0,3
0.15823916780372052,609.9288988036466,1,2
0.22210407709544686,538.9201729919346,1,2
1.2041756634723664,3353.2711964360983,1,2
0.18776235435860214,625.8501326578912,1,2
0.6617557519762038,2909.684752430711,1,1
0.1321947033784302,480.34774180523107,0,3
0.13979390341314848,778.2711441236779,1,2
0.480209489471299,2174.552857916291,1,2
0.5296992857390175,2390.6821179735903,0,3
0.9168474262001903,3411.2791299103947,0,3
0.5792227235956583,1858.1447420123877,0,3
0.4430744044169265,1633.9083234523937,1,2
0.3357806763522557,1493.072870778455,0,3
0.3380876096539074,720.5605766807787,1,2
0.5563403862651486,1471.6831715869403,0,3
0.14760109320755407,538.789728832781,1,2
0.19552001415365056,688.7379103151774,0,3
0.5892979684394357,2600.2303721862572,1,2
0.702775457808861,2482.0845416422208,0,3
0.4371894228667921,1927.2480716659868,1,2
0.5027705299278618,1407.5346539868603,1,2
0.6222822109463243,2198.3389206700595,0,3
0.07975731536286879,489.2429630706786,1,2
1.0349468264192534,2885.5123819170553,1,2
0.16556628672967638,617.6864043794809,1,1
1.012060240596909,2991.1807019826615,1,2
0.1812482094224203,516.2957255168874,1,2
0.4820631107938486,1392.0235889376388,1,2
0.5453491346126315,2400.2185082321766,1,2
0.930416910589223,3024.6446577236384,1,2
0.15189141339772327,661.022747884574,0,3
0.08526074776077353,285.0104150020014,1,2
0.7228192800872572,3182.5262306810682,1,2
0.462942030837272,1643.1582066654523,1,2
0.2974243019622333,1135.1000638817954,1,2
0.5276327062412991,1515.161545013184,0,3
0.48018027912447,1549.184199481515,0,3
0.829766591770761,3653.115532260216,1,2
0.6450189354967027,1360.8827372697249,1,2
0.4334715529850909,1609.3586371505376,0,3
0.15614819336255853,609.3051718135657,1,2
0.1128349607053827,422.4777269943184,0,3
0.5510651372949386,3013.008969584017,0,3
0.33035077596993917,1222.060548319733,1,2
0.8385960130415369,2683.458022768697,1,2
0.5613628477241641,2036.6006272547938,1,1
0.7151436379475307,3065.2052490973692,1,2
0.3907191304963923,1442.74900700837,1,2
0.21536570296591687,624.4428214298678,1,1
0.49886694637106943,1910.2047915156022,0,3
0.3513437226884073,1009.3605526694263,1,2
0.671434592289213,2964.6328567613964,0,3
0.44257768680235343,2427.031270886206,1,2
0.5437012997372869,1153.911943177535,1,1
0.6980702267754016,3150.7887256128165,1,2
0.9537237341837624,2660.584642675546,0,3
0.6992247139166383,2459.7829205116664,0,3
0.48964165492989165,2161.922234486567,1,2
0.607923874462412,2610.0974204117856,1,2
0.05241821578703941,188.8556874404474,0,3
0.6835380732780338,1447.9652090383754,0,3
0.17661545184043093,784.9178877292845,1,2
0.25923769089653226,724.5563274008795,1,2
1.0789435539965098,2681.568912188716,1,2
0.10911014248258057,408.35590004999096,1,2
0.058248074813363505,175.24226745303287,0,3
0.12709761844958037,576.8748376638583,0,3
0.483011949602359,2080.906028740769,1,2
0.04041231332253418,169.04780455336387,1,2
1.59895336194055,3372.9880989047238,0,3
1.6454230571412154,3473.131998868821,0,3
0.03326476029590187,84.70608174222646,0,2
0.7747988758880373,1643.4530577623382,1,2
0.6244435750244368,1842.623785556143,0,3
0.8135302733264241,2268.0232719706364,1,2
0.18775514197134208,527.901642482166,1,2
0.3605034902834981,1342.0543877647833,1,2
0.029795619059665233,114.87882555456666,1,2
0.2412296358265816,790.174343359729,1,2
0.7447569435583291,2713.058522314924,0,3
0.05818385530846537,270.1877643460156,1,2
1.0634532084991883,3143.8018550027814,0,3
0.4602720160153314,2042.654000002576,1,1
0.4814969218080177,1023.0822004404642,1,1
0.7809969720381668,3352.1249118713195,1,1
0.7964978744929088,2584.052933197734,1,2
0.43450557307817406,1970.0950166761202,0,3
0.35772406992161154,2151.617291539828,1,2
0.22407303112488203,494.7979614677207,1,2
0.16159373785833012,633.8433548415976,1,2
0.06572083502499243,374.72310791339913,1,2
0.4283771391068363,1581.9075900956882,1,2
0.21020716189904892,682.7119956117073,1,2
0.20137216781965803,570.6076247238423,1,2
0.10753170138495434,388.18642446963855,1,2
0.3114589133646199,873.1099487930684,1,2
0.7163259806809404,2595.397068673197,1,2
0.740257757617034,2614.7401099985686,0,3
0.7442707926201032,2155.3225326861952,1,1
0.6208969125801872,2196.54347403283,0,3
0.6559397262089695,2436.371375315797,1,2
0.9138398052625035,2539.7861910821966,0,3
0.4867142208312925,1208.8444336193904,1,2
0.07728509600156035,302.3753529249929,0,3
0.809823067325207,2999.246318081654,1,2
0.17015244351097986,494.7779898103157,1,2
0.7896901810952804,2794.7771000100774,0,3
0.4900533481900113,1570.3247770909156,1,2
0.6094157317838541,2244.171573419948,1,2
0.09922929576150842,329.6429330434135,1,1
0.06866489916113044,263.5944630552652,1,2
0.02794211594839597,117.22208465189358,1,2
0.5229948116085524,2313.560674798696,0,3
0.38642027138440727,1666.378936053398,0,3
0.3650159920620056,869.1472514521915,1,2
0.49114269146971246,1574.4150587862362,0,3
0.5915075827598709,3248.434914175072,0,3
0.7308687018608354,3138.026403063763,0,3
0.2455208463428598,911.237774303266,0,3
0.2770210665338854,1039.7622641911044,1,2
0.19506287733588393,1170.0742503838262,1,2
0.6520001199005386,1382.8259343981738,0,3
0.30276843337027587,1105.9107812465775,1,2
0.04743934818284804,218.27292001009545,0,3
0.44662301194333615,1716.913630023928,0,3
0.8768960216465593,2822.6773000203734,1,2
0.18337519205466443,491.89230113932837,1,2
0.35696192418020234,1579.2075745604418,1,2
0.03576034340005385,214.57055856972403,1,2
0.07329470653409592,290.2626516914961,1,2
0.5336551029184472,2288.005698800755,1,2
1.0727616977467551,2992.1742864704156,1,2
0.16361117548830553,396.66291377320744,1,2
0.017646416039398493,68.06876623647857,0,2
0.22525542569113927,1024.648011719241,0,3
0.1172988360125765,660.4816064045806,1,2
0.6817232517289892,2924.7038572888227,0,3
0.7109262257252851,3140.4788585912665,1,2
0.6672394105514448,2475.6327215233177,0,3
1.153770390496669,3399.522322389956,1,2
0.3352008686179958,1477.8350671077353,1,2
0.670404873083156,2366.1370559743104,1,2
0.5917560973846101,1701.1898541946427,1,2
0.32572397010353416,1409.6669190138798,1,2
0.3571788763617956,1336.1107849966752,1,2
1.0612350310642455,2953.2428336337634,0,3
0.168986419633289,633.3090481312297,1,2
0.3864218568135703,2117.768346530096,0,3
0.35007157008165873,1233.3439592512577,1,2
0.7208765425805127,2352.0727273371067,1,2
0.5152216715362655,2817.448011432924,1,2
0.46257617286180813,1705.772713608437,0,3
0.06472026952797921,367.10574868017216,1,2
1.3274788509354585,3689.790218485989,0,3
0.373450681663754,1615.906508938416,0,3
0.7682386378315695,2853.765736619283,0,3
0.8513999514203268,2759.1077038691938,0,3
0.5156751606632638,1366.697405846231,1,2
0.3319073957687614,1511.263946303862,1,2
0.3647239009450619,1088.6654218806545,0,3
0.7296938549799148,2100.75353584622,1,2
0.288697023824705,1596.8895684727606,1,2
0.05472045100776129,162.1704139839384,1,1
0.18074808993807984,690.3021026932008,1,2
0.36699202130178826,1367.0101258539132,0,3
1.3519579028868747,2859.3623830876054,1,1
0.08892498635119465,492.70187982364035,1,2
0.6118831238327995,1997.0823710433917,1,2
0.16697885432826107,491.33463130392255,1,2
1.2919756050034168,3811.961000351239,1,2
0.4814723995475915,1803.2635479914773,1,2
0.7123041004891187,2513.614709362425,0,3
0.19459344041557886,761.310203217501,0,3
1.260619093008444,3497.326614364058,0,3
0.2695087841616385,1162.7595877930232,0,3
0.11446980281942001,645.3102396820508,0,3
0.31784688268991856,767.3187678082468,1,2
0.5004691934535346,1436.3990053301236,1,1
0.20451357834087722,902.0610518196326,1,2
0.10728407098413556,407.7819020469895,0,3
0.14246863122957173,313.1439657460124,0,3
0.04258871124844488,127.09787878463649,1,2
0.4417980858635126,1243.7266971628183,1,2
0.43577542798354185,1681.9194118970715,0,3
0.5220863590206292,1500.0835129231575,1,1
0.9738710977322972,2304.7951702594414,1,2
0.8940310633513375,2897.594713242772,1,2
0.054631333207322066,223.03253970080527,0,3
0.17050566639250372,556.3255070007925,1,2
0.7068048813216588,3187.9055119345144,0,3
0.6409946338326576,1844.5723262081576,1,2
0.5134826150722699,2209.161375121677,0,3
0.34682105632909377,1126.723812717347,0,3
0.5450518208644871,2411.717628170128,1,2
0.38697629183684,1126.16492058749,1,2
0.05692025466558231,150.53947525100008,1,2
0.8170525358258541,2892.17476461824,0,3
0.4933583346587541,1306.5383442077234,1,1
1.25043983833042,2966.057700533466,1,2
0.3318779717524662,704.9291951847601,0,3
0.17139202984810942,466.30418700459734,1,2
0.3764377635989731,1710.3503668650217,0,3
0.6184581566065844,1776.4306434227858,0,3
1.3022492484710426,3080.849193010693,1,2
0.3087070787615614,1396.7717140758123,0,3
0.06558080507649329,247.44408121341482,1,2
0.0677260012710983,265.0048844503834,1,2
1.050986925744602,2500.828929053561,0,3
0.5188638477034239,2221.7919665842774,1,2
0.1982507487612435,431.3034364379062,0,3
1.1568956170870923,2747.861019287474,1,2
0.504899726536008,1633.2376645559245,1,2
0.6330864229570571,1344.082039473169,1,2
0.6989418493368671,1484.9278593784882,0,3
1.0108010478095901,2157.2232116646614,1,2
0.32773744512417186,1446.5757989708718,1,2
0.397470244304923,1412.975337575953,0,3
0.5641841991214549,2549.026142167975,0,3
0.38063688669989,1003.5686569225326,0,3
0.15207449332097958,832.9672557646992,0,3
1.0035903188387831,2136.233213537856,0,3
1.3684988102230107,2884.2041030941286,0,3
0.15116002058618982,844.0856158754227,0,3
0.29649060659237225,1109.9818352278319,0,3
0.9174415297137429,2701.982341662491,0,3
0.5377599129613755,1553.3293038754023,1,2
0.10390532291854142,401.26308957529807,0,3
0.09961503166726267,237.80723629598802,0,3
0.29283145874512295,1769.0832001133317,1,2
0.8300924541612079,2050.4630823857306,1,2
1.0611204893355504,2634.9112828440134,0,3
0.1399604184414364,449.88866292731933,0,3
0.12557609027918062,367.35827787814634,0,3
0.7118928399323136,2296.677943343517,1,2
0.39063787619236573,1730.8697787490826,0,3
1.4067245248389995,2989.3712101799206,1,2
0.10216490809712132,380.36944640896166,1,2
1.1690383784008247,3248.864862159618,1,2
0.3979829610217778,987.5080224691437,1,2
0.08912850569835551,264.6366616701543,1,2
0.27834767637552305,742.2511700840245,0,3
0.26928532370860425,1001.7425973449788,1,2
0.20596986247928564,922.2812725363051,1,1
0.4814634545006272,1709.659239705941,0,3
0.28848106961256365,806.8247672951654,1,2
0.7876506192016802,3373.4394905397917,1,2
0.29930904468351466,1644.2265316845621,1,2
0.29266583407641766,1034.2067759630615,0,3
0.10048138757239153,556.0216280399276,1,2
0.5065506822937393,2782.5319053767803,1,2
0.7147789990060067,1896.503439076938,0,3
0.6803247265998428,2929.8243917385785,1,2
0.6307012360591808,2782.4391518434536,0,3
0.5134576290111514,1973.9285832886512,1,2
0.783690127494273,1662.8501323469532,1,2
0.6941824113997569,1923.355753219401,1,2
0.1512479437394123,661.801797019954,0,3
0.2552988628404955,830.1982871154486,1,2
0.7942967083140021,2795.643826926614,1,2
0.009428668272106326,67.08530141694018,0,2
0.12896481923111508,323.94909203875943,1,2
0.7660480863529835,2695.641768235736,1,2
0.9380966879860567,3040.0320991320727,1,2
0.5220266688063973,1895.6760679309782,0,3
1.1189486960389121,3118.1416406719386,1,2
0.518252794091424,1110.8165402828974,0,3
0.5439381650910478,1603.316265848633,1,2
0.6156024343175881,2639.4545663503486,0,3
1.0648747953999236,2632.1622260014947,0,3
0.16527749028645378,425.1365512006765,0,3
0.8486692827216904,3080.3511669100926,0,3
0.04111231147977118,161.7225841222928,1,2
1.4646247935089298,3086.305208342363,1,2
0.756714318329333,2797.7923616107,0,3
0.8789705939507808,3179.0549562371452,1,2
1.8328477205250628,3854.2958018451027,0,3
0.1970436046569634,736.7534450285655,1,2
0.13708374089086262,825.3882220089957,1,1
0.06754934104808273,161.86192729435507,0,3
0.4516134306746683,1206.1738933713548,1,2
1.0027909090447016,2489.165346867941,1,2
0.2571369258762486,953.3910878703804,1,2
0.18128602229157276,544.8321185217017,0,3
0.5162862992425317,1879.6135191188994,1,2
1.3127300012944136,3860.1549554346325,1,2
0.5040337296792345,1867.123356162901,0,3
1.401496198305483,2953.5162785957477,1,2
0.23164208926355898,858.3264560797894,0,3
0.6639698444517911,1425.1350134892805,1,2
0.4357633957540985,1551.5652510428772,1,2
0.4771205733805167,1024.497473121346,0,3
0.7334458536937657,2364.120762530946,1,2
0.9256575229397719,3431.7022085225926,0,3
0.22570374934151666,844.9466309484742,0,3
0.586212634434073,2182.8174410036418,1,2
0.741994815087822,2756.2630310292566,1,2
0.08464779555305475,513.9013185315483,0,3
0.44435810652671964,1172.65753315082,1,2
0.1651048515441981,1010.4987336530087,0,3
0.5396194717245483,1901.919392608291,0,3
1.0125308199742846,3291.7588968574037,1,2
0.20138083854302263,780.4141577032923,0,3
0.38910352849995694,1033.9136418513597,1,2
0.10192418680064186,326.77633459932633,1,2
0.5394469615201128,1603.4360573374333,1,1
0.2575135368493609,855.3050745338182,1,2
0.36310212838794603,1566.7918827974902,1,2
0.8537301993441675,2739.270574796127,1,2
0.5513085123984525,1640.442179907939,1,1
0.717040406293572,2649.6599651906554,1,2
0.7123663685240919,1511.0977405247759,1,2
0.015678007536492847,88.77238465797433,1,1
0.09290108167694608,196.98549195819805,1,2
0.026639624220574965,135.20867483233994,1,2
0.484874615899693,1346.4109871618223,1,2
0.30983716421967505,1095.4160520085782,1,2
0.33303751784274693,1511.5999248193705,1,2
0.4807980861748736,1029.9059701095457,1,2
0.923690050283417,2998.19423715323,1,1
0.2829453395128657,612.3524730632417,0,3
0.48775559365137144,2088.1238596538974,0,3
1.1627786075928739,3422.632018036806,1,2
1.4713762136801036,3101.170447060601,1,2
0.7681810379150321,1630.4698460952425,1,2
0.1619156684890958,455.699099943614,1,2
0.22079503739992234,711.5237771974123,1,2
0.5465405012317386,1352.1892778493298,1,2
0.18251819064656213,1008.1672846816327,0,3
0.31530166177267244,1895.336434358705,1,2
1.2759517922354595,3021.1018494162736,1,2
1.074289960459374,3160.4285778775616,1,2
0.1345392298962639,363.1192965206781,0,3
0.09884376525318234,209.16444808777987,1,2
0.09817861959917105,267.1796694383815,1,2
0.282835022923482,842.3439783727559,1,2
0.30401446120857595,1374.4215677518546,1,2
0.9961595664573699,3694.3065215324514,1,2
0.8019856202449188,2832.7362518730674,1,2
0.9866992327421465,2901.107063950471,1,2
0.15195531072084192,330.12981170815266,1,2
0.3350536945955392,1444.090703965122,1,2
1.0565432079585189,2220.640724893246,1,2
1.216107598685802,3373.0406099069364,0,3
0.6632912889128438,3000.893175867994,1,2
0.1832016848118388,532.6716739068307,1,2
0.2534900753075239,822.9718321070901,1,2
0.5949734079500049,2548.738157768426,1,2
0.5989195748899532,2111.855481514601,0,3
0.9827547186524144,2734.3303974417263,0,3
0.2596555604580465,645.6248996435271,1,2
0.394953312266588,1141.0180950068818,1,2
0.9289243599787613,2582.575955995016,1,2
0.3324812701570132,1472.0609824950898,1,2
0.23867706167685038,632.7350173342275,1,2
0.5118562864187977,1086.9875821103274,0,3
0.6762840033130787,1783.4140992595796,1,2
0.8031542239830461,2912.513015355362,0,3
0.6076960536076591,2744.2007408128707,1,1
1.1596438693248952,3415.0145480547103,1,2
0.08643504189981828,328.02827316005823,0,3
0.11060945524856947,673.645720161923,1,2
0.4533992505002514,1737.9288376315073,1,2
1.346303677710049,3738.8786574519563,1,1
1.0653551569308282,2528.8162625851,0,3
0.994993931979577,2095.9442459327333,1,2
0.661159920159404,3615.3457720970764,0,3
0.267670876440495,1183.9820806091207,0,3
1.0932063670212735,3540.9157732427384,0,3
0.17001021730021468,771.503287200724,1,2
0.20251305890076032,779.143229054176,1,2
0.2831492960730326,1056.0744416914654,0,3
0.0743420676611778,330.75219186883925,1,2
0.20838657644671477,781.3802127436489,1,2
1.7298526249378356,3644.8627482824504,0,3
0.25470808495131136,1130.491527490667,1,2
0.04249324733373601,108.4726469941019,1,2
0.0545533583583601,116.56652282278316,1,2
1.1596648062271404,2463.1374778711306,0,3
0.019861747770065954,127.99775277515052,1,2
0.5218207770002129,1498.9253415786143,0,3
0.6715878853483781,2368.719328455902,0,3
0.029570269026536512,169.53392477589912,0,3
0.3385523984366863,1856.875446360111,1,2
1.48182349041647,3115.355461944912,1,2
0.597826116326257,1482.9353406816729,0,3
0.7441876479999232,2385.9971772979716,0,3
0.446704178229837,1323.6822707044753,0,3
0.3957832140485925,1790.31827601686,0,3
0.1658143815944166,999.4415640143644,1,2
0.3941305060549495,1453.9601283536404,0,3
0.34794821154351974,919.814870592755,1,2
0.43060138772682544,1525.3300927241003,0,3
1.2716513093778585,3527.797504852148,1,2
0.4688008013382464,1793.7625786415654,1,2
0.5868008218246606,2646.7363791445036,0,3
0.5993259075646657,1724.1527447875073,1,2
0.13305331929938394,508.7051925755187,1,1
0.9968435025313845,2940.205378404145,1,2
0.16254188238014317,596.7759636062414,1,2
0.8665541263737994,3214.3148048169396,0,3
0.5589979096360034,1644.0462671845116,1,2
0.06789135107937845,414.1553870810349,0,3
0.31949993510628344,1925.6932693689091,0,3
0.6205373343048687,2185.3677743924327,1,2
0.7740547851038715,3318.1634706335535,0,3
0.41547873404978003,1506.2139358095565,1,2
0.26156336425949583,973.3103033264349,0,3
0.7906516272271576,2791.7470408112513,1,2
0.25973689279190537,624.2971577235038,0,3
0.2730360895455876,1018.2769735509582,0,3
0.12192892328815741,268.0354769449494,1,2
0.20795195847234385,596.6646457414702,1,2
0.418887536557269,1842.7627155858113,0,3
0.030646880036093727,94.98994062866875,0,3
0.12645921014716752,572.9210939878623,1,2
0.42122154691919445,1910.5280874894665,1,2
0.11108373758461355,674.3453180530688,0,3
0.6233622368319586,1995.367807404741,1,1
0.5935119064554372,1923.4083560608424,1,2
0.1357211094521107,443.6011018395439,0,3
0.09607082942887617,364.96589425130986,1,2
0.3929850454117438,1455.8652142299568,1,2
0.05216138636246345,321.8201890234013,1,2
0.3410965870405233,958.0289270402969,1,1
0.19762855500713086,651.7650693348926,0,3
0.5140390644917342,1962.1911688312023,1,2
0.6007606761497982,1584.0391493620793,0,3
0.4299759295672001,1593.886901440514,1,2
1.4367424173431587,3051.1204873923216,0,3
0.03223453088925913,88.94854402401411,0,2
0.7494060636208547,2147.7238897845673,1,2
0.1992305282071355,527.3356227635046,1,2
0.22398790941847252,790.1739192372413,1,2
0.269275220120259,862.7954445953508,1,2
1.1046800734685915,2735.9473720350293,0,3
0.4163953185148471,1544.3646227015472,1,1
0.4338874177548689,1615.364022077313,1,2
0.10158232803291972,621.0616979988746,0,3
0.5879749400166623,2589.4983066816812,0,3
0.7887774769130488,2775.2178354501075,1,2
0.838757643584567,3592.750115461697,1,2
0.530574642609103,1927.1342273509695,0,3
0.7765281189741112,2488.4740323550586,0,3
0.10321938382881467,570.8223372605214,0,3
0.5294354070183084,2898.3506941137225,0,3
0.718315250922643,2644.22242995865,1,2
0.14911670481167305,357.31382080306713,1,2
0.20353418451502428,660.9702316727362,0,3
0.6218632400143387,1783.2409598028978,1,2
0.511480950963435,1422.863408835075,1,2
0.3968445862674885,1146.451439530608,0,3
1.0540671190623225,2493.159877165014,1,2
0.8231371938812988,1745.03789261882,1,2
1.2458477415457214,3458.6155680537418,1,2
0.060175843927390435,268.54751263909407,0,3
0.6464575886875292,1905.5692414481186,0,3
0.1294034075750452,428.0374235648501,0,3
0.012724639756104853,86.12887186598743,0,2
0.4461597198541665,1236.9265485120693,1,2
0.039292393865854966,161.86604669398608,0,3
0.9686768619892498,3593.4427858679096,1,2
1.431713731566815,3017.2985282530926,1,2
0.40801402546037363,1309.3181211699261,0,3
0.8016813871006633,2576.4018284340414,0,3
0.2448347683975872,941.9640619517011,0,3
0.47702246949776855,1820.8589603858627,1,2
0.7872350005929619,3468.210483259761,1,1
0.6608563055890547,1738.847773962523,1,2
0.4316223229958731,1393.1048285753984,1,2
0.2872113830172816,798.9608324215162,1,2
0.904119219119229,2518.9354613031564,0,3
0.34546417120076867,1278.5618569917258,0,3
0.35644547014836786,1290.0085446553912,1,2
0.16686606104155863,719.296164259526,0,3
0.07904310784555382,438.88812007786004,1,2
0.11017809925507807,409.3151163965033,1,2
0.12487628981017446,373.8747881235004,1,2
0.14906660921336845,460.1211509038094,0,3
0.2737125836638374,1025.3823197779268,1,1
0.47485238066921454,1817.3917217511196,0,3
0.47851909199853265,1768.3577069908722,0,3
0.7093732347318831,3052.370544538322,1,2
0.03889504195507763,222.54876965717176,1,2
0.3468130399454401,918.8753321496666,1,2
0.14273784026639638,429.2272247906673,1,2
0.8041082873964086,2966.432270059238,1,2
0.5855361880603445,1400.4687568180893,1,2
0.18167779306931595,1000.7721601922235,1,2
0.08749943579981927,322.03714326376,1,1
0.7866682661607588,2256.515155566237,1,2
0.6778787676234702,2184.7855520047306,0,3
0.06750325268070449,293.2254179454043,0,3
0.513781050452782,1912.6971948122211,1,2
0.015975326021739143,88.49731135338428,0,3
0.7848991871785836,1662.822917463973,1,2
0.23357308575264607,585.3592225003123,0,3
0.2987254220351132,1112.619119305194,1,2
0.6093410611218849,1689.0279856169739,1,2
0.7865508210301195,3460.158404781549,1,2
0.03860628428467809,103.76181115493465,0,3
0.3947658357604294,1521.580385569259,0,3
0.4475689078048664,1664.4211998053556,1,1
0.13184185276286403,811.3675045292742,0,3
0.294918497518586,1769.865445852189,0,3
0.8130135431327518,2941.148397850849,1,2
0.5232891470889524,2880.9594447468803,1,2
0.4242323542950224,1501.4956346620495,1,2
0.09067991095089317,395.73385737225857,1,1
0.05900067505950523,252.8647772987011,1,2
0.4849186172984263,1296.737603850822,0,3
0.3668834743670902,1381.1851818047598,1,2
0.43160838392270684,1085.011881263069,0,3
0.37895557786244244,2280.927028254657,1,2
1.438236493616617,3058.3950286775375,1,2
0.35120831884190185,1510.9935399073036,0,3
1.037828474170913,3368.770828403368,0,3
