energy,time_ms,violated,priority
1.1878548101776727,2790.3120034665603,0,3
0.0034528490669858253,145.68924919463086,1,2
0.0011708914118852888,23.180267778949737,0,2
0.17900348749674372,1532.5498901138371,1,2
0.000721071522361168,9.075435385582903,0,2
0.0004051928178999975,27.221085244107876,0,2
0.0029829636011229547,125.86293782076274,1,2
0.0030995468665189537,102.9672942504232,1,2
0.003002978008250642,37.79560283973409,0,2
0.009461507231944166,99.51665858670735,0,2
0.0019248299039596644,20.245467840801734,0,2
1.4083254134938852,3092.677687177912,0,3
0.0016430735188068782,20.67978985616531,0,2
0.10481540505857864,928.0422117097953,0,3
0.16500534016749643,1218.9309274911711,1,2
0.7750226781231793,1710.5395954779053,0,3
0.0012523831717271984,84.13581773871928,0,2
0.6158227998008282,1762.959756254306,0,3
0.4375690151953394,1809.2477708630277,0,3
0.004740255444297935,87.5350339635065,0,2
0.00894141440850244,97.96501164558605,0,2
0.41869052709135496,1232.1706684765402,0,3
0.0016865423233668076,34.52775603582941,0,2
0.5145674559137632,2133.209038404614,0,3
0.4698807880670287,1385.1202208505015,0,3
0.18799348753244702,390.15556683820444,0,3
0.19469725842485408,733.8285373596127,1,2
0.3615586778445711,1077.987925191098,1,2
0.0006085776698873783,27.871026144620732,0,2
0.0044973064400931255,136.32379174093265,1,2
0.0013936421188522807,17.540436153760183,0,2
0.003400840002046416,143.4947826902053,1,2
0.0037276726194376926,112.9944051222087,1,2
0.00394323652226144,78.06469291168528,0,2
0.5387515873286428,2232.36386912417,0,3
0.0021563654956123536,42.20674955108451,0,2
0.18341151007966766,506.77985883549184,0,3
0.002747698575879237,155.80483992041596,1,2
0.39687775541529463,1892.441969078189,0,3
0.6332462622264083,1911.0095882251296,0,3
0.002373182690898092,71.93667303455499,0,2
0.0023432881884469085,25.673818948809213,0,1
1.5063982951107888,3313.7398098742146,0,3
0.1735527456722968,837.6512000429437,0,3
0.005597718869675297,103.36922073779937,1,2
0.5733815786498253,2378.7120030684414,0,3
8.759790673563346e-05,1.9013585862209703,0,2
0.0012734133469251673,72.20732449035442,0,2
0.5238099031547764,2178.5984151089133,0,3
0.0023163281100150664,45.33771321070972,0,2
0.5002078424348315,1432.9089623405935,0,3
0.001352101186101451,24.968321778915723,0,2
0.0017364421240696815,33.98754895201561,0,2
0.0027786736195095723,51.3118528137241,0,2
0.0015290839378260068,64.51805061143585,0,2
0.002139711023110668,64.85960514051085,0,2
0.00019923282559874194,9.124263945071776,0,2
0.003237433893333811,66.27840054912384,1,1
0.000891187489980121,44.293684691065465,0,2
0.11116375954495893,605.057634514014,1,2
0.0005543149227616339,37.23919353451996,0,2
0.006119412239053228,67.04624837575301,0,2
0.005284158267986903,57.89493726721901,0,2
4.665139475516576e-05,2.1364935114113917,0,2
0.0034730466125442814,68.75629086554258,0,2
0.14730515032339925,1450.6245401789886,0,3
0.0022584008651286326,75.02432982285355,0,2
0.0013397922568545812,56.531091916021275,0,2
0.004582058917208238,141.67669944514154,1,2
0.008107365326903475,88.82690169352558,0,2
0.34760646281959096,2541.100400362551,0,3
0.00582674837927191,63.21693427094442,0,3
0.00011126991983646308,1.2191090239836253,0,2
0.8224592258177421,2020.0502061695577,0,3
0.007704378395401231,81.03507988762621,0,2
0.0011797597115670415,58.636263707582444,0,2
0.0019920838575263524,36.78644118989009,0,2
1.2842097681469098,3018.283294380099,0,3
1.1591361219019207,2552.7813563174295,0,3
0.005456388856812955,118.43378671104169,1,2
0.002467738455209316,139.93004849751776,1,2
0.008234482487254419,89.33949164577665,0,2
0.03037311953225363,95.85812936961553,0,2
0.005607111209740203,109.74852779648022,1,2
0.45950668547234785,1083.295969150343,0,3
0.0017925319277736923,101.64329978212629,1,2
0.0009828478432584362,57.74493400602111,0,2
0.0014307921728861019,60.37073540642731,0,2
0.002397071995323394,119.13896047284722,1,2
0.1322406480875458,1155.5587782842779,0,3
0.004101165260585375,126.80752659392388,1,2
0.0023592561407068573,71.51452698931013,0,2
0.002474049429157287,104.3898522094913,1,2
0.0011180853487887858,47.17640761018063,0,2
0.0023132164237345686,29.114235599997958,0,2
0.009151238217831712,96.2532318629803,0,2
0.0021047049417891968,45.683726491431415,0,2
0.0023521635001404807,107.72201093242509,1,2
0.9190806434973575,1881.253524194445,0,3
0.0012116432775086457,68.70472931423161,0,2
0.0011449956336527648,87.53232080881492,0,2
0.006207078557323298,78.12254212420467,0,2
0.5178139915435283,1078.5608915027858,0,3
0.0004174258386596725,31.91125917824048,0,2
0.5898367822506527,1306.4808117307148,1,2
0.00590090448666316,64.6522071726981,0,2
0.002917690680486304,30.688432634840357,0,2
0.0007106232134643611,27.211989385625966,0,2
0.000717332466987472,42.145196991266175,0,1
0.0038168786697638677,115.69844746148165,1,2
0.0006242789167121497,6.56620032034333,0,2
0.0005660506857818454,23.88389930106421,0,2
0.0009146361515145978,28.280437567735785,0,2
0.0008040132169799133,61.46498796567106,0,2
0.0030273585822131665,138.64391411143862,1,2
0.0049539832743800355,52.10627123934812,0,2
0.4012553855999423,1189.324825842963,0,3
0.00011248012657933104,5.590472618536368,0,2
0.5422352487736879,1476.4147961944675,0,3
0.0020771045456423227,42.52354537399443,0,2
0.1909269012925353,914.3040349123029,0,3
0.001213231418259619,68.79478286582881,0,2
0.0007719684609161892,51.86128270799855,0,2
0.001034929130276846,11.339016364515906,0,3
0.0983625496671814,871.4997701860061,0,3
0.0018149809586381163,22.843423856549457,0,2
0.004054530952316546,42.64578175754484,0,2
0.0032263273495704184,63.14921597948463,0,2
0.6370508322517257,1333.714442085291,0,3
0.4579072162330646,947.4493540534355,0,3
0.012736016370322225,125.34228133730976,0,3
0.6914548657349736,1420.010651612729,0,3
0.3404839322876508,969.0611448713807,0,3
0.0012707524230066245,13.922772195875758,0,3
0.0051816174251193775,112.46972843193797,1,1
0.08631966220319721,258.39750123074396,0,3
0.052680327742600466,207.99767722786626,0,3
0.001043166594452753,19.26343935427753,0,2
0.0033267719607462773,110.5157373441911,1,2
0.00044927452144882194,20.57542126994131,0,2
0.003004021348219483,176.49427192160007,1,1
0.11746258987467884,870.1752160983267,0,3
0.007532189628237833,94.80044373294677,1,1
0.008857965194133734,93.16856991044212,0,2
0.0010494095532258567,48.05979999197997,0,2
1.068240592084175,3046.600256197416,0,3
0.205417337856094,770.3779503794084,0,3
0.00047652964206582813,9.433910434023359,0,2
0.08747675782100006,330.2875914650732,0,3
0.3219941026463499,2366.4869666416166,0,3
0.006687113180162848,84.16427732982955,0,2
0.0009753912307854081,10.259219141620221,0,2
0.2124958402678384,1138.8019324135387,0,3
0.008261623411150013,89.63395536555288,0,2
0.07739688133935656,172.4039846616044,0,3
0.27506592394843427,2019.1531789953983,0,3
0.007722296239394531,97.19313324074372,0,2
0.0005166431840824956,34.70838458486166,0,2
0.0023627796199546655,78.49180375517557,0,2
0.0006280530737437758,48.013233867557574,0,2
0.6440041067949943,1895.833657901442,0,3
0.000128531410483294,3.9741754397598865,0,2
0.00022693422809394565,8.690022629604647,0,2
0.002822287910024337,129.2522943579115,1,2
0.003791429564943474,74.21001607276402,0,2
0.002376893434100151,91.01869693247949,0,2
0.0007992229133896819,15.822305091140402,0,2
0.0013052395009708262,74.01198708322258,0,2
0.0006077563725156323,46.46159706559461,0,2
0.03862953892624583,350.3133320971807,0,3
0.0009368648221302304,18.547217298903913,0,2
0.0010543638618336073,13.270266269331003,0,3
0.3279326207115791,2409.02698132339,0,3
0.0035583890251131554,38.98685446826539,0,2
0.00017858070312409192,5.521693426550105,0,2
0.002867243808429369,131.3111392380291,1,2
0.6376116384756674,1311.7213273028617,0,3
0.5916242293307236,1615.6347152974222,0,3
0.002139509597890126,23.441155179413485,0,1
0.001576823998834761,47.79719356299933,0,2
0.0023431407187748782,89.72619970783958,0,2
0.6988131134926583,1994.0209298527866,0,3
0.34686670795812985,1037.7791411860192,0,3
0.0007315173044799925,33.5012914985483,0,2
0.0009683843372760189,74.03078752908345,0,2
0.06092117363511849,229.94228541249723,0,3
0.004346706728368186,80.26764075653406,0,2
0.0027727700815942612,116.99404854943276,1,2
0.003762173871405066,124.97983760874045,1,2
0.03293149037140486,104.19098763612568,0,3
0.0014608629085300833,111.67965799067213,1,2
0.004791796960208515,104.00847044457768,1,2
0.0826346314041305,245.40102241456123,0,3
0.003955381207210436,85.8536271055364,0,2
0.0025760867815885656,32.422732570835315,0,2
0.0007770551322193417,59.404103492141964,0,2
0.0023350898082082423,72.20069032558392,1,1
0.0010671832727282644,81.58374219493331,0,2
0.06246102210562812,553.8783956359641,0,3
0.0006595989378355657,37.401739704385776,0,2
0.0008928457298060036,17.675766422157835,0,2
0.008457206422613888,88.95336689222557,0,2
0.42996616623064104,1023.5967673913225,0,3
0.0018370935285348688,123.41699391618683,1,2
0.45832499499622603,959.6105689771001,0,3
0.0027293694400037528,90.66995865837818,0,2
0.0007818802247164735,8.566531179559952,0,2
0.00032619225928749224,10.836143407628697,0,2
0.3663222500602659,1087.5606749961173,0,3
0.0016102069448933301,20.266129825713445,0,2
0.0011884816566880962,90.85672869924927,0,2
0.00032335577992442013,12.382305959563784,0,2
0.37801311173135144,890.0835575904231,0,3
0.005584570275074986,70.2876276707324,0,2
0.4304154933050514,1184.6996603889916,0,3
0.0023957740296998878,47.42940547909456,0,2
0.0027042338432552476,153.34022616397533,1,2
0.0018598140791669172,71.21810830637328,0,2
0.8232079949585573,2339.3413655907,0,3
0.00195437783950637,21.20389750485551,0,2
0.002869995689591908,86.99622760800797,0,2
0.0021453964907940616,126.04776988362079,1,2
0.0015356191684762544,117.39460461208418,1,2
1.4302572824389643,3146.074376809762,0,3
0.0018340066423861874,77.38393586385698,1,1
0.002381234522357974,72.18074272597839,0,2
0.0038201872058701947,41.8551995258738,0,3
0.00101808298995884,57.72913327127882,0,2
0.0038765211602428,48.79005233132338,0,2
0.006028303314019567,119.34299257239209,1,2
0.002259909583661137,86.53901876250121,0,2
0.004774457860186368,50.21801296146723,0,2
0.0006443723484519823,29.510314721043514,0,2
0.0013517548882784204,67.1847456053791,0,2
0.3362478220386397,1267.4906592445664,1,2
0.002496101998268713,27.08129915468289,0,3
0.005072824973694508,55.037290450170964,0,2
0.003352780850699904,65.62430253734775,0,2
0.006220013677204403,68.14847008361514,0,2
0.0014664307479727626,16.06668685057155,0,2
0.5477411955918954,1219.7481227273495,1,2
0.009258301864849041,97.37933324895177,0,2
0.29558462821050296,2515.9502076197746,0,3
0.0030743807880485637,152.8024739767498,1,2
0.0003409526274728811,13.056144387068535,0,2
0.0021929362923604847,128.84086010907353,1,2
0.4082432334402162,902.8517468963412,0,3
0.0015315337825808986,16.10875739126753,0,2
0.0014105075249614693,27.607999648994085,0,2
0.0012930863462010456,16.274837126419097,0,2
0.0037875280503760983,82.21028615294445,0,2
0.0026090991176163465,86.67456507080986,0,2
0.4310639772312018,1175.3698906584677,0,3
0.003086138015207512,141.33583528241184,1,2
0.003988540619568767,78.0680897310783,0,2
0.0007355130707207006,49.41218874512499,0,2
0.775628317511817,2340.7638863783454,0,3
0.7522854261584254,2268.748164746696,0,3
0.003857078109736188,78.96407350054064,0,2
0.0007044846102303987,13.0092323099307,0,2
0.7211829239832629,2124.21234414266,0,3
0.1253880192997853,613.1620078151185,1,2
0.0008860769375000045,37.387062465995555,0,2
0.0016533713005896242,54.92517988741167,0,2
0.0002360783742125873,4.620784758007049,0,2
0.005074714096110746,103.89213945862417,1,2
0.006090018859609888,119.20052574201617,1,2
0.0030458777368701016,33.371615980551205,0,1
0.0023299220611084775,136.88913963715603,1,2
0.0018288100207562643,107.44746980164281,1,2
0.005113674965844302,110.99500165905395,1,1
0.00043371884954522777,8.00918741018976,0,1
0.6822334420239208,1395.284919208661,0,3
0.18520152219544136,1001.3407608086677,0,3
1.0065156901706993,2067.9873637551077,0,3
0.365364749279261,1004.533100445473,0,3
0.0006480259273460804,38.073252808624765,0,2
0.0014255570396308568,43.21194109722112,0,2
0.004062365465525115,75.01690640420406,0,2
0.0020837846433345523,87.92304971376231,0,2
0.007517003865718182,94.60931511081422,0,2
0.25649207823065534,2517.802189331504,0,3
0.0006689349826200206,22.22209508552891,0,2
0.5326270276958354,1180.7534751731373,1,2
0.0066495101077381205,69.9399166473669,0,2
0.1802478768118738,377.4934670643644,0,3
0.036452615434149106,326.5856407302028,0,3
0.05982913579242162,325.10475837839465,0,3
0.2601612957808833,769.8836132425004,0,3
0.0014529202589815403,15.281895983613365,0,1
1.0102708347711589,2215.1208224712427,0,3
0.0037601034742895316,116.26193801412882,1,2
0.26032502317624917,742.8372222350324,0,3
0.27988153074942385,2056.816767172573,0,3
0.0032221674032323917,135.9558847343812,1,2
0.004769388002063927,51.74517041300166,0,2
0.1480453638338824,1268.1075614343526,1,2
0.503200904592253,1038.8203147440422,0,3
0.006313534956736412,79.46240667896048,0,2
0.0019922832940499785,21.828096449407447,0,2
1.2138328454965128,2980.449095958507,0,3
0.00340475185048008,103.20592745394295,1,2
0.3588078288389571,2626.7282596405134,0,3
0.004295132041335993,54.05870583551811,0,2
0.10629006703004042,1043.6935616741519,0,3
0.008752188985780184,95.89179706300288,0,2
0.16815062292057348,378.38291624771085,0,3
0.6947910048012654,1531.5506698079093,0,3
0.9735370636323697,2766.6991340713425,0,3
0.0011856804700947057,67.23254052011723,0,2
0.006099134415064426,124.8645955665557,1,2
0.04813766957599795,367.0527552133239,1,2
0.0018654905751521822,105.78032939498266,1,2
0.5501020881061233,1219.8722459772723,1,2
0.8674191127562755,2556.2012740106743,0,3
0.21023903396366686,1788.9004174363542,0,3
0.2929753934948114,872.75014522677,0,3
0.0016955613328931056,21.34040361013832,0,2
0.001948631284512588,89.24144963604522,0,2
0.6102142817590795,2899.2340608159943,0,3
0.07559836696640548,291.93303030261654,0,3
0.003342784547292289,42.07242170310112,0,2
0.004228853285475396,91.78948223584239,0,2
0.8827169531728468,2512.635918911193,0,3
0.159483067777164,364.4307629925845,1,2
0.002853588685513603,167.655951483818,1,2
0.0032159705407787146,123.14958836416494,1,2
0.07232355855944445,212.84583388645203,1,2
0.21952159574379027,1183.0912820234323,1,2
0.37014797701509833,1379.4545824569927,0,3
0.0016256760259009333,54.00513975863652,0,2
0.6460552112466933,1765.69947423528,0,3
0.00657922299184511,82.80636704984825,0,2
0.0014817968068665398,62.522821027865646,0,2
0.6039963655143166,2499.502976931013,0,3
7.242737059095255e-05,4.255301330405897,0,2
0.0010328570959923387,60.68311107851259,0,2
0.004135172306190172,127.85902027094178,1,2
0.0005488027941678369,41.954729632131745,0,2
0.0028327646100835707,29.79517550929009,0,2
0.0037181555280267767,123.51754330888406,1,2
0.00010352993522664208,3.138232521352659,0,2
0.13956174769545637,315.5618759790728,0,3
0.004440742190288501,55.89136106779852,0,2
0.0005580265730866465,27.734964141032833,0,2
0.0030628389981757847,92.84175567868942,0,2
0.8436913062654223,2495.464500559457,0,3
0.002135108604998144,26.872563379582754,0,2
0.0026612666841181686,150.9038266949959,1,2
0.14728750087115353,1294.072838789263,0,3
0.0008855949945487697,9.702863550507729,0,3
1.202741926791266,2828.8619723332213,0,3
0.008049273047728752,87.33007366464264,0,2
0.36630911434890606,901.6401927734049,0,3
0.003257617005272107,63.76165142441638,1,1
1.199824848420635,3612.1835445075644,0,3
0.0014567979797136005,44.158926468656645,0,2
0.0009472437488688946,72.41463746514295,1,1
0.0017782657010171842,35.20452427380043,0,2
0.0018872006820522922,126.78322114673465,1,2
0.0055619528210883885,120.72510801483004,1,2
0.002577188475513261,79.68635141017351,0,2
0.002710357692290297,83.80392725142008,0,2
0.37984260727475233,1115.8537142624998,0,3
0.0021107513457583847,80.82728248695676,0,2
0.31084163162584644,1666.7553234980053,0,3
0.006022096091347991,111.20590273710872,1,2
0.0007248404384479296,30.58386196868171,0,2
0.001900324041479848,107.7555179009921,1,2
0.0022447134541760984,69.40626454919928,0,2
0.0022784607645893666,23.964976874647096,0,2
0.6347291181999848,1909.79460123867,0,3
0.6548202913223277,1931.6749844242681,0,3
0.0002249904045917925,12.757801848711415,0,2
0.8860938829491533,1944.2334628907367,0,3
0.3636396557412168,1740.566017490108,1,2
0.00057276353853351,24.16714089615596,0,2
0.0029753765836189254,37.44821019139467,0,2
0.0034133460328811768,69.87976373691929,0,2
0.0016614748707345715,82.57840788147445,0,2
0.002433813319803071,48.18247354481143,0,2
0.0030800947109769425,117.94647711157371,1,2
0.002047524652279263,37.810228179575965,0,2
0.003245455001977164,70.44430585340578,0,2
0.5064500029173943,1116.3907148054768,0,3
0.003313204395284599,67.82961297339702,0,2
0.7743259350174713,1591.814197861625,0,3
0.000488036984230716,28.673475391134367,0,2
0.004162662794591895,85.22015928077808,0,2
0.0012353674513603905,37.44685344574682,0,2
0.3500310764483701,1679.3935028398232,1,2
0.0011999867893351208,91.7362700112057,1,1
0.0028471379870643313,86.30335761559068,0,2
0.005120834279586675,101.37772695874337,1,2
1.067383179186602,2347.632758669283,0,3
0.0026345182235037925,149.38708841055478,1,2
0.23424823336012768,1724.6901285469066,0,3
0.5404380695570532,1188.1408199587033,0,3
0.002887935706403291,110.5881067491441,1,2
0.9946861095419398,2345.8568168663023,0,3
0.0014159450278798408,43.78084650818948,0,1
0.0010781874748138956,33.33742441439285,0,2
0.03829394875821829,188.00094144497004,0,3
0.004336710137182328,84.88284523571713,0,2
0.00046629695749752267,14.417844705456483,0,2
0.8790347703344826,2644.718043688553,0,3
0.0020020870477546436,43.45635118997181,0,2
0.6300538942771432,1492.677607523692,1,2
0.0007121383120067003,7.802416356260685,0,3
0.0026830714972683953,113.20931334938983,1,1
0.001505302782799794,18.945801792731245,0,2
0.16930634848039197,374.61204840798854,0,3
0.005125642456954727,64.51154356418131,0,2
0.391161956951029,926.1278460337869,0,3
0.0019799425303220386,116.32690811033046,1,2
0.45518780220164634,1305.1571104347036,0,3
0.32675819420184493,1554.110448547293,0,3
0.46241070976918114,1096.3138848889153,0,3
0.38816335868459245,808.4204318715956,0,3
0.00045125977403262594,30.315889703678394,0,2
0.019226429612203205,116.22851273725769,1,2
0.2428157126601344,1155.7648440292,0,3
0.0009853681627107081,75.32916248599702,0,2
0.15690050998243768,430.47525562823506,0,3
0.0022954835839285523,87.90125869407039,0,2
0.44460366003741686,1648.6762501892713,0,3
0.24914324516099234,1821.3185124950387,0,3
0.003982165398389073,152.48959012257907,1,1
0.0029371069020584237,63.751448350602814,0,2
0.19690585389313886,594.6442720112393,1,2
0.001396527018929069,63.956735486933425,0,2
0.0002218904426698756,4.81624863073492,0,2
0.004540849326269057,92.96258715873269,0,2
0.002856627052538638,130.8249237627614,1,2
0.002843526950363508,35.788745367012105,0,1
0.0031892666581392858,105.94779578232377,1,2
0.0015517963256987293,31.76916713484043,0,2
0.0025924820416989387,128.85120517661647,1,2
0.0025229828623089825,169.495431632468,1,1
0.0025142195408795983,76.21182715642486,0,2
0.00561337268099833,121.84120308816443,1,1
0.36542368127401015,1366.7877600190493,0,3
0.19513584773266576,941.7344000914242,0,3
0.14611623115608685,706.5936207636908,0,3
0.0034861216401047535,115.80935154969016,1,2
0.002255047819666813,69.72580186201854,0,2
0.00239989905788513,47.51106912181927,0,2
0.43639501807192677,1250.9675623083724,0,3
1.1594612626645513,3486.3849052658657,0,3
0.30897200758291415,2622.9647729283693,0,3
0.0036803737343907837,75.34649125676388,0,2
0.00027027595430034133,15.325662779669145,0,2
0.0005758861456598389,12.49991133966926,0,2
0.0023061021357610426,135.48965544776632,1,2
0.001690533202410923,113.57098738650346,1,2
0.20812249696008767,436.9965892537146,0,3
0.003212001892057769,99.31470435032239,0,2
0.00346034864437499,63.89987621348545,0,2
0.21916367745830764,1616.4718044122667,0,3
0.30484238219677434,2991.1370302217733,0,3
0.003078884481660293,174.58432595541666,1,1
0.0002519579105475261,4.931596452239701,0,2
0.13871520093375153,753.790476807144,1,2
0.006298913520038536,66.25232226473335,0,2
1.322082958721367,3103.349289964694,0,3
0.2320099211271061,2037.4773131531913,0,3
0.0016401893391414701,81.52047715930107,0,2
0.0005995347374851336,45.8330717036535,0,2
0.00041652701967983955,7.691717723409099,0,2
0.006255687149384912,123.84453570343837,1,2
0.001806285782273784,55.85013473444282,0,2
0.9553028261636599,2105.303334317739,0,3
0.005078861649090004,63.92275842165974,0,2
0.008159788807631815,88.52910734087774,0,2
0.0004545037963047961,9.304833907068945,0,2
0.0007093723660644471,23.565429495089127,0,2
0.008469222142788627,92.79152133452051,0,2
0.0009630128355531238,44.10309027978865,0,2
0.0021075103318293326,63.88352748366789,0,2
0.0015104831226299253,115.47301088349778,1,2
0.00391748705226915,77.55492778442532,0,2
0.846332187535155,1860.9161405181455,0,3
0.5499408369033202,1288.367463002377,0,3
0.0018670330676652312,109.69317582461159,1,2
0.003158647921421995,104.93063791734646,1,2
0.0010605512786518352,71.24844144955756,0,2
0.00394514035654251,121.98325570709157,1,2
0.0009915134630646472,10.863340352899721,0,2
1.042211202986021,2286.2888680655637,0,3
0.12336873388325068,269.9784211253182,0,3
0.0056651287369883585,104.61403235060439,1,2
0.005727900402578018,62.144489463184506,0,2
0.4750179548717675,1408.0247554060672,0,3
0.0012328391517063652,12.967070673313655,0,3
0.19575128777692197,486.42070484767925,0,3
0.8706817146833592,2146.3424653306856,0,3
0.0028434164537810237,58.211874237716266,0,2
0.0039538276186099315,122.25186478418244,1,1
0.43168908054079935,958.337808096754,0,3
0.004280104858059844,132.3403169897469,1,2
1.1768783049760103,2764.2100225590684,0,3
0.7772458312288649,1596.9544426936393,0,3
0.001284117796975489,98.16789484391563,0,2
0.0047526310343658125,49.98843719515781,0,2
0.9060849396223979,2135.441655717016,0,3
0.16150978238517064,671.8446275306566,0,3
0.00012094233780150951,8.124975422760574,0,2
0.730454365594656,2196.808142351265,0,3
0.06129656955432877,337.8177037808223,1,2
0.04855011924357424,120.66752762610395,1,2
0.001052898644953949,70.7343331410448,0,2
0.0009061894551974575,69.27612977252993,0,2
0.000374860488819,3.9428034422990335,0,2
0.18218940133125708,1794.4642985330338,0,3
0.001996940715581251,36.87612944399102,0,2
1.0835767992512175,3268.5790406937845,0,3
0.21949090936353968,1053.2796166007683,1,2
0.35342315648961087,740.340388299541,0,3
0.000703517748924136,47.26272472809027,0,2
0.10742622580229662,925.058706931792,0,3
0.07695672011281847,684.1449566684836,0,3
0.0011238367656086939,34.06609961461077,0,2
0.0018481904450769744,104.7993469755018,1,2
0.18109871186659984,1543.8280937489596,0,3
0.4132507376542967,1132.931791583126,0,3
0.0029334758533948006,60.055616274613534,0,2
0.0002014871544829084,13.53602227255079,0,2
0.2179328774361343,1907.4554063267756,0,3
0.007078126752246906,77.55023288635813,0,2
0.008723390392284537,91.7531046698952,0,2
0.00598589161117534,118.50336336432785,1,2
0.29645391572634133,1410.7583974816912,0,3
0.008818053119868262,95.67090394009176,0,2
0.2634573170561265,1091.4256458889904,0,3
0.4023911981896007,894.4546112948575,0,3
0.10255084123241581,235.01653240553384,0,3
0.21715049001433193,1159.456717479556,0,3
0.0018568868222583286,56.28654747368847,0,2
0.5333392206634239,2531.8179931725786,0,3
0.043300668095140354,243.48420765975106,1,2
0.5809810872621219,1378.1297998303494,1,2
0.31437815013305404,702.7177573313029,1,2
0.34685242540678723,1861.2600438322343,1,2
0.2521224047067914,2142.1002010134157,0,3
0.1416034287586906,1384.9130023129364,0,3
0.0008326956274472974,16.484968141930423,0,1
0.6674416650010428,1579.1167636086525,1,2
0.0036131950408499,111.71954727964552,1,2
0.0038868390036983147,117.81910748775465,1,2
0.4258355739077616,1258.686187402655,0,3
0.0051581065654646326,54.253251352609304,0,2
0.41214204146353434,850.1268023103978,0,3
0.6317142660760863,1392.09496118013,0,3
0.12833088737246176,1266.0517921779829,0,3
0.47267427616144525,1167.5378380816205,0,3
0.005367664694131775,116.5079821478317,1,2
0.0006016710278344779,23.039868826198422,0,2
0.002016870568331453,92.36660351124038,0,2
0.67257299544742,2034.4110896845496,0,3
0.008459932043815704,88.98203512741561,0,2
0.22693827689546336,684.7695636845879,0,3
0.0015789681832031376,34.27233394473078,0,2
0.19687715464693697,583.7311177635752,0,3
1.1309145894895705,2349.5476891249355,0,3
0.002734977333104225,135.93348761261436,1,2
0.007935446913180386,83.46547139188124,1,1
0.453208029538486,1297.3555304288186,0,3
0.1168091658209582,1003.8151160054778,1,2
0.5222226332362742,1540.2562203064494,0,3
0.17627240820955062,1503.506051692287,0,3
0.216009384798282,1030.7073541349203,0,3
0.0004623013884686242,27.161440451971504,0,2
0.0023335536274145924,70.73542418278653,0,2
0.001071974083678732,32.49402140630438,0,2
0.0031404131239180146,95.19320739829911,0,2
0.3256015479987817,1733.8291418187912,0,3
0.008502399803558672,107.01154829539968,1,2
0.5510090090608536,2043.2553206266668,0,3
0.48747732549416656,2328.251901669194,1,2
0.09819520556965669,232.2749464776267,0,3
0.1401281496645192,1037.324747693633,1,2
0.0007936323965371396,24.056839129278007,0,2
0.0020021773636917047,153.0619210797428,1,2
0.4249667416422107,1007.0877120427974,0,3
0.002692906403430109,152.69791773751368,1,2
0.0021930084134483543,100.43318684023237,1,2
0.002155244079502026,23.383182942378358,0,2
0.0009027927313525953,11.362585882098644,0,2
0.7597788816760763,1664.9788776196615,0,3
0.0010115897515393965,31.278230983104393,0,2
0.00040300144318854137,4.41541340904764,0,2
0.9245141005653847,2032.6071410083412,0,3
0.6703933847415362,1402.600000537126,0,3
0.0068309569330541565,85.97470062974037,0,2
0.3408987020225179,2501.967681153695,0,3
0.00039358689795948197,4.312264623982306,0,2
0.000548598623010633,36.85516924798566,0,2
0.22813106906183916,1085.8294419396348,0,3
0.0019874599635583256,133.5186970185264,1,2
0.6248011836357434,1705.9301379133217,0,3
0.00035700964297481655,17.744046831210692,0,2
0.355283398295551,1329.3709617466293,0,3
0.26452305964402206,2244.7304493521588,0,3
0.001472166774698324,45.51921602071774,0,2
0.0005286285543731169,40.4124547291683,0,2
0.005331202355549722,98.44764374897258,0,2
0.006241191372828845,68.38049972721406,0,2
0.10116128792162794,280.54744505521336,0,3
0.006235618889804059,123.44724213187428,1,2
0.0002480314209747096,2.6088082622375275,0,2
1.227342559615557,3703.1100896157836,0,3
0.21961782136629623,520.1371752842582,0,3
0.0009953154954974845,45.58245491046378,0,2
0.002065896885277519,121.37695587558684,1,2
0.5373583586424421,1271.4885600526295,0,3
0.0024450118091668793,138.64136222033514,1,2
0.0019970193732898596,91.4574785081679,0,2
0.0008772508825177708,58.93421600423992,0,2
0.004676599685478207,91.53553610335763,0,2
0.0052787149752088845,55.52181730526018,0,2
0.048688398092336396,362.0861681798654,0,3
0.10151807619370712,889.0576978039028,0,3
0.00301141232984344,55.60967835352794,0,2
0.7423790745412968,2231.984648798398,0,3
0.33144196222314787,782.4975633362834,0,3
0.0022006569546984306,84.27004994772936,0,2
0.0023893984612834906,73.87990721433148,0,2
0.004502458515311944,88.12705420606544,0,2
0.00010922543958540598,3.377237188677065,0,2
0.10380015807027457,761.13711140125,0,3
0.00029280669757807235,5.731133695425951,0,2
0.0010932344774737444,46.12785184840755,0,2
0.004604325233958918,142.36517122672186,1,2
0.001744334391394286,18.92504453420375,0,3
0.5125861161354219,1545.7486454419536,0,3
0.0012878801823490156,25.49630750641932,0,2
0.03903464833131715,124.20470105407456,0,3
0.0030044211235783227,92.89633246164911,0,2
0.665598638733783,3160.683729377244,0,3
0.5976859561666708,1754.299716262712,0,3
0.00045706348343800703,30.70578622078522,0,2
0.10485205418124066,318.28532481826056,0,3
0.0029559216305903298,98.19604781779287,1,1
0.0005107231640639963,23.38958421022125,0,2
0.48129359935239713,1998.4458666741386,0,3
0.0020425040753893446,120.00256585939708,1,2
0.003434998676703578,67.2335599651041,0,2
0.001203462886226505,92.0020097392154,0,2
0.00011452031876659847,2.344518469969367,0,2
0.0008060592221663583,45.706588480440416,0,2
0.0013014932595164642,73.79956110781758,0,2
0.0023173113993796442,25.141521974936985,0,2
0.005284507414751356,104.61798225725023,1,2
0.0005713629737705805,18.98074201733398,0,2
0.00346909934686183,36.48817961470597,0,2
0.0839115925742694,198.7432344440559,0,3
0.001557990533621424,91.53610211699727,0,2
0.7874759573269796,2149.6981095099113,0,3
0.004939197727556074,62.164942648506184,0,2
0.0018595458951399235,20.373782821167254,0,2
0.002093820184767891,95.89066441198847,1,1
0.0016154131417666436,61.859230650307474,0,2
0.001197092976162698,39.76756281801026,0,2
0.007244661966615755,79.374846249489,0,2
0.0037868035645959074,69.92829448437551,0,2
0.0009398690344146508,35.99053014843944,0,2
0.00046142119356484183,35.27460433561147,0,1
0.0009194511824337614,42.10809763864011,0,2
0.0004970739620273742,15.369465908802821,0,1
0.19742095112901742,1740.4366209835111,0,3
0.005137856656042442,111.5198779489216,1,2
0.36014756005081733,804.5044426517011,0,3
0.05248140594434242,151.914768160494,0,3
0.07037206999574998,159.27850964664026,0,3
0.0014483992151415987,66.3323259963352,0,2
0.008876428515216314,97.25300530053619,0,2
0.10615959488008887,451.616217716369,0,3
0.008322934195758164,104.75278688683017,1,1
0.0017602122261381515,74.2702599141238,1,1
0.10521531691115053,1040.9170551125812,0,3
0.0010079917475315553,21.87899043972679,0,2
0.0005033138594291119,21.236786452843905,0,2
0.34034900561679476,1827.2553796211196,0,3
0.0007380290670001373,31.140341952139348,0,2
1.1116210747838604,3171.7440595442845,0,3
0.006010291762483786,65.85068934342227,0,3
0.0013249949620042511,60.68078251103957,1,1
0.2905289295810538,1091.793864224811,0,3
0.0011609632010270384,68.20968666367365,1,1
0.0023663528845089695,134.18110545410084,1,2
0.0004782153653320255,32.12678174359452,0,2
0.1744971419438748,435.6199784590698,0,3
0.002206069916949757,45.16379033902089,0,2
0.0005424940833728873,26.962970357924615,0,2
0.00019248282805344155,10.914500038527327,0,2
0.004905460394626147,96.01504880783432,0,2
0.009306738504191689,100.97286479528242,1,2
0.13746557192532816,1202.4655629735068,0,3
0.0015388274344988358,117.63986927727133,1,2
0.001515108555302867,29.994772930778723,0,2
0.0014534971057978449,18.293773443729172,0,2
0.0013139206312827148,50.31413778015197,0,2
0.003588052011579627,77.88055393393545,0,2
0.00017820296205005293,5.919922369269519,0,2
0.00033031342168010814,6.465256418998241,0,2
0.0016156824576071438,73.99339516631797,0,2
0.004257088962552137,44.77629815989568,0,2
0.23133661572896624,1978.788370135198,1,2
0.1821868954660311,685.504674940653,0,3
0.0565896148779442,161.7462936310334,0,3
0.004777615425840848,103.70065279070235,1,2
0.00131702690546503,100.68372159222285,1,2
0.6653434842936069,1473.0776599068047,1,2
0.0028032171270741344,84.97201445493599,0,2
0.004244981400789178,92.13955145181085,0,2
0.0024264836713899754,75.02657736001296,0,2
0.3862400803990241,865.3164236344827,0,3
0.0008636524915169821,17.681135014332526,0,2
0.034660139408450745,169.36141708823394,0,3
1.0230272686211799,2249.9262021889735,0,3
0.7499639988225686,1766.0203127682753,0,3
0.18397978106441004,1608.927309387752,0,3
0.0003091256496430528,15.36412282393638,0,2
0.0002824032174697859,16.591942758725533,0,1
0.9641130163354218,2128.777431901831,0,3
0.005923568019229128,115.94256741036367,1,2
0.003084395770802648,141.25604573087065,1,2
0.12967915044055237,293.2888489204778,0,3
0.0028215797595679774,129.21986319774885,1,2
0.0021625662106646588,42.8125642942426,0,2
0.0002250716705749101,12.76240993549421,0,2
0.0027381180776571553,155.26158965091665,1,2
0.0006370508817864695,37.428439589671434,0,2
0.00012752313423880645,6.338138228260029,0,2
0.0023461750821692617,116.60928871651683,1,2
0.07925122974249757,791.3187995369808,1,2
0.4873306770961314,1444.6083193727231,0,3
0.002902797276677573,132.9393811077333,1,2
0.0033170799411649716,127.02138410340702,1,2
0.003028458440749149,59.954729278399846,0,2
0.004648918948928051,140.91951861768618,1,2
0.001595575997747429,49.33501405356785,0,2
0.002542433960736041,107.2752638996502,1,2
0.6887795959070169,1886.572817580873,0,3
0.29171878424201325,2858.958905777773,0,3
0.0001565176556490517,1.6462613955871703,0,3
0.004341517303556862,80.17181122109064,0,2
0.002527583285434411,50.038848005238606,0,2
0.0007397308490824444,33.87744712778344,0,2
0.004473170720138419,148.5992326001351,1,2
1.0920929664657069,2565.2852585740884,0,3
0.002149455867848357,46.655068851936846,0,2
0.19739477874027864,1443.371195544921,0,3
0.004594196107827713,90.9518123777034,0,2
0.0025145937476390226,142.5869197426101,1,2
0.004608963855075609,90.21169348006829,0,2
0.008296187019084838,87.25975586239569,0,3
0.002664871961041902,28.029271301397362,0,3
0.004768246807412483,144.53662284342943,1,2
0.8561462921786899,1879.2291951339466,0,3
0.22549333310915498,2215.068956812013,0,3
0.8567821763587531,2018.6265314081177,0,3
0.6482450607828191,3083.203033645943,0,3
0.0020352304485332243,40.29168401953744,0,2
0.005430433707114667,106.29040201965802,1,2
0.00036935217523015345,12.269920651875557,0,2
0.00013383873807292036,7.589159649336414,0,2
0.003653034841198725,39.63336811780885,0,2
0.15341571121976516,1501.3228099147575,0,3
0.0025633093057660745,150.60126316984852,1,2
0.3036123746467092,2226.688853105593,0,3
0.0025977355586567683,129.11231479301654,1,1
1.0848466671261736,3275.037000321331,0,3
0.2341490187205143,493.2838923299732,0,3
0.0018170380546893683,19.11170718308698,0,2
0.0009676963879725565,44.31758288835884,0,1
0.0005655716629039383,10.444022543267282,0,2
0.2947507078364808,2882.2533808652324,0,3
0.0017619640241850472,32.53697664859869,0,2
0.19242251589309406,720.2307144747251,0,3
5.663702519834639e-05,2.5938053401610586,0,2
0.0005489113984361616,10.13636890873961,0,2
0.18447895592978034,552.0440362768245,0,3
0.0012536557512587958,95.83914049778771,0,2
0.1919697594875115,1027.0738241264796,0,3
0.0009949933987116327,76.0649899605575,0,2
0.8658798169219856,1911.520584748396,1,2
0.0024495707538338104,138.89987152345614,1,2
0.0020164707468356404,43.76855693515942,0,2
0.37034211030379127,2708.521003710453,0,3
0.0017893680064357043,19.60489130467138,0,2
0.003016355905727343,91.43274530796523,0,2
0.0017332024542628575,101.83027009417357,1,2
0.001890267890983929,62.79491116766402,0,2
1.0216577356225203,2395.710770018022,0,3
0.0025846629539682583,109.05707080718976,1,2
0.0014157136698714516,15.511014233261648,0,2
0.0008898345612055349,40.75174549919998,0,2
0.0047270113362537156,96.77379093039869,0,2
0.0005566641981084732,12.082688869605246,0,2
0.13829152379486656,743.8088929288351,0,3
0.0025972903973024613,78.72989753512398,0,2
0.004207623585285057,44.25601857434183,0,2
0.5695081710703704,2713.929476983058,0,3
0.000661540750150371,20.052834880820818,0,2
0.004424580563467295,86.60274155324907,0,2
0.0013670490852194608,25.24435434137014,0,2
0.17316065897545252,521.0097783080952,1,2
0.000265714107567487,10.17502572071572,0,2
0.008455407467902678,106.4201008555298,1,2
0.82873461616754,1705.2808999972485,0,3
0.001612835695480387,61.76053215628882,0,2
0.004545809310848815,140.55586606478033,1,1
0.25552612337318403,530.0540991301732,0,3
0.005935081888581765,121.50602843605692,1,1
0.16221075540440158,1380.3839682950208,0,3
0.3705734784668883,2719.5196776106122,0,3
0.5612686108094823,1327.6282399219153,0,3
0.00519778102235583,56.39299311670122,0,2
0.05955468835890678,134.20980434843688,0,3
0.0028722841038084277,53.04049318315766,0,2
0.005110409827124625,110.92413010776683,1,2
0.001028858560908665,11.27250525434035,0,2
0.4817556521368419,1419.0707184201515,0,3
0.004908720548926288,61.78135564387207,0,2
0.0008864751641544668,67.76901690906136,0,2
0.001303372419239013,87.56130454829689,0,2
0.001738706573765851,79.62752952177782,0,2
0.49904675659993797,1470.4886954255596,0,3
0.21817198517601322,2147.432027264318,0,3
0.007720300163535775,97.1680105491395,0,2
0.0018477181260179428,104.7725647090517,1,2
0.00033680619028798685,3.654157243039113,0,2
0.0053171640236003076,55.9262265318192,0,2
0.0007101341566679745,54.288146602320694,0,2
0.3786318053355714,1406.8414212178384,0,3
0.49902625906154047,1173.9323407241322,0,3
0.4392622886054791,972.6291840728306,0,3
0.0015644998226404874,88.71302207667395,0,2
0.08584010408021338,763.1786702118599,0,3
0.40355828575778113,1196.828558492715,0,3
0.003180473773137015,121.79030591182156,1,2
1.1128153135246739,2444.703494128573,0,3
0.0013861731299366436,30.087616026579187,0,1
0.004092145572431918,44.83486284647769,0,2
0.0003863278924594654,4.8623385017113145,0,1
0.005682328183003339,71.518012659351,0,2
0.0005087333319037254,5.350885441572305,0,2
0.686710344644631,2032.5803360006223,0,3
0.34671585721784637,1023.097347157822,0,3
0.0034092740029139823,143.85064627713447,1,2
0.0015835315273336349,32.41886639504664,0,2
0.00025705522213129595,12.7761252096676,0,2
0.005341505740446458,104.54980636234046,1,2
0.001251094586607694,13.573670785179129,0,2
0.16412266006058038,877.4984571012355,0,3
0.5502540513804006,1626.5268266773403,0,3
0.1478892286287142,1292.4746622888852,0,3
0.003552985141869383,77.1194091041088,0,2
0.004313519491107365,79.65479489307424,0,2
0.8250466129166226,1949.7921085389592,1,2
0.002093345919380641,40.9732613153288,0,2
0.33199078868037407,793.6249049057436,0,3
7.436352524607394e-05,3.4056257054634256,0,2
0.0005022089329826949,24.96072305398733,0,2
0.0007281776431751146,22.072753702892424,0,2
0.001856937571926177,40.30580556124091,0,2
0.0031241814693031503,61.14990482611665,0,2
0.3090361117677661,683.2487193113807,0,3
0.3643063727318959,1002.9213332041567,1,2
0.002613664108127162,86.82621456714588,0,2
0.0077333101450000495,97.33175470278465,0,2
0.001948239304983234,21.137297866736677,0,1
0.0016982942713985813,18.607058176051957,0,3
0.21695621421626532,1164.1862144059899,0,3
0.0019491082046722303,59.08199152397056,0,2
0.09597221335636578,238.86283670899476,0,3
0.002458206367317251,139.38954327574126,1,2
0.001206896311285956,40.09323070939649,0,2
0.2154583383074856,1148.0236916066715,0,3
0.0029642087051569748,32.15999296380893,0,2
0.0007806724962472531,8.211156676472424,0,2
0.0630629797204425,195.0876068186547,0,3
0.8271874945906111,2040.4234792441125,0,3
0.0015556469745731983,77.31856355377272,0,2
0.0015652851002258324,71.68534783777524,0,2
0.0026433463914667006,87.81226334597244,0,2
0.0037195375524393354,156.94188273314012,1,2
0.0037867284811877646,74.11800130759568,0,2
0.8097229335921596,1783.388772125283,0,3
0.0005209785257493942,34.9996353175094,0,2
0.008594887362176595,93.24968131003844,0,2
0.43516021131824795,1800.911874382705,0,3
0.003624594691041553,39.7122250346393,0,2
0.09376891053161415,512.2526494009857,0,3
0.06995375385312816,167.89659733461616,0,3
0.0009143818452599297,27.717035053169113,0,2
0.0019976599895310835,117.36785612664681,1,2
0.001664590847356687,94.38855949561655,0,2
0.0013984347180478539,69.50482043192993,0,2
0.0012630798926656112,84.85442956902283,0,2
0.24184705197999598,2371.4550710157,0,3
0.000275636902787542,9.156688799313104,0,2
0.5664781143968824,1616.0497020097941,0,3
0.5634412935475721,2089.421259890523,0,3
0.00488233653041051,90.15874756809649,0,2
0.09579257407795727,848.0070409457784,0,3
0.0020728847995086877,44.99305358617113,0,2
0.0012270496398562826,37.94022429028647,0,2
0.001653572576923008,51.12826116478378,0,2
0.4688555094288665,1031.3333479359967,0,3
0.3549388492922862,737.3297044983647,0,3
0.498397825962987,1419.6833841153784,0,3
0.5132678585443322,1524.8934949982934,1,2
0.27991480710617217,2048.590789328736,0,3
0.0015616144866373951,91.74901902899293,0,2
0.001034411520356676,69.49235753745694,0,2
0.0023667316503799144,99.86169406762394,0,2
0.0022635808251411688,44.81236187528616,0,2
0.0012508865168171614,24.763939786877707,0,2
0.08322411249726142,255.74833308880767,0,3
0.006031360396295005,63.43818364847813,0,2
0.007281851550053946,76.5909190598271,0,2
0.002627912858122529,57.04022918848151,0,2
0.0033595038439130994,42.2828514475427,0,2
0.0021879816581699455,40.40395101277114,0,2
0.00016924788143951423,11.370169471233632,0,1
0.25713486784459805,1372.7325299134664,0,3
0.39108774216242187,806.1592967432728,0,3
0.005642445513865595,61.820447551318416,0,2
0.3448837784581142,1647.6990847407856,0,3
0.002170843577809657,42.9764322541389,0,2
0.003097552041025342,130.69787368152313,1,1
0.0005133614384138104,10.509797624509089,0,2
0.006090028805542188,112.46036940332503,1,2
0.0012885714175446092,25.50999196662583,0,2
0.5104818558616756,1257.2067241414056,0,3
0.00395675479727412,85.8834415994993,0,2
0.6616073421292198,1952.6563914197575,0,3
0.12126904132900113,301.92942982354543,0,3
0.004232672283499721,128.302116515655,1,2
0.009031750449485853,94.99645287880158,0,2
0.0041895198713941895,126.99406679314787,1,1
0.004080920834383509,51.362634908740816,0,2
0.015299509738813258,136.00163895927918,0,3
0.0039119226167548754,118.57944999231432,1,2
0.6975140399567471,2058.6932243201554,0,3
0.7109127593781205,1571.2327559928615,0,3
0.004673195226765932,101.4341575114809,1,2
0.06520624417752945,247.73593020425602,0,3
0.001883010397418634,110.6318865910146,1,2
0.06733734019398308,175.03058657309168,0,3
0.0013773925927778945,45.757136286891345,0,2
0.004348573055461739,47.64436481267412,0,2
0.001357248585506418,41.14135338027378,0,2
0.0007621645766245724,23.56603518227213,0,2
0.007161097809802241,75.32082451282672,0,2
0.13085441276952933,621.7122960425293,0,3
0.004840015577527819,99.08727148743398,0,2
0.27362776369788916,1023.6812384237139,0,3
0.002488097751718462,76.93167716296495,0,2
0.3735395570410654,1069.7583711855996,0,3
0.0009994142425161362,21.69281118708049,0,2
0.005704092649942092,61.886188772034316,0,3
0.19623482654594793,414.7148695705424,0,3
0.5643519074767757,1332.1355584134692,0,3
0.0010206419079983372,11.073389172189483,0,3
0.02572657722465208,197.84497424849417,0,3
0.004834459754268172,98.97352983539864,0,2
1.1385485004780125,3236.401578664996,0,3
4.2968326114173554e-05,3.2848311342855547,0,2
0.00020956491491436565,9.597442547726711,0,2
0.00251247308816968,27.527463116765247,0,3
0.0024513938833746933,75.79679805779132,0,2
0.003232467875883451,63.99352680295518,0,2
0.0009867607539051082,19.53501262123837,0,2
0.0012346480658986384,94.38604603709487,0,2
0.2838039547057577,2786.000453896295,0,3
0.0050133487723493615,99.24982439252206,1,1
0.38047679048785926,1592.1425314652877,0,3
0.16681061930317664,360.2505852368045,0,3
0.5345181237945096,1576.0922389899058,0,3
0.0043645448332119445,47.819356745920345,0,2
0.002608078618622674,80.6414708445164,0,2
0.007546958710530488,81.88024635598791,0,2
0.5054240835002405,1391.8555730749606,1,2
1.1202056394808562,3193.667234252431,0,3
0.7144784829495996,1770.808378737271,0,3
0.08626083928854042,747.789582057538,0,3
0.001550151599251392,91.07554380069237,0,2
0.00414721692399667,90.01752212138598,1,1
0.00614140961348553,67.28725868396373,0,3
0.008362390700175908,90.7272236298343,0,2
1.1147970250757564,2460.1956441633924,0,3
0.0026307493367177044,28.54214685058959,0,2
0.00034796629607083805,20.443948613973497,0,2
0.0012522893053215052,38.72063164925404,0,2
0.0012187979207902437,71.60763081025794,1,1
0.0019215872378742834,108.96122108092379,1,2
0.3642376457782766,1115.7569004703912,0,3
0.4510990974645417,1955.4162779970177,0,3
0.0010944405275619244,59.407929026233234,0,2
0.4063304175150121,1008.8914337347339,0,3
0.3653761005934464,1153.8277375479784,1,2
0.004522561338768266,82.43248570955942,0,2
0.0040146874251292776,48.522290154827125,0,2
0.006477938355613945,84.02375290443551,0,2
0.006165396579301982,74.51617773974922,0,2
0.34572064475186043,3117.9442432283404,0,3
0.008281299629679424,108.0531698000813,1,2
0.001108646452374738,22.88917892815624,0,2
0.0770046529018191,1103.5479088002362,0,3
0.001127584534878514,53.53835855342568,0,2
0.007838545793418895,101.67185896505968,1,2
0.07268136869810414,247.38196203676705,0,3
0.00584936684046118,70.69658107834941,0,2
0.43162182341601923,1154.4361876750722,1,2
0.0016370236824809572,31.761332387661977,0,2
0.00420279217828847,134.48473174201922,1,1
0.0035856140062839165,87.12928804412185,0,2
0.1300167566878842,404.18315285363354,0,3
0.09322185957571667,858.9450506837514,1,2
0.3326679046606185,2749.8766503526545,0,3
1.3275022219418724,2763.215562152921,0,3
0.002527337567472852,25.490014196957475,0,2
0.001269548216007035,28.378251368985467,0,2
0.002048879252770687,89.39836627537376,0,2
0.44619263828356376,1185.3499569357211,0,3
0.3409854256368263,720.9645041908942,0,3
0.0008197828306076725,31.59899834797017,0,2
0.4095009419699107,1097.2741244982417,1,2
0.00169198157830715,91.84338389011083,0,2
0.25911441975678456,788.8063810777163,0,3
0.002644741642530356,64.26638672497002,0,2
0.001294823026810782,15.649482002709377,0,2
0.0008446148344361472,10.955292293972068,0,2
0.0018319380967052458,41.908220188172756,0,2
0.004759385942334894,48.00182484535455,0,2
0.000931401089470903,21.30714024193961,0,1
0.04150714168064762,151.29694227446024,0,3
0.003370331802252769,160.02528137942488,1,1
0.18129534408158768,800.4520315377783,0,3
0.00019152350050648955,2.314790139046707,0,2
0.0029014120153708803,173.0425917641024,1,1
0.002389781136536291,30.99726621170907,0,2
0.21973576784559293,568.8789588330102,1,2
0.0026667204528040183,48.57326827709363,0,2
0.4493493078085122,1226.3418288343407,0,3
0.0016060117904470527,31.15964346806958,0,2
0.0009285164286132973,25.693848708831613,0,2
0.002978106594743558,64.98444353097095,0,2
0.003682477222606295,51.745935032701944,1,1
0.29575683416840376,787.8919460672604,0,3
0.0016123418439869615,20.913291430017434,0,2
0.0033182396074022905,91.82211948535712,0,2
0.0017009739465583555,17.155543685358133,0,2
0.7094822582053564,1979.9753432912187,0,3
0.6417716033066697,5799.979359495083,1,3
0.894340529856629,1928.0283556944314,0,3
1.300683169840735,3261.4858470705967,0,3
0.34834587886945606,2933.890081561702,0,3
0.004035214164001089,40.69803244803646,0,2
0.40319714537532053,4300.638015748328,0,3
0.0027390602947755345,87.64691979561886,0,2
0.005789398778355699,75.09287457115623,0,2
0.6161503350379354,1710.314372364417,0,3
0.49387051111044,1249.9752165156185,0,3
0.5676119333128054,1779.8073813617123,0,3
0.0027959389173039606,54.24646340699708,1,1
0.0033314499399067477,80.95318149416093,0,2
1.1519483669224535,3503.2537908129602,0,3
0.5862771192848795,2295.056453584503,0,3
0.005194567181929915,94.68110057925848,0,2
0.2003007393711531,1148.515569883604,0,3
0.0018082694354600243,23.454620264804344,0,2
0.0036988482767691838,102.35429884871816,1,2
0.00514755515571472,66.76767803616046,0,2
0.0017392790560191616,103.73202911552188,1,2
0.0007354415603535624,16.824284020438416,0,2
0.29748944785428205,2508.0012451413986,0,3
0.9223561455185827,2799.8857350243593,0,3
0.0054845989147281355,71.1393901412599,0,2
0.04530356770145887,386.5578416611065,0,3
0.001992684229220549,108.1659900926234,1,2
0.004826596615174535,93.64503460535971,0,2
0.001819409337914368,33.16227752663543,0,2
0.004555315850785552,59.43708585955213,0,2
0.000709124220484338,33.669623519002386,0,2
0.00014285292963867058,3.1931960479866675,0,2
0.003495304670381718,49.115798268281424,0,2
0.00022871610955892615,4.43752186107941,0,2
0.8589066671048006,2209.4974222355563,0,3
0.00018880020529048435,10.248367922761096,0,2
0.684328210140236,1433.828038123606,0,3
0.18599755438177176,1549.9444085941582,1,2
0.5449058079755756,1297.2720457883984,1,2
0.001649317783804642,37.73051773325029,0,2
0.25467044139863504,554.6322828971138,0,3
0.006327201953309953,82.55639302920284,0,2
0.003314559393596276,33.42971160117311,0,1
0.004909239403262108,89.48044628719747,0,2
0.0027843630980194526,33.65235193475685,0,2
0.04776905867652921,368.5434247906423,0,3
0.0014542904574057637,35.3387988615223,0,2
0.00044047368255585947,9.094045185973387,0,2
0.00866803986520213,87.4234063812566,0,2
0.1766234499041295,685.0704683587237,0,3
0.00236970201616504,91.34152033712996,0,2
0.14378534260566045,390.37105449318324,0,3
1.1570049045178958,3199.490196800889,0,3
0.05757012990328133,813.1223983672646,0,3
0.0008150591088228633,17.785180263590842,0,2
0.22740065473199308,1919.2416770761079,1,2
0.0011686683307843935,21.28683578304763,0,2
0.002235725792808512,106.15353919821203,1,2
0.06704205186841025,181.7095829923278,0,3
0.0035839143911309814,99.17385553279703,0,2
0.006980631421936088,90.54406163118034,0,2
0.000350445565853663,7.8335208017703915,0,2
9.005105930620652e-05,2.4918872973946193,0,2
0.8526934268702959,2294.6527749061556,0,3
0.38245268133376714,3211.2356228938515,0,3
0.0018663459324373577,101.30815142567367,1,2
0.0033956949119596093,108.65850604552135,1,1
0.0033618024101113877,76.90606788813686,0,2
0.0020372217487757086,37.10719600892665,0,2
0.0006954428361762226,16.899041303728445,0,2
0.8603911979618409,2609.4248840431865,0,3
0.13787888000202225,1169.9095585257294,0,3
0.0010186512692243375,12.31161662611744,0,1
0.2635700505864954,696.5882022044217,0,3
0.19275680292302727,546.739867746391,1,2
0.0037324357719960765,143.86887281572322,1,1
0.004271507779041022,97.7168873017582,0,2
0.0013608880124886674,59.379372813554355,0,2
0.06991485734780702,372.26244387346463,0,3
0.0052132064222938646,94.95651254622044,0,2
0.6408323355793983,1950.0258481906587,0,3
0.0015805159893729458,60.92189330205366,1,1
0.006475306864092844,90.99059900471264,0,2
0.0010599973907604579,40.85820603813329,0,2
0.0017023429428656457,47.10712775417518,0,2
0.7144037963000202,1545.9132824405324,0,3
0.12019244177996942,1730.4867109606519,0,3
0.0039215617778165235,76.0856598697558,0,2
0.0009049616649441076,53.97265576880444,0,2
0.8696340368405359,2411.8159264519813,0,3
0.0011668162376422498,22.638425305437067,0,2
0.005723653075260809,104.2540983466508,1,2
0.4009857739202366,1811.1265381094624,0,3
0.0035170982203442617,68.23830761392051,0,2
0.3269551140928584,957.3967955909321,0,3
0.10857243147917524,636.3296698158662,0,3
0.25451207149048033,696.1724118873419,1,2
0.29911471416399915,814.5113666996463,0,3
0.004774294950491651,61.92621127142314,0,2
0.5898226723343425,1800.886304230796,1,2
0.0006731589120509066,36.54010963901729,0,1
0.0022940423840022628,136.81856890418527,1,2
0.04170470122931626,784.6012490463378,0,3
0.0012897165669706317,16.72859792591014,0,2
0.001524768762006461,29.583376210548142,0,2
0.6490616761596123,1715.4860791251808,0,3
0.29002199942845075,1276.9679585019635,0,3
0.20195474479020747,2391.3813433397854,0,3
0.0015338345993601615,66.92551898019916,0,2
0.0074756449357479375,97.54110679832499,0,2
0.0006598091889566973,35.815465967544895,0,2
0.003213514403784259,41.681708808546176,0,2
0.0008964524797694178,28.685494344465575,0,2
0.0011369722289249653,20.723532527819515,0,2
0.0021166151159549697,38.57943148342462,0,2
0.3817576445116941,3157.895427547512,0,3
0.0002726704237582794,10.510237526554947,0,2
0.8140783262854913,2532.264109321548,0,3
0.4612175115027581,1409.8699073677074,1,2
0.12631501488930802,1005.7153118285969,0,3
0.1442573679745039,1201.0370752056238,0,3
0.0008000612471243901,14.582673927495154,0,2
0.0014703918485289682,17.771440802347836,0,2
0.20064702714400137,611.6942842103675,0,3
0.283315493311099,621.9810901347796,0,3
0.0019134813363241119,39.50584660149688,0,2
6.59007540608374e-05,3.930375011023143,0,2
0.008127044723856582,98.22503732766386,0,2
0.005594807578521831,56.427651945350455,0,2
0.0027925641895550804,77.27566210464101,0,2
0.288664523745387,2192.5913536185685,0,3
0.0015967635140410844,61.54816343845863,0,2
0.23175259599238263,1954.307600675342,1,2
0.0009695290084785936,17.65959104627465,0,2
0.0641032859254515,903.245627603591,0,3
0.004384425322119991,98.00519770016889,0,2
0.002005715117581655,77.31143703019673,0,2
0.0012545173526099943,59.565201329020155,0,2
0.0037271032360830098,143.6633271672707,1,2
0.12943394307357295,276.14472546056754,0,3
0.03863944108504848,468.2138808234823,0,3
0.0033507629558500616,74.89971018042128,0,2
0.00961703218161332,96.99467534407772,0,2
0.010860748054314518,111.16570467193229,1,2
0.00029780008663919764,5.777880697784051,0,2
0.004844013957034727,88.23181643416359,0,2
0.04565949220440755,121.84068520750641,0,3
0.001619715645161541,33.440743111046395,0,2
0.0008984432686918252,39.20160756352061,0,2
0.005506552396321919,120.15696277652137,1,2
0.5752164939741702,1554.3255444963797,0,3
0.4268314918015443,1125.9752475512607,0,3
0.0025097588978291122,60.98634865521424,0,2
0.0007308160942007114,23.385312004972267,0,1
0.004804992561190165,104.84841889492047,1,2
0.25312387847897494,2806.0653685774355,0,3
0.002244185271826952,50.164344260027164,0,2
0.0012871832214298117,35.61885383262076,0,2
0.8336160918429041,1860.520299329995,0,3
0.008143632535573238,106.25690996641613,1,1
0.003818015729549413,49.52254755047045,0,2
0.001674536203940009,40.69070095043762,0,2
0.0045560484378550795,88.39589210444217,0,2
0.003451281728004237,34.80865452116654,0,1
0.003228269586222725,89.33247466994926,0,2
0.005741741030862117,104.5835633714091,1,2
0.0059389842237790565,83.45422747419101,0,2
0.0037076354351982853,102.59745654878715,1,2
0.0019943317242535146,25.867988673114283,0,2
0.002625880101120035,47.861777363874666,0,2
0.0015350079628149082,33.49498585953928,0,2
0.007764966020705084,101.31612542071343,1,2
0.5563457397862266,1509.1917297160728,0,3
0.0030004922587369394,39.14997814536057,0,2
0.0019189231329664264,114.44614917338995,1,2
0.002497455862593963,32.58643382759965,0,2
1.0547641550130866,2862.409874033614,0,3
0.004139229564877501,50.02753058862546,0,2
0.5225505393066595,1310.3008667306497,0,3
0.0746190219037255,539.8398646565615,0,3
0.2884549575520933,1619.7721201257948,0,3
0.18016638337546295,1517.531463027892,0,3
0.0035266371023006753,64.23631314856532,0,2
0.5247899802359828,1227.0335781114702,0,3
0.001418867352722175,25.844112944390734,0,2
0.0012378272493871688,17.393869549358143,0,2
0.002795467777081389,39.2817348851069,0,2
0.7686757637678167,1936.1364639598203,0,3
0.19415710394488994,1612.2984500499836,1,2
0.002722134664901239,75.32674069051664,0,2
0.9648594660833055,2473.412303666772,0,3
0.002618716059333353,54.06616357786954,0,2
0.006837714614440988,68.96326190850903,0,2
0.0762898977157992,218.69477380754876,1,2
0.002520553023798125,48.90346013091962,0,2
0.006914114864784789,69.73381329467067,0,2
0.048827329421899386,326.7971960042295,0,3
0.0014499860963865777,31.639747135861104,0,2
0.9199837210645991,1987.2724403768884,0,3
0.001161025122033057,44.752377755801064,0,1
0.005486489773838283,99.93426172734388,0,2
0.002187583899323857,39.8459836721091,0,2
0.0015137506023177143,27.591051960696408,0,2
0.8262016831837571,2580.637462882701,1,2
0.47224184054793894,1122.700216883149,1,2
0.00013985092449179338,6.6402018721163,0,2
0.004955263086249482,110.76515227072187,1,2
0.0057103928414782975,127.6445915388757,1,1
0.0035266926942746453,64.23732573459131,0,2
0.004098576761712088,84.6194534323022,0,2
0.5004869359580779,927.9015259246722,0,3
0.005477031609668565,71.46349642982784,0,2
8.551858805547896e-05,1.5576875768621532,0,2
0.2531370417363672,2095.5202911947786,0,3
0.5427738159255738,1508.4954976658553,0,3
0.4391702392556921,1220.6991721217275,0,3
0.16851281452485084,452.3132590572315,0,3
0.0004020672979256609,21.824836432316367,0,2
0.0008621581333675229,17.80016680407328,0,2
0.0010044033244289755,59.90343788296938,0,2
0.002589658380767373,99.81986428651786,0,2
0.0013301766006018746,51.27241829860035,0,2
0.4455195054949447,1392.0867408502004,0,3
0.00473853577862334,61.46238780534674,0,2
0.6254912480280014,1653.621956882909,0,3
0.4784103978283515,1322.9038463219604,0,3
0.0004845092021632517,11.083845225977889,0,2
0.8086879106567769,1915.7498312369669,1,2
0.002356602664465575,111.89284219094908,1,2
0.0016318311342970312,77.48027545983552,0,2
0.14055043465654865,373.5169086056214,0,3
0.0013612668689408063,73.89167661394234,0,2
1.2137917519161823,3041.3741640837547,0,3
0.2559367505321672,750.6614411355132,0,3
0.7908967599921309,1986.3176984693735,0,3
0.000824118270780071,10.75297301510579,0,2
0.6852812084948956,3079.611598802493,0,3
0.003672559896463585,37.0404037453691,0,2
0.26075750104261214,689.1235726232717,0,3
0.49095302450618283,1300.5996020570906,1,2
0.40783795435669734,1107.669892076643,0,3
0.0015351447475948914,59.17303282283704,0,2
0.005057553491416902,71.06841904810172,0,2
0.4168242237870199,2197.3615100231145,0,3
0.005482287160211175,71.53207007413101,0,2
0.0024003567313179708,46.5714264297082,0,2
0.4487259811874927,1188.240200722392,0,3
1.5423010750618436,3176.1251677605305,0,3
0.934887177459756,1953.3526815252271,1,2
0.007244590599153595,93.96781151360416,0,2
0.34013383481262877,862.7028160633901,1,2
0.9722235590758093,2682.0764388990615,0,3
0.001645135500811089,45.524086985188205,0,2
0.43386477793860084,1321.6615574302493,0,3
0.062041451012243724,170.82435473936863,1,2
0.24368179760055728,2022.2308438439577,0,3
0.24981983185177498,1098.2840356834654,1,2
0.0037962469803452543,69.19399241194081,0,2
0.9314479543778281,2535.532694957096,1,2
0.002560716635843987,98.70428816577436,0,2
0.0030816022336155146,98.60788545869998,0,2
0.026792530156828632,229.3171902602438,1,2
0.02866619115878126,69.83070200664062,0,2
0.0009131595877789858,12.831660278473413,0,2
1.2498048024893444,3143.0619756765896,0,3
0.7207100084742079,1953.6454030997609,0,3
0.002835367714620531,58.53916621304438,0,2
0.0015820367177110564,20.64218054327464,0,2
0.002890630092089909,59.680116462046165,0,2
0.0006446507018968019,15.66480848049328,0,2
0.22366305239360726,624.8450839123059,0,3
0.00830368244560374,107.70503263614066,1,2
0.006664127890643283,86.95255270760096,0,2
0.8073628682974695,2232.8698684679803,0,3
0.6295992237863659,1997.9406574078507,0,3
0.006838730326348181,89.23073940249047,0,2
0.6676787441139788,1762.2009795828483,0,3
0.004617065622563756,64.87871161299746,0,2
0.0012116116753551045,46.702265403079544,0,2
1.404613624922143,3527.398902627256,0,3
0.00017481273271156259,3.609193814118125,0,2
0.002548415048011089,121.00020385439487,1,2
0.29743782091559057,2461.4765712124336,0,3
0.007193385617834122,86.94065245512063,0,2
0.00488720240288089,49.29094563232568,0,2
0.9627394058513142,2008.3540246228072,0,3
0.3059905416991781,807.4308405053775,0,3
0.0019889930252850606,107.96562581891604,1,2
0.006907198948489807,97.05951902495,0,2
0.3374376451320841,2787.5571008768065,0,3
0.0068267718245289075,82.50968710968166,0,2
0.0029910284583358694,68.42408018397076,0,2
0.0005754832430157875,12.86379510681812,0,2
0.006985719334580461,98.16288248160542,1,1
0.7998138306965769,2178.7375070955586,1,2
0.0032126542417241248,41.91823624469029,0,2
0.2365712756584302,657.5707699476766,0,3
0.14899921888182438,1258.7047515459474,1,2
0.004721247669534579,97.47515309379263,0,2
0.00416001372665773,95.16630040946409,0,2
0.0004137174743801895,5.366228100865217,0,2
0.007076854149293713,91.79214307676578,0,2
0.10688533225022874,1054.647136461319,0,3
0.004398785938046803,57.39470676493088,0,2
0.29952320022063905,915.23858818272,1,2
0.5967542907301878,1898.581455064785,0,3
0.5307521089009667,1688.897138391329,0,3
0.0017222627317115356,24.20112604561166,0,2
0.173288510151614,472.3967383887983,0,3
0.002186184373612473,28.525009587822073,0,2
0.10493625354337797,326.4828942720194,1,2
0.0012520384214318354,28.642180619414237,0,1
0.12759676182589222,399.87522434906265,0,3
0.005401747027309535,98.45735663512782,0,2
1.2736320630303926,2650.9573475059597,0,3
0.0009555919634612241,51.87101364914612,0,2
0.35005506163300965,3148.7122808439385,0,3
0.0009173301910958344,35.359017182018476,0,2
0.44510368774154063,3571.13097600755,0,3
0.28751615332989705,898.4767051964435,0,3
0.002500985335243198,45.58532708887517,0,2
0.007035374822133443,98.86063822525539,0,2
0.005712438779851155,80.27082534708947,0,2
0.000812814440454625,10.542817166935466,0,2
0.5058923391413465,1058.357251082821,0,3
0.5558345858683647,1543.4448726094104,1,2
0.912323735314769,2519.0158896964863,0,3
0.09539112830188791,258.36255232423224,0,3
0.03548938499655105,382.4908103327334,0,3
0.004144351701958139,50.089437729909704,0,2
0.004918302743152743,69.11167641607737,0,2
0.0029249569903313645,93.59540979298404,0,2
0.0018330102490948894,99.49863883894405,0,2
0.00013864872721804214,3.1717891557110347,0,2
0.003211776541057027,41.65916741646142,0,2
0.42853846924897177,1772.4661196155166,0,3
0.27436181350199695,1744.017648514701,0,3
0.007442674380627319,96.53710776115189,0,2
0.7826175691468521,2166.0036393335185,0,3
0.0033777362187685147,75.50264437834335,0,2
0.6611916442139242,1739.8057452022954,0,3
0.00462923571599343,128.09992204649674,1,2
0.0019018989303913813,41.50081258400199,0,2
0.0014567681626692383,26.53446134875464,0,2
0.0009447566175055741,12.254206851987746,0,2
0.0027997653648940365,61.09290868770651,0,2
0.7347509390472644,3200.001233699228,0,3
0.18188069243455046,958.6742145751937,0,3
0.006429006749117866,117.18116511331951,1,2
0.6934733631105804,2167.4671205571226,0,3
0.0018319036894269356,58.61890519414755,0,2
0.8348978187720181,2104.679326272222,0,3
0.0004783183450049992,22.710828559135802,0,2
0.0009104148090213075,54.2978857531647,0,2
0.000507671950711977,27.55722075067258,0,2
0.0035603049199466647,113.92584543016967,1,1
1.320541106823868,3306.5909808731694,0,3
0.5324993029211049,1961.560117897177,0,3
0.004679215962982649,107.04379871643737,1,2
0.0018360852084514665,58.75270920834394,1,1
0.001247018138460017,67.69007835363307,0,2
0.0011874242428050626,21.643118709556582,0,2
0.002861245965968507,55.5135427425558,0,2
0.005090222382616686,123.6907964455691,1,1
0.0032596952584562923,104.3066665677365,1,1
0.001997146257809237,28.063771819953885,0,1
0.2125478615782475,1794.7648371623407,0,3
0.6057458084306921,1600.3165616503043,0,3
0.00398179315623366,91.0892483950829,0,2
0.0030384648537385584,67.91890084050394,0,2
0.3840660241427205,1014.1424402319903,0,3
0.0005198833980054361,22.683975335552688,0,2
0.0008212759055443817,26.279926572124474,0,2
0.0025915529320249785,82.92684626641577,0,2
0.0038676266731763054,39.00779226194698,0,2
0.002341374372579662,45.42705795114311,0,2
0.06994502451842276,540.5043761381785,0,3
0.0005207271113693752,31.05659192001134,0,2
0.7066795644714405,1776.0317872290448,0,3
0.0002288178959647181,12.420590229499568,0,2
0.0002486954866860795,5.426715698989447,0,2
0.0033204703520834274,60.4810665655989,0,2
0.39905489819181156,1987.4792663049031,0,3
0.00041464278807437513,22.50745353887508,0,2
0.04168448201879076,285.74175010752566,0,3
0.17328857052497817,471.28518327365623,0,3
0.0492596785597886,154.34947622331134,0,3
1.153314158802818,2406.980141379086,0,3
0.002286424316114626,99.76312571691273,0,2
0.002654406685265024,102.31562473729304,1,2
0.007972078597513142,80.40413724117748,0,2
0.00036081855807686104,13.907957808943411,0,2
0.005092310311508569,92.75443725308021,0,2
0.6453945745043187,2008.78861700127,0,3
0.00305755100882497,69.94587925479637,0,2
0.001893087728636378,41.308545778005644,0,2
0.9331679018003388,2829.0933263696515,0,3
0.00581269362467689,105.94765847459443,1,2
0.00013299153687618752,2.9019716868031833,0,2
0.7246337894297238,1563.4667956595895,0,3
0.0035815878738365793,78.15284226204305,0,2
0.1349085273090977,426.3008604133425,0,3
0.3730033869231546,3135.4384578894606,0,3
0.9673836198959596,2086.642567842169,0,3
0.26296130123690614,1494.2042367824158,0,3
0.9969427121812341,2350.2910217505055,0,3
0.371693490787371,3080.5691551178493,0,3
0.0005810033909615541,12.677914926847974,0,2
0.574248168284859,2510.2011069736695,1,2
0.7384269453423298,1994.461424757889,0,3
0.002162286393675503,52.54287653335336,0,2
0.002058192427663937,89.80472629838025,0,2
0.0014112498769103523,84.16809988846813,0,2
0.007311365071471253,88.36657499291435,0,2
0.0006461844585180099,35.07589447094998,0,2
0.2553591987432502,2117.3913439463067,1,2
0.0022098013414670447,104.92263142297382,1,2
0.10081318478615077,284.52244226942304,0,3
0.5797228095688821,1378.9181605167666,0,3
0.5033071541996267,1323.9678308160205,0,3
0.5631864594042755,1523.441820998476,0,3
0.04184801030331852,363.06069788965357,0,3
0.7641914054470141,2114.381461770687,0,3
0.0009992508328858633,21.80437712926747,0,2
0.0021200345053642633,41.13264903787987,0,2
0.0008391041123988983,32.34374821172256,0,2
0.004428196100933208,91.42479341914104,0,2
0.3508195844814374,1075.7393309648216,1,2
0.8136595884624368,2471.871457376015,0,3
0.006597271861465254,85.57159860138952,0,2
0.4710367287043549,1288.5028569866247,1,2
0.6014512021301711,2568.3975206501646,0,3
0.26956271954911964,642.1889649316088,0,3
0.0011452210004791105,27.828508659897523,0,2
1.2486205166234734,3136.4542109847116,0,3
0.8903385285855693,1896.3813108443003,0,3
0.3904534329773531,1059.688621832459,0,3
0.0018190718265400465,33.13368064242541,0,2
0.0031432478343506177,121.15828658094904,1,2
0.14642374824875892,409.2654482321209,0,3
0.007890419049277446,102.95301793812479,1,2
0.0016549510727091959,78.57802335735965,0,2
0.0011138966018106053,24.898965920853932,0,2
0.5592277357912109,1544.9701737825208,0,3
0.2818026550724746,2337.924170374407,0,3
0.004947912454266438,102.15488737998133,1,2
0.0034773853307471765,75.87906727724943,0,2
0.4579368377091811,956.4942072178559,0,3
1.1174689434103338,3459.867598414417,0,3
0.6378937584102918,1375.9972887208628,0,3
0.00017699981861698976,10.55641432274994,0,2
0.0018854296022377782,34.34236152903576,0,2
0.0021560878733666,52.39225444729077,0,2
0.00424375230612213,117.43284916789432,1,2
0.1820429451103652,1524.89080457679,0,3
0.002369128596072365,103.37174613815262,1,1
0.0006216142620605598,37.07358431502855,0,2
0.0035703889239301124,79.80901638143754,0,2
0.0016549691207253842,34.16858841131479,0,2
0.0077019786605148485,100.4942756833241,1,1
0.25434609487051935,2661.566160886658,0,3
0.06478664863317496,550.4636217977269,1,2
0.5467303684885979,1452.4975214095848,1,2
0.5492144989500016,1150.8453376373468,0,3
0.3726649400075461,809.491941989193,0,3
0.0015390772447666518,67.15427034935256,0,2
0.7831657538999509,1855.647004305284,0,3
0.0064794325101586725,91.04857232006125,0,2
0.0007778371024439837,42.222204141968334,0,2
0.0015058745562352676,81.74120612887617,0,2
6.418095520227425e-05,1.4682317089980408,0,2
0.0011599496475800657,69.18034814419633,0,2
0.19149846569318463,525.3112217175516,0,3
0.006061675677981066,110.41104762432568,1,2
0.3226333688188696,1009.8887895511883,0,3
0.7497625166132744,2036.2204097752624,0,3
0.004183193135635079,115.75705957874246,1,1
0.00010629942544648206,2.583042469830709,0,2
0.5733526610424143,1592.4839724071924,0,3
0.18007437155984166,616.0935013075211,0,3
0.787773963076555,2129.4911876750734,1,2
0.006258475741227843,81.1771570477524,0,2
0.0043294717006828855,78.91305111489847,0,2
0.000556757462357167,33.20547159792941,0,2
0.0034708833256439126,63.263606330348594,0,2
0.005725865413868153,74.71024301545032,0,2
0.00120686381075676,65.51043917707104,0,2
0.004924059573146528,101.66241941353796,1,2
0.0011635890455109661,63.16141781171998,0,2
0.001895895152066532,73.07836361206455,0,2
0.14322501672987753,921.6510995827116,0,3
0.0016936046642262632,73.89673641989205,0,2
0.27298495802881034,2266.088330823651,1,2
0.0019296129772298724,27.11479846909315,0,2
0.2404007570559479,1799.8948837435605,0,3
0.005258407319814606,95.77982918570237,0,2
0.16337882583804197,350.7027294152895,1,2
0.001757518461007686,42.707143592040936,0,2
0.0028757854995468905,65.78773166283285,0,2
0.47080427075139014,1302.871296061956,0,3
0.9842466166456064,2669.4141447265383,0,3
0.004096763408398312,74.67148941095739,0,2
0.19422844289590538,608.0437470506268,0,3
0.0007747490790446977,15.995514401090801,0,2
0.0015191066207685061,33.95663827250801,0,2
0.008088385971314551,97.75780015345032,0,2
0.0011307081215009823,25.866575409749032,0,2
0.2121680891045205,1760.0056582288053,0,3
0.00032600718735291715,17.696175681147917,0,2
0.7460563539765418,1563.2522997457797,1,2
0.2559192474330266,2122.676483589061,1,2
0.9509979396148813,2885.4532372815092,0,3
0.06925185180533144,516.9788403317289,0,3
0.002118707646522288,67.7963166854351,0,2
0.1825829901010392,561.2131760532062,1,2
0.002139040671875636,93.33236265810437,0,2
0.007694750721885089,93.00024825328735,0,2
0.0957818197595742,1528.0028915068203,0,3
0.31509636217865516,984.8103771757142,0,3
0.0016097949699528625,33.23592027554896,0,1
0.001843805349319848,58.999745233360464,0,2
0.006071564922879419,61.23609211281503,0,2
0.006486063846191467,91.14175543099171,0,2
0.49442461001195626,1569.4207252725091,0,3
0.0005971370080572363,23.01698770285988,0,2
0.002692252099042967,65.42087581479963,0,2
1.1641226030669936,2975.0649626657428,0,3
0.0045453465825530176,63.87092023761,0,2
0.0014810945245848234,33.8821685991635,0,2
0.0011272884877452025,14.70869305869138,0,2
0.0032983519773527926,60.07818903544207,0,2
0.003234699663436474,103.50683499187653,1,2
0.06966763774744027,535.555087898382,0,3
0.002603641432044015,83.31366498436758,0,2
0.005643955810588937,68.21394356837143,0,2
0.28671928865539925,2373.746989961503,0,3
0.5639965849360328,2894.3513760954315,0,3
0.15506802435593436,1586.4089395180665,0,3
0.6873286106177527,2993.0556660255006,0,3
0.3025567751172438,2724.594950807226,0,3
0.08466344826396503,707.5212144992539,0,3
0.2713002827833413,1676.3132950818149,0,3
0.0879539557729728,602.3321240839649,0,3
0.0023989578357417455,66.38381162783423,0,2
0.0040414596148839075,73.61360351752718,0,2
0.46426379764933795,2029.1265772154272,0,3
0.2551132124169528,689.8946567461807,0,3
0.0042510500029739875,82.47834993834847,0,2
0.006167846898098552,80.47715189444808,0,2
0.0021978182523639707,26.563257274094163,0,2
0.46596594862057644,1478.1567777107084,0,3
0.008594637555611982,103.87645489873968,1,2
0.0049904061476729175,90.89829283294148,0,2
5.775010592155568e-05,1.598057329673189,0,2
0.0007831506702048686,14.274445738678923,0,2
0.16999502189090002,453.5513799179355,1,2
0.04809071801727247,462.3768912781296,0,3
0.0019870838549672838,20.041167561287846,0,2
0.002402469569043475,76.87638641289003,0,2
0.005019653518832225,60.66850509778683,0,2
0.003119989665825704,71.37425338520323,0,2
0.12132805458428801,1979.8590448312318,0,3
0.09433820259603472,299.46120562778196,0,3
0.0031224943081374786,99.91638691182217,0,2
0.0014404720768182333,62.851849448278585,0,2
0.00714408099169326,93.21490961326896,0,2
0.0026277445651098357,47.86333775276112,0,2
0.0030157129399540177,179.85959263337438,1,2
0.7406724320532082,1544.5392708532722,0,3
0.660142977552624,1515.4859090394234,0,3
0.0017584681472606835,34.11758297449823,0,2
0.05638761928820527,1039.2878949634726,0,3
0.6684292980124433,1582.0591850199478,0,3
0.0023304513991448295,101.68415121875617,1,2
0.007562590830813753,91.40293820088964,0,2
1.0194674466180649,2773.598846161287,1,2
0.0005416470057109189,7.067329827076085,0,2
0.0008578515970214918,40.73128441045331,0,2
0.29910009150757866,796.2967604914368,0,3
0.002828824062348071,64.71342120768114,0,2
0.7887040395444487,2398.8097500127815,0,3
0.003696022844364203,71.70978118919722,0,2
0.3185694056505815,672.4933117218214,1,2
0.00281871369848733,63.006796326696524,0,2
0.608606727877145,2658.1271933946837,1,2
0.08873110939049765,269.0527177173835,0,3
0.0030320152016971116,58.82678647605097,0,2
0.30156254243078856,3233.9232321628865,0,3
0.008441591590625819,102.02671170986741,1,2
0.006359571193190819,82.9787420721733,0,2
0.0020819580523695896,50.590923206675264,1,1
0.00353283652140461,35.63119317542479,0,2
0.0023935945017990986,31.046728439193657,0,2
0.0033834338720141045,61.62792241321769,0,2
0.2211216059265919,1995.6082205403038,0,3
0.7214042262941026,1948.1145103580427,1,2
0.0013206607426516205,25.62329749263268,0,2
0.046876543324460694,139.96245333266674,1,2
0.00029082422063399216,17.344994995427506,0,2
0.003121849078256689,37.73127288729655,0,2
0.5447390701984572,1441.5393146929664,1,2
0.0007025708467294531,33.358465585409895,0,2
0.0003717190640154511,17.64943373628938,0,2
0.2667761447349457,1523.8657590794849,0,3
0.002228726676267248,28.908268226404722,0,2
0.005577592300374504,101.59365855595107,1,2
0.19772650281489923,521.5682263754916,0,3
0.003103461436976865,56.52833419692915,0,2
0.3868376693481885,3640.784852996465,0,3
0.007536643457708258,98.33700646935132,0,2
0.23450652816083142,1866.8992602862168,0,3
0.3890908664705925,3222.014650464491,0,3
0.319864799278337,868.707868359358,1,2
0.1481941886943531,493.6634929183034,0,3
0.11374613745859648,361.7563222330281,0,3
0.005245987884258769,68.44887215473511,1,1
0.0049508465471526306,59.83689070519068,0,2
0.0019904377155923,36.2796026976645,0,2
0.0024947580684800295,45.441040818248084,0,2
0.0029164186276088725,66.71727293981071,0,2
0.3839233072559053,1043.8063340898946,0,3
0.13254426630285654,1102.3863200251278,1,2
0.005437951573553823,70.53433889604658,0,2
0.004189725061535522,50.63782894585653,0,2
0.03847674428158428,787.2904769269061,0,3
0.35420423200760887,2970.7712479474094,0,3
0.3312327804329968,2744.4600995631076,1,2
0.0022648830990550754,51.81246014064586,0,2
0.4297207085549948,1339.103081258785,0,3
0.4042350156524346,3341.1886439331984,0,3
0.004107010859457948,89.61795247644964,0,2
0.0023196545365947057,28.03579421378863,0,2
0.0038601770761974683,93.80108393817268,0,2
0.5048789091195055,2199.484070045539,0,3
0.38201259063813015,1382.6750045302601,0,3
0.7599142819148458,2047.069337790981,0,3
0.7390569869519956,1755.7995979760196,0,3
0.00033630432002940483,4.3621210230190295,0,2
0.00116314268750526,32.186411913224774,0,2
0.0026242197385853722,47.79913441857851,0,2
0.18543031931723067,499.1108613628655,1,2
0.26102307595744495,2165.849460874209,0,3
0.004779543626847112,109.3389384025211,1,2
0.5359401150891886,1678.111804049729,0,3
0.12511639053756074,329.2070182826459,0,3
0.00244824547917579,54.72570851979981,0,2
0.003165763330458789,72.42139183366552,0,2
0.0024114132338011237,130.89524980010492,1,2
0.5957830447977848,5226.143916248403,1,3
0.000950238018692828,11.484760823609257,0,2
0.003140680433783681,57.206263642064975,0,2
0.006959191318944672,70.18844170334535,1,1
0.0037398126246899212,48.7965206702406,0,2
0.3086700134007553,1879.800540137523,0,3
0.10466781494859592,359.23149256131984,0,3
0.00620147717044247,80.91595470203845,0,2
0.426057105392012,1656.7000038844158,0,3
0.000659429060298066,14.74023861181866,0,2
0.0008478526158469747,46.02275478517798,0,2
0.005973572385943786,77.4817453578146,0,2
0.36492388567548967,761.1914387159717,0,3
0.004834579298487745,58.43166220846921,0,2
0.7107975110941576,3097.40542636201,0,3
0.0009132457442400022,22.191583189240536,0,1
0.008254981441430128,107.07334383080723,1,2
0.5715686231276577,1397.2025741618204,0,3
0.0018001758273726994,40.239387124837464,0,2
0.00046547009534451484,27.761018173354017,0,2
0.6825886897639024,1420.6664028310224,0,3
0.3990597214225284,3297.842681734667,0,3
0.0012929582605626401,29.57828082467914,0,2
0.002027234472083376,20.446115366233887,0,1
0.22014904848910857,1209.1709468597448,0,3
0.0031147690675466877,67.96651769928746,0,2
0.5967708840848537,1866.1261731231932,0,3
0.0028346782295932756,109.26429457853858,1,2
0.0012816849499594492,60.85513438764171,0,2
0.0026035993632889873,113.60236539019182,1,2
0.0016824847341040043,34.73667736031395,0,2
0.00038872210875598976,7.541938601597169,0,2
0.2239384593127837,619.1903734355205,0,3
0.22675299386702855,473.41796562025263,0,3
0.49706070888623505,1510.385649167093,0,3
0.3867847379091779,864.4651198025637,0,3
0.20037424300900922,630.8581823023477,1,2
0.00012272453794250944,4.730487547325395,0,2
0.0021378589211787317,38.94026267650339,0,2
0.34413779206970657,2853.5551478524194,0,3
0.001409976343738865,39.016777455583224,0,2
0.0009559045177066186,12.472500426653017,0,2
0.007210827778477251,101.3260919759337,1,2
0.4112849827184755,1848.045200972381,0,3
0.0032937684381878084,126.9601893952117,1,2
0.0033686109356793814,65.35737555774209,0,2
0.0013357999342238937,79.6682034374469,0,2
0.829349165817037,2087.3974914437363,1,2
0.0024127136151598913,43.94663324448975,0,2
0.0016461310038462847,35.91977112331694,0,2
0.6023117245454924,1668.1640745396305,0,3
0.0018409752709216205,80.32693061399088,0,2
0.5420278655723441,1482.2510122893375,1,2
0.42874953699784557,3405.7018082891677,0,3
0.0006582606075258067,18.215346481279745,0,2
0.29121704168441914,697.2264998089857,1,2
0.002310733654084466,52.86135756757174,0,2
0.7796988879718585,3921.788434934606,0,3
0.0008216014734689749,44.597802068264336,0,1
0.21476866084569232,1934.1771053311782,0,3
0.19730441566904178,411.0874012589111,0,3
0.0032467537987944774,59.17840932909836,0,2
0.0028208150673880487,68.54491534641535,0,2
0.0034650615499614173,79.26826930589179,0,2
0.38261592902452257,1718.6138103248238,0,3
0.000941197426228061,9.492651897974376,0,2
0.0074337457907983455,104.45852166548447,1,1
0.9021389079784975,2304.5644152757477,0,3
0.0022577337494844043,87.02563942115147,0,2
0.002312179040745597,100.88687681291675,1,1
0.12303361833169342,406.0016205588693,1,2
0.006853755500746782,96.30853510633752,0,2
0.0012972830994156766,41.511633746644335,0,2
0.13150765327607453,1105.3013004525799,0,3
0.006955856181050889,97.74324735313091,0,2
0.0016367698968320049,63.090232357835106,0,2
0.41043557589954693,757.2433953902191,0,3
0.6837447858487916,2137.0809219340804,1,2
0.0024571682073836667,47.67367570934088,0,2
0.0007990715011031404,10.426166477742319,0,2
0.3068189112024882,858.0073401593338,1,2
0.582371279712473,1777.5629213807033,0,3
0.005936597839929624,77.45984846795639,0,2
0.0004215940048142966,25.144212155593447,0,2
0.00028150162948199824,13.365858351546628,0,1
0.0027347731971515635,163.10411600112405,1,2
0.0018201538764650333,33.17584819131869,0,2
0.000171190360717546,2.0690398715608116,0,2
0.003311212590014876,68.36348709696296,0,2
0.0020579669270300244,50.00794643713169,0,2
1.0220660730883406,2826.796725632885,0,3
0.0009721546526917079,17.70741612693869,0,2
0.00217066090305162,49.65699181787463,0,2
0.0008467076675501296,18.47577474435212,0,2
0.2071956322436133,3445.892360791623,0,3
0.511631173454102,1350.3251916496913,0,3
0.002354112609592586,51.368442692290216,0,2
0.5654623494897342,2591.1700134666803,0,3
0.006909611800729114,83.51090711411972,0,2
0.0030318917322769046,36.644030972554276,0,2
0.004004880595194971,51.94632598669406,0,2
0.005151871938504901,93.83932895369735,0,2
0.43953712232104974,1168.6028379805052,0,3
0.005259775031258794,102.04950902051412,1,2
0.017985074027029285,115.97830363496765,0,3
0.43379933539223486,1357.0801286946198,0,3
0.6008084393181268,1916.7037184264993,0,3
0.005402822716378976,70.49522979223892,0,2
0.15255219357451036,1388.1649761512756,0,3
0.7451574167803211,1614.4538851650607,1,2
0.0014961388097711687,15.089634242971306,0,2
0.008357790787439144,101.01387896428933,1,2
0.35359956285319655,2522.3076367939175,0,3
0.001955087065590756,92.82865193964385,0,2
0.00015693247296803047,2.8603998633275016,0,2
0.000757910593084706,13.805044517975245,0,2
0.00024330373003053805,14.510833968879117,0,2
0.08674723362793825,1747.2125210954373,0,3
0.03266552819341726,95.18008119198326,0,3
0.0024349764016048715,53.13294921969176,0,2
0.0011321289979232278,43.6385601154238,0,2
0.00014498833888040668,6.884129245246457,0,2
0.354682937378819,2979.648873048224,0,3
0.00499649976642419,109.02724485980377,1,1
1.1788907524414924,2450.132691954759,0,3
0.46442223385346915,2864.1673628828407,0,3
0.3360527163786291,1394.143663992917,0,3
0.2273680279837196,2277.8163284097304,0,3
0.0014458025867647368,28.05128417909157,0,2
0.44609204615757897,1397.5060956369086,1,2
0.2712000388256909,1669.3494191424738,0,3
0.34415981404280727,2849.410670618851,0,3
0.056490856490388534,472.68967408850335,0,3
0.0014904983140208976,28.918465188678294,0,2
0.0028334471983655902,90.66719699962701,1,1
0.008273570819630626,107.31446210560715,1,2
0.3605959536416118,5470.5999188779615,1,3
0.004798016768090804,107.2502203545561,1,2
0.2384719890491941,1982.5525543566996,1,2
0.0019336317787257086,37.51608623424279,0,2
0.00213471068707129,101.35728420979622,1,2
0.007841222984075635,102.3111149730762,1,2
0.26476399795612676,2136.5560302882623,0,3
0.6792051963955207,1714.4250701657768,0,3
0.39212296096812627,1629.7516597970348,0,3
0.7662828867209021,3345.765273652877,0,3
0.002164275021145501,21.828267709517934,0,2
0.394204553976665,1793.415118782923,0,3
0.07866831859679002,290.04177266300627,0,3
0.9766721118272226,2630.375353405123,0,3
0.6699847312498984,2927.9139926766134,0,3
0.2645144971693292,815.8115520076441,1,2
0.7706417574769795,2401.0092874640814,0,3
0.10490121180144996,277.8101820987267,0,3
0.0010713077160014995,22.11828121232661,0,2
0.5847615941865448,1540.0949056616848,0,3
0.0033053673594483565,43.12794325930524,0,2
0.7885152783458663,2398.0014458580713,0,3
0.004007306668955979,73.04096616465193,0,2
0.21692491886742835,1832.1558830726,1,2
0.007112449239029298,71.73415787875105,0,2
0.0032311542223273323,45.40397302195791,0,2
0.00649902792382174,78.54851081808633,0,2
0.002581081753481366,82.59178005858962,0,2
0.6588112973540101,1825.8879371064959,0,3
0.00012383203563793975,3.9624890756835867,0,2
0.7224975872050347,1515.4004537120418,1,2
0.6451855701800023,1763.5715559276593,0,3
0.00017461066562351465,2.278294077647474,0,2
0.10905822781858211,924.6918848643433,0,3
0.0060154758473012744,78.02526489901105,0,2
0.23302007986484602,737.65945918633,1,2
1.1575357374533983,3195.8455112681427,0,3
0.003247962677998545,59.16036768928068,0,2
0.0058718141289908375,107.02524477181616,1,2
0.0026142430382461966,63.52528027208325,0,2
1.0142906897211426,2749.6158419981884,0,3
0.0028867238603875944,56.0078617202483,0,2
0.0008487534849489268,15.459712202751907,0,2
0.0016362939226158434,97.58991131120032,0,2
0.0017186113085128994,102.49938770662757,1,2
0.00438275695560074,56.847667770480236,0,2
0.0009753170718475994,11.787871119660503,0,2
0.9609436870559913,2002.2295546842975,0,3
0.0014263750845095204,27.67435416690333,0,2
0.7386390671482155,1601.756057287496,1,2
0.6362573996622312,1731.8687705586165,0,3
0.0032711752615265754,79.48852584379001,0,2
0.40713761203833077,1788.9237889662209,0,3
0.0010546301248218514,23.574180488890683,0,2
0.0026818462261328497,103.37329754303936,1,2
0.5609448224230242,1529.6373087861496,0,3
0.22969162634696558,1158.2334333746142,0,3
0.003360727436420448,107.53958524999088,1,2
0.0013749351467565861,52.9976620743841,0,2
0.13917652246952594,361.5509762543473,0,3
0.0006017871153130759,26.257664956003225,0,2
0.0001837668830811929,3.349509233545611,0,2
0.2592704611389944,693.559846717229,1,2
0.0029244428380476822,53.30366453834429,0,2
0.0038180273680332526,38.50754765334101,0,2
0.0027635483856410675,88.43051179617943,0,2
0.00019399290735129995,4.233065785969615,0,2
0.2545228351773434,560.4193187236029,1,2
0.001861254859827335,81.21178613412727,0,2
0.005701586074986727,103.85215658209253,1,2
0.00022165968172246388,7.092866258879964,0,2
0.00022840624505051803,2.9626015010350923,0,2
0.000756931464365425,35.939538798243476,0,2
0.0053004532969853175,96.6110811836835,0,2
0.003113425081851981,75.65524629395792,0,2
0.8394362986254597,2845.6782612663947,0,3
0.004699990393689857,107.51904371403168,1,2
0.14715418287218313,1129.461057588643,0,3
0.0027337588781072984,49.79434692960339,0,1
0.002339485163557493,74.86095464363174,0,2
0.0011608874461390055,44.747070959676215,0,2
0.6446898299436813,2056.089250014648,0,3
0.7606865746535034,2397.3690042901912,0,3
0.8593701155103373,2619.820232401143,1,2
0.13362683327547198,431.8127773507455,1,2
0.0037399689276610753,77.2156153006327,0,2
0.0007382081714075722,23.62185035329141,0,2
0.004129861036249033,92.31491417810352,0,2
0.6194470065381298,1942.5506220867885,0,3
0.003919679207797705,80.9259241628181,0,2
0.0007655659098668165,16.705202804623063,0,2
0.0825998244945216,757.1952136924325,1,2
0.7457751548154675,1754.6690141718511,0,3
0.002577863167330514,58.97232959223183,0,2
0.005744752261703577,104.70929485432103,1,1
0.0005496873911416107,13.357230017805472,0,2
0.005207668670521496,73.17782796927109,0,2
0.0036923450022379985,67.30017656645931,0,2
0.5030561493418,1372.7494375895342,0,3
0.004328848952795401,94.45862039443172,0,2
0.7420817322306047,1999.780560848184,0,3
0.0010526247021790656,25.578447852385935,0,1
0.06475910969412899,150.96894253264935,1,2
0.005224460376766503,107.86451182044655,1,2
0.33345706677248926,1024.0894214429727,0,3
0.00028838032813003603,5.25629294924535,0,2
0.0008752101454236847,33.735475917286074,0,2
0.39336646302513456,857.6599319590058,0,3
0.002579491254477381,56.28636801015947,0,2
0.0007804863222073148,24.97470472430327,0,2
0.0017651135860615563,95.81310267958054,1,1
0.5827461858408811,1816.1145784845917,0,3
0.07612848636969527,634.0968223464408,0,3
0.3790777484609855,3131.917614258463,0,3
0.003013926985231626,83.40119958206773,0,2
0.008065136648118608,104.6109134821799,1,1
0.7505700294217245,2026.1825593515694,0,3
0.14332065274570427,394.3514965636779,0,3
0.005277849047244963,74.1639981462947,0,2
0.32096917949754056,1454.0126041836138,0,3
0.0030337400767958675,69.40116991982705,0,2
0.27140232614321363,1679.1067668859105,0,3
0.0008991257919041603,39.23138797153893,0,2
0.002225306233144339,26.895482336211526,0,2
0.3489398159939983,1102.0694642659244,0,3
0.0063103110611401085,82.33600317237868,1,1
0.001980024570316482,94.01269892515657,0,2
0.0007831337243610727,17.915310902881583,0,2
9.945579731524545e-05,2.223138578534512,0,1
0.0017441271022286835,22.7571118492829,0,1
0.40629179076837,1274.855034163197,0,3
0.001958089057793728,106.28811053953943,1,2
0.004477394981067915,58.075194435707964,0,2
0.0023298192549483414,110.62115059030879,1,2
0.0016444069960000701,45.503927845488406,0,2
0.0030020082543238892,54.71744526784698,0,2
0.0018731261728455904,101.67619338940688,1,2
0.0013803805634881067,82.32702872302701,0,2
0.43394426374256406,3469.8284570008896,0,3
0.0007165679510664089,34.02305610392246,0,2
0.006241755427426932,121.10177203579096,1,1
0.0032507802052435,67.11579657747924,0,2
0.005940674692626967,108.20706208200258,1,2
0.3654365384077356,1501.146914036878,0,3
0.45629292864785687,3226.2947739838796,0,3
0.7048575479806332,1859.8423030946499,0,3
0.14821938153428893,416.4279763826076,0,3
0.002168247534535972,30.468076046239812,0,2
0.0010611536305306594,24.275416337342037,0,2
0.5350568455840252,1489.6667762058294,0,3
0.0012605278201618681,17.712856521850934,0,2
0.007235390695770497,93.84848181854213,0,2
0.28477541408569035,2369.509941548063,0,3
0.003367676365581034,69.52924148072046,0,2
0.0004708651138599118,10.525262761606285,0,2
0.7560899421963833,1779.8438439927047,0,3
0.0012928426252036488,15.625546485138836,0,2
0.0022214054118824106,48.47267549209272,0,2
0.3920683763747541,1049.1188378971015,1,2
0.0011676825097831516,57.51002852350876,0,2
0.0036193160443137684,87.22293863852224,0,2
0.3718595102425758,903.7550393420534,1,2
0.0946759095832833,353.65597357876527,0,3
1.2247306393818542,2896.9178246160127,0,3
0.3568716398191903,2367.388583495227,1,2
0.40437265822812535,1841.909844789714,0,3
0.002458411147283199,41.77655661372422,0,2
0.3840835345835707,1617.8047264590477,0,3
0.0007104465664565294,52.106216191574504,0,2
0.15348946137272637,562.5871503239895,0,3
0.04992583057945318,235.63899402932816,0,3
0.004205177794779496,151.30308343325478,1,2
0.00010597496248282734,5.21941800455416,0,2
0.002193661789913537,160.88953184268084,1,2
0.0022333513756383856,88.97359055689594,0,2
0.003022106107994394,165.60440545586934,1,2
0.0016231234070698318,64.66296303360024,0,2
0.0004898683987721704,24.126717108561405,0,2
0.0027234414125487014,120.49376218628376,1,2
0.008185112066417618,108.72667820131757,1,1
0.01349431540942458,108.80090269686715,1,2
0.002594274033091162,114.77898402697797,1,1
0.47984189062884025,1703.7738269785623,0,3
0.0029314555279721355,49.81514908939483,0,2
0.487879139979409,1999.4883055986047,0,3
0.0004424329526082509,10.662319014013187,0,1
0.0032085449179179854,43.35804422044985,0,1
0.0017837895256333325,64.1810807046788,0,2
0.0023555303776651437,40.028271221688826,0,2
0.30168153837791994,1017.34704202379,0,3
0.0015595947584231497,101.60723553838065,1,2
0.0024444678670839165,41.539614052155514,0,1
9.65521475600796e-05,3.042610823198877,0,1
0.47824415095809475,1625.8304286860393,0,3
0.3576248641711816,1094.7072607883138,0,3
0.0045579097037608774,86.65886250070868,0,2
0.1759864783498137,588.1882540075121,0,3
0.0013821950109003606,43.84597963197012,0,2
0.11330804149874218,756.3165133686023,1,2
0.02688780151382855,95.09643763719103,0,3
0.005034044076575644,68.0414813017974,0,2
0.002359719550498356,68.62008550838605,0,2
0.001106277132983284,14.69519743447979,0,2
0.00048757143426762225,11.750124269980518,0,2
0.46134350756314224,1511.519679819121,1,2
0.4063334480317094,2678.939922862718,0,3
0.29588920214641806,966.6693104373537,0,3
0.215269553343317,880.7563270711296,0,3
0.002016597000530424,89.22070373457717,0,2
0.29653753181653,837.3052997222644,1,2
0.18321547514687078,566.1258200563949,1,2
0.0006458192985075903,28.57311217018686,0,2
0.4563746825085465,1488.7428891170953,0,3
0.18970693080533932,1243.3465731457752,0,3
0.2575916699549636,619.0629743736029,1,2
0.40159965586313,1185.5615045300442,1,2
0.6245137071107092,1737.1485525591643,0,3
0.0011867660992011283,77.31753516048774,0,2
0.0030438776075758112,141.74156951203219,1,1
0.007862721348868514,104.44421126407568,1,2
0.010904414040495912,77.04232580904944,0,3
0.0008186010680692507,15.563940931566151,0,2
0.0016678018989561057,52.5568020696577,1,1
0.00262482773025383,76.32936857126158,0,2
0.03899836983569889,125.6093251449289,0,3
0.0017683623461473394,33.621611520685924,0,2
0.004400701772681206,59.468022715024695,0,2
0.39328546743188875,1409.2238433807495,0,3
0.03880780634415582,177.32314190543806,0,3
0.001333792637371545,99.01089694169569,0,2
0.25861260833025307,931.6196571599646,0,3
0.16755258227246816,1114.6257836987622,1,2
0.0002832089243383772,21.023335138432348,0,2
0.0017556759529035564,77.67672172810336,0,2
0.0004820254527712507,16.718851973258495,0,2
0.15647616470086007,381.0364469064985,1,2
0.0026469677227314286,95.2383936524059,1,1
0.0025169012680139303,79.31414507602744,0,2
0.19808936030473595,1306.2297993711725,0,3
0.002036234592050926,64.59341825493968,0,2
0.31409988401169897,930.0416860435395,0,3
0.34541202919596575,2265.4810053006618,0,3
0.49997032397056096,2281.8793036324637,0,3
0.004789186193903773,64.73191690546241,0,2
0.6917455542304768,1651.661209504622,0,3
0.4437819611239961,1507.8658382545846,1,2
0.0358478376163117,124.64880131020048,0,3
0.0002905870036957145,13.531509243708454,0,2
0.00023207941150614356,4.412491496784467,0,2
0.004858379060733936,117.08347475287246,1,2
0.28721094171115386,1900.9255195769713,1,2
0.001270482521994529,69.61949553670922,0,2
0.002065302590547173,113.17379184313728,1,2
0.11802489198363567,294.24755031574966,1,2
0.0005053539710235381,37.0641291135501,0,2
0.004163729594950813,100.34291742451363,1,2
0.0020163460708938017,27.253470846444962,0,2
0.00047216459057184535,21.986872917981664,0,2
0.0002871767611276064,17.601473465238918,0,2
0.027215035527034945,126.05731476239468,0,3
0.0001811883382142712,13.288879372693277,0,2
0.0020542073713379298,27.759129550300614,0,2
0.0001793910073059493,8.835262890888059,0,2
0.0008873401106973739,31.92666311735774,0,2
0.1375225387452041,341.2346788215571,1,2
0.4319321155393467,1212.489863245602,1,2
0.07480521779170436,323.17305926287366,1,2
0.0028762338091545426,38.20636116672812,0,2
0.0076412535803407336,103.2585857800832,1,2
0.5998134783751446,1831.6356340575203,0,3
0.29867937768959824,1403.6642441731128,0,3
0.0024459257140796156,33.05253876259125,0,2
0.08933404283228878,262.0656339045735,1,2
0.001953804533930938,26.40814276565886,0,2
0.021922756162874556,153.76684294603962,1,2
0.0019081464850286972,32.42573551912768,0,2
0.007405045628570652,100.08857014579131,1,2
0.002697585664987479,132.85994029905328,1,2
0.003093979412726859,98.1471914182275,0,2
0.0010122488075221786,74.24126977977512,0,2
0.16358404170523447,778.173994827772,1,2
0.0019937757329683077,109.2542859422225,1,1
0.0009936146210612266,72.87458438198189,0,2
0.0009014683787959398,31.267055083945845,0,2
0.003028591901548943,88.07073502035587,0,2
0.0024996398057931953,33.203886590477644,0,2
0.41900926854111337,1279.4605312130718,0,3
0.32989956684860733,683.0848433882493,1,2
0.23549662817034211,661.9337864282378,0,3
0.0024472092426193965,84.88043284793108,0,2
0.3091687940856988,1307.17701092213,1,2
0.36628062077410245,1078.7333359099425,0,3
0.0023679785221412198,175.7812052988283,1,1
0.3763326831540032,1542.7219459261214,0,3
0.00011210812416949265,3.8884235722691276,0,2
0.8883578609569616,2482.392260230205,0,3
0.0005536673558918861,33.93506227674771,0,2
0.6677833785715612,2172.316871203812,0,3
0.5834933997754509,1395.5311848571102,0,3
0.005436676992181163,73.46747122750381,1,1
0.0044369813886825675,129.02636765721343,1,2
0.13574493923474037,572.359626754353,0,3
0.050143061237528125,221.95895838421075,1,2
0.0030379738090996135,88.34355866934536,0,2
0.14967162276176166,694.4886699415528,0,3
0.0007791054381906505,34.470117460515006,0,2
0.4436822125963041,1862.3109947205078,0,3
1.2163416075078552,2877.2805668358033,0,3
0.0009031873517824249,35.981719003211666,0,2
0.10820969971200821,720.9306018746635,1,2
0.3057978426015933,1004.9232795313687,0,3
0.324746485164731,1002.668661345063,1,2
0.0025187043457141995,124.0497802705027,1,2
0.13359340905749342,570.0076389452349,1,2
0.2799034214673281,1150.2663819090697,0,3
0.0012037335377004593,59.285593051071295,0,2
0.0029784737045708137,40.2490218762552,0,1
0.0008552212463659073,63.48529772450358,0,2
0.0012916061151389685,44.79881990176063,0,2
0.04602044699664983,203.4897591231754,0,3
0.004260510340275485,57.57357321187742,0,2
0.3739349807870835,1274.3492100804078,0,3
0.001004641120406549,61.57588780335289,0,2
0.006841636364628481,90.88066105281347,0,2
0.0037751719513484014,51.015047815687126,0,2
0.003181958171397737,126.76475658927014,1,2
0.00019875370842831877,7.918069350064151,0,2
0.4498067976671035,1899.5855842845122,0,3
0.002540964830417642,91.42438976419213,0,2
0.05399171835708332,186.2744539455295,0,3
0.0015095853235985862,28.701522297134318,0,2
0.27856809817362044,853.7005228400936,0,3
0.8168669872217711,1672.1768490845363,0,3
0.0015494061386634498,37.33958430381157,0,2
0.0002398365722251535,13.142487897712785,0,2
0.0018691315628933936,67.2517031644362,0,2
0.2825513680825808,1869.5231291167865,0,3
0.00443851353751278,140.79849270707436,1,2
0.000586358349616931,18.60045511059431,0,2
0.00023915490231828275,10.580978093688943,0,1
0.00605022232494714,80.36793759610231,0,2
0.0611482879975289,417.52396160393977,0,3
0.001721198015341251,68.5701180543255,0,2
0.0013314992782686125,32.08818418278798,0,2
0.006145152107544829,116.83686736800826,1,2
0.10554554699983079,337.8650973820923,0,3
0.5141790065081459,1748.8556525832541,1,2
0.30110805852765665,995.1025757097407,1,2
0.003290872831032274,103.70401432282416,1,2
0.0011898570214679764,16.082424596706677,0,2
0.001403038035760958,91.40760149322809,0,2
0.001822004182137898,24.62669408629076,0,1
9.701030104643308e-05,3.864754511653746,0,2
0.18171710992312565,655.2086374128999,1,2
0.0008935913841246026,28.346499096469202,0,2
0.004585191383843267,61.96108699294942,0,2
0.0014153987918743198,77.56057101742812,0,2
0.001336567995753909,42.39859980423094,0,2
0.001036441218082183,51.046207779472354,0,2
0.05014380812726726,333.0625692438034,0,3
0.3684223709309113,886.5279314773466,0,3
0.2574305401065699,1544.5868301509709,0,3
0.002561592057678544,119.28340278900976,1,2
0.6541932369964572,1927.334409496417,0,3
0.005014816310679247,67.76673941562125,0,2
0.25933385481592924,625.0494800488918,0,3
0.09865870577933594,243.89664381760804,0,3
0.2946549202478082,831.0598856026783,0,3
0.0014308979825500914,19.00728826010194,0,2
0.5516636398241943,1122.3260831846787,0,3
0.2295094534156939,687.8895414182081,0,3
0.002707784356126833,85.89631476760056,0,2
0.2681280879355887,649.9297264845096,0,3
0.8155071481584631,2661.887994490949,0,3
0.002433135292923069,87.54466284078718,0,2
0.41208328353555795,1226.4816786629626,1,2
0.3740375655868747,1103.7880512931342,0,3
0.058959062019484205,243.17814594755768,0,3
0.19514989271723185,652.4185884152785,1,2
0.237990684461942,490.8543154134878,0,3
0.47391969206747947,977.5173218034087,1,2
0.004095821074569996,98.70637045439905,0,2
0.007184236330116547,97.10405282264384,0,2
0.4686596213541381,1304.076616578982,0,3
0.0008135862752352926,40.07028409101212,0,2
0.0025644958614143066,34.06539996154742,0,2
0.0006702650190991218,36.7289684806735,0,2
0.1383319823979646,829.6284726168914,0,3
0.7554648849945607,2557.4829504873746,0,3
0.32184162954247475,653.9447867047115,0,3
0.0024680555846725355,46.92477549078366,0,2
0.08480309235963045,398.2450733183984,0,3
0.0017233540070446208,59.77381562664931,0,2
0.00013127609127751828,1.7739737844754528,0,2
0.0015761275617234864,86.3681348220587,0,2
0.0011173496139597835,18.987474677089303,0,1
0.0021527274137928152,29.096837422426468,0,2
0.002399888945965909,95.60821409007191,0,2
0.8206067958598058,1959.6513665135342,0,3
0.4129885521098636,1936.2823848541336,0,3
0.006465149482616674,87.38468335661135,0,2
0.0004729413431468921,6.282301428150959,0,2
0.0011899971652188533,55.4135506280498,0,2
0.00031665419545280057,12.615059610262852,0,2
0.2815133651912321,950.2989937820922,0,3
0.0006345955891823333,41.34375494237984,0,2
0.1688674828407818,526.3774018433301,1,2
0.0041097489675510504,147.869536384184,1,1
0.0004602949786849643,25.22309725585154,0,2
0.30839377477010577,747.0569386995538,1,2
0.2996204223926001,717.2884382753075,0,3
0.0017890535672657976,52.02525390737007,0,2
0.5760185611482372,1692.6169904264682,0,3
0.0009486362560772656,34.1321098906343,0,1
0.42887742073184987,1757.1927368424758,0,3
0.0007449568460457081,54.63730040537295,0,2
0.0003142409008019,5.3399948162478745,0,2
0.0002032785915862763,10.011760476327138,0,2
0.061472120118065646,419.5858469668829,1,2
0.00025016566564742515,11.649244371270326,0,2
0.003128281876587268,98.58034788712129,0,2
0.631187269354609,1514.7469196783136,0,3
0.770931849565334,2264.7754489704926,0,3
0.0016418564386320442,72.64098223262609,0,2
0.050164514703993995,132.67415644713438,1,2
1.036267935332459,2881.933572023026,0,3
0.06683055966149172,201.77749141883868,0,3
0.40856738009614935,1461.1781031151988,0,3
0.8195799009369097,1940.095353439408,0,3
0.0007317591037355603,23.059644195016084,0,2
0.23947566181737995,1106.4002554444226,0,3
0.0012442381589376692,49.568705451439435,0,2
0.004864318676885379,82.66090267963165,0,2
0.0029716165644721676,138.3766531176952,1,2
0.0011743134909017548,86.12756472143977,0,2
0.26369813860440566,946.3014210581114,1,2
0.3211415821183634,2110.1725523405044,0,3
0.31754577641865317,1042.5798258878785,0,3
0.003989972758578631,53.92953512480623,0,2
0.053691712789744904,329.68105534648583,0,3
0.001271332379152763,62.614932377049655,0,2
0.0008421927695897631,41.47919472596605,0,2
0.1756020318435767,590.0081701579509,0,3
0.0022363130042604156,38.002372764920885,0,2
0.001774406406158989,63.84347431132885,0,2
0.00044228414036961,32.83190221186039,0,2
0.00019871818378736138,9.787153889864582,0,2
0.0005061229833687364,27.734365622243043,0,2
0.005897425710328059,79.6937089168586,1,1
0.2573470548553643,788.1915795492031,0,3
0.0031636622620765695,60.15024227920898,0,2
0.1387241321450195,921.8473886432319,0,3
0.07823352935289307,376.6472064701904,0,3
0.5052776822908789,1032.418750513408,0,3
6.820292924378253e-05,5.00220107164476,0,1
0.004362421089744134,138.38468865721202,1,2
0.0005049717672865335,20.11736789626376,0,2
0.0029122191659308443,91.77164649056397,0,2
0.0007284299769983298,29.01962997394121,0,2
0.0005075567509630517,8.625072077434426,0,2
0.0020912711373427197,72.53486798294273,0,2
0.003416282440232519,46.17538389470374,0,2
0.1658564888172353,767.3978269476595,0,3
0.0005062246124571651,37.57836977726858,0,2
0.2725551931016663,666.8477340702732,0,3
0.45657823208073023,1396.4125017780325,0,3
0.0008119397186458325,52.89768370267245,0,2
0.30355892340858076,1424.2901918510213,0,3
0.5896605457220122,1996.6112907491718,0,3
1.1120298559776691,3762.013221001596,0,3
0.3802103327681315,1127.7407702860478,0,3
0.34972714006293715,1245.561083888237,0,3
0.5932109989738532,2005.8738190349907,0,3
0.5038052712031923,1197.7301686002857,0,3
0.11853046746479694,437.9458067094456,1,2
0.0012148127404148104,53.747202627510994,0,2
0.0012031489303343196,56.02597729878063,0,2
0.00043837555425502357,32.54175769753642,0,2
0.004416704574434382,75.05445494902702,0,2
1.229213676297223,2497.300838624627,0,3
0.003041155412511696,96.47150888483122,0,2
0.3234215797499575,2141.760836005771,0,3
0.07075874416222744,258.62638030796484,0,3
0.004164294361024118,56.27337739420388,0,2
0.00017464328799381617,8.601430945325138,0,2
0.7104063996165267,2083.9359737740806,0,3
0.4083218300706052,1242.7425056905915,0,3
0.3046281685316757,1249.8854034917274,0,3
0.0006122188643857035,19.29261844525389,0,2
0.24957522293338344,1146.8875045234265,0,3
0.0019780854651684026,146.83842948751996,1,2
0.3448328966038156,1570.4996323860573,0,3
0.30814530848428107,2024.2573579064579,0,3
0.0020626454462774617,35.05118513462565,0,2
0.17723713761383283,751.3104766719116,0,3
0.0019535859226359653,47.08002920133642,0,2
0.0008161132552208939,50.0207459336076,0,2
0.24897289168077383,1637.538956666537,0,3
0.551443669694196,1873.0777558315856,0,3
0.07156163442761306,185.81392472365556,0,3
0.0009705658200802183,71.18411832362213,0,2
0.0018776569151201473,122.32891102287134,1,1
0.3774959578289867,1552.7125498900602,0,3
0.24899836078818774,735.4999800986511,0,3
0.36963224275336504,1221.9985790481603,1,2
0.46156298663860984,1572.5058100641654,0,3
0.00021429686700082215,13.961391010639579,0,2
0.1400582371848319,840.1166773640168,0,3
0.0010668619683374056,20.28408867887415,0,2
0.008072028677842727,109.10369078941758,0,3
0.8159547450313054,1940.3015912598771,0,3
0.15008540838240675,498.48505243106814,1,2
0.0018906558172503583,65.57660920032248,1,1
0.000260139709597737,8.25214989096154,0,2
0.05643398067015993,355.54414494370775,1,2
0.18033629482503463,538.5185917607381,1,2
0.09607414117257725,283.8291969504169,1,2
0.0298510504536404,117.69775617617054,1,2
0.13181912540846338,459.11701939514927,0,3
0.04952205510305045,135.04603834872245,1,2
0.0011117007391651932,68.13772460163597,0,2
0.001833256327643769,24.77878108362266,0,2
0.5558491180038186,2335.636932545861,0,3
0.209400879614033,513.3902664086216,0,3
0.6194053552799283,1272.2039094543297,1,2
0.002350329495377788,74.55713439135103,0,2
0.7064383785862588,2080.6409400793173,0,3
0.1059251624087483,267.6960845581095,1,2
0.5659970908868553,1590.0796743160483,1,2
0.0006123399143952667,39.893802909685505,0,2
0.3428049990072478,2059.2788745337325,0,3
0.002351067073631385,109.48007114844981,1,1
0.4469719398787535,1462.2396501246862,0,3
0.0036503217243938364,69.40302659716559,0,2
0.4342688897095867,1283.3790978096315,0,3
0.09235873341994646,317.60602552685947,0,3
0.4546568060219168,1381.490834903963,0,3
0.00167014264779403,57.928201803786116,0,2
0.4840195993442661,1476.9959137101393,0,3
0.0014421980423568964,63.807455941800384,0,2
0.0005078266040649845,9.655232050682613,0,2
0.10446297854557143,223.32010950084805,0,3
0.002507527596962799,123.49930945835317,1,2
0.30713053779006766,2013.298282266256,0,3
0.00800875408649782,106.3840325325251,1,2
0.39149405529030545,1157.471990784323,0,3
0.0010105207300784504,44.708670424613096,0,2
0.00031233133235977745,5.938309388467228,0,2
0.003084499650222968,89.69651910719058,0,2
0.001594920522339781,30.323987798827332,0,2
0.0021560178003408796,68.39318027803668,0,2
0.002625514038413541,63.27301817892031,0,2
0.00044732622778432255,32.808205759014825,0,2
0.005187436011070528,68.90714278423357,0,2
0.0029407826322172376,39.06379342378983,0,2
0.3036400017711605,893.1132716996647,0,3
0.76715237797064,1813.40894711,0,3
0.0012610345723162559,23.97586365539978,0,2
0.007466222347291749,100.89333544491812,1,2
0.10823381866222657,345.925078967508,0,3
0.2207857645367238,1333.206474759969,0,3
0.5247705272094372,1546.0239090674468,0,3
0.16108397197956967,748.6669572747547,1,2
0.0025892116830632944,120.56954157515061,1,2
0.15578963244804678,488.4395769830299,1,2
0.6502935234002193,2120.291650031796,0,3
0.003911601374483457,140.7401489315955,1,2
0.29054027396977433,952.6623447335721,0,3
0.0021952519808494508,134.55012633583303,1,1
0.00018413012602208558,5.840974458399667,0,2
0.15595622104146442,1034.3383896721264,0,3
0.0030607289288938832,52.01193279590555,0,2
0.0013805996068635546,49.67423202997973,0,2
0.2729350343035193,829.6240161504544,0,3
0.0015527346168166154,95.16932027905753,0,2
0.5490465249785301,1128.78167718797,1,2
0.303055599199425,731.5240139375045,1,2
0.11083667138005249,272.9413715138416,0,3
0.09651964062691992,463.59748464628314,1,2
0.33728372581928573,1581.631752353029,0,3
0.20820843052069596,975.7379038608738,0,3
0.11342780425758554,382.7658316598277,1,2
9.955460775038596e-05,2.8950244087872923,0,2
0.003764666080821036,118.6344794258281,1,1
0.12442783810353733,424.2995905365785,0,3
0.2829357498014507,840.9479038155881,1,2
0.14639914976178986,438.2164112745108,0,3
0.03827690922284207,232.55293430013197,0,3
0.0004214715068045987,20.758072656821795,0,2
0.2650709032398364,868.3869370248193,0,3
0.20897599446199394,617.4972970348515,0,3
0.005528145343518643,73.43294446522204,0,2
0.05150649807559888,248.72883311236114,0,3
0.002766223642456181,80.44112820126188,0,2
0.3347030611314212,1127.5583427146123,0,3
0.35267240355976176,1260.2312734596248,0,3
0.0075731344015443226,100.59749217488918,1,2
0.0066054061323513194,89.26086388292222,0,2
0.0007920724494551103,25.126116222363503,0,2
0.00015468861007986295,5.5657251177687685,0,2
0.0021211823121951687,73.572324618955,0,2
0.2948233033571591,961.6328330225349,0,3
0.004186414411757991,56.572292373552266,0,2
0.0007911221311311682,48.48900427803422,0,2
0.0004560756500214788,13.262571857811302,0,2
0.43310004381753103,1287.4519320111485,0,3
0.559368204507967,1889.950921924517,0,3
0.00107445454236783,58.877616906796156,0,2
0.0007473814330602583,36.80960121704521,0,2
0.0012026783117333574,28.98369064812898,0,2
0.2959341021635282,1950.3940473672162,0,3
0.042972106860533085,295.5849449309858,1,2
0.0015882718480688001,50.050602055321384,0,2
0.0016523844656274752,121.19067958484219,1,2
0.0013228621718755996,61.600558453161504,0,2
0.00393744149835593,53.20784560246402,0,2
0.003714472707870154,89.51614645038626,0,2
0.001198398939405832,55.804788651873125,0,2
0.0011552985255348757,41.56785699199798,0,1
0.5145206523063429,3378.523309900685,0,3
0.2456636256474969,1620.171818241099,0,3
0.020228099514898797,140.3052229847151,0,3
0.001465302209940706,64.82965824126174,0,2
0.000823241025877366,36.422817078788825,0,2
0.3819292654774758,916.5654985973723,0,3
0.0012782051522018827,59.52105432246702,0,2
0.02296683609648504,104.51103216965438,0,3
0.0001649402891252281,5.934582446906541,0,2
0.001510573452088299,66.83260284659652,1,1
0.002119476049505631,116.14237174791673,1,2
0.5800096275147639,1967.253463256288,1,2
0.001675727076424266,78.03210789258674,1,1
0.34835540426369294,2091.5533156861316,0,3
0.0013690945235855273,18.18632396052461,0,2
0.2391454919084234,1436.9443747070998,0,3
0.0004667561171239593,6.307417500503074,0,2
0.00306129078378414,121.95753688519038,1,2
0.002475847057533481,78.02041947486488,0,2
0.007450611099187549,98.96995774904252,0,2
0.8924048358673267,2130.1255956533573,0,3
0.0017432833788755527,81.17794276979821,0,2
0.006767081135673758,91.46567204351992,0,2
9.240066094069244e-05,2.226790111919339,0,2
0.26291752148548114,1581.4039238892476,0,3
0.26966503888746757,970.2934797975402,1,2
0.0012403700886725116,39.08730724211789,0,2
0.9399330267058634,2238.802749586621,0,3
0.4056573763172024,1708.83735184899,0,3
0.00010642720577729424,7.900368323950328,0,2
0.4300785920459365,1407.2430304627358,0,3
0.002272205128624757,100.5296251813788,1,2
0.00041767896911303905,5.6454602571519255,0,2
0.0016164338352355732,105.31028816424559,1,2
0.001547910048307874,68.4844933278816,0,2
0.36921243348736027,1095.2327369047314,1,2
0.002346097090759274,68.22394760634894,1,1
0.001014469664631387,36.5008082413974,0,2
0.2535752819709834,757.1018940302365,1,2
0.0023567680116403735,129.14542091446623,1,2
0.31197080465289023,1315.3011160943015,0,3
0.0020763891079201013,82.72043366757457,0,2
0.003214345592561611,176.13868334329413,1,2
1.1760787264487396,2783.070695389831,0,3
0.00471577554328142,63.72571049184177,0,2
0.00102158568745848,74.92606369318969,0,2
0.00025771108703361045,14.121969852312684,0,2
0.0004408096738571529,32.33026275276352,0,2
0.7997261996760596,1629.3185258529056,0,3
0.0003980429378411744,15.857473106049625,0,2
0.0011881714418755449,72.8247230876532,0,2
0.000894239668905934,66.3817367246103,0,2
0.48730677386108034,1734.4352073238963,0,3
0.6628633620832882,2160.566108370314,0,3
0.35673408034948983,1052.637886557111,1,2
0.08052209314046764,382.5337052732991,0,3
6.977278924419895e-05,5.1173391670826645,0,2
0.00018944613672047055,8.821771509445206,0,2
0.00032421953039840835,15.097645513324027,0,2
0.003893696942056572,155.11943228196824,1,1
0.0003070912542813688,7.4006804878763335,0,2
0.16472157337127935,566.1850136145056,0,3
0.026695265476983376,183.5723672395095,0,3
0.0010909455621467788,80.98372685245667,0,2
0.30327818087652486,1422.254413152951,0,3
0.26819540035677564,1127.9490762729838,0,3
0.6697603051728773,1604.7676965205249,0,3
0.0013155900484617315,80.63439130035346,0,2
0.11916264045488226,368.54524642324725,1,2
0.8611665037674807,2045.0476401853166,0,3
0.5407877532482793,1769.9367788542618,0,3
0.00035157200944249987,8.472635003732954,0,2
0.46822037065476235,3088.412858220045,0,3
7.503691545701762e-05,3.494177999058869,0,2
0.19936713598155634,683.9879238114246,1,2
0.007424013870176893,98.61665429562335,0,2
0.0005040605534430082,15.989805045776524,0,2
0.004559516341626838,61.627637975525474,0,2
0.4303871788313781,1312.2237078088126,0,3
0.005527888440655977,133.21817391919726,1,2
0.003998293893708488,54.04200580478745,0,2
0.002198009247330481,76.23703485096003,0,2
0.001275622477930107,37.09479946186692,0,2
0.0003963195280371238,5.356760359321006,0,1
0.005034880475767093,85.55931316519872,0,2
0.4982601847257564,2278.0246316322323,0,3
0.20930595054611748,974.7066397573832,0,3
0.0005393616895716316,10.254803963354274,0,2
0.0004633456241582463,8.809521764133015,0,2
0.46482242717812905,1378.243317083224,0,3
0.1866513501379348,776.2941693384447,0,3
0.09717456236574123,317.1687015135524,0,3
0.002744294347563042,66.13553902251687,0,2
0.0008927712232315083,58.16383741407783,0,2
1.1509503041041165,2339.8785210422684,0,3
0.07293368480867048,437.3335900727786,0,3
0.31639346394433787,1295.9576454402338,0,3
0.15572288319729735,943.7673812910714,0,3
0.00291978789997404,116.32026019685867,1,1
0.002527011220333914,42.94229930842193,0,2
0.006816418819936015,90.54568459255773,1,1
0.00018208161200237522,8.478834168714107,0,2
0.002700805655485353,36.50480899891143,0,2
0.5617291818955629,1654.7960113370277,0,3
0.0006368072998330814,29.653645051433674,0,2
0.002141735470696179,28.449675633659165,0,2
0.35461479396958545,725.1064155190141,0,3
0.0033325498527904465,44.267820952728805,0,2
0.21417326649023435,763.5111765320671,0,3
0.8232795540775879,1955.481373377314,1,2
0.20510173940256485,580.6647103003613,0,3
0.09044665664197254,371.6736348030041,0,3
0.006946316784783621,93.88826884283522,0,2
0.0037993567622003413,72.23660770966657,0,2
0.0006365716909058133,28.163968420654975,0,2
0.000778348168684884,36.2446541154049,0,2
0.001953497876471798,61.55982991834155,0,2
0.35531759942930896,2330.1530969337823,0,3
0.03203349015969787,118.32643421904118,1,2
0.0031452183419562437,59.79957075617233,0,2
0.5000247837924825,1636.6477578771353,1,2
0.054024501397168787,336.6064705400365,1,2
0.49805900346354776,1397.1877947773269,1,2
0.0016008513673731576,21.637533705142314,0,2
0.0019926340156813157,33.86145879566889,0,2
0.0016585201805458802,39.96915499152886,0,2
0.0017559316928236562,114.39854112002152,1,2
0.0014617503949496396,80.10053136127883,0,2
0.5635148356611108,1355.8000034077313,1,2
0.29451190938993194,1353.9338558420395,0,3
0.0004298105845464556,20.014611196873258,0,2
0.2505826256091271,741.5354374448493,0,3
0.7534149082818717,2285.478830230909,0,3
0.001523959223476747,25.897120116356795,0,2
0.004438254302857614,140.7902692673132,1,1
0.004539150286764481,61.3389196323019,0,2
0.06618652633512499,290.54268060908316,0,3
0.0019151500784008765,124.77158188462505,1,2
0.05721225189607071,386.91067889351376,1,2
0.16162350792801,479.0286346134419,0,3
0.003283422281867936,44.36988483365821,0,2
0.00015877227458468624,3.8262987244111804,0,2
0.000606026115559609,8.05012880866795,0,2
0.001191501880840611,28.71434662455656,0,2
0.33926315277722247,1553.0472866653322,0,3
0.0228757390370949,81.85342628289719,0,2
0.001214319518373715,20.635314870969356,0,2
0.26376028353258474,1208.133079179967,0,3
0.08811185363039631,214.62803345524532,0,3
0.0011198156638165674,82.13053567781279,0,2
0.29740443816517015,1383.7160896413523,0,3
0.003098936043636895,107.48530537192973,1,1
0.12396887970009217,583.3734046902197,0,3
0.08453639942330632,210.7742817199832,1,2
0.0002602577317552184,12.818064372211824,0,2
0.0016688836896603114,28.359867315059596,0,1
0.7209469184143624,2434.2369031197536,0,3
0.0013240254891489843,47.638684695130536,0,2
0.06605246464927486,197.54470271641526,0,3
0.31934324819028437,948.823597409976,1,2
0.0018055788363783747,84.07880051057717,1,1
0.004240603807996051,80.62597247459443,0,2
0.31582042840783164,1290.2854411209482,0,3
0.002061242116795143,27.380444703657602,0,2
0.0020216295521179126,70.11937861850629,0,2
0.0021989042917809633,69.29322823387342,0,2
0.7135998715773946,2111.0468901577747,0,3
0.00026389703938434477,17.192830697710832,0,2
0.003879345151322475,123.06055740967291,1,2
1.2261652419725642,2502.397526350372,0,3
0.0014783539599989317,19.97744710169249,0,2
0.24566958097975425,830.0374808889627,0,3
0.004946618458416953,84.05944884480444,0,2
0.00040542334342320564,29.73492642365118,0,2
0.0026377392375172264,83.12206569876994,0,2
0.6176676838690693,2092.3595462243893,0,3
0.0023548361297818423,56.749873384069275,0,2
0.44700939315228905,1882.3410615590121,0,3
0.3886508732961564,1082.131751217955,0,3
0.0015719678554990772,102.41333993321983,1,2
0.0006708986048138989,19.50957249138523,0,2
0.0013110492512544449,85.41455359167401,0,2
0.0006261608812717264,40.7942356850588,0,2
0.27578386802985616,942.7336488693713,1,2
0.4716398305267836,966.4816203106159,0,3
0.1075246923772874,331.1000671083073,0,3
0.003211923864100327,43.41321891854423,0,2
0.0037751294878589493,50.14681358839231,0,2
0.0021369758038498753,36.31430436294266,0,2
0.915238418431501,2773.1943938223562,0,3
0.2221632958752396,1473.0671476645412,1,2
0.002026939545893579,58.94292181042109,0,2
0.2591588531368641,776.9775764071754,0,3
0.3883923274121024,1402.8620756725861,1,2
0.07999563100501389,271.3639108287173,0,3
0.3869109275228603,1806.1380997318406,0,3
0.3123297827449159,1070.7699924839792,1,2
1.0843326569955956,2563.5084793077403,0,3
0.00031403029223503454,19.24736470441665,0,2
0.0015441359005480277,55.558298458377806,0,2
0.07819083395215569,366.01420159595256,0,3
0.1571933525221221,1037.2084936843364,0,3
0.06141819613595049,196.30880873902223,0,3
0.1407187187448904,462.97483370896754,0,3
0.2838610783138188,1012.3271384700109,0,3
0.6516949301048853,1978.5414906228584,0,3
0.0900829970548342,388.7875241495739,1,2
0.0018275527233911383,34.74698940140678,0,2
0.0019428140777439794,144.22014265085528,1,2
0.0015500440138667415,26.34038719301686,0,2
0.0716036464666512,268.12352603607366,1,2
0.004021429272265191,96.91358100794126,0,2
0.08369839808181125,285.2355602557734,0,3
0.11422095036890147,382.22707324224365,1,2
1.197256309690179,2437.5032024375078,0,3
0.0032467954412925453,102.99482031508268,1,2
0.2465114399393092,762.596920203102,1,2
0.5763708085266713,1750.9704895337436,0,3
0.38798569406933964,1626.803440749395,0,3
0.0013827982470621342,40.211445438170976,0,2
0.0002924120032043044,13.616492389568986,0,2
0.1466583341826626,894.1657936182336,0,3
0.0019527346488166886,33.183436260457924,0,2
0.0018787085041449998,65.16222162361197,0,2
0.5792570844350015,1379.8566014247,0,3
0.0023353622001601646,44.401895813346655,0,2
0.003289406189173154,103.65779659999684,1,2
0.17865849473279777,605.5556075691425,0,3
0.2671396187552885,786.3802876636881,0,3
0.23133253437270884,1088.6301587521793,0,3
0.005144135927602876,123.97001170053815,1,2
0.0008529311391030484,33.979581883790864,0,2
0.00011384422660722241,5.60699048291305,0,2
0.40358314950738455,1839.0107352387092,0,3
0.000976297589109107,38.894328453017714,0,2
0.30574201623971525,2024.939910928043,0,3
0.022903654961049822,108.34693420908698,0,3
0.35467824130569214,1092.2813141279253,1,2
0.08509576908890046,262.1219806786935,0,3
0.44676581194491444,2942.6595765321167,0,3
0.002178968832038293,101.46612380281621,1,2
0.04291076888077681,161.43014822841238,1,2
0.0015097220516366828,47.891391449082576,0,2
0.2476301941838076,1498.6553893351065,0,3
0.0001540676105193088,2.9292646725293645,0,2
0.00024111401564540512,8.362939162398293,0,1
0.002276719655070329,30.772749599220692,0,2
0.003046198702385678,134.7735774032783,1,2
0.21155407656477798,765.4255563346408,1,2
0.0017509800506754476,33.29112450994009,0,2
0.25426021263078696,868.3849357109181,0,3
0.0011319114550759244,55.74825307573686,0,2
0.0007049653912776118,22.215304202811296,0,2
0.0006481820352394515,25.822664377317533,0,2
0.4004345740873149,1698.849780235458,1,2
0.001793674816711914,64.53675532625637,0,2
0.3093730048714836,919.2927827938735,0,3
0.13229855025843656,328.83883705117586,1,2
0.5776844470133818,1882.7503230537288,0,3
0.031342999000120164,104.34232934638905,1,2
0.2485059108449493,767.803205402749,0,3
0.10609488985766934,386.6001836594157,1,2
0.10486870869726422,699.9958501955562,1,2
0.0002768832300011392,4.705164124526692,0,2
0.5329687330881079,1745.078484098764,0,3
0.29389528266916953,1053.3067701333657,1,2
0.001751377210808112,130.00928605145097,1,1
0.0007335711073998948,23.1167451720539,0,2
0.0032637053573054374,44.103444029822796,0,2
0.36561480155834397,1537.9300224904307,0,3
0.568088012057221,1596.7321609730793,1,2
0.24194669930813759,804.2542041635012,1,2
0.0006431394562525208,22.307024049102587,0,2
0.1497714940660887,466.89928561873506,1,2
0.625267111942717,1281.6366012986073,0,3
0.35381036734708693,2325.207919796053,0,3
0.0005215250181100446,16.43461802528242,0,2
0.00429330977826494,81.62806328537319,0,2
0.001107218669124763,51.558877257143,0,2
0.0021278738053133535,67.05487173570282,0,2
0.002360020663322946,74.37042670367579,0,2
0.001988447393128808,79.21695892998417,0,2
0.0006738627337456121,49.42305156476919,0,2
0.0004544541248807119,22.382513624674882,0,1
0.30627462981859144,1010.2106683721211,1,2
0.6900872658254347,2037.0142070664672,0,3
0.0014960805086091412,97.46929694501142,0,2
0.09345116325624711,289.62503993187045,1,2
0.0033816424965383445,44.91994153892449,0,1
0.312201160327348,750.734179096682,1,2
0.2758894577933063,848.1297857085251,0,3
0.5012109372412192,2056.9555721043494,0,3
0.12532550212845334,764.3870413910498,1,2
0.001316602742464098,72.1467766504175,0,2
0.0066712594218834,88.6174643028542,0,2
0.6258464227702423,1904.848853596366,0,3
0.005629602793821756,76.0912116393174,0,2
0.0024078516336062056,70.01975508261992,0,2
0.00185798227361031,121.04711270749073,1,2
0.00132752131267785,97.36427168945622,0,2
0.3793433086433029,779.5443016940618,0,3
0.32703282853850335,995.6913895946126,0,3
0.02678384045360965,93.41386173070947,0,3
0.157232743526115,533.9381661939011,0,3
0.26222064123053956,1082.401309935831,1,2
0.3271400804068712,1348.6427837140561,1,2
0.47735380456721327,3134.618268552366,0,3
0.2724013066693486,896.1892344606875,1,2
0.0015333507888405846,75.5197126478695,0,2
0.3133705862702859,959.5386199115965,1,2
0.0024571609691425387,160.08346527133062,1,2
0.003336190216024671,105.8306006797912,1,2
0.23177551758596718,713.946516477336,1,2
0.0002566937495709503,8.903315741656554,0,2
0.003302068128924342,146.09405952932417,1,2
0.0033370220614970143,105.15829733612476,1,2
1.2083626900601117,2850.199782695826,0,3
0.16505527358488237,675.6924751713678,0,3
0.002338632951788393,103.46860462479597,1,2
0.38811386889639077,1321.75362597122,1,2
0.6248350884214028,1476.0005576483734,0,3
0.0026312547000170963,129.59304569758584,1,2
0.002226493340133738,77.22499374074964,0,2
0.09971025305368891,654.8246090467727,0,3
0.0017277463867515976,23.352680604333276,0,2
0.3895265972637119,1185.2252439802837,0,3
0.9571775998008586,2269.00892072546,0,3
0.7311371384111673,1738.9950095037013,1,2
0.0007032415144278734,16.947619580603345,0,2
0.059388119658273314,370.65216387558627,1,2
0.8443438164247075,1726.3984103777245,0,3
0.3873809782758627,1594.6815094347596,0,3
0.281392255584,922.4790980578736,0,3
0.00032599123787339603,14.422895425670122,0,2
0.6825989103920374,2073.3589721047206,0,3
0.0008392781584380918,37.13235113669742,0,2
0.5048262824980759,1546.361154040332,0,3
0.276208137323499,781.149598777074,0,3
0.04034631031277762,278.50407042446716,0,3
0.004034997512603701,145.1799650564991,1,2
0.0012910579952042066,17.44645971281995,0,2
1.0954429181716256,2234.0033432762743,0,3
0.0006769320641475978,29.949640472470506,0,2
0.0760416410136826,248.0603519393745,0,3
0.13362047062386012,446.5666387434503,0,3
0.1963326468349052,825.0066601750897,0,3
0.001289120675601936,94.54785734973795,0,2
0.0006073568198694688,8.209196636748324,0,2
0.5816631258696434,2440.496174067349,0,3
0.003521830055305296,84.8735957424354,0,2
0.003467539998590851,46.857923588814714,0,2
0.00022785497804558939,12.485924325946925,0,2
0.0031060907274704543,137.42339222733446,1,2
0.005268550933146224,126.96832471364678,1,2
0.028277165899994412,116.22123888572443,1,2
0.0030853231309659833,41.69291070221487,0,2
0.029688430382216566,155.365037713889,1,2
0.5998508713891265,1770.3545077997342,0,3
0.0012324176325921843,42.74589204798796,0,2
0.002163483751509556,52.138417367510364,0,2
0.2318505887746917,707.5149964838649,0,3
0.001337233177501428,65.86064065905308,0,2
0.16704398052322086,605.333192748325,0,3
0.002061873849486579,82.14216610306177,0,2
0.8938826105144226,2493.247093664248,0,3
0.0006624964196967467,49.178832523848165,0,1
0.2221431032226212,915.9595794809821,0,3
0.0038632578007624504,52.216821985676816,0,2
1.2823224139453617,2619.4242515120536,0,3
0.21888949076316006,743.8939017491433,0,3
0.0007326134128413014,23.08656571045796,0,2
0.4701901412546918,1543.3247764081057,1,2
0.4622088878096793,1518.1290454894422,0,3
0.0014169015645250564,24.077855525456016,0,2
0.5191617163502411,1250.3163889559833,1,2
0.006098807047926651,82.4331013798059,0,2
0.001737133901566495,60.25176552616978,0,2
0.04674581373993082,155.17235349863316,1,2
0.00023506780989650646,6.835716223972756,0,2
0.0028278314171131754,68.14872289543692,0,2
0.00337828592193237,57.408279014241394,0,2
0.002296507775036667,30.505588661111418,0,2
4.6828971505362464e-05,3.4762363666515492,0,2
0.002010244347377512,38.220478204838535,0,2
0.28477549139264563,881.9341540956624,1,2
0.537887699111682,1817.632518111077,0,3
0.2390245240474893,793.6473902178064,0,3
0.0011256302313708544,73.33454759982517,0,2
0.0032064250692333423,141.86250454302066,1,1
0.24213442076423575,1603.6983920863718,0,3
0.38552016855455534,1309.7747029990671,0,3
0.21355876764103046,901.676966231592,0,3
0.21754672051731233,671.0468183117717,1,2
0.0019588548928177675,67.94206571837421,0,2
0.02950247211649114,181.89735401421254,0,3
0.0002746048326932815,7.9854434805396375,0,2
0.0048500318923162975,65.5399574066419,0,2
0.208546596343029,627.6506862357269,0,3
0.27077495519171735,1277.5101398151105,0,3
0.342872682113512,1599.8513827521697,0,3
0.0028008798728709765,88.26305401828911,0,2
0.347543552720672,1237.7325169513167,0,3
0.00446925407576004,107.70583978772004,1,2
0.0038935039627127836,74.02661449661595,0,2
0.0012722668239832267,36.997217840049665,0,2
0.28808358012890173,1208.1698261700312,0,3
0.0006348519666274213,22.84209247790708,0,2
0.001619951920551981,51.048924038341724,0,2
0.6518309835760469,1336.5315599901714,0,3
0.257909768749409,1176.7466358306272,0,3
0.0007131995886096642,20.73967507901741,0,2
0.25291261520783637,1033.258170154328,0,3
0.0029026088972634654,39.22383764036102,0,2
0.4253849917987071,1026.7847176608766,0,3
0.996631109729838,2025.7841975586941,0,3
0.7978820807464861,2427.802717662599,0,3
0.5371524495114579,1102.3030024981551,0,3
0.5151186465256864,1052.6823314478825,0,3
0.09002873502496014,269.3976522862008,0,3
0.0016826861477162757,82.8746919993238,0,2
0.002853992682228554,38.57532567641252,0,2
0.04595812278222946,225.76972674356094,1,2
0.0007175493473824102,13.642659524601193,0,2
0.0006607836030371275,32.54453461462681,0,2
0.0034686320923535165,109.30567379998186,1,2
0.00144763723793813,27.52371251450479,0,2
0.003919886938890411,52.06969462750668,0,2
0.29545337172658126,971.2926719872521,1,2
0.0023944858420371765,86.1540483703842,0,2
0.0007948549762686113,43.55620916830055,0,2
0.0008348083717480994,61.22727246582359,0,2
0.02712153321063959,92.14151147694042,0,2
0.5618475703027519,2300.6378364482844,0,3
0.0029746646017464865,93.73946557769321,0,2
0.3595676703646175,1638.9977138356785,0,3
0.0018585452984119166,137.96465196056954,1,2
0.005466326993122905,103.9304659524256,1,2
0.0010099439694947667,74.07222625952575,0,2
0.00015425633784746734,5.350316800869517,0,2
0.005928333758190858,78.7488346606027,0,2
0.0011626401079037638,85.27140488212329,0,2
0.35189907528381137,1640.3073053395715,0,3
0.0006103573910954699,21.960773069730347,0,2
0.32513156108949215,784.4998476090719,1,2
0.005987938751923125,79.54059571654585,0,2
0.0009449173265836023,41.80616594520833,0,2
0.0011735423710063223,71.92808645969394,0,2
0.003677693112980083,115.8937336219717,1,2
3.7668573834749106e-05,2.0641504802801296,0,1
0.0008519224793947514,41.95839680677332,0,2
0.003310881173526881,163.06561854972,1,2
0.4872206422690779,1652.9067569874671,0,3
0.0032410946126419002,129.12066957620266,1,2
0.005199238542023791,70.27429372079325,0,2
0.0004151531516449399,14.399414073840084,0,2
0.4309791386581166,1411.327831406676,0,3
0.0015342979121118427,29.17137908438919,0,2
0.573373371581775,1744.063319433003,0,3
0.002488812525166518,78.95009200992537,0,2
0.006755632251880227,91.29091516792263,0,2
0.0009615115674840122,47.35581565057286,0,2
0.06400410715690552,157.59147487563592,0,3
1.0261780858918024,2085.6463323511575,0,3
0.0006193410656683856,21.48158678828897,0,2
0.005820856835925738,110.67108937339813,1,2
0.002002228286600725,27.05672035478383,0,2
0.000782948175421485,34.640132451071835,0,1
0.0014363184072342327,45.262151509279654,0,2
0.00459374677527237,110.70602517013992,1,2
0.25913673191934633,1700.934138191832,0,3
0.05176937360684976,227.17992613816108,0,3
0.0032133468318332435,101.26096722130318,1,2
0.00012021984992969286,7.832295243506355,0,2
0.06345839764237007,220.61281639167032,0,3
0.3503033240882984,1635.5540635282655,0,3
0.3737099606187162,1746.3071941170144,0,3
0.12011194462650446,561.0379559633152,1,2
0.0013949166593693687,68.70163438788494,0,2
0.0022902119952445403,55.192477773323866,0,2
0.7802521143724638,2627.282959227655,0,3
0.00013306488536987717,6.553635332364619,0,1
0.0009264612860792312,56.7841342017528,0,2
0.2811668659385609,1857.3486587897085,0,3
0.0017390053266263957,62.56973684966985,0,2
0.0866338896892415,283.88767874996023,0,3
0.0012032138325459706,89.31769259710364,0,2
0.4528883210762069,2066.0413309640953,0,3
0.015498105888631866,50.187597872372635,0,3
0.1401161008917124,436.5505753288865,1,2
9.958089507268773e-05,3.138054582819697,0,2
0.0036490768145810777,115.75598698145654,1,2
0.0014974841310569028,53.87975906810816,0,2
0.0010027753781021124,34.7808461410722,0,2
0.007374271363979898,97.95590128206385,0,2
0.3929758219568514,2365.7823590380995,0,3
0.0015808126087635476,86.62486453368258,0,2
0.0002727537358019811,20.247219297274988,0,2
0.0038092573937297714,64.73191326896769,0,2
0.001958752631526278,62.135536091990865,0,2
0.0015490439863902277,72.13296793788953,0,2
0.001412770580540694,104.87363510105278,1,2
0.21799281594922482,1426.6636012107888,0,3
0.00044267218151313164,12.872802168884709,0,2
0.15727057771036887,748.7526540444218,1,2
0.4899119944925626,1749.743517011265,0,3
0.19777017980439082,482.41959007843116,1,2
0.08725434995501381,269.1836308315437,1,2
0.5096402587067065,1554.9775753117433,0,3
0.27564058599214775,846.94048136646,1,2
0.052186308198884146,186.72489475251172,0,3
0.0006991146597718262,25.154276194501488,0,2
0.0018603258372156192,101.94154116936005,1,2
0.6463880798052749,1919.3607102656576,0,3
0.0016854244263167022,78.48367584999748,0,2
0.2566776850284583,1697.9662316405338,0,3
0.4099641292959648,1259.9198343511655,0,3
0.5029528426394435,3018.0425269717193,0,3
0.8520327918715048,2042.9034535220599,0,3
0.0015901035281452643,57.21222229536937,0,2
0.13268309161200473,611.5103687450802,0,3
0.0605996503666319,283.4838036350747,0,3
0.0015130087597588775,43.99793630038141,0,2
1.0540277391082733,3557.1748629717276,0,3
0.002635605891062734,104.9988470147152,1,2
0.0013964936047326892,65.02928858101167,0,2
0.0018361944812973535,85.50445230145031,1,1
0.0005145150443010414,6.834544377342891,0,2
0.8923344749668918,1810.4763876916597,0,3
0.0014482922030200308,42.115994161837826,0,2
0.0006625977905533008,43.16809184459524,0,2
0.0007789194566583165,50.746421319169194,0,2
0.0023480404101227817,81.4408032156374,0,2
0.004286654370469292,135.98121736415484,1,2
0.0070009985878252,92.99754412275288,0,2
0.326949808137578,2153.7300556012156,0,3
0.0006018175150702866,20.873789737715885,0,2
0.005971079146249838,79.31664167587223,0,2
0.4026504380912022,1134.67576095,0,3
0.5774283645226592,1726.7235549585275,1,2
0.0017337539420127772,50.4171539055531,0,2
0.23697024082011142,635.4363933529314,1,2
0.7434289537770555,2576.6528109406695,0,3
0.5001851031100741,2369.3037575593426,0,3
0.15825323208405304,546.4553244317208,0,3
0.0015202107734032964,109.5765898789055,1,2
0.002910887056566641,31.710791612448887,0,2
0.04013865950860729,174.5691743236172,0,3
0.0006287519113726654,33.420681433005846,0,2
0.06249495453986038,151.64121976858902,0,3
0.3110772021316495,1857.8669207199312,0,3
0.004965054530660045,61.99960152368853,0,2
0.0007130908412400705,32.939758661511775,0,2
0.005982408000812015,117.69223367476737,1,2
0.27787569526250144,748.3376609981963,0,3
0.5870357737662816,2302.746767090326,0,3
0.004365395569993826,47.5560014991645,0,2
0.004271349597136716,78.83529704645387,0,2
0.0012812244118942438,63.30995837419548,0,2
0.8859198441535736,3479.1102371304473,0,3
0.0020894158672326497,103.24563780775155,1,2
0.0022915949454240954,45.08267035082873,0,2
0.003729613803082575,46.57241289102786,0,2
0.38848522205110714,1029.7232158295485,1,2
0.24812354872960732,2644.9984018457612,0,3
0.14674924839104617,554.7928130219545,0,3
0.10923565577946581,1205.1359793277206,0,3
0.23875805124569768,564.9015554135377,0,3
0.0038653528198521847,71.34190981386007,0,2
0.09634800667376806,209.42850438131595,0,3
0.5432489836712665,2917.62820179847,0,3
0.5262945086540016,2072.896063862727,1,2
0.0005380082177682539,30.30246599311965,0,2
0.271256290882601,644.19556035746,1,2
0.0608427125186914,155.02949701960276,1,2
0.0008840339957103844,40.83612463263772,0,2
0.04213586132154482,284.6017148069719,0,3
0.0003779621503897097,17.459180930402137,0,2
0.24689223022430026,2132.788771314409,0,3
0.0030386794230985387,58.361560962210405,0,2
0.0034954904803374005,38.079378571293084,0,2
0.00022201586896946048,10.970611621492887,0,2
0.3166651075974524,713.324971151795,0,3
0.000716530869599219,33.09866366685731,0,2
0.12817224402321986,1409.3495763010649,0,3
0.00100910008232797,53.63770952501191,0,2
0.0014078234849075185,69.16551020995858,0,2
0.0037053704113782734,118.55520498847285,1,2
0.37743958366446867,1741.5744768642217,0,3
0.005714568337795401,126.68297888367886,1,2
0.001423713861465162,69.94619473029812,0,2
0.003455264859044726,88.93845870439438,1,1
0.003877601174286839,74.4740809445174,0,2
0.00022408233800434558,11.072723372850103,0,2
0.0055711601733118895,107.00095627508935,1,2
0.0024480057029688854,78.32518364080997,1,1
0.26966276930493865,1342.6411383434165,0,3
0.002089263526753368,39.37403677431826,0,2
0.0006593755294078734,38.01157315734189,0,2
0.08363175724619445,502.8167731575032,0,3
0.0010227550989217126,32.7235679416373,0,2
0.0055880449546401294,103.13723423699709,1,2
0.0010294460158043193,19.400829414009845,0,2
0.0002456589558309275,13.836353998180902,0,1
0.04665097590814842,339.90374944816165,0,3
0.48139208465093464,1846.7813684417379,0,3
1.2084132960546692,3208.132720782141,0,3
0.27893283493802085,742.6946866009561,1,2
0.0025333539550232397,127.60858841002629,1,2
0.6993636184606559,1865.9188345032942,1,2
0.0015379272872328112,88.65818184338632,0,2
0.0014064168570626326,74.75668684534676,0,2
0.0010505034499361783,51.909196445203165,0,2
0.002491612391590718,122.4113989838349,1,2
0.0037869640168489115,47.28855616374606,0,2
0.0025477368996406,125.16876187497033,1,2
1.0499860463586879,2457.386128026732,0,3
0.10625624979599535,897.9920277828342,0,3
0.736609088027623,1652.5753133820535,0,3
0.020513357802614842,162.74249301147026,0,3
0.001395187293861481,100.56491414112746,1,2
0.4833283186120056,2269.7801070027203,0,3
0.004937824306588955,97.14208259569267,0,2
0.0013866737575341417,64.05453032602998,0,2
0.7012256234918314,2424.209945249345,0,3
0.0008367686026523069,26.77283569565234,0,2
0.4956657606264997,2349.220662644412,0,3
0.001747191913430762,106.98203537142385,1,1
0.3936902595489452,1232.5187012628455,0,3
0.0005676090407786174,18.160939045710332,0,2
0.2957318989986347,1037.7020730720324,0,3
0.004387187916711367,63.29817188769345,1,1
0.004196565807155451,60.54788371099967,0,2
0.0004314086681487632,24.298414157952507,0,2
0.005687073276479779,61.95417137478637,0,2
0.0010151402571798918,62.157894656990806,0,2
0.0050611357165651835,59.32822000385653,0,2
0.0011158485613307454,20.59495501148788,0,1
0.0007995565018723083,57.63192606149984,0,2
0.06946525538132693,481.5167324675186,0,3
0.0010474188178983927,52.75995348422845,0,2
0.0021661202354206605,42.614199646725375,0,2
0.2801146796792348,1576.285940969605,0,3
0.0032974643703341253,105.50404439099906,1,2
0.2953045864869496,1758.6506319334792,0,3
0.004988805282436244,95.81611716138525,0,2
0.0012592638668126744,18.168608732224097,0,2
0.0038770600308073748,74.46368762104734,0,2
0.0014069182448132015,31.18916141398231,0,2
0.0009931006214702449,22.01547651937236,0,2
0.004937143679033158,71.23291164239413,0,2
0.7589527606623996,2379.779593296164,0,3
0.0042807892378002475,53.45504773644991,0,2
0.0005430183850523505,39.14069280168277,0,2
0.0013758897053070093,67.59662307127961,0,2
0.3275516072280739,1757.2487838907596,0,3
0.0029327234312234943,144.0829156494703,1,2
0.7986572213289015,3131.8736709008763,0,3
0.2602197280824066,2129.359100715146,0,3
0.0041642592654105364,92.31506868105541,0,2
0.0025506336075488377,27.786241526007558,0,2
0.3083455457530839,2873.489264210591,0,3
0.5672643797497474,2235.753630896709,1,2
0.0015142218902953824,76.27347831794901,0,2
0.8251848593145579,2594.605921748729,0,3
0.0013622578499881755,26.799771794958268,0,2
0.005046001856573035,95.09641082603302,0,2
0.11528263561011126,537.894086417054,0,3
0.001258864536382009,72.57081782036883,0,2
0.003377601080836319,86.93939437422165,0,2
0.005499461270977209,64.4664096082874,0,2
0.005399946816417361,77.91021680835755,0,2
0.001963850684644361,37.71815828327139,0,2
0.0024187245960182627,148.1005482545194,1,2
0.000674692751348898,35.862621011779304,0,2
0.0028967499921319483,36.172280509083016,0,2
0.001835165439403386,90.16056011052848,0,2
0.0071236391084678104,88.95426694636004,0,2
0.0076301448140876325,89.4429502670393,0,2
0.6446989857395418,2706.6476054780305,0,3
0.9021105730336082,2819.175854248298,0,3
0.8779179254157573,2272.0609902352826,0,3
0.0002857536621322625,16.094625217977903,0,1
0.004479730207172985,64.63336835516351,0,2
0.5505580205800715,1429.6070283087724,0,3
0.0007874944757843086,9.231257197517083,0,2
0.5275618001448137,1386.2136634316312,0,3
0.0025505390061560124,81.60578866215072,0,2
0.0019656331072208794,43.57498986724658,0,2
0.001601124088839853,41.212906814693206,0,2
0.21482810624698215,510.81200414549966,1,2
0.006573892976079064,77.06123498923223,0,2
0.3512504776538959,1347.63763873023,0,3
0.0018578215802388183,36.54902365699802,0,2
0.0053438493015263355,98.63017237917495,0,2
0.0006129462379638228,34.523232021541325,0,2
0.0025960868902452265,37.456237875789405,0,2
0.18700519079260217,1124.2102052515252,1,2
0.0015086123247182036,74.11720451234034,0,2
0.05307585443977291,1052.0386753438534,0,3
0.00018896080780203927,4.188963471887297,0,2
0.0033010569263162296,35.961246952230724,0,2
0.002951543314474095,75.97267471448204,0,2
0.007211021815149057,90.04543179879893,0,2
0.8646902514374191,2700.049515276399,0,3
0.12846898630639608,979.6723599477809,0,3
0.004835315757193162,95.12542640181327,0,2
0.12103953599681432,364.4265411885255,0,3
0.1690062078627163,2066.726826381017,0,3
0.002645041807908481,52.036049445915424,1,1
0.0016841304189873236,103.1207268470068,1,2
0.093572414683355,257.8277070715478,1,2
0.0009100456972533528,13.130102941562313,0,2
0.35666825334482555,2609.8941812760604,0,3
0.004630931520855646,87.27403971143197,0,2
0.0010960303735786687,21.562264363171877,0,2
0.2530067915220936,2200.1263993989096,0,3
0.002639977129384316,190.28919953555183,1,1
0.00035925718859797966,21.99762084667548,0,2
1.1562832223796367,3607.881026251693,0,3
0.005638330741688516,110.92318328946435,1,2
0.5631398528324747,2101.3186120878568,0,3
0.526188849048213,1683.351040920342,0,3
0.08029743609748535,583.1865794195934,0,3
0.0018494188118993202,91.386510365262,0,2
0.00033108584627544404,10.593259516898575,0,2
0.41910520770154797,1994.0579015241515,0,3
0.0002604307466938097,5.123468056980008,0,2
0.0036153501635162,45.145580601872744,0,2
0.001525276063022632,109.94169527938442,1,1
0.0023705486542832666,136.65700284061953,1,2
0.002671581945969905,38.545477521925605,0,2
0.44816174208649456,1199.5062476407163,1,2
0.48181178162217403,2767.6704195211946,0,3
0.1293357006450265,452.201280311223,0,3
0.910927824435762,2866.772666681177,0,3
0.00023973694683536263,2.8102716705162805,0,2
0.27374810642441294,1999.0133218453684,0,3
0.5173794062783423,2041.6158466283134,1,2
0.005171053437316036,114.63410964450985,1,2
0.0005694154010770052,34.86578555611414,0,2
0.0001588281006019447,7.848274154326411,0,2
0.0015667466422870425,83.2788568448131,0,2
0.027816837896368688,193.41635102943948,0,3
0.00038236874516833563,22.042731162770473,0,2
0.002350394006230293,29.349827058308634,0,2
0.005537362627905506,122.7546074167433,1,2
0.008680895538832101,94.56844738113244,0,2
0.2168051073102091,1632.0561942428278,0,3
0.0014000236278411586,26.38469542097145,0,2
0.0001361778246243086,7.670001615983896,0,1
0.0009227874362200185,17.723263205962095,0,2
0.005041982533371554,111.77281100699908,1,2
0.03805437522682473,208.97370755888167,0,3
0.002028562872102118,107.82623844011694,1,1
0.000676425321118597,17.411176260897548,0,2
0.25959795174757805,1542.852137443745,0,3
0.004187482526171594,52.28990868213763,0,2
0.0008983314747398228,44.134478117564555,0,2
0.0016100903566686308,51.5156573007259,0,2
0.6161483578100516,1631.791131269696,1,2
0.4998216361929452,1115.8967170939773,0,3
0.7342396729451504,2538.1974660181227,0,3
0.35235397485751924,1356.3956573232044,0,3
0.5706614712264155,1820.612957593637,0,3
0.9583124081179699,2516.35569609201,0,3
0.002096334012382297,120.84912181295493,1,2
0.0009991107489092307,46.15185757814642,0,2
0.0037592345159559335,54.23808532357053,0,2
0.00810240729964735,101.17633569957586,1,1
0.0006526376284483603,47.04203325169805,0,2
0.27565110133162973,1168.3994036732327,1,2
0.001999172392024817,23.434925704813764,0,2
0.41318101947087715,1335.6652073339287,0,3
0.9779214994700202,3270.4686637533237,0,3
0.0007586167794198729,54.680996325037135,0,2
0.0054518465060882345,68.07826759172558,0,2
0.0008966669762428357,64.63163610777397,0,2
0.002176469576562633,27.17799888038201,0,1
0.00037940946087396035,19.111386166758933,0,2
0.0005464468484189935,31.501478943160585,0,2
0.005700453117312562,126.37006667882528,1,2
0.0032659693267806586,38.28471663205884,0,2
0.0018753953304511118,36.01926484063271,0,2
0.0008438795446151213,16.207740478789116,0,2
0.0009545254908741854,46.895255898548335,0,2
0.004040564974076338,104.0040737104776,1,2
0.23638726081440586,1436.1131097555374,0,3
0.0007416323736977207,36.43594673972579,0,2
0.36030424171108366,2681.083198580238,0,3
0.06463197653749832,690.7309088725144,0,3
0.6585477161812306,3090.610219463161,0,3
0.005130609125184763,100.93474867865552,1,2
0.3527865819003068,930.6123136887691,0,3
0.0024197593406103213,118.88130235987654,1,2
0.20078580035601246,964.9053534744874,0,3
0.33114907745988403,739.7184093641764,0,3
0.8114207931067959,2130.38581241296,0,3
0.00868138273829991,101.76589087500042,1,2
0.0020835320017943545,117.35166033680497,1,2
0.005867583343092882,130.0750805332087,1,2
0.5400859142245549,1209.1764377166794,0,3
0.05191531360413298,234.3726279442836,1,2
0.7513019546622189,1971.641065678828,0,3
0.006215147842918326,119.36952840973177,1,2
0.001697372799310555,85.49904623320108,0,2
0.0002836679962266046,9.076101363049721,0,2
0.0014849736973943288,21.425141145271326,0,2
0.5826083275470056,1302.2390905590473,0,3
0.0004114395803732893,7.593843771799886,0,2
0.17197441491678458,1364.6685903884807,0,3
0.4495696165537118,1004.3579657826754,0,3
0.0008708127585177941,12.564051669793614,0,2
0.0339221540774836,133.9619532370559,0,3
0.001619848032381327,51.827859082436426,0,2
0.00253677413635753,48.721855053542335,0,2
0.0043916218433180014,51.47996842711355,0,2
0.003693703661024815,95.07586941197594,0,2
0.002452908878864611,47.11112004129364,0,2
0.2739125410959127,2858.7619980644363,0,3
0.5670282683203296,2267.8203046911285,0,3
0.7794072523293977,2784.529323130724,0,3
0.003940368886758897,74.25977023239308,0,2
0.0019483990397387897,96.27748344243004,0,2
0.00036891475554768727,18.582753154459393,0,2
0.0054853208354400836,59.756308836396194,0,2
0.006669958619424816,83.28907044830699,0,2
1.1528752562210218,3927.3371845165857,0,3
0.5361870156153553,2175.3492164301015,0,3
0.0024191689893683665,136.25588533950855,1,2
0.2466443089318603,1479.2198764259203,0,3
0.000294692603732315,14.561833432359036,0,2
0.003985025053838378,76.53728815472431,0,2
1.0142424415362297,3176.584683837806,0,3
0.0013899373179924995,25.653746865708232,0,2
0.6713184801984857,2636.484855347403,0,3
0.0005607863683798679,34.337422601747186,0,2
0.001317047740310502,74.18064082297185,0,2
0.0036952845640764783,118.23250319038137,1,2
0.00011542453768955652,5.703546239555858,0,2
0.0032188276346415694,40.194126668470695,0,2
0.0034343886114168625,67.5649114754409,0,2
0.00010402179713355549,5.110527526234441,0,2
0.002940190961155604,148.1015384624938,1,1
0.19040505699564436,579.535113591319,0,3
0.0009663853528936076,17.836347651753968,0,2
0.006350469983812819,91.624327071073,0,2
0.5204366652919216,1402.7574054160175,1,2
0.5610464074281806,1466.946416279495,0,3
0.4760081382183574,1079.7488328188426,1,2
0.39023746919632407,1927.6206889779112,0,3
0.004507055153339377,116.01152299060654,1,2
0.5858690941229124,2458.9276150931437,0,3
0.0015795438419148116,88.96532055367693,0,2
0.13198813106686183,571.5078835048342,1,2
0.0010179087467017773,73.37072675901975,0,2
1.0023107387533383,3131.964756703699,0,3
0.002588766118429886,82.82888450105249,0,2
0.005386482943639705,101.5130809451709,1,2
0.5761628030575691,2437.1527346489056,0,3
0.10497670433918216,252.5086141175669,1,2
0.00898983669012176,105.38168482710674,1,2
0.7720954033277342,1818.7377977303672,0,3
0.005904929054027048,111.283660843062,1,2
0.2606455922434494,594.8687512066307,1,2
0.9176787097891096,2430.990031129261,1,2
0.0016487426958780116,42.438608949954386,0,2
0.0035294469099375137,163.0355106227205,1,2
0.0010696366581965909,53.879097231335216,0,2
0.20233105663703824,1764.7702739684657,0,3
0.000734305323399716,10.594527852694547,0,2
0.02425124338737267,136.84126534368278,0,3
0.8185697946533361,2581.0028781231936,0,3
0.0034701994018670164,66.64943080325733,0,2
0.001308551299651464,16.340134564626883,0,2
0.10837311917341293,909.9992809637075,0,3
0.005550190892192159,123.03898982984558,1,2
0.30054194098422227,708.5606438401098,0,3
0.25211872501765853,1172.0650431740362,0,3
0.00043523906272777027,21.92360143969071,0,2
0.055165520767913374,450.167379059665,0,3
0.00018494779695900893,8.543281507043009,0,2
0.005923466449542209,109.32803004638178,1,2
0.0002452414113030008,13.035562887506591,0,2
0.19151127156166184,768.281685425101,0,3
0.0012680862539290023,62.30030517568482,0,2
1.3846215235285249,3687.2903436709953,0,3
0.19335251857805807,898.9414654029591,0,3
0.008177867427155575,95.86352649913361,0,2
0.004039096615863756,76.12038244652595,0,2
0.001539066034379658,110.9356745763788,1,2
0.005026281804380541,62.76415839806145,0,2
0.0009590094219014397,13.836549603495943,0,2
0.001728975258120051,79.86644118883856,0,2
1.0874112454007325,2208.639684416617,0,3
0.6396281384853468,1697.883735808736,0,3
0.2726196530039786,1082.3515158066896,1,2
0.00034167084089092555,19.24407229295818,0,2
6.175712113731998e-05,3.560164463801276,0,2
0.6013477282050644,2052.81189121739,0,3
0.1040458638922136,2001.6328072100644,0,3
0.7270480718535406,1909.3158363349398,0,3
0.0024097583612595654,121.38290517195827,1,2
0.6480462319371798,2092.178265465938,0,3
0.5820841745820252,2083.715650373418,0,3
0.003562073714335709,65.744358541681,1,1
0.004206700321323164,108.28039472296786,1,2
0.5782470385267099,2431.329122537137,0,3
0.6546217082217352,3073.0250395064745,0,3
0.5906521106618389,2084.8863213146774,0,3
0.8159658599866404,1835.477031076904,0,3
0.004465862171077209,82.42536997238543,0,2
0.04370416409019849,334.512876456533,0,3
0.48398237812969,1401.0532371502527,0,3
0.003908952285288064,100.61636533954642,1,2
0.001568417680722444,96.03553822930648,0,2
0.002960714101831001,136.7640731585483,1,2
0.0023827308246626364,117.73939672541583,1,2
0.0011210005294863311,55.39271356397542,0,2
0.0032315971130650986,103.39658809902384,1,2
0.05488026021235418,284.7700970619148,0,3
0.0018522631604568683,23.129570311097314,0,2
0.15573303586572654,667.8433245465766,1,2
0.0017184786890933545,84.42781114984074,0,2
0.006861666025697532,85.68295811351821,0,2
0.00209725843872866,128.41690414793578,1,2
0.01093958314680604,122.15045247829931,0,3
0.0050912743482724905,93.96845574525463,0,2
0.000693908425390246,34.953139680420634,0,2
0.04551392850744779,128.39346976433214,1,2
9.254186438773571e-05,6.670405247782082,0,2
0.002172266944373925,115.4646852315337,1,2
0.002225510531072444,42.74365618956369,0,2
0.08151876466516766,190.86505043074803,0,3
0.07866483852398976,1060.8970666246007,0,3
0.38730800854133235,875.0272318119202,1,2
0.0005711790266533177,28.77108789954858,0,2
0.09210709593046212,425.1930997741778,0,3
0.3287293347488635,2839.4314618844933,0,3
0.0029080125581113863,142.86888550659003,1,1
0.4407047050880501,4933.138027562297,0,3
0.9529798430176293,2471.4291697708504,0,3
0.000340739829933445,24.560481515624645,0,2
0.005847859677505349,115.0452572891703,1,2
0.31784070222290955,759.7275193249316,1,2
0.0020915739647396846,96.61593956446836,1,1
0.6304227925148578,1474.1249536920454,0,3
0.006336381875172017,69.0276473514141,0,2
0.0034880909940452134,66.99306074976683,0,2
0.002295452242369718,45.15855516066041,0,2
0.000513842757265896,25.88297967183005,0,2
0.0018435279367035177,106.27539832504522,1,2
0.0017254137360706203,31.845556379262895,0,2
0.00185532078005364,104.49802249697356,1,2
0.0017323331837292937,21.63198136782615,0,2
0.0026630021714394926,29.010368757357295,0,2
0.36628132159213994,1417.888988147556,1,2
0.3383366284171047,3598.65444992356,0,3
0.007234105833282854,78.80732509498576,0,2
0.0057794935185003,67.74903542976995,0,2
0.003002992528187783,169.13882717345396,1,2
0.5571509916579334,2205.4153153209695,0,3
0.001932287488390427,21.050066419259668,0,2
0.0012959098447502984,28.72828003680641,0,2
0.18326800815667757,1487.7892148176907,0,3
0.0017599176133846497,25.392020974498354,0,2
0.12980722668159642,763.416525776718,0,3
0.006263019571376575,73.41707945173675,0,2
0.09620718805727019,259.27011824128067,0,3
0.2515287788808558,571.4986422534399,1,2
0.18909015777207905,971.1954539918961,0,3
1.1015042663212629,2987.917944710429,0,3
0.0020295554884669754,52.24072375430034,0,2
0.08455449127945935,237.34466762618845,1,2
0.0016772438907584337,82.40197062663984,0,2
0.3854536684867582,1344.8229821693083,1,2
1.351856205806093,3585.443193872999,0,3
0.0009321008564119523,17.90213885048269,0,2
0.20205276746149967,792.2397843542439,0,3
0.003918359378071973,45.93223739793274,0,2
0.05784636966743767,158.32771230110188,0,3
0.0004651711630578326,24.725709729353376,0,2
0.4930866687799392,1896.0721541567025,0,3
0.012454895455987488,117.99381970188657,0,3
0.0011645696708159046,71.3075837622641,0,2
0.20567072228429498,2678.335813028908,0,3
0.963470372587354,3009.017546178306,0,3
0.8972623135905565,2321.7418883329724,0,3
0.003791831167139622,47.34933321598517,0,2
0.5937252051326013,2509.3751402302287,0,3
0.00029288396727858814,13.529169973920405,0,2
0.3479126922023443,3115.7982747716537,0,3
0.22460485492080057,1778.658023098794,0,3
0.6855714106946744,2086.422683543222,0,3
0.0012951135124082181,24.407570615909844,0,2
0.016453939672440826,113.90513010209006,1,2
0.0015056188975915308,86.79567305791731,0,2
0.4283477599101117,1137.0286166669027,1,2
0.0003241760900979308,18.68805045841517,0,2
0.002678876146466916,59.38646459966609,0,2
0.0028843803099648955,63.94216820946248,0,2
0.4970832494393645,1176.3469121313865,1,2
0.0015209033238869926,87.67678717633126,0,2
0.0026099673672573824,128.2261068400615,1,1
0.003566205159962698,65.82061166398532,0,2
0.0076129532490756815,82.93443522384489,1,1
0.560435815209683,3596.2506749951144,0,3
0.004040784833025953,58.30028204348942,0,2
0.7368319018983635,2890.0880572721517,0,3
1.381984867196774,3749.585459825982,0,3
0.22062879294949553,2638.2574566346693,0,3
0.006116855139382163,71.70369414382638,0,2
0.582233222200336,2354.247962689934,0,3
0.47988550652220896,1278.6782388639178,1,2
0.001578110911969758,113.75002414777698,1,2
0.003125875378282973,144.39335721595444,1,2
0.0012301306459268455,31.663541903998087,0,2
0.002823477885654033,139.51831213310757,1,1
0.0006615838181830634,35.165828729580966,0,2
0.2944441281728115,1767.098924773147,0,3
0.0022191207289762862,159.95392630091789,1,2
0.008370526525284201,104.52439261368892,1,2
0.005651063576822795,111.17367703843006,1,2
0.000177927140019743,10.257114797102929,0,2
0.8860299454407363,2330.7125411321504,0,3
0.005291311043025135,97.66048607252797,0,2
0.40267499204810925,942.3301524892244,0,3
0.7047871170738824,2782.819592688132,0,3
0.2782214489586713,789.931627585255,0,3
0.25379011214455904,2958.3019970816667,0,3
0.0013956617509536388,26.302491956078182,0,2
0.0006140303924880697,11.5719510462829,0,2
0.000869242453861856,53.224449031928,0,2
0.361338040434167,1315.3856215988892,0,3
0.00244885852167595,141.17139732537063,1,2
0.0003587450180241482,5.175958779483521,0,2
0.0013177608488818963,42.16242648379811,0,2
0.43581673615915023,1684.8116585648172,0,3
0.0013615305042297546,15.960287536356612,0,2
0.0015036580982850263,84.69117549462379,1,1
0.003976269214045829,102.34910194083966,1,2
0.005281777579255503,99.53981485645568,0,2
1.3499907682882968,3579.4011100013863,0,3
0.00040885836589463556,23.56980050526216,0,2
0.00017039806813247185,8.371553285991611,0,2
0.16345900632173602,577.1961929280075,1,2
0.1961741827322979,686.1742818761664,0,3
0.0023749719734387537,145.42153824971547,1,2
0.3445380865545123,1925.8739031034063,0,3
0.0011488850684980808,82.81148257289377,0,2
0.23594375189133288,532.186963234346,0,3
0.0022004063936467205,41.46862334620103,0,2
0.5581896234579983,4706.841931580448,0,3
0.0019640947837492777,90.72730208191585,0,2
1.3174464287866068,3495.5061674403933,0,3
0.3593065179037345,3110.14048059424,0,3
0.002946766227476235,32.10165422231034,0,2
0.004399138483848595,82.90569294891083,0,2
0.5725938277045424,2705.9828748953923,0,3
0.12227719721391368,1064.8611694343226,0,3
0.07058191643030325,572.8206780312821,0,3
0.13284929800597775,570.9477606591292,1,2
0.7160757807056942,1602.0079793654797,0,3
0.0040925429575929,75.53510486556468,0,2
0.1964110650817391,1171.5344133258386,0,3
0.2238280790680478,880.4503000308396,0,3
0.0007562872292648867,13.958615893090183,0,2
0.2773733545655094,1128.802140727201,0,3
0.006371470075340206,117.59672782315685,1,2
0.09261539170065616,246.5154726146049,0,3
0.00431585176003942,79.65666302267746,0,2
0.3488377020000433,3540.232148004732,0,3
0.08208663986478887,564.5442109647596,0,3
0.2563622303368611,684.1504550274308,1,2
0.0008824995459700286,17.361460931464876,0,2
0.052333984619961776,949.2754723006838,0,3
0.10714052662584446,555.8136109350031,0,3
0.002297786217090088,59.14497814696991,1,1
0.0030519373082852877,97.64828155497261,1,1
1.3036121417669646,3458.696951557668,0,3
0.00035154521539411366,17.37112776390497,0,2
0.005776278735658164,110.94050955269249,1,2
0.24732884637327482,1250.9722249935664,0,3
0.004422139685030942,83.33917112416744,0,2
0.0023890395414542546,26.025858640600234,0,2
0.0003276962013726663,23.620298507884538,0,2
0.002755536990632739,135.3778537598747,1,2
0.005633886595926287,70.35143759652618,1,1
0.0030970429831607975,99.09146049184451,1,1
1.0933260192779586,2062.8233603338062,0,3
0.9154415104882996,3597.917180222569,0,3
0.0067675352531350475,73.72457122922175,0,2
0.00601555626947551,65.5326186098389,0,2
0.569988076369267,2284.7998095881894,0,3
0.34486041102720233,1714.6533451694545,0,3
0.0014429300452395183,31.987486306310103,0,2
0.003842075773538375,85.17276814584878,0,2
0.0005299468361551749,32.449092017145375,0,2
0.00035184999029871667,25.361300393594323,0,2
0.0011737436423449878,22.120247037064836,0,2
0.0010698868298063846,52.56288820564375,0,2
0.3670729008773332,1734.9896967901839,0,3
0.3238908777186883,1355.6016745488064,0,3
0.8755400163051575,1965.1654558912896,1,2
1.0784350553092379,4191.720444238622,0,3
0.0005249445926596303,10.327263145077513,0,2
0.14101216599838662,1227.3286403703153,0,3
0.08444226252125588,328.0753173372306,0,3
0.3823273672004477,943.3131222644759,0,3
0.0031177328465604773,80.25039044382088,0,2
0.3391275000679592,892.3437021984498,0,3
0.00803676426042988,94.20947092987807,0,2
0.005607404879217449,61.08627513058673,0,2
0.26042815930152563,827.6335150918402,0,3
0.002076346343444814,104.58847466298162,1,2
0.002213634468691287,56.978913574444334,1,1
0.00048239749819241047,10.693992698077457,0,2
0.001329182646156828,66.95279231662688,1,1
0.0016715830308327367,94.14928299162821,0,2
0.0035219712753191685,41.2856517531222,0,2
0.006980866586906823,87.17143870335649,0,2
0.10887501078914472,647.2997423069253,0,3
0.1986097107483314,835.0255816505136,0,3
0.0003788018767631221,19.080781303758766,0,2
0.004323442898626046,53.98767229442724,0,2
0.3706124759623803,975.1534363803783,0,3
0.0016584322176967192,31.85222246185664,0,2
0.002090033743633274,150.64935360671885,1,2
0.00157307257604311,50.33125464106184,0,2
0.001222157038044085,68.83607138420182,0,2
0.2698101822705937,1262.0015971377454,0,3
0.003985542413737363,76.54722468539434,0,2
0.34079407679432355,2493.880594651943,0,3
0.007591248606337698,88.98699672223495,0,2
0.008260341419824402,89.9869903302567,0,2
0.5556788693667538,1902.7812098280658,0,3
0.48230470347093657,1935.0266806912807,0,3
0.0833984558933571,365.7146219920584,1,2
0.0002842434753303892,13.13004029361844,0,2
0.8201335616449698,2227.7901303974904,0,3
0.0013168396870901534,42.132953445228935,0,2
0.0017816250845646012,34.21829239182905,0,2
0.5578905846497159,1904.2423997820913,0,3
0.39275344493709347,1505.2692013943993,0,3
9.089229794045854e-05,5.119365608953648,0,2
0.9832974153766814,2560.697007482147,0,3
0.006386233844070223,122.65544465680522,1,2
0.006393715620355248,120.49528014860076,1,2
0.06957741806164247,238.83129778890918,0,3
0.5501737646987045,1872.9922034545314,0,3
0.747121726749769,1963.4342632220919,0,3
0.0014888707806263671,29.290634774697285,0,2
0.37912998388033997,1670.2428111085314,0,3
0.0054615868198687285,102.92848055688512,1,2
0.6620620339049876,2609.6954987588397,1,2
0.0031631039023032586,101.20511309364964,1,2
0.6877574557201895,2157.3454384295073,0,3
0.9430743907251112,2573.335120494551,0,3
0.00013934945781117448,1.7400837802452753,0,2
0.5937808910167639,1867.4597204343731,0,3
1.3496877731032777,3665.319905364733,0,3
0.07686867375488574,358.3930870650842,0,3
0.003718431567992694,71.41703365928767,0,2
0.002021694130840577,113.8687395936298,1,2
0.2927652585071051,1620.2967439094377,0,3
0.002976242129617877,56.089940574874724,0,2
0.0008376529437891642,60.37791251601196,0,2
0.510493243009309,1737.2055573177781,0,3
0.36379151095664775,1425.7014238074282,0,3
0.00033652432592319543,16.628890979842105,0,2
0.002406616804725054,30.051892077271958,0,2
0.49974910461631367,1574.9655998869089,0,3
0.0008381575330156093,21.574160644372444,0,2
0.0017810881217221828,22.240793760359818,0,2
0.1531178809360124,931.192878704821,1,2
0.38416073460904354,1336.8283513618405,0,3
0.49243010424515216,2072.035698225167,0,3
0.39225652284292006,1341.2745094925735,0,3
0.0025200769302739707,80.63113909959146,1,1
0.14740400630792155,526.5994223374871,1,2
0.0019227021711223438,27.740670066344542,0,2
0.0034215089330751516,42.72504745928734,0,2
0.00045327741189059924,8.91735085144329,0,2
0.0016890168024026712,78.02064285334421,0,2
0.0005047027542788762,9.693434699869275,0,2
0.002881822297349975,63.8854610989819,0,2
0.001695530021524756,90.12420906326318,0,2
0.0028415907295235494,53.55231470282103,0,2
0.004774363346722963,68.88432351484701,0,2
0.005966555031558373,110.12330589194403,1,2
0.6776282841732342,1759.4339672094463,0,3
0.0035155891533722667,77.93507403433465,0,2
0.001234107269940118,60.981729011615236,0,2
0.7790263624250827,1742.3402065679547,0,3
1.221947542033012,3828.4696351156454,0,3
0.0015524872422668856,71.71394179795779,0,2
0.4653614464269093,1966.6948038333915,0,3
1.2169012658043776,3224.6994586489914,0,3
0.0006277475034104698,7.358653091896072,0,2
0.0007673176940193448,37.91595821712943,0,2
0.7987694738579468,3129.741566131464,0,3
0.0003037379194348297,15.008795381640823,0,2
0.001223726032517941,88.2060092819678,0,2
0.32557076817497005,1251.5823571636251,0,3
0.0019521415654716236,96.46241525153424,0,2
0.001769308559785681,127.53152511269533,1,2
0.0042645332940746536,80.36893795160843,0,2
0.0026717614677783256,51.31445212447901,0,2
0.0005331175047997125,13.722435506240087,0,1
7.42938885151639e-05,3.671131259822101,0,2
0.2931550485556851,921.3016243973354,0,3
0.854118404279762,2006.154869318097,0,3
0.1939528774998108,766.3454918178462,0,3
0.533030294442804,1386.110021700092,0,3
0.005579655597227429,102.98239383617798,1,2
0.8533053191493761,2002.6440303488155,0,3
0.00031215264615203325,22.499921119781668,0,2
0.0009580491255068777,44.25510068982167,0,2
0.0010588367962138946,19.954724915392973,0,2
0.2647132563529724,2296.7432461726753,0,3
0.18343419006946163,1963.9727635875493,0,3
0.00273542555509946,70.40980726392681,1,1
0.0009075174898674548,20.118233295955417,0,2
0.2546710475100978,676.2778534880755,0,3
0.335084072998131,1996.5031864818418,0,3
0.02006304340665324,128.17355179918917,0,3
0.0043387487025948685,54.1787988452449,0,2
0.6601907428719995,3106.202986243349,0,3
0.4409646512240128,1500.6604587531367,0,3
0.0009525918439403183,54.914859514943124,0,2
0.007693343875699273,96.06828117044971,0,2
0.006399849032603896,120.61086977927101,1,2
0.3834715291583964,1356.0845040005286,0,3
0.2956394699003775,3114.751005442147,0,3
0.31266704182964933,1062.6106443577726,0,3
0.0013335602184637997,29.562929517951677,0,2
0.29230338068423706,1384.8234363452734,0,3
0.001929092494014674,102.53898959371024,1,2
0.7694578304366584,1723.9666284822265,0,3
0.0017107402303281533,79.02411174087298,0,2
0.001907275243015281,96.07212643459339,0,2
0.002217263936127712,42.58527023086757,0,2
0.004592621793599194,66.2621636513625,0,2
0.003923653332631999,73.94475068867935,0,2
0.0023858429926252376,61.41155805156807,0,2
0.30442369954227755,1426.5233051736013,0,3
0.0011493737660053483,66.25891171738739,0,2
0.12370190052629228,530.4979236446119,1,2
0.002235583030974551,103.26814095664578,1,2
0.00663904146917307,122.53523024124222,1,2
0.38924126784015073,1218.2733068568605,0,3
0.07851803227884262,183.83261996966604,0,3
0.10603791895063192,407.6871867073859,0,3
0.5101460217657338,1609.1429248834602,0,3
0.0045525359395535,89.5622838726448,0,2
0.003557578838054232,67.04574995130301,0,2
0.0007830535994357126,44.104261392363355,0,2
0.000799575005247316,20.58104703583125,0,2
0.005849619028884336,68.57106865332679,0,2
0.6278367111989595,1651.449486900984,0,3
0.024047679276183204,55.6425431961358,0,3
0.16018370557146563,750.9563026702801,0,3
0.004241659034382335,83.44638583250324,0,2
0.001434720006979732,66.27392758904395,0,2
0.3220222280322576,1273.1790872130823,1,2
0.0019689880996833545,37.10733895096581,0,2
0.0010563659299452032,52.198882905978735,0,2
0.005797957148863531,114.06352216493983,1,2
0.0032852203805446767,41.02318579856426,0,2
0.17551942969630868,612.6132174619597,0,3
0.0017862810195900392,88.26664239691023,0,2
0.004104910570813289,131.3386949622394,1,2
0.006440010001809178,121.367739105774,1,2
0.34732949390418033,1397.7671774943112,0,3
0.0013647621866244898,15.99817033081911,0,2
0.004133514098962403,91.63349676841175,0,2
0.40519839597866436,1098.9982411264436,0,3
0.0032480915872443567,83.6058222118722,0,2
0.6713546176949975,2581.092058706714,0,3
0.38115748488980195,1612.287636902972,0,3
0.0031946998376522714,102.21604106473781,1,2
0.007449572155672193,81.15458471585474,0,2
0.0020075232405545743,92.7333899510584,0,2
0.10888373358876029,417.6701435831112,0,3
0.2322041383940404,889.5963574855114,0,3
0.20387878326579675,2102.09390150747,0,3
0.0057557739229071835,106.23296843901426,1,2
0.3009549460513641,705.923318635682,0,3
0.0007418523571560496,45.42424590198732,0,2
0.0006921076194430563,13.292774722299619,0,2
0.0025368519182284205,81.16786334435577,0,2
0.0008135583731082851,26.030212633469073,0,1
0.0034637216488100204,89.15613632911929,0,2
0.0014441221081512498,71.35932605213094,0,2
0.0016849809106714395,83.26103555754618,0,2
0.0007686912025192979,44.313385281686955,0,2
0.006522269281932854,81.4448449685554,0,2
0.3416686677009226,2506.3356296480706,0,3
0.0015136842843530105,74.79664619594617,0,2
0.006112348710576998,117.39514513540695,1,2
0.005834619214196878,107.68819747568782,1,2
0.004385224521666491,54.75915143656772,0,2
0.0012411600913922376,14.549267809814715,0,1
0.0011159117414769177,20.596121112617663,0,2
0.0025299664124645866,49.77216501527132,0,2
0.0005387375864839323,17.237182227306707,0,2
0.0004100395429001629,10.554410860265351,0,1
0.7627621704189226,2271.917853264131,0,3
0.004940825072571737,93.11426041367841,0,2
0.42629811110290333,966.54269039349,0,3
0.0044209921949652006,83.31754564922466,0,2
0.14329735843363284,580.2474021804264,1,2
0.9271439787435871,2453.3260808511513,0,3
0.0007659214068345895,43.13931761169654,0,2
0.0026312045047755116,121.54305786015426,1,2
0.39854133224374505,1869.4723637078625,0,3
0.4407595004087559,1824.677342417615,0,3
0.0002956181175822819,5.456154215879508,0,2
0.0014745847728659142,27.789866778508177,0,1
0.6974688805336546,3277.495928060121,0,3
0.004917781121994685,57.64777249137326,0,2
0.001532773915971848,93.8530404326956,0,2
0.002876084511896372,56.58136496149078,0,2
0.0029066563111103806,55.825895356899274,1,1
0.0027406364981910304,167.81148569647783,1,2
0.0024503971135155286,123.42993606546824,1,2
0.00034820457283470704,20.073240518818388,0,2
0.2967271061119318,2182.102914573894,0,3
0.009029527221160063,98.36639158609903,0,2
0.9656632387629425,2619.5726738534177,0,3
0.006035437452639471,118.73548492665032,1,2
0.018822049069167308,142.7945890909709,0,3
0.3472239554653165,1087.6612826001603,0,3
0.00248442215621338,139.9311672477788,1,2
0.4840704947858024,1920.4491782911623,0,3
0.0021266650874813024,104.4817602478148,1,2
0.006010248335541323,118.23993807408294,1,2
0.0032401896720780318,71.82990132292858,1,1
6.626900025542497e-05,3.820264536560941,0,2
0.0008461223189028153,51.8087836565524,0,2
0.00023853267519870607,13.750892821082331,0,2
0.00037543699856400464,27.06144880483713,0,2
0.0016960347213729164,85.43164537258858,1,1
0.003090473070184102,155.67145886717424,1,2
0.0023421320477320044,117.97647300265376,1,2
0.0017036606762781878,37.767473712837926,0,2
0.5799212060032086,2294.859864928701,1,2
0.0058022641731044775,83.71483554829813,0,2
0.4931244333386695,2086.244749060932,1,2
0.0003799294912644047,7.012269452403421,0,2
0.0003641460378344504,6.993870766581844,0,1
0.40748765699794864,2555.9354513795915,0,3
0.13313395265927197,558.0072026634047,0,3
0.0038647783721204193,123.65554351456097,1,2
0.5597446334899353,2342.2483001808337,0,3
0.003419361259571994,63.1103482581238,0,2
0.004224232831718529,52.748816894668536,0,2
0.07354253655229542,816.0637309032861,0,3
0.0012319633922153906,15.383766469725325,0,3
0.6252486993464825,2648.123887197754,0,3
0.002855881777353461,140.30773200445032,1,2
0.00036715664836813435,26.464602266619703,0,2
0.4106407741376839,928.366357460528,1,2
0.0005269646555586202,9.726062971243225,0,2
0.003131980558208614,61.615621614487615,0,2
0.19398806655903902,831.3045789298326,1,2
0.30976816376415867,826.4940992863002,0,3
0.0009884618003346162,56.98268492068261,0,2
0.00023614754354192488,13.30063867280981,0,2
0.0006260381353712131,12.316081836515265,0,2
0.002861386406468488,63.43242958724267,0,2
0.049338494614032585,149.8951109157755,0,3
0.21767093111728567,769.6496346523987,0,3
0.002225891911193865,128.31785446854778,1,2
0.0031189254575277486,44.999731824453505,0,2
1.1936481051419174,2795.710633747226,0,3
0.0009688005773698886,54.56616754227949,0,2
0.006252208122321698,115.39553794657618,1,2
0.006180523959077361,121.58977955457038,1,2
0.5853182460054343,2462.1313635727975,0,3
0.007206012798323989,89.9828832315552,0,2
0.0030129612683364197,139.17752310896904,1,2
0.0014532971323770348,32.217308298680216,0,1
0.0019378187006421654,49.879420395956245,0,2
0.0008296569304818924,9.038165178200538,0,2
0.00011333759435236088,8.16935869123441,0,2
0.00040846340065108427,18.868123191863333,0,1
0.00561497687122392,105.81925304467137,1,2
0.0011983315891026178,14.047218675278032,0,2
0.43719010078870707,4957.526259064536,0,3
0.02667981286861046,514.2965435785533,0,3
0.0017476155673700048,80.72749177672952,0,2
0.18030642235122804,711.2415519017746,1,2
0.0021983250938119744,108.6272388272863,1,2
0.0015524025115737341,95.05491590660907,0,2
0.005501194025761521,79.37100749749219,0,2
0.0014017834316446746,26.417860495069547,0,2
0.00103790640448944,59.83305941024651,0,2
0.0009437994450064636,47.54050048183506,0,2
0.08655421037020586,321.3500033013664,0,3
0.005821497612464459,114.52663496877344,1,1
0.2126277797563574,1746.3470520683413,0,3
0.008692465166337277,94.69448526570876,0,2
0.0005116173934543994,25.135450878550458,0,2
0.004775724882715525,59.63540538914577,0,2
0.0019546565092053462,112.68172017826532,1,2
0.05465364298694604,263.41651010719124,0,3
0.04722185658754615,374.9073295615219,0,3
0.0009060047106731938,51.0292891968548,0,2
0.00011177339894133708,2.4778401973411452,0,1
0.0022680015646623524,32.72263591324988,0,2
0.00015313548208902437,8.62511497982635,0,2
0.005078689115550778,73.27512354229539,0,2
0.0004753411923590912,34.26252977478677,0,2
0.7758623709648733,2677.9848708200034,0,3
0.2430707620913409,1143.691162806485,0,3
0.00071828699700825,36.18112249168858,0,2
0.0016724748405779189,94.19951277173793,0,2
0.1599507410881933,763.7132508445678,0,3
0.28972488591333406,1107.5983142630553,0,3
0.00033286444432560587,16.448042918060867,0,2
0.3032547702228442,1289.360782026992,1,2
0.4395437443641887,1682.9934786437307,0,3
0.0004515414249269714,26.03038654254467,0,2
0.0007353362001009571,9.18228613818304,0,2
0.004123269888927829,77.70670294013537,0,2
0.004729799654414872,68.24136034362678,1,1
0.0022944603779974588,42.348316696438005,0,2
0.005003989242878547,94.30464560570078,0,2
0.0018197218498132686,26.254874107059997,0,2
0.5430345061453414,1433.8304966501094,0,3
0.0002621585342587091,13.20529270300427,0,2
0.0025983274451887154,66.88090424659968,0,2
0.4206145585235722,950.2257925166027,0,3
0.0029523154076472715,136.37611282659006,1,2
0.8790199967645491,2278.973250064871,0,3
0.0008214580190113701,8.948847397043714,0,1
0.0010107484505964786,26.0166479274641,0,2
0.0025020637224517544,144.23856207662655,1,2
0.0075993245272141085,109.6427505012227,1,2
0.003395597824046785,87.402630238369,1,1
0.002577162598440348,47.56608523012282,0,2
0.7177232150263545,2490.954454448095,0,3
0.002695367353484702,124.50692814046864,1,2
0.005609317999017241,107.73382406435337,1,2
0.7147745371008672,1891.7557636061197,0,3
0.46631993168926217,1958.8958522957973,0,3
0.0021757565522903927,156.82824222652542,1,2
0.0021299963431818513,24.96848508568842,0,2
0.7445952245753895,2585.4639244542614,0,3
0.001693183671748645,31.909558226340632,0,2
0.006185376659517855,77.23800127388532,0,2
0.36889079416969267,1864.3466543305537,0,3
0.0024066067646708795,44.4181762349811,0,2
0.0037821275719788572,69.8058409464799,0,2
0.3314860469731246,1294.1853791968113,0,3
0.08402943654311935,573.2202966595746,0,3
1.017881919560303,2831.8425168308295,0,3
0.0804763613878565,722.7560017541346,0,3
0.0045555743719648805,100.98990822276139,1,2
0.23361588032301636,1052.4433499887105,0,3
0.0010143089340819873,46.853906353324874,0,2
0.00038167563521937216,17.630717692632246,0,2
0.0015269828994038056,110.0647238181913,1,2
0.003120708116326686,59.9370225078062,0,2
0.22477979765774894,1943.889085021907,0,3
0.6964691942244434,1837.892210640599,0,3
0.006410556819395322,75.1465573395892,0,2
0.5173512165991146,1627.8154845990673,0,3
0.0002662202435953539,5.113085920765427,0,1
0.34784225939609725,1343.169419377698,0,3
0.0017020351259769474,78.62199742405836,0,2
0.22629973226675326,1720.2012630690278,0,3
0.00016209121156694845,5.186190496674665,0,2
0.26227242691692565,2274.5534911957175,0,3
0.1321837596889514,415.374895613206,0,3
0.0016774794539984746,84.4969905555907,0,2
0.08627615683076482,352.96494496809873,1,2
0.0012408595520153561,57.31894425279382,0,2
0.553754195512271,1734.5021290258367,0,3
0.06198177589035535,278.4974404568914,1,2
0.00022039675073967549,10.827958104796144,0,2
0.00012923974174662537,2.38534758139023,0,2
0.0014942171990790386,38.46112529053064,0,2
0.657362226675869,1471.7704287792774,0,3
0.001446390585091342,20.86846554329544,0,2
0.1539654710156002,1327.7344511217902,0,3
0.21139567038218313,1529.4716038513693,0,3
1.1900797144830284,2799.0786485980047,1,2
0.0041823622714019645,107.65393373193963,1,2
0.0027631118540931655,159.287422264668,1,1
0.24461081551589156,1276.6186688600314,0,3
0.005253044683347676,65.59579056836468,0,2
0.511265607980731,1742.7601679249692,0,3
0.0009560253573821385,18.361638201170432,0,2
0.0005034185105470261,9.48737135997063,0,2
0.0004232153680432396,25.91383415049571,0,2
0.5002831534602099,1327.78266580236,1,2
0.0036175706498870574,69.47987616383715,0,2
0.12368228311745721,1069.6698525058925,0,3
0.0017591208064540948,81.25895253439944,0,2
0.006854433294773028,98.89548957604329,0,2
0.005850051914975642,68.57614307983891,0,2
0.28080535237621007,636.6584651797459,1,2
0.4476152914859082,1768.0017630864559,1,2
0.0006496339033272837,14.401360381505452,0,2
0.00041120053706543826,23.70482160755562,0,2
0.00391975051628864,86.89469484511423,0,2
0.0044032842121248415,47.96875500410894,0,1
0.004001578252620203,128.0325250506708,1,2
0.4806152922023851,1846.0456403486935,0,3
0.0018830627364931462,106.0605445251275,1,2
0.0032005271277373197,62.964141955708264,0,2
0.8846527501458015,2076.8749391082542,0,3
0.005671325259737048,81.82565414041986,0,2
0.34809723108768514,790.0949738026237,1,2
0.28075756423124143,630.0533874636794,0,3
0.0010344510143835762,50.8219481803497,0,2
0.005167710149417001,133.01677135317235,1,2
0.00012948386780805538,9.333179929368686,0,2
0.002622375139995138,128.835693156227,1,2
0.0051196902122927265,60.01461416502639,1,1
0.4467372654231056,1188.5775578633206,1,2
0.5915273229832021,1569.3484734693252,0,3
0.0022725522632770292,104.9758582901447,1,2
0.0038208571894149767,47.71178680109221,0,2
0.0011245142634062262,51.94461393391871,0,2
0.13110741554237546,482.94014866551163,0,3
0.36241857702255437,819.3057319732964,1,2
0.0005328185358743753,17.047799202009607,0,2
0.4053996780769998,1819.8270074922023,0,3
0.002531967508075565,81.0115841650485,1,1
0.31868443712088207,1896.8709759028318,0,3
0.06484888860667154,972.6333387625932,0,3
0.42113677333201105,2283.574138531586,0,3
0.0001625344466732425,9.952121337906307,0,2
0.002791120683030021,53.606892078612184,0,2
0.00041807028758354854,7.7162251785803715,0,2
0.0013608727856432024,16.993483135641224,0,2
0.0029962312532895202,37.41452236418375,0,2
0.0016605372168156938,93.52714490420973,0,2
0.0029772747369964615,52.88544785602545,0,2
0.0011393700019735702,23.581915585954416,0,2
0.0993510351276846,466.00649241337726,0,3
0.22997592171644649,1041.3488643302771,1,2
0.00016998589591856885,3.5182539837023987,0,2
0.002714432618994348,48.216573011108984,0,2
0.5540636930532155,1956.7138214157117,0,3
0.0022131986017149274,95.5429752706183,0,2
9.02776886914527e-05,2.048242782920792,0,2
0.002470715303865835,27.27944332134021,0,2
0.0029504783143001374,41.896171293800705,0,2
0.0005005788254600643,21.6098050599105,0,2
0.000830581686828944,9.17054507014285,0,2
0.0007599859783438718,13.499660723135706,0,2
0.6716314376551468,3687.7161068253445,0,3
0.37974382373310794,1000.5394756281465,0,3
0.004725300555163442,107.2088009732296,1,2
0.0011075962199021015,15.921330084648764,0,2
0.0002954993261116719,16.20360524593134,0,1
0.004461124829884021,76.78553772520954,0,2
0.814807173178006,2262.616849055213,0,3
0.3094395433442653,1129.8742468178214,0,3
0.4805901730719555,1416.799951800734,0,3
0.0021804067973790653,84.56939973268457,0,2
0.6008979726892292,2588.542813839194,0,3
4.1983436759041003e-05,1.8124096305394692,0,2
0.5768711479961552,1230.7254601305808,0,3
0.004526211956532785,50.310773342994466,0,2
0.001779726678065699,76.83015065124866,0,2
0.2018566031060385,729.6454008766033,0,3
0.07045531260185861,395.02857541008893,0,3
0.004379498819952402,62.9538500266415,0,2
0.0018896055418808346,21.00377026931313,0,2
0.0033691965408308706,130.67787597342027,1,2
0.0015559163552416695,48.69595981512228,0,2
0.0005995305557673571,6.346980784625816,0,2
1.2592850756101444,3706.0310380422106,0,3
0.06119451426217879,187.59783485209996,0,3
0.004613376627778677,95.48457306585772,0,2
0.2510206312044919,960.5815274754987,0,3
0.6358295709874583,1824.3399744082521,0,3
0.0006699042421880273,13.865228382866688,0,2
0.001433915195644379,61.901595261924506,0,2
0.003260584946871495,43.24929532208693,0,2
0.3485463589935125,1538.7206243513162,0,3
0.0010879461759334829,34.04976307742716,0,2
0.005821060490440076,72.91388219424638,0,2
0.45137253442822356,1736.0675844351422,0,3
0.00237698346239849,25.164135866113917,0,2
0.4851363807861741,1802.9570436097245,0,3
0.783493675008024,2544.3382963874965,0,3
0.09967893319633396,446.3936361877025,0,3
0.004099439016013074,128.30131704432824,1,2
0.8067946403877834,2592.5779230925664,0,3
0.003877450048098674,51.431563648652556,0,2
0.0051275554843513635,88.25624031955243,1,1
0.0016016899910969709,21.245256470269105,0,2
0.055847535711210775,264.4142349887393,0,3
0.0012901055450445158,17.13123786798613,0,2
0.22232634015293343,1336.3815048374568,0,3
0.6351966849266838,1572.3778943674793,0,3
0.005666492441381498,109.17929477101517,1,2
0.4419835398282713,1640.0100377493675,0,3
0.5642424618091361,1811.56734558553,0,3
0.00014004372195901383,6.0456363263412385,0,2
0.9396947936883328,2776.886184367767,0,3
0.7700490670563999,3304.7630544217486,0,3
0.001517491513552317,34.42922704191207,0,2
0.004134816933394871,59.436628667795276,0,2
0.0017486251040914154,75.48750706255319,0,2
0.0019040272681506178,104.40668896463869,1,2
0.008405187849949657,105.28234120195651,1,1
0.16929742771664322,558.4353853415546,0,3
0.0033942389599045924,45.02211890277504,0,2
0.004530437489266109,56.74769845172545,0,2
0.0025227262390932347,28.041176427510788,0,2
0.16123943471437852,899.0442011126312,1,2
1.2669879307489171,2683.4328781896334,0,3
0.4291933322502363,1138.0110832893554,0,3
0.003997770466333525,70.61787370425449,0,2
0.0009691947641746353,21.989333242126584,0,2
0.0014181793779468965,32.17600846754783,0,2
0.1568696400301552,389.1706915792373,0,3
0.0024329003331354077,55.19825131923194,0,2
0.6236904568122751,1325.5247507461456,0,3
0.0008895305097264255,34.50138815467766,0,2
0.005055300750678829,55.81613959515925,0,2
0.0013910710627097168,76.27890955212612,0,2
0.0048959627398941176,86.48382425609074,0,2
0.006574444764922764,113.16031175312513,1,2
0.4063324108649991,1072.6974483847798,0,3
0.6113574105181512,1525.281729275938,0,3
0.0026924611475009673,120.35312517336028,1,2
0.0038353032540291935,79.38053259818116,0,2
0.6182546109984042,1826.430441610777,0,3
0.47170705335762486,1395.483599157915,0,3
0.002365719633124483,91.75695542210441,0,2
0.0005269714368289096,16.49277599344473,0,2
0.004125282968811373,85.38233810805724,0,2
0.6037872156661112,1970.588163354987,0,3
0.24812577362786023,958.2193635381595,0,3
0.0036021740012264674,63.629933439539684,1,1
0.0045466257785064254,103.15498294706687,1,2
0.002844767013538656,30.116365876560224,0,1
0.0014783581546581794,21.250910522000105,0,2
0.005435382906160029,60.01266907861657,0,2
0.0009738580313759992,17.20253427372404,0,2
0.0004452286838179572,24.4139637530862,0,1
0.7016212766880283,3091.1942409585245,0,3
0.0018232427236786627,31.381922335690696,0,2
0.08164501790650347,207.78439857568105,0,3
0.0019313938583352835,25.64686876279379,0,2
0.004255087918192469,81.98502034596532,0,2
0.008238324678958199,90.96026190909213,0,2
0.1974157648317842,742.9516873866622,0,3
0.005082223693385135,87.47598285576855,0,2
0.0031073474955155625,59.87090103417799,0,2
0.7372194878147059,1551.2041252341292,0,3
0.002565380255523883,45.31568293217255,0,2
0.001253146044133783,72.78391312664624,0,2
0.1218526874673536,352.71146510138084,0,3
0.0029354358956950625,50.52515504586032,0,2
0.0853540183398625,379.37626887574015,0,3
0.0012939606885531943,17.182430098510274,0,2
0.2927598570275382,938.3769769542616,0,3
0.6877166341006372,3114.9846295650295,0,3
0.002624672322544631,117.32296188097723,1,2
0.6064194307781616,1604.414619258785,0,3
0.002673108452856605,35.49605451174985,0,1
0.00454428510660968,48.1084574823656,0,2
0.566574542671612,1824.5800380977498,0,3
0.0035464360270421906,137.5522982031795,1,2
0.0001252095215637297,2.4124778078079268,0,1
0.007505164422389631,107.88426139535699,1,2
0.006916527035708617,86.63556035935507,0,3
0.0019465985752433201,60.92325315360524,0,2
0.0018707219374602415,33.045020125055935,0,2
0.005419348417026752,77.90134476878958,0,2
1.0252359625544116,2546.3917086613055,0,3
0.0035733519560877634,81.07310301117194,0,2
0.41923000765056906,1552.598482702543,0,3
0.0013985629658304216,19.859299862536382,0,2
0.26888779337703556,875.0249280254721,1,2
0.0008265267151548662,36.9457785121574,0,2
0.0012742385227719757,14.163703803478432,0,2
0.000434617645799426,7.720130278410851,0,2
0.0006223158799736534,10.711392597358953,0,2
0.002159857970464898,24.007741097559986,0,2
0.005192785558834955,100.05213473336786,1,2
0.6899979386295292,3114.065960292213,0,3
0.004144078049856702,59.56975416018293,0,2
0.005878428550862102,113.26277943264186,1,2
0.003896908736731416,80.65560153118741,0,2
0.001700150525888846,22.576201755166114,0,2
0.004287165900651789,53.70050868577771,0,2
0.00281177485697808,35.21994334454069,0,2
0.004936475657241834,95.11367684460329,0,2
0.0010486014539574104,40.671124134539866,0,2
0.0024232056136024496,54.97829509744951,0,2
0.0004465821828340044,5.5938330691949725,0,2
0.0029531599096556237,31.263876411638435,0,2
0.006745118542661865,89.56804398365497,0,2
0.0024101061905698663,75.42978374820063,0,2
0.005526308388692044,97.61844786485014,0,2
0.002277401075778189,71.27647376120396,0,2
0.0033546782747716883,149.9542582795261,1,2
0.00034125342142854226,13.235877379224384,0,2
0.004340948586879086,62.39970315021513,0,2
0.0019341487153331173,75.01801775984282,0,2
0.0031916249617827477,99.88920057323628,0,2
0.0037687024079937704,117.95015869366208,1,2
1.0499315884946254,3402.540352669821,0,3
0.009122091952195452,100.71803497254832,1,2
0.004579704036053645,65.03083375989043,0,2
0.0006790039083033021,9.760457067846431,0,2
0.002242584040846124,50.88030767441778,0,2
0.4473074264849763,1253.9416435627438,0,3
0.008875989838384567,93.96641490049672,0,2
0.05562389149232944,271.2805763697314,1,2
0.0005991222633432866,25.863889280577805,0,2
0.1814437340902788,694.2052290877031,0,3
0.9002384457651258,2653.692274156748,0,3
0.00030012459338149387,13.41558179525553,0,2
0.002307713237385673,103.15487760374401,1,2
0.005013815284956449,113.75469533129835,1,2
0.5898029880861553,1690.4837439793946,0,3
0.001705449625823471,66.14768001255142,0,2
0.7122574740204314,2637.4402078315065,0,3
0.00015019235555599776,2.6678726989580457,0,2
0.0019085035883938729,21.213830103866517,0,2
0.00561616415812428,79.74834942608001,0,2
0.005462483998951774,97.03031739098816,0,2
0.00817489654996416,108.43407574955104,1,2
0.00036703189290881023,5.211775657209994,0,2
0.0012393062725484403,17.814618618835148,0,1
0.0016842705224147467,72.70934327692609,0,2
0.39805629548387206,1706.256338940055,0,3
0.0010993494837554883,14.582073848664795,0,2
0.08684121023240308,317.5587674478856,0,3
0.001532127076457963,21.755882132073577,0,2
0.0008134584846700678,47.24644183135509,0,2
0.4878437866135556,1037.5259010418097,0,3
0.0063089166605564545,111.44268629170311,1,1
0.004461026707469853,139.61803058969568,1,1
0.0033472845371000782,47.53073617106055,0,2
0.24489956784813957,1486.8675308142995,0,3
0.0015366629389025512,48.093380129398824,0,2
0.0017110334842297798,73.86469056337427,0,2
0.05112991109025876,144.7985257191564,1,2
0.0010020578538465672,43.25847155135842,0,2
0.17679626527001893,528.9379572023582,1,2
0.0376858330689274,164.59024664042,0,3
0.5516976001052344,3022.729186358556,0,3
0.6243454493291419,2022.4831721005385,0,3
0.002873419152781045,51.0406570426918,0,2
0.18199835170321446,601.924432981491,0,3
0.6722666949583257,1682.088232659456,0,3
0.002103006354702094,81.56734113329672,0,2
0.5231490035680674,2879.096567573714,0,3
0.006956891013504175,87.14115454218651,0,2
0.0010346412104929271,60.092944740386464,0,2
0.0015124921275251378,87.84698011046314,0,2
0.7092202539995323,3145.218261199248,0,3
0.0004585444566277796,7.8925347341140055,0,2
0.59325490969931,3266.9279767789158,0,3
0.8883275351214381,2866.991146082596,0,3
0.5842720672805629,1902.5169822695445,0,3
0.2829956078380256,838.8773596848966,0,3
0.0019237179261148817,34.17107692717809,0,2
0.004424349540314091,63.59856432828101,0,2
0.7911808477865149,2081.9045193907696,0,3
0.003510125827881106,156.9027703628425,1,2
1.2307489510119087,2910.697012023583,0,3
0.004871761898178428,110.531752559115,1,2
0.001974957603570483,34.88627168435387,0,1
0.09694085347410486,545.3877917409375,1,2
0.31875803522754215,1931.506986242545,0,3
0.8628907166036989,3694.461904163585,0,3
0.5276382669989209,1463.5550789466693,0,3
0.0020085353148241807,35.47939892679064,0,2
0.22703627114855993,657.9697005720838,0,3
0.0007464541737507479,12.848079196243487,0,2
0.26722369729363543,963.7756287443929,0,3
0.31866247732729935,840.7374146564257,0,3
0.4265385222687101,1930.4299187786141,0,3
0.0068048441391396495,120.87471317877176,1,2
0.005457913340687389,68.36514600781965,0,2
0.8089184002473692,1721.7429585995606,0,3
0.0048933746897295545,84.22548598613919,0,2
0.08629628905369076,244.55319145269468,0,3
0.06577550353411146,270.4455762935939,0,3
0.41705148784075136,883.5423768464975,0,3
0.5559163822923976,2017.515256118239,0,3
0.0013517121592416372,60.421589685911485,0,2
0.012752849581096496,68.14612518639443,0,3
0.0007118927913787513,22.28031259191335,0,2
0.0010952188341838852,18.851067906963955,0,2
0.4918161746235104,1431.9703968038596,0,3
0.0003345123366732602,14.440775394365946,0,2
0.00217767681476736,119.41216896844108,1,2
0.0022895163280543915,32.51065015296457,0,2
1.3078795000394743,2774.642607640341,0,3
0.5096707852216967,1965.0614270379724,0,3
0.0066390059972859785,95.43351992127207,0,2
0.007186053822829251,95.4231983917185,0,2
0.0021645610291820393,83.95480473768797,0,2
0.0023498363834246233,31.168875941363897,0,2
0.0010959479553898212,34.300197060939595,0,2
0.004893215886495016,51.802442607547626,0,2
0.001892857077225609,84.61079000603583,0,2
0.5301997752339911,2917.847047069016,0,3
0.004737901533816426,98.06190599321629,0,2
0.001242360869824468,55.5335825050806,0,2
0.0049909041621894485,85.90417763285637,0,2
0.003300381404087694,58.2989741738441,0,2
0.006697102147350749,88.83220443339991,0,2
0.40460904775466683,1735.0309987979085,0,3
0.0024797491426018,107.04986476376676,1,1
0.001076469704531905,48.11824052321333,0,2
0.0002509109731358491,5.692730920899098,0,1
0.00037940479931202153,11.874340673083976,0,2
0.002487082264456059,32.989343046864064,0,2
0.002285602598036094,39.34012860180378,0,2
0.7521411849554919,2777.7840494150705,0,3
1.6895994235057907,3554.107908308099,0,3
0.23027782011989148,846.8381084889263,0,3
0.0007532029678687243,10.695323672735553,0,2
0.0003639547881256704,11.390797247796897,0,2
0.003265907029685939,74.097715617279,0,2
0.00020825386416661767,2.765391171032055,0,2
0.00622041446979195,82.60052856046882,0,2
0.000506791599100864,22.65360553856304,0,2
0.006325170041423125,79.22829594647209,0,2
0.0024015261374970604,42.65840291501253,0,1
0.0010314395954644456,56.55864011552086,1,1
0.0007257611214525439,12.891723248634372,0,2
0.0023763563403385248,106.22322715806916,1,2
0.004356933600766343,48.42917233300462,0,2
0.004063293941533508,58.40850926687581,0,2
0.0035658614085364053,37.75029249618705,0,2
0.0004870338802348929,10.080300368892367,0,2
0.0036271827302961314,64.071695488116,0,2
0.00017295245547697404,1.922440192854313,0,2
0.004044969104701432,71.45160528322992,0,2
0.008015693477835489,88.50216597910526,0,2
0.004497706230829764,47.61534628611272,0,3
0.0024944532126505705,56.59477844639201,0,2
0.0959910116663179,441.015932651812,0,3
0.1120612934603256,313.7689454590211,1,2
0.26100237203902904,850.5909299806688,1,2
0.004430406856722732,85.36298268629282,0,2
0.0018867873884469727,42.80790422648883,0,2
0.002840016637680093,50.447326857646935,0,2
0.007906572644219878,99.03674893735997,0,2
0.0008604859026193,38.4637556029266,0,2
0.00041357965924629006,7.346431698623735,0,2
0.0051702944077494685,68.65604421816381,0,2
0.00673249548515943,118.92491574722331,1,2
0.3726440488591018,1379.7862935337457,0,3
0.0020736189851833804,39.95350929488117,0,1
0.005983125871290416,79.36182678048053,0,2
0.0006187003497534057,26.709068120054123,0,2
0.004621004788041854,95.6424556071663,0,2
0.0028721269914478375,166.81586508836165,1,2
0.2528523160977931,982.9335934604102,0,3
0.003685360121200886,39.01537569465424,0,2
0.00548135162466025,124.36227675514779,1,2
0.005544198569442548,95.42756247442891,0,2
0.37866219042770555,1670.7837935030054,0,3
0.4367704439092809,1052.5105451090858,0,3
0.0005826731061250836,31.950681997506543,0,2
0.22918364058076854,681.4412047986311,0,3
0.6708718611180872,1923.5104588433612,0,3
0.00916648822723282,97.0418005905967,0,2
0.6452400725185304,1866.1350362553678,0,3
0.8504972481682472,3165.426939980863,0,3
0.9751619930644332,2319.811388638579,0,3
0.00087567938712383,39.14290499161525,0,2
0.39561152626688395,1047.859893021829,0,3
0.0016755440364534767,38.01516221645065,0,2
0.0028567861048889977,31.754394092181602,0,2
0.0026840026114167193,51.71409214949867,0,2
0.0007908289826661772,8.372177712415274,0,2
0.6644594144397992,1755.6535426535074,0,3
0.5184029894543589,2839.999842839093,0,3
0.007073566831644657,93.9294900587535,0,2
0.5797854426573315,2494.3756946827625,0,3
0.0009778607229058197,17.27323907464003,0,2
0.3230276556443137,979.0616573739217,0,3
0.0006345226973097765,28.363190936122617,0,2
0.0033120762918227367,36.569003857855776,0,2
0.0031343411550208418,39.26036881236571,0,2
0.002403099604102651,131.7731511063341,1,2
0.003393933198323175,146.51485654575202,1,2
0.008675992697138415,91.84912829974171,0,2
0.0009186005696086721,17.699161060148924,0,2
0.17748390965876243,668.0223557117093,0,3
0.006513116233834614,112.10471604193692,1,2
0.004869425464987581,83.81326840200083,0,2
0.0033514755406359137,57.68609069997853,0,2
0.06572229782800307,251.22614073540345,0,3
0.00026713417810797805,14.6482119831373,0,2
0.005983116259974675,63.34076481829447,0,3
0.5217560854872716,1297.2630965543246,0,3
0.47699064142118025,1528.237817104971,0,3
0.004816454820232823,50.98980510661167,0,2
0.002234822443208059,86.67996850790395,0,2
0.3401117527804252,1267.059605315856,0,3
0.0020447662619359637,42.32119969672503,0,2
0.4405267275061436,1160.9265874367763,0,3
0.006517741161985703,69.0006164261968,0,2
0.35711528620118604,1037.5246873825147,0,3
0.0007412351739337212,8.239144606520243,0,2
0.0008363867849869568,14.774198981034942,0,2
0.5067383284344005,2779.473016541219,0,3
0.001285099297790516,49.84394487380801,0,2
0.16064317664072164,974.1450693205708,0,3
0.0009624192441257769,55.89822430017173,0,2
0.6120094677423136,2230.5893008882977,0,3
0.4451456113179767,1974.7337922051515,0,3
0.0007328014514787046,10.533778994418585,0,1
0.0008351621848742473,18.94836855630526,0,2
0.19395598730637828,576.2656727233294,0,3
0.0025388888015727747,109.60290224092692,1,2
0.000998793518670509,20.67235788575088,0,2
0.2048745491870554,1121.083977227818,0,3
0.00914679291594146,101.67049833913474,1,2
0.001738134650273073,67.4154034948271,0,2
0.2497435164145634,554.8358139636841,0,3
0.7875080544928986,3390.3405102725715,0,3
0.004416053869646318,55.31494340999276,0,2
0.0035772850372872075,154.43008846501533,1,1
0.0030448795166445036,95.29646634595564,0,2
0.35069747936137763,1933.499660567089,0,3
0.48827361671936603,1816.128676113455,0,3
0.005214967498853657,55.20869318379867,0,2
0.006164626206251951,109.50249694172346,1,2
0.5129018508238786,1682.822459699747,0,3
0.2656813181027483,706.305431492793,0,3
1.6705404925226766,3521.808230992848,0,3
0.005410508338063391,71.76647036294487,0,2
0.006875503306562096,75.91319908998824,0,2
0.06316436007822597,227.37875208242932,0,3
0.0015216965923077845,68.01990090734587,0,2
0.7538012683728469,2815.2440267655625,0,3
0.0030076742550497536,94.1320426175042,0,2
0.002607735049938277,53.97314982109348,1,1
0.031845792807654504,113.03239003318208,0,3
0.050963457010048896,127.88223485011608,1,2
0.003641049951591253,51.70214324972469,0,2
0.005467790787184943,77.64147877592661,0,2
0.1446838332032672,537.3515327738857,0,3
0.0021946357142244386,68.6861425350247,1,1
0.003567277144908599,63.36568375459241,0,2
0.0026251801737105034,27.791691279846578,0,2
0.0019585306165793115,113.75331943175114,1,2
0.0060341960569207966,107.18566108657323,1,2
0.0005328252461317016,7.566006390692778,0,2
0.003268879251187677,36.09206051282126,0,2
0.36238996969731535,767.3943279757399,0,3
0.0002521181675967481,2.8024007950629897,0,2
0.0031946447964759602,45.36328396901097,0,2
0.0018359756415795689,57.46105551414134,0,2
0.0526673478741071,214.5232663492753,0,3
0.002860764262081694,64.90573516423359,0,2
0.5836239290389896,1241.71856685113,0,3
0.005959838817685787,105.27646558734068,1,2
0.0025410773497260555,147.58818729575378,1,2
0.0005182411037272979,16.219540257824043,0,2
0.5666400819723444,1503.5725962629347,0,3
0.1606860899408671,734.0134337124954,0,3
0.2906195769524381,698.7685360753733,0,3
0.002919369431488687,51.568658967558115,0,2
0.00075042847534652,41.14949072752161,0,2
0.0014380820295766096,25.40273284727561,0,2
0.004005922962920928,77.18422790167749,0,2
0.2535045303526373,843.9713999553986,0,3
0.28629618109036176,1268.1521248394279,0,3
0.0019192748891837044,33.03484211453774,0,2
0.001668761414251691,18.42498095417574,0,2
0.008080282340582888,85.54259037621392,0,2
0.1358418913686969,519.684677089451,0,3
0.004930492141478978,94.99838929450102,0,2
0.6385266490426126,2829.8110550234196,0,3
0.007755457883923744,82.10380887465504,0,3
0.0006986032200189333,27.096069889040336,0,2
0.0035044488769676724,151.28577802725172,1,2
0.0003883245993109359,5.582037943543049,0,2
0.17470621634331593,571.6402997388985,1,2
0.0019288415961617247,105.76737421839483,1,2
0.007564990927363266,84.08809564011985,1,1
0.0029486901670122095,52.086589653062155,0,2
0.005248678401945164,101.12905158389698,1,2
8.846744208165104e-05,5.138273108030562,0,2
0.005415106095572362,59.78879055068649,0,2
0.3463286283541297,1036.5385439753852,0,3
0.0013471139262936048,14.261335177393605,0,2
0.0036689061109618395,158.38533675117452,1,2
0.0009524750148285318,13.524944813494466,0,2
0.003596163195093332,139.4810193746354,1,2
0.002180362684410632,23.082593419707948,0,3
0.005719281829798744,63.572253042283506,0,2
0.22771550498687096,568.2788115748182,0,3
0.0044529372035496135,59.06498352444712,0,2
0.0006285027622837001,6.939369118812476,0,2
0.004107310175149497,128.54766296627605,1,2
0.0023010080740042496,47.624720740213476,0,2
0.35716316242417057,1389.6319279792403,0,3
0.0008174905785554541,9.026004683153937,0,2
0.007092107209592654,100.70643022420367,1,2
0.03824953728737473,160.02405309591805,0,3
0.2735427305301545,978.2717986350088,0,3
0.0005096937089555199,11.56405836259647,0,2
0.0055880976585594745,59.15886708408635,0,2
0.001332508183221132,59.563171159810466,0,2
0.0005269642529999018,30.606584596215065,0,2
0.2810053729739365,926.4006424887921,0,3
0.0017684950634554086,76.34528595084238,0,2
0.001310749218688231,76.1295602459236,0,2
0.7281103365158704,2598.4875322523444,0,3
0.003414191283540851,106.85492249268275,1,2
0.007306942989555849,80.67677276453904,0,2
0.0013371481200305155,51.86271387550119,0,2
0.05319243303934538,326.1969708015712,0,3
0.0025284775304549533,44.663821600911454,0,1
0.0009484556334054137,36.78686183082667,0,2
0.4751212719102974,1725.2844772773735,0,3
0.7795119563046609,2917.761000453974,0,3
0.0018556544493653364,101.75418186574446,1,2
0.005359048803405589,76.0973654851539,0,2
0.0011000724905098262,12.22777418786628,0,2
0.3270100226284362,702.8579431456285,1,2
0.007498749349974072,93.92840490253272,0,2
0.0035415621456422733,110.84128484539738,1,1
0.0013103351109021559,23.146171134933514,0,2
0.0030623805948248165,44.02071027232153,0,2
0.0046916532470740015,67.44096688591239,1,1
0.6316973567939937,2726.073845665894,0,3
0.023046099449433217,119.32667022863055,0,3
0.0024470264501968374,27.017892045076277,0,2
0.1837851946611661,739.7286285693056,0,3
0.001605467857528584,17.845458910293182,0,2
0.005615315926228254,116.22204019011185,1,2
0.0026234048921440615,32.860444513116654,0,2
0.25259544376252885,921.1673101067922,0,3
0.00022818572047506695,3.92756623408538,0,2
0.6260364610509721,1853.1598799979436,0,3
0.006726108544927488,115.77077107564612,1,2
0.004538930126967787,60.272193984384884,0,2
0.10235567198340015,254.66283020982078,1,2
0.0028601948201291837,110.93570215778725,1,2
0.5921976828327509,2676.14730925521,0,3
0.00921614559606745,97.56750251317023,0,2
0.007690886497439487,81.42021844659475,0,2
0.0034323001014222683,153.42395715623343,1,2
0.006495083416809873,92.22881797819224,0,2
0.890701161445115,1878.9757449694375,0,3
0.3308734024014909,720.3457679117299,0,3
0.0018326013131566225,37.92995198637077,0,2
0.24929596750699737,830.3997596929962,0,3
0.8488090101699582,2102.871375772972,0,3
0.0004543886615273171,8.071323605766613,0,2
0.008164519365728613,86.43437274628786,0,2
0.0015719534186531595,67.8606549310878,0,2
0.6824701216122387,3747.8136506155893,0,3
0.042480309822787665,185.6686516954924,0,3
0.4959191059885563,2237.1371187072805,0,3
0.192809762833665,639.6573801107692,1,2
0.0044140993894060355,48.73656382815813,0,2
1.0452054608435632,2224.595027188788,0,3
0.1409032006026964,327.22994655710744,0,3
0.0026028535497443,100.95444692181188,1,2
0.8037434895584872,3556.1752545283975,0,3
0.004464148369920175,59.213691518002285,0,2
1.288778507868817,3800.709961783386,0,3
0.06594957098141792,249.90180974853925,0,3
0.0064000613731687505,84.98604953262222,0,2
0.005536110868092469,95.28835576741935,0,2
0.004250644258591466,60.358254152835926,0,2
0.5056076066461089,1645.503480062022,0,3
0.0006277401708990548,6.645624254020648,0,3
0.0014723145743976787,25.341695336224845,0,1
0.0067769213478603325,71.74444931957872,0,2
0.005304129415094641,66.4388676170602,0,2
0.003975900587507127,124.43489946353576,1,1
0.0016982713326051673,24.11509561325298,0,3
0.005096440861332551,87.7206908447625,0,2
0.001226745051318079,54.835554768959575,0,2
0.2981837880891157,880.7767615818176,0,3
0.3689255382479917,887.7825846788821,0,3
0.9820617387768343,2439.6233791600393,0,3
0.007733260113377569,85.95847929856895,0,2
0.004547967792963207,64.5801857851894,0,3
0.6175129809687766,2174.5206451006256,0,3
0.006881721599969505,72.85392602591523,0,2
0.0016346184524020303,23.211238106689006,0,2
0.006894467271477756,97.89998468565304,0,2
0.0007925891030655931,14.000542965386161,0,2
0.0017470713011599498,19.289609152362676,0,3
0.0024734793487861282,32.84519103756311,0,2
0.0013763496993916453,31.22696625729016,0,2
0.0026563029257723786,114.67162709740006,1,2
0.6447271167708746,1393.4276111750808,0,3
0.00045034149346275557,5.005737473661373,0,2
0.00572900637512704,118.57512879540816,1,2
0.0004500886496937516,9.31563278380965,0,2
1.2220065395568012,3603.068846960895,0,3
0.0035221601249513343,136.61073148716076,1,2
0.001386414039267343,17.36605041256768,0,2
0.26014974134743407,853.6189051328113,1,2
0.0006625869990965677,25.69914240390065,0,2
0.43288887182063884,1414.7154528493884,0,3
0.005943485135711473,105.57435943745928,1,2
0.06354499135658039,197.55595873784696,1,2
0.00169385536361289,73.12311737060996,1,1
0.006011142788301989,85.3569628726226,0,2
0.0036135541908649494,81.98522136990717,0,2
0.40117945024515983,2211.8287030662395,0,3
0.002851861659903449,54.9483208587576,0,2
0.002622349946845775,28.953658331969194,0,3
0.005105853261272366,56.7537332801446,0,2
0.007129540594643115,94.67276246152407,0,2
0.003021338775670722,33.58346710117641,0,2
0.006796916887609469,96.51478975894801,0,2
0.0032589958829439543,36.225127052632715,0,2
0.1023537962152509,349.0439492885981,1,2
0.4876316673710932,1416.0677935314347,0,3
0.0023914146735321746,138.8956368357422,1,2
0.5831604839590729,2088.872390689984,0,3
0.7895406903226172,1985.5688909166986,0,3
0.007026097907505539,74.3823779803174,0,2
0.12539061203723362,575.9098757766669,0,3
1.1384589178679625,2709.5331660733746,0,3
0.0007352039241775186,9.209073227166302,0,2
0.003400149349863315,37.54142831776657,0,2
1.118110274946775,3650.2416822621663,0,3
0.00038339322212883165,8.698521324909334,0,2
0.003438837729620669,107.62628937487096,1,2
0.0020045451034026713,45.479620719094264,0,2
0.0014834585392740492,16.48927338133723,0,3
0.6487335412967252,1861.3164294784017,0,3
0.0010957071693452457,15.558811272138753,0,2
0.1751560958083161,435.7569413602566,0,3
0.09691753885690302,438.80712438917,0,3
0.0008284012139451089,48.114329747947735,0,2
0.00509243692373292,115.53848273812592,1,2
0.0067493296568276705,116.1704562742957,1,2
0.45219071862326055,1483.1689990082048,0,3
0.655538706107605,1416.7940033539246,0,3
0.0012034922913414928,13.28789265924379,0,2
0.00018543185773061292,10.168092977481319,0,2
0.9142522572031293,2711.013574140095,0,3
0.002173735291133623,97.16605783908037,0,2
0.09712176873866443,432.29547407494687,1,2
0.0010537828238241318,13.199553036911363,0,2
0.07166113820415997,423.8881208339566,0,3
0.0031015493974258404,55.09294352053155,0,2
0.006408172616286525,113.82862136966233,1,2
0.008660656017780695,96.26687969910796,1,1
0.03597003808444455,146.77719218680673,0,3
0.00851550339615471,90.15009478146199,0,3
0.19334516831317752,631.0793849109999,0,3
0.3725170653838727,1317.873783262438,0,3
0.003004936844667825,134.32080182104804,1,2
0.0019203434358524556,85.83943137879888,0,2
0.7060275893557736,2271.882311011974,0,3
0.00617177242715201,77.30685644344486,0,2
0.0012557845945190696,68.86052198920808,0,2
0.0021293424914553627,123.67423544962178,1,2
0.0030623883411987677,136.8888861032681,1,2
0.006860870021980302,75.75163136232268,1,1
0.0018394425173569036,26.44137905523468,0,2
0.00013983625566526842,7.6678736147535345,0,2
0.007011147120749718,100.78292574107698,1,2
0.5047761411092976,1627.7632130493814,0,3
0.004555167593553951,48.22366584807739,0,3
0.005287817845915706,93.40567597830294,0,2
0.002278123184780771,124.92011157359269,1,1
0.3511990761468887,1604.3141429111454,0,3
0.00026750436265609017,2.8319574928231264,0,1
0.003145998718357237,172.50977187407221,1,1
0.0039887396671083155,90.49752330309714,0,2
0.23698996796777985,1328.585872663876,0,3
0.33257419064964955,1234.4364061612869,0,3
0.0010328788294094997,44.58900180912373,0,2
0.31816757369865784,1060.8144474868193,0,3
0.0016278147138573933,23.114626450835516,0,2
0.6481919235254968,2114.4619845784964,0,3
0.000558271150263018,6.992835231582816,0,2
0.0012300606861608775,47.70921370656258,0,2
0.008577537884144974,90.8068281196892,0,2
0.27018997020651736,971.8702503373808,0,3
0.006508080662795986,72.34008797384574,0,2
0.0023105277941867864,40.81388897489536,0,2
0.006915380852408588,119.02855391307578,1,2
0.5655594296603338,1220.9442265116913,0,3
0.13773948977035502,785.6662115047384,0,3
0.00047781798345847287,26.20098693708063,0,2
0.0009149328645490315,40.89753706362484,0,2
0.0010099985650051956,39.17386997510481,0,2
0.004011973302768515,91.02465384057314,1,1
0.0027787079410149145,39.94300950362899,0,2
0.004033244605092702,126.2296116063688,1,2
0.0011545660117229582,20.50860132273589,0,2
0.38036850145042955,1747.7301433347975,0,3
0.0024181863136938718,34.337736877376315,0,2
0.8335532164040227,3598.1021847845286,0,3
0.005880764288884216,113.30778332749611,1,2
0.0029104904221040253,130.09904280790596,1,2
0.294532322498681,1093.5472875200337,0,3
0.0002860033828111284,4.111204228797943,0,2
0.003350448463947462,144.6376364454461,1,2
0.006294210092024727,90.4771925874853,0,2
0.006506688048683546,115.57855485692339,1,2
1.7312535296096079,3656.69859928359,0,3
0.002679685893913256,119.78207080713838,1,2
0.3904500455192113,1702.7611053680469,0,3
0.3142644998511711,1235.161677811857,0,3
0.0003714488277495697,20.36827038868918,0,2
0.0029768817437272463,39.486178023646175,0,2
0.0003967513475101842,6.828942637447555,0,2
0.004785033857250588,84.99674396936352,0,2
0.00721113667815262,76.34130652934624,0,2
0.0033139338101430414,148.1329790175674,1,1
0.002058933709189427,29.596492491923232,0,2
0.00010006544072677261,1.420908204937262,0,2
0.004046812220090581,71.48416265261102,0,2
0.3705582567337225,946.9064487173341,0,3
0.3680374652546363,1692.095697254576,0,3
0.0005396979850320499,20.932761118688145,0,2
0.0009315429344754179,13.227713676509248,0,2
0.12462375038289608,695.589521237701,1,2
0.5959075653484467,2588.6416815195184,0,3
0.0019160867702470248,25.41550180088693,0,2
0.6621757319663191,1672.1501087017357,0,3
0.006050343244015133,116.5751503840531,1,2
0.0025584444359341104,52.952965774986666,0,2
0.0022974912396457234,30.508254985158686,0,2
0.0036840161026541213,48.91983947087155,0,2
7.033846593605434e-05,3.8569859046023534,0,2
0.000652391437611427,11.588454678631027,0,2
0.0020104295971658565,110.24122456002301,1,2
0.6251099230813056,2225.103165146722,0,3
0.0024150030248056027,75.58304137182635,0,2
0.0017633633173439048,33.97564991117292,0,2
0.0007811696028141845,42.83517001774323,0,2
0.005055398807643896,53.519405778522135,0,2
0.18699900116978263,718.6820238610804,0,3
0.000856109990883591,12.30629854878709,0,2
0.003914426867668127,75.42132443761375,0,2
0.05464379046129898,213.2875935973552,0,3
0.0014198733451853405,20.16190276575458,0,2
0.002025915184185,90.55849291609545,1,1
0.2395402235619312,890.3576619347983,0,3
0.006495567381557218,114.73974327720045,1,2
0.0025172810880925846,112.52256923853366,1,2
0.06646981066053413,209.0473073833216,0,3
0.11176810683488726,633.4690431133002,1,2
0.0016241413123458518,50.83121583858485,0,2
0.09284521706548894,342.54204948019435,0,3
0.2680707262308249,668.9803336921724,0,3
0.002187686323467918,29.018072958515543,0,1
0.0051315745773874745,116.42644761405862,1,2
0.4882747761425036,2222.6082181994607,0,3
0.0008184817568441799,31.745686608420392,0,2
0.24884191961079982,741.2355062351544,0,3
0.1840680834079393,686.155782024247,0,3
0.7662495263728137,2849.267826650222,0,3
0.004286855390792923,53.69661927777264,0,2
0.22726186271385965,1384.8079229255534,0,3
0.0014579285790719888,79.94501876838962,0,2
0.006946503983848182,76.69712548926704,0,2
0.0007346634398486603,7.777576457163843,0,2
0.006151810843613446,77.05682012223987,0,2
0.16061860598897654,974.5397992264232,0,3
0.2156653436291046,699.7221783601044,0,3
0.6986388462341618,1666.8157059775951,0,3
0.004178744582512128,73.81465735845977,0,2
0.005159301227114507,56.96442045855147,0,2
0.004718687273358853,62.65917886722988,0,2
0.18680334445640492,722.4684304617093,0,3
0.07251488848199474,290.19738082746244,0,3
0.6075685359685089,1811.2386792462396,0,3
0.0003982879902224462,17.803489713038076,0,2
0.09885180810808637,430.02212982045353,0,3
0.5179558840572756,1902.1794254281215,0,3
0.14939485582534862,648.4330537907697,0,3
0.004357094384914725,98.85484728023654,0,2
0.00040649464745079434,17.548225459267872,0,2
0.0012450135065687038,17.67892984723418,0,2
0.00656834888217633,69.5363793235399,1,1
0.005667287167693255,62.99431023152777,0,2
0.7863704961963938,2537.9594720760656,0,3
0.04104568495373037,149.27634632365908,0,3
0.004986686305421708,66.21792271132395,0,2
0.0049280883324628036,65.43980357433027,1,1
0.001298094454403148,40.626833939302934,0,2
0.0022398354221207974,29.742646676375994,0,2
0.1700159591540867,639.6486226129845,1,2
0.00134008338278166,23.671653956970896,0,2
0.0021413911824238845,67.01973317297897,0,2
0.5161781623053647,1834.0446332075005,0,3
0.0041642869234178835,45.97835652024805,0,2
0.0008668371757441019,9.17684485789921,0,2
0.002319236093515503,72.58579629370266,0,2
0.0006572941380177448,8.718530187622306,0,2
0.002564133998510606,114.6168962811022,1,2
0.7112757744536776,2304.1528102249217,0,3
0.004931491798903228,61.77125502434662,0,2
0.0004263841136551756,13.344665729883637,0,2
0.25630621072264104,852.1796739776624,0,3
0.00035783141196619594,19.621564016370353,0,2
0.0020290963045531104,87.59534634505965,0,2
0.0074015882531154615,78.35753818770385,0,2
0.0049441364882898175,85.0992055405077,0,2
0.005408234528722888,59.7129208144584,1,1
0.6423907130939096,1701.335603512625,0,3
0.0038537724949391007,79.76279655047028,0,2
0.0026372749737483166,37.909957280949996,0,2
0.0014694076189723665,63.433790213472285,0,2
0.45479278638431136,1205.375422669303,0,3
0.5652103138277725,2428.4796186318135,0,3
0.9327454927995535,2302.710584615972,0,3
0.43097185538045457,1200.4170742854285,0,3
0.00013310765437378672,1.8901006867705112,0,2
0.025567120446355063,97.65255248862645,0,2
0.25793634481692285,630.013064294191,1,2
0.0012146286904969569,52.435076928573814,0,2
1.1415373704937077,2424.36462575378,0,3
0.5163751160852127,1926.0788073525214,0,3
0.008852875931778584,98.40348589829395,0,2
1.375310157122255,2919.819904758782,0,3
0.0011239089407159113,19.8530806855826,0,2
0.004092584669659131,128.08679460326894,1,2
1.2468629675234486,2977.3907182418693,0,3
0.005754341777194638,130.5559456210848,1,2
0.4527037332821434,1276.6745477113764,0,3
0.007380079030581724,82.03272116434614,0,2
0.321037456002052,1783.23029698736,0,3
0.0043917777263297215,58.31816565867228,0,2
0.004926557187764068,69.95607553761266,0,2
0.0020960882694300307,93.69523274245648,1,1
0.004181180453025658,130.85960221087043,1,1
0.0012013851111434262,12.718564787082778,0,3
0.0035840235791006394,81.31522346346753,0,2
0.3862476825325662,975.1549327250184,0,3
0.004716096156435206,83.77220088757049,0,2
0.0043076947955538675,82.9986247634844,0,2
0.8615841182655174,3699.781338287933,0,3
6.126295767304759e-05,1.9173643332124328,0,2
0.005225459973922555,89.94138681603177,0,2
0.004196473230956033,46.64558699197617,0,2
0.0058367665017438,73.1106137451076,0,2
1.2023453214035322,2562.295356989905,0,3
0.04803256696436958,230.67689023985093,0,3
1.2935724819845882,2755.2969955050344,0,3
0.003435477709466112,148.30831791776077,1,2
0.3820810131882619,1240.8690424766526,0,3
0.247918003469743,918.2164430479688,0,3
0.002560440773021792,110.53329297657575,1,2
0.003136191317015627,44.53325685906094,0,2
0.007342126151694775,77.72803763681448,1,1
0.7623912122045279,2188.863941275717,0,3
0.0020639506845877916,89.09999720067917,1,1
0.0072593726827824894,76.85196105990816,0,3
0.000711048184223141,27.578761079376786,0,2
1.0092879427441517,2169.9130891902005,0,3
0.0045078811815935415,77.5903149383542,0,2
0.0013002275394937534,71.29753579161614,0,2
0.005473606082015075,68.56171134060581,0,2
0.5189687792178698,1947.509259909666,0,3
0.3979529306675497,1016.8908192292894,0,3
0.004263002613866899,47.38508941396214,0,2
0.0006650433113788933,11.44682344073969,0,2
0.16430967184419396,1018.8844141025675,0,3
0.01808779578846506,89.07358207632103,0,2
0.5098390701470258,1917.1679509090288,0,3
0.0067693425626480334,116.51492135730942,1,2
0.7200259257476525,2533.6430848506034,0,3
0.6064280572306341,2208.083518044289,0,3
0.007705468340022446,81.57459035272724,0,2
0.0027511531173623036,39.065795434536376,0,2
0.0037966472500944267,147.2570069599784,1,2
0.6389118091095334,3503.8354178580917,0,3
0.8198762921455809,3042.680481163451,0,3
1.6933746303377346,3583.501075440581,0,3
0.44418742804073075,1585.3648128006146,0,3
0.0038383095323651943,42.66444496139046,0,2
0.11797117272228855,453.16187612184024,0,3
0.001108441196639778,64.37931806902193,0,2
0.002449415367118464,105.74036675548899,1,2
0.06697798749031328,198.01150724302894,0,3
0.0003572384081959675,7.393880803905393,0,2
7.371957948965624e-05,4.042388118661986,0,2
0.0010911470972136928,14.47327513810447,0,2
0.0022946273573359755,88.9995657935766,0,2
0.006701342310102392,70.94432546307874,0,2
0.0022532716624586555,130.8721594732306,1,2
0.00273651505255126,118.13435531315983,1,1
0.00709836817033742,94.25882561910532,0,2
0.3964469649696967,2196.0832908538673,0,3
0.2280405054539457,746.9246431673257,0,3
0.00806265867490401,106.94532171188749,1,2
0.0007240850850454921,10.281855862935933,0,2
0.0006105230612895245,19.107715115021318,0,2
0.002815555182122859,40.47267643264765,0,1
0.7391360710306234,1965.4712490774277,0,3
0.20853807348873216,754.9045312599903,0,3
0.00398708902488588,49.94178293387286,0,1
0.0019210113623821614,74.50847153458146,0,2
0.24078138242284702,1342.099381226608,0,3
0.003436421158816649,45.581635188290925,0,2
0.003350542093148128,104.86287555057854,1,2
0.005999374164734106,124.17101984101322,1,2
0.2376646833732186,711.5071985331665,0,3
0.11301291042918778,349.8842165622231,0,3
0.558427094141238,2042.1170702260517,0,3
0.0034848721008471214,135.16447576116428,1,2
0.004952079802830956,71.18451266776884,0,2
0.6416733567962458,3516.8908542006943,0,3
0.003449419812861529,48.98103559800493,0,2
0.0024584756055037247,76.94361518133978,0,2
0.09227093741962894,562.56605611031,0,3
0.0007351050666645418,28.511832885039173,0,2
0.0022870588917906862,125.41009803443237,1,2
0.004827086619783559,93.00602063771301,0,2
0.003116172497408455,55.352694218716756,0,2
0.08952963375868167,327.0669742171515,0,3
0.6157322462646967,2309.67674036291,0,3
0.5891433542363425,2147.1849562934763,0,3
0.005311851273248285,75.42717048709855,1,1
0.14473497587554987,553.3553255161113,0,3
0.0035668511008770235,39.6470688972991,0,2
0.5576952221087697,1666.3528377783596,0,3
0.0008448702781314749,14.542031682188817,0,2
0.0026683130284183613,38.35611907232089,0,2
0.005105676693527562,98.37376233969609,0,2
0.0007966691217196458,30.89966032502809,0,2
0.002075057311598433,23.0651456626711,0,2
0.00011215770054965376,4.350155861871225,0,1
0.007171446970546399,89.82865586630828,1,1
0.32383764740315796,975.8915518944775,1,2
0.006547959925410369,92.97965327530576,0,2
0.002690151216254958,84.19443312748425,0,2
0.004056104069697157,45.085323989655066,0,2
0.5338335174185601,2928.51028894658,0,3
0.1393346755870987,605.3794994420234,0,3
0.0034262507642232633,147.90999406174635,1,2
0.7207617640496755,1815.6306554658474,0,3
0.000373619966523029,16.129037491013623,0,2
0.00919817486334284,97.37725383578169,0,2
0.2424101724308532,777.1404649573238,0,3
0.36634324798480816,2033.00647143478,0,3
0.0026175744770723323,37.16900684684966,0,2
0.005982132776856889,63.330353091334864,0,2
0.2863849754199423,1105.9555290482638,0,3
0.002381460634723424,102.80678577829612,1,2
0.13123395346169753,514.9668405041145,0,3
0.0037727800261531824,41.93605659470063,0,2
0.006072320248615049,104.51767061216852,1,2
0.006168903042408812,88.67594510846737,0,2
1.1403757202370524,2424.5798146560905,0,3
0.0016610085709078772,64.42398636867877,0,2
0.0035816147992531844,69.00885900212337,0,2
0.0016997300723366104,75.97800486247475,0,2
9.200757659944372e-05,1.7727584445993472,0,2
0.0034416307657429215,38.25519154834446,0,2
0.0012130524911836275,25.106946293893728,0,2
0.001147588780416644,44.510453011088636,0,2
0.0016598570168405687,74.1956776249532,0,2
0.6939543038378345,2022.4552854152212,0,3
0.000576778697724027,33.49985488520125,0,2
0.03459504728104367,161.53924484671933,0,3
0.6550719262227062,2819.052503614563,0,3
0.002203309588226734,127.9703147221371,1,2
0.004648696426806925,82.11603440523359,0,2
0.001835002266469373,100.62172642661935,1,2
0.006731542686048794,118.90808520434271,1,1
0.003586568279728687,39.86623373661634,0,2
0.0005655776233067704,10.897281994052301,0,2
0.29835589919789285,1808.0956928627133,0,3
0.001143487009261251,49.363916533954715,0,2
0.6489855916669066,1816.4062358158544,0,3
0.0032990063754632626,68.28061975384949,1,1
0.22477778131062734,558.3415447953773,0,3
0.0025502430365155595,148.12053909477692,1,2
0.004277895730335885,97.0579683945512,0,2
0.001915392531691727,85.61812575708896,0,2
0.005212771719481922,89.72299471153565,0,2
0.002267631266912145,87.95249367610893,0,2
0.14727442695578527,553.0494616913923,0,3
0.0015167800983291065,29.224601139308877,0,2
0.2845698080291096,1056.220594616559,0,3
0.007319594501155317,97.08911418551865,0,2
0.0012823688184270185,24.70807553006595,0,2
1.082244959189786,2302.757517732496,0,3
0.0013981785853639695,62.49864086440311,0,2
0.7822867579795997,2075.8243153590415,0,3
0.001259779991134205,16.710068213280813,0,2
0.2611232234282313,872.5781290094777,1,2
0.00423030425244456,72.8126199449211,0,2
0.0010213321519342287,11.276642236909524,0,2
0.0057799424606723515,102.09871980968443,1,2
0.12150339902135641,373.97102317891813,1,2
0.2956736323809055,1338.8928242046559,0,3
0.00596447096547877,105.94713155421512,1,2
0.004400929361284136,55.12549569290115,0,2
0.2024218901476961,733.3669401259826,0,3
0.6268277937059107,2205.2834188113657,0,3
0.003195100925181854,66.13005448250439,0,2
0.8230906607168151,2034.5891762141503,0,3
0.004777514040723821,82.23127542841122,0,2
0.006740192604809811,71.35561738408757,0,2
0.2728576438062739,889.1553197115903,0,3
0.5415978321124463,2005.3234563117508,0,3
0.005193831223565325,92.25822761118849,0,2
0.001937808177631804,106.2590536697779,1,2
0.005581473773946899,96.06914878524239,0,2
0.00407575903451352,70.15256488835745,0,2
0.0019624346773497443,37.81126266798542,0,2
0.3754679686406646,2065.4354809857978,0,3
0.4245979203717712,1593.8689949209065,0,3
0.7411543632004477,3175.493689865733,0,3
0.0001356457943989665,5.855779399906358,0,2
0.0063645412092568545,109.54742083281899,1,2
0.007016163641467071,93.06432382602097,1,1
0.004756611650227746,63.16277450220076,0,2
0.000555318815901487,17.379972035527505,0,2
0.000800848367099913,31.061756807927356,0,2
0.00816794667867962,90.18321055612368,0,2
0.0015344628357873223,84.14174875733511,0,2
0.0004022314577557811,7.144853150722768,0,2
0.002688475862602086,35.70011746828537,0,2
0.001304289208264013,50.58824598845247,0,2
0.0013274474713288187,17.62709917490201,0,2
0.0030562744868992387,63.2567180395503,0,2
0.0010825003483733466,46.73114465865368,0,2
0.0075755999188377434,108.8967484086529,1,2
0.0005073298553306578,15.87804779155771,0,2
0.10596188474637516,467.70420864992303,0,3
