energy,time_ms,violated,priority
0.002097834130099044,74.20342219881472,0,3
0.0004658215705837449,14.40314580041829,0,2
0.0009523502593625969,31.637182339296537,0,2
0.0019489986953181732,21.353856466211543,0,2
0.0006165938579356427,18.690390303093558,0,2
0.00030438803440309577,12.843325420745517,0,2
0.0006590365286591914,13.047019608617797,0,2
0.00031449861682110084,21.12819694586511,0,2
0.0007386880011956567,33.82968783237107,0,2
0.0018378422238525924,91.344195122251,0,3
0.0024616439063672346,26.970562255255334,0,2
0.0003820110990825963,29.203882612854066,0,2
0.001160813725243137,41.059657535616836,0,2
0.0019145351404428058,34.65350705651268,0,2
0.0010891014245633895,38.523089916738215,0,2
0.0011638246400971937,12.751237020412002,0,2
0.0008248272123037914,40.99545480290527,0,2
0.0025059300226549473,77.4830487920823,0,3
0.0008786163452398611,26.63289977326473,0,2
0.0007421490027469059,24.92041871936549,0,2
0.00022421099327606182,13.172994272671213,0,2
0.0011619203479531306,41.098800378697845,0,2
0.002011001417795619,21.151824609558364,0,2
0.0024078505648896134,101.59666239852925,0,3
0.00017800640927395693,10.458351642809284,0,2
0.00037501056403481603,17.1743554715991,0,2
0.0015276256464796184,75.92585115020249,0,3
0.00043047728825237175,25.29168962594737,0,2
0.0002548854119432004,14.97519823919223,0,2
0.0036138448929703177,152.4822947509562,0,3
0.000832186352496239,48.89316930918978,0,2
0.0018078973323045172,37.012197774571256,0,2
0.00172246767830111,31.807624819565167,0,2
0.0010841326101691709,41.51483447425264,0,2
0.0011029433327443224,33.432771192699455,0,2
0.0006799991512826661,26.039298092626396,0,2
0.0006775586731629748,25.945844538857532,0,2
0.00011718131957223248,1.232519627870483,0,1
0.002479859958709694,75.17030850822296,0,3
0.0004907629479832975,16.47919502745023,0,2
0.00056620697129515,33.26617076636382,0,2
0.0021059593401971904,26.198024144854887,0,2
0.0005856539324560984,17.752529382620896,0,2
0.11928218520928098,456.0127268568561,0,3
0.0005080361935758121,7.211383993979006,0,2
0.0004304969206138491,7.7920889312319535,0,2
0.000494193920652612,14.98016424188489,0,2
0.0008967445301777561,34.33915776245473,0,2
0.0013218251167681238,43.911178506786136,0,2
0.005590049254195509,79.34866103441149,0,3
0.0031545666477744813,133.10354363386207,0,3
8.867553969085852e-05,3.741568933034078,0,1
0.0007829900633943796,26.291809543190574,0,2
0.0024597268857675454,26.949558761088372,0,2
0.0009297700143301294,32.88730788161947,0,2
0.0009301633140453444,54.64957730008151,0,3
0.0006264325475359698,38.862136515905405,0,2
0.004161289453539411,85.19204354116265,0,3
0.0006140715161175661,6.589241824738823,0,2
0.0003289904060096574,6.7352596608151485,0,2
0.002298700277924539,175.73042573856884,0,3
0.0027602524166990437,162.17219657706,0,3
0.003992065617999845,134.0484813528283,0,3
0.004618110179907673,100.238507629887,0,3
0.006552820223739831,93.01483530985415,0,3
0.0023744801487843707,25.47915592519773,0,2
0.0008027177243175888,15.711671337454725,0,2
0.004733556605986911,93.71074769172766,0,3
0.0006197501936420375,47.37849750407998,0,2
0.0008491429524394617,48.149597971111085,0,2
0.0008021467249604393,45.48473517884156,0,2
0.003434142198720432,131.5040647275411,0,3
0.002278025492164186,133.84007770006937,0,3
0.008797053034804306,90.89060670815756,0,3
0.001305283577833125,18.52801280660095,0,2
0.0010624467967130184,19.2305206571181,0,2
0.000801708014683502,39.846387450392974,0,2
0.0005447001461885843,41.641091493670096,0,2
0.0002128451470531998,12.505220471707421,0,2
0.0005384761346501569,22.72042080162271,0,2
0.0017629747472597897,32.325903550015234,0,2
0.11064893445233807,313.8543942936906,0,3
0.06868082029588232,264.26895011851724,0,3
0.0006630965541283321,13.575251407528835,0,2
0.0010961541786524735,68.0023627457297,0,3
0.0015075387791968142,16.176515789404476,0,2
0.0027206991198282025,29.194228949498843,0,2
0.0006885389485116188,21.289539795788944,0,2
0.0003850689871069881,22.623830739191646,0,2
0.006500726661435015,117.66458210967906,0,3
0.0008756717325471713,40.10313056087653,0,2
0.0024268428880445227,137.61111608204115,0,3
0.0027910228733155685,187.5025128691415,0,3
0.003979705925899424,49.50733375810229,0,3
0.003680641888041222,122.27133598467115,0,3
0.0005636157022798681,31.95912937511642,0,2
0.0009631686649007465,10.552785629076846,0,2
0.0006158566243855985,12.192182231239066,0,2
0.0012658521536895277,23.375620273645797,0,2
0.004243624830102788,150.10313751861008,0,3
0.0015011770224439079,58.375932438040564,0,3
0.0009608240135591282,19.67048005490269,0,2
0.0013773069231721564,17.13362615289684,0,2
0.0006613216381412212,41.026558858502824,0,2
0.00020968119567540746,6.3559234915404375,0,1
0.000289778502724708,17.02526045204123,0,2
7.382784146838255e-05,4.959796613412125,0,1
0.0011662136438651226,16.55396704265301,0,2
0.0010169890697122733,33.78449086273477,0,2
0.007484121412365833,80.30772399862116,0,3
0.0006583626786533048,32.72185620703138,0,2
0.0010615978681723425,11.165945341836927,0,2
0.0005141299861063492,39.30407204936144,0,2
0.002838269296386685,30.45580566228805,0,2
0.0034430681725072243,115.6138460344489,0,3
0.005185275513904389,95.7529132244864,0,3
0.0012146078316666844,26.36370109391273,0,2
0.0008350057471643971,41.50134701840612,0,2
0.0009201352486212427,35.78109197270261,0,2
0.06924006164205133,601.0498672656878,0,3
0.0007882648916474496,46.31266625822619,0,2
0.0014144982082619107,42.876722262454095,0,2
0.0006426592972357651,6.759526183593402,0,2
0.0015973765403543192,34.67189700773014,0,2
0.05343329809463649,499.4441167768083,0,3
0.0007741326284253489,48.02503957627638,0,2
0.001592490940508317,17.277628715068765,0,2
0.0006965435552841278,7.63155518663587,0,2
0.002287244679534425,49.6458473984511,0,3
0.00288436210050979,163.55417558806997,0,3
0.00137018346112369,14.70263630966574,0,2
0.0023726563437296705,90.85644546643836,0,3
9.978612454665757e-05,6.703688916653299,0,1
0.0009096515776626272,56.432259039037056,0,3
0.00039222982948416046,11.889396086621353,0,2
0.0007330686988210082,22.22101294654101,0,2
0.0032495139864571663,59.58308584618699,0,3
0.0017625531603951377,32.318173333603525,0,2
0.0008310623639344335,27.607984861281924,0,2
0.0037893389394008546,47.13917839371344,0,3
0.005781845820277717,60.813775479123784,0,3
0.0014246072072884516,20.221767154103397,0,2
0.0018240461876052572,113.15876263591174,0,3
0.0005346523945646118,33.168350571587446,0,2
0.0006708335498024324,38.03878444227358,0,2
0.0006063041905103001,37.61342911452706,0,2
0.0005379330246563318,9.933638837971495,0,2
0.007755084041988341,81.5684046947765,0,3
0.00043319200016735457,29.102086322101183,0,2
0.005987094715143301,108.36773093192863,0,3
0.00010595928786782239,1.5040525108363225,0,1
0.0011931200870238451,21.87704895754537,0,2
0.0012139422493112676,42.9388901430305,0,2
0.07652212597660787,218.9795105938983,0,3
0.0005797493484172502,44.32052355734118,0,2
0.001860851232223813,93.74122005407692,0,3
0.005672074947631796,123.11536662532542,0,3
0.0027882079402870214,51.48791655182432,0,3
0.0009977131877707988,19.528336325979847,0,2
0.0007271355751997239,55.5878665116259,0,2
0.003773213718506697,73.85347555586999,0,3
0.0005284902218829219,32.786066482211226,0,2
0.0007945818616920194,36.38945846527352,0,2
0.0009181468617002747,46.25206223592073,0,2
0.00017360138165431965,5.767057352856142,0,1
0.0018478040648397677,22.98658600934836,0,2
0.0006932299986458646,15.046921316615121,0,2
0.015010386184010996,87.19903237950987,0,3
0.005687837807308827,112.60275899057471,0,3
0.005953290615970689,84.50473647820914,0,3
8.223218954650009e-05,1.1672552132783949,0,1
0.0013012916892034157,16.378109905783216,0,2
0.0038804627610949066,76.82195376562805,0,3
0.0005498352799665384,21.38132057412109,0,2
0.0015075316554723278,15.856301685187857,0,2
0.00014155080412174646,9.509463976533382,0,2
0.0026919674184707897,83.2353022416335,0,3
0.06596162139557038,142.7032276397337,0,3
0.00042968934402609355,7.934777305793837,0,2
0.0001994483135848497,12.373219783821142,0,2
0.0012216922078715424,22.112897617837056,0,2
0.00041107407394876664,18.82595571494111,0,2
0.010589221443394373,96.8423706353375,0,3
0.0018679051943616112,142.7971180918027,0,3
0.0018768942461425161,106.42696041512123,0,3
0.0004012353031475066,7.357050196304449,0,2
0.0015558260908099739,16.364265238490216,0,2
0.0002985020681000112,18.5182397792264,0,2
0.0004741705665582635,29.416225836115817,0,2
0.00043599359019032123,24.722475792015697,0,2
0.0002746574705934294,13.835993949729213,0,2
0.0022862747879344304,41.92113267559427,0,3
0.006893503148518605,75.52743731252875,0,3
0.0014390898088888,50.90268441096705,0,3
0.0004653830802429512,16.461271504731496,0,2
0.006060848406721377,111.13171151853592,0,3
0.0008304149106739442,41.83252563647719,0,2
0.0002389511784083748,8.452048196729363,0,2
0.0002426695301491599,8.583571666648382,0,2
0.0022073195418282265,111.19471740516718,0,3
0.0013102565837719363,24.19560631470808,0,2
0.000666643389028251,25.923611177331143,0,2
0.0002820671187676546,9.370301294762033,0,2
0.0005558611918776453,21.615648852093052,0,2
0.0015835121489699178,30.994235818864983,0,2
0.007165450014949452,89.13782375438429,0,3
0.002920502074369666,59.790010442588894,0,3
0.0018905560726399553,58.45576177156462,0,3
0.0024735017441690084,26.541698675895677,0,2
0.0010037564666865815,33.704864319046926,0,2
0.004809546192788997,98.46348667738326,0,3
0.0003893527825982776,12.934343069973627,0,2
0.003243133426908344,40.81820866583676,0,3
0.00068336066529115,40.14926297108648,0,2
0.0013566340665509345,14.863719100423664,0,2
0.005631306128484015,122.23045798737517,0,3
0.001338177845748944,27.3958604835571,0,2
0.0011577397365799393,23.701839333517594,0,2
0.0007089625565333587,27.56926710343269,0,2
0.0008176250702951062,8.870770962239622,0,2
4.5015111751939444e-05,1.7504925022393567,0,1
0.002184801976110948,66.2264165348625,0,3
0.0003968482286390583,12.029390479477481,0,2
0.00022028563325334583,4.509800019714944,0,1
0.142515163958201,348.8956182319025,0,3
0.0010465064944450819,18.94199768072754,0,2
0.0027834854621662003,51.037987199027654,0,3
0.0019100151318785321,37.38491015275964,0,2
0.00043696378248950116,8.552734203897861,0,2
0.0004921382732713685,8.907810969531177,0,2
0.003643181006694437,139.50881565038418,0,3
0.002376825728839633,181.70293937254417,0,3
0.001195142946463649,50.42776998721986,0,3
0.00014060243445995215,8.260768291517698,0,1
0.00018801360045278556,9.344627510731112,0,2
0.000870790836183629,54.021446499991235,0,2
0.0008306955598154355,16.259284206535497,0,2
0.0036373855850915806,74.46641590326095,0,3
0.0007875069257573676,27.855257028212087,0,2
8.769276958151973e-05,3.101819877786843,0,1
0.0008871282644799923,40.62780525208797,0,2
0.0009636184039534158,40.65884116523358,0,2
0.0006194626812219145,41.61585720714094,0,2
0.0007994218320206575,33.73074357940477,0,2
0.11853390875470908,293.67963068946716,0,3
0.0002339582526296548,13.266312549352097,0,2
0.004323056922972923,85.58403971620582,0,3
0.0005482779314049725,16.619576080177698,0,2
0.00034548152082522336,21.43271462960107,0,2
0.008824049658899463,96.67912570670106,0,3
0.0009223378319470202,16.911985745905852,0,2
0.0941731078448845,226.064866990029,0,3
0.0007166385102154588,24.063808856295026,0,2
0.0004821619613168602,36.86018901675041,0,2
0.0004124410063081642,13.849243933756355,0,2
0.0020743862802902724,87.52649590297702,0,3
0.004214748487665399,44.330958693317186,0,3
0.009061976364068573,97.23876145638272,0,3
0.00024850313143385866,14.0910618627027,0,2
0.00045158645010284483,30.337835988908044,0,2
0.002965896292831405,32.49531355917691,0,3
0.0299930355591752,128.35992131242892,0,3
0.001252049586656532,25.63259876368698,0,2
0.0011287881618841956,16.02272630599488,0,2
0.000293154544622981,22.41100043730185,0,2
0.0003046682113324593,10.23037067864156,0,2
0.0007920869227726351,36.2751977697336,0,2
0.00021488119389630948,13.330632842667898,0,2
0.002373283887402103,26.00246147259928,0,2
0.0008837644307583902,9.483158553237281,0,2
0.0006394553611406811,29.285131496802954,0,2
0.0004648517560458188,5.850643029216053,0,2
0.005553271671451228,59.58890617987575,0,3
0.002149144386392931,26.735243862889313,0,2
0.001108680889327977,12.147064353820163,0,2
0.0020409022024293418,61.864480553792816,0,3
0.00326772269213234,64.6914703294442,0,3
0.20030371203896752,444.92500205309676,0,3
0.0008708859913639539,26.927687984560162,0,2
0.006239417989377938,66.95154049412983,0,3
0.002695943785853249,53.37189959609695,0,3
0.00025199354732568857,12.694288593846967,0,2
0.0036112143049904593,45.450889505546414,0,3
0.0015184611096428977,16.6367482249881,0,2
0.0009812533696799148,19.425982321924796,0,2
0.00591235392475543,117.0475295903716,0,3
0.0013265847573647493,44.069294300785856,0,2
0.0007869332473614436,14.429207391680096,0,2
0.3803706896454054,905.3857013722059,0,3
0.0009147393888357876,18.72701207464247,0,2
0.0006199006572150172,28.389584894734313,0,2
0.0030224935798423384,152.2594772078791,0,3
0.0005715398522355763,18.98661793976268,0,2
0.005636732693282139,122.34824442722397,0,3
0.0046715131019880625,95.63760272652459,0,3
0.0022987598752062287,142.60868219402428,0,3
0.003134537323691435,39.45141371234322,0,3
0.005477226376859257,107.20627945173298,0,3
0.0015783461850679356,31.24669533518011,0,2
0.0005987857584324027,45.775813952797655,0,2
0.008786744180713625,94.28540607923901,0,3
0.002846794191224334,61.79116351517264,0,3
0.0009845395569599664,41.541586693543366,0,2
0.001709974462361703,57.4187655629147,0,3
0.002120457678999671,23.232416229320823,0,2
0.00028400863903783695,19.0798628005792,0,2
0.0013374066304865935,41.35244889841678,0,2
0.005397791588066673,56.774271733178544,0,3
0.002085885296101818,21.939457400863144,0,2
0.0007438656558356113,56.86684325383935,0,2
0.0012434843973853809,13.079037958635125,0,2
0.0009360178175612808,11.78075816281772,0,2
0.0006322306708965048,35.849856071016305,0,2
0.0068673765478151445,72.23144796506706,0,3
0.0014047869271936685,14.775626926395717,0,2
0.000925580008198221,46.62651034305151,0,2
0.0007295883351625787,41.37040167567652,0,2
0.0018850727543843545,38.59217244144787,0,3
0.0008623478854628817,9.253350147703681,0,2
0.0009870793443793747,19.320199085006305,0,2
0.0020633580486389,117.00015907451379,0,3
0.0009596444652960486,17.369775851796863,0,2
0.002450482694788949,50.16753358835978,0,3
0.0003368681411818669,14.213788559608236,0,2
0.001857867558363498,72.24647689403827,0,3
0.0009693771933775141,17.77449943932087,0,2
0.0004839372669270934,14.963280908336065,0,2
0.00017562897248699034,8.84738869646202,0,2
0.002100937918311902,22.793991716157542,0,2
0.001965036377496334,97.66598239977269,0,3
0.004042191910815577,74.11762763067026,0,3
0.0010032191017371596,39.0119550379332,0,2
0.002534848151290467,31.903701499638913,0,2
0.0017780548409774553,19.290892397562537,0,2
0.0022610152307158283,41.457973454718434,0,3
0.0005202238847458481,19.921002525149127,0,2
0.002299128926130834,28.601043699765842,0,2
0.0013630950830256095,29.586694894069343,0,2
0.001609804401793435,16.932012111535137,0,2
0.00038201854344224593,23.699370100190137,0,2
0.0021198533214848545,46.012530031093604,0,3
0.05950549687871964,197.41641346154898,0,3
0.0006147053567506487,34.85610486809319,0,2
0.0007401150083998327,56.580114759039766,0,2
0.001830729512871434,39.73694587076555,0,3
0.002341776047992327,33.240636245053736,0,2
0.0008098455499264383,34.170561134718746,0,2
0.0012902659345638585,43.32548750945397,0,2
0.00036317982253074814,21.33778389829773,0,2
0.0025836786125041323,118.32470647785357,0,3
0.0012756275387418986,42.833948813164085,0,2
0.030886941804798188,112.46659928780227,0,3
0.0006280585884236072,31.21568625673981,0,2
0.00039651536820048335,30.312701109806778,0,2
0.0007578704396213376,8.132263860826981,0,2
0.0012135209005342997,24.024208516863855,0,2
0.0002309147886806044,4.179608454272459,0,1
0.0005955134218286392,12.925931680318545,0,2
0.0014246751836321009,14.984812712269886,0,2
0.0013590993223244916,29.499964808834736,0,2
0.0036472682632611897,67.35159213468776,0,3
0.0006103829884276411,8.664158515878093,0,2
0.00043875450901741786,13.566235578248534,0,2
0.31161775670248704,695.3857447251163,0,3
0.0007763411145841015,32.75687755486387,0,2
0.0029183232112304255,111.75173951985025,0,3
0.0014784131976027614,27.300838738537845,0,2
0.004331466660048615,54.51601481827534,0,3
0.00020579378005669061,13.82534384163969,0,2
0.0004165275422328067,13.98646460774081,0,2
0.0013929865450448848,27.265059821430732,0,2
0.0006103255750095917,11.190929253259668,0,2
0.0007890149995085325,14.57019681561163,0,2
0.0019572350302217113,35.426384451399976,0,2
0.0003742081966155526,25.13952066551647,0,2
0.07681600698850703,204.73544315235353,0,3
0.0005717588061210984,43.70966471111848,0,2
0.0008755341828245234,27.07140949413076,0,2
0.007606805028501558,94.62825705990488,0,3
0.021826222994705078,199.84967776963438,0,3
0.0007962877266412087,46.784029227004666,0,2
0.0057239570686954035,105.70037465314569,0,3
0.005227411384860906,103.48764579005852,0,3
0.000907165217747703,41.54543742299271,0,2
0.005487752905260411,112.34808096573063,0,3
0.0006160445047901169,20.685990215322537,0,2
0.0004966581971022141,25.019380668373653,0,2
0.0010863255144166841,36.0878553258685,0,2
0.0006050866252366735,11.094867874430527,0,2
0.007259453265514036,78.76097439895607,0,3
0.0017811704473762813,36.46503133254707,0,2
0.0030932555574525507,155.82414374314715,0,3
0.002961385072206398,135.62252585939956,0,3
0.0028258015055058813,30.32202109977764,0,2
0.0003591947050772351,16.450036719338694,0,2
0.29467715190334687,658.0515160469944,0,3
0.008337420892778398,91.3474644546742,0,3
0.0016239861698614559,29.989034600674703,0,2
0.0018456580487926464,33.406816551276606,0,2
0.0018262795112014049,33.72464647072368,0,2
0.0004431304962930121,33.87632198906039,0,2
0.001809161817764644,89.91872530994513,0,3
0.0009753508320058461,37.34923935064447,0,2
0.002768965996662938,107.67615646106593,0,3
0.0015955308366590413,17.310609874137597,0,2
0.07303805985443461,403.1005573900714,0,3
0.00403239878600471,43.26930990507184,0,3
0.001037347476776486,13.056097357797215,0,2
0.0005605424107601896,7.055009485154688,0,2
0.004300710950581552,132.97745484189733,0,3
0.0008954157091415551,31.672146503663264,0,2
0.002290462486979464,142.09393525875993,0,3
0.00017940717249366963,11.129923016941001,0,2
0.0008423557520040909,29.79533920758958,0,2
0.003946259153725796,71.42815848176902,0,3
0.11306847837771973,375.0750367295813,0,3
0.00040145056587168705,7.413311229992514,0,2
0.012519916805073918,102.33608570367966,0,3
0.000872073867146827,33.91213986653339,0,2
0.0007903023466645572,39.811837134020415,0,2
0.09373564282306505,235.73146519259683,0,3
0.001203342561742333,22.22129867253364,0,2
0.0013562409463538578,76.90396078927962,0,3
0.0011272955291492602,20.67008991721677,0,2
0.0015910984507396084,56.27944955521199,0,3
0.00030944657892487744,17.546784467755206,0,2
0.002121104649086562,41.99174513871884,0,3
0.0014621202056072855,28.94575666621281,0,2
0.0035133951206937357,36.954085024193034,0,3
0.001992483769262507,117.06373937056925,0,3
0.002043960220338702,25.725366118528402,0,2
0.0005203832270459784,21.957010043300265,0,2
0.0005389704765777066,20.638868263672148,0,2
0.000750267400760616,14.685056102353382,0,2
0.0001561061867169114,1.6419335425046726,0,1
0.0004979072308129513,15.395230477400549,0,2
0.003337930802427387,152.86718732319693,0,3
0.00037292510946397074,25.053322136850916,0,2
0.0004947013826599266,7.0221013341655105,0,2
0.000345647175314633,14.58421045371473,0,2
0.0008439897072345006,26.096058179782055,0,2
0.003941814786570409,72.79078000645528,0,3
0.007865289743621868,97.84379340884682,0,3
0.003026841458418397,59.922717698982495,0,3
0.005340379144892048,56.17040446700473,0,3
0.0010353003181551548,22.47173731197004,0,2
0.00032185052081441166,19.966712979399784,0,2
0.001740941986671819,37.78806044373818,0,2
0.0004504728731310929,4.738098700237263,0,1
0.0009350659804475766,36.361699975165656,0,2
0.007849363033552765,84.22691794149664,0,3
0.0010723799212757831,37.93162620163956,0,2
0.0005718008917115554,12.411238756488661,0,2
0.0035358962092551863,137.4995987371084,0,3
0.001190088016242714,12.51741185597784,0,2
0.0018104246277184882,22.521587764827334,0,2
0.00010941256372187331,2.1660527182198646,0,1
0.005693684435314769,59.88648913532989,0,3
0.00019449433025349667,3.8504259327552615,0,1
0.0018460129766457339,34.08905079200659,0,2
0.0033393510567404114,61.23033829475776,0,3
0.004166592691076833,128.83053471597003,0,3
0.0006426237777549312,31.939603402077804,0,2
0.0007977105388386205,26.786104368705182,0,2
0.004234608957851048,149.78423309924364,0,3
0.0011774586838444962,36.40687801582175,0,2
0.0009111623653689112,19.777257829505373,0,2
0.0006702137247702464,38.003638032559586,0,2
0.003405453476745383,143.68944328846243,0,3
0.0004600698891280969,17.890634057797882,0,2
0.004749425578534971,85.96564739056048,0,3
0.0008049805785775794,33.965288906069794,0,2
0.0007994518069798848,8.673601302987839,0,2
0.0006771504695795637,42.00853562625497,0,2
0.0033889208957845066,102.72605449004173,0,3
0.006550935387094215,81.49329389541248,0,3
9.016208630128048e-05,6.057140523155809,0,1
0.0042288773523237585,60.027334344825704,0,3
0.005429170901704893,68.33176486344496,0,3
0.0013546929302680297,84.04138929289132,0,3
0.004185713112968754,44.02556300954415,0,3
0.0015484658410596522,51.440208765800655,0,3
0.00252481775937395,148.3397820856208,0,3
0.0016965794682667294,21.353217903187698,0,2
0.0012065195814793962,15.00904054675519,0,2
0.0010879631487662896,54.806634282820916,0,3
0.0001936792459808696,5.870867272520172,0,1
0.002524507878185465,76.52369052862957,0,3
0.006415706727948499,70.29254607866977,0,3
0.0012291698209967845,24.334011939358696,0,2
0.0006216251715568003,23.803975510138496,0,2
0.003859320993362686,41.87145654612445,0,3
0.0028624240393127086,62.13041757924346,0,3
0.001662647814904864,18.216504135495438,0,2
0.004411766575653487,133.7308800012613,0,3
0.0004882081600141934,17.268627532878085,0,2
0.007676296834617907,95.49273149668826,0,3
0.0007058301971031778,41.46940793607936,0,2
0.0003351316058490513,16.6566674761328,0,2
0.0012030111542713948,80.81897736922956,0,3
0.0010062227968101064,31.112285401466046,0,2
0.0005083699049257582,11.034435864136164,0,2
0.00046068952057634355,15.304157499817137,0,2
0.00014012845107426827,2.7427476703310485,0,1
0.0006466550033882773,7.015842144582572,0,2
0.12002211616588705,299.91850602522135,0,3
0.0014465265563296979,28.637047453525444,0,2
0.0012348960224034334,41.023384250452004,0,2
0.0005774178383843005,38.79126061905365,0,2
0.000648274582392621,21.535754274707312,0,2
0.000693941911779394,26.98516267722334,0,2
8.144330224949652e-05,2.518216911460405,0,1
0.000669542113095865,28.250608662218607,0,2
0.0006106131025512125,12.500783374994954,0,2
0.006996372531000011,75.0739763898981,0,3
0.005553676693227674,100.52276942477177,0,3
0.0008827743877837649,29.64244012574018,0,2
0.00030543827138082303,6.629698145677032,0,2
0.0006414166591346421,11.844599874812328,0,2
0.028576313058213426,147.7559430986051,0,3
0.0012743254235556979,72.25904266448839,0,3
0.0008096549557078189,50.22874616470959,0,2
0.0011294901414337607,14.050798337771585,0,2
0.0005380454443098734,6.693257211575317,0,2
0.00555006346199015,60.215058938248426,0,3
0.00037356065501744674,6.849607870415536,0,2
0.0006740656731774114,25.812086625057113,0,2
0.0010857375685973006,42.22083205529926,0,2
0.0016250869363878965,20.4534100013398,0,2
0.0005027227201436354,9.839840224635438,0,2
0.001236162695170822,38.221998842328155,0,2
0.0003773159173043124,6.918464356691877,0,2
0.0006219661625433822,31.331825940482545,0,2
0.01807682869889823,143.96243568373472,0,3
0.0031243788944624647,44.34939131416474,0,3
0.002001527490694883,60.670941693622,0,3
0.0006519211134026247,25.35110936414949,0,2
0.0034240450575610255,67.01916372255229,0,3
0.0004065812791371503,13.652481755080077,0,2
0.0006772169661388742,26.334783486665646,0,2
0.00026226524680559985,8.80653311092862,0,2
0.0013845268894501855,42.80940152333622,0,2
0.0009981772556253027,19.76102637818176,0,2
0.0029314047409090666,58.03334636586439,0,3
0.0012172379634160107,26.42078948530051,0,2
0.0008527057442531344,48.35162166216366,0,2
0.0015914398533612784,29.180639873241613,0,2
0.0006130779200841233,8.70241206406653,0,2
0.003618994625290158,78.55217962056506,0,3
0.0006267837836703681,47.91619951857013,0,2
0.0020366871803281245,25.633827342379515,0,2
0.002266862367456203,112.66729848775924,0,3
0.042817049035720256,106.97956555539041,0,3
0.03101264669614456,293.9576313465042,0,3
0.0028496695409488816,55.77685641089719,0,3
0.003699190419897376,66.9561600679992,0,3
0.0006677556355308982,13.219632739116395,0,2
0.0005456290672993548,5.738956835765794,0,2
0.0010097891715795076,50.86858492612353,0,2
0.002002591854005251,28.42604331159955,0,2
0.000987253771854573,34.920591384810066,0,2
5.317260043512694e-05,3.2986805445273277,0,1
0.006377990451680484,116.94682780022818,0,3
0.0032421501603782806,107.70459165298952,0,3
0.00020192727228589307,15.436882253769312,0,2
0.0007121874065615616,40.383703600804715,0,2
0.005588092318998739,109.37626921605973,0,3
0.0030093537033910396,91.22049231036823,0,3
0.0007145495642592926,35.99575655638376,0,2
0.00010465560484734424,2.071878673209585,0,1
0.0005686430595971466,38.20176596166746,0,2
0.13923454518821404,341.95354462927554,0,3
0.0014727132763282672,26.65643415751455,0,2
0.0006748438894171787,12.373937014426359,0,2
0.0014080641062628224,19.986944014619343,0,2
0.00043459756050086566,18.33737619653944,0,2
0.0016860253988220354,113.2681505633022,0,3
0.002781103667540418,30.47066613075266,0,2
0.005365599373549319,56.43567223283072,0,3
0.0006488388383907132,43.5893642465316,0,2
0.00019727396132856122,12.238329004997587,0,2
0.002365638512240737,90.5877107102854,0,3
0.001446751851492017,31.402509003636414,0,2
0.0010532019791761808,21.561688959488315,0,2
0.0007640225404989847,44.88836342557419,0,2
0.002335684181747101,78.42930138004418,0,3
0.0006560988847483527,7.188430370021683,0,2
0.0014247666705709224,17.724022930521787,0,2
0.0009005962018178722,11.203369689834576,0,2
0.000709229136670873,35.2500142861262,0,2
0.0032370131002206,59.77569247011163,0,3
0.0003163094431776869,19.6229599026948,0,2
0.0012514563418333177,37.93454504145862,0,2
0.0014297122803854985,43.33789608445955,0,2
0.0009213882525640829,45.79471906415072,0,2
0.00043146595450385515,28.986129587268493,0,2
0.000417818242924468,31.9412575948137,0,2
0.00017441673433008805,10.247448659037591,0,2
0.0021027206295471824,26.157734753608068,0,2
0.0011759154820629744,12.758019893601439,0,2
0.0003030858798039358,15.063934969115369,0,2
0.0004841851774315764,5.092686589354484,0,2
0.00037194192633239706,17.03382109798609,0,2
0.0019208934575535893,129.04672107445984,0,3
0.0013339797068380576,16.789522619676802,0,2
0.0005743187392258156,26.302070201278514,0,2
0.0015156418783783398,31.028994819332425,0,2
0.0017107167833008557,37.1320065254283,0,2
0.005080307817900623,91.95468868550395,0,3
0.0025536487628566103,27.40170939745366,0,2
0.00011819325087778582,6.702001702204303,0,1
0.002164839599240027,30.729089448548944,0,2
0.0033001654259491595,67.5626725320365,0,3
0.002763150364232531,139.194945759571,0,3
0.0003389081342978709,10.273091801672802,0,2
0.0071583619869458005,89.04964905640475,0,3
0.0009888032994102055,41.7214907160719,0,2
7.818671044995078e-05,1.6006782790192653,0,1
0.0007560660977382999,8.202890822476872,0,2
0.0020417463903631907,61.89006984854451,0,3
0.0008663985059230311,17.73735282408998,0,2
0.005203119510381306,96.08242602311215,0,3
0.00028215579185908197,5.522662491871481,0,1
0.000655785524815822,33.035491567250936,0,2
0.0025277468405366234,143.33274956228502,0,3
0.003862405162306821,117.0784610698032,0,3
0.0007464045522559193,8.098068502040286,0,2
0.0009097016249267417,30.220389924001537,0,2
0.004366567165180053,61.9817898051288,0,3
0.0009140847345952505,38.56882131245564,0,2
0.0011336849934427066,20.5199476835108,0,2
0.00029271203589546616,11.382626949230108,0,2
0.00015567767275639105,3.081968238101988,0,1
0.0011852653293943282,45.38752316489938,0,2
0.002233867621033744,86.86790656354111,0,3
0.0019283814342019973,35.610092392914886,0,2
0.0013126737597127813,13.806775514584023,0,2
0.0011785779413021472,39.57514688013872,0,2
0.0022925069606977173,24.112715545483518,0,2
0.0007637518791105653,14.004153842047568,0,2
0.08650496027789188,288.5927471798951,0,3
0.00030409515029014496,6.020205582220216,0,1
0.0018483930087954859,61.40382288873709,0,3
0.0008631309338244028,10.863400892009833,0,2
0.004442671296226226,82.03975236643718,0,3
0.00038015889667953907,14.783153310031452,0,2
0.0025241307703104472,26.54894764008671,0,2
0.003055565580246763,32.78748483057733,0,3
0.0004155957019027445,25.78240381394071,0,2
0.002132296722201607,26.525659800726277,0,2
0.0024314489237688697,30.247097555983128,0,2
0.00077340353842239,23.913542501901926,0,2
0.0004759690733199318,15.9824355495983,0,2
0.08106446114228084,194.77281007766985,0,3
0.0039405207914494,150.89488764095552,0,3
0.0011016750417641604,21.563191708006894,0,2
0.0005930188337921089,39.839344413060324,0,2
0.0004785769893860363,10.387764980310543,0,2
0.001118990675234539,13.920185526904334,0,2
0.001160951980805038,44.45648886823554,0,2
0.0011246625531636115,43.06685298092088,0,2
0.004192091454274738,85.82263783581497,0,3
0.0012642216248963125,42.45095274652927,0,2
0.0007582820344563379,37.68803503049382,0,2
0.0014874853477516892,68.12235326445621,0,3
0.0024201766352518026,30.106870875865823,0,2
0.0040227025921431075,156.42992880012002,0,3
0.0030923747219457408,102.72903480396869,0,3
0.04626571044447614,267.76296886164846,0,3
0.025734538002868165,228.65443214828608,0,3
0.002539723525737363,27.826027673970746,0,2
0.00282387892239751,61.29377556649784,0,3
0.0007898558132111418,33.32711571409624,0,2
0.00019401049186864168,13.033735802076826,0,2
0.000503226572430498,25.35026553782698,0,2
0.003280940145886362,101.44626669913157,0,3
0.001286618851317807,27.92673810722178,0,2
0.0006043762872164565,37.493827345287066,0,2
0.00208518825634275,69.27018754825396,0,3
0.13693736272196239,432.2855703479064,0,3
0.0010314261071417822,20.188202544124337,0,2
0.004175580780807154,51.944006717686676,0,3
0.0012185907100277563,13.22102205289226,0,2
0.00308988056786948,43.85970045481736,0,3
0.0007232876489690235,22.36396534983933,0,2
0.0011621249408930658,45.19129058056867,0,2
0.0013652694415003848,27.028391295004674,0,2
0.00010795201901842399,5.43813164365353,0,1
0.007931056201983266,98.66192471422717,0,3
0.002637552056408922,28.302026504821956,0,2
0.001148635929037117,40.62891130055403,0,2
0.001161668274671064,49.01534224830462,0,3
0.0023031845277774973,114.47257777484349,0,3
0.003175702828886383,105.49720385453831,0,3
0.00047047275677766125,23.700277302575106,0,2
0.002465260506361802,139.78953948138798,0,3
0.0010137136153979991,46.425033444201304,0,2
0.002865165052740083,131.215938482183,0,3
0.0003060254846033307,10.16620089267065,0,2
0.00029619248987516384,22.64324446566146,0,2
0.0023651299936412137,25.378824886027214,0,2
0.0005412087578263669,41.37418276737669,0,2
0.005387325883478801,56.66419287102598,0,3
0.00041528083922026015,17.522327937644626,0,2
0.00035833853034955744,10.86207218361429,0,2
0.00016653037640986036,3.409294940049924,0,1
0.006969533799806281,73.3059436156368,0,3
0.0010956959031716994,42.60807956683132,0,2
0.0015941081031077451,22.627769054229734,0,2
0.0012309518753102532,13.355133725871957,0,2
0.0008297036873433546,48.74730610524046,0,2
0.0022196936694163904,68.63265587466418,0,3
0.0001745331209744698,13.342661480868175,0,2
0.0006708232872710579,12.387631832250355,0,2
0.05662242017185635,494.349016464828,0,3
0.0010423441208872214,36.86921657385525,0,2
0.0005144010102156287,25.56669209053287,0,2
0.0015607217362042462,65.85297345413065,0,3
9.36765768759254e-05,7.161361963640283,0,1
0.00021904968441710992,10.031816452434068,0,2
0.00025875866974646395,19.781513768792685,0,2
0.001283548023348202,14.062964908035811,0,2
0.0004166413439945953,13.840872137598618,0,2
0.0018107142290978565,32.77432573050492,0,2
0.000705032853415918,35.04145116168925,0,2
0.00038344263000014765,12.875515373719546,0,2
0.0028636953363906105,62.15801175020924,0,3
0.008065646738983653,84.83492039137748,0,3
0.08246403488242295,773.9334144335432,0,3
0.0001259028416094627,1.5846182638670951,0,1
0.0007504559594779561,8.222236824170496,0,2
9.687545369550784e-05,1.219278383902458,0,1
0.004019221767601392,78.66861479679079,0,3
0.0013617204050277833,26.65308465125848,0,2
0.0005819325933130336,44.48742768082003,0,2
0.0010344004495091105,22.45220519025175,0,2
0.0014401994669613278,65.95680220172419,0,3
0.0009952242497564532,19.70256539187858,0,2
0.0020006847623516826,21.70630150572428,0,2
0.0006371794841168872,21.395675915227557,0,2
0.0005378842878061081,10.52806097532597,0,2
0.0002727686975821286,3.4330778755623825,0,1
0.007474753665537672,94.07755238010677,0,3
0.000590381650545393,20.88265141905408,0,2
0.0011981818881340405,12.99959784367256,0,2
0.002038125939644987,22.11251716665751,0,2
0.001921880997057158,23.9080991752323,0,2
0.0015205686960096574,116.24403010721237,0,3
0.0010875688867702283,11.670064818018728,0,2
0.002588947521726524,32.20637188446521,0,2
0.0018728682136813124,66.24605291171095,0,3
0.0024927504203431173,146.4557403300373,0,3
0.0022266759883198995,23.420301721559603,0,2
0.0006777670467639568,33.68628958652344,0,2
0.0006276802180182771,20.851607182324404,0,2
0.0017098597081149872,37.11340325824514,0,2
0.001831890955946418,19.267930823484303,0,2
0.00112760253899217,22.323273137665517,0,2
0.0020106708816773075,92.08267651658394,0,3
0.003360733558474786,36.062063691398635,0,3
0.000412395363273143,12.500660198865631,0,2
0.0009290801607056362,17.156683722607497,0,2
0.0011042671288526242,74.1852972679843,0,3
0.0009440909676919338,18.478783447376077,0,2
0.0016954419994518889,34.709954751157326,0,2
0.0006536627828158159,6.875261456091699,0,2
0.004111698120426633,44.60960606187288,0,3
0.0017271192375899397,18.922873775196415,0,2
0.00032445614315551174,21.797149259912164,0,2
0.0027889935699693916,51.13898385928374,0,3
0.00023026479449861703,11.444590860675383,0,2
0.0003459813849223082,26.44949263455598,0,2
0.00047880438226803216,36.603509709157436,0,2
0.0009992809213506954,67.13226380436815,0,3
0.03271010756293315,300.8488082696435,0,3
0.003447999078394994,106.6117083921145,0,3
0.002289974210289804,25.089693859375174,0,2
0.00039212539930002534,29.97709793819491,0,2
0.0006352220637658894,31.571724376294593,0,2
0.0005553837925252681,10.052568775988002,0,2
0.0048397560806448005,60.206312741094344,0,3
0.001488447402305599,16.30790839557255,0,2
0.0016727149780642,55.56777902082851,0,3
0.0033861552640420548,67.03609315505415,0,3
0.0007863767067250699,23.836902338211377,0,2
0.001261308618776211,41.90081366183169,0,2
5.1631418932161606e-05,2.0077793479393966,0,1
0.005975496234645914,122.33341157487133,0,3
0.23147627730973147,648.8499878290182,0,3
0.0003031843103689921,10.071816766215282,0,2
0.03704034796031666,132.23877146019814,0,3
0.0001475124845779615,5.7362847317444485,0,1
0.00033846346901963086,19.192151232468362,0,2
0.003795881376555382,47.77511674772675,0,3
0.001896429306816287,72.62022009679666,0,3
0.0025825526640385265,173.4973649817771,0,3
0.00017480789806396162,2.4813328145909974,0,1
0.002877443752702673,62.456428349144325,0,3
0.2656788741398352,615.5319526160977,0,3
0.0012925335420658286,23.868327104566156,0,2
0.0014790125578148564,20.99403078203798,0,2
0.0023872021488401773,47.259706998364045,0,3
0.0007336173328838474,56.08338219425055,0,2
0.002293203741927692,24.120044329161765,0,2
0.0018514888341691386,104.98637803815593,0,3
0.00048749934761420366,16.194782958405735,0,2
0.0011449965774818695,20.99465632522884,0,2
0.003673385511905791,52.1423351706905,0,3
0.0015970289901246285,20.100271553255446,0,2
0.0033209431700302384,100.66549191726867,0,3
0.000735870880547947,13.492927874792974,0,2
0.002999514541243474,58.70978703503522,0,3
0.0005025026169065672,17.774243112617693,0,2
0.0005675204483659078,10.406054485495332,0,2
0.0009436163760581846,39.81487713150588,0,2
0.0030918732260368526,38.914441651263225,0,3
9.110482408819207e-05,2.7615985770664593,0,1
0.0010958335554708343,33.217257349187534,0,2
0.008648560036735085,90.96603483391868,0,3
0.000747813367595764,13.711905307711445,0,2
0.0009298814160676169,9.78054438266386,0,2
0.0013854956139097224,25.07777528820043,0,2
9.275177501408005e-05,1.8988617215269117,0,1
0.0006580248020378355,22.095635153878554,0,2
0.0011436101099851377,43.792414298566705,0,2
0.007128532923768996,101.1868620327912,0,3
0.0006396923316834206,21.480054137530853,0,2
0.0004907862079125736,10.047625972840555,0,2
0.007729901775598713,109.72306824683764,0,3
0.0031050003364961297,63.56715311815492,0,3
0.00036431245528249014,3.8318586396919017,0,1
0.0009948586877195505,30.15647485065065,0,2
0.0016020169838881274,94.1227735764794,0,3
0.002485006725767721,154.16291985400562,0,3
0.0018601639933707467,33.66937733805972,0,2
0.0006480052177975523,49.53853005455465,0,2
0.035584995879420926,270.634575551871,0,3
0.0017682866648667244,35.00696818294908,0,2
0.0003746910860153177,11.585402400392862,0,2
0.003365992803284712,113.02575325676483,0,3
0.001990158794958944,21.355228544918596,0,2
4.0897432807781623e-05,2.5371632160201836,0,1
0.00018006748011495906,12.097036298187136,0,2
0.0002215199588327101,8.482693295470739,0,2
0.002801805024541969,164.6135231914756,0,3
0.00231205916550041,24.809352908773093,0,2
0.004102801218889007,83.99464252193172,0,3
0.0005500191662460506,27.336981047937186,0,2
0.005104097157495486,54.769077517773695,0,3
0.002390961067079592,30.092732829985007,0,2
0.0008150038032609204,15.050114163077094,0,2
0.00011811604067462975,1.294117325466703,0,1
0.005324459403947509,66.23599675474048,0,3
0.0007473472120339007,25.094967969641832,0,2
0.0018352210705788457,33.65061207637672,0,2
0.0006229376340360476,26.28418284064082,0,2
0.0005953130367370393,33.7564874129875,0,2
0.006838556430254253,71.92831636780392,0,3
0.00038975950467844974,7.054732744468545,0,2
0.00218131209311351,99.89753056170241,0,3
0.004176209415426909,140.231795646146,0,3
0.0029486861514453036,64.0027820418311,0,3
0.0018000865547743187,18.933410365442217,0,2
0.016477916007097398,135.46450749263002,0,3
0.0030818441223248775,56.50869135210305,0,3
0.0006326713071791109,42.50322025321329,0,2
0.0009156823543596556,18.74631694657318,0,2
0.004171401792567282,45.70321948154908,0,3
0.0028762631932914575,96.58125640352918,0,3
0.003891505012407389,55.238460003098126,0,3
0.0009028330625517229,45.48062269739685,0,2
0.0008398881950446465,15.509637095025813,0,2
0.0009482038472452796,36.30969624656413,0,2
0.002133217039497424,65.95880908931491,0,3
0.0003673137818711331,18.503597417687473,0,2
0.00016449904998022677,5.818568914411931,0,1
0.001983604276983988,21.284895851009193,0,2
0.0026935524372729554,28.330934143397165,0,2
0.0014150990905672214,27.69787080486431,0,2
0.00048290747857210396,8.740731555583098,0,2
0.07574765294060337,291.38125524700826,0,3
0.002595780361780133,129.01513785220857,0,3
0.0003510948009299591,7.6206971057011375,0,2
0.0006290410885341068,7.91713661797977,0,2
0.0011278283027555598,37.46658260541484,0,2
0.0017905467110877584,75.55019084978788,0,3
0.006358928212213436,66.88356013042895,0,3
0.0005841062333690668,19.404074529244188,0,2
0.00544133477318246,77.23771452782098,0,3
0.004028967561667214,74.40017030572483,0,3
0.00030155724533814876,6.1736339809646275,0,1
0.0015714199626854894,34.10849585285453,0,2
0.0007007423158106833,7.370446599073313,0,2
0.007232286634095006,102.65960719430156,0,3
0.00018338380513132534,12.319828909456852,0,2
0.0004469485865794795,17.115061770398082,0,2
0.00033739784441764206,16.769303770650502,0,2
0.00029287834564298016,11.389094198887888,0,2
0.0012283632174379434,37.98083994791931,0,2
0.0007742190898583111,39.0016358189702,0,2
0.053393643364963106,479.97358718794436,0,3
0.00037777638361022174,14.466241386662889,0,2
0.0019531365580779973,36.067228223403326,0,2
0.0008313217661511888,11.80030193532744,0,2
0.0005485939238305187,16.629154543683725,0,2
0.000805835572925801,47.34499067936493,0,2
0.0038973773781382877,48.483170926043464,0,3
0.0012105430918529908,15.059092805553613,0,2
0.0005146731778584215,29.183904228615603,0,2
0.1649834531387452,546.9368178492934,0,3
0.00047574737889065203,15.804381240447938,0,2
0.00047587474501732305,15.808612357448983,0,2
0.0010893672145658913,73.18431250465326,0,3
0.00042190577672785687,14.015757182945935,0,2
0.00031626180072839437,24.177497788892524,0,2
0.000855055656107837,33.25035653054077,0,2
0.0005324887393355235,6.624132092060795,0,2
0.0025835966705371805,32.13980757527926,0,2
0.0006103595402066187,20.276212324413194,0,2
0.0009729652809705101,48.35819382027344,0,2
0.0020608272760611365,21.675895754276,0,2
0.00015057488758095573,5.326051185553554,0,1
0.001958739579008874,21.01808733839003,0,2
0.001625783760519201,29.810369727309727,0,2
0.0004493149538805348,25.477847198288387,0,2
0.0015192032975742968,32.9751057040166,0,2
0.0028503847638634,109.15016350375784,0,3
0.0004483691455963518,34.276804853752154,0,2
0.0013836821499227175,30.03354799671316,0,2
0.0014314348782558676,31.070046052605385,0,2
0.0004832309128810463,32.46372909642609,0,2
0.0012796923461495867,27.776394673629863,0,2
0.002765697792066794,171.57621451791877,0,3
0.004963600508004184,52.20742583677756,0,3
0.0013916700621933213,14.637663011771167,0,2
0.0031314988221014055,177.56775687535395,0,3
0.0001730022354597534,13.225628753356167,0,2
0.0005210182390089665,10.314656146037125,0,2
0.0006489117821925999,43.59426465286032,0,2
0.001109766635597365,34.31384819066663,0,2
0.0010052760533506232,21.82004487080984,0,2
0.0008356127410223894,28.058812066633177,0,2
0.006108717091314477,75.99212140409107,0,3
0.0054785269511849885,59.43892813472337,0,3
0.0008058220898016837,49.99096580243869,0,2
0.0026562373355637305,164.7855916161432,0,3
0.0028853036655967453,102.05735667955544,0,3
0.0012877948132133058,64.87324450201288,0,3
0.0012586597827210224,48.94521921137829,0,3
0.0060065874581698665,118.91308135386616,0,3
0.0031767043880308746,121.64596434577763,0,3
0.0010015930374706486,18.12905423282826,0,2
0.0051115997585132215,110.94995819369986,0,3
0.0007255904762548954,27.785132773670266,0,2
0.005468396977987852,107.0334607771575,0,3
0.005448955057700776,68.58076905211544,0,3
0.0020363721970547586,21.85111749915388,0,2
0.0007247633102541092,9.121900377529824,0,2
0.0006709944546005405,8.347135952322198,0,2
0.0030564687682206157,38.46883971122167,0,3
0.00024234143935347426,12.208059301713941,0,2
0.0016309642913128423,17.869369262212516,0,2
0.0015768272553959213,17.10768656419201,0,2
0.002864606956608356,95.16256411511117,0,3
0.0015700412368082957,31.08228134888329,0,2
0.0003245597009105375,13.694447173089907,0,2
0.0009181316541955285,16.95450519014786,0,2
0.0036119036122209997,51.269622570854516,0,3
0.0006437393584628383,8.10212963861836,0,2
0.0016584420460766737,32.46084591233399,0,2
0.0022356202862537228,31.73379486101329,0,2
0.00029012223204856274,11.281917830895424,0,2
0.005808776971151899,126.08255586374132,0,3
0.0005273652903250795,15.98566541269177,0,2
0.0007004091788513332,21.656565861269783,0,2
0.0007980237995142009,40.200808803642076,0,2
0.0022224111483268197,24.349451225534008,0,2
0.0015707704544297978,19.54030237227817,0,2
0.0003759575942028001,21.318209099005053,0,2
0.0008827401096152429,31.223792246394297,0,2
0.00490628402116187,97.1302515807131,0,3
0.0017617500345739354,38.23971005519051,0,2
0.0049036651798988005,69.60569549436528,0,3
0.0021354097068466706,71.70433947233167,0,3
0.005280385345754533,104.53637719790848,0,3
0.0026500629925308035,28.751689125387614,0,2
0.00011509585038609487,1.6337426028758508,0,1
0.051404001428530986,218.16432159849748,0,3
0.0007534403385339851,25.029372478918415,0,2
0.0008853514267547999,29.411473611972248,0,2
0.004647442643122217,95.14481999591912,0,3
0.0009119767861961214,51.71251258481093,0,2
0.003291218420633607,60.77666480569809,0,3
0.0004101585956700858,8.396976305358361,0,2
3.770437430092425e-05,2.3390747289438654,0,1
0.0003941103758431437,22.347540067988422,0,2
0.0015688977106008144,61.00937157106787,0,3
0.0028902227006891964,89.36533123946718,0,3
0.0019567363072274953,40.059305305501454,0,3
0.0008295869444513755,10.441214883147998,0,2
0.0016956660536502318,35.008819647836305,0,2
0.0007000352707978638,32.124895545163014,0,2
0.0013536277338275292,22.545354523485923,0,2
0.0011304849368269252,14.663243424015189,0,2
0.0017633153810135175,34.21162840831329,0,2
0.0011383380671055386,34.80715261738159,0,2
0.002538583449697816,116.49659889461496,0,3
0.14368108463783127,307.98581715137925,0,3
0.0012347129566009475,25.49195528296256,0,2
0.002043461641740849,26.949059350408138,0,2
0.10605692994629223,402.2441004250432,0,3
0.2418377310947366,650.3295954749234,0,3
0.001321122873919429,27.275979445429613,0,2
0.0009010131713173235,11.756286277040466,0,2
0.00044388657286617783,20.37013045210388,0,2
0.0008235247020860005,24.609320474196718,0,2
0.068405327036521,226.04497728527065,0,3
0.00020562581479413212,6.28745477677962,0,1
0.0012200732985960673,26.12650443655379,0,2
0.0008209256863648571,26.607805301282536,0,2
0.0006975090384151673,9.198710702336887,0,2
0.0005672344759639895,16.95062087105808,0,2
0.001429441147414928,30.609882637955337,0,2
0.000983634898823463,27.21908357921219,0,2
0.000541002646557127,20.229188686827083,0,2
0.0006507803335932717,8.491285309408548,0,2
0.0017582250763119131,17.732962439778525,0,2
0.0025997540337644406,31.421131012070855,0,2
0.0007530923142651094,24.098126570266036,0,2
0.0016252215716532372,27.068887254941398,0,2
0.1463798587045007,410.6523800494902,0,3
0.003940768178332511,95.75942227002082,0,3
0.00029518932255439764,4.147981530877275,0,1
0.0012190858128155783,40.31097830025541,0,2
0.0006351436246187299,21.00201692153103,0,2
0.001946836652337887,116.11093435788145,0,3
0.0013073759058941804,17.058446991319347,0,2
0.0012552889100535347,37.51169454536472,0,2
0.0011233380806944518,36.40958181122144,0,2
0.0011425128298221776,25.538625369392832,0,2
0.0006128787204656137,13.699697395328377,0,2
0.0019470104642398528,35.46403280418433,0,2
0.00040705178487601413,24.27690223380616,0,2
0.003907239762531852,126.64127410513373,0,3
0.16507126450184834,427.32707052942703,0,3
0.0021968151384425027,104.30603907688385,0,3
0.00023128779227490364,4.212816522096565,0,1
0.000837441043197443,15.263993488427275,0,2
0.0002587663081120663,8.38712158620098,0,2
0.0021257093115174884,27.572055202225748,0,2
0.0016014364135524674,33.06334903552927,0,2
0.0011600173728479894,44.71353348675177,0,2
0.0004689283699774936,12.976156610901121,0,2
0.0006474691760246179,28.250901790326992,0,2
0.0009495431936992974,36.60068580210346,0,2
0.0017918767507734677,49.58470170313032,0,3
0.001706560369101049,22.506023960782052,0,2
0.0010660919949718928,34.113772433662376,0,2
0.0008081287211844064,10.482039849133548,0,2
0.00019412403153208922,7.2586921478128765,0,1
0.0007214097999367515,23.084320924016584,0,2
0.061564627377479024,286.1218645790149,0,3
0.0006668325108092327,16.203819432225327,0,2
0.002934761891114526,175.0316057004611,0,3
0.0027141429937327273,35.79396800484387,0,3
0.0028505203906776504,170.00737353609878,0,3
0.0020918951429913933,67.80240842735111,0,3
0.002120563700078239,27.505312735660123,0,2
0.0012193320512892153,33.74128048379664,0,2
0.0063993774495368794,116.5621530880358,0,3
0.0007574188850477929,35.962681810986005,0,2
0.0013785630400065902,30.815063172900402,0,2
0.0007128418521688866,38.694161166452005,0,2
0.0007388578013636919,8.563861164525724,0,2
0.002130786336499926,27.637908050646924,0,2
0.0030541287598402807,59.255831014609285,0,3
0.0035748755019368566,59.54135952917781,0,3
0.004420008618402646,73.61747902207782,0,3
0.0011851366466680872,37.92307048351374,0,2
0.0008195719648247015,35.760230673108715,0,2
0.0008275647865141441,36.1089799710482,0,2
0.0010384257843011396,18.914518825426182,0,2
0.0007569149632403234,9.876114221747464,0,2
0.0007479536313232938,28.830300755413077,0,2
0.0027670049296998124,89.68403554669591,0,3
0.0008940039090512513,29.561636924373186,0,2
0.0017122203751107385,24.060011491243205,0,2
0.0019271888042557022,37.39108043506158,0,2
0.00015914328977993943,5.0924104087662485,0,1
0.0014328586001860887,18.89646013822982,0,2
0.0021552980476150507,44.498408441838826,0,3
0.0004641724070511442,15.348586318957192,0,2
0.0017843511583498606,57.09727644966873,0,3
0.0010897019003021757,36.03269695623412,0,2
0.0013368643151320644,24.35045974192896,0,2
0.000409192249348014,9.943242439476956,0,2
0.001133608300412107,53.82437038580153,0,3
0.0026111424622042075,34.0697997243792,0,3
0.0008157124058678768,44.278134346477664,0,2
0.001362409284409798,22.691615689828424,0,2
0.21586617811163475,465.26012499018964,0,3
0.0005183611271529818,30.915482681230802,0,2
0.0018833954466686135,24.429061368742282,0,2
0.003502826269911235,78.29878624229892,0,3
0.005870522914620248,82.49221352492938,0,3
8.000660536896266e-05,2.5931703853736745,0,1
0.0011270574822039984,42.14297030430041,0,2
0.004789042695123904,143.1105662652088,0,3
0.005424973710110492,124.10408035470817,0,3
0.00321286575719721,78.07162330226727,0,3
0.004773111743564966,86.99925465216779,0,3
0.0013351414140934576,29.1337529634288,0,2
0.005441223460632637,132.22001179798912,0,3
0.0015989506282109045,35.74139389260883,0,2
0.0015725152550851707,22.096884056211206,0,2
0.003753856440672676,77.50233769938187,0,3
0.0013866953117283713,18.287661237851538,0,2
0.00724676724615241,87.5858331588497,0,3
0.000694735587667157,22.51773767047662,0,2
0.0009476902004031448,44.996872675464544,0,2
0.0007108072549581507,42.39312754998802,0,2
0.0009238964071852382,20.651885569551265,0,2
0.0020293231971765663,46.423688405845645,0,3
0.0011771070246019818,25.685328089051666,0,2
0.00349671329997339,134.78281523324983,0,3
0.0014612550039297038,56.32491036792117,0,3
0.0006233732035056135,29.598116193990627,0,2
0.0031681322190438062,41.337319493498455,0,3
0.003026744423563478,164.29638099767132,0,3
0.0026864855331886176,27.09513571207354,0,2
0.00046799790332745835,22.22080808628369,0,2
0.02698242730954456,182.2457194252147,0,3
0.0033084157724760054,151.82450877028836,0,3
0.001752981091338841,29.19678667150966,0,2
0.1875727826376509,1676.1359056471922,0,3
0.0005200017414330776,6.027171548740875,0,2
0.0029533094927929287,128.8612022422534,0,3
0.0010011538383647772,24.32772211579091,0,2
0.00026528393846671786,5.477067573096992,0,1
0.003399720235902662,161.420661015632,0,3
0.000969423313588183,13.62227456457072,0,2
0.0031620975996771404,41.70156862493696,0,3
0.0003034374972139826,9.83500209712008,0,2
0.0009684155407576612,26.797934451918604,0,2
0.0031773708594873356,41.45786390430433,0,3
0.0007317230125542725,43.64056048401066,0,2
0.0014959863017887753,27.26726299692065,0,2
0.0007739261761347231,33.76857648913631,0,2
0.00045318219446908786,9.704389587074905,0,2
0.0007465301242843841,22.82677591158014,0,2
0.0010882276989252389,18.124982712324393,0,2
0.0008881570927731024,16.18839223478667,0,2
0.0008716659248545017,47.31537812630226,0,2
0.0006356282016981195,37.90938716648915,0,2
0.0013171890372276696,24.00833473662296,0,2
0.002562488328220251,83.05525293770637,0,3
0.0011546591593509018,21.04591127083045,0,2
0.006403910598714715,116.72373891066326,0,3
0.00014703995857102118,2.678275237891176,0,1
0.0006845103587457415,22.18631802455614,0,2
0.0006373738119916913,11.609514274401343,0,2
0.0025312245053670033,83.6988955463793,0,3
0.0025491017013349357,98.25658386817246,0,3
0.00032623351817323565,6.735436129195386,0,2
0.0011582353495200974,32.05061636252873,0,2
0.0012947932617649051,23.584151987490657,0,2
0.0017373511154795422,79.72773007057324,0,3
0.004631491520925238,138.40247757385578,0,3
0.0004769998147811445,13.199509128159661,0,2
0.000866472499769723,51.67713039656227,0,2
0.0025233803633650733,30.498064032531868,0,2
0.0036556618359225874,79.76918978123183,0,3
9.874729767033721e-05,3.265233777435489,0,1
0.0011742848851317954,21.389139120025593,0,2
0.0007121351816033315,21.77507602227608,0,2
0.0016527648627920662,63.7067674743039,0,3
0.0020181655700762437,77.79134684669822,0,3
0.1319766936083419,302.22973999004773,0,3
0.00136009894780648,29.124997026742307,0,2
0.1561686666249097,729.6200104798004,0,3
0.0006161127467209933,28.273657711413392,0,2
0.00032863853237879905,6.785090191911217,0,2
0.0028978317001913125,111.69858124396765,0,3
0.0015374980358931582,21.604824325817734,0,2
0.001419790730962122,18.52521896242154,0,2
0.0008357076719517752,26.741727239758767,0,2
0.005437126155222526,112.25522181148902,0,3
0.0026787403998028625,32.37577553737117,0,3
0.004257886496815346,55.556271745196106,0,3
0.00013903733272836887,1.8141385040587419,0,1
0.0006494836759193598,14.517929120692926,0,2
0.047470201604907336,315.08383392134454,0,3
0.0020298422875051937,33.8080499201704,0,2
0.00325088832887801,149.1845516229013,0,3
0.0009068027299084022,43.055512193852415,0,2
0.00040038432312158363,19.0104766315933,0,2
0.0007865803746008389,25.494606648094475,0,2
0.0018885328887911657,26.53754368678591,0,2
0.0015724254213619977,35.97149429144803,0,2
0.0009277077430263798,16.897833080844887,0,2
0.005984886066455285,109.08620098025729,0,3
0.0009764950060595059,21.827623711427506,0,2
0.000450312874813545,12.461029789616106,0,2
0.0029910431326912457,68.42441588096693,0,3
0.0017658268685740333,37.81320644347562,0,2
0.004160950431551016,90.79495301865776,0,3
0.11114839628646266,248.58006065616618,0,3
0.0010556728229856658,34.907472314241616,0,2
0.0046522293232397725,106.42644049755572,0,3
0.001777071913455239,56.86434861136284,0,3
0.0006375911998611207,8.959390869520496,0,2
0.0003437346221306564,10.271793247565334,0,2
0.001353465342522606,24.669541029655772,0,2
0.00014460400221886786,8.624301268090093,0,1
0.0016813327233688024,28.00344686578172,0,2
0.0020616455115526687,28.970111219251834,0,2
0.00036993050424714364,22.062958617528274,0,2
0.0008248632624179778,35.99110487405348,0,2
0.0030045602292592018,163.09218852896905,0,3
0.0015274835954142971,27.84136249766568,0,2
0.035504562004907196,202.2322184574116,0,3
0.006259799407343672,87.96230196935096,0,3
0.12617007371181582,360.2280730753661,0,3
0.000660945173639596,31.38205482242213,0,2
0.00010512149627533463,2.908915489388006,0,1
0.0005711110513218357,9.512143407348445,0,2
0.005566701496241733,92.71622885881285,0,3
0.001796385582833989,23.43897275648907,0,2
0.0005998043367960198,19.440830366757783,0,2
0.0012036207716151907,15.873284306921864,0,2
0.0002853363739895478,6.9335837809732235,0,2
0.0042111647448570995,102.3299734474687,0,3
0.001352496216280737,43.837044681685,0,2
0.0013048043616040942,42.2912584981483,0,2
0.0012745161756961341,55.61072656902142,0,3
0.0031043520866473784,168.50904529899336,0,3
0.0017139662656745242,66.0658105725141,0,3
0.0007826747217932589,14.265770652218027,0,2
0.0012488193720057922,30.34591637244857,0,2
9.50680312445e-05,1.8444982635932772,0,1
0.00185622851545421,30.91642473901271,0,2
0.007105008025838176,85.8725037531394,0,3
0.0018737373467159727,24.30378851812249,0,2
0.0017260651035439698,20.861557304821883,0,2
0.0005146011634870571,23.61525099385251,0,2
0.0019677019407355013,25.949944594809892,0,2
0.0017461865572003328,39.03256326351276,0,2
0.0005646468205477019,15.6248716059257,0,2
0.0002544497873424807,3.3004059138232553,0,1
0.0015670520734955102,34.19421157049912,0,2
0.004387559834607688,90.58581470874634,0,3
0.0020739534325545867,66.36423101370859,0,3
0.00187293840286123,34.1379489550035,0,2
0.002734561589815385,125.49011328316372,0,3
0.002710770433503427,58.04811550166845,0,3
0.0011466563399714419,37.165372150240295,0,2
0.0013373983741160206,17.347066976043823,0,2
0.0009613356858338679,45.64476812722711,0,2
0.00029447488129705023,13.98183576680354,0,2
0.00457120532969211,104.57290004865763,0,3
0.0007531266753263853,14.612071236992847,0,2
0.0006121794180785629,33.230048142999046,0,2
0.10826742683554698,828.9041744571721,0,3
0.0034872988643552243,106.63171802966689,0,3
0.0007052800388067008,33.48709957455681,0,2
7.206361494513183e-05,2.777733278351325,0,1
0.004142287660089433,154.88855591433094,0,3
0.004441074501281755,132.7122615447821,0,3
0.002254810436533785,29.24659429669755,0,2
0.003826770494837774,69.75034289206395,0,3
0.000271921353506189,14.76031274700665,0,2
0.0011780995480361392,45.41052127737738,0,2
0.0015420802646873683,37.472063455137686,0,2
0.00042910658567333216,9.816430647375993,0,2
0.3371889682347172,900.5664764842337,0,3
0.0013468252935417934,30.105628323788576,0,2
0.002587485547043208,79.11797640239334,0,3
0.001050083537460352,32.10857916956029,0,2
0.0014792546285616037,28.700316584625273,0,2
0.0005029499109045378,8.376885140226621,0,2
0.0004325203891620162,9.261940146829316,0,2
0.0013094371024850772,29.269888908253634,0,2
0.0016198129581419575,51.832234835052006,0,3
0.006567114508261013,85.18043495413298,0,3
0.0020074066733291656,20.246137777864238,0,2
0.005075086228381441,113.44356275121324,0,3
0.0016448429564560637,39.96916441347073,0,2
0.0008447522876441475,27.38007199772122,0,2
0.00012194482218326359,2.725836461687969,0,1
0.0029616286979652867,57.46115617726149,0,3
0.0010959188063687413,47.818020865472846,0,2
0.0018531075227033143,39.68222398525606,0,3
0.04608964478946816,125.40174898541918,0,3
0.0028573297639098573,94.4820757479102,0,3
0.2318355983220331,517.9062361099681,0,3
0.0008621288344349451,18.461524273717227,0,2
0.004494728183403686,134.31559008442972,0,3
0.0015857336631360836,26.411196167013642,0,2
0.0006499868410895807,21.067343370250768,0,2
7.603492457421192e-05,4.534785250493908,0,1
0.0013569438208197043,29.05743351288397,0,2
7.959609072754255e-05,4.74717612004649,0,1
0.001700513795363463,55.11697432630488,0,3
0.0010221986435710335,44.60140275254237,0,2
0.0009154022246674321,11.873458207111513,0,2
0.00045860537983076624,9.820521033091456,0,2
0.016948063163490356,179.17365118301325,0,3
0.0007896973545309607,9.153125938055135,0,2
0.000503417745828651,9.767249262319279,0,2
0.0014295015578193807,26.03781082395553,0,2
0.0011002605959136537,32.87899627222372,0,2
0.00018340299519410954,8.708079095402239,0,2
0.0007840159800973945,34.20882302347055,0,2
0.0008980517654410313,20.074179476382753,0,2
0.0038825899382958903,64.6664990977152,0,3
0.14603207919649,407.2250028038511,0,3
0.0042078087210561605,134.64525559848548,0,3
0.0018225767755874719,86.53698759096723,0,3
0.0010938414453733867,50.19681670544964,0,3
0.000555188605539422,21.40006252173863,0,2
0.0021614887343459907,28.036141338550284,0,2
0.0008096243970065579,31.2074357113855,0,2
0.0008740186663282494,27.96763696427632,0,2
0.0014880152572576385,70.65181537330201,0,3
0.0005082170162850495,15.539836327852479,0,2
0.00014341156015282552,3.0709980842113107,0,1
0.0009538152463357668,28.502782018310988,0,2
0.0050468322839925354,104.19719191926295,0,3
0.005141436978208889,124.93529494529493,0,3
0.001203533209845864,38.51174029134277,0,2
0.005930101626828759,108.08764790417015,0,3
0.00038523626580031184,12.486259993638601,0,2
0.0012659859567799399,27.109672635640866,0,2
0.002559611717693047,54.811220748059746,0,3
0.001747282281281213,33.90055617688992,0,2
0.0035936807112060603,109.88457347398247,0,3
0.008271273538626436,83.42173306802289,0,3
0.0008820561513922225,40.477905772016,0,2
0.0008251120953878194,39.1767941499844,0,2
0.0010958344297784188,42.23956521576485,0,2
0.0006540389088263918,10.893348816036946,0,2
0.0053250505630206505,64.35959295129764,0,3
0.004765124733020089,102.03981401874674,0,3
0.004603030121235425,137.5519679238882,0,3
0.0010708125016962282,32.74241216048624,0,2
0.0023489670938904457,77.67226929754797,0,3
0.0025192578517908523,29.19990076650543,0,2
0.0034095354132069344,44.22424934469303,0,3
0.0006632309088218513,13.693103793539862,0,2
0.0014023448211974848,34.07653630568268,0,2
0.004005314120141238,77.71061252700085,0,3
0.0024141502057418505,52.67850653741363,0,3
0.009022252856375422,104.57400694780245,0,3
0.0014315392467558333,29.555642280264706,0,2
0.0011906159489554775,38.59018895935628,0,2
0.07377414474411985,209.21800766128334,0,3
0.0042226379236917485,59.33623874836323,0,3
0.0009802111316678038,13.773864296087805,0,2
0.0015299173583418525,37.17650867189138,0,2
0.0032546879957332012,67.19647704647902,0,3
0.0010445321819062801,45.57587786503107,0,2
0.000341825495054722,11.302994398565342,0,2
0.0018476011950926234,21.414946276511728,0,2
0.003355331473991857,76.75803591248845,0,3
0.0021836525734727007,30.684546670715807,0,2
0.004749970287803495,103.64779302607053,0,3
0.0006760441014405171,20.67151305477605,0,2
0.0008160613236087278,26.984343482508912,0,2
0.000505122042283156,13.977705653848663,0,2
0.001337649850640261,24.364767963452774,0,2
0.10489741094933537,417.55565668751603,0,3
0.0030847436633916064,99.98256865775491,0,3
0.0024615473220880803,55.02304503453494,0,3
0.0023058043480068766,23.25569260020621,0,2
0.002366163970610186,30.690933732895285,0,2
0.002862160502099642,85.52970526123002,0,3
0.12873278308378538,448.6584870844624,0,3
0.0024829714668406846,54.18023631548846,0,3
0.0009748038633634984,13.697881706796744,0,2
0.00030321060273268087,13.914454524371966,0,2
0.13915054873232735,376.9566689249132,0,3
0.008805067579820768,88.80542927996193,0,3
0.0023220864670990384,76.78341934794265,0,3
0.0014371813119161512,34.9230520290577,0,2
0.0014512522382482663,18.82383758142825,0,2
0.00034105964567886807,4.42380118812964,0,1
0.007355993120196654,74.19047280416305,0,3
0.0037058665188674255,48.872763120020466,0,3
0.0008983800202251951,39.19884785497336,0,2
0.00036529742332853883,6.653749449294891,0,2
0.0015885536283997278,20.949757577333376,0,2
0.002981783139286824,54.348803168518124,0,3
0.001766394869715654,32.19598562590897,0,2
0.0014310469451047968,55.160523453162234,0,3
0.0011958030382839553,36.5642686093351,0,2
0.004393192767246168,134.33138673463793,0,3
0.002184028383132894,26.39659024247442,0,2
0.006786805277159806,68.44980468508295,0,3
0.00022239003374535277,4.05349135268004,0,1
0.002842397684279522,28.667621713126117,0,2
0.0013020506429824684,38.90907153801837,0,2
0.0015311802716936804,29.707771533879,0,2
0.0005465523176897244,12.217101219269214,0,2
0.0005732202922697488,8.054854982164294,0,2
0.0009447591870356944,22.957349897479574,0,2
0.0004147922291203401,13.272895564548248,0,2
0.004708465373481137,66.16305508264384,0,3
0.00014048950111494537,4.198236127514068,0,1
0.0019026513072529477,34.679524487802546,0,2
0.003389671021478401,61.78335396866648,0,3
0.0026580612805636467,30.80872629555365,0,2
0.00544103272007651,132.2153768627096,0,3
0.0011818910948910258,32.7052166732233,0,2
0.004186726672389134,93.58603353875026,0,3
0.0038001027371068244,73.72912648251679,0,3
0.0032319366355646924,53.829539263512416,0,3
0.000324639716691052,7.256681840403492,0,2
0.0021742765476371723,30.552795353756732,0,2
0.21417501225196095,678.7928401555504,0,3
0.001326611963277898,16.033689248662302,0,2
0.0006781461019195302,12.360533040487184,0,2
0.000970147234296715,31.44436719729102,0,2
0.0008450407656661967,8.522842928092764,0,2
0.0012757459176356855,16.547388052769453,0,2
0.001095076575658952,35.04124716783815,0,2
0.0006056303358938135,28.755674693080135,0,2
0.0002877248264570766,17.16014458520286,0,2
0.00037254143310395623,8.32743042027761,0,2
0.0004967397612971171,10.839221478699328,0,2
0.0020421725657028865,66.19080255663098,0,3
0.0036478414912085124,60.75664498409,0,3
0.0017906972499707426,18.060467628726155,0,2
0.0010683668308329704,32.66763047528288,0,2
0.0013023921337159208,29.79409424874954,0,2
0.0022593612910595724,27.307078365097677,0,2
0.054558538466405244,268.0465156046871,0,3
0.0018317144103904598,30.508129920816668,0,2
0.12292466127405917,1129.534100696709,0,3
0.004828886860853773,63.683093409422504,0,3
0.001459736687686844,26.58853186893827,0,2
0.0006022856720613799,23.21544590335743,0,2
0.0007228897667001835,14.025418450274026,0,2
0.0005806276267577403,8.15894237388747,0,2
0.007242216784814411,87.53083540136585,0,3
0.0018635746797573986,18.795488839904184,0,2
0.0026615913917137257,56.995001352721324,0,3
0.0005244336491110397,17.341218499141846,0,2
0.0009363223819088294,20.92964377500156,0,2
0.0004635983221251429,17.869662632596526,0,2
0.0031421196427260005,117.49024063707256,0,3
0.003091328332762722,69.1005598567366,0,3
0.001864021485992568,56.99649534693669,0,3
0.0032984230202992987,46.34922988009041,0,3
0.00169212399882244,51.74035725986671,0,3
0.0008434614150175726,27.33823229397318,0,2
0.0007383927727052935,33.88513648380191,0,2
0.0006714854725478542,22.203716939578676,0,2
0.0016640289860667594,53.9344303782408,0,3
0.0015499453360844195,30.07184900799769,0,2
0.00048139209050045205,28.71061902054244,0,2
0.0007429757837396295,22.202283817719177,0,2
0.0009361209421900289,36.08331743644371,0,2
0.0005464049753980573,9.100651217386625,0,2
0.0007494366689608968,13.650695309983565,0,2
0.0007913510195907,23.647876984576634,0,2
0.0006622522186906702,20.2497963595103,0,2
0.00225491366783237,27.253323528948084,0,2
0.0011734880044173245,35.067244856385265,0,2
0.00012074929283426566,4.654350594242388,0,1
0.00042361962806886615,25.265021987513695,0,2
0.0014788241520588324,17.14057116485048,0,2
0.0017871128505834882,23.1802033805456,0,2
0.0010052785391774911,22.47102293629411,0,2
0.0008395101712317933,17.977170911336408,0,2
0.0005600726975198429,7.386207823870457,0,2
0.0017020997484859678,22.077519240599873,0,2
0.001742886254945119,31.745990303892537,0,2
0.0004172040037776587,5.042408432184051,0,1
0.0016099963230212402,39.12240222529607,0,2
0.0011093836972703324,48.40553193868548,0,2
0.001086644720380811,32.47211419124213,0,2
0.002333951941253491,69.74529257979997,0,3
0.0014852778046349714,19.37968459072978,0,2
0.001857971076561064,30.945447975572566,0,2
0.0003625549507801775,11.751114262354264,0,2
0.001111886602967156,21.572687281290438,0,2
0.0026607547945542553,26.835622736233145,0,2
0.002726110690933974,118.94787929828479,0,3
0.00024647537373115406,7.886941136058486,0,2
0.0007509766078699279,16.78660383407033,0,2
0.0004276813836439173,13.68533434689856,0,2
0.0012561679911153277,26.899431887163225,0,2
0.0023223823225230786,30.627449894628494,0,2
0.0004852081538449531,5.623890358543638,0,2
0.0019632066779115076,44.911177883563816,0,3
0.00021162979749328602,12.621774659628683,0,2
0.000526468573758261,16.846415884716986,0,2
0.0076043884191599135,91.90811195285094,0,3
0.0031927119525853097,77.58189221461038,0,3
0.0031894308570263284,139.16384168605322,0,3
0.0002327470323715405,11.050962199207394,0,2
0.026551712371504412,262.898890910704,0,3
0.0010070536820596717,23.037802164260214,0,2
0.003830362950631028,143.22505695758136,0,3
0.0017509913687321335,33.9725194359706,0,2
0.0015014612968067707,33.56221178869297,0,2
0.000450755511779602,10.311680985654762,0,2
0.0003147568088498724,18.77235418142356,0,2
0.0008137943217887837,10.732274601556895,0,2
0.0005912058667246057,6.852475473545732,0,2
0.0018421404375939263,35.74098247283871,0,2
0.0012234373979586523,39.65399624336215,0,2
0.0021924987135095086,22.112923913860467,0,2
0.23004055812410043,583.0019295451981,0,3
0.00116044596436262,28.198470474343484,0,2
0.00013789121250357955,2.9527860165303723,0,1
0.155891856273746,446.78816203209226,0,3
0.22136709468000407,697.6451975302427,0,3
0.0014907194939173805,70.78021407639189,0,3
0.001033031031869369,34.158786093162576,0,2
0.0008048397639881612,24.050960016367686,0,2
0.13235967829023584,369.8028825007532,0,3
0.0040711790159970165,98.92836444255602,0,3
0.000566311581472713,6.563933886390763,0,2
0.002507096539346051,56.04120812649903,0,3
0.003043216106881187,93.05292561218253,0,3
0.0004573769811653956,7.6178449462601225,0,2
0.005058948104465189,139.99089646274194,0,3
0.005077544267067593,66.96237355889771,0,3
0.0015108520285750586,32.9678858734884,0,2
0.0011190041999341567,36.26911226886917,0,2
0.003217673996042193,106.39742113984796,0,3
0.00031270793087259435,18.65015741877202,0,2
0.006283414458750692,104.65344573723209,0,3
0.0010385718182363438,38.83431145785641,0,2
0.004252797630896089,103.34163943087964,0,3
0.0009699720953016299,26.8410073321901,0,2
0.0010165422252635893,18.52846123697389,0,2
0.0008554167473643142,10.338732564608849,0,2
0.0018760561824223648,34.17162835942694,0,2
0.07155926280904222,216.55316462797867,0,3
0.000525038220731549,31.31371001749522,0,2
0.000947671811226027,19.56568715469125,0,2
0.0018540421660247174,24.0483271498654,0,2
0.0007069045902618712,22.620170152521045,0,2
0.001812475416149714,33.01352961151457,0,2
0.0005091844280621664,10.903614753390832,0,2
0.0003912124754021199,15.079508745960812,0,2
0.003022926749655143,65.96245178327531,0,3
0.00033798355834929104,20.15761656757977,0,2
0.0018814711735212276,34.27026030080144,0,2
0.000937272094970982,20.45195616446407,0,2
0.0015265883584143188,37.09561502492419,0,2
0.005039296198134158,122.4533062447304,0,3
0.0007298922555400784,28.134114689753666,0,2
0.00016180580767497117,2.694957562428317,0,1
0.00164731338097465,35.27537272223962,0,2
0.0053643652895448216,67.06477919722992,0,3
0.0005436588701641469,17.62104610430438,0,2
0.00046288093002453757,13.832232499540119,0,2
0.0006496530727569457,13.91159359616843,0,2
0.001302547539315019,13.137127266521553,0,2
0.0026744534140582393,55.216920234824784,0,3
0.0027065386805895366,161.42018628096847,0,3
0.0029010750547974595,62.12327601723458,0,3
0.15104666559335586,335.96813714986376,0,3
0.0015559274206326766,20.30151030590513,0,2
0.0008809644844677927,19.223283308506915,0,2
0.001223536618655447,33.85762900975153,0,2
0.0033778626417761827,77.27346879873085,0,3
0.0011892745406779817,23.07415854205078,0,2
0.0019570972380086146,22.684079400458977,0,2
0.0020034634276883184,77.22464435466955,0,3
0.1811712682938848,504.02166234246613,0,3
0.001537284883076989,17.818170539306752,0,2
0.0011977255699409236,15.627745664328254,0,2
0.0010013579917036153,22.90750505105832,0,2
0.0025135982826721835,109.6753650268078,0,3
0.00030521709516626304,6.982280270510847,0,2
0.003100511140919013,85.79715093872397,0,3
0.0007619004685719024,25.19343013649081,0,2
0.0005033215824838987,12.230555509379162,0,2
0.0011844281043544484,36.216455360584035,0,2
0.005777673482966683,129.14851784301334,0,3
0.00034702503062832127,13.376278399732069,0,2
0.0014425336736319176,16.7199399983815,0,2
0.0014026728038992688,18.301866787973108,0,2
0.003121343943426522,69.77149974989793,0,3
0.0018817372912774597,22.743041530707263,0,2
0.005927789982221709,122.38549562935175,0,3
0.0008375578868373017,36.545007053516876,0,2
0.002052820494661403,23.793576625334627,0,2
0.0021428682749727607,21.612365302622827,0,2
0.0005355272246971217,9.7610263278261,0,2
0.0007622370397415574,41.375408546875484,0,2
0.0009630972527930304,52.27841239281158,0,2
0.05540745030075719,163.64571418108687,0,3
0.001975187730275685,26.04866677411697,0,2
0.005442507185092035,105.59485582149327,0,3
0.002950524645261286,135.40074334314124,0,3
0.0013436303976059043,41.08441038938376,0,2
0.0051565848248276295,125.30338283456003,0,3
0.1965305899160735,536.0855372487222,0,3
0.0013478328508230255,17.48241001952257,0,2
0.0015646188781928974,30.356543269418147,0,2
0.002422037905080118,28.073055892543696,0,2
0.0015599073570491614,25.981045977112235,0,2
0.0002520059368727921,7.7056274921220425,0,2
0.00514382863272314,112.24206746198485,0,3
0.0028568320749705767,62.33814564632066,0,3
0.003348004017586322,43.68426005346861,0,3
0.0008877569763287619,52.94655403188405,0,2
0.003860939755647056,70.32550500580096,0,3
0.007750753475573855,100.53312629787914,0,3
0.0009300422739021729,20.294196230748366,0,2
0.001149333892794945,13.891072137248017,0,2
0.0003392726922108661,15.569358078455227,0,2
0.005319916741992009,109.83530947085883,0,3
0.23578553786433207,637.9213316444049,0,3
0.0006956388332968396,12.67078881033919,0,2
0.00478149564575141,132.31324932758915,0,3
0.0012367093400163403,17.378160758188923,0,2
0.0018370085232689674,35.64141370153481,0,2
0.0013915827309127523,19.554431767938166,0,2
0.00035498727960560545,11.738209381666424,0,2
0.0041970080083114335,86.65167065602388,0,3
0.0011434374554435437,22.184833045179406,0,2
0.00048709393538144154,10.628742568833186,0,2
0.001907747411845798,24.892005391165814,0,2
0.000711339005381946,38.61258431233572,0,2
0.005420426316247485,76.16748483554105,0,3
0.0022304312870622916,97.31999232419616,0,3
0.00044180299553407,20.977058884040993,0,2
0.003300837406694171,109.14734932941853,0,3
0.003467379383560532,106.02263674870538,0,3
0.0006006129216923368,19.467038182943963,0,2
0.0012829600949686975,35.50199174054966,0,2
0.0035503767318031173,46.82217238986681,0,3
0.003848996701776915,148.3617805591708,0,3
0.002882861011432655,88.14972115865496,0,3
0.0008763452654371047,26.796155097535763,0,2
0.00044279464504462935,12.252985804299392,0,2
0.0037674053917917984,112.58106333419853,0,3
0.00076655331448984,15.826304170951746,0,2
0.015583172645971413,160.741775861403,0,3
0.0014090048206782614,29.09039521306126,0,2
0.003909103099277373,85.29946176544038,0,3
0.000722004903737116,39.191545815064885,0,2
0.12977695916745596,313.11422595351286,0,3
0.004672729259788436,60.60882755599776,0,3
0.0019326200986951923,25.216540521604742,0,2
0.0018887507332344536,60.43794813333333,0,3
0.001401683866870284,30.015491535280773,0,2
0.07234885771809944,209.99961523915064,0,3
0.0036835649340366556,51.76121948433799,0,3
0.00045143506246837214,5.890257766279326,0,2
0.00043621036970125065,7.265304327008279,0,2
0.0011705266410961246,38.705293370709434,0,2
0.0324633793389333,289.99766372392355,0,3
0.0008093885883839499,24.18689215908697,0,2
0.0003889470122094134,23.197118745997034,0,2
0.0024054107425335613,104.95483826728054,0,3
0.001282270230729685,41.031238444601115,0,2
0.0005569842827952893,30.23397060664655,0,2
0.0025228879610244654,61.30538074480688,0,3
0.0002651510425516104,8.767633754921734,0,2
0.0008201288941586635,16.932428694773236,0,2
0.0009028871153666255,39.39550509660763,0,2
0.0011736772844330228,35.07290109541961,0,2
0.0039940306808397405,91.36919938069329,0,3
0.002714265750797322,101.49191389080102,0,3
0.00122231104226755,20.358208610259382,0,2
0.0034507219528463287,78.94023038667851,0,3
0.0004577042112048097,17.114490862735085,0,2
0.0006861801674255207,32.58022675863963,0,2
0.0011600145110265698,32.099849208784505,0,2
0.15002753563361382,330.8991300519952,0,3
0.0016988359030821673,19.69065602130122,0,2
0.0002891844799041525,17.247199513707088,0,2
0.0010996953228772882,35.64327384055713,0,2
0.004532134311674896,45.709828965438405,0,3
0.004066261365295201,124.33475082132202,0,3
0.022152522659026525,227.8426907879114,0,3
0.0009044917029370614,29.316343157617478,0,2
0.0013047635408748963,43.14404632574381,0,2
0.06525519065627029,171.07628771467438,0,3
0.007726172698136515,77.92399966600841,0,3
0.000968959433763689,42.27842624129496,0,2
0.0014066433373006834,30.12169304493752,0,2
0.007064059261462971,93.16042366706117,0,3
0.0010235973927100266,44.662434112826766,0,2
0.0014516540097319775,32.44886792762935,0,2
0.0031902235403810566,105.48972890780358,0,3
0.001232941061189268,46.10217255915187,0,2
0.004373588160590815,144.61953012859914,0,3
0.0007578746084217626,34.779165632799334,0,2
0.003573982313241326,114.36350698709008,0,3
0.0018810444397126013,24.543588969698057,0,2
0.0012035553853130747,15.611022326989117,0,2
0.10071723108193051,626.2097973939217,0,3
0.0008582958358585358,46.58962896210035,0,2
0.00017590990806455698,2.281684362718434,0,1
0.001878822588430218,24.777808601955925,0,2
0.0031307606497875777,100.18090076169665,0,3
0.004484443725629667,96.0293443254254,0,3
0.0037644306667907208,104.16909065557239,0,3
0.000759004402327979,18.44356728897566,0,2
0.0014816292946720475,57.11024906430635,0,3
0.16235411238740577,438.48227481006336,0,3
0.003006320837985608,54.75895624415629,0,3
0.002931426394620807,159.12237057340343,0,3
0.0005333846723803731,11.42183590557313,0,2
0.0012809779929690273,42.35753999828626,0,2
0.004746375691695228,66.69576845594938,0,3
0.0029754442548017117,64.92634934457865,0,3
0.004792341188338802,57.92116422463861,0,3
0.0006521970744092576,21.565915899948926,0,2
0.0004675271349872605,4.715346877941795,0,1
0.002129295986641088,65.10783792291738,0,3
0.29453040992846624,653.6619408366942,0,3
0.0010167175368123377,21.771868351529225,0,2
0.0012062149408525885,26.962560669181396,0,2
0.0016805285766459414,27.990053395403763,0,2
0.0006848315632031886,40.84391599356952,0,2
0.0007451833504522758,20.620667202901032,0,2
0.00037927313251338195,14.619299941712711,0,2
0.0005975722576803951,19.368484321906163,0,2
0.0006297541954132778,14.406533459439054,0,2
0.0012067237062363839,26.3315855395548,0,2
0.0004765633670099994,22.627501200305186,0,2
0.0002492854698268079,8.079829095081408,0,2
0.10194005024581904,278.0192787566814,0,3
0.001699723542079445,20.543188088699974,0,2
0.0031821653839262504,72.79661240988958,0,3
0.0001488524725712899,8.877683523668185,0,1
0.00047932370537192545,8.73660776131905,0,2
0.0007897789431761579,18.067329845990002,0,2
0.001556132633235161,30.191894187239143,0,2
0.0006304235298942915,20.1728602569678,0,2
0.003462284112902108,112.21939221046492,0,3
0.0031204748583460156,75.82655363649923,0,3
0.0012210457958392053,26.14732937679846,0,2
0.00016990708210622832,10.133397701180893,0,2
0.0016804202884374462,77.11515189298714,0,3
0.00026242524745892563,5.418046872820985,0,1
0.0005204960483342495,12.647889605982046,0,2
0.001007132470701049,22.512463926193558,0,2
0.003571082763146593,36.01693398723025,0,3
0.0003003384610968632,13.104612053350966,0,2
0.0005229056541512654,19.55250535381201,0,2
0.24163740228572117,653.4420772116706,0,3
0.0009227176516975676,12.039483119181515,0,2
0.0019531879298108957,85.22308462919274,0,3
0.0022025292345956974,29.046833985864446,0,2
0.001027958182245544,30.718389232131997,0,2
0.0017763339485579632,32.35522693887556,0,2
0.0007218291995489843,26.99066108135178,0,2
0.0007466583177823998,35.45176392352585,0,2
0.0009903892671049754,20.447634225260483,0,2
0.0006487474670437114,25.006342379930555,0,2
0.0016698463379014043,21.787907449049648,0,2
0.0016461417315850081,40.00072423896115,0,2
0.0025364880887345084,151.27822954069066,0,3
0.0009535273836712116,51.75894505652255,0,2
0.0036760538977604847,112.40331211484187,0,3
0.001085121898408246,49.79667324533938,0,2
6.353505722134923e-05,2.915648913469043,0,1
0.00010179409108520578,1.8553955005028562,0,1
0.0006648652913284392,8.675063749730956,0,2
0.030931856905092453,133.8546305400795,0,3
0.0007172277484872386,22.950499872805793,0,2
0.0008340170694028547,32.14766522824646,0,2
0.005523236908127836,134.21291267292364,0,3
0.0015283590771735403,32.72809941531366,0,2
0.0006117217338461107,10.188534864223822,0,2
0.0005557417926748974,15.3784522299611,0,2
0.0003134218468280587,10.158614374094443,0,2
0.0014253296661752238,25.979408246212962,0,2
0.0010935491786464085,33.43763531737261,0,2
0.0013218034281543382,39.49934238152944,0,2
0.00037493322148339275,17.802043770963518,0,2
0.0017229132982187034,66.4106790621032,0,3
0.00445153187945741,99.50523269578183,0,3
0.0013732464745391882,31.414989257074208,0,2
0.0024553395318465915,107.13337181856532,0,3
0.00010003086300223505,3.0586603537034995,0,1
0.0016131218343805843,18.697172047995164,0,2
0.0003285272746891368,6.374045825653949,0,2
0.0037498271234847422,49.45251314748006,0,3
0.0014060619137617205,18.346087390996114,0,2
0.0033293969031341917,101.80352346987377,0,3
0.002064787702559095,57.13667654178287,0,3
0.00358746289745514,134.14253021024408,0,3
0.000697632986538464,26.085915491637202,0,2
0.0003023595357856695,11.305837669361354,0,2
0.001042113542466859,12.07880011402262,0,2
0.00022930733400791903,8.57426734682277,0,2
0.004858501624654507,68.27135491355834,0,3
0.0015923498643734821,29.02367654240271,0,2
0.0023853948765659963,51.08056204266404,0,3
0.0002647178267908148,9.898337653238706,0,2
0.0014693364815913706,19.37752842494874,0,2
0.0013324684309893233,17.385850538596053,0,2
0.0007759773254608946,18.856003961190474,0,2
0.0025368306941974347,94.85725644049234,0,3
0.002266100388264778,51.840307383041576,0,3
0.004842782613391519,88.26914190214683,0,3
0.0005683764117073582,30.852353030197285,0,2
0.002668391138361353,73.8395531756364,0,3
0.0020033985475439936,20.205712951168294,0,2
0.00034644297551870285,13.353842752435543,0,2
0.00047025798086946944,6.099601171979699,0,2
0.00038993169153176267,14.580338586452275,0,2
0.002128711702291401,51.72702213534198,0,3
0.001196660030073542,27.37532022555914,0,2
0.0025899604843003235,26.121611281387825,0,2
0.0003276445218838164,6.7645677936052575,0,2
0.001317589344415153,17.191710422918195,0,2
0.008012175640570442,105.66413014715648,0,3
0.0005073170925110043,11.340074991669601,0,2
0.0011461668525070596,37.899798877303205,0,2
0.0009062354641718908,34.93136458348699,0,2
0.0024802976244779206,134.6344013476621,0,3
0.0013314468670761759,17.269871434889666,0,2
0.0018568142524994365,33.8211441445057,0,2
0.0022601457086298834,29.806676865511434,0,2
0.001392422622730839,18.363192699255556,0,2
0.08056265813295248,730.230256876364,0,3
0.00021656826809334108,9.938403507820324,0,2
0.003057585510310097,55.73044896568238,0,3
0.0036899374512279334,122.01355061479245,0,3
0.0016533225996519859,34.13459424177836,0,2
0.0018062313192160088,23.567438465093606,0,2
0.0009053743819498185,42.98769341594239,0,2
0.002174345269635797,47.445789093270626,0,3
0.000905143863495374,15.075628835971429,0,2
0.0003801763500471848,20.63656183435481,0,2
0.0006306072527225972,14.426048372970458,0,2
0.0007829584469101974,19.025643007825522,0,2
0.0015478944009002453,21.750913383729742,0,2
0.00021613045075461476,9.918311896924186,0,2
0.0006624908522893152,14.808678944900688,0,2
0.10374661236882216,280.000932557251,0,3
0.006907115975102837,80.05814129441929,0,3
0.00024245934541277528,5.005829701677318,0,1
0.00020444566371933092,5.657407656885829,0,1
0.001395650215475288,29.886287642267643,0,2
0.002534631167662869,61.5907369577082,0,3
0.0012444042776301178,24.143778925995065,0,2
0.0009663347755003317,45.88212776344517,0,2
0.0011384367923172327,26.04337987651123,0,2
0.0015865785857668625,22.294501081872856,0,2
0.001117727546576387,23.93488468118213,0,2
0.0066171967452613705,76.69778152193526,0,3
5.3319471995867814e-05,1.728188255279779,0,1
0.002668949843957624,116.45379072391323,0,3
0.00024694899477023204,7.9020964889014875,0,2
0.0012294481797558423,45.97156662214371,0,2
0.0003572704730424433,13.771194840807183,0,2
0.0002892012265908434,5.611046671451056,0,1
0.0010698906662785378,12.93090590768392,0,2
0.0003485671914156775,11.525919128601963,0,2
0.0017140594062295244,22.364793009658918,0,2
0.0006282012347868105,8.284683213259168,0,2
7.643944898885973e-05,3.629388751800134,0,1
0.2124363280948202,1495.7890467674624,0,3
0.07944384674558784,219.03385384802223,0,3
0.006844126876220962,79.32805507660125,0,3
0.07173483203784593,205.87972095743856,0,3
0.0013579671391559592,19.08206761685681,0,2
0.00024067386908540968,6.659912296527677,0,1
0.0020925892029284624,63.985448485456786,0,3
0.0016876549539978445,21.890159346726602,0,2
0.001470212777856473,24.487137396341613,0,2
0.007560343670016293,98.06336731369784,0,3
0.0010277502198392122,44.843633644361475,0,2
0.00033288853070478176,12.447378847705098,0,2
0.0015073740439448466,21.181523912521566,0,2
0.006332216732924287,115.41697862052155,0,3
0.0015664796061059987,34.181719917308236,0,2
0.0009545497357479652,56.93012897392745,0,3
0.00031946939440907155,19.053416648509828,0,2
0.0009120730258929896,54.3967831671351,0,2
0.003881134260650941,46.90814073005478,0,3
0.000923480418680883,50.12794920188653,0,2
0.00617940520797612,80.62796300812,0,3
0.003933367322999415,65.51222212134101,0,3
0.0021458819327477155,24.872221574432206,0,2
0.0014098230179440717,76.52737967968976,0,3
0.005339305197929927,114.33524617115212,0,3
0.06320296540368567,189.19814656662595,0,3
0.0035884480480982634,76.84259950354124,0,3
0.0005004913794147197,9.710472260645057,0,2
0.006364093017458974,73.76413829434391,0,3
0.00020020998228377187,7.717208342534461,0,1
0.0012183830622357885,33.715020117890674,0,2
0.0021833530983625775,103.66685371528499,0,3
0.0009795463689446608,29.271703024370858,0,2
0.002648881068504382,102.10263667707515,0,3
0.00031722868413357414,3.8340873465305028,0,1
0.0006331388946391978,15.385075199471286,0,2
0.0004733451368119692,28.23069210403287,0,2
0.003157291700797017,70.57504110575105,0,3
0.0005975871921844128,6.926439347490862,0,2
0.0005210437775088505,16.672828365418283,0,2
0.0008096486558924055,17.337719975155377,0,2
0.003485229450287465,104.14882304195392,0,3
0.002376631954702452,23.970039873574994,0,2
0.0002481947972523917,6.03105519527685,0,1
0.002753418876583888,76.19243544526593,0,3
0.0038140678590745623,142.6157503601689,0,3
0.003725850618230669,111.33928547713103,0,3
0.0009074653621333773,29.412725261676503,0,2
0.0025785572647038877,85.26402723314186,0,3
0.0014340001292832175,32.05425018038961,0,2
0.004926114010740398,69.22143984995077,0,3
0.03362844414172015,169.95614356769445,0,3
0.0016358639738683226,52.345849701687214,0,3
0.0005536587797789857,16.929316696507982,0,2
0.07877849616969888,360.9529156436519,0,3
0.0007166634435139732,19.83146611665091,0,2
0.0004813535850297654,13.319986386971488,0,2
0.0010737714890030042,10.829756519760494,0,2
0.0019985450479641114,24.15480271211521,0,2
0.004164365609917546,124.44339265913406,0,3
0.00548249573474613,133.22291502548885,0,3
0.000985354963730662,32.5823023641442,0,2
0.0004726611306704097,14.124493425516663,0,2
0.018354539544219138,169.0621506313384,0,3
0.0015452154955468418,29.98008122292388,0,2
0.12274252403495624,294.9456104092794,0,3
0.003369453211850257,111.41623819977075,0,3
0.0037126407260502066,61.83590901351831,0,3
0.0045662422684115255,102.06935764301103,0,3
0.0006618945858208905,25.513105596980004,0,2
0.0011743635246244022,26.865255577921822,0,2
0.000300180552900893,4.218117981323589,0,1
0.0022468745954538037,103.1099641590432,0,3
0.0018181620527156482,33.139543325456586,0,2
0.001025551993906045,38.347473759883805,0,2
0.34171949530823653,730.5982871479379,0,3
0.0005336582551341983,23.285011107339997,0,2
0.00639761905508814,124.12581899263881,0,3
0.001338914728081114,15.518926404055472,0,2
0.1694739364955066,532.6106359201806,0,3
0.0011602214816268787,34.67080245447389,0,2
0.001154724527560215,25.811593834617444,0,2
0.0012601262232050578,40.84315274693301,0,2
0.0017229069123447084,79.06487987388132,0,3
0.0016541106649407794,52.929723766823166,0,3
0.004928472039596074,69.25457472101583,0,3
0.000288596270022105,4.055336377253829,0,1
0.0009746218439728472,36.44309192477894,0,2
0.0007537362030451195,18.315551710057893,0,2
0.15144365919342673,320.45916038892454,0,3
0.0008511982831700127,31.828034095081296,0,2
0.0006562723142054395,14.669675766709576,0,2
0.0014469551486386647,28.073646042983295,0,2
0.007018947768680611,116.90412502060732,0,3
0.000711491299934026,9.997830361775183,0,2
0.0006113648550313645,6.166053571487429,0,2
0.003919291351606336,76.04160933933576,0,3
0.027994994668245204,296.56190611585384,0,3
0.004277958624052889,77.92134031369298,0,3
0.0013599270722975544,19.10960847234149,0,2
0.09990798526967513,384.6768631619197,0,3
0.0012070808173648433,46.52762088894276,0,2
0.0010638883257484927,21.96510005103292,0,2
0.0011643712036093078,32.220407334243774,0,2
0.0005375284324863086,24.66739243937902,0,2
0.001619556003053456,87.91201135227129,0,3
0.001325323752048864,42.95633203028867,0,2
0.0007278827726864253,39.51060565666629,0,2
0.0003097842629882039,11.940811699039012,0,2
0.00035630710776770203,15.546681574163586,0,2
0.0007337082993327838,23.477859391288202,0,2
0.0029364161516962895,35.49009460514604,0,3
0.002393138362964018,31.56057665086078,0,2
0.0015369621505720472,29.819950837603365,0,2
0.0007704035595771208,36.5792015832491,0,2
0.0004885879108229961,14.600432077877992,0,2
0.0035404096772688218,58.96731378774787,0,3
0.002753183292981141,27.76783051386714,0,2
0.0006078049614668277,18.58495350961164,0,2
0.0004818474915273901,4.85977795680175,0,1
0.0028116420571403524,122.67985344649816,0,3
0.0007293489081936046,9.61861314769788,0,2
0.00678965899351306,95.40785507530342,0,3
0.0006449133539945545,8.41473382943048,0,2
0.0005919217047168946,22.815960851012466,0,2
0.0007961328750874946,13.259995690171536,0,2
0.0008763535849879812,15.97325032427702,0,2
0.0006446018836112874,29.58103547500727,0,2
0.006946303060438613,90.63433248839628,0,3
0.12399676497383937,340.5717838477151,0,3
0.0026171580106640253,83.74618064839984,0,3
0.005036525723340274,83.88588321715837,0,3
0.005984994009477302,109.01432107495974,0,3
0.0011623010279716431,28.243547934228314,0,2
0.007639983296350774,99.09635341470495,0,3
0.0013392711754765271,25.463364610101483,0,2
0.000932917979677365,16.80581817450333,0,2
0.0004991920998749244,31.205714778073325,0,2
0.005307568393535343,54.82089718078375,0,3
0.0003473403927897091,25.78398086074461,0,2
0.008337196575796079,86.11336913046522,0,3
0.00032191693894483703,9.361268322045882,0,2
0.0021863686565886326,28.928366560031208,0,2
0.002981293295159723,144.72348201229124,0,3
0.0005121377700948125,28.063961984554997,0,2
0.0027268294670845686,120.64366055958376,0,3
0.007990429594887905,108.00077583820583,0,3
0.002001162632826568,125.09755334703979,0,3
0.0008938689421910537,16.99499788051359,0,2
0.0006326396149362506,31.158403072117622,0,2
0.003094538790978844,123.28209092144398,0,3
0.0013691386384526046,67.43203010266015,0,3
0.0012752700751419211,78.16312260256201,0,3
0.0008485489520242233,52.0087760735417,0,2
0.0009403435619404665,15.979554963851454,0,2
0.0028854502901433997,38.32878800150971,0,3
0.001954980110423963,119.82352055083936,0,3
0.0005680659844462109,37.00936667761468,0,2
0.0017257521518633967,52.15516711709281,0,3
0.005286721847992255,71.4567413983912,0,3
0.0007680478782414677,42.08724237092741,0,2
0.001022913372571733,24.88658283099381,0,2
0.00042185409143501287,26.371127384793677,0,2
0.0005910168148373595,29.108420820212462,0,2
0.0018153367312938294,30.848590078872373,0,2
0.002980276145557888,107.23089303507771,0,3
0.005707874213536975,75.52224874343999,0,3
0.0006701435567566546,41.8923069851295,0,2
0.0007421423066577869,21.581322463295702,0,2
0.000698528048482824,24.228154290631704,0,2
0.00022200628323390921,9.8222683155917,0,2
0.0005477590982536144,21.821955229906806,0,2
0.005440903525994928,56.19809122618808,0,3
0.0020790155772199095,152.48104536922992,0,3
0.007351970235548494,99.34941187832571,0,3
0.0009644378886974242,30.391961573179096,0,2
0.005614288878061302,74.2839987890577,0,3
0.0011394111786193737,33.133807146514485,0,2
0.00023646022433525382,5.752869321045074,0,1
0.0020747746623822807,28.0370616152737,0,2
0.03330319570924577,119.06305352484283,0,3
0.0033950163768216354,106.98584996907788,0,3
0.001967430235951534,70.7885078031266,0,3
0.00022192776748506895,8.841291403050437,0,2
0.0009037714848204415,17.18327345767552,0,2
0.0028232560356170953,112.47456593276932,0,3
0.0013062284416915323,41.162676281103145,0,2
0.0003278169643110858,24.33470598031425,0,2
0.0009612497529857299,12.989660535560287,0,2
0.0004380780054359408,17.452414122026664,0,2
0.001343311270430377,24.198745714410332,0,2
0.0009934336935108834,39.57700684989472,0,2
0.000245805583492221,7.428663073958071,0,2
0.0013406711134540557,17.738740120322372,0,2
0.0074313997181028185,98.32662687125196,0,3
0.00048194208872879803,8.189794036918997,0,2
0.0008117661714219334,12.76430640359414,0,2
0.007672398760382595,79.2467948383313,0,3
0.002271671391734425,147.9988624731804,0,3
0.000895283521652639,16.127861620511027,0,2
0.004643010259635545,83.64034985452179,0,3
0.001307664095521913,39.519834503075224,0,2
0.00010558079290420252,6.878564085322241,0,1
0.00014639182542608298,5.077539464612596,0,1
0.003961880348622459,124.84921706621536,0,3
0.0006349570440296259,30.823265355807933,0,2
0.004367333340748615,106.25337965994716,0,3
0.002990552982797247,90.37960081457685,0,3
0.0007551383336415496,10.206650960373226,0,2
0.0018159090340003929,57.22404545539721,0,3
0.001821247736236276,24.09736434507572,0,2
0.0006982233674737541,51.20973124982049,0,2
0.004341918129529931,105.63504992047879,0,3
0.002832422729613734,137.49673023649848,0,3
0.0034333264555428777,82.7407220290459,0,3
0.0007085102078946963,17.07459134027707,0,2
0.0018397390063713912,44.33639961222363,0,3
0.0003211246317908401,19.682186898784323,0,2
0.001779772704838924,23.548598286005223,0,2
0.0012903382784295028,24.53301068197068,0,2
0.0070280407834182445,94.97205458114843,0,3
0.0008552433215780294,63.486936424921595,0,3
0.000517752820926056,25.13372004953665,0,2
0.0007086751452233131,38.83375430651038,0,2
0.001136166190913723,83.32973086010483,0,3
0.0007835925311052076,27.178580424706325,0,2
0.0007846754837937737,22.818177178254665,0,2
0.002505957543303024,137.32066122978037,0,3
0.0021805362528484027,28.965084600670487,0,2
0.0026462430429163145,145.00798124018075,0,3
0.0023633457468023845,85.03362192057311,0,3
0.0012746194783029208,56.39324407309634,0,3
0.0005446077700342918,21.696410727704922,0,2
0.004645665450565161,83.68818112903227,0,3
0.0005204129015803956,23.024731911900723,0,2
0.0005176853479865447,8.140145074999575,0,2
0.0004696312051782483,14.89763752176316,0,2
0.00200358806578108,146.94897244018918,0,3
0.0009183061046490202,45.227885002306806,0,2
0.004374758552511125,78.80799640744574,0,3
0.0013227870234521146,25.78246334122562,0,2
0.00392648827423381,61.74056173669932,0,3
0.0007410540708330968,10.016284310825965,0,2
0.00019832730903046107,12.155763765929326,0,2
0.0007237322379839783,22.958228553418795,0,2
0.001885977682467341,25.485790552142962,0,2
0.0012167639694757137,38.59817739306914,0,2
0.001301726284216876,37.853891964666296,0,2
0.0003421907080184088,15.934493524393387,0,2
0.00056017012921376,7.569749482948066,0,2
0.00013519851128111193,9.915851789852647,0,2
0.000366084544584013,4.947011894350114,0,1
0.0014978710919736483,93.63557252240658,0,3
0.002101522664410256,27.805748946807974,0,2
0.0013718502528173807,41.45964941608836,0,2
0.0013009621168483512,31.65126427033889,0,2
0.0015031082463240085,33.40882346416161,0,2
0.0012497944698172888,24.35976429375461,0,2
0.0022626017272701737,55.04711035079381,0,3
0.0010282855160238886,29.902299204027077,0,2
0.0005267834101455038,25.572099701274713,0,2
0.0010626379082460545,20.711892714861044,0,2
0.0008622101056488202,19.16390604541218,0,2
0.0007055724791944978,22.234435131674392,0,2
0.0024880118896824103,72.35079633926486,0,3
0.0003904052814063881,25.43481322250246,0,2
0.0009797079994463558,71.8546323312977,0,3
0.00263112757589611,91.25956360035013,0,3
0.00013618148423080018,6.610774798803361,0,1
0.003788605007889454,84.20739903035133,0,3
0.0009512348334923315,30.175064159258408,0,2
3.983810408323228e-05,2.4417342446969728,0,1
0.0009176021769154032,27.731499469582715,0,2
0.000792496526070206,10.485711060037266,0,2
0.0004805764947766298,21.262241811819244,0,2
0.0016168627962754578,39.33685000587839,0,2
0.0009479757986395815,12.810285549626165,0,2
0.0033303988237019196,44.23924782561556,0,3
0.0010380436452956793,56.88238419613862,0,3
0.001585465016043808,70.14604526376569,0,3
0.0013497042885241312,13.940847209009512,0,2
0.001302729940226694,51.8989360887325,0,3
0.0012387651916097276,42.96605448753488,0,2
0.002832702348092854,125.32781557294625,0,3
0.028733662555059814,111.51475031435922,0,3
0.004857858202041099,117.07092242938138,0,3
0.0019990131198355794,109.54128259531902,0,3
0.0052915646926309096,71.5221985771358,0,3
0.0011998072825920932,21.613628930874462,0,2
0.0004190338620491128,6.588937549968661,0,2
0.0018859212711728548,29.654447063419042,0,2
8.638345872674397e-05,5.294565446884209,0,1
0.0008651803187863336,42.611364300233156,0,2
0.003372999521260451,106.29204123756746,0,3
0.0017538228534462344,27.577316063565952,0,2
0.0009261802464226289,17.60932792490043,0,2
0.0055558996613248165,100.0853682081468,0,3
0.0010632508177780301,33.728434361518445,0,2
0.0019493381750388167,30.651621891109258,0,2
0.0006852818304109293,30.31906084839971,0,2
0.0017543741759490563,18.120608004499562,0,2
0.00564124862682156,101.62286585184778,0,3
0.0006289350784949559,19.007488467731484,0,2
0.0013827778677895043,33.64176954407279,0,2
0.00014369602681502255,10.539084278271325,0,2
0.0038984385005950755,135.21571494530883,0,3
0.0005108357634093307,27.99261503797413,0,2
0.0022247398959418393,29.552262300737024,0,2
0.0013932897090383983,27.156632330155166,0,2
0.0007332634258744237,44.9427616736156,0,2
0.002179858408862126,22.515356344056073,0,2
0.0009771101508625729,23.547658642759547,0,2
0.00048338591557088904,14.056747910156792,0,2
0.0063289308956482725,85.52476984481581,0,3
0.0007462134259379456,46.64761990268468,0,2
0.004854670971569204,65.60264669681403,0,3
0.0047980492822037295,49.55816804704777,0,3
0.0008078395838831873,10.73091165550722,0,2
0.0007696703760552523,10.183692810371568,0,2
0.00013080516906008633,6.442341082136241,0,1
0.0037191750083286953,117.97964135081637,0,3
0.002754586410258649,133.7182549075607,0,3
0.0007172437328557708,31.73315767988096,0,2
0.0011682312519073336,36.81402372578668,0,2
0.0016814727188003053,26.439674068280194,0,2
0.0015753554814104417,21.288258189710636,0,2
0.0005400719673122055,26.217177549605438,0,2
0.009175454840713507,87.62218632542663,0,3
0.00022094786040628372,16.204958296606936,0,2
0.0005088793528116246,24.702967662600912,0,2
0.002408963419432105,86.67495431239114,0,3
0.0011278348799446574,35.77716949077002,0,2
0.000915047629675107,28.835545269042623,0,2
0.0007234889427519195,25.09391250735228,0,2
0.0004542570207115046,13.728420273872885,0,2
0.003437649310291197,99.96602756043939,0,3
0.0003284625337044488,7.9157130992656075,0,2
0.000892504165421364,12.060680483284525,0,2
0.0014600358840704596,32.45147594761885,0,2
0.00021148725489138998,13.220583733180037,0,2
0.00032486534714804385,11.267819197064028,0,2
0.0002575706218305723,11.994064448449123,0,2
0.0016303080116253307,39.66396027196467,0,2
0.00018493019244150452,3.516050374099009,0,1
0.0007426876646424837,40.69756148441454,0,2
0.0023153009183296963,31.287366132847495,0,2
0.0009686964402353239,30.526159675736068,0,2
0.0008654362176848363,54.100527180727106,0,2
0.0012679791569793586,43.97932870315716,0,2
0.006357973562310127,114.53412837368181,0,3
0.00013457042640064776,9.989512797140314,0,2
0.0007880194686034895,31.393591852669566,0,2
0.0019569841279557906,30.77184775074166,0,2
0.0005099344143233564,6.747064185478031,0,2
0.00011653620527615379,7.284962210094733,0,1
0.0003218407602932387,23.891076810730834,0,2
0.00013109958280830633,8.03528049778005,0,1
0.0020561726061948103,21.23782845030224,0,2
0.0012454167873318168,43.196762313489344,0,2
0.00041479958800756515,19.315607332832702,0,2
0.001018456999400771,29.616488269013,0,2
0.0011032872525463017,81.89988263409417,0,3
8.897540250976033e-05,4.3821654373989505,0,1
0.001082599491459884,32.71799912693333,0,2
0.004257893395036435,153.19980058842754,0,3
0.0006444659759497426,30.010279881447225,0,2
0.0013694698609646749,49.27378169125215,0,3
0.0031774763818523317,57.239855475458384,0,3
0.000848209699385447,24.66573711633634,0,2
0.0010770219292042973,79.95013936089667,0,3
0.001653109783079452,28.091816341558637,0,2
0.002858795797317489,175.21967366524188,0,3
0.0004065172858119587,12.89553825125174,0,2
0.002382098198528295,148.91076396293406,0,3
0.0010306123837002736,32.477293073341784,0,2
0.002629379170267384,27.15837356294689,0,2
0.000554858355331188,9.995357400577442,0,2
0.006974700865372162,94.27191564037133,0,3
0.0005269001422911943,25.577766330121502,0,2
0.00651519155002063,123.87237251171256,0,3
0.0011231140826869622,19.08543211370244,0,2
0.0030475133381980784,47.91945684267923,0,3
0.002584791159152346,102.97445927144709,0,3
0.0034649489666817275,83.50280202285944,0,3
0.0038742156475862384,51.26067374239273,0,3
0.0020482982219949364,90.62326720539733,0,3
0.0006240095626810433,8.256419754190802,0,2
0.0034065465596202814,45.25075387608534,0,3
0.005628556493331216,95.64783712319753,0,3
0.0014238998754761666,31.64829924043317,0,2
0.0038749105503723164,86.1256684828942,0,3
0.004555525578156205,110.83193130466681,0,3
0.0009193539663004121,40.67516109213811,0,2
0.001011254672805422,55.41441063614773,0,3
0.0008714144709773348,38.55416442880855,0,2
0.0010571152397170936,17.963892942836733,0,2
0.0012417596255517107,16.783954025443876,0,2
0.003952920170008951,40.82898497697219,0,3
0.0015109321026754738,15.606139630495557,0,2
0.0020939201514911404,21.62771589895718,0,2
0.0062928176876960815,122.65341167516655,0,3
0.0016363934988705012,21.736981475476767,0,2
0.0006159449573205095,21.363794185373806,0,2
0.04697800018666859,148.56785467170783,0,3
0.0011676575537473651,33.955205043639744,0,2
0.0014574430634140645,27.71014922274493,0,2
0.000862516029562495,20.984256524871732,0,2
0.001673163074261162,53.07606632672753,0,3
0.0023769132092329288,110.68362539677628,0,3
0.0021750824559002694,34.2012514164777,0,2
0.0006433187312927965,31.229173925148825,0,2
0.0007417655178539951,11.663607924094938,0,2
0.0008926854562164817,65.47214606819615,0,3
0.001113792103208561,72.56329630520308,0,3
0.0005366547356991509,7.100607147700554,0,2
0.0054224183205867724,103.09563686119598,0,3
0.0022632787639701108,30.59107893313921,0,2
0.0006096566519095825,19.339523678869384,0,2
0.0003372627095844297,18.48121426161011,0,2
0.0035517045904817205,63.98129616692263,0,3
0.0003703690599842396,12.846096515757921,0,2
0.0027306980046767466,49.19147787455799,0,3
0.0003722733513127104,14.83084887413776,0,2
0.0006429226496295332,15.641742695865833,0,2
0.0020246871395412794,34.40614764686544,0,2
0.0011364308695396468,21.606791899307826,0,2
0.007655972729254281,101.29800608788231,0,3
0.006092789326841105,118.75465564754093,0,3
0.0005522224349558621,33.846501010804985,0,2
0.0018531134486943508,91.26847957284315,0,3
0.000476094209121924,23.111450262836804,0,2
0.0006031216239658391,21.700428815302566,0,2
0.00045312163550297014,28.32573776873202,0,2
0.001689135157134846,26.560159146550205,0,2
0.0019388595199387314,25.754779334891015,0,2
0.0007507798129697836,26.040484968973733,0,2
0.003125671102799303,99.15251496986868,0,3
0.0001580893805629238,9.68952371420442,0,2
0.00042875286651630155,27.933149467573315,0,2
0.001370528514110675,18.52036902720307,0,2
0.0005504031716809886,40.85785914599278,0,2
0.001777338023127921,34.64212425268087,0,2
0.003581342808177402,112.85748339223206,0,3
0.0005956029007531479,17.31999125493208,0,2
0.0016114444112111897,21.775938884293186,0,2
0.0010801857814815782,32.64505270345369,0,2
0.0007603759256589792,10.100429647182146,0,2
0.0001384101984169915,10.15140625959485,0,2
0.0004726876055241464,25.902184464043962,0,2
0.00026566506077419123,5.051050474711395,0,1
0.0002714317039953502,12.639521261916592,0,2
0.0071875416726646345,74.23879520792887,0,3
0.001581387406260136,28.487508861441754,0,2
0.004035471212637615,41.68163950434946,0,3
0.0007642363591559018,49.78982093416323,0,2
0.0031184586484052984,41.26107214879517,0,3
0.0010748503758311189,14.527964125235053,0,2
0.00629416771054866,106.95877863497192,0,3
0.0005834168586997915,14.05993072834834,0,2
0.0013638560915758475,23.176437060032374,0,2
0.0011132801237881116,21.698960959848858,0,2
0.0006186066651331901,24.644423058415807,0,2
0.0009150089592524985,28.834326662835103,0,2
0.0010086159361200543,49.67577296871727,0,2
0.00039945159772536074,9.626498976843237,0,2
0.0010199760825325352,74.80801058938958,0,3
0.00110364139727698,34.77862839038132,0,2
0.0016785214655761767,109.3552828309473,0,3
0.0007917180797013855,38.99324428063916,0,2
0.0015399756417595304,37.112316045745615,0,2
0.004249921817210006,57.430487276337445,0,3
0.0019359866974386995,141.99089159357018,0,3
0.002905058031682256,39.25693353932716,0,3
0.001961482531499413,26.506110562284906,0,2
0.00016687969088353117,6.648253136920075,0,1
0.0009935545597647949,48.93397870825932,0,2
0.0030086985362286264,133.11445006459059,0,3
0.00046047918128020804,34.182567427706324,0,2
0.0008651760396128074,40.287891160180024,0,2
0.0006441525148316755,19.4673852926483,0,2
0.007770643402219093,103.22109676135985,0,3
0.00011285766351035847,7.352650511728014,0,1
0.004827923521953562,116.34951796166683,0,3
0.0014516942161367124,32.2660699317336,0,2
0.0011657738149529352,15.753456446098566,0,2
0.0008043781855921188,10.872189921660386,0,2
0.0002781242007234297,15.240561137761972,0,2
0.001411804125208209,34.34795286212662,0,2
0.0003729610004626737,6.337844004555045,0,2
0.003780662416655463,109.94076743333746,0,3
0.0003941624382683217,29.259703090414487,0,2
0.005790162623315243,112.85615365787883,0,3
0.0017652188838947521,85.69053699140063,0,3
0.00154504773608105,100.65950041839972,0,3
0.0013924997589999262,33.87829460804159,0,2
0.0003607261111079034,10.489829854613117,0,2
0.0018851008813226212,122.81388368848818,0,3
0.003653476315776347,88.88586598985547,0,3
0.0029785014222836457,138.6972542317601,0,3
0.002500923536033675,162.9345863191903,0,3
0.0002157028151720431,14.052988206780734,0,2
0.006158605589441518,81.48598336933713,0,3
0.0020287597644146746,98.48382839394445,0,3
0.0006022405469993839,14.513568208304118,0,2
0.0004303186020025668,26.374841143156726,0,2
0.004797502876002428,116.71902617266142,0,3
0.0019448070401866125,36.97632836975213,0,2
0.001424717812497095,27.087948871304263,0,2
0.00031909567868260125,19.947448564149806,0,2
0.006301866026085872,122.82977298556476,0,3
0.006392706451388981,100.51966534997347,0,3
9.199024862734494e-05,3.6647626548495604,0,1
0.002672945190422273,35.50598320592061,0,3
0.0018108791963317883,35.29587580392725,0,2
0.0029126617000826646,143.45274168934245,0,3
0.0010020545917687105,36.05411159815357,0,2
0.00167541388982043,22.640377922316173,0,2
0.004889354879172526,108.67320727658432,0,3
0.00047425740924744817,25.988206067187583,0,2
0.0006791301767329579,9.177292818869674,0,2
0.0016868418999161246,67.20141853829574,0,3
0.0011775225386752922,37.35336102342831,0,2
0.0005932881393000397,8.017283235022196,0,2
0.0011642366412179326,75.84974621628464,0,3
0.0019484141262733367,37.044909363570355,0,2
0.0014268865571486146,43.122940200227504,0,2
0.0074282392465750205,98.28480991664864,0,3
0.0016123257293707517,21.78784840487405,0,2
0.0015476228563920079,45.004506030356026,0,3
0.004925007347130274,83.69220440924646,0,3
0.0002604909613443243,16.97092550611838,0,2
0.0006732894185173297,33.16046385819297,0,2
0.0003989939880081088,6.273828222241018,0,2
0.0007709671353610253,57.23089590229983,0,2
0.003097966444573617,41.872940066794044,0,3
0.000823373035666006,19.842703673071057,0,2
9.944456599691144e-05,3.0053840308734125,0,1
0.006911549073908861,93.41833919712569,0,3
0.0003779817761033472,20.712524665882594,0,2
0.0010377678428261069,41.343217259903966,0,2
0.0012715950085056904,30.93678834904072,0,2
0.0007019480179697034,24.346774507210455,0,2
0.0017822717233171555,18.40875663725678,0,2
0.00033717613490988314,24.72947778167476,0,2
0.0010514545613735935,14.208625571435833,0,2
0.0015955494156433647,35.46346637771351,0,2
0.0005085433598938286,22.499585409151862,0,2
0.000620890729072546,6.413066077574465,0,2
0.0015783474497767175,76.61907640142755,0,3
0.00047405298313881524,34.76842368159061,0,2
0.0026766902932481534,174.38574964456956,0,3
0.000731770746851622,36.04075266308601,0,2
0.0012742597716246331,38.51029898349614,0,2
0.005800008791078862,110.27470858281265,0,3
0.004369013650348449,59.03981147145007,0,3
0.0026840507450491243,164.509300066047,0,3
0.0014058855278068385,18.675036105723688,0,2
0.0015366553872315297,24.162549376748863,0,2
0.0003244802080688,11.674858564796516,0,2
0.0003739342164554498,18.1522099609697,0,2
0.00010373523150019972,7.608243398503597,0,1
0.00732773909337418,97.33779133181866,0,3
0.002148271459336072,28.424293432331197,0,2
0.00224018739411569,29.640455146870906,0,2
0.005120066838572728,87.0069119170998,0,3
0.001635278817893949,25.713315757347914,0,2
0.0015418982470331924,46.598789208946705,0,3
0.00026737231091699515,13.168467540109342,0,2
0.006701028089059444,113.87268547090568,0,3
0.000558021745133355,10.609584837544185,0,2
0.0014432051042194167,14.906599927296462,0,2
0.0013879292963893711,103.02960196119909,0,3
0.006820833134095747,107.25157947747542,0,3
0.0011869469139302253,26.381666128041747,0,2
0.00610161380434907,103.68664932802885,0,3
0.0007638763297017527,16.97829115758604,0,2
0.0007320419467353869,45.761726199460504,0,2
0.00039590083020508136,12.55876312716875,0,2
0.0006630799405458671,22.99865143777858,0,2
0.0043092294196574255,130.23224701499086,0,3
0.0005863546925168757,11.148274972085987,0,2
0.0017138594237615483,17.70213858511694,0,2
0.00040735001042507135,5.504644696285475,0,1
0.0027885122953378925,54.350938402374446,0,3
0.0004047019656947721,19.932148846648957,0,2
0.00033543127389682587,12.068879961161219,0,2
0.00018163695609630214,11.83360541632706,0,2
0.0032690124739530877,130.23287806637623,0,3
0.0003269515702950792,7.266986472885175,0,2
0.003007880948589814,133.07827737144447,0,3
0.0011213396237786239,32.608290612916306,0,2
0.006350087585838745,99.84952131390962,0,3
0.0025839702101380538,125.43588610833945,0,3
0.0013276712297702544,42.116376661307264,0,2
0.001008127947551417,34.96649778204888,0,2
0.0005946408968975881,43.61269178150552,0,2
0.00041401705456309805,26.97311474836698,0,2
0.001809669075980477,24.45996950418564,0,2
0.005279127209276336,102.89555410940349,0,3
0.00237780093255042,32.13899108360235,0,2
0.00010342898318620084,4.816286427995139,0,1
0.003405852083040353,122.54319484929182,0,3
0.001280736910898767,17.310781401564228,0,2
0.0005229698594514452,32.69212047959069,0,2
0.0003086274477333501,8.974813065910642,0,2
0.0015337269690085444,29.893897243348153,0,2
0.0011527611194713776,39.98303908261833,0,2
0.0029152614637999604,84.77511273871838,0,3
0.0006027015289864561,39.26586434349483,0,2
0.0004866200785391654,9.484719848020601,0,2
0.0007540297857169235,49.1248650500446,0,2
0.0007162052614787963,35.2741303147392,0,2
0.003202916588394707,54.42817257478613,0,3
0.0002982965994057146,19.433954027108207,0,2
0.0003384795991103031,16.670602870530566,0,2
0.0012588809687723733,22.677797111218453,0,2
0.0033162765709155015,160.98486299146876,0,3
0.0004268898584515391,17.00669401737184,0,2
0.004421795418270873,133.63418307113173,0,3
0.0003627351535718373,23.63211083389935,0,2
0.0020248772690117647,34.40937857697103,0,2
0.00013715844984157715,2.6733575717662084,0,1
0.005889727095538835,114.79676640179132,0,3
0.002252197492661052,109.33035801826288,0,3
0.0005046564066375116,37.461957780049076,0,2
0.0010742064384902114,47.52632993756379,0,2
0.00031761972533379487,23.295153860053013,0,2
0.0012303399983620768,29.933090230840072,0,2
0.0014920217690694928,29.081020514514712,0,2
0.0011688027524322955,28.1673137984465,0,2
0.001057022618946012,46.76606277849424,0,2
0.001165545097612116,46.43368411336309,0,2
0.001960347852403352,67.993848399496,0,3
0.0020750994479697906,32.62910688359808,0,2
0.00018007900803131553,13.36773318878702,0,2
0.003680683865781209,116.75862561943345,0,3
0.0002684965079034936,9.66055456377916,0,2
0.0003120427766787866,7.591726354213196,0,2
0.0008266834514887945,11.171225138784692,0,2
0.0013379154542183652,42.44134387140059,0,2
0.0007543599449089081,18.35291409492543,0,2
0.0006902101456705851,33.50546414330773,0,2
0.0012444845035762795,29.991190093101288,0,2
0.0008649035756292794,38.26610158593866,0,2
0.00031938490412099197,14.1306100824211,0,2
0.006525391662787845,67.39956961190573,0,3
0.0015997908623291272,31.18154966019107,0,2
0.0007305177456537624,35.979040567524805,0,2
0.0008792254309341672,48.17951440102227,0,2
0.0007391353008723987,26.594226345244113,0,2
0.0015631114860208883,29.719207299914757,0,2
0.0014975226458168436,20.236479388477573,0,2
0.0017906170542333329,34.90094606345794,0,2
0.00037847813678319525,18.640587882033266,0,2
0.0007352066847618387,36.20997750422735,0,2
0.0035418454617508147,36.58306996578018,0,3
0.0016771697847415637,31.887780849703166,0,2
0.001211267585202085,16.37181548200982,0,2
0.0018175830227927935,80.41568858177348,0,3
0.0012886163955494543,37.47265950796443,0,2
0.0010428503978788303,48.561496623155904,0,2
0.0002076695317089291,12.728361924414513,0,2
0.0005110823546536209,25.171534683216382,0,2
0.00021139438184884608,2.8566366345603447,0,1
0.0003154499982917764,12.56708608208298,0,2
0.000210303512958594,2.172186283026168,0,1
0.0015051677279926648,27.114468484703327,0,2
0.0007954842467802831,43.590691732854005,0,2
0.0010809470084044163,43.063414735616796,0,2
0.0028206978282237735,131.34895315650778,0,3
0.0017230118358822683,84.86078963907266,0,3
0.003724040162787819,117.35425044041541,0,3
0.0008414486459628512,52.60100561064937,0,2
0.0007997493963944206,19.457199535253242,0,2
0.0025053964761082613,99.81148630686388,0,3
0.0008286325205275519,16.15088990523529,0,2
0.000944650907512793,29.966208909369175,0,2
0.00028999482922304333,8.432980933718339,0,2
0.001811315861024443,24.482227889704845,0,2
0.001890601714074819,36.84974869104989,0,2
0.0007719524650537132,47.31406809073638,0,2
0.0015901731534712757,48.057739041413456,0,3
0.000451245715354862,6.099157344827963,0,2
0.0007126883649990456,35.100918148615165,0,2
0.0013514939866510762,32.88066022621424,0,2
0.0009382063057785522,51.41152954636526,0,2
0.0015176633719319915,70.67169448376245,0,3
0.0012360500258726146,91.75520864144833,0,3
0.00029612647830587816,21.982238770660718,0,2
5.296674803393975e-05,3.450771307174645,0,1
0.0007854360948570674,58.304964402437406,0,2
0.0017617840917731715,23.81274329638601,0,2
0.0013607220165202142,39.56947388389477,0,2
0.0009066540409515882,14.256334383202127,0,2
0.0008166804771332847,28.326222045210358,0,2
0.004882721211982749,141.9883761225379,0,3
0.0015105531705468312,36.75043029784794,0,2
0.0006499113563195625,30.263850116428845,0,2
0.0012892200220243147,38.96242321168643,0,2
0.0029299580647576154,144.3046123112585,0,3
0.005863715909494761,99.64397530922204,0,3
0.0037563984102363937,49.89799990905525,0,3
0.0011062776096380453,26.66050239360226,0,2
0.003511608909727622,63.25900253016653,0,3
0.0017088249158863072,23.096932961583406,0,2
0.00045698620049020847,13.810900731624129,0,2
0.004387230138360427,127.57961308397044,0,3
0.0006996969208021942,42.88542268131767,0,2
0.004515572842962168,59.98246956272115,0,3
0.002549784729225419,112.81063487317134,0,3
0.0033163478965550198,34.253947113369506,0,3
0.0004047231371053252,30.04365123563998,0,2
0.00032002842231282927,3.3055146789835197,0,1
0.0011035059330550265,14.65838628756008,0,2
0.0012069580405520244,38.28711379027075,0,2
0.0015015174992387948,110.125657754947,0,3
0.0006242314634471691,24.868507144606692,0,2
0.0024142927636570826,32.070181845757055,0,2
0.0014105288880377315,18.66304504215461,0,2
0.0009578204109848528,21.28898773539551,0,2
0.0011935830259246854,21.501503612140574,0,2
0.002917464170790166,141.6249699847911,0,3
0.0005859060428732569,21.0810089882416,0,2
0.0019118416108751541,76.1650918664868,0,3
0.003686925237923731,132.65625952326664,0,3
0.0014687274672032977,42.7102468031511,0,2
0.004786207128815059,63.57743157049843,0,3
0.002538441133968577,165.37884909297654,0,3
0.0031282379040529717,124.62461638407117,0,3
0.0031594733249630754,139.78520914673808,0,3
0.0032452061693295843,43.85345887118586,0,3
0.0009808977061451804,45.67660015426793,0,2
0.00039060552855747386,28.648144811444194,0,2
0.0006658947688117756,41.626704895686125,0,2
0.00045656375941973565,14.387518776073412,0,2
0.0002997105425742317,22.2482931841906,0,2
0.0012819617141903283,13.241146625435622,0,2
0.0011881951957231874,47.33603229618406,0,2
0.0008569930011205727,34.14140077713115,0,2
0.0005124309675860741,18.437362039415213,0,2
0.000573952065850311,35.87914245377355,0,2
0.0010551712507781963,33.472134398549336,0,2
0.0011399537386774783,15.083000533585112,0,2
0.0012915669170606898,17.0890307546935,0,2
0.0033457051124552986,81.39806325912444,0,3
0.003416154852594612,136.0948243295685,0,3
0.00201005677013678,98.99816192837017,0,3
0.00014627537637085415,8.965426539737939,0,1
0.0013118359179068112,97.38099254187487,0,3
0.000166881266351497,3.1728888140907388,0,1
0.0009698712911652886,47.76754396142007,0,2
0.0017631840088925149,55.93170973100092,0,3
0.001702783446353878,61.2664668238969,0,3
0.004028087480152418,126.93557702874917,0,3
0.005931104480066933,61.26128666872544,0,3
0.0005617276039948678,19.48328787720708,0,2
0.0020038114965150195,146.96535949964752,0,3
0.0006652797232791814,16.185670637526975,0,2
0.000160329925755841,2.8882234439474774,0,1
0.0005468565181288706,40.59458182724204,0,2
0.0030543047197470778,96.24913409478813,0,3
0.0010937338032669462,39.35274677206539,0,2
0.0019381862841149626,34.91497322242316,0,2
0.00598735582489277,113.8367100041657,0,3
0.0013695949014458264,41.39148885921803,0,2
0.0019518882422975403,30.691719447506692,0,2
0.009775928810894613,100.97376961575776,0,3
0.0005220137729200462,24.308155918106202,0,2
0.0005294817739807695,32.452693450738415,0,2
0.0008160373091481956,32.50978337546589,0,2
0.0008738668484488234,25.411840932893046,0,2
0.0007525068364689656,9.956597913486974,0,2
0.0019116253344531359,36.34544951045317,0,2
0.00027315830841226373,10.882244395125685,0,2
0.0002900315359362138,13.505643265441455,0,2
0.00022121649430874277,12.122150814004115,0,2
4.5393944569715505e-05,2.008373353095892,0,1
0.0006604465160827783,20.95067936420054,0,2
0.0011697875732271038,21.07284636667314,0,2
0.001884242557969933,35.824824834587496,0,2
0.005883115092829904,78.14817394423143,0,3
0.0002629522136555085,9.461069819941976,0,2
0.0004624898675493481,28.911368785904216,0,2
0.0016853876809003734,53.110976076452836,0,3
0.00696863822619986,118.42026900143432,0,3
0.0005693832222868169,7.694248814292298,0,2
0.0013651707839296365,23.19877804217785,0,2
0.0005436162531140159,13.225705396130923,0,2
0.000825618069442201,29.70589253084514,0,2
0.0002322037612727558,2.398389917542988,0,1
0.00040456707036849455,7.6919738217826765,0,2
0.0004614043928407251,28.280133620289597,0,2
0.0025576306244617097,77.29595034754085,0,3
0.00032412274834908234,19.86594574068499,0,2
0.0023173711652407533,114.13383406530785,0,3
0.0002494957494702982,18.29874345880694,0,2
0.0005770878764848662,28.42240074605477,0,2
0.0012260604193661583,23.897163531238714,0,2
0.0009004572800160985,28.375765171876665,0,2
0.0025416669019611127,158.885792510219,0,3
0.0018325561804069445,24.34270227409927,0,2
0.0007694599551977495,24.247696678585047,0,2
0.001631575066021942,51.75681184540565,0,3
0.00015855751402982807,3.014630543344771,0,1
0.0016987508594670231,22.960769330304228,0,2
0.0002815023073373931,9.763790230260005,0,2
0.005198591647667111,98.84005346152237,0,3
0.004302730229012857,136.49117562670736,0,3
0.00036088921819491383,14.377320956445677,0,2
0.0007164788630727025,39.26137994525777,0,2
0.0007229228794719114,33.663713454665995,0,2
0.0012305275471915476,38.77714300450598,0,2
0.05235470217606181,219.21585463986085,0,3
0.0008995653053931604,39.79964741655219,0,2
0.0053491417126578416,128.91050509527335,0,3
0.0022372558824905317,108.6050345976324,0,3
0.002355092309199705,31.283794474523884,0,2
0.006182838358370247,63.86139957093406,0,3
0.0016501785175280673,39.76812685454451,0,2
0.0010750038606274575,14.279779906638623,0,2
0.003384421302379397,82.3399941139574,0,3
0.0030019229989507626,40.57479126036704,0,3
0.0007531214259563324,13.566918018154132,0,2
0.0006829527865942358,42.6930431605187,0,2
0.00046152901385324295,8.314099264929858,0,2
0.0039423038234033935,95.00671405122411,0,3
0.0006947355345287553,24.096612524444758,0,2
0.006457716479522058,109.7380144896713,0,3
0.003207211068099114,101.73912512945694,0,3
0.002482362395031703,32.84473049954875,0,2
0.0005157345261047361,22.81774561163194,0,2
0.0007411204401511722,45.42432928989894,0,2
0.0022502344270305744,29.890918101059086,0,2
0.0005106988396035547,16.093456811056374,0,2
0.001968160738564033,26.59635520732762,0,2
0.0019315921191879032,89.94675014177513,0,3
0.0009819882303382557,21.826153579749175,0,2
0.0009544515438494242,42.22799022333194,0,2
0.0009830682230360117,47.721925422230235,0,2
0.0032796827802985262,103.35138654255174,0,3
0.0005648154878276692,22.5014578997037,0,2
0.002865081495953057,83.31589116141893,0,3
0.006781422917294958,89.72662837940388,0,3
0.0008380116612735174,26.407940320240904,0,2
0.0008310751082155169,36.76942194785319,0,2
0.0042751979907174964,135.6177981727296,0,3
0.0063505754892645375,114.40085763267963,0,3
0.005201420880945513,68.82124358284881,0,3
0.0012965075856638795,20.38643720396685,0,2
0.0006815515089623157,42.6054458805987,0,2
0.0004088012634146494,14.7087459043548,0,2
0.0027381962794056714,28.282325457536913,0,2
0.005827676274834656,77.10737846683902,0,3
0.0016538436242509557,28.104286736220118,0,2
0.0050810374497945714,112.93363840569955,0,3
0.0006716268527140199,49.85660831685884,0,2
0.00087951734879915,31.645198681386717,0,2
0.00398563388847363,126.4322479218544,0,3
0.004596806479687676,62.11804531896015,0,3
0.0015591530564717606,28.086973714824715,0,2
0.0014741219653635442,26.555202339983687,0,2
0.0005297746057883607,9.00262709746058,0,2
0.0016793586246967942,30.252386931377156,0,2
0.0005653102878313299,34.648674188745844,0,2
0.0032862321458551284,55.84398014094354,0,3
0.0009129777491707499,57.072464180599354,0,3
0.002441547080924595,84.68404312892393,0,3
0.0007253528575294853,26.09833145642021,0,2
0.000659321482217401,20.914991048472586,0,2
0.0002871867218710353,10.333031957440618,0,2
0.00024580884493897336,7.746079926227985,0,2
0.00027682152650601247,4.3527741212029625,0,1
0.0013064397399608426,39.48283239426753,0,2
0.002764247747817126,52.556233244006656,0,3
0.0017781571552010875,30.21678580673946,0,2
0.000914132344805553,40.44413984977566,0,2
0.00031015511781081113,19.388552314407498,0,2
0.001781289268793082,97.61052053171184,0,3
0.003976282891303694,41.070294225765366,0,3
0.0011522540565586713,34.8230786305417,0,2
0.0016014734971576926,21.189478829356215,0,2
0.0001756152578314529,6.996265888242994,0,1
0.0007087893311605667,15.753900423296697,0,2
0.00292705094799854,160.39560315240794,0,3
0.002690208261229673,164.88670301898142,0,3
0.007039052753788459,93.5030354371458,0,3
0.0006742992216782252,13.142777072733475,0,2
0.00027722028463630075,9.974437681990151,0,2
0.000967472560741321,23.315399585667844,0,2
0.0016532481720385533,29.78202669672917,0,2
0.0034444048986717306,45.57374493531743,0,3
0.0002934053434066168,10.556779123186141,0,2
0.002312319089868944,80.20182410741864,0,3
0.000800251541770236,25.218020145607014,0,2
0.0013011837371876634,45.13101573160186,0,2
0.00023322096590937098,5.674061012063784,0,1
0.0005700684907621088,9.687353803427944,0,2
0.00043045447436421293,13.564746882299778,0,2
0.0019388575761663611,61.09847574559789,0,3
0.002505388579232692,60.378080177715134,0,3
0.0004560306742781009,29.71029229474343,0,2
0.0012538342777431608,24.43850425559863,0,2
0.0009169127977706903,27.710665258563065,0,2
0.0005942992402597421,44.11637849931702,0,2
0.0012106657561509677,41.99143727745556,0,2
0.007180913256150493,97.0378668425879,0,3
0.0008410290547139875,39.16345976713597,0,2
0.0032098782083947795,142.0152824684048,0,3
0.019986643697670954,72.39635150425211,0,3
0.0042230144598271015,93.86279725362714,0,3
0.00023859777213528597,4.054567254356009,0,1
0.0003648801096423036,22.80954492777984,0,2
0.002788284801175552,50.22886085172577,0,3
0.00031737267300052576,14.04158253918991,0,2
0.0009707737123810469,28.22986957870154,0,2
0.001767613739521924,108.33956832308607,0,3
0.0009790277998632687,61.20141382444279,0,3
0.00038254574954979694,11.124339771407504,0,2
0.000301991253449222,14.873499820546439,0,2
0.0007988277735893792,48.96129409956526,0,2
0.004547010192877508,110.62475946904664,0,3
0.0011683633626528222,46.54595984504949,0,2
0.0012247568885706294,38.59529445094516,0,2
0.002141427470872945,133.86585022225992,0,3
0.0005959478881499386,32.656562070630834,0,2
0.0027549380228638573,80.11294505709255,0,3
0.0023699077360555816,115.04446750230072,0,3
0.0004976681675344074,23.17447553966639,0,2
0.002138665154866451,64.63410081170923,0,3
0.0009169203414346479,50.245108069501065,0,2
0.0002747514212390017,15.055740644604919,0,2
0.0006333092036669905,39.589701801996796,0,2
0.0024428267619348238,149.7243379357758,0,3
0.00021056841368889941,11.538660692452567,0,2
0.0002891827573367731,12.79437047199114,0,2
0.0022641419996171134,55.084583822519015,0,3
0.0002861725287647618,3.8679841631980656,0,1
0.0023636706098154026,71.43414860098702,0,3
0.0008563833887381397,55.793178465571565,0,2
0.0009951300256358082,49.01157264875314,0,2
0.0013265887114613803,97.29587200551057,0,3
0.0037121093254122986,70.57778510905305,0,3
0.005161441237347002,68.29226335736311,0,3
0.004978421220287871,67.2749214797762,0,3
0.004260701025257628,56.37435420139395,0,3
0.001156934361360554,22.549826412825077,0,2
0.0009820345146295884,28.55733104039293,0,2
0.0005152716573049996,38.24995544955199,0,2
0.0005065989539408588,6.847326469085021,0,2
0.004606888931939537,139.22802406808805,0,3
0.0011006534318622051,18.70375118462005,0,2
0.002188438519462945,106.23525139935369,0,3
0.004079498238254933,123.28937972949053,0,3
0.006666854131782052,90.1109771486211,0,3
0.0056432617541703105,125.42991242860266,0,3
0.0005924614672625101,29.179572011979825,0,2
0.0015913329116127263,70.40565973902385,0,3
0.00048812303966395867,9.51401408769506,0,2
0.0034562251961738235,152.91446143512863,0,3
0.0003652185425806052,14.54979517590001,0,2
0.0034674364110689514,120.26658706518427,0,3
0.0024450810570861695,181.5047270273797,0,3
0.001184249223603681,41.075190853608646,0,2
0.00027105012342352677,11.992124729348575,0,2
0.000822881178803699,25.931139224809602,0,2
0.0009003620316552105,35.86916220676083,0,2
0.0012095030960788873,89.784560988823,0,3
0.00014832054949529225,8.12762210799955,0,1
0.0005437804523554594,10.338817246063892,0,2
0.003538536874275218,106.94060663841354,0,3
0.002421486985897442,151.3730530584621,0,3
0.0028136413724175226,37.22796187389624,0,3
0.0009852428929603915,13.313887140024924,0,2
0.00015248280312002682,11.183531992417004,0,2
0.001032100938986611,45.66344791610933,0,2
0.001026521486373479,50.55764684896814,0,2
0.0006583527254281562,30.656931922117927,0,2
0.002738454009274022,127.51917762559037,0,3
0.0035896164467388862,48.51821251981409,0,3
0.0048039933111192566,75.53855376423502,0,3
0.002792675554443547,137.54325293677653,0,3
0.0005462950603673555,17.329567753475025,0,2
0.0012231397528679518,67.02522159209106,0,3
0.0006558785555379473,42.73033524714871,0,2
0.0007456820720686738,46.61440367731797,0,2
0.0013550969752269884,30.11905212608288,0,2
0.00033704435659957435,11.690243064995508,0,2
0.005227745650962362,69.44259461548118,0,3
0.00499515607165433,78.54441941166945,0,3
0.0033562523934603902,60.460371330546714,0,3
0.00027279417282518974,6.636842336666632,0,1
0.0013333814626499735,18.022339192702567,0,2
0.0016730824356921137,109.00093129985531,0,3
0.0017471055960149057,95.73733454669534,0,3
0.0017911374421535227,62.12485582859172,0,3
0.0018988744288163189,32.26817254122216,0,2
0.001648537222378603,32.131665755005706,0,2
0.0009707175835936921,33.668934896771646,0,2
0.0016909170316874401,32.95769130601368,0,2
0.0004767715307608045,22.2014002470063,0,2
0.0004031585668019508,24.710163830753398,0,2
0.005504549486770062,99.16033330090374,0,3
0.000235534071238313,12.90672082255477,0,2
0.0030060273482212245,51.08237156919335,0,3
0.006332011945114105,84.11108113570867,0,3
0.0031544113715634447,70.1114992241153,0,3
0.0034401537441789897,65.40713390002372,0,3
0.001983943701862916,33.71378154988898,0,2
0.0006517943944776603,35.716821090896495,0,2
0.000350861858217374,10.60364249326421,0,2
0.0012234810246118234,42.4359295240015,0,2
0.0012980653611363961,37.74743318876257,0,2
0.0007018363463698225,13.679503616989274,0,2
0.0009026401990517195,21.75298584887168,0,2
0.0021564436517333184,29.14706708480038,0,2
0.00022057741844996062,2.9813831712159056,0,1
0.0020325655039158245,34.54002717945724,0,2
0.0008537024955772378,52.32464411155482,0,2
0.0009860243400064985,16.755822844487902,0,2
0.006337131799217769,123.51713874199642,0,3
0.00033839887929430784,12.175654958311068,0,2
0.0032865598907740948,59.20491312973358,0,3
0.0010228887565613784,35.47847029184951,0,2
0.0008052778186710142,49.35662656626004,0,2
0.0024906093741226673,182.66853078631704,0,3
0.0002220692230037751,4.000410609778738,0,1
0.0029760819612567936,93.78413028474948,0,3
0.0023604907881802223,31.905022559175475,0,2
0.0020008087389181473,27.03753757481073,0,2
0.0007255173441141074,21.9263689097899,0,2
0.0008521995853947061,41.97204467237712,0,2
0.0001732008639448551,10.615728093427405,0,2
0.0018021870308696608,30.62513306891255,0,2
0.00019566297126250037,14.350491032900923,0,2
0.0012413486377564297,37.5156685059645,0,2
0.0005682541862066742,19.7096596616495,0,2
0.001355880353483028,48.78482867079603,0,3
0.00030123268565853333,13.327497856657423,0,2
0.003906409246778071,40.34858221036271,0,3
0.0014583361991317022,19.706941005290727,0,2
0.0010176037710073209,29.591676589462203,0,2
0.0006296237987471556,8.330703054212332,0,2
0.001610766271153657,21.771546186941816,0,2
0.0006682743580419164,32.913464979155464,0,2
0.0012540181205118823,24.442087537987312,0,2
0.002053315210318578,65.13524949782419,0,3
0.0010788823724828267,20.512630843538247,0,2
0.0012552199645031398,60.93322124635394,0,3
0.001418645482466154,42.873880897694356,0,2
0.004074528830926064,55.07241753268036,0,3
0.0014513413661124187,35.30985916529461,0,2
0.0009474748428839251,12.536266232484309,0,2
0.00015252435811775539,11.186579756735558,0,2
0.006241870504761314,98.14790324998447,0,3
0.0054785530818831,121.76901643597053,0,3
0.0038359396270418043,74.76636152300463,0,3
0.000495636302049503,15.722571007090753,0,2
0.0022377360214281814,164.12206408959415,0,3
0.00033844836278794783,13.483308709870652,0,2
0.0005344407638773169,15.541410803959096,0,2
0.0018014319768471956,64.81585939852906,0,3
0.0006465801944486106,20.51081201469678,0,2
0.0025324852506845774,26.157574099041348,0,2
0.003214434514301069,61.1155675950536,0,3
0.001956307344738333,30.76120593212374,0,2
0.0036032191568265547,108.8954153010233,0,3
0.0006415515195371909,6.626467580062042,0,2
0.00011166668287734339,2.716752197600627,0,1
0.0008976648987810208,26.10388259876956,0,2
0.0009789510957235472,48.214737282171534,0,2
0.005865530235886631,92.23028476199921,0,3
0.0010179532039312103,40.55382980063624,0,2
0.000943329049812951,37.580908026392436,0,2
0.001583984869285698,30.116069846089633,0,2
0.004279602207057024,95.12054436669271,0,3
0.0006843855335679695,31.869178786235913,0,2
0.00022511735195835107,12.335908765825362,0,2
0.0007125595832612923,9.629034565860534,0,2
0.0012840709529077887,38.806809579694196,0,2
0.004479045518100686,59.49725999398918,0,3
0.004769189312948583,63.35137594970917,0,3
0.002795711555729276,81.29862973352502,0,3
6.0295239527967174e-05,2.667654321173312,0,1
0.0024408504517122874,113.66093469355617,0,3
0.004301016032934142,73.08852304667415,0,3
0.0013346562750026437,38.81148829556609,0,2
0.0010693126889681594,31.09535967386496,0,2
0.0014528439369263198,42.24835750552204,0,2
0.0006385088971891468,19.296825562519476,0,2
0.0006361054838338351,14.138393469640208,0,2
0.0029914994099018975,94.269974435285,0,3
0.0015895047589168164,50.0894543023714,0,3
0.00032567300293428694,11.295832401466228,0,2
0.0016224014921372724,75.54894234310058,0,3
0.005780126224182658,104.1246416784533,0,3
0.00077194481439985,22.447972328188673,0,2
0.0009001631977467025,17.11466962966896,0,2
0.0014048079599839826,18.987758765689463,0,2
0.0018648279288308557,25.20551125903667,0,2
0.00041493895485533256,25.432200624112454,0,2
0.0040512143752828396,78.96228513460103,0,3
0.0019908358805066696,146.01369010623748,0,3
0.007451560993534018,76.96580218550264,0,3
0.00012316430661418049,3.72223496136884,0,1
0.001714398786261002,93.94507723007584,0,3
0.0016809517130569696,81.59988331342524,0,3
0.00027551103116771726,12.829479699971165,0,2
0.0006200966168220364,10.537497540748195,0,2
0.0005598165042780847,10.64370832748886,0,2
0.00013001931744913676,1.7203166829707126,0,1
0.004827993757512395,94.1025046797608,0,3
0.0005788918011025132,28.101642096046763,0,2
0.001071585850494863,47.41038673965075,0,2
0.002763630115207719,61.42580274242792,0,3
0.0024855147630514903,136.2004442855557,0,3
0.00036448599809584534,27.056743741873,0,2
0.0003621615459121259,17.83697251694924,0,2
0.0024590641063024846,108.7968642396266,0,3
0.004158723549423836,92.43383584564752,0,3
0.0023984367474446746,131.42877099298101,0,3
5.693197757475838e-05,3.709105088909752,0,1
0.0010326129052931538,50.85765791608964,0,2
0.00138444592860821,33.36416074221045,0,2
0.0007746033269170314,18.84541777767427,0,2
0.0013280783124231183,40.13678688114256,0,2
0.006464784796622871,87.36060496530384,0,3
0.0022204728955463396,29.49558173544705,0,2
0.002047614432226016,151.99974557138302,0,3
0.0034885938414486125,77.53920322914306,0,3
0.0009471535094450063,51.9018155557665,0,2
0.0011952102720814135,77.86767105838051,0,3
0.00023990045629823507,14.703841283159358,0,2
0.0004433639244452378,13.399212365555181,0,2
0.0022123320286736377,88.1362092155563,0,3
0.0006128552793763125,11.945172196171278,0,2
0.001236388897246985,28.9431035760619,0,2
0.0018297300284379567,35.142206771578195,0,2
0.0005506700891570084,33.71799428747458,0,2
0.0016992610129166186,39.77865508912348,0,2
0.005563169861703295,65.21322168731581,0,3
0.0009189161946713829,52.97353116908135,0,2
0.0020008156611101492,23.454188620348916,0,2
0.05193792521880004,269.42091778928216,0,3
0.0004893356796751887,28.209143586469512,0,2
0.0029668733220652413,149.44556636841443,0,3
0.0007014582523318625,18.055523484564937,0,2
0.00778126931927349,97.16622328402208,0,3
0.0022185081687337124,24.168114001718823,0,2
0.00370836744267562,53.5041772236561,0,3
0.0014808127646513374,75.68724764348504,0,3
0.0040704581870481945,76.71141925988353,0,3
0.0021791358886620663,23.371127975093707,0,2
0.0005796358193871178,30.809964497132754,0,2
0.0009720009031454081,12.21094184113471,0,2
0.0005267305170594262,24.331228376763857,0,2
0.0011925843113720198,23.46177516341345,0,2
0.0006359704883231494,14.098463992464204,0,2
0.0019215490469749027,96.79111794026795,0,3
0.00041599707315176447,23.43038032896469,0,2
0.0019179366251813794,22.482654570946533,0,2
0.0009366327519620859,18.426426398266333,0,2
0.0033231636120842185,169.853416496486,0,3
0.0011474388520543825,21.624509775115644,0,2
0.0015387172701353837,88.70372264912588,0,3
0.0004948236000372479,30.298466628003858,0,2
0.005589804874793152,105.34486429454168,0,3
0.00043143173096138736,6.224679768143987,0,2
0.00024652540825068,14.211656594656159,0,2
0.00048643946683838004,6.325185337271932,0,2
0.0006195026315279395,7.735849840203604,0,2
0.0015558869825093536,16.686813324585437,0,2
0.19693251903779252,439.7126625830525,0,3
0.0027237109695574776,51.33076536525877,0,3
0.00022652251839943067,4.456389661896,0,1
0.0005644665801641982,31.7926916072609,0,2
0.002227005985101599,118.37428440573585,0,3
0.0024442128782167514,28.65182984532108,0,2
0.0013899738206513846,30.81353021991811,0,2
0.0016060419374829312,20.88340606907625,0,2
0.0026339455177634566,132.67552637255824,0,3
0.0008927467342508131,64.3490655876189,0,3
0.0011500232128678265,25.686750170767752,0,2
8.473471965697027e-05,1.6274340982746414,0,1
0.000833516491485723,41.98539358626461,0,2
0.0005036214912948772,11.789469331320408,0,2
0.0012608471809606107,30.59756037454827,0,2
0.00010788738071622526,6.606035370922561,0,1
0.0068610685815348495,89.21465742079731,0,3
0.002264604571140825,28.449515449916856,0,2
0.0009625545759099831,18.487039841847565,0,2
0.0005234559968807255,26.367212021148358,0,2
0.004067457412821232,78.12050259566425,0,3
0.0031660818471482563,76.83276921400869,0,3
0.003496824348110314,78.10455686105425,0,3
0.0007967573794825208,40.13378560837679,0,2
0.0019534882706750824,22.899402108153655,0,2
0.004852683522233707,124.90799132747205,0,3
0.00477275465087859,59.95861657668151,0,3
0.0005480209406638826,17.53420785108914,0,2
0.002645440537876523,27.4045266808069,0,2
0.0011996320303099923,23.040402793712694,0,2
0.0002556164475982727,5.666614015137597,0,1
0.0009446290249982023,24.314735037128866,0,2
0.0005201034529580306,26.198339686230685,0,2
0.0037304270491849744,40.008651329120255,0,3
0.0013513464531982817,25.467330598431857,0,2
0.0026838796208004537,28.78448031342603,0,2
0.0013462370430708357,34.65211859173765,0,2
0.0007843997364368792,25.09726726931665,0,2
0.005440828148354416,63.77909375799464,0,3
0.0008736115761897415,44.652002798515014,0,2
0.0005777969884014039,26.690138552604196,0,2
0.0007384830599852684,37.74531904091468,0,2
0.0012153196647768903,15.175933008343637,0,2
0.0032350201879675113,162.95249972706048,0,3
0.0022926431673345867,24.588488099243126,0,2
0.0009160304766523674,46.82011608111158,0,2
0.000570138350150442,32.11214512386682,0,2
0.0003175247636890993,5.984037706186007,0,1
0.0013175176858208106,14.130314040981121,0,2
0.0008638732207150421,43.514504572914426,0,2
0.002591215891573897,28.228339184510926,0,2
0.00577253028468633,128.93439159907663,0,3
0.0005872947583051551,7.6366093771800365,0,2
0.0003967177988472005,7.804650548495953,0,2
0.002522067342393463,29.56446428897774,0,2
0.007494651834747571,94.1529553907889,0,3
0.004747118184540506,105.23613284192108,0,3
0.001204783795709595,38.5476683865493,0,2
0.41687605298636493,933.8476751706567,0,3
0.0017360786782299733,22.55575361216119,0,2
0.0017707204397515099,81.79477363780111,0,3
0.000716435846013533,35.4017010352143,0,2
0.028269756835023183,119.50733750527972,0,3
0.0007652131916352384,37.811967099648946,0,2
0.000402187254570292,28.989603691540502,0,2
0.0004353402289695466,13.928931349677246,0,2
0.0005331337669671962,28.338194230042472,0,2
0.0010038279083705904,25.838513288274868,0,2
0.0005375378805411586,6.30118760355947,0,2
0.0006737938438758161,48.56697043925283,0,2
0.0013571801844119418,15.909291723224475,0,2
0.006884336560073076,71.31590456824809,0,3
0.0015492747120692055,16.615897040994916,0,2
0.001800405582461096,19.613363601490324,0,2
0.002457284314383704,45.35351987622158,0,3
0.0010330254915931342,13.421435765349486,0,2
0.004422605208401752,48.17923520302282,0,3
0.0005256071156342867,11.739883609486292,0,2
0.00187700986331687,114.93089800053866,0,3
0.0007426742885725305,34.30630491221409,0,2
0.00047473319936844723,12.219624477444185,0,2
0.0004659497429855816,21.52358604921602,0,2
0.037772317694663216,195.4766349908785,0,3
0.08058076769584427,217.8251294059406,0,3
0.0029424674204305526,65.22986795396734,0,3
0.0013455671977739196,16.802359283300536,0,2
0.019419650383555687,178.51864228680802,0,3
0.00026446604420685604,16.612761573250932,0,2
0.004373518703441013,96.95402081220662,0,3
0.0012198306851188296,13.288662839395323,0,2
0.0007680794533411969,35.47984402930686,0,2
0.0024507235633657878,54.73900283526343,0,3
0.0004906357997109706,9.05554980509379,0,2
0.005036614860851443,117.90405584759581,0,3
0.0032553320766888407,166.38641355049467,0,3
0.0017859776350302445,33.658343324964406,0,2
0.00025627629534376474,15.692013843796097,0,2
0.0015266987790406154,85.98890557010623,0,3
0.001307913573959772,24.13985387272609,0,2
0.0009646436107259513,24.82991013335148,0,2
0.0014590097350052008,35.40646251821214,0,2
0.006394018038932958,120.50097949674303,0,3
0.002497954840874173,31.38102154533943,0,2
0.00040040116866881187,10.306319271480605,0,2
0.0005064611276751586,11.227445460461205,0,2
0.0010070076042166913,11.804458926675553,0,2
0.0032144462529284067,34.47478201663468,0,3
0.0007216176038171609,36.88329246464023,0,2
0.00901195388244783,96.65277350906548,0,3
0.001318457513838631,14.140393651432836,0,2
0.0006099963054778196,35.16496769633007,0,2
0.006441292081722097,69.08254889019922,0,3
0.0016425854476630126,21.35858230480775,0,2
0.0006380309868336949,39.067175778919804,0,2
0.00044063689459200817,26.980568923669452,0,2
0.0005997831873914068,30.65609624669925,0,2
0.0022127069010935483,28.771886741516056,0,2
0.004025746869524113,103.62265595133083,0,3
0.0004567932191179914,21.100619340160712,0,2
0.0013641289678992575,15.990747542349283,0,2
0.0008469986920060737,21.801731926415872,0,2
0.00019257421212964083,12.096787248664999,0,2
0.0017541579345743635,33.05867265639893,0,2
0.002011602740471199,115.96454724608314,0,3
0.0007068311995947232,36.127530315058934,0,2
0.00040333413607568624,10.38181380264941,0,2
0.0010512614749746917,13.658364167954629,0,2
0.004512993278061051,58.68257173935853,0,3
0.0022390460148460213,29.090484705825197,0,2
0.00048746857469608555,6.338566854142546,0,2
0.00018268373512621465,10.289373820573719,0,2
0.008445296106673788,105.45805491762158,0,3
0.0008361717209352462,42.73837829173922,0,2
0.0022876587824633243,29.746488050333312,0,2
0.0004299992690968427,22.856182747082304,0,2
5.743504057894498e-05,3.3110058675092198,0,1
0.00034309321327305865,10.9774413118961,0,2
0.0008000372614861468,40.89147512742769,0,2
0.008004382664511507,85.84662048256986,0,3
0.0002746187646515695,12.685446661766617,0,2
0.000850567463589496,20.64111314424157,0,2
0.297235393926776,935.8449053208141,0,3
0.004551764880625528,85.78207368426268,0,3
0.007252052913572281,90.55779510450081,0,3
0.0017617968700938196,45.34862147143499,0,3
0.000641353459492881,14.217795984439231,0,2
0.0014351735389153103,28.23424605659408,0,2
0.0006524744703955793,32.055673262793526,0,2
8.024077296991787e-05,1.9472398657995518,0,1
0.2665854280116182,630.1054439115895,0,3
0.003153974200536261,158.87009977979227,0,3
0.000135564325539541,6.262114036716045,0,1
0.00019494944158992184,12.245990224131091,0,2
0.0057266298604471185,112.66029659180063,0,3
0.00559221477454933,59.97623546113338,0,3
0.00073096543039762,37.361078233518406,0,2
0.0004136892567553598,21.144470098395235,0,2
0.002768618565522905,61.375912674518595,0,3
0.0027060087199293364,132.9445599913432,0,3
0.0007344163073092755,8.000627308892458,0,2
0.0012957031025212277,14.115206216251035,0,2
0.0006349672386966943,7.443285092976144,0,2
0.00030277603925475135,17.45438381184301,0,2
0.0013923449011443846,87.46186656896974,0,3
0.004608694631161448,90.6670968266751,0,3
0.0008211459065998586,10.668620599490845,0,2
0.0027016055595201326,38.97865701805636,0,3
0.0006720417103308416,37.85169148109607,0,2
0.002356489155596832,118.69966064275769,0,3
0.0005300683250706203,30.557292495985333,0,2
0.0009181661674625213,66.18129494470863,0,3
0.006605097174730471,82.4791329742133,0,3
0.00047071863024493725,4.876246915024164,0,1
0.008422642318854607,90.33243523112726,0,3
0.0007855894143576313,14.805134007436267,0,2
0.0003522648722571404,11.270893191255638,0,2
0.0004500661856005054,20.789877920191625,0,2
0.0026482957469025495,166.35597190063012,0,3
0.0005109609073527644,5.989643989505243,0,2
0.00028838667478829627,9.227077876069368,0,2
0.0017288743782741655,97.37612795460183,0,3
0.005428537349691802,106.79590662913829,0,3
0.0010141747202398732,23.741206377286428,0,2
0.003144133164724529,40.88324724390329,0,3
0.0015064441820669507,108.58429581068481,0,3
0.003169894364789215,39.82238659009894,0,3
0.001166747511988304,26.060301668235024,0,2
0.006359320256511799,125.10724870996413,0,3
0.0005460066113240181,26.824972203611924,0,2
0.001019640952990048,50.384168215297315,0,2
0.0004992499972984867,31.36100589185173,0,2
0.004891856416444002,63.55674395349284,0,3
0.1660202815274254,377.78930402678776,0,3
0.0028199405018889904,139.3435171347924,0,3
0.00010299156088786579,2.410969089802747,0,1
0.00037995527273228225,8.894519222429155,0,2
0.00012799850458985218,1.6630022408876923,0,1
0.002676073489361463,154.2698487865234,0,3
0.0018723529717795857,35.28616367506051,0,2
0.0014604467001151714,27.523422172895987,0,2
0.00030523503386518816,6.766579917149128,0,2
0.09269135417314131,196.1513111255262,0,3
0.0005434878030135906,34.13985835691145,0,2
0.0073975429897909254,96.11151793144208,0,3
0.007494651182428648,94.1529471959113,0,3
0.00034294358568326037,17.528519956717957,0,2
0.0036523720812656727,42.81425089314386,0,3
0.002898817395360802,30.02929663946209,0,2
0.0014570742827399443,17.08028166986688,0,2
0.002371781575188648,45.552970786326654,0,3
0.0006451514802541551,46.50243268788102,0,2
0.0009913698373042116,12.379427959131409,0,2
0.0005100161107176901,9.611709026528974,0,2
0.003698132857268551,95.18987684795759,0,3
0.00034026806239507344,20.83490062373058,0,2
0.0017083694324559035,33.608843532594065,0,2
0.0002615122927177681,12.080020259637365,0,2
0.0009635503597533768,18.506165090480124,0,2
0.0002199438365221256,15.853522414542399,0,2
0.0006560326701677983,36.950007493562495,0,2
0.0015570957617530227,30.632828490024803,0,2
0.0007573542278126234,42.65678473878434,0,2
4.8364020933046264e-05,3.0380457759483726,0,1
0.0020893882399183167,53.780817759017715,0,3
0.0015846880316769383,17.263367134044877,0,2
0.0022273979753426663,160.55054911551946,0,3
0.0019063198727994877,97.4357513282538,0,3
0.0014578004967761055,34.12621292974669,0,2
0.00031959064857109984,18.00044021672609,0,2
0.0015640182830769986,22.565593267751566,0,2
0.0007095121481829168,17.21805871347738,0,2
0.0003279308446741321,7.324615352265413,0,2
0.00241735783687799,31.407175518472712,0,2
0.0006201940378674541,12.201110592672121,0,2
0.0015599470301070673,20.284032761331073,0,2
0.0005095778154185919,5.2787952095855815,0,2
0.00010428301568517373,6.550666573899873,0,1
0.008426351934254525,90.37222067851535,0,3
0.0006347815406378262,32.4449307925033,0,2
0.0013370756645332959,16.696323856299127,0,2
0.001080803240543887,21.262700157741047,0,2
0.0015046058155766308,21.70839256162606,0,2
0.0012806811363786231,28.39068355934108,0,2
0.0032204599241046857,41.84136437871868,0,3
0.00021950137482422627,10.84636131983685,0,2
0.0024822915042984816,79.42217523774787,0,3
0.0013734770244270096,17.844703551411346,0,2
0.000689195367814185,43.29265920403258,0,2
0.00438712370925761,47.051691537501796,0,3
0.0004902655112645448,30.79663429251198,0,2
0.0005719787428453201,35.929551970856664,0,2
0.005165072592439469,132.94888068143047,0,3
0.001126595731079294,22.163578281719083,0,2
0.002462962776328116,141.98447710105174,0,3
0.0018935475950599921,36.367901320519444,0,2
0.005159251997132478,56.204161060837514,0,3
0.0008001502988747651,18.731026320533946,0,2
0.07627440852924582,302.9452466977027,0,3
0.002485950381926298,26.661698711870685,0,2
0.001136378398317793,36.35900301447211,0,2
0.003213827653697531,40.37430669018649,0,3
0.0005195547118172221,27.61641308215262,0,2
0.00020797741437454315,11.989448120211598,0,2
0.0010828159759534697,11.217057755998548,0,2
0.006472945515088877,119.4696361987365,0,3
0.00045745365343350335,10.141026949471243,0,2
6.358416921972964e-05,3.8933123420716207,0,1
0.0024591362397645205,30.707712476542238,0,2
0.0003330114961427595,24.00342424630047,0,2
0.0004163928847639654,13.322701465241945,0,2
0.0012645592051410846,67.21638468808736,0,3
0.0007357443099761539,23.54051223070035,0,2
0.0007436841883168991,36.536751142062535,0,2
0.0025298931585723138,61.39408473086894,0,3
0.002955072363961003,157.07392741249924,0,3
0.0008504870527590048,39.286492887643924,0,2
0.000612453302297949,11.303906860282925,0,2
0.0012518004320402434,27.960031242580186,0,2
0.08529491878324594,337.3756583213692,0,3
0.002087382759718415,27.142293594840808,0,2
0.00261127569864281,128.29038436403158,0,3
0.002385520585038754,171.94800574218283,0,3
0.1514260237276975,759.7836605162531,0,3
0.0013618553998152945,26.15610134253321,0,2
0.0006959079638836478,15.543698431573656,0,2
0.0008431557918114243,12.165018059721065,0,2
0.13053989128896068,454.3803284783155,0,3
0.0008864306859746157,44.6507557052028,0,2
0.001519015246556644,28.036107899166293,0,2
0.10672809426656994,536.128054629276,0,3
0.0006521248561569002,32.03849692822166,0,2
0.000688721238489745,8.652188450378883,0,2
0.0012301623524475073,70.91619899430843,0,3
0.0005039890215610364,9.49812314946877,0,2
0.0006433540926226007,7.541598424750236,0,2
0.03163942948743928,170.24891217249302,0,3
0.0008024459050175912,15.786561356542647,0,2
0.0007954535486518116,10.343303669652792,0,2
0.0006273419032299723,39.40725734573834,0,2
0.003725430806149717,48.44187595063811,0,3
0.001071304818156082,23.928507627330628,0,2
0.0033028749464877626,42.94737085818812,0,3
0.0002233319759830266,3.2222248219512233,0,1
0.0012203183397515589,22.523129193180463,0,2
0.0027524132910502,136.00675203131712,0,3
0.003492447753527839,67.07673765303281,0,3
0.0003943700145768588,7.2787948020509186,0,2
0.0023167904622696115,27.15814432687279,0,2
0.0002824111501944417,20.35615805616762,0,2
0.00198586455618515,51.11611990046498,0,3
0.0004316137876858264,21.740991256149933,0,2
0.007405204860030595,92.47023324477848,0,3
0.0013188717137494054,33.9477354804357,0,2
0.0005956833201604972,7.48338232472374,0,2
0.0011380492549799795,12.397747514099278,0,2
0.062028253430042056,145.65133172688797,0,3
0.00048480293654723424,34.94453103446881,0,2
0.0007778410530563396,10.105988491288116,0,2
0.0016048268028756275,37.56800831898026,0,2
0.0006492607808811398,34.51080995905268,0,2
0.0016949417266208782,21.16506697105644,0,2
0.0013271281899518168,67.83212730556367,0,3
6.533939445497375e-05,4.104374853401059,0,1
0.0014835278641628067,15.910765247987332,0,2
0.005168321095558249,67.20381679638614,0,3
0.003208532326593398,158.5452526139158,0,3
0.08428986697246052,296.5199397816449,0,3
0.0004700986132504519,29.529825657834678,0,2
0.0007856102370695117,45.28873103061788,0,2
0.004783074499692731,116.07307609539923,0,3
0.32762170558747244,794.0763931653445,0,3
0.0017213150716129282,21.494396059036568,0,2
0.0028061224123048564,52.88388259331966,0,3
0.0034838008885223286,111.46597576574212,0,3
0.001115660947743637,14.506969004592662,0,2
0.0008873989698021823,45.35670355448716,0,2
0.0022885038753001365,24.93063732246629,0,2
0.002144649884959453,50.204934622905164,0,3
0.002785304130254149,160.56675898736788,0,3
0.0014884948521747797,16.215452250899357,0,2
0.0019568116236103497,22.938359493439464,0,2
0.0004592651436349442,21.214804787945038,0,2
0.0031940262308750157,34.255778258701504,0,3
0.001274534666547303,40.77938286370276,0,2
0.001662846172094152,53.203606363227394,0,3
0.0007462626374116683,42.03206836859809,0,2
0.0002565072148378951,15.706153239302166,0,2
0.0031626099132758974,101.18930766425963,0,3
0.0018095787193036644,110.8020321452754,0,3
0.0002812183373354027,14.947880547492302,0,2
0.002222773782525085,26.05605132398037,0,2
0.000555798372125959,40.0618725661752,0,2
0.00043528948692160313,5.660080786701315,0,2
0.00098146549019749,25.262905024841032,0,2
0.00025191533910546427,18.158024058445346,0,2
0.002827704092788987,53.29060863345413,0,3
0.005325692370610028,69.1932954606184,0,3
0.0012333378649904377,13.22748949672793,0,2
0.00032200848109732234,23.210328388700308,0,2
0.08388898628532783,400.5430353301835,0,3
0.0011478663102366398,25.638573909271425,0,2
0.0005681731508320849,32.00145836565847,0,2
0.0023206958458797224,24.040446313527017,0,2
0.000655540812565729,14.642063647678098,0,2
0.005152768692043692,56.13353285279123,0,3
0.0021011146189478212,151.44806162213646,0,3
0.0008956010655401558,51.629464401179945,0,2
0.0012740935626002494,40.765269519270696,0,2
6.875689702701383e-05,1.5357439890677171,0,1
0.0003762355329376299,6.9440909305227185,0,2
0.00029893756076418616,17.23310382881418,0,2
0.0014184785193189148,33.20570962460282,0,2
0.0010881250993054299,20.898775578264,0,2
0.004332418471789257,56.288326571746296,0,3
0.000934270078908816,52.62129157052836,0,2
0.0018504890479767683,26.698782012266797,0,2
0.006379929565631412,120.23546963704091,0,3
0.04183666062236168,254.68602987785755,0,3
0.07498689763460423,217.9062062373447,0,3
0.0010800603203056432,11.188511493989349,0,2
0.35076048393630194,918.0256603123346,0,3
0.04635708958462407,192.25001389248223,0,3
0.0022300150405170113,28.996944939215958,0,2
0.003972271786443588,49.90240194682895,0,3
0.00019591894043426142,11.996282065153137,0,2
0.001690893709357203,21.242166213720644,0,2
0.0018767906513039421,34.63948457619499,0,2
0.4555803708450201,1073.6923383009394,0,3
0.00046948206850399963,23.198816646394672,0,2
0.0062173740967215625,117.17196667115655,0,3
0.07315476666222967,372.7444792966595,0,3
0.0001092334376757586,2.4215332568423333,0,1
0.0002282719985590692,12.133570659471857,0,2
0.00017114544897974665,10.750712995214096,0,2
0.0007821161167524181,38.647202110499734,0,2
0.03592307140252065,218.88112040578434,0,3
0.0068659185292527045,71.1251093453738,0,3
0.0004545655306719479,28.554095869353894,0,2
0.002747469320653861,29.930541926148578,0,2
0.0014759715059717402,90.37498093098851,0,3
0.0004216723523605634,10.232917560873855,0,2
0.00042552637587879214,9.961310716094077,0,2
0.0009116575948938486,48.45825118592586,0,2
0.0013363192000252163,16.6868777368702,0,2
0.05719421969364418,305.0907069545033,0,3
0.0007221365226902855,41.62960867910926,0,2
0.00035256116455910266,4.429115098496876,0,1
0.007739788889658604,100.55809877422872,0,3
0.0013855409829569682,87.03447003513327,0,3
0.001072201949468337,13.941870493055182,0,2
0.16234304676106864,656.4713895596122,0,3
4.986126075094612e-05,3.1320967464135747,0,1
0.0003361171560272686,16.513231123199688,0,2
0.0018903609634086035,19.582540872254867,0,2
0.00015867436961864575,3.5441274969870147,0,1
0.0003738792280703299,23.48568600460988,0,2
0.09157375094872451,227.99607722762008,0,3
0.00062443149560699,11.7679691222478,0,2
0.00029257498833944217,14.737412114105322,0,2
0.00027596921916627377,14.668868900829198,0,2
0.0957872075558475,580.8401763694097,0,3
0.0009671398346205936,55.75351971292197,0,3
0.00011771772221844794,6.2571682441375405,0,1
0.001432340903458277,26.99374333776132,0,2
0.0032556496539974974,173.05081380378664,0,3
0.0026466769889812993,48.84909602160023,0,3
0.0034776133172680105,37.88462728699425,0,3
0.003932340458618867,95.42792053847519,0,3
0.00033263626645109755,7.786810391524743,0,2
0.000508581348674429,27.033134896892978,0,2
0.04164935897589286,172.21734058918415,0,3
0.0013603497769047528,14.092073219056438,0,2
0.0007492068661537232,54.002731031302496,0,2
0.006438527288510974,123.6598043212218,0,3
0.0016105996346125633,79.58558616133557,0,3
0.1482743591998301,363.2696842097804,0,3
0.00035798055943766545,17.58736681422745,0,2
0.0020823046055022765,110.68282673692715,0,3
0.0019516303714968897,20.217240123526057,0,2
0.006506107412160746,76.26663135193621,0,3
0.0017443558546033962,38.66962171627379,0,2
0.0012080937205108159,22.297502264921114,0,2
0.002481520288342685,32.26727437225607,0,2
0.0010689716505397255,13.899866830089557,0,2
0.06988074019085548,328.71894819264105,0,3
0.04079617044223631,94.29220900017845,0,3
7.034470420563662e-05,3.455992465753681,0,1
0.0018482725754227125,23.07973909969042,0,2
0.006288255153117228,120.77364386479537,0,3
0.0017702987563820195,33.36286085634801,0,2
0.0019925831691661143,92.043264209062,0,3
0.00010419833297469893,1.0794066074124777,0,1
0.0012037738552931308,55.60584708595915,0,3
0.0012131928531261304,31.227563405386995,0,2
0.0014672738634760579,35.60701193740299,0,2
0.0007705446755420632,24.653967571270616,0,2
0.00152503983473816,19.830133570651178,0,2
0.0008915732353356663,51.397268701377754,0,2
0.0010111830240994023,11.015684750435774,0,2
0.0032336658859888436,59.683012329827655,0,3
0.0007830797515952819,41.62382402554879,0,2
0.0015638991855955096,16.200672948085266,0,2
0.0006155329625541799,31.00525779890869,0,2
0.000822630509537046,26.320480238211744,0,2
0.001073086769652635,12.57905962584738,0,2
0.000386671674866273,7.6070126122454464,0,2
0.05481723548481399,178.0443087261854,0,3
0.005218760898677443,56.85244261189291,0,3
0.001350951922279138,71.80850349580473,0,3
0.002446163285449969,120.17851208536268,0,3
0.08797267609690107,424.94538661262965,0,3
0.00046370619861597505,8.906045624084078,0,2
0.0022298490976823504,28.970995076618575,0,2
0.002423603792337054,30.264011895197065,0,2
0.0007615932942051784,24.3675635869171,0,2
0.0008761670200963658,50.509133713759525,0,2
0.0014798183200029028,32.805241254133165,0,2
0.00028052527928614803,7.220715917629405,0,2
0.00159962295170864,17.15587949828737,0,2
0.0006823972449673108,33.525760949452156,0,2
0.1455618641652334,615.2935742783972,0,3
0.0007360505469505669,14.480361913862808,0,2
0.0016888385422868279,33.22461128207838,0,2
0.0008940149807404174,41.2971756223289,0,2
0.00834149223223212,90.87103579524197,0,3
0.0014122799172427202,27.783858608732537,0,2
0.0017867389540740502,22.446239898425507,0,2
0.001671079591209735,39.11894534148728,0,2
0.00023781087081234086,12.15498049527177,0,2
0.001552557765121856,82.52466121526108,0,3
0.0005999159155780321,29.644027455822172,0,2
0.0014485548200860363,28.497496719236796,0,2
0.0017033113259840563,32.714180717252425,0,2
0.003782765401390516,72.65264374412878,0,3
0.006889744614234644,73.89218081018956,0,3
0.0015668449815522021,28.9188900925404,0,2
0.004229591032217457,135.32790953966418,0,3
0.00011924328491919635,8.59504007997048,0,1
0.0004069558124846587,18.79848327014361,0,2
0.0013417942214774062,34.53776043948663,0,2
0.002381464991690909,30.940842867406076,0,2
0.0012074066144101977,14.153598967793494,0,2
0.00028957444951351665,14.586270769135892,0,2
0.0013277971314368815,81.3021389290472,0,3
0.0009513039711183358,23.08573245860327,0,2
0.003161635155594922,70.61782011370323,0,3
0.00072270601369736,52.09255311922824,0,2
0.004736239520144288,93.17629427294644,0,3
0.0013532977667776148,76.22236650297351,0,3
0.00019648562085722155,9.709069201395646,0,2
0.0019212309186066384,19.902327500889093,0,2
0.004650609617038367,67.09880964992219,0,3
0.0011656204699075894,21.96715859887663,0,2
0.0027033797226054495,155.8439940744708,0,3
0.0009249913604407539,53.323751336173075,0,2
0.001069687670109111,25.95860431169563,0,2
0.0021849461558403646,42.984562989526076,0,3
0.0012720652877306656,28.199683765863195,0,2
0.001635671540430985,38.290064652411424,0,2
0.0015321463150953592,39.43742009168935,0,2
0.00013851104030058857,9.98385731916642,0,2
0.0004434007349494271,8.51605431844224,0,2
0.0004507179024583687,27.59783754301699,0,2
0.0007683769198689645,55.38450594742745,0,2
0.001722893022745381,33.894566903837514,0,2
0.0027782127313426483,137.28159621616805,0,3
0.0009116376364121393,13.153071376108686,0,2
0.0016955387906300206,37.58742430101142,0,2
0.0006286293367617948,11.847081187281972,0,2
0.1979848227593648,533.8737254958677,0,3
0.0012083174245741204,61.759475828946364,0,3
0.001811172929708703,89.49664221492564,0,3
0.003219811824550111,40.206416439263016,0,3
0.0017797460529561048,18.436663948775113,0,2
0.0019379415967386154,27.960543889951257,0,2
0.07570299661455195,454.2635141438163,0,3
0.0015766677326422172,22.74809902042608,0,2
0.0007332912838441847,13.534185125512566,0,2
0.00025423210201743705,3.3030741782127455,0,1
0.001662491360712889,20.885356434712172,0,2
0.005005975147898404,98.4828177544172,0,3
0.0003804905099456498,18.69326697030272,0,2
0.0009865916642997387,23.095504004192293,0,2
0.00012612007565328333,6.446244674986096,0,1
0.0004501663513583367,8.308614694859614,0,2
0.005296891905363065,76.42334467121063,0,3
0.0014496592408995688,88.76385873484354,0,3
0.00201021824793293,92.85788025089126,0,3
0.0012603430909834822,40.32531620820411,0,2
0.0011990708031441757,22.130968396726033,0,2
0.0011271553638108813,29.012959893744874,0,2
0.0005148594073631851,23.782866981799774,0,2
0.0006211092831492492,28.690860555412772,0,2
0.027403990409008788,245.3248768549033,0,3
0.0009318666829606775,18.332663267007533,0,2
0.005131887319394651,120.13432549956545,0,3
0.0015365618370147289,39.55107555079437,0,2
0.0005926086891625549,13.137201205371676,0,2
0.18306380454225124,387.44866843628597,0,3
0.0002542285751733531,15.56663020962417,0,2
0.0024411211965244184,124.77049694571413,0,3
0.002435249808905178,25.227128490342515,0,2
0.0010363921081129376,26.676715235788407,0,2
0.0011103891810766552,20.494192511431862,0,2
0.00038981220591270097,4.038124782805994,0,1
0.0009932296334102665,49.07908884927789,0,2
0.004542614065507443,100.70259864271581,0,3
0.0005988581477534574,34.522876993392096,0,2
0.0004640579934536997,4.97699974072315,0,1
0.0008127135531432583,41.53938528106466,0,2
0.1803968775898589,488.6647033477565,0,3
0.3289246700831799,732.5941853476452,0,3
7.615860978705092e-05,1.498272417759939,0,1
0.0009051870852911864,46.265889060086295,0,2
0.001702682004181936,17.63834557777974,0,2
0.0028115746974364023,172.15509150332457,0,3
0.0018145914331617605,19.46140615992988,0,2
0.0009327767508396889,20.834364990051135,0,2
0.004118915967133689,44.175176356551944,0,3
0.0015231448373701495,34.020740167371166,0,2
0.000683049768733143,33.75197352200358,0,2
0.0010769903869715658,26.135822711729613,0,2
0.0005577815837794494,31.416169708667457,0,2
0.002338356853618171,29.376042193943025,0,2
0.0014427831902060818,27.710418700437582,0,2
0.0006706684858302051,35.648715187447976,0,2
0.22091499951411578,897.8810502421749,0,3
0.0011636255682619214,27.23975880157946,0,2
0.0007488734018211737,53.97869496666837,0,2
0.0006179869541967451,28.546631018011226,0,2
0.0009086813684018181,17.45233889237672,0,2
0.0015452767832546622,19.296171716539018,0,2
0.000522401063988776,27.767708096054,0,2
0.001572442420762845,96.2819764585892,0,3
0.004461112247395435,99.64275025096292,0,3
0.0005077644934731795,9.75223915198766,0,2
0.007428903739557738,96.51896798177854,0,3
0.00011183532847167605,1.3109687910669374,0,1
0.00021825375959259337,12.58185719610921,0,2
0.0015980133742195014,30.691804554637496,0,2
0.0007732114759258273,11.155864266096382,0,2
0.000935389638788884,53.92318959329993,0,3
0.0012629135600372547,30.647706149158438,0,2
0.004121430722389039,91.36562734262104,0,3
0.2407109557314208,549.6043976530106,0,3
0.002095489833203503,111.38367437914314,0,3
0.0027731728605395545,137.03255786832432,0,3
0.0023426313569864473,29.429741436259416,0,2
0.0024402184014552853,30.655696803791564,0,2
0.0029785768278093577,66.03035663868856,0,3
0.002044677188652502,125.19730983074624,0,3
0.00050413000656581,36.33762366480536,0,2
0.001319558137036235,24.868251394908366,0,2
0.0002539122090158961,6.5356959415103155,0,1
0.0023306103266656376,24.995684063567115,0,2
0.0008518520667147682,16.75853142723128,0,2
0.004718135225446482,50.60177418555075,0,3
5.5116127043410214e-05,2.817093461283464,0,1
0.0005599015105156016,6.00491686809976,0,2
0.0007210401609754097,13.848459627260839,0,2
0.0008379151909667646,41.16626289956959,0,2
0.002955716120242153,94.56963585799761,0,3
0.0007649562106626331,9.6099044447275,0,2
0.002266918346274887,24.695487624294376,0,2
0.00014571726880476622,1.5095076693804392,0,1
0.0025337045036606105,134.6765386006504,0,3
0.18256558884921775,415.4917231895931,0,3
0.000523688016556616,26.766722669613564,0,2
0.00043586124226882887,21.954941494961968,0,2
0.14016680178156124,392.64447940110733,0,3
0.0007928079700914495,38.95017261592198,0,2
0.0003479349225425075,17.783636982959177,0,2
0.15921260271897325,648.4069912308058,0,3
0.0006620508420854509,35.19065291982354,0,2
0.00032368751594974134,16.304593724217845,0,2
0.0058224254570604555,114.54488850530774,0,3
0.0003498208750026445,25.215042033566416,0,2
0.00040881608664422624,10.522919117046182,0,2
0.00025013821450454836,8.003298996767935,0,2
0.0006962333710320956,13.121139580283016,0,2
0.0029882840995222367,172.26811520578502,0,3
0.002039869619501736,124.90293831438095,0,3
0.26930469223346354,634.5279944938151,0,3
0.0008419738071993318,41.36566024268918,0,2
0.0019641801100349827,25.540286261111007,0,2
0.002543648364253309,31.763031810875642,0,2
0.00042677695201734784,24.03754003758274,0,2
0.0018519110446343452,24.060689044923006,0,2
7.019281942418661e-05,5.059489066288634,0,1
0.00014297305597729058,7.201753161161547,0,1
0.008187908349425838,102.24400393632706,0,3
0.0018163583777916876,104.70913201674414,0,3
0.002680209830482243,132.43891641985553,0,3
0.0006899745484924669,8.615846372654643,0,2
0.0012719843828422946,91.68446473975014,0,3
0.0011928786373461898,85.98253315043087,0,3
0.00014997883944214898,2.950541757683516,0,1
0.000993228394630902,18.718276002389025,0,2
0.0016120813757260926,116.19861064653652,0,3
0.0017085419516572934,39.995916156294626,0,3
0.002922084502668069,37.99594257981234,0,3
0.0008872269145568262,17.45446270738999,0,2
0.001803540839365131,23.451489548058543,0,2
0.007240492095768756,94.07105668129566,0,3
3.24434950381832e-05,1.8702973193912917,0,1
0.001894372174284188,27.33192600443447,0,2
0.0008198102275413801,47.260286512771174,0,2
0.0034814579913282403,77.76133616491568,0,3
0.0012831652964008348,65.58509750493876,0,3
0.0012100282231013234,15.734029198310576,0,2
0.0010345484085427232,13.441222045728056,0,2
0.0007419860829603096,36.45332426032778,0,2
0.0022163223776693985,25.980425933149736,0,2
0.00015612385383761892,9.559595328473367,0,2
0.0005946250047895937,11.206239187019731,0,2
0.0020781239132195623,102.09696192615282,0,3
0.0037482642596223387,87.74456074319531,0,3
0.0003781911422789778,6.9801851531626395,0,2
0.00021039835905139865,12.129010344755796,0,2
0.0036903795466684533,118.07556467149679,0,3
0.002987023220575865,146.75063122256057,0,3
0.00035045491374097225,8.203933964248913,0,2
0.0023456218427350003,25.55287237571839,0,2
0.001982210273992211,63.421822725677494,0,3
0.00046875873732420473,29.445659694800597,0,2
0.0041224466025841225,91.3881478064067,0,3
0.11099159794983268,297.84429829005427,0,3
0.002257833834902522,141.82862410085545,0,3
0.0012747703466427667,24.48352620973316,0,2
0.1236237807184926,269.34121481436273,0,3
0.008174010795979606,84.67583895400419,0,3
0.002588312276431045,127.16220541939086,0,3
0.00019333213557990594,9.498290048942815,0,2
0.0074929120627589075,93.56545014246477,0,3
0.0017361455544175701,125.14114010691208,0,3
0.0007500199820843236,34.64562405289905,0,2
0.00056377281145762,29.966782114714885,0,2
0.007508997107627987,88.02281886090535,0,3
0.0009641564733517809,30.848675206176093,0,2
0.0006444537785168981,46.45214243967416,0,2
0.002821496067562478,29.228313075361477,0,2
0.001656882875673221,18.049847546706317,0,2
0.00029035602979693046,16.73839712889044,0,2
0.008381244745208414,89.88844823766924,0,3
0.0023446373103411656,135.16326990402615,0,3
0.0031868509198391963,82.02948847444947,0,3
0.0009348508551363462,22.686457100565967,0,2
0.0023003496093124236,129.56357079010573,0,3
0.0008155747182369594,43.351061603143954,0,2
0.0020259581825357404,29.230443671433733,0,2
0.0005507264741133097,31.018801762090817,0,2
0.0004371266340110748,8.067943692148361,0,2
0.00022382619486583334,16.133362286377427,0,2
0.0023839365686008952,134.2714746987375,0,3
0.0006344824307731106,38.8498946965884,0,2
0.0017645141283260323,87.19106112709778,0,3
0.0009553797297584597,11.930012486883882,0,2
0.0009444338664403437,18.139009417067683,0,2
0.0014390871619980254,76.49324435525747,0,3
0.06643496854866413,407.45282452911533,0,3
0.0033146523461389204,77.59397256522826,0,3
0.0011763454546661627,30.279111995730876,0,2
0.0014991670450169457,69.25092540842893,0,3
0.0002377719845729236,11.749178602994172,0,2
0.0047912019412826344,60.190364087945504,0,3
0.0015059220161712558,94.596353484966,0,3
0.00013904894912493578,6.870914337372108,0,1
0.002403444915505382,135.37025163026357,0,3
0.000726974327068311,41.908497638184464,0,2
0.0008353240891074943,51.14759893320771,0,2
0.00021221952157197358,4.175006037670094,0,1
0.0015644035930473586,30.04628753237642,0,2
0.0015462720135834707,19.308599351206343,0,2
0.0010324395827761748,12.892273858046948,0,2
0.0008507219709984945,27.21928079044831,0,2
0.008513658528660862,99.79977509255474,0,3
0.09263888178290648,266.54836625073966,0,3
0.0013900028746417917,27.345601154039485,0,2
0.0009594057726774565,50.99625800522706,0,2
0.0012385043892357743,57.21015237231884,0,3
0.0008016601532726206,37.03103510827536,0,2
0.022626545278737063,64.32163411474689,0,3
0.0052374122740486,127.09870052571304,0,3
0.001860534375303251,35.06343167102119,0,2
0.002091714819495227,26.119649745852442,0,2
0.001711846749949083,84.1019880196597,0,3
0.0004929381849432967,25.19503840549207,0,2
0.00565503370900529,66.2900785132047,0,3
0.001638430898303125,20.459405267677624,0,2
0.00042506681409503903,26.701097513066664,0,2
0.0019531953268943757,28.180624098881893,0,2
0.002939591366883889,169.46108448298045,0,3
0.001510914711397843,38.89091897362406,0,2
6.726746234606294e-05,4.2254888219930065,0,1
0.0002338496068129786,11.555359651056746,0,2
0.0016541069895960223,40.14097762550948,0,2
0.004608575490628471,85.05939621712344,0,3
0.0020442601991977664,26.55975789027249,0,2
0.002362973417312953,116.76311136488235,0,3
0.00016090057568919367,2.0904776879124776,0,1
0.002225925296826923,52.10754202184346,0,3
0.00409076106153592,130.885974238904,0,3
0.0003978510350955478,7.826944766030279,0,2
0.0006084553044268969,7.911760521736277,0,2
0.0022070180651792425,117.31184643592492,0,3
0.002457822540743155,25.46096290206173,0,2
0.0029792946054466667,152.2775964579387,0,3
0.0013781129018968674,30.550592333572137,0,2
0.0017458031891694238,89.23142848958614,0,3
0.0002957525596991,16.65779738427796,0,2
0.003238713108339469,46.72802326194156,0,3
0.00028861792883132356,17.672319356395278,0,2
0.12141461932012822,291.5146487068602,0,3
0.0007743247600264056,35.768333073171384,0,2
0.0008075071783261089,49.44434601046812,0,2
0.00024099089654413907,11.908236751602624,0,2
0.06516009079021781,234.12247331759266,0,3
0.005136772889246837,74.1131539073259,0,3
0.0003366139622929073,18.95925156590046,0,2
0.0002321642683299003,13.076286966521183,0,2
0.0010155229215277944,19.504361810181134,0,2
0.00019946090507353125,9.213684562408924,0,2
0.0026508557746913334,28.43030114650867,0,2
0.0008753942397931856,19.552677621543854,0,2
0.0019417516017521694,25.227929617680335,0,2
0.0003322034342641804,20.341096637274127,0,2
0.00024595686845784636,12.389192095096863,0,2
0.0005230212818362142,25.69571696784464,0,2
0.002508915853688646,144.6335726224815,0,3
0.0006804834536632406,41.66657614990981,0,2
0.0009213889990656548,53.11608299417117,0,2
0.0001946787993694415,2.087920793638211,0,1
0.0009344923596880242,20.87268457819932,0,2
0.008242284921212472,103.54523487097084,0,3
0.0016591198968862475,32.63995477611825,0,2
0.00275314182545085,127.17570055108007,0,3
0.0007654791860634895,17.097631068074236,0,2
0.0007715734784145693,19.86028821140852,0,2
0.0011812315120503048,60.37506166276885,0,3
0.0026106265202100218,30.60258274283876,0,2
0.0007465256046702368,23.885465220709975,0,2
0.00043482818255828224,21.486442095644556,0,2
0.0015986305440269053,97.88549734705623,0,3
0.000858985767941384,16.898873114326992,0,2
0.0007092464809485766,22.692700756180205,0,2
0.051661260845772904,136.39988258006238,0,3
0.0017035341437883823,37.76466868684356,0,2
0.000935655317211396,21.903115450035255,0,2
0.0007061762455398006,40.70953322064948,0,2
0.005305103346308722,118.49401191382555,0,3
0.026951510810934137,94.0591844189002,0,3
0.002219642329074174,28.83838509713476,0,2
0.0006755753729544411,16.394499328445768,0,2
0.00048550696894551917,6.099271453426259,0,2
0.0009950757835713061,52.89226189679793,0,3
0.0034316477886219203,35.54896889041733,0,3
0.0015173176488961354,39.05573047592845,0,2
0.002167668185319245,48.053789317980176,0,3
0.000645852324442791,31.91391250179019,0,2
0.00045911139381579123,22.55586310137483,0,2
0.004919109333330143,63.91082357338841,0,3
0.06063242022302904,372.90598748288573,0,3
0.00038499800662364673,19.678003975359456,0,2
0.004238613782540496,46.17485865024604,0,3
0.003259509291250197,173.25596897665574,0,3
0.0004759222482782517,9.36284393304199,0,2
0.0015549635903571023,112.08156829183876,0,3
0.0016714218397171229,30.849040619938812,0,2
0.0016963535111984447,31.309198629110476,0,2
0.00047433584764256306,12.209396650778116,0,2
0.005639616407887559,70.84872837069992,0,3
0.005112532120268171,55.6952013346052,0,3
0.0006154000464822493,30.40915468404696,0,2
8.316427203591194e-05,5.224066578713428,0,1
0.0019320106462618076,98.74885719795714,0,3
0.0021431824622434184,23.347526416162832,0,2
0.000409752009524086,7.722142508476719,0,2
0.0006954209344608272,36.964406933918944,0,2
0.004063252431830787,90.07590627908347,0,3
0.0008701031624273084,53.27715094377059,0,2
0.004009083981737047,52.08744951278311,0,3
0.002072173059018466,95.71975479345048,0,3
0.0008104250544378732,45.645915510260956,0,2
0.00504066794543441,99.16533102229943,0,3
0.003740772484238653,90.77905210268048,0,3
0.0019292381739538867,37.05338261218154,0,2
0.0020267825564792424,114.15533715809411,0,3
0.004163057672010295,43.12575671722357,0,3
0.1828795221647217,506.9943428513881,0,3
0.002610805631526357,27.04573834231631,0,2
0.0009570932491504032,18.82894685756341,0,2
0.000432516790762776,10.496084551886176,0,2
0.0013591476526647632,30.13016263075381,0,2
0.000937512039078761,46.32587985240694,0,2
0.0002795639980546266,14.082030302665297,0,2
0.0006425251146262354,40.3610095432987,0,2
0.0008804940183729071,55.30932047541673,0,2
0.0013623865937240044,31.892632148827058,0,2
0.00043916274006244453,22.121242564832894,0,2
0.0023530523197824267,25.236373364256238,0,2
0.0034474643112582842,110.30336855300845,0,3
0.0008773308044246682,10.284346813839639,0,2
0.0006474160598650446,29.906047774300145,0,2
0.0002232660336789516,16.092985942705287,0,2
0.00239938345796172,26.138543803044048,0,2
0.00042841786014020857,6.181195760413295,0,2
0.0012703812383300075,29.73884337197032,0,2
0.0012757729718824043,16.02713486349215,0,2
0.00011723219097652071,6.758182257235406,0,1
0.001693777625442976,21.150530613254627,0,2
0.11204206679967679,371.3108779286002,0,3
0.0020148286667768006,25.311659269293887,0,2
0.0001621039149627524,2.036460533549832,0,1
0.00907938366072983,97.37595464970026,0,3
4.75594445128229e-05,2.3365665371377857,0,1
0.00029833148016504747,18.74006080682508,0,2
0.001702591877999659,31.424338701041865,0,2
0.0018187486644228301,58.19178565010338,0,3
0.0019033833665109514,87.92286355014181,0,3
0.0015261751842432063,33.83289991643792,0,2
0.0008592350457671805,48.39506144062646,0,2
0.045358563168510724,248.46879827731993,0,3
0.0016365407900366224,80.86743300629817,0,3
0.03549458978404756,324.007311362173,0,3
0.001984656502429401,28.634544681863826,0,2
0.0005157972910767484,29.73459825196916,0,2
0.0017267398415457338,31.870031996785656,0,2
0.0008860269389215407,12.78356125648317,0,2
0.0018286140751440697,35.120773521431076,0,2
0.004593037049710246,146.95654914173682,0,3
0.002544468749198969,31.965361156053753,0,2
0.001074280712869394,13.495850943606069,0,2
0.002685103222026253,33.73210783601615,0,3
0.003701903808144944,118.44428926040447,0,3
0.006620968949532808,86.09263551395173,0,3
0.0063993250160612695,120.60099421960345,0,3
0.0014894144493818383,76.12689663753048,0,3
0.0014033769987552994,85.9299579892611,0,3
0.03644071414985974,275.0691609471456,0,3
0.005086476924268628,73.3874857351646,0,3
0.0015949349788011702,17.105601213516646,0,2
0.0006880198740945502,8.59143797330454,0,2
0.003055277778284454,156.16124559751475,0,3
0.0009669262490862205,12.57296775834094,0,2
0.0019032249082275273,137.1841976552283,0,3
0.001804954088004717,22.538812722761463,0,2
0.0013595778951688143,25.09341012388112,0,2
0.001726519501585742,38.27421786437602,0,2
0.00022441144218740466,12.93683427971823,0,2
0.0017805817260017212,87.47889552185434,0,3
0.00034002521088898676,17.379356091411395,0,2
0.003350922608285395,165.5812743468161,0,3
0.007057463841661989,82.72980431979933,0,3
0.00610828948088596,79.426250734604,0,3
0.001564268635366216,34.677371725849234,0,2
0.0007150992042407613,41.223922490973315,0,2
0.004560198802265292,110.66444869706534,0,3
0.0016542285765385777,103.9124134522115,0,3
0.001963660214274212,28.331611075671976,0,2
0.004998114587970528,95.99491377886486,0,3
0.0006074994151717417,6.293180169157008,0,2
0.0011912530371293718,14.965337488257212,0,2
0.00018178446214580377,4.029875192337281,0,1
0.0008838410156730346,49.780953963593554,0,2
0.002926207224883972,55.14698811638151,0,3
0.0006751570724750108,16.384348237681287,0,2
0.0011693593403842672,14.602017499330431,0,2
0.00039295915813448095,7.547262040475103,0,2
0.001516013713117775,33.60763610718461,0,2
0.0012069943598201484,86.999992544506,0,3
0.002183957011856058,22.62394763527215,0,2
0.0004818915843844274,24.27355432431223,0,2
0.004096966078895018,90.82328473125496,0,3
0.001583375093114042,91.2781495568476,0,3
0.003938036371535491,49.17502603713296,0,3
0.0020000421821766185,144.16277385421355,0,3
0.0017500956299147886,38.79686349405795,0,2
0.14000570716489985,565.539575332263,0,3
0.0015795948321015844,36.977343403461035,0,2
0.0015612621989772864,29.423380272383138,0,2
0.0030178790556026893,39.24156170186005,0,3
0.004396905926547629,51.54191010778019,0,3
0.002582700630459421,26.754594300114103,0,2
0.0009716598988656261,48.9438705803485,0,2
0.00035033030552614474,21.451020262500183,0,2
0.0011511546675624902,25.712022177233518,0,2
0.0008240131694249878,42.116930853474,0,2
0.008617761905847213,93.88067851878368,0,3
0.10314268568108532,277.46365362468185,0,3
0.0009016283129341725,50.78279548304282,0,2
0.0006928390406764096,49.93974568561536,0,2
0.0002789786394223149,14.828831636299233,0,2
0.0005547707907701474,39.98780463904105,0,2
0.0032581677121321095,61.40307992345001,0,3
0.0012768033243975342,16.588684347913027,0,2
0.0021305800443492447,130.45721418127047,0,3
0.001238668450046706,22.8618128722038,0,2
0.0017329418184821965,21.77040339271241,0,2
0.0010362806926089109,25.147901772618077,0,2
0.003985306851597347,96.71328043890848,0,3
0.002686339118719654,135.31466546580714,0,3
0.0009458936289767746,22.14278803083017,0,2
0.004964816801571592,120.4835004024204,0,3
0.0007041907660447872,40.59507462200407,0,2
0.0008711473654596039,47.76907009123276,0,2
0.000275681068840763,10.61418005401097,0,2
0.0004967813597064585,5.521936362954151,0,2
0.005737230504856026,59.62817800194427,0,3
0.0005815055935063304,11.460151884483231,0,2
0.0003912294427223171,21.452933696581226,0,2
0.007822736664210647,93.47518941667946,0,3
0.0006897081938162358,9.914327639007107,0,2
0.001555086399253535,26.08841308622305,0,2
0.000449024937561436,23.9587457195861,0,2
0.001231055207382828,20.652406707154984,0,2
0.005618597626747381,62.45310524991687,0,3
0.0010758472327367565,14.270333528567251,0,2
0.006281486468614576,72.08941880684998,0,3
0.003829231673459937,55.04394141859419,0,3
0.0008161631573260829,35.233465400155616,0,2
0.001085067318697677,48.50255423368074,0,2
0.0006761849293867308,13.326066127833638,0,2
0.0007252161327344822,16.453885023662185,0,2
0.0011847470150902904,43.13554869564401,0,2
0.0017823476426102759,36.8898352423319,0,2
0.0006072965289001605,10.787432047569505,0,2
0.0008554843192580845,26.77433776739777,0,2
0.0008640888466352847,19.604663893999756,0,2
0.0009667761610626149,37.22249151381265,0,2
6.84816882987567e-05,5.304964839453647,0,1
0.0008731005184720294,31.788786509727593,0,2
0.002356708640189912,26.19582011861811,0,2
0.002888428860432048,48.456809420551224,0,3
0.0002725431068228874,10.570874651921875,0,2
0.0013842212349197006,24.587976054369747,0,2
0.006516723428863652,92.5361015963808,0,3
0.0007042103389688596,8.820851420436606,0,2
0.0026008710115517503,94.6953203856178,0,3
0.0020054256446772217,23.01524804797028,0,2
0.00150049945574448,16.567181897743293,0,2
0.0008404313848387057,17.394684728159856,0,2
0.003845327411726438,149.14511887242423,0,3
0.0013613006375444165,15.62295362288916,0,2
0.003321913143484977,128.84393905134186,0,3
0.0008707729913638477,15.38160773537465,0,2
0.004037740166872875,44.58113966273816,0,3
0.0007512055742549145,58.19247827592266,0,2
0.0028017336672380125,32.15406938022423,0,3
0.003803567938661017,67.18741923276455,0,3
0.0034876887075342877,68.73440730489696,0,3
0.002798311722375306,87.57956346683444,0,3
0.001706013416257055,30.135557051502182,0,2
0.00048131209722351083,15.063762564079392,0,2
0.0009595013521848254,17.04366012924551,0,2
0.0016987508279773507,30.174977544735412,0,2
0.00204634036959556,29.415467391855852,0,2
0.0005769033521856457,30.781989069151848,0,2
0.0005121903141378676,9.868640585794832,0,2
0.002096964910765036,24.846393240139754,0,2
0.0018730487832839607,24.87210784267448,0,2
0.0008256796961866711,36.907916729082835,0,2
0.004309439317419969,49.45723871705053,0,3
0.0005438439940297938,31.58697599630058,0,2
0.002179776151964855,97.43608456925283,0,3
0.00265071596407465,45.62451364167737,0,3
0.003724929610760088,53.544633693527366,0,3
0.00010459307612759504,1.8475649621505237,0,1
0.003193198156230618,142.73609027074315,0,3
0.00034013884545824625,18.65139813729873,0,2
0.0022422736181116646,26.568118417998615,0,2
0.001988336161919021,35.318893182662684,0,2
0.0012225317696006124,15.313281415607419,0,2
0.0008274163905426079,35.719263367896886,0,2
0.0002666423878636017,14.22731041082371,0,2
0.007184515837184827,76.05948275161252,0,3
0.00022902902633748163,12.558728919842295,0,2
0.0017154397565267725,24.358883620769575,0,2
0.0006981410609420876,30.138494606542658,0,2
0.0015489400527976139,21.994622858711217,0,2
0.0024091908792754223,41.467348303867794,0,3
0.0011772164912553832,20.794722008710412,0,2
0.0006068295798311132,47.00832681724248,0,2
0.0018453226741245224,24.476867371399308,0,2
0.0016155273194871985,23.222671991961995,0,2
0.0020832040704792014,23.907871400705623,0,2
0.00016498053441013776,12.780291432387818,0,2
0.002231121690869339,37.42970444920085,0,3
0.0014220871344949742,15.055045368205787,0,2
0.004515175219908484,80.20323441637836,0,3
0.000892631859754733,39.900681222644145,0,2
0.001973927557171236,34.86807662109447,0,2
0.003646642804677353,38.60549155840265,0,3
0.0001931544089950338,2.562053193984342,0,1
0.004661020772274893,48.44291615000077,0,3
0.00012692965261904492,9.832662730079388,0,1
0.00022543978892398196,12.361914304568698,0,2
0.003031374113848457,166.22437059288836,0,3
0.001344237431845166,30.498395098694196,0,2
0.0009026445771205478,28.250325865347047,0,2
0.00013584057637134976,1.4380877166434425,0,1
0.09268314816652347,372.04897227113656,0,3
0.0005302191768260232,29.074388588841497,0,2
0.00022446274811168966,4.645779306978806,0,1
0.00543443640598518,77.16785358052317,0,3
0.004404918267572305,99.93988749254663,0,3
0.0005255176320394712,20.233303619576144,0,2
0.0012437280968137184,25.741849390573304,0,2
0.0008301988434195419,17.182898453676128,0,2
0.0006642838950364754,24.18596538932339,0,2
0.0017666455262883944,36.564843377545174,0,2
0.003065091590639813,52.756807966392294,0,3
0.0017772549560656171,18.81505946113389,0,2
0.0006862068307962096,7.131884106492466,0,2
0.0007651958828647447,9.14345364824609,0,2
0.0055546515418810226,98.66749306880958,0,3
0.046001153341463104,293.14721583610856,0,3
0.0016538952106964254,31.86647023656345,0,2
9.949463326093133e-05,5.30876220752434,0,1
0.0015911593431576117,16.537235598770792,0,2
0.0006293533930891045,48.75314415969449,0,2
0.0016164149037134166,17.9671399903375,0,2
0.00045075864254352674,19.459085960104407,0,2
0.0015291040299956072,26.319163811439477,0,2
0.001162254048852718,20.64516422762631,0,2
0.00014332584998381228,5.559045731226715,0,1
0.0031301430621828103,41.564990992446226,0,3
0.008008794299828372,89.02115911469309,0,3
0.0012423591527356318,15.561636759191503,0,2
7.49496291306575e-05,2.728847033085411,0,1
0.008074051644761956,85.47662858949617,0,3
0.0006045144128087585,7.223443874946455,0,2
0.0024404672111091883,25.364261231748955,0,2
0.002669869475430047,28.26479834096917,0,2
0.0036169515581900287,161.67788494658998,0,3
0.001545151076019295,17.06018541886406,0,2
0.0008981398517818061,17.700292533496853,0,2
0.00034825535773262326,15.034056593893578,0,2
0.0024133964721199754,34.269722134791195,0,3
0.005791714355483262,76.90784422121845,0,3
0.0014224543601550168,25.12668078405698,0,2
0.0010292890588924966,23.352767632557846,0,2
0.0014687526793523576,16.216662197691605,0,2
0.00024845770142664024,11.106069577954818,0,2
0.0007404675272875839,14.59292984109716,0,2
0.006977530335795258,77.03969090264505,0,3
0.004340426257955852,45.950288590497024,0,3
0.0010091957852426039,31.585089544310023,0,2
0.0008212336360541704,63.61723363533288,0,3
0.0035266962342702904,157.64346821699053,0,3
0.004389776356411416,48.468010507206245,0,3
0.0005666965902358135,7.098371248365329,0,2
0.0005401966353912099,11.180627393688049,0,2
0.002414837325981871,26.84194521476709,0,2
0.02302653854905752,102.52951835299278,0,3
0.005393637424782982,111.63388735192213,0,3
0.0005539647846719756,24.76224889378312,0,2
0.0008215892283183005,47.71868314921127,0,2
0.0007385144927532976,42.89362356043698,0,2
3.8015387019867964e-05,1.641110372619901,0,1
0.00717799184709386,85.77102570870997,0,3
0.001257359365558231,13.311140951528321,0,2
0.001948995590995398,70.96113613467965,0,3
0.0023771777907769472,25.166193139879383,0,2
0.0008914419734159277,32.456582007672935,0,2
0.00023480336290611478,3.1179404488250038,0,1
0.004247531804258522,50.754468288943585,0,3
0.0018980580302245175,22.680213014301813,0,2
0.003916651026719746,150.79758425611323,0,3
0.006260330990155577,88.89538291070667,0,3
0.000576968182805229,11.11674990404316,0,2
0.00865547138516663,102.55643506984953,0,3
0.0006052526592782332,8.037115502800818,0,2
0.0005389434072724877,29.55277880410589,0,2
0.0024207914982326546,104.5046847904872,0,3
0.0020092805507517246,21.27141798506133,0,2
0.0007218460851490313,8.552967004071093,0,2
0.001199786396541671,12.469618704834199,0,2
0.006639954102363263,70.2944340252284,0,3
0.0014632830062839722,15.208191389917042,0,2
0.002924101310827591,130.70745009942374,0,3
0.0007101190269954506,38.93913580943577,0,2
0.0006954370583823655,7.730079049456591,0,2
0.00016342076110539068,2.8867156745438898,0,1
0.0022596287712812347,25.932607776010762,0,2
0.0024443743615684354,76.50228451102272,0,3
0.11711574589779539,420.97995534590495,0,3
0.002204699266026993,29.276075665870888,0,2
0.001339035236381644,103.72896790751417,0,3
0.0004973275957517369,27.27078990502971,0,2
0.0022802351950950675,27.017915295811587,0,2
0.0028573410234216602,33.85589254481944,0,3
0.0007871417766094264,15.512773076133437,0,2
0.00034804817462486155,26.961708665328494,0,2
0.000713337381255762,8.45214957893881,0,2
0.00252318433139068,33.46821078993309,0,3
0.0017976990862584236,31.755121536049668,0,2
0.0021667842561638173,23.923706714856248,0,2
0.001016630771210923,17.05518325428553,0,2
0.00023365013924575302,18.099813311037657,0,2
0.002035868150124983,28.90889939296562,0,2
0.0007287002509191508,12.871990205796374,0,2
0.0004398465832892347,16.014409380587868,0,2
0.003297119552041585,36.403864825247055,0,3
0.001254399679197316,24.169179391398067,0,2
0.005921921634089155,116.7075985726181,0,3
0.0003664551744112799,14.109134222676763,0,2
0.0012232259308146878,15.321976392935008,0,2
0.0010043017687554846,17.74030201688357,0,2
0.0034771509712597875,58.33331893644676,0,3
0.005909587448821911,74.02275990219476,0,3
0.0020599413940684866,25.802570576415054,0,2
0.00044611253688018904,34.55830867171885,0,2
0.0012100537320509737,21.49423187392156,0,2
0.0005834650123164553,22.464374220486437,0,2
0.002127200366906055,164.7845348625027,0,3
0.004638770416185281,79.84319972499871,0,3
0.0013882806241570839,14.697149895746989,0,2
0.0004736711043438975,5.612406037221698,0,2
0.002568604005192955,50.621339432193736,0,3
0.0012325119706259463,14.144911730504216,0,2
0.0008785207025954786,46.875468069069896,0,2
0.00044844082669087606,7.718629567308388,0,2
0.002233028648720189,24.821064345434372,0,2
0.0008162361859825951,36.48579143055366,0,2
0.0012053272036848044,16.005471113889726,0,2
0.001171713335602763,42.66100441821039,0,2
0.0018315546974731285,31.524989253049856,0,2
0.0029479906840204633,30.639053652465517,0,3
0.002023969898355764,38.996894185633366,0,3
0.0008929570246943667,38.54862860567084,0,2
0.00026167934223168804,3.715791603365316,0,1
0.0006880926874792354,36.71474867376608,0,2
0.0014036200158523925,27.044286221598433,0,2
0.0004805006877639381,4.993939238765821,0,1
0.002210134724305361,38.041164442232564,0,3
0.0013776577751874893,23.71244856464537,0,2
0.0009377143614653726,11.745693863863309,0,2
0.004562264159129305,94.42668149508492,0,3
0.00105949507316097,41.09364475687001,0,2
0.000727385393271186,28.00554845968573,0,2
0.005976841563819474,102.8742774248242,0,3
0.00038027555241642035,29.45821700645116,0,2
0.000688771274130696,25.077528330519698,0,2
0.0020808819495089486,29.911991202216036,0,2
0.0010727808785927302,47.95334985045012,0,2
0.0021913096272058357,49.71698095206275,0,3
0.000826522093971942,44.10096416612545,0,2
0.0002072753824105299,2.15425428476946,0,1
0.0003651413835238417,6.125678452861259,0,2
0.0009414942016518025,9.96720775819709,0,2
0.00023624799400050097,7.393921134317506,0,2
0.0011180235647854928,34.99110373108575,0,2
0.0030703853079409047,168.3635361793694,0,3
0.0009247805958607985,13.131689890951625,0,2
0.004115938153815015,54.65530772561068,0,3
0.0054823168383163765,77.84774564576782,0,3
0.0007839278534315817,28.542091826239037,0,2
0.006012026185927431,79.74516850075582,0,3
8.941797218751966e-05,3.4427407759764974,0,1
0.0009350335828879446,12.402542556418036,0,2
0.004397079266363138,52.09985155176749,0,3
0.00038837078591179243,30.085317916591777,0,2
0.0008803158995966446,12.654250497064293,0,2
0.12222464307145711,358.13027586822875,0,3
0.0029180038046639394,41.94534156718405,0,3
0.0007505965540294265,40.04978448113052,0,2
0.005995183978496564,62.30913977076966,0,3
0.005191522398906481,73.71852578817612,0,3
0.00279447637759824,46.8806454313213,0,3
0.007712965397255552,102.30689391945164,0,3
0.00012049603366773523,2.3216605536211503,0,1
0.005099159242855553,73.2987310726528,0,3
0.002242543401518479,29.745712326228357,0,2
0.00035598419806334247,20.675900520606092,0,2
0.0002511161370841432,14.585063881253442,0,2
0.003500455643757878,127.44836910751997,0,3
0.004254066246168425,56.42710446074789,0,3
0.0013705631999266458,26.407363136024113,0,2
0.000204312075859011,8.820077690343913,0,2
0.002144833966160181,25.413581259489057,0,2
0.0011955061161026195,12.425132898711892,0,2
0.0012715028673910048,21.885294654331005,0,2
0.0012490905147938358,25.8528371188132,0,2
0.0027263654238517403,30.102104818331544,0,2
0.0060929353390038994,80.90774046175643,0,3
0.001325657818279841,59.256959562280954,0,3
0.00018204132852311865,8.137254949362209,0,1
0.000944246602385846,21.423303106976856,0,2
0.00044967173775862265,5.964569579142197,0,2
0.00023826562033911453,9.17362300427223,0,2
0.0010403834743604359,40.352381043862025,0,2
0.0025113625465985586,31.457015980242183,0,2
0.001069902927708226,18.415326795504146,0,2
0.0006133234313116604,26.47694851483038,0,2
0.001260485806211087,22.39005878405634,0,2
0.0005976822994695682,10.026827274915686,0,2
0.0008046992751802,44.12541161525176,0,2
0.001276971121834037,13.271814909931567,0,2
0.0005810690828438393,21.156190646011826,0,2
0.0005746621785259479,8.160082028361808,0,2
0.0007066940799569077,27.409882508363577,0,2
0.007866905431552077,86.85938056019013,0,3
0.0003651141138919137,21.206174708224545,0,2
0.0020859972576772203,23.93992738661437,0,2
0.0013686677617240767,14.224836330443706,0,2
0.0017432999395374416,25.05936123218001,0,2
0.0027307376004934,117.88494481802235,0,3
0.0034134570653179055,45.2770331375196,0,3
0.0008819681817513813,14.796059090658773,0,2
0.001273836833798444,16.91520658028833,0,2
0.00414313486032183,81.6517593423089,0,3
0.007901161340641689,87.23760387429228,0,3
0.004144347167546034,81.67565115878527,0,3
0.0012788728916667456,16.96332169605831,0,2
0.0006998511258432017,54.21428279123835,0,2
0.0005046373701681962,22.55731141575793,0,2
0.04191289982043306,111.3429454605028,0,3
0.0010404449168573988,18.481463841337828,0,2
0.0029321390175090626,91.76799465341176,0,3
0.004832277749930392,51.15731588613887,0,3
0.00015393810829038981,2.2128094974126347,0,1
0.0005157554458313616,27.519303598755428,0,2
0.0011939257712394505,24.711074281835753,0,2
0.0015997850493486294,62.04936688298904,0,3
0.0012732785492651794,22.491592386195617,0,2
0.00023460418472035942,12.517839291936546,0,2
0.0018854732553838028,72.5938589248053,0,3
0.003043940588344303,51.065702533805045,0,3
0.0018804700504919474,68.46618425750049,0,3
0.000587322123775947,32.20560930237454,0,2
0.0015938530576594184,22.63237807822579,0,2
0.10576532024206406,311.6225099320681,0,3
0.0004183969646239855,6.014318269145392,0,2
0.009531814379268295,100.9093567056018,0,3
0.0009317253718905142,21.13921829746202,0,2
0.001635218654838787,73.09434181967362,0,3
0.00033450724306944093,7.58938400376418,0,2
0.0007345153742605688,32.83286775082723,0,2
0.0006835108569252247,39.698960120767886,0,2
0.0006531487111097719,50.59645919148161,0,2
0.0016266052589850725,32.056687901601734,0,2
0.000725199457486477,56.177902723032986,0,2
0.004234380787246051,56.16599112054755,0,3
0.0020712827220374904,35.65122332537805,0,2
0.00043819781579253615,16.87134533994009,0,2
0.006217140177737018,65.818278757979,0,3
0.007255121119358473,80.10460171405693,0,3
0.006078052401535851,87.3699971323465,0,3
0.001522004405757466,16.917727101706536,0,2
0.0006209041797240484,33.129753191494636,0,2
0.00151767125409767,16.06695471060317,0,2
0.0006815222640202268,26.433566819701447,0,2
0.0008185495269807768,10.25304991735627,0,2
0.0006785851268722112,13.074657093506199,0,2
0.00012808635874069204,9.922267490963037,0,2
0.0008179876177026211,9.692123082588733,0,2
0.0015419827735606256,21.895830957330713,0,2
0.000323771643669655,17.275571650922753,0,2
0.0008422045402105183,32.42627674685716,0,2
0.00034566078783771425,7.842438417393212,0,2
0.0010061424412305452,19.828777784235136,0,2
0.0054803826338234995,60.50951609225294,0,3
0.0014492744986358518,15.342866691283998,0,2
0.0007454536550164879,28.701206613631754,0,2
0.006163826692879097,65.25387105481938,0,3
0.0011585633182756648,44.93611214964784,0,2
0.002063059830272328,29.655804120610348,0,2
0.0007731659641093409,44.90621394660547,0,2
0.0029319562979348286,38.93328026640519,0,3
0.0009973739336939932,44.58265628008538,0,2
0.0015357819462891251,22.07635857323053,0,2
0.0006987229193164184,54.12688576431172,0,2
0.00033286615117970024,14.879130789348089,0,2
0.0012603975879184948,69.11347391647618,0,3
0.001901879509409023,36.64451434900301,0,2
0.005571887293919574,73.90704520896779,0,3
0.00026659566829296313,11.508837626786729,0,2
6.630536332392223e-05,2.8623783168207733,0,1
0.0003607109612956317,13.133154199029137,0,2
0.002356265575244771,31.288716031580574,0,2
0.0006543217722537178,20.478495916882117,0,2
0.0015259542088702084,26.954934633678842,0,2
0.0026522740297886564,30.438797294127863,0,2
0.003535528160733786,39.29890107901827,0,3
6.483715292153563e-05,3.459533602889152,0,1
0.0022401635165644087,86.25002440401597,0,3
0.0007686524868811406,33.18244711020447,0,2
0.0015698446254746319,27.020396942184096,0,2
0.0006312124662496399,27.24921161917639,0,2
0.0014767873859168287,46.21943779806565,0,3
0.0016742777271459577,24.067189710725483,0,2
0.0013697447895781873,17.157253457082053,0,2
0.002569241034014749,34.079119558085594,0,3
0.01908210229797269,152.11796859685646,0,3
0.0007708092573567579,15.953692662061966,0,2
0.0010325858852536535,37.59550196663642,0,2
0.001813920079062714,20.817436273256416,0,2
0.00045720673484447426,25.070776115412727,0,2
0.008299565503980665,98.33939861157195,0,3
0.007572064562779924,100.54901296641994,0,3
0.0028385495928263415,29.50161061946787,0,2
0.005246427221202467,101.08567689868696,0,3
0.00011304344647334828,1.2973420219727545,0,1
0.0052730359116705755,119.63595775114234,0,3
0.0069744224666939735,87.36075135185278,0,3
0.0010772058409880285,11.893549871436438,0,2
0.002035852609284558,34.15383471887816,0,2
0.0026083735122972695,29.934973429014605,0,2
0.0006166549857070328,7.077034989422029,0,2
0.003283728582680125,58.00481350382,0,3
0.0027048593009052196,120.90732314571189,0,3
0.003909067730937714,75.31806712722981,0,3
0.0005556356666551724,20.230183364685853,0,2
0.0007035007742919673,12.426858732426963,0,2
0.0010892531627762912,42.247843954462056,0,2
0.0002985369179523314,15.929115527464944,0,2
0.0057721621042774954,63.73108577862124,0,3
0.0013211520804458734,14.68516797473501,0,2
0.003244380760403916,173.11130664184896,0,3
0.006068673045358298,73.6443965980694,0,3
0.0008885599307547025,20.159869971651485,0,2
0.00046622021542763194,25.565027263742454,0,2
0.0008755190431624262,50.85097804566463,0,2
0.0003793242545824946,14.712495187893415,0,2
0.0006995088458650306,13.785727442130876,0,2
0.0005931197706504932,31.647252919733692,0,2
0.0012244950052277168,16.24203845764767,0,2
0.0014202033841370031,27.988976668183945,0,2
0.0017100469029423726,35.39340305902248,0,2
0.0026204784701215436,29.127734102287604,0,2
0.0028222743590025972,29.878245492599362,0,2
0.00032140759665156567,17.62427646693636,0,2
0.0021543297084250074,28.575621644275067,0,2
0.0008781748976149498,48.15442243161434,0,2
0.0010143119420240785,13.454112511747361,0,2
0.00047456587002319106,9.143710601843356,0,2
0.0007830747894292238,30.37238966941026,0,2
0.0014639088310275591,18.336740568829036,0,2
0.00046614469886500936,25.56088633866365,0,2
0.0021318968721632994,28.27806633557945,0,2
0.001794210583417959,19.943414682924157,0,2
0.002048614023116831,21.687825107087676,0,2
0.0008831069223919368,14.815162811354384,0,2
0.0018825278835422042,36.27165637969163,0,2
0.0007765325742626188,30.118642886825054,0,2
0.00012344958400447963,2.071012738827371,0,1
0.0012334335571821025,20.692306337205633,0,2
0.0012188150007061372,20.447062767297023,0,2
0.001437916412756532,20.669573830483394,0,2
0.0007335041448787894,9.740159656967222,0,2
0.0005184227988575047,30.110488822553517,0,2
0.0012556024926475952,14.409909883537662,0,2
0.004815474011738096,60.31803060249285,0,3
0.0003906234770801713,16.863072831274515,0,2
0.0026579993409705095,114.74486072189184,0,3
0.0021393607074616156,30.378471932710774,0,2
0.0008979524759575149,10.729784393908727,0,2
0.0011771512125210238,23.19897149252043,0,2
0.0005919020015831066,18.524926475950885,0,2
0.0009565615221890549,42.75833978993303,0,2
0.0005548439602446083,6.167326893365235,0,2
0.0010898995331298702,42.27291411699909,0,2
0.0007222305763129837,22.60385720794547,0,2
0.0009243653400292337,18.217137224100814,0,2
0.0004450315878115266,7.905113538575891,0,2
0.0003802999101774242,7.871192293649748,0,2
0.0068659687824721045,72.68715749510741,0,3
0.0024978474288721293,29.847196904377462,0,2
0.000981042311645231,17.42629303649991,0,2
0.0008614980472686542,9.120321724066704,0,2
0.0014753161433461958,15.333254177277732,0,2
0.0016876967976699221,61.44748749911411,0,3
0.0073418120307067935,81.06176573813593,0,3
0.0009205917323643734,18.142768004828152,0,2
0.005512545644573177,97.91956436446984,0,3
0.002280053526566807,24.137978926721097,0,2
0.00010182083370454377,7.887596759735086,0,1
0.00684592485964671,90.90664531088467,0,3
0.0007430450509356186,16.85839197950121,0,2
0.001395056241277214,81.02619223611137,0,3
0.0014692329008233148,16.331149352098763,0,2
0.006668774782703629,117.79933323660532,0,3
0.0007442558454731455,32.12925301143535,0,2
0.0019222824342072266,25.525878682057048,0,2
0.00424195439527998,46.83589174223771,0,3
0.006483205485269753,86.09011544970626,0,3
0.004036510249721216,91.58135423066118,0,3
0.0014744924161467102,15.609838301538012,0,2
0.0027371900978637163,146.04899651461588,0,3
0.0005733599963873238,44.4155904555765,0,2
0.002818947211839565,163.72713295117632,0,3
0.003881900944959622,44.55059871355933,0,3
0.03388440614034447,213.41275662773515,0,3
0.0015818931308714858,35.89038704494727,0,2
0.0005076868633753371,22.693623888832974,0,2
0.0012804395973979555,16.038627689035504,0,2
0.001371572387062965,75.20970629147634,0,3
0.000420085515331043,8.094008909712741,0,2
0.0010747726768446009,48.042383315074105,0,2
0.002320841991758798,44.71688519069258,0,3
0.00185665956670683,24.654476371566368,0,2
0.0012817846447809107,16.055475585838423,0,2
0.0010886507768878017,41.91486709774927,0,2
0.001111326970853489,23.001499749568904,0,2
0.0014767404199972113,20.969403263469864,0,2
0.006993509594184958,77.73583726172284,0,3
0.004055498638400255,92.0121675427306,0,3
0.0010304968737592528,20.308748224685164,0,2
0.0007512626413069138,33.58147128369947,0,2
0.0003775986254162591,20.14763255587693,0,2
0.0006678843407689621,28.832323047862403,0,2
0.0004411175639227793,23.536829833695215,0,2
0.002806060304031671,29.16394297760382,0,2
0.0009033210018978856,40.3784863206099,0,2
0.002482935907708361,29.669016642775272,0,2
0.0008243450788885748,31.738657756783354,0,2
0.07342594699963731,319.5384007491779,0,3
0.0004662586333315929,36.11893511043473,0,2
0.07354253680263598,346.8056090520875,0,3
0.007055971682009504,101.42726401426077,0,3
0.0023500641739287887,136.4939605227817,0,3
0.0024786344257446916,28.446024054875497,0,2
0.0050474603114972405,71.67287445707265,0,3
0.0029838137604195863,31.01137001212654,0,3
0.0021615984519249387,25.829301612682265,0,2
0.0035799702248857585,112.04335350231196,0,3
0.00010480319248775018,4.035097368048464,0,1
0.004030542600575236,46.25648323903868,0,3
0.0007064246596744149,41.029815559769,0,2
0.002830863458327985,29.969174716891697,0,2
0.001477685397152391,33.5260959160044,0,2
0.0011844643096905443,23.34309599492348,0,2
0.0010646889600119836,11.8344711786286,0,2
0.0014943689784663876,33.90461718205561,0,2
0.0005270402951606633,6.048572858631457,0,2
0.0021997186361272726,94.96105007972393,0,3
0.0009225088953659327,18.180550924598027,0,2
0.0015300000819260917,27.026402206639787,0,2
0.000582929346792442,18.244106729022196,0,2
0.002055997649622315,29.554287604730398,0,2
0.0003869311255117101,12.109894259843857,0,2
0.0006395856821443539,12.323234248440063,0,2
0.0036925245057974005,115.56599706976903,0,3
0.005320358692895293,63.039549962733936,0,3
0.00019299225080892158,2.774199905792161,0,1
0.025835829517736913,96.23393622466837,0,3
0.0005643711938926806,11.68097618022967,0,2
0.0017723865548222514,31.48297184704328,0,2
0.0009512294640488964,12.617369177636267,0,2
0.0007012151104174014,40.72723998820938,0,2
0.0009104079206793682,10.051915424093165,0,2
0.0014213169950090822,28.010923404168523,0,2
0.03486403118135333,138.4988827738845,0,3
0.020854820774286652,86.30433009186983,0,3
0.0018442897102452361,30.940140582956722,0,2
0.0007122312777203933,12.581077088301853,0,2
0.00027026308326147863,2.984004854847698,0,1
0.0004974252562567763,19.29316831339845,0,2
0.0028728896378561637,29.858513539073396,0,2
0.0010329937287251556,12.93915140846906,0,2
0.000817118107718804,43.59919311391392,0,2
0.0016517316178938054,21.909022368412796,0,2
0.003874844916244804,44.46962026814244,0,3
0.0003074306533612988,16.85785552581156,0,2
0.0005398829927439996,12.249000384679448,0,2
0.0017542593424494512,20.132740405562018,0,2
0.002812091505449658,154.20008319248487,0,3
6.293190020632285e-05,2.4229829155109277,0,1
0.0017249523296707957,33.235565178158474,0,2
0.002265256035023122,23.981324034681073,0,2
0.00042764444858770596,4.907857385142632,0,1
0.0026431289942265243,29.379504323233828,0,2
0.0028115449675683675,32.26666867373361,0,3
0.03900067741623488,199.01240766863285,0,3
0.0016553968446745518,17.2048687314487,0,2
0.001424759753382098,29.488721114584205,0,2
0.0027814945296856805,33.2365435760277,0,3
0.0010933932714804378,18.34296496051336,0,2
0.0005374334927387464,5.973802132948585,0,2
0.00017162886433724216,3.0486502447042647,0,1
5.894119579459322e-05,2.544469894323948,0,1
0.001411881398417736,20.04841880312938,0,2
9.655451160138436e-05,1.2807255921778382,0,1
0.003709794830964471,71.47857119370141,0,3
0.004191314238862744,131.17676220872977,0,3
0.0001334550966451042,1.412833634363656,0,1
0.0008995978143601473,15.979591238776088,0,2
0.00013040262141654436,2.9586072933619247,0,1
0.0020817215951687527,29.924060831439824,0,2
0.0016175773875073017,17.98006149273967,0,2
0.002617899452000293,29.09906721761853,0,2
0.0007538359210636729,7.980547546284619,0,2
0.0007661606850945375,11.013306967000084,0,2
0.001717762992886725,20.525837443519638,0,2
0.0020082829371001324,20.87248409320783,0,2
0.0024932993594663426,26.395523918873394,0,2
0.000906551109465045,17.46699776434262,0,2
0.04283129431700537,170.7399767312595,0,3
0.0009372260682670294,41.89404419617074,0,2
0.0016550898868903062,17.5217486546217,0,2
0.0013811236085635313,24.39660140091864,0,2
0.0008041967350362106,8.513696550129296,0,2
0.004059992996432865,53.852863510520876,0,3
0.001161877045826286,12.828414090604387,0,2
0.008020091449631487,88.5507244763753,0,3
0.0003331958031445457,4.731310301540263,0,1
0.0019417178929829549,25.783961029380773,0,2
0.002679984079495257,146.9560173315284,0,3
0.00410723480992416,93.18597074345239,0,3
0.0017816115607398432,23.657918185550564,0,2
0.0004204832539273867,32.57292472014513,0,2
0.0008389648215431052,9.628371673906422,0,2
0.002063209894318077,27.39724637795111,0,2
0.0009872174349083275,16.561739759393898,0,2
0.03231900563191364,108.10272976568233,0,3
0.0014484040281586028,15.991990469614633,0,2
0.00042740319615254996,16.577288139947086,0,2
0.0009881531015899403,42.65820847511683,0,2
0.0005298836246950509,28.273144680977392,0,2
0.0006402604511995747,13.251681093113152,0,2
0.000555988298355108,43.06988404044735,0,2
0.00664658244625111,78.7536311717852,0,3
0.0009162543355961187,12.166889004518682,0,2
0.004767603681765361,68.53272931617833,0,3
0.0012036736141006223,43.82464875063835,0,2
0.0004277592278380186,5.358059067983527,0,1
0.002629296496540136,27.326801560941995,0,2
0.0009739632160291544,10.12259346449074,0,2
0.0010857165106900391,48.53157314271525,0,2
0.006824990049970646,114.49727797662209,0,3
0.0007903626435857418,8.726482126559349,0,2
0.0017234438475798948,74.40044141634364,0,3
6.662904407506015e-05,2.978321038797523,0,1
0.0009835485063536473,16.92898177457071,0,2
0.003177593009050122,37.96959058701077,0,3
0.0009643091012075493,52.87756224906259,0,2
0.00356159051200929,138.14008104189844,0,3
0.00022286393019110268,12.944148856412513,0,2
0.006904618845438489,91.68603939680379,0,3
0.0007606436538830428,29.28604685553812,0,2
0.005831359184018839,100.3702132731772,0,3
0.00042290940380304006,18.256844495544424,0,2
0.00958890326612584,101.51373302039485,0,3
0.0019763387973483525,23.61560299976054,0,2
0.0007611312906547142,14.66511751343207,0,2
0.004376052500865617,84.3157086800884,0,3
0.0012930706101970519,17.151644138694326,0,2
0.0005329270968088421,20.670145008069664,0,2
0.0009923956400624792,13.177965038880636,0,2
0.0064244121522708045,91.22530089069903,0,3
0.0019874589594427606,34.20843637580193,0,2
0.09773079298979005,214.04080169553012,0,3
0.00048743922521164344,18.767221570707207,0,2
0.0008596269628962252,17.791981919232054,0,2
0.00045817911509833247,14.339762996765465,0,2
0.001815151734698868,20.831571357272622,0,2
0.004567784699753477,81.13773866904326,0,3
0.0013097282610815264,15.51863040029779,0,2
0.0032146177929372388,46.20906974733326,0,3
0.0015054649103520394,31.15910228638945,0,2
0.0020597475822772982,22.741902856668528,0,2
0.002263888868186406,26.824231908779463,0,2
0.0003891856953490206,7.6699643645292666,0,2
0.007028731527025344,83.9874891677664,0,3
0.0002216882401909837,2.3040499829764944,0,1
0.00037299372565148997,6.420022950360598,0,2
0.000857016622397873,36.99709456567587,0,2
0.003521730106193999,67.8550290758654,0,3
0.003961398795272024,52.545082915158126,0,3
0.002460537856461117,30.82039221120104,0,2
0.00387544186777012,66.70467630632415,0,3
0.0013514123591244688,15.021523858311634,0,2
0.0016780579303998313,18.52762482615578,0,2
0.00327838693630085,74.38086286025818,0,3
0.00045399970487625607,24.894919715668383,0,2
0.0075251525742511755,83.64527538047919,0,3
0.0007278422792595031,32.534580126991926,0,2
0.0021210588240961363,35.583269720422074,0,2
0.0012279198658989331,27.859353067051646,0,2
0.0006613219252271493,25.650075166593,0,2
0.04060746971226518,97.98662525031972,0,3
0.0002286807489748078,12.53963124887594,0,2
0.0602291045241973,157.89913164018404,0,3
0.0008742553895768375,39.0792522420932,0,2
0.00012208702676940603,3.820992644933883,0,1
0.0015257414223558625,16.845881267280916,0,2
0.002690219046262946,28.480230788588916,0,2
0.001907024529974196,27.41284818029175,0,2
0.0030877952846115175,40.957365728639054,0,3
0.0017257023865475775,24.504610807847218,0,2
0.022858324425586836,88.48049206761935,0,3
0.0012935658927601338,57.82244915803154,0,3
0.0027040195402477044,120.8697858094263,0,3
0.0015015409220793488,25.84474353775641,0,2
0.006333092431636605,65.82108954778175,0,3
0.0007155914634408958,26.054026745186178,0,2
0.006406517616950127,110.26992494543856,0,3
0.0004680470358804955,25.665200343197153,0,2
0.0012130584485067165,12.842145557444733,0,2
0.007066467110134792,74.8097499481241,0,3
0.002452640647814635,29.30701351285407,0,2
0.007718145476681489,110.94579375365349,0,3
0.0024458524809678715,94.16939192708104,0,3
0.001949747789795475,70.98852300086818,0,3
0.0021509399064904575,166.6235289925928,0,3
0.00042211733900990116,8.736701368876394,0,2
0.008490426805725078,93.7437496171117,0,3
0.0042842077888322365,75.67759257374479,0,3
0.00245499367664676,32.599720852751055,0,2
0.007171051590629708,101.82742382533644,0,3
0.0007391337149559078,33.039307771815196,0,2
0.006195786666566759,82.27349736768208,0,3
0.0008452200189658629,14.17956520879564,0,2
0.005986458415292519,103.0398040890042,0,3
0.0016409520314844836,18.11793445642163,0,2
0.0002562638192413173,2.6634008545143506,0,1
0.0011033507314000036,13.820434503362018,0,2
0.0031840766688416185,45.77005116895136,0,3
0.0010328130901928931,39.76502321158259,0,2
0.007113746577255757,79.07232253037877,0,3
0.0015470400665249459,16.37787011991808,0,2
0.00032589011661369506,6.279096543902308,0,2
0.0005065964743685632,6.345564646303383,0,2
0.0011438055781283721,44.03841875718059,0,2
0.0005533028993306295,24.732662591521567,0,2
0.0010522069463318323,18.586514126446982,0,2
0.0028889462144939624,112.0508556079736,0,3
0.0007974180607849056,14.1645682707928,0,2
0.0020092887332630936,22.3340999075238,0,2
0.005292490493125755,55.005906583427354,0,3
0.001220947672214307,17.337200062760502,0,2
0.0012013576491166334,43.740326596565104,0,2
0.0036863878621157873,72.65031545135507,0,3
0.0038618668360387042,40.88397891538446,0,3
0.0011809335979620136,16.975530688310762,0,2
0.005013147455790588,66.56929881614815,0,3
0.0004152330410866114,4.3958996043917065,0,1
0.0022448566839550345,25.7630760584419,0,2
0.005337320382902539,56.50399230830759,0,3
0.00475572816719592,91.63111974265951,0,3
0.0010624576955587282,18.767586581800533,0,2
0.00058649575410909,9.839159749489436,0,2
0.0026684322895672383,103.4979881860926,0,3
0.0006117439075580132,13.87939879513216,0,2
0.0009872895500178884,44.131883910726245,0,2
0.002712178140654325,28.712702593085154,0,2
0.0005666722822626535,24.46303544960367,0,2
0.004832720439531845,57.26165080008995,0,3
0.000359718222224186,6.03469850969762,0,2
0.008481371919322417,93.64377360610949,0,3
0.0002386322489867418,9.187738817502488,0,2
0.0021268028229773812,36.60684348123418,0,3
0.0001862999257220629,3.6715475632300056,0,1
0.0007507013322089073,15.537512323257241,0,2
0.0005865097403091039,25.319411267885545,0,2
0.0033962307632434195,151.8116562408466,0,3
0.002162375207083287,27.085643821768663,0,2
0.000806089450412525,15.886188606553077,0,2
0.002741966307140364,106.35008337015049,0,3
0.000851067756489128,45.410653757001626,0,2
0.006147824689103465,105.8172641641595,0,3
0.0032070356721107295,100.37151398830242,0,3
0.0012471763021905664,17.92774769733574,0,2
0.0019238405191194141,27.318130602868166,0,2
0.0072920712946512355,86.40186108595354,0,3
0.0033697169522266786,44.74627899873771,0,3
0.0026515414824649828,28.07076749791876,0,2
0.0008129303308280625,14.440113331616974,0,2
0.001306225832320582,22.482951441621687,0,2
0.21517401719878532,486.2321418704659,0,3
0.00036375115684539365,4.556301904404494,0,1
0.0009049600117893028,49.62317507568771,0,2
0.0005050871942374261,6.03537140260449,0,2
0.00032388781081558755,12.470219865847254,0,2
0.0031790773402330477,174.32362687674828,0,3
0.0012636737692832824,69.29312220957934,0,3
0.005273358694842859,55.826856504032506,0,3
0.0006591457124448106,7.564679404563574,0,2
0.0003745383204915869,29.01377975040318,0,2
0.0023196101412815773,29.055149118575414,0,2
0.004056611206978803,126.96092283825367,0,3
0.0018662866720692826,67.94978049971346,0,3
0.0024412864158592017,28.926169431285103,0,2
0.004059685601077121,92.1071623992622,0,3
0.0014595908797305518,16.750980638307666,0,2
0.007301132250046918,96.84422581011724,0,3
0.21049627188736825,696.2558630570321,0,3
0.0006896325303820982,30.826602764438974,0,2
0.0006330198386563222,33.776211700369466,0,2
0.006519265809506366,72.46441564262446,0,3
0.08883237596956897,342.7982354380095,0,3
0.0010803537692356013,46.63847762131004,0,2
0.0009824466953993294,22.28999637256528,0,2
0.006812389556988228,75.2163531395043,0,3
0.0006659094907746896,38.676656047904316,0,2
0.0008785842663618308,17.314896448565705,0,2
0.001391482101559299,14.73104260623322,0,2
0.0016777062017693056,65.07162176433354,0,3
0.0007277636899563998,56.37654214666666,0,2
0.009199947492695669,101.5776466813538,0,3
0.007966684114537489,88.5530864729461,0,3
0.0027292597497352612,99.36983620827641,0,3
0.002212392610264871,25.39050243019005,0,2
0.007371206826971372,78.03590265788628,0,3
0.0005370421119348167,9.486480615596953,0,2
0.0025876070943921946,94.2123933663947,0,3
0.0023642210678174375,31.394356563196656,0,2
0.0014813098532452005,29.19324611103119,0,2
0.00014741908791961162,1.7467305298003744,0,1
0.005729007215958521,60.650617995826245,0,3
0.0009274785894101803,10.309319479603081,0,2
0.0010268022076601487,18.23912786310226,0,2
0.000469439800961097,5.880144760698095,0,2
0.0021993641946511182,26.059695790831498,0,2
0.00024611490549143023,9.475833548696944,0,2
0.0009320576278416548,35.88577019171386,0,2
0.0032166645104107993,45.67595927402278,0,3
0.002035551941263079,28.904409293655707,0,2
0.001883636297836671,33.45910539295874,0,2
0.0022431363918338806,130.28349332364502,0,3
0.0009905849209465485,17.49800330705286,0,2
0.0009206174110255019,12.211322488714854,0,2
0.015650154973400946,88.64376239052021,0,3
0.000446687255451389,5.292681411752798,0,2
0.000514604973486508,19.813148099880312,0,2
0.0009277026893024112,15.967755345025965,0,2
0.0029553574691057838,107.60184613078123,0,3
0.0009663638353830597,37.20661628878507,0,2
0.08220255949373738,249.6449535007007,0,3
0.006235192031235823,82.79675895508744,0,3
0.00031217293484472056,17.11789692128133,0,2
0.0006266512626160299,6.5129112384076056,0,2
0.0034808950560802463,67.06823865489882,0,3
0.0013576777716464018,18.02852560667764,0,2
0.00024560039119574204,19.025544962698106,0,2
0.009007043096855594,100.11711958880785,0,3
0.0005739705810020934,30.62550439945386,0,2
0.0009634403956465538,12.793470001617791,0,2
0.0007936007717167842,11.40774915523973,0,2
0.0004916435789090751,5.825357225986176,0,2
0.0013370929267582808,17.735568250699384,0,2
0.0023215619351400173,89.3839990164414,0,3
0.0002887813000385616,12.908536111477623,0,2
0.0008835832499934258,11.733051524310225,0,2
0.0021244640463973573,40.93316787262696,0,3
0.0014331680604605628,27.613603961903408,0,2
0.0010936587473898873,18.347418632793875,0,2
0.04726005859288574,184.74950960814598,0,3
0.004209696559077827,43.75221381577803,0,3
0.006356308867392353,112.90736356510791,0,3
0.005892209187472323,83.6681307640124,0,3
0.0001806679168809375,10.493364303858,0,2
0.005628731617997452,67.25865598609606,0,3
0.0022827148027645128,121.799434585495,0,3
0.0002163383989293376,2.3886163988980664,0,1
0.00012850469291530273,2.2118417040508973,0,1
0.0008962428024851001,15.426263138876632,0,2
0.0017496141138900472,75.53020225432671,0,3
0.004602118121050476,81.74760457733802,0,3
0.0006747694199177525,13.001137857638463,0,2
0.002229287039133215,27.923773136435997,0,2
0.00520160827863115,91.88284309285652,0,3
0.005185961564834281,102.2035004714812,0,3
0.0018740296931132555,20.691370922340678,0,2
0.0006307479671237653,36.634441339738835,0,2
0.0009524575350457164,50.8205357475093,0,2
0.0006095530358509961,13.82969174982288,0,2
0.0009622285200718078,21.831281353398598,0,2
0.004509739921750272,86.8915346399628,0,3
0.0008926991643716538,39.903689741817225,0,2
0.00149662617557366,18.746553971362946,0,2
0.0011842248650703667,64.9365685144234,0,3
0.0005097022984359468,6.38446781361064,0,2
0.0008555308720764129,49.69004607393219,0,2
0.0020218452663068156,21.01344007874346,0,2
0.1827899252554309,542.5477651632019,0,3
0.0006998951963203882,25.482540101968183,0,2
0.005636354473860138,127.87902016991234,0,3
0.00045972923084999047,9.515167062079373,0,2
2.8801124449037265e-05,2.2310920821974736,0,1
0.0013233680356014054,14.00994730318541,0,2
0.0007188657484451766,14.167207940442202,0,2
0.0003699072818554355,11.577094148968932,0,2
0.00019490857128547635,11.320475044779664,0,2
8.999312864771537e-05,1.2936215209159716,0,1
0.00047126065733369186,27.37126682396471,0,2
0.0018953711018656603,72.97494249048923,0,3
0.00027564341696301766,3.65621007827481,0,1
0.0007327277064417264,14.117850694421348,0,2
0.0006529951238141739,20.436975420691443,0,2
0.0004363900120773881,9.900925751778288,0,2
0.001344714121553192,15.432598632265163,0,2
0.15014038989734646,375.1865433784562,0,3
0.0021556961763315903,28.625366435868134,0,2
0.0019263487615038808,22.107722961749626,0,2
0.0026170927112859196,29.090099951035082,0,2
0.0007374252727197072,13.026111732474128,0,2
0.0009270381174933837,35.692510687738654,0,2
0.004908784510765761,111.37173085426221,0,3
0.0003141781464247271,13.56295582835038,0,2
0.0005753628851180671,9.903230733417361,0,2
0.0021948905702343915,26.22711470529167,0,2
0.0006004951432827389,10.074016055796443,0,2
0.0029320433573813646,57.783901965363974,0,3
0.00022388583149282818,17.34341681151077,0,2
0.0030991173168121414,169.93904613331148,0,3
0.007290417977559379,83.66841152762724,0,3
0.00116426677779284,12.854799387863363,0,2
0.003586336965855029,37.96705871036186,0,3
0.00035022692673778935,13.583924339274818,0,2
0.00151443504261706,18.96962563257451,0,2
0.002784515956850008,63.175794542531264,0,3
0.0013523968740523792,19.440258688439968,0,2
0.00025937512046677577,13.839548847774736,0,2
0.003912019344686123,40.65839530668242,0,3
0.003952934019110328,76.1632620086229,0,3
0.0013786170558494806,59.51439476449002,0,3
0.0022839727000791244,32.431931802073734,0,2
0.0005400738308662667,12.25333016773333,0,2
9.967669514999048e-05,7.721500100534751,0,1
0.001068140651375545,24.234242281076604,0,2
0.0020354955366440482,23.36034487279101,0,2
0.004926642535370668,61.71051375039446,0,3
0.0020695864282208863,113.48506931130922,0,3
0.00545515246084289,105.10729603973301,0,3
0.0018702851842989426,68.09536265083581,0,3
0.002093449477245802,35.120090281634575,0,2
0.006168883629716739,73.09350181767401,0,3
0.00021888775220369022,8.489794580971717,0,2
0.0005959394665448372,32.67813836812006,0,2
0.0017088154435164502,30.353755705067687,0,2
0.0006541608577826201,29.24101752528487,0,2
0.007818424166201472,86.90511401204276,0,3
0.0015432284856570235,30.413521444309225,0,2
0.0005553893088668486,5.879675752060193,0,2
0.0006263409785803449,22.804498713652183,0,2
0.002395629524280885,103.4184515653392,0,3
0.0003630934212569543,14.082965031799539,0,2
0.001514416712059246,26.066363531579576,0,2
0.0013952176732563773,24.783306219580837,0,2
0.0018603451866353242,80.31042222048485,0,3
0.0011125300290059674,19.652080013635157,0,2
0.0006860731566670566,37.620588671873406,0,2
0.006357308354601889,79.63085647386855,0,3
0.002991161142662466,58.9489789757338,0,3
0.0007553677924756779,10.858162697937642,0,2
0.007414532825443232,92.87351915473211,0,3
0.0035366427014232077,158.08807571203235,0,3
0.0018117991827246622,20.004276914242087,0,2
0.0007438079916822985,10.561916987555072,0,2
0.0020296723748745487,157.22948501716985,0,3
0.001540579938141539,27.365381828623672,0,2
0.0005982027293273209,10.625898529299796,0,2
0.0011775944191358785,16.92753109482419,0,2
0.0012038259694382306,43.83019586829363,0,2
0.002584010403599277,150.08177986463124,0,3
0.002849630681852492,64.6531337110609,0,3
0.0018468355179150253,23.133232785771273,0,2
0.005342506523428924,105.28864534760736,0,3
0.0016547944599913777,90.74009252637444,0,3
0.004637534054297603,65.85200785174177,0,3
0.0010780921640979792,83.5148952414788,0,3
0.0012281004560335139,17.438768088075108,0,2
0.0022719773088642546,47.02386144802465,0,3
0.0034918609818651697,72.27219495826473,0,3
0.0019887291724884656,35.12953700504935,0,2
0.00244883207887833,32.517901347809556,0,2
0.004917293729280663,69.82453637614428,0,3
0.001597064508965405,36.234599066081735,0,2
0.0006650358367120951,28.709354168136645,0,2
0.0011222846752443596,23.228294960530896,0,2
0.0017352669771944643,67.30417774044997,0,3
0.00042669053324252487,23.397430558690957,0,2
0.006334405683748669,112.51829645548754,0,3
0.0019423669785043486,37.42460774339448,0,3
0.00017637535578804436,6.790744795413884,0,1
0.0007669438815385816,42.055107420235295,0,2
0.0054817376383983415,72.711275389027,0,3
0.0012229837089147667,54.667422607236134,0,3
0.006811886573914262,117.2471951462385,0,3
0.0009664943440584121,18.621955641177227,0,2
0.0008976125451367782,20.365257951155737,0,2
0.002020286237755039,33.89269043074687,0,2
0.007632946110938223,109.72108099224559,0,3
0.00012331696923402274,1.7726407303799676,0,1
0.0008806715685425328,10.434848954833214,0,2
0.0002713563783533644,11.714355741256464,0,2
0.006084842913036645,87.46760849387435,0,3
0.0006265565078020996,12.968046070395179,0,2
0.0007160799947235226,7.906319112947334,0,2
0.005097843358583667,105.51174029885247,0,3
0.03954892316530841,124.19914688614467,0,3
0.0012066657710191084,24.974758246525514,0,2
0.0006515421412822,29.123960788900344,0,2
0.006173899438502071,77.33349912397685,0,3
0.0007470100248467009,7.763823798450238,0,2
0.0013562243431287212,19.258100328055207,0,2
0.0032854722074734124,141.8326351858813,0,3
0.0012349653458877253,16.39903431187281,0,2
0.00048423403397905996,26.552808889575562,0,2
0.0014199219854720304,16.966885406757903,0,2
0.0007828421180450821,10.395315785458177,0,2
0.09717039590398249,393.5949896431368,0,3
0.005844212781040101,77.60496781654254,0,3
