energy,time_ms,violated,priority
0.00041434083880533717,12.426921537656115,0,2
0.143798993855682,506.4314722320322,1,1
0.2696638346853393,1012.8671736800184,0,3
0.4271962888030827,3151.011126832529,0,3
0.6992873703306123,4317.612846004652,1,2
0.007563331351214144,79.55153924268116,0,3
0.04880102349766372,147.47858211293632,1,1
0.1544079619703135,1351.4223998463265,1,2
0.02203870763156329,143.1669916643588,0,3
0.16976767207790286,588.7618712498148,0,3
0.0017708571244102974,104.0425824654087,0,3
0.23630003747418218,483.4119592553238,0,3
0.22446256091082578,1249.961110193954,1,2
0.791698783426444,1627.40575672759,0,3
0.46182388537491764,4141.110788198092,1,2
0.0009328461945348015,30.989255120032254,0,2
0.25456725173288886,2490.445077091535,1,2
0.20461010503698293,2002.2744514651586,1,2
0.530991524056513,1514.2168052806157,1,2
0.22001776093105352,2739.3329738414977,0,3
0.0010759575592538388,19.728756942440803,0,2
0.08737125294089555,776.3792705365812,0,3
0.5370053969307691,2562.1798131588976,0,3
0.08982579086949208,662.5840840526322,1,2
0.059234633933091134,1079.358333988304,1,2
0.0012729668081086544,23.341118371236277,0,2
0.26526715470687023,2428.585727981836,1,1
1.0257673618718433,2101.116355531641,0,3
0.3745546737162744,780.6360445375285,0,3
0.909377401640297,2903.368143159015,1,2
0.002796887868137059,60.70792055372744,0,3
0.30214982097983084,2214.5342756423033,1,2
0.7586986844348075,2251.763043862079,0,3
0.3626104814955597,726.6067853151691,1,1
0.5667897423387993,2180.8723230236915,1,2
0.002159034543533172,98.87728582136123,0,3
0.4216688283339257,2359.5571630139843,0,3
0.5353482267849982,1896.834249795417,1,2
0.7738188160581423,1915.8397173339656,0,3
0.4679855765802309,4447.892177379603,0,3
0.001251546648174177,19.81213501815629,0,2
0.4237241615694554,1583.9918377169588,0,3
0.861375780522216,2938.0554760105474,0,3
0.14638788148383866,443.9777453318054,0,3
0.9684724519148059,5540.008324510595,1,2
0.001737896245329646,18.648346855727226,0,2
1.0616400131726078,2624.227589351067,0,3
0.16627516533339554,591.605843899482,1,2
0.15129447917735497,316.3833605355129,0,3
0.3924332105783985,2361.1793031982997,1,2
0.005694645796738862,116.58369793397534,0,3
0.07931446979163467,693.7395503595255,0,3
0.4112975535778714,2233.2293456168754,1,2
0.6379208184172412,2178.5401457308976,0,3
0.2782972016630338,4014.489315596097,0,3
0.001528115479100428,36.79543104075132,0,2
0.15951508007023465,472.60707414606566,1,2
0.9592960973801341,2885.150890301246,1,2
0.031836320055947796,117.97434471390564,0,3
0.4027832212223929,2233.894822026505,0,3
0.0006723829364963256,13.765366971434414,0,2
0.3690205095007665,822.7059235436255,0,3
0.20969971501771906,2060.5804548776205,0,3
0.03746905853277733,155.7938007405241,1,2
0.26540397425269135,1300.2564143743523,1,2
0.0007858651969491445,39.058969784376025,0,2
0.6315808144779416,1866.0197650524874,1,2
0.42389161659380414,1506.1659372510508,0,3
0.501023514052026,1189.5442477471563,0,3
0.16346006511337444,748.2732326564843,0,3
0.004215083734928784,83.44648247869894,0,3
0.26693607104967054,1537.2397335297312,0,3
0.1480037538961505,357.109800023635,0,3
0.23349157391722716,873.2383083948913,1,2
0.35881129040354987,1941.786550737655,1,1
0.0016291314445983226,29.871752859896176,0,2
0.7563227893453758,1777.9554525443941,0,3
0.35048305249650785,2009.8821620631666,0,3
0.36263287583178194,868.217443906782,0,3
0.45473308896158293,2112.2166093443875,1,2
0.003575703520190026,95.45962567575415,0,3
0.5425654265303023,1717.2887449355273,1,2
0.627528619249203,1797.678051822547,0,3
0.2889072167160816,1189.5836419239897,1,2
0.11552768640287452,1093.946597831688,0,3
0.0008716004048273011,28.95466312255933,0,2
0.6285744341863012,1269.3446213969326,1,2
0.40629208420885526,844.8908669826258,1,2
0.4044461692828866,1198.0479008924337,1,2
0.18463717624732293,1540.293945407368,1,2
0.0011306516799225231,47.7066304240042,0,2
0.7278629080151365,2985.697148010206,1,2
0.2767460186446497,1474.1551760572593,1,2
0.12493843539086193,367.0688206877076,1,2
0.29815884096306267,1195.7017812152617,1,2
0.0023436969392262572,132.89642817581196,0,3
0.4453331868055589,1842.6054329896263,1,2
0.13185204926299568,733.6425278910419,1,2
1.1629802884672218,3310.494811709898,1,2
0.31368093868453595,4395.397847148295,1,2
0.006442381500795144,91.44719889136745,0,3
0.14148284917481777,1225.9669925848923,1,2
0.042522075105609985,176.85536894721298,1,2
0.15021273117829564,1111.5942360679244,0,3
0.44492918743038423,2271.080438365548,1,2
0.002714034086259683,159.45674630732015,0,3
0.35440000774134384,3248.455801505098,1,2
0.747902534844106,2867.34452420317,1,2
0.7038291389176622,1690.3424944427024,0,3
0.43524760138268515,3954.071318610219,1,2
0.0029275970857998647,32.0756951306547,0,3
0.6793207972622729,2825.2589517171723,0,3
0.6407845042212958,1864.248982080033,1,2
0.0456930788173465,270.4005247467471,0,3
0.6577556191579247,2174.5611450174724,1,2
0.0007120922042758985,27.26824164647776,0,2
0.866487424061439,2956.9110785359453,0,3
0.05485568583877589,158.80934052465824,1,2
0.17214637829521248,940.2966062216109,1,2
0.5618978135280569,2657.111379034008,1,2
0.0017588929048925777,27.818429922500194,0,2
0.0755205023248827,739.3450713833404,1,1
0.25529245373113074,1218.2481202398615,0,3
1.047606055094776,3153.4906988916305,1,2
0.029175624928265233,593.3805047354763,1,1
0.0005752896888840486,35.68937551783404,0,2
0.2515097403113699,831.5504060358178,0,3
0.6581932510454049,2082.174423502475,1,1
0.2939526120827873,2151.475843579962,1,2
0.2183983424963272,5469.577460937316,1,2
0.0018963491641831353,29.992420906173486,0,2
0.14581160660633327,1430.8542398399563,1,2
0.06616616015549401,573.12272703112,1,2
0.1565273870129608,1532.2291904629828,1,2
0.3224418092712812,1289.2652530397875,1,2
0.0014326766229649237,29.330487726639873,0,2
0.9726057289283727,2283.1357357286192,1,2
0.6080214634058991,1262.8314420615134,1,2
0.2961784074633184,1221.3510197248045,1,2
0.31758081580402214,1287.3142072582825,0,3
0.0011964258487139445,31.711222549861127,0,2
0.8550029696084146,2918.589626756678,0,3
0.8004711854021239,1754.713449684931,1,2
0.1664391950253804,405.6387912774493,0,3
0.16044753542834306,1031.2576892420118,1,2
0.005641875902855372,60.53966629835231,0,3
0.06922441273117648,139.63482632514885,1,2
0.18024957892000784,375.58601722181163,1,2
1.1244315721051639,2331.680945773057,1,2
0.47035698490950417,1421.9966666924067,1,2
0.0014898275041858573,110.17738332796092,0,3
0.8395384773782802,2468.0489220237923,0,3
0.06850011359545881,204.79844098533673,1,2
0.20745835426071033,626.7086643449409,0,3
0.3705375745610116,865.646505795399,1,2
0.007633608508703034,94.96169095299166,0,3
0.39385759360357603,817.637206772613,0,3
0.01936494224062169,48.45254010771045,0,2
0.3668838710936542,1368.4750273334093,0,3
0.4952407067883755,1918.0925964700941,1,2
0.0015862667224310631,19.733075136454275,0,2
0.06556700948873434,602.4557167025638,1,2
0.34726932413459205,1650.2544663065496,1,2
0.6329677435720665,2041.5189782283937,1,2
0.2616433701728089,1696.648875593903,1,2
0.0014440851347965627,31.344626516772625,0,2
0.19685836966506987,397.9357931742759,1,2
0.207310951551783,1104.7289608339204,1,2
0.3239528484708423,949.7982595599057,1,2
0.18769704848564486,1602.1169942594365,1,2
0.0012924268131295443,14.022102136118999,0,2
0.846481492746644,2014.9078151539707,0,3
0.28123688028493266,1178.3416791556303,0,3
0.033467998907753475,246.76798515306044,1,2
0.4492930387983777,3967.1098942201725,1,1
0.0012685499706009031,93.81322065063272,0,3
0.13471244303234362,1234.2347859852568,1,2
0.9256276665637894,2175.7754596463997,0,3
0.8668824159854907,2544.822640722789,1,2
0.14727838622742254,479.2451982637801,1,2
0.0010136240454883742,39.416569739838025,0,2
0.3898932809382232,1383.7314055588647,1,2
0.2907393220193059,1657.5272529566787,1,2
0.26440819854246533,2590.3400620587436,1,2
0.29601387527330286,4962.594940146373,1,2
0.0005220565800553178,5.719819774390684,0,2
0.35279312990260053,2580.5104362352226,1,2
0.21120426346878687,695.0675276085655,0,3
0.26063264185061963,1908.4226898587103,1,2
0.27959674356811554,4282.265694110372,0,3
0.0017416299191514474,27.545400701814305,0,2
0.11115281754712111,1022.3933123491036,1,2
0.07793042293311471,182.4630887123869,0,3
0.7343098026801698,2503.3300766572083,0,3
1.2132326484646778,7467.47637955625,1,2
0.0041524564857545986,65.67473177808438,0,3
0.13070741578989717,467.0291964145066,1,2
0.7915505782426073,2685.712957803185,1,1
0.4387609823381079,1032.8666798224788,1,2
0.4006471656293368,2524.211917913006,0,3
0.00013476694441455869,2.471086584562022,0,1
0.5412471336740372,2009.9297438279957,1,2
0.06582983457130862,148.93003743826975,0,3
0.7140327846721836,2930.0611591778047,1,2
0.37271022772815215,1553.7918600630553,1,2
0.00028659576869753315,10.97464995231782,0,2
0.8599154112976641,2522.758629493979,1,1
0.459766625640562,1706.1322524450557,1,2
1.0319796162242316,2108.5901365425084,1,2
0.25748106879197347,3747.079867288623,1,2
0.008068117740552983,81.79346085371178,0,3
0.3235006309074384,2377.1594319513847,1,2
0.2353192360180407,1733.9851235409767,0,3
0.35162535856910904,1966.5759520022232,0,3
0.4132792223768363,2467.0942188857084,0,3
0.0002280290733516411,7.575151370374088,0,2
0.05156371337034482,174.19443403419484,0,3
0.17356894395030484,497.3215528727509,1,2
0.4692038128866901,1376.628235988773,1,1
0.18561866825978987,439.39585803755455,0,3
0.006649567346034157,120.35863123162915,0,3
0.12406285527276345,1083.9063673522412,1,2
0.4668730779461559,1359.9114518435988,1,2
0.19729653781616197,597.2256376708063,1,2
0.5485064286501832,1840.2208274418697,1,2
0.0008082173202122499,40.71431200601235,0,2
0.3028400762626046,1742.1072870350208,0,3
0.27664488519459385,1480.0876272305743,0,3
0.11927431030269765,294.44000118434315,0,3
0.30309092865965176,2161.7587461729695,0,3
0.00036829556440601323,9.761660214512945,0,2
0.10824967367813983,351.00394932965986,1,2
0.07381063946945644,213.70418991409105,1,2
0.34780408855748407,1430.3860046692919,1,2
0.13902401006683418,478.8978245403268,1,2
0.0020462155523958674,29.045265414887183,0,2
1.0205785469588964,2967.98298875159,1,2
0.6990191368900621,2054.2466588595585,1,2
0.998586311247318,2908.020984869983,1,2
0.9848061159127477,3531.7504069798397,1,2
0.000490250916066815,5.156486365229641,0,2
0.02781664101275662,88.39836113904231,0,2
0.8423745421931472,2724.5233555321333,0,3
0.9341112888804604,3030.135860962998,0,3
0.5597835788805811,1534.4259991368742,0,3
0.0006059422412955259,23.563139330254575,0,2
0.06275340144095086,260.18291932301423,1,2
0.1763840434239425,518.9084013742998,1,2
0.292286919482573,833.4856951355945,1,2
0.12881329892066387,1785.3672408127882,1,2
0.000999832089547202,38.88024505848928,0,2
0.40491247414303877,2977.3851628197285,1,2
0.2858867416196149,1005.9874107355538,1,1
0.2799147866753651,1159.89875465135,0,3
0.10607822936470489,641.7036157802654,1,2
0.0016805146425450646,32.89287496908672,0,2
0.49916107685554356,1015.6043948692055,0,3
0.8237817470942896,2437.195832106255,0,3
0.8736073609729051,1772.3344156682815,0,3
0.9633940321486493,4718.834756648172,1,2
0.0024946636255021967,31.397937430497,0,2
0.899575370871506,2111.5806948967847,1,2
0.16537291987743863,1617.1772431639542,1,1
0.061961437532252965,457.75408857248107,1,2
0.8340656772589318,6332.414492321365,1,2
0.0006868268603715716,24.294057745753197,0,2
0.030440598427941327,88.35442653417697,0,2
0.4844467069477519,2004.744634027989,1,2
0.20881190846993788,802.4809212812222,1,2
0.2538779316063054,2772.87720871218,1,2
0.0012556911565256008,38.82581647103572,0,2
0.10834875600035387,968.3332835999058,0,3
0.2547053680502929,823.9794976898602,1,2
1.1651094847102126,2862.2737608383354,1,2
0.23593655960301263,2502.3011393798674,0,3
0.0015919926139718033,117.73281134362277,0,3
0.025751726710383616,189.61064993540643,1,2
0.22582253711817185,679.4980203111205,1,1
0.6886312963500252,2338.4955352432335,1,2
0.3742629111323179,1852.8737767464052,1,2
0.0030875683993494595,153.45792291803068,0,3
0.25564500010608904,1360.9504488422456,1,1
0.38272792638800285,1315.8483716272929,0,3
0.4154656322345159,2314.7108459823626,0,3
0.3257138938604288,4303.022170207411,0,3
0.0008977333484755393,27.757804971949742,0,2
0.3020446627733387,2772.286350841501,0,3
0.10726462418344086,227.1351025449056,0,3
0.35076430791009283,1239.5675330117149,0,3
0.07139535792861068,1603.9087943844186,1,2
0.0025541221569938813,126.94464717730102,0,3
0.21417528152360688,1830.674367168064,0,3
0.013187046094285894,131.269320588275,0,3
0.35643488796424977,1054.3931777737707,1,2
0.551911492808648,3276.4222051274537,0,3
0.0004145546764788523,9.982045349071493,0,2
0.5416329720338906,1475.8881643265215,1,2
1.0463192804241974,2297.0655325119,1,2
0.41655913670823486,980.0075234105424,1,2
0.2144037865342237,1653.3230696571154,0,3
0.005683556384022625,116.35666981167924,0,3
0.5047922513634762,1262.071869391884,0,3
0.05764629316570468,538.2370913411064,0,3
0.5601330540844544,1906.297045031432,1,2
0.43824142561403173,1582.1078990987428,0,3
0.00391416124857518,104.49534350758263,0,3
0.26955067520024933,2309.771161913304,0,3
0.46917690376954924,1943.2409551355117,1,2
0.15732339497719114,1442.811594204288,1,2
1.026901064719568,3276.204847421997,0,3
0.0037573297274456,40.76490882276171,0,3
1.0788993669156592,2390.383506192995,0,3
0.413382637902177,1311.9757555241517,1,2
0.08117427202314642,265.58907088819376,1,2
0.41699047586448584,941.9944170488666,0,3
0.0005441093497334954,27.409753882310152,0,2
1.0655665713952565,3210.813582107327,1,2
0.10412128803380745,418.21379914774883,0,3
0.12453576778916983,1091.9326879921796,1,2
0.08041087580372318,312.4420581077426,1,2
0.0010747829813272138,41.15680789140779,0,2
0.3086653254396783,1106.9413031658573,0,3
0.11233238146543988,418.1673835774249,0,3
0.08732587166063464,475.2094250718062,1,2
0.16534543618044129,978.2482248313563,0,3
0.0017534609411546333,68.18644030864829,0,3
0.30215601652361446,1185.764154702415,0,3
0.5201058121959204,1695.8004701743685,0,3
0.19415669716968786,648.3889135350674,0,3
0.512327643566563,3123.455628856875,1,2
0.0009005748802149678,17.627038875632305,0,2
0.2251790583110365,533.4808763343464,1,2
0.4995862939153425,1021.8103935816769,1,2
0.2582499652672229,973.3107752110302,0,3
0.9783369252700866,3322.0733930310867,1,2
0.0010473396152690685,77.45402601431897,0,3
0.22728542282673175,735.9501910693368,1,2
0.11506022649559844,1128.255324482577,1,2
0.6629335640389724,2368.296184685606,0,3
0.2571344312257894,1509.212705483934,1,2
0.0022875989063071414,44.77539373927979,0,3
0.5936257274452154,1620.424932170151,1,2
0.2887091094882422,2131.415331565438,0,3
0.22735413498137397,1267.5265569157607,1,2
0.22081155636389704,3867.595072982334,1,2
0.0013224864132493522,26.181410916477084,0,2
0.4680776046612642,1941.175711857004,1,2
0.7736762675484963,1900.201345935552,1,2
0.23685395044054358,557.4214733772476,1,2
0.38638412920723286,1787.918155226133,0,3
0.0012470537567494371,13.381403559675718,0,2
0.1293148225671041,280.7372122780296,0,3
0.30253393572866344,2216.427338240417,1,2
1.2336765521135635,2707.7370381976425,1,2
0.33823368089667416,2869.472493177087,1,2
0.0028183148450308037,129.0703399356772,0,3
0.38194677315093767,1296.141661411773,1,1
0.66970782386834,1967.189336969106,1,2
0.1245008929221961,713.5656869057016,1,2
0.6881828077266465,1689.5557271936916,1,2
0.0015572179237666984,24.6509483313044,0,2
0.8688149509475792,2070.0462340278686,0,3
0.4569215374689545,1020.5098227916187,0,3
0.27658014408545667,556.6593984453589,1,2
0.14372486925983805,2356.276017646747,1,2
0.00011833244383725698,2.3161323212457483,0,1
0.8047404341108575,1623.476802541375,1,2
0.8118684034882065,2447.196735452003,1,2
0.3042189650214508,1692.602377055242,1,2
0.460285464051718,1917.3237676181539,0,3
0.0005081009332525743,8.81461005078875,0,2
0.8913555145753229,2594.652308694591,1,2
0.6825121248885111,1498.427014847589,1,2
0.16158658129908568,901.2311018612918,0,3
0.48478737659608895,2335.379875082647,1,2
0.0005623784380811681,25.755240335768164,0,2
0.22934300917944228,751.3915470437323,0,3
0.45278683117129875,1877.3800679947394,1,2
0.10103993256788268,742.3276773914163,1,2
0.21546746665640737,1099.2809824310573,1,2
0.0008703273252934211,13.777386966645759,0,2
0.12489366862385377,425.31014247956784,0,3
0.26621075890594614,1525.1226017993772,0,3
0.8635757953386585,2120.064493618299,1,2
0.11170708940970492,664.7538903304396,0,3
0.000608356695291018,40.8697507205758,0,2
0.49644639040427074,1246.4776249789236,0,3
0.5351306509405347,1889.7698053969752,0,3
0.11364614314140735,986.6458910609341,0,3
0.39642599833286335,759.4205906161109,1,2
0.0018823672157133966,20.623820548265776,0,2
0.8907248289871096,3032.065896736697,0,3
0.1323654199732628,1158.4939094726608,1,2
1.0945755898560798,2191.3004486284017,1,1
0.06036384747243592,364.93581886087753,0,3
0.0006176995179050089,25.80175474554254,0,2
0.4156617137313596,1223.923643920632,1,2
0.20314889235285177,2005.7230165608887,0,3
0.6796629837126212,1373.1678170716948,1,2
0.2710593061699713,1754.4476420732155,1,2
0.002310872509107235,135.76992761395098,0,3
0.05861999481630163,516.3625446601395,1,2
0.8097746076368837,2386.782756412188,1,2
0.6643291000067718,1918.4413312474214,0,3
1.3118932391934748,3017.9305906991412,1,2
0.0017126710678657762,37.17442529861479,0,2
0.39501661264935883,929.1371805808886,1,2
0.1945326870275397,398.8894634409456,1,2
0.5590073548821132,1225.504100646904,1,2
0.6671464644609938,3075.684244219966,1,2
0.006982617609077521,75.75746363143125,0,3
0.6661676322113537,2752.930909748279,0,3
0.14486052551891893,496.0107818906823,1,2
1.2207356883488314,2678.6942452925337,1,2
0.21251868925774717,630.117856045588,1,2
0.000776658240884016,32.44157534776568,0,2
0.2404072633809311,1281.2409227415392,1,2
0.25666070632118115,914.7071310106807,0,3
0.24868786836106627,938.1136078360043,0,3
0.5675758317314071,4460.584135355227,0,3
0.0010164851072097592,50.52121056245668,0,2
0.3286535602155685,672.4493042594636,1,2
0.44500250101146577,1441.9882855996455,0,3
0.10579836545905416,925.0429480198216,1,2
0.34078642852216634,6844.408939491702,1,2
0.002598784552274913,26.34611806361171,0,2
0.03033591534119563,116.80715242054873,0,3
0.7874074089479698,2140.00504217175,1,2
0.8973098226555242,1862.5478730328675,1,2
0.04848376264280781,602.7098786324821,1,2
0.0020054086053788913,53.53787127916902,0,3
0.4325883052086495,1609.4320440796967,1,2
0.9443407708041858,2783.523214352267,0,3
0.06511973744201228,136.26029130615663,1,2
0.03006838707106001,352.4958676025392,0,3
0.0010868019731504238,17.20420685994142,0,2
0.14584963808556847,837.4997806401715,0,3
0.163537223098437,1387.8696889887478,1,2
1.0662728409768034,2144.447471692702,0,3
1.0309678395487032,3760.7060287442255,1,2
0.0007345188614432067,24.400798889564395,0,2
0.44694356840337146,1079.6463432209136,0,3
0.6218938106513725,1780.227960117388,1,2
0.37318549904485565,1544.024029252665,1,2
0.5219893254407634,2589.261890571309,1,2
0.002680151010823078,29.364596359334534,0,2
1.0400207305972278,2291.7386881696616,0,3
0.4891494281397715,1438.3665894181836,0,3
0.3278406502679583,3005.2047514313613,1,2
0.26722266510527826,686.3512498905125,1,2
0.0009849898403313207,48.95583690533136,0,2
0.7487057187556614,1530.445006211219,1,2
0.6555097968682215,1871.4456079113677,0,3
0.3256624500962956,716.5578283096002,1,2
0.9042462351402973,3541.4411903295168,1,2
0.004409924389069161,95.71972566704146,0,3
0.04850845479955055,145.16366088760856,1,2
0.12521601570288693,398.45422405486727,1,2
0.36123487351159606,3117.837230773986,1,2
0.7721868905634489,5106.045598306816,1,2
0.0016812725479415378,98.77924949720924,0,3
0.8522804019952194,2755.1701445739614,1,2
0.6455252644359991,1526.7649350339072,0,3
1.0681315017950015,2342.825718583609,1,2
0.9820699626336252,4276.402294358666,1,2
0.0011515429837745568,11.674183371334271,0,2
0.8079605829577328,1986.72904737562,1,2
0.29725191420876074,2907.994822365857,1,2
0.37007321577862506,2715.486967613705,0,3
0.0835426763431929,643.7277710650965,1,2
0.0018186980055825198,25.815738825667303,0,2
0.37311555088865894,1187.9797719625963,1,2
0.030254081333701735,173.23259193007578,1,2
0.5060338074758265,1193.9127121720057,0,3
0.08984750547877626,748.4063139479248,0,3
0.0024822423580246203,103.6850550862784,0,3
0.33565172546184247,1809.0345444340521,0,3
0.3663636978295938,2693.67307732216,1,2
0.4765760757653679,1120.5405780409958,1,2
0.12845669546073618,616.5006404724958,0,3
0.0006628196161376013,30.355144075459112,0,2
1.1305925976193991,2483.7686144934037,1,2
0.47605822039960205,1506.9082241796325,1,2
0.7922625743205051,2264.220191064698,0,3
0.14031610459296054,1715.179801749046,1,2
0.0012864407155318315,25.179628037663036,0,2
0.08729149248328553,747.6143427726394,1,2
0.6950325391125927,1705.4830638145195,1,1
0.6267907087342124,2574.8754499328606,1,2
0.66211911757443,1737.5835353615275,0,3
0.004171609106907326,51.89459930191318,0,3
0.051279754105278894,455.6957485519408,0,3
0.22977748509916548,1234.0821044813981,0,3
0.08606977796440349,184.14468952950176,1,2
0.6396620531383765,3329.190730468967,1,2
0.00017145049847446154,6.66715688141804,0,1
0.25793976971757954,522.2413844292022,1,2
0.5002414170597332,1362.8596935716093,1,2
0.19713426185589264,708.1143042956198,0,3
0.29257451642874294,2248.672216267359,1,2
0.00024192296476885255,10.207679054700467,0,2
0.23584048297001792,583.6199205543355,1,2
0.2603996626160182,712.4978920289961,1,2
0.3023313749159719,1028.2565897620127,1,2
0.7059676691013473,3675.893240241914,1,2
0.004317002491025975,114.42199020389151,0,3
0.7337545459163388,1719.891204077377,1,2
0.620654906295835,2547.6264557867844,1,2
0.10705740750761585,911.1435974948423,1,2
0.25613303596120124,2308.6940851033623,1,2
0.007421301914736151,93.4048064795933,0,3
0.33238862669797004,1006.6746578606926,0,3
0.11476822272854027,853.9535391307372,0,3
0.33229286306428796,682.1145607714735,1,2
0.18595106677290899,1470.203177256144,0,3
0.00670962518299827,83.46738666410155,0,3
0.10111408449486513,884.0100783230514,1,2
0.09884494064068097,240.11157065424925,1,2
0.1839444132069548,595.2823026104828,1,2
0.7408852428136915,1896.3613941473095,1,2
0.0033386593161139093,152.90055105803054,0,3
0.5200642099367799,2821.905118315563,1,2
0.17721872826759222,522.7736518114255,1,2
0.06966051965200862,274.5120774977324,0,3
0.1277036048553374,1019.2041718523961,1,2
0.000654430804046348,37.10868708763043,0,2
0.06530966662976641,210.23691050984263,0,3
0.4096213175948749,1573.0596711765513,1,2
0.016265915995187567,86.38103929892726,0,3
0.05953106285837997,313.74018550349564,1,2
0.0013806917556825726,29.968639918694308,0,2
0.17140173681328416,1256.6643774847955,1,2
0.23049389885495417,2110.993109681231,1,2
0.053786740548098344,482.662773824955,0,3
0.6326748448959508,4191.267098041871,1,2
0.005802974333516391,63.579252922377854,0,3
0.17215295409875153,500.3111211073349,0,3
0.5167213253055208,1528.0712129837575,0,3
0.5040328356052444,1015.4843791340795,1,2
0.8133708042759941,6353.246811260798,1,1
0.0031005544576213203,109.6710879894158,0,3
0.1534494268241991,500.01587166151705,1,2
0.161162012375293,921.3392662884099,1,2
0.5967432084684667,2848.371882905378,0,3
0.08301192726764467,737.4402899838294,1,2
0.0014888397025944302,18.738596798471868,0,2
0.4947135633256323,1838.499710242876,1,2
0.04861074114688042,161.5623976179325,1,2
0.35502981361429986,3255.584729690925,1,2
0.5847672317202375,1944.891369146406,0,3
0.0033520731004173672,166.60430116069176,0,3
0.2942075171495602,1636.4928398275893,1,2
0.02558993976558877,70.14534765820893,0,3
0.6032457650684003,1256.2799634436942,1,2
0.24138928018813877,887.0802711524112,1,2
0.0032122749204797876,159.65607020799058,0,3
0.6568642778531404,1879.5287812051777,1,2
1.0582126996746348,2335.0944318262623,0,3
0.5968862887062721,1629.2148160822828,0,3
0.47360455331051676,2841.5147494541566,0,3
0.002775321267053142,157.37115036447338,0,3
0.10144148943233504,270.8985951368378,0,3
0.08166275134470934,445.44953712467,1,2
0.6473507563810447,2688.9059172448406,0,3
0.21553284169423811,3415.1498711369577,1,2
0.004336329996657696,85.8468082352501,0,3
0.30642103438948953,719.1990889182377,1,2
0.19684551624819485,578.6376244239657,0,3
0.026357324035594456,78.60970804126305,0,2
0.20869389604307026,1081.5075257172823,1,2
0.0002952261844454718,17.34532629296367,0,2
0.7759414590410864,2109.852519092774,1,2
0.1202661920248243,1050.7658660415548,1,2
1.150293522167385,2520.294531116208,1,1
0.528320882304861,2939.9884269465565,1,2
0.00018565220231276186,3.2207218317461055,0,1
0.2579027834865741,1387.0305354118036,0,3
0.21330110547385642,1961.1754647377882,0,3
0.31436139578936617,635.0209857318374,1,2
0.10589072800159997,500.3203137260669,0,3
0.002567060930623211,28.125545073081064,0,2
0.2687485467062827,1124.5978408804192,0,3
0.023421330334463003,112.86169262394405,1,2
1.132348345627381,2658.4745685709495,1,2
0.31414481063703603,3136.000674609819,1,2
0.0015470989951403091,103.9349953092746,0,3
0.6890156081359743,2350.2339347347693,0,3
0.975120071730293,1954.1233437710623,1,2
0.28191701829487187,2394.1871317054924,1,2
0.6012983322692237,1374.2497065234713,0,3
0.0006075834571870651,11.219825426182595,0,2
0.31410445182864327,2298.057073761236,1,2
0.8820284453736408,2656.489927722702,0,3
1.1113198223571896,3581.84511514714,1,2
0.44700499936446497,2265.6171570846877,0,3
0.001104767423438792,37.09668365477573,0,2
0.0704437207149945,397.73591768935137,0,3
0.7553248570375504,2149.320364615703,1,2
0.1697876899561745,494.5418489901224,1,1
0.3284372753315147,5731.974634864796,1,2
0.00041940228641711483,4.411296543423999,0,1
0.4811808075307965,1153.1627073679074,0,3
0.17158598317760437,977.4457376981704,1,2
0.9368448930473968,2816.1197663037246,1,1
0.3361281408601925,1612.9718297408594,1,2
0.00045422156834288836,8.328606312376847,0,2
0.24315029401058744,1305.51869741452,0,3
0.5178537267760013,2459.2863992703305,1,2
0.67714384266741,1372.8660138334646,0,3
0.8389128453286618,3179.1674502833857,1,2
0.0029988605290291502,31.542181610236245,0,3
0.3656275297230964,1951.773000842917,1,2
0.02811160165839757,71.68227885495665,0,2
0.6441355335828464,1302.9450679298059,1,2
0.7137396279057563,3497.238972807816,1,2
0.0005212472571389127,39.84817128694382,0,2
0.17922124660377897,738.9539450058659,1,2
0.6022285505573113,1429.8772665363765,1,2
0.17116554449757734,490.74660368403966,1,2
0.05650701816912561,1340.5387497509864,0,3
0.0018349049634331968,70.26426021907697,0,3
0.6221227566708885,2387.122375087125,1,2
0.4298069386543178,1028.446549019243,0,3
0.4655309843768637,1519.2443575786986,0,3
0.6830068748509347,7091.367567012551,1,3
0.0009124551462104393,30.63908220861489,0,2
1.0681125540472465,2508.143165053704,1,2
0.7465958218615562,1770.3486725144878,1,2
0.22089817178728788,1879.6157961998636,1,2
0.11179645717524354,881.7671091038093,1,2
0.0009474296312328864,11.924387711894676,0,2
0.44785366133399607,1444.3445311047137,1,2
0.2329572962646742,797.8909555992237,1,2
0.5305298317195779,1976.5149534303835,0,3
0.633956902865509,2957.846901347822,1,2
0.00019912511922061564,7.62512471866309,0,1
0.9550904181896342,2814.3610047187954,0,3
0.43494200941657113,1804.1005803715111,1,2
0.24759326731393877,873.6458333359162,1,2
0.38584770392668516,2567.691542473194,0,3
0.00204781635630599,29.067988228420816,0,2
0.5527402825000979,1358.5785568996978,1,2
0.4674711178400177,1655.118571709733,1,2
0.32064837518092365,789.063242424299,1,2
0.3015034946687234,1467.297880326026,1,2
0.0010101911100674345,50.208387135284454,0,2
0.4029911333250124,1372.855343600327,1,2
1.187981244429892,2807.3783706919953,0,3
0.3351045647813575,1801.9597413775468,0,3
0.13386447085008316,2762.3042629846514,0,3
0.002728714560277516,113.98037688884605,0,3
0.2267572955366971,772.7024341025307,1,2
0.4836345489028727,1387.2716042499997,1,2
0.8067033349522059,2603.429551767903,1,2
0.14997415424655935,891.7474944351542,1,2
7.424820410084283e-05,3.400344343999147,0,1
0.5973028287171925,1197.0980814745794,1,2
0.05578179403503907,412.75484610051006,1,2
1.2924540930496717,3193.9092291693714,0,3
0.6683780320758679,4384.526741294353,0,3
0.0020867677253848457,64.52260199685564,0,3
0.653102664823646,1530.4008666813584,1,2
0.24121351113102982,575.6896622840278,1,2
0.1865703921509416,1710.7410733287727,1,2
0.05711801194478636,640.3843842881878,1,2
0.0004170470073116765,5.919826483416629,0,2
0.6002885789083786,2300.4389070574016,1,2
0.29643466068849234,607.7117206649241,0,3
0.4119865710237229,3031.695547020116,1,2
0.5665733960925493,4454.424317643096,0,3
0.0012061683874432668,59.948824280438075,0,3
0.9303040440231959,2946.4649925181975,1,2
0.5548819085929799,2284.448966533199,0,3
0.33768000688250027,796.1682809411626,1,2
0.16523949150347336,1708.2843683191709,0,3
0.0005601074696068645,6.967707653415686,0,2
0.49937287210603926,1591.5198683123729,0,3
0.5003481746684582,1769.9462168852526,1,1
0.7833114682473397,2494.726481583707,0,3
0.4800918808045392,1676.9982817952875,0,3
0.00023275769344676463,9.820960298196665,0,2
0.5063833002529876,1191.0194151053188,1,2
0.43239821388790484,2469.644639757245,0,3
0.33784486007800973,2472.794553194877,1,2
0.43511717170082675,3370.984460328022,0,3
0.002810548470793963,165.1272239949822,0,3
1.0357897701763672,2288.2249936836783,0,3
0.406428568098761,1187.39546010321,1,2
1.026598738437629,2097.107549170448,1,2
0.3452829862215982,984.037446164965,0,3
0.0004124441807054501,20.499247013935907,0,2
0.9455270111549078,2074.801607219786,1,2
0.5325050954471323,1987.9927285638034,0,3
0.4040322732213283,821.8740121430567,0,3
0.6321929491158097,2602.4539284339317,1,2
0.0017928006565323072,90.31314161328686,0,3
0.7798381214410678,1830.7327160468576,1,2
0.38532495722551213,801.5089027584328,1,2
0.3301085221431398,775.2861178665295,1,2
0.3138297160508348,2047.7950214809541,0,3
0.0008953667841911238,31.67041595752483,0,2
0.3778698257798879,1198.7839834063082,1,2
0.8017253833839174,2730.511949343885,0,3
0.34497113154748815,1420.3990143128633,1,2
0.1970338884540603,1418.823888253489,1,2
0.003321047829970067,88.66114903267213,0,3
0.7194202983420308,2975.211833965083,1,2
0.3335049484855112,1077.0846474837904,1,2
0.4256589773490543,1639.9487950191399,0,3
1.1010267443029869,2503.7170104748384,0,3
0.004815389099594883,52.24425638166145,0,3
0.2915847218619377,2678.913403207912,0,3
0.8564163080405325,2032.6330682927644,1,2
0.16601083628959368,567.3136096338626,1,2
0.7035997782003195,2825.603846280404,1,2
0.0003991434317221276,8.663617879921967,0,2
0.09422919796910184,230.39333628932653,0,3
0.23297155325596614,2281.1737130128863,1,2
0.4634060481770462,1475.333947588215,0,3
0.6527709526316923,3045.065979593665,0,3
0.0023781998031571854,79.00406396919598,0,3
0.2311664095392638,733.5447346987183,1,2
0.04593244815989393,336.88245575736835,1,2
0.10346019242737838,1015.6616930836133,1,2
0.6484468326342597,1806.627351671778,1,2
0.0017829204474755372,42.93086960603987,0,3
0.07799273362912783,764.5201219845377,1,2
0.1280880440143423,439.21704310997524,1,2
0.1607272338037348,399.04301691857245,1,2
0.38669665829288613,860.0448769678937,0,3
0.007712087897386796,82.75389884684719,0,3
0.48255980647655383,1654.8780062836042,0,3
0.0776766490040994,228.41029560967405,1,2
0.07529736528464027,653.039122380645,1,2
0.2872446908046043,2220.2319415742445,1,2
0.0006943461803776498,14.215009720378848,0,2
0.2558557687436428,988.1951889029267,0,3
0.4736898310374419,2697.929021902529,1,2
0.5335892161554645,1083.4281447465903,0,3
0.6520111290868424,3814.612026431304,0,3
0.0005365890582121618,26.669479565579884,0,2
0.1807256881267633,586.9055788470715,1,2
0.28422312099651853,822.7679100990974,0,3
0.510505369451008,1390.581985569071,1,2
0.49228187612406227,2376.4959297234614,1,2
0.003951615996393912,119.78264841596761,0,3
0.24030387591754296,854.2343359867039,0,3
0.1610142870502524,458.7670856642458,1,2
0.5804884590299682,1722.3187515357722,0,3
0.08954713500821973,800.2364135938005,1,2
0.0028233622407177923,28.622855582691432,0,2
0.2083350247488174,502.63593271350214,0,3
0.5635355458093436,1985.419402051906,1,2
0.18344594217428714,504.5099933838245,1,2
0.5122096157049968,4173.431959725443,1,2
0.000619723787815375,12.687301978033776,0,2
1.1207305838808261,2474.3295812878705,0,3
0.0374642555369381,93.80248046381864,0,3
0.6089046336455151,1737.9134459996692,1,2
0.33600951171989324,964.1322700538159,0,3
0.0011987806002358116,67.97536715237199,0,3
0.03215083365447263,316.61141827261605,1,2
0.37260017202848883,2750.9133456942172,0,3
0.25843552825895083,612.5207985819364,1,2
0.5640915444221526,2520.096340965489,0,3
0.0013058021950697399,34.61023853543817,0,2
0.772961708077428,1552.3114588122014,1,2
0.38055609436525056,1087.5016316999,1,1
1.1588447695341006,3499.4254834860913,0,3
0.7909745201545781,1820.8071919159645,0,3
0.0011602527846816635,38.95981144966568,0,2
0.07687266962120208,413.41406859468253,1,2
0.44856114900746663,1722.5137027003852,0,3
0.5976716806362896,1469.503347429496,1,2
0.273537381784968,2895.908197482522,0,3
0.00034696505819901773,19.674223302815324,0,2
0.5705964574251625,1371.5802865971873,0,3
0.16238456410206714,525.3218079915306,1,2
0.46872040358159023,1377.6625555595388,1,2
0.11269235527062635,783.1030205839668,1,2
0.00393069715935827,94.64709849964099,0,3
0.32898745649992306,1841.5309388205726,0,3
0.18021498713062623,1529.9230271998804,1,2
0.12402236225178175,367.5110792240053,1,2
0.1934814822454686,2945.0519617590276,1,2
0.0053345347065189225,54.080774441018086,0,3
0.2132596544930716,1809.8595186608518,1,2
0.9582543856412634,2786.7596130257557,1,2
1.3068094910911323,2865.3684713111797,1,2
0.503320835186025,1545.3779245223986,0,3
0.0008593220055682241,9.323159197475189,0,2
0.9827863423076245,2809.5761471699384,0,3
0.9241118732301101,2782.143487279472,0,3
0.5498653550060868,1950.3593718762718,1,2
0.29245955315641226,1747.0355528695486,1,2
0.0004571513288646367,19.095540998589748,0,2
0.30718639742924053,876.0494857194935,1,2
0.08453868748979038,288.4500493386619,1,2
0.8631747579942426,2785.12699311551,1,2
0.5497110566636717,2874.203094994472,1,2
0.0008650454958685807,36.49966342789117,0,2
0.8761088325997507,2557.7779423072134,0,3
0.0802113662882082,265.7749201431491,0,3
0.4496658431767621,988.6917884041436,1,2
0.6437455044226088,5294.677386276897,1,2
0.0012548996438333509,71.15752791809703,0,3
0.8673449866250187,2139.8288781437664,0,3
0.010060029479845464,57.130703527585155,0,2
0.1279130152558453,260.3849444774032,1,2
0.5550462510092,2561.0731979083157,1,2
0.0025768966667233436,32.056459877944754,0,2
0.4555785395386845,1372.7115469630262,1,2
0.17611512082984904,506.611757038251,1,2
0.41087558941654406,1330.7086482222376,1,2
1.165507182356984,3548.6205332600416,1,2
0.0006810861380318106,12.57714883201152,0,2
0.2656200940725004,861.8756310889033,1,2
0.22316586469267286,1924.8601592374187,1,2
0.4130917199635485,833.3306184946971,0,3
0.31189532849817586,6583.862257628472,1,2
0.002060718001554423,102.42153803134084,0,3
0.5628097858817823,1826.3089343343831,0,3
0.45587653548590007,1304.4856292194959,1,2
0.04861421150959197,422.1511336103883,1,2
0.22116578710965318,962.9422997841934,1,2
0.00043353776258693886,13.14153537144957,0,2
0.24787839130046033,2141.8587175648845,1,2
0.7278321858410324,1457.648583698381,1,1
0.04552369711029976,97.34985192146803,0,2
0.040606011272481375,268.0764593190617,1,2
0.0007124954837428826,7.494067072191164,0,2
0.2606732437191789,1449.8192042398903,1,2
0.0982628964365882,836.7872647507631,1,2
0.18047554638559035,365.79071942062575,1,2
0.22346076889165103,3849.664859509077,0,3
0.000971507297551265,21.087076285397394,0,2
0.44359143823353486,1653.7320210848336,0,3
0.4458300130732044,920.8216015673544,0,3
0.3491181221768864,1123.718262681455,1,2
0.6166003699313327,3675.9596535175215,0,3
0.0006865121410319372,18.195978723500872,0,2
0.6683919074665579,2563.6691431383174,1,2
0.9253452768903728,2192.7666459305765,1,2
0.7601711426469014,2250.1167626157358,0,3
0.4363017833563129,1994.4977517588995,1,2
0.0008836864567269266,54.821455005267964,0,2
0.19025266412492453,789.3811225020287,1,2
0.1314041137118083,1206.3330148642242,1,2
0.48291983143139694,1859.4786323221035,0,3
0.08545489678076489,427.5123448685154,0,3
0.004715830582193629,93.3598236230963,0,3
0.10209443277739552,569.6062755620778,1,2
0.3657516402592329,3356.5846221232187,0,3
0.3587099852935617,2042.9454505850085,1,2
0.6412350318095885,2592.137827988194,1,2
0.0019204558791816222,80.21882834284415,0,3
1.2409120018509383,3046.354170065937,1,2
0.685012918170243,1861.6991645272346,1,2
0.2110796953685737,1821.0227101894438,1,2
0.7034053974118164,6608.03981496895,1,3
0.0009311454113001018,46.90687003426636,0,2
0.06412101712509322,134.67785764969915,0,3
0.7784024727564843,1715.1583075259464,0,3
0.47018661128235795,970.203915539465,0,3
0.8311864297545871,3007.9349426852436,1,2
0.0023613038804933583,25.618815588108067,0,2
0.44287452842900915,903.0418866603495,0,3
0.2163303434224785,651.4766644050126,1,2
0.5235924274218134,1704.076867953574,0,3
0.02523249400002288,147.43767526650475,1,2
0.0008065401357120665,12.7561377856375,0,2
0.49360390155801553,2041.0082954458146,1,1
0.19231503067751643,1771.8423257470508,0,3
0.2799062339425468,2740.2089182514915,1,2
0.09603560799987379,269.837420129159,1,2
0.001202718440009454,12.90566723954292,0,2
0.23380115117296132,2045.6896721048165,1,2
0.028636683390680304,83.51927806341546,0,3
0.17714591359427814,534.5376031205224,1,2
0.050357272111666886,414.16829810787675,1,2
0.0003913241842554776,22.991340266746466,0,2
0.9687247186448876,2128.2854558262957,1,2
0.1343556092360668,290.1412907077457,0,3
0.08335156741575804,733.6735209613561,0,3
0.2514377545783603,1885.1023749488677,1,2
0.0022379440714529034,24.519634926391202,0,2
0.0717391083642106,148.8599079022785,1,2
0.5175273723095545,2460.5253011945883,1,2
0.8329538822052813,1829.252820209232,1,2
0.08258573774994978,949.7100982547207,1,2
0.002043603947182959,85.36281203694591,0,3
0.18099740599675104,1592.9757142598532,0,3
1.1179718809987427,2753.9429533827156,0,3
0.3241428061461797,1854.6412495642774,0,3
0.4750302552837354,2976.044561384838,0,3
0.000511380139814739,15.81181117044432,0,2
0.5460729181483835,2095.214891188795,1,2
0.8395656235762362,2849.1297172046734,1,1
0.788143183013109,2250.811053132293,0,3
0.13691238076123477,1085.5195971353578,0,3
0.0013614495216207206,32.782288166957855,0,2
0.5959638194635498,1622.9654440869697,1,2
1.1846973574145307,2910.1397585036502,1,2
0.5222736827873311,1148.4249605791142,1,2
0.3236805821964914,1290.2081275542344,1,2
0.005211219262945841,106.68674296949456,0,3
0.3968415751490495,943.3533124685314,1,2
0.19803078596658222,1075.051995492596,1,2
0.04352793881933998,91.4088949289635,0,2
0.05643824753525739,801.093021570501,1,2
0.0014296523619867988,29.268573510913036,0,2
0.2935218854358209,1041.0696722553223,1,2
0.3678464437009378,3376.3417271252033,0,3
0.3885357425194044,2160.0236448647656,1,2
0.05673014327147569,521.6421574591213,1,2
0.0005434356311448827,31.928293755974856,0,2
0.4949097454047647,2033.3051266324494,1,2
0.5451484923285002,1560.5802027111242,1,2
1.2580456094378494,3087.4310370935345,1,2
0.5175789221962666,5961.92488563242,1,2
0.0011316502138234636,19.632035085806447,0,2
0.7686035367154395,2478.1865684364943,1,2
0.09058553559178185,509.88118646396373,1,2
0.601383281672762,2304.2384668590084,1,2
0.07156326953284409,607.0597691859077,1,2
0.0009858318397839082,12.407719464100408,0,2
0.4058733489490011,1200.5622270026465,1,2
0.29701839258399937,1115.724673566343,0,3
0.05183384559021313,511.11720694683436,1,2
0.6045392060761823,3715.7268339473962,1,2
0.0017121157083275238,18.008128116344313,0,2
0.5434464069414949,1555.9505960801216,1,2
0.6173383545267243,1259.4705383985042,0,3
0.11605945771848271,853.9544219368174,1,2
0.6236016299691466,2312.340830821054,1,2
0.006706357286295859,116.34287691925694,0,3
0.3150646724372734,927.192081046046,1,2
0.7147197810676151,2105.521317443574,1,1
0.26124087768597304,1418.4320599892642,1,2
0.023131029666826456,192.2542304758126,0,3
0.0028065904445236283,51.46164013697921,0,3
0.05448875568275114,227.88439066453512,1,2
0.14403228832607295,495.95569461420587,1,2
0.38872021504574084,1443.920711957939,1,2
0.03056158620580507,253.9280467775208,1,2
0.006462311274876327,112.10913066072727,0,3
0.3990162255482867,2934.2765553699883,1,2
0.2985452038761431,1596.2177226758488,1,2
0.26143419814002966,1452.9852554594913,1,2
0.11547756570755713,803.4053043647834,0,3
0.0006541479824712967,40.581525172020086,0,2
0.3573905892000669,3271.9901068427935,1,2
0.7230115097215803,2779.13937565994,0,3
0.32112531909451275,2350.3661851284446,1,2
0.8298072833259037,2185.596896058246,1,2
0.0018818788483982542,66.56477207190926,0,3
0.34121011265701123,1265.5454666562334,1,2
0.606641051305748,1259.3207868106138,0,3
0.3787548977613244,2784.826396125202,1,2
0.1299130270495243,1586.14234781219,1,2
0.0009692101624292782,37.68945708223292,0,2
0.6511056219598874,1306.9222889716614,1,2
0.040737751959537306,87.17512957693812,0,2
0.20463247501833834,1164.5284370391475,1,2
0.9050733777234601,5187.175004815625,1,2
0.0007390835353012389,56.50126097871247,0,2
0.2689853949339533,593.0123212318189,1,2
0.14795214145264177,546.4544599421432,0,3
0.04036342366828363,403.05407663501023,0,3
0.03599420275647364,756.558538258478,1,2
0.0002627071690698972,10.059880624229582,0,2
0.24217310431885247,795.1972105185332,0,3
0.9360646494969749,2053.948201628149,1,2
0.4791834078623642,2277.5226345455894,1,2
0.14368561338937552,586.9482071649636,1,2
0.0010547270152356904,16.681430392428467,0,2
0.15272300269937997,547.250713540124,0,3
0.17523659045482862,996.6553847461033,0,3
0.46013884629560536,1254.2478384114183,0,3
0.0801576643959903,290.9928541265327,1,2
0.0027533209833392157,115.00820494213048,0,3
0.34834060606977296,1228.945955552149,1,2
0.4217377897570348,1377.8315793374,0,3
0.25641514594139475,1227.4881267046503,0,3
0.15034243844089662,641.7929604888359,0,3
0.0013831413663680113,36.92536485327081,0,2
0.17868643460732186,394.6517386461362,1,2
0.17855831123160973,1018.6830515345806,1,2
0.196107008862164,699.33539398008,0,3
0.4587608090189688,2965.344021101457,1,2
0.0008826569319113655,12.528985437354256,0,2
0.5447826513783052,1483.449194816882,1,2
0.35264422824535485,1879.300899932841,1,2
0.18224297268437084,589.38388673233,1,2
0.49683036348358955,3775.3606072338553,1,2
0.0007672160030440231,15.188660719802327,0,2
1.0464978430887377,2455.375207761701,1,2
1.2395038074451976,2727.669832461665,0,3
0.7022277123481138,2906.550428012843,1,2
0.8708731666344482,4148.922951422546,0,3
0.002356753472637265,23.831403453762714,0,2
0.425108805979012,1326.1241181480775,1,2
1.1169071734233973,2449.0250057175526,0,3
0.048415074007964694,225.97754974263484,0,3
0.5456545045264829,2340.8702345483484,1,2
0.00473563892002745,56.559561784248636,0,3
0.6769635149891212,2765.779511111687,1,2
1.2757060707586514,2666.678859453952,0,3
0.8512311675086953,2589.805794932942,0,3
0.6478419358827749,3822.5806407578702,1,2
0.0011005847052743198,30.45531133014508,0,2
1.032694724510245,2555.343485290376,1,1
0.6285446355165476,2865.307908553129,1,2
0.0625198961855158,564.5313363127374,1,2
0.0915017946783909,1129.4336843120388,0,3
0.00198210802985499,26.139931303029982,0,2
0.3697311334089272,1866.5541292934113,1,2
0.31400040371026633,1605.6829558179575,1,2
0.04649160317446543,429.99914895639137,1,2
0.8629557052252925,4533.108740885385,1,2
0.0009965744682018311,39.27542635371132,0,2
0.1754156900646734,1684.0621139802618,0,3
1.0103326306885885,2508.4318521978166,0,3
0.008054499594267886,77.67829425081409,0,2
0.9194354590530825,4942.484479669312,1,2
0.0034802325510718433,165.24343178284408,0,3
0.06714818931090787,427.631917490324,1,2
0.18746535675966441,389.30248820114866,1,2
1.4173289821159984,2916.7479833892057,1,2
0.3017013671973254,974.569195673006,1,2
0.0013688327631844726,17.22151368656051,0,2
0.13556226848069414,1292.3462256647076,1,2
1.2240599209919782,2547.3730053403856,1,2
0.07401490356852962,202.1464274947515,0,3
0.15547546946647844,1058.8493355890355,1,2
0.0006779658359554442,8.793728922814122,0,2
0.7562319942993055,2065.677586739123,0,3
0.3500826566614587,1527.7374259754852,1,2
0.22675591287653352,1166.8498533170464,0,3
0.4626775992848137,6835.539887454529,1,3
0.0018953161315767811,89.99069381115807,0,3
0.11636613951723546,934.5461816841719,1,2
1.1556009677721246,3133.5793232917267,1,2
0.6335305815593372,1593.8238133192713,0,3
0.3755160959055716,921.9420372819495,0,3
0.0004232727162830059,8.73891303909899,0,2
0.02787134319726563,64.46278567852308,0,2
0.0774890143341418,171.34544073488402,1,2
0.16989113339498813,352.8026393207393,1,2
0.1828923439410777,1413.741992914646,1,2
0.00025503405300419734,8.17212432033218,0,2
0.1513159649341915,492.38490330610813,1,2
0.3172390200577402,2657.412055548863,1,1
0.2709668498999901,851.9292992203581,0,3
1.2012647214483592,2667.44673405829,0,3
0.0036385178100546444,47.19432396967361,0,3
0.4034163389562641,1110.3685178389112,0,3
0.25622287158980844,2352.1570511594014,0,3
0.4585366546440644,989.0488082282457,1,2
0.09273995277722163,1164.1467533698712,0,3
0.00047412840876669485,25.73642527664802,0,2
0.6024147281100106,1299.048474377336,1,2
0.59516328554688,1890.4239338228647,1,2
0.5122555899471573,1348.7388565236622,1,2
0.37453868664459666,3208.3422422331428,0,3
0.00012069172527758514,2.010181726064592,0,1
0.4265965543960697,2686.0837694485426,1,2
0.06738375078797129,542.9745967379652,1,2
0.6071742230981853,1546.1849883516988,1,2
0.5097142127010941,6401.71444213745,1,3
0.0020707917544365412,63.318944273525275,0,3
0.15850950237974226,1337.145345193568,0,3
0.4136226121778649,2605.9663204045787,1,2
0.23883328496089787,914.5065456286725,0,3
0.4088361836065509,2608.104574169486,1,2
0.0031927054022853276,139.30671930856485,0,3
0.2631205967207203,696.0975562199328,1,2
0.09424763457498095,476.84751350896636,1,2
0.29641350589809506,2449.3233661617496,1,2
0.04763114252428499,276.97280143337383,0,3
0.005087623303131526,108.9457600241992,0,3
0.19989073355542658,1022.7252365230208,0,3
0.10080197440854348,460.70462057556875,1,2
0.24566089576274536,2218.760972989402,0,3
0.48973310812553184,1786.575624769112,1,2
0.004685052283819233,60.768666484582475,0,3
0.07847911340889772,709.685779949978,1,2
0.4241523458962614,1117.4595908901929,1,2
1.0039256847681586,2661.9435504003623,0,3
0.3492525018365363,1415.3693069632754,1,2
0.0018295909726995625,18.50075586267156,0,2
0.8390643989281531,3167.9750757866104,1,2
0.7552356867681389,1894.271807791805,1,2
0.021089116645198334,87.26770002834344,0,2
0.5641690861607824,1842.0604561101625,1,2
0.0018752479148034379,26.350864079737704,0,2
0.3180384326653559,1394.3582407231602,0,3
1.0452859946196247,2587.5271208819822,1,2
0.16795804935838707,509.9046615186392,1,2
0.749764149327851,3025.3535885620163,1,2
0.00032878563319336,7.989387058693046,0,2
0.02107512906501215,195.47070677404764,1,2
0.7430209551503308,1935.7003631627279,1,2
0.8078997499284073,2512.1768501681136,1,2
0.23851753142816315,934.7653100591369,0,3
0.0011741005466124254,35.90066790791152,0,2
0.20682418638846933,1969.3257669719196,1,2
1.1843179902078915,2968.2003172301697,1,2
0.5206224119880264,2376.9262367207584,0,3
0.15862442189475137,4703.957348041704,1,2
0.0003598695249814796,11.899648457845025,0,2
0.2924928145590651,2630.005736594636,1,2
0.4398677381791817,957.2759012609657,0,3
0.6911420448032275,1490.8973740964614,1,2
0.523803559912629,3049.4858026264064,1,2
0.0016334058778976045,39.69124701623923,0,2
0.37064878114253286,782.4465297750065,0,3
0.9886614707163105,2327.65296002077,1,2
0.3703459939656142,3103.73600715083,1,2
0.526233812134487,3077.9032716813053,1,2
0.0004887493833216271,11.180845471751766,0,2
0.03548788016616666,340.79129551573345,1,2
0.12757316594621826,1168.4298850475463,1,2
0.33575095771157476,2117.9946689577478,0,3
0.22097701022723423,845.8904538787824,0,3
0.0004517049363617082,17.41122527204341,0,2
0.23806624456953113,759.3280444474026,1,2
0.2252457037882103,1706.8513868925659,1,2
0.22878596517944796,1834.2064280856328,1,2
0.4204578500692536,4846.086530761583,1,2
0.000493250548735574,18.443640680414475,0,2
0.3982507317563941,1815.3771212456668,1,2
0.30115141081595803,1523.367317344157,0,3
0.06029526664886459,197.8469387833739,0,3
0.3388701832451314,2647.115320747317,1,2
0.0004087935046145885,22.18994536197356,0,2
0.3538187048884405,793.8642737758162,0,3
0.37763458032257896,1932.2681943692996,1,2
0.13360621176725332,1213.5800377338496,0,3
0.17935734145113982,734.756807817252,0,3
0.0009013195068889284,19.3007486702504,0,2
0.41061954236970494,1844.302846238183,1,2
0.11952312133204832,254.8761533043785,1,2
0.10339752788803089,281.0486623994616,0,3
0.3688305170363841,3643.778156562951,1,2
0.0015246094439241085,98.24728291489545,0,3
0.7175343765914602,1510.6700838511492,1,2
0.23975889805565276,781.9507110406781,1,2
0.2762062055173975,639.2940746999959,0,3
0.1345802064980391,364.2410433630888,1,2
0.0024443649227647054,112.17287341618933,0,3
0.20075022296868367,1613.392412931135,1,2
0.24282817444031551,624.9662523368719,1,2
0.8545423900747422,2305.0661080339423,0,3
0.01811496555950297,384.85376857044724,0,3
0.0060458963247141916,72.2084712313438,0,3
0.4299643068729527,1079.91417845589,1,2
0.20671131922780814,627.985404874828,1,2
0.10179506114700156,973.016542101066,0,3
0.48767843588473714,3140.4266952574676,0,3
0.00041238401098109295,10.020801239227668,0,2
1.0069522267806714,2100.88469329851,0,3
0.6612990820948402,1792.9737573685838,1,1
0.21148430170759253,1752.077356992018,0,3
0.2738177819840678,3767.74023710857,1,2
0.001004336029595421,17.635426631045657,0,2
0.06138189161740133,166.80871643222557,1,1
0.06470787397207926,135.77376868061168,1,2
0.7575474406515537,2860.8247315016024,1,2
0.7128345786205907,3447.5586357033535,1,2
0.00036032982173843527,11.53015837078037,0,2
0.4306683140866995,1368.1576156272035,1,2
1.4290413990635997,3580.6159136411125,1,2
0.07967175162234776,199.64359733360442,1,2
0.11328919968764031,440.8704980308035,0,3
0.0039641037585455945,126.84696457740071,0,3
0.015428346376416097,142.08327161599487,1,2
0.9196550320755683,1931.1983625828761,1,2
0.1367515941662312,1253.8423932897629,1,2
0.2921917979043105,3295.6663444023307,0,3
0.0010640761963275722,23.7853288235966,0,2
0.41022942477987834,1844.6586519591788,1,2
0.176183439920585,1678.522879391326,1,2
0.16639130848316344,1495.3253257514948,1,2
0.3316374596773748,5095.47145045397,1,1
0.007941093632733575,99.90822572380921,0,3
0.8930245849914525,1884.7998965477425,0,3
1.5756653890857553,3255.8445588449467,0,3
1.161155900544617,3526.9164180470934,0,3
0.20195027793807588,3561.8154853908613,1,2
0.0004973753657489309,19.17161810887338,0,2
0.39133458285273975,3236.3720509875207,1,2
0.20020743279701314,432.24426643596547,1,2
0.16962897350407785,1553.9691073372535,1,2
1.2794464828063885,2371.1643072880256,1,2
0.0012183063654822438,19.403557605212722,0,2
0.3668027711645781,803.2918938932212,1,1
0.4459704556651306,2034.7484057273118,1,2
0.7231901533590105,1882.2458432012718,1,1
0.24293082216435152,855.694296482092,1,2
0.0013946692270989916,24.489400065622778,0,2
0.5491184451857377,1360.7374862235908,1,2
0.2556860667213527,1952.0347832807627,0,3
0.14017712412346225,1062.2417127143772,1,1
0.44672913569665207,2536.3906276886214,1,2
0.0004716410940489876,28.28248961532587,0,2
0.3902590379571783,3274.425165439686,1,2
0.3561211010236815,1552.5870614254422,1,2
0.511661908756249,3223.5492068247836,0,3
1.0009400750396478,4176.390825884991,1,2
0.0008636063046221674,28.55649261079079,0,2
0.11715386431970952,381.26171426717207,1,2
0.4387692203268965,949.0095299752036,1,2
0.17240162425541536,366.1977740565359,0,3
0.3923869972763085,1659.7879433509645,1,2
0.0012044569247889759,29.26792291439031,0,2
1.1567690461983835,2961.0276367920046,0,3
0.059415478231826725,159.07877358869692,1,2
1.44300399235935,3618.309207065675,0,3
0.6155053360284329,1963.0151559880967,1,2
0.0013035880494278555,26.9139544424165,0,2
1.0003794794630863,2098.121440622223,1,1
0.8763014053479485,1828.873897197556,1,2
0.24852262715045828,1083.466099971428,1,2
0.5049182835561272,1301.6652177842222,1,2
0.00044130937148402765,14.592584304221724,0,2
0.7678520421406213,1767.9960755565157,0,3
0.4200877797277364,912.6565627854422,0,3
0.08450281342373184,381.9787911832755,1,2
0.23272393659273113,4792.9117649792,1,2
0.0048157821463707205,48.697009936792874,0,3
1.0967558626571168,2747.84537546499,1,2
0.1681549984918142,692.0289126542307,1,2
0.3420501681408839,3081.429594550632,0,3
0.023949191897702584,726.1029617895186,1,2
0.002605252474399145,63.30681240974895,0,3
0.12387722292700085,997.5771337931002,1,2
0.324724532875614,1231.5428452355172,1,2
0.045439374466303736,434.0087605416049,1,2
0.5343632970403923,2240.154666777526,0,3
0.003863413089839495,144.46086884580174,0,3
0.5655752989339717,2312.3470397195274,1,2
0.331413240974858,782.3715619339025,1,2
0.6223273005142536,1584.9800270879948,1,2
0.31436198896706263,5629.616789745988,1,3
0.005226978770507104,62.427823089548156,0,3
0.5153737117182663,1115.3682519952458,1,2
0.5971054708336667,1229.8458087687736,1,2
0.5064090185550394,1653.9979929418378,0,3
0.11011512516599202,3032.096812348157,1,2
0.0010250961035480279,14.404585057807788,0,2
0.35554829284536704,3211.75036296499,0,3
0.781876307991216,2042.8077488223173,1,2
0.1254764669293027,347.4867991239257,1,2
0.8287829514772368,3803.349063596406,0,3
0.0002602724322966844,16.772203132222753,0,2
1.366563008918258,2992.0297625216895,1,2
0.19520736895374632,500.5436302143302,1,2
0.362374279554391,2290.003560967183,0,3
0.80952823609457,3443.6259730452666,0,3
0.0009172113371365492,49.78765373395908,0,2
0.1785035759740077,1354.8757986766323,1,2
0.7308157231859967,1923.840997081058,1,2
0.1814189113739197,1454.5457288515024,1,2
0.2736665480711789,881.0113139231656,1,2
0.0023029848891104854,109.3470395544247,0,3
0.09335115114576696,858.411603976682,1,2
0.48037091663728465,1209.537818928479,1,2
0.21384366084084583,690.4961058646409,0,3
0.18924835218519745,863.8152478574517,0,3
0.0020234848929193364,24.167260374636324,0,2
0.613165123538464,2517.145804080105,0,3
0.1747986839703131,1667.0601159358562,1,2
0.5065094336613631,1254.2361454323727,1,2
0.08671457119246055,341.4320582993327,1,2
0.004758359612742309,101.894946538117,0,3
1.1750855276092838,3243.404130694453,1,2
0.3469457644725124,1515.550688348587,1,2
0.5102349332094627,1265.1656898807,1,2
0.6894739825824703,3487.614168315098,1,2
0.008817036556335615,89.15754570013496,0,3
0.24682438468089837,1990.9092884501556,0,3
0.03150137959342231,283.39548642051204,1,1
0.05986471529255607,538.9357824109118,1,2
0.6667749548358455,2457.8920822649366,1,2
0.0012559914478916959,27.406643356877076,0,2
0.45054822905042274,2053.252255107332,1,2
1.432620119808918,3138.4871480769116,1,2
0.33535928455160857,1018.1892406705965,1,2
0.10432474832727283,996.4911337589471,0,3
0.0007761766250975966,42.13207085664164,0,2
1.0600834349957364,3212.864775083089,1,2
1.1162814701713064,2410.5329385394048,1,2
0.5841307638985659,1778.7496175726553,0,3
0.2491274956649751,2193.2475019227354,0,3
0.0008276325956791815,15.075003479469197,0,2
0.757901239116058,2054.3222964724046,1,1
0.21803163187097283,1372.6538164137487,1,1
0.32204317484884437,1479.245079131668,0,3
0.7930207441557021,3821.2038415029124,1,2
0.004596596869361218,102.74787499673936,0,3
0.07894679247569207,258.02651637696357,0,3
0.41324262545426765,1057.451181785798,1,2
0.7937693577554674,1988.679268414863,1,2
0.8158904226391359,3047.610470640853,1,1
0.0015216495080152535,58.65285109023556,0,3
0.5962466511401429,1579.2666864058667,1,2
1.1743525768615202,2964.081982034355,0,3
0.056705181224505206,459.6555828947707,0,3
0.2588643065791428,975.1692437708635,0,3
0.003762601721188781,68.5807420573606,0,3
0.596563168811216,1864.2628757294435,0,3
0.5518838469230313,1367.7346789167043,1,2
0.9658221886708453,2398.921804785283,0,3
0.44505111819878096,5105.941976619109,1,2
0.0010990641101075596,22.69134133418346,0,2
0.1770115453891498,1343.7181206356242,1,2
0.8728960892068546,2274.184682743299,1,2
0.3333259778915937,2101.42867318597,1,2
0.22360299087706853,2923.3572179550474,0,3
0.0017860803935361284,22.470975834200235,0,2
0.5961800649472843,1494.1024500903393,1,2
0.5317333522538961,1094.2389183304242,1,1
0.13549060558715825,1146.450494495401,0,3
0.40425718235542735,5950.917141505819,1,3
0.004768176950610164,106.58320997197009,0,3
0.521094004769138,1387.5104697021793,0,3
0.712975970638687,1825.015540918917,1,2
0.8909218680927964,2323.202885720723,1,2
0.18871251177689416,796.0256660794732,0,3
0.0021669500908942946,69.43616089750903,0,3
0.9628743889543254,2078.9733556401034,1,2
0.7330862024921814,1910.954270334632,1,2
0.6691345368976244,2182.5968824692195,0,3
0.27941547787110965,4748.173919707895,0,3
0.004721178569470228,62.26264240719405,0,3
0.2072259332849347,1305.1605356599177,1,2
0.25946536552510424,1345.2527377156937,0,3
0.17994134178687685,574.9709058937359,1,2
1.1402549609721415,2740.7128884458007,1,2
0.0012908674460814645,41.363610569580715,0,2
0.9183609184592194,1909.502350868144,1,2
0.17889823768607932,1459.943599888925,0,3
0.5119542681438533,2434.548953282192,1,2
0.08741778705490541,1303.538689796656,1,2
0.008619910277345872,104.18190591076574,0,3
0.014229204800815957,83.60588764339305,0,3
0.2781029773756125,1406.4076536558462,1,2
0.05190852160419409,486.5081591526556,0,3
1.126724044371638,6114.347833962064,1,3
0.0007984955765202539,10.53051559330991,0,2
0.7531994015070927,2343.1622495978268,1,2
0.405564876533065,1019.6498007239827,1,2
1.4308047538154258,3136.135856535461,1,2
1.0786474706691702,5249.158031311826,1,3
0.0005150288588614593,27.9565651336612,0,2
0.6243728950436327,1625.4554251665606,1,1
0.5062561770514258,1275.6016577653163,0,3
0.6514377185769827,1975.2779619272653,1,2
0.24726104450558584,1159.2420582253997,1,2
0.0055481504538843355,92.40725186589538,0,3
0.25032861987887345,760.672672343335,1,2
0.09667939031480563,257.6077919655315,1,2
0.602004921525446,1269.902715666343,0,3
0.33219567384372445,1018.3447331505338,1,2
0.00037363526395354694,11.424707678216487,0,2
0.4612693270669006,979.9816968712737,0,3
0.12607482796012717,1164.3422672153224,0,3
0.9091213534145622,1994.4016528106151,1,2
0.14994680021503917,3484.835630960736,1,1
0.0014057178087187505,14.328128802234575,0,2
0.9697389255540753,2296.854929173495,0,3
0.03592475234119872,139.7051563968869,0,3
0.08438189755724179,187.19808413250922,1,2
0.24456132376277234,2560.5996515585894,1,2
0.0029088443965421124,133.48802023867,0,3
0.681208630618866,3102.8536383121486,1,2
1.2177242707735085,2782.8357884233246,1,2
0.6568051061709924,1649.4367406871265,1,2
0.7737338462909015,1960.7824442726687,1,1
0.0024304965725124605,74.31769838864633,0,3
0.039262772886446015,98.95905458060768,1,1
0.8069607285028537,2063.6727671568074,1,2
0.5028549609563887,1900.184940976016,1,2
0.3681632792047205,3020.090031191578,0,3
0.0008872084630847059,40.71434739409099,0,2
0.3421678175327477,706.7681840588688,1,2
0.11114755437344974,932.2939451099832,1,2
0.15306391879712256,401.41636757045376,1,2
0.9266743011857675,3997.826661419884,1,2
0.004578284500234495,76.25364388427842,0,3
0.05994505754696751,302.3710896150649,1,1
0.615827116979681,2809.427617400873,1,2
0.2428598016491708,1158.0544324605073,1,2
0.19953172813187142,2554.4827198908456,1,2
0.001298216594841306,38.794498994923586,0,2
0.2892799138631696,739.1477783108917,1,1
0.26580129547068243,2231.7420716684305,1,2
0.32271533202220476,2446.397705363902,1,2
0.6648021796542596,3117.207662091378,0,3
0.00010193091614990156,2.4768890734645277,0,1
0.37620924560645486,1024.3981595531943,0,3
0.06002346686376122,303.55914160517113,1,1
1.1599496157006812,2415.4127165415234,1,2
0.05089299488081402,604.6680238326974,1,2
0.000304182813058039,6.2801759930242715,0,1
0.16225164990027638,353.0576160653876,0,3
1.364170712770905,2810.4390336380543,1,2
0.23212335911517265,1945.5480710605107,1,2
0.9157639194564516,5621.186275411999,1,3
0.006475642184486253,75.05706851403833,0,3
0.4159306325595645,2098.1844328739207,1,2
1.25577864638922,2622.9469568181007,0,3
1.2258171424013682,3131.829246162439,1,2
0.17651053278868525,989.536850226665,0,3
0.0019849274807512826,60.69345808018132,0,3
0.7801782724046504,1840.4132003642776,1,2
0.8268935421591815,1892.7449277137305,1,2
0.18323790883150606,871.4615398216744,1,2
0.09693250553039542,762.1867411910598,0,3
0.0015787084732337639,25.14356131604339,0,2
0.3871755122711642,962.6421217516702,1,2
1.1036076331522255,2421.4466304973353,1,2
0.568444023399599,1507.546358043719,1,2
0.45715099152552324,1024.9015796402725,1,2
0.001101408745816483,41.183911912879125,0,2
0.49325356886218596,1300.566007221383,1,2
0.11730043467650325,560.6841613168299,1,2
0.7664086511756097,1610.0206331083184,1,2
0.11310014250323985,1917.9516074662065,1,2
0.0075446121822435545,98.44098120566163,0,3
0.12078762909993972,256.3238387562832,1,2
0.5441388035541993,2478.9528493554953,1,1
0.21582069612545723,1360.3176414472355,1,2
0.22439936259355597,945.5198694842504,1,2
0.0009414906637296254,31.131860707855992,0,2
0.45198154345549146,992.974017626063,1,2
0.07407227530376433,566.5928837412795,1,2
0.9210917216943343,2498.694232120181,1,2
0.6252353952433222,1902.739642386688,0,3
0.00031159081178218665,6.96499925684755,0,2
0.65598635122519,1429.364272201057,0,3
0.15057885333189142,1244.9239490357859,1,2
0.5049464224366814,1190.6244090487694,1,2
0.8477018486474998,2324.390230867815,1,2
0.00044991705174670564,21.362318913242742,0,2
0.1055229832172414,226.56873539722744,1,2
0.12010697121994349,285.068057523833,0,3
0.022598776272113236,206.92046616736354,1,2
0.21049362566315802,961.1993557937777,1,2
0.0024529530251059715,67.87796314069554,0,3
0.8687157217693849,1809.5990188380893,1,2
0.15232410529357296,1373.1435816123858,1,2
0.735559370361051,2299.980181120019,0,3
0.589551134869595,1803.9587110121404,1,2
0.0033134205131165064,127.71768986975299,0,3
0.2191051291607699,1969.0496185989136,1,2
0.7625096187750818,2062.7017750089954,0,3
0.43254092303170405,2734.160972508311,0,3
0.059395819309378935,314.0395476407862,0,3
0.0008236874973827338,26.69732099199993,0,2
0.427931735729881,1011.8906547987842,1,2
0.6438630261786061,1637.917613668127,1,1
0.2514878611516928,1277.8482353007214,0,3
0.04285751465331345,148.57687691415427,1,2
0.0042977352972699435,56.07621298562878,0,3
0.20348832630991856,636.9969895143256,1,2
1.2309144894909363,3341.502439781255,1,2
0.33683176482296423,798.2930560039018,0,3
0.19588434232863636,4053.338269943355,1,2
0.0004078905075576835,8.900466390956637,0,2
0.46211852499901324,1244.95612127288,1,2
0.7458804770058682,2818.575751572422,1,2
0.14919309128321057,1420.1151933631543,1,2
0.3730675470970956,3139.408408670082,1,2
0.002169535894999359,130.09866441795438,0,3
0.6363495137934803,1939.2044826645792,0,3
0.1884111705133769,1791.3482249503359,1,2
0.13579978374899632,1030.9080752473549,1,2
0.30361304419775215,905.6521240266322,1,2
0.000990104866697254,27.398120126738288,0,2
0.14574884617525605,381.2369042656811,1,2
0.6861316373367345,1483.0509924512198,0,3
0.763438930408037,1681.4478820738018,0,3
0.5101022935033139,1670.2661048255463,1,2
0.001156806414994947,25.2423540796656,0,2
0.8108878374500443,2523.9368881635105,1,2
0.23897091511743535,1917.9619418783452,1,2
0.028017878617334818,262.5532229036638,0,3
0.03343772646090983,226.73181254267197,1,2
0.0014569328106011543,35.403007209736025,0,2
0.11260995996511229,538.2611523126034,1,2
0.12276389343855487,587.6261342213855,1,2
0.8981664424219644,1939.85450907974,0,3
0.43940115399242075,1692.8464782739352,1,2
0.0023788540039047816,53.174598681452004,0,3
0.3001629172488754,782.3787445643424,1,2
0.03129942092957505,240.98605516289808,1,2
0.184249238752261,1161.4054434390032,1,2
0.361598293910192,1092.5230242016582,1,2
0.00787423368686021,99.06704957438528,0,3
0.5520923202141473,1216.2330297288408,0,3
0.282844670078884,1358.1021263084585,0,3
0.5260099198638118,1107.177301235053,1,2
0.3629002692994288,2679.137205442843,0,3
0.000639517662697277,24.650574289399945,0,2
0.6844058468878401,1428.4060421975812,1,2
0.29144876886563853,690.9291739953325,1,2
0.544646332475912,2225.4865943284076,1,2
0.7039299904789581,2218.116010867888,1,2
0.0008048975587265647,30.09675588957922,0,2
0.3993911589448455,1245.400789864279,1,2
0.0487097322443026,126.92722654792816,0,3
0.5571434389221251,1161.495746654992,0,3
0.8347629053868659,6631.073416466263,1,1
0.0021366011888944362,26.880936522636546,0,2
0.16157862924923405,1304.6211426268458,0,3
0.2697203325662373,2043.7688536798207,1,2
0.12687469809828603,1049.7343764542954,1,2
0.6131550825935117,3870.4013318151256,1,2
0.0005808697831253311,12.674999507062918,0,2
0.06568772420467267,173.30984167799667,1,2
1.1226864670204373,3100.005304049162,1,2
1.266141597524531,2778.9111033028416,0,3
0.5353158547600222,2173.5274435363212,1,2
0.0028420318793680294,183.1432379080303,0,3
0.6950231342355554,1869.401150938458,1,2
0.480287287431502,1037.4482016714705,1,2
0.14554585239110382,394.1130525423422,0,3
0.3571356412443928,3181.5403897869705,0,3
0.0011209759281954478,48.911333588436555,0,2
1.0367184829384002,2872.150541950277,0,3
0.3623854669058318,787.8744430039784,0,3
0.25093533792508077,2296.342067273866,1,2
0.1955482623635831,2331.0886419026724,1,2
0.0002775616331246931,17.8863356806542,0,2
0.16004132432839907,345.2487174725894,1,1
0.9687008509165885,2566.8041030982217,1,2
0.6407126727434936,2038.6005431755593,0,3
0.21391062976245115,1216.7284067585747,1,1
0.001020994230655377,24.809837383013335,0,2
0.3430598764861424,740.6903911035175,1,2
0.41989105081390327,1828.853943048138,1,2
0.17307870850731313,781.522438342858,1,2
0.4094013156975603,3261.606463333405,0,3
0.0001316124242303581,6.249033168311103,0,1
0.06660083876796954,189.57192194985913,0,3
0.3046988831097833,1922.1249110430895,1,2
0.18553131879948556,1415.0890575160993,0,3
0.35475945750163107,2252.4894130815064,1,2
0.0004565300581074722,5.517710745109262,0,2
0.23572192668246775,486.52160223161013,1,2
0.5411527848484856,1137.3662322946589,1,2
0.8540699204883185,1787.6849295346,0,3
0.21676702341158952,1145.6629207552705,0,3
0.0004233739541867378,10.287853388587592,0,2
0.18674887180656738,768.0261340562568,1,2
0.407603167177104,889.2974943098397,0,3
0.6735777268142138,1416.9257503639033,1,2
0.26939079287242995,3550.7374465335847,0,3
0.0022952198440074536,136.88879358441594,0,3
0.25332966380432537,1297.4426606463282,1,2
0.15256273899725753,782.3910411125956,1,2
0.771064223360897,2505.3083830428964,1,2
0.17875072559384783,851.1835607534501,1,2
0.00044955322322385894,5.865703806814426,0,2
0.7688332221936067,1969.6494254507163,0,3
0.3399910636488249,2812.301872444837,1,2
0.07580733596350646,609.5600474076987,1,2
0.19819302788717663,2056.33942850526,1,2
0.001302692144915585,13.278014069567902,0,2
0.9174204571965199,1917.0552597665787,1,2
0.6823459040162517,1408.8764701677467,1,2
1.2025294800035309,3014.782338713995,1,2
0.15005500260130045,438.98959128880085,1,2
0.0011991080494444752,21.055484823334396,0,2
0.16139656002907887,494.4814116234013,1,2
0.58307714670631,1381.034093366406,0,3
0.11931400642761274,613.2506568958615,1,2
0.6717536455219771,2019.772360228809,0,3
0.0006524015721782267,21.14560952238709,0,2
0.510324255298127,1297.1541353069492,0,3
0.03793203329389751,182.5001976153383,1,2
0.2275740817177423,1440.0702947055318,0,3
1.3793768524193593,2955.652854530794,1,2
0.00046504760052693233,14.881012229732354,0,2
0.3405682453611593,1483.8189286551776,1,2
0.1992515626712732,439.9809948497998,1,2
0.04917796007705728,138.5501346392593,1,2
0.6868768766380198,3508.390217998297,1,2
0.007514336203166125,75.98468818398541,0,3
0.16248921742927622,1235.840005385736,1,2
0.38352498523781764,1015.8140472985561,1,2
0.48047100600907977,1281.2840559303722,0,3
0.12687991340559604,1836.1358485098788,1,2
0.0018624083704970034,18.783725773510465,0,2
0.15983192954451234,433.9443417007267,0,3
1.0021653845495304,2719.612417601811,1,2
0.6997787846699635,1472.3684107930194,0,3
0.5787680680201495,2859.9956115370187,1,2
0.001841627156097241,30.67323171407604,0,2
0.1631601506626371,1568.7716688249036,0,3
0.467040866540462,2942.172877987784,1,2
0.9721130045619999,2000.5635615291362,1,2
0.7299494014364083,2866.1809995413278,1,1
0.0017615529867695508,113.51615021829949,0,3
0.3163014083479191,809.1657906108687,1,2
0.028815090791410806,157.1074460119134,0,3
0.33782192919673687,1734.9483744503436,0,3
0.17508657053078522,1085.8012113192835,1,2
0.0005073255343053136,24.0881064956008,0,2
0.2443313786850969,1013.5386752617312,0,3
1.1022767509895721,2991.4345807328536,1,2
0.03216683955705206,86.44069426263958,0,2
1.0175637198043996,2595.7493340114174,1,2
0.0011068525971423323,21.475018118678605,0,2
1.3427786502818415,2794.0245077267164,1,2
1.0498145802624568,2203.196034463361,1,2
0.025261886434065087,238.14051610887134,0,3
1.0500374090930462,2273.5762251582214,1,2
0.0019247162987648578,24.215177319990875,0,2
1.0331794658827975,2862.7234198062833,0,3
0.9036808865211003,2431.021152297899,1,2
0.21776957486863482,701.3317247306333,0,3
0.4445146654974102,3183.304620413187,1,2
0.0003558570890946412,16.330422613051567,0,2
0.6798633459004142,2781.239737172362,1,2
0.8004810297803092,3491.527479108755,0,3
0.06145130728854351,202.44275768698466,1,2
0.03830226467048823,296.7535006221758,0,3
0.001087854217980803,11.000341388514952,0,2
0.34411788791789594,1644.0352694504427,0,3
1.341835635377238,2768.4053529639223,0,3
0.2291110099181549,1171.0269554402464,1,2
0.8164370798974869,2711.8983917870178,0,3
0.0009149725159027195,29.656046781735103,0,2
0.6177001812301726,2332.3359950303575,1,2
0.5057196938106499,1647.675030206297,0,3
0.5457185916295713,2066.2910170781424,0,3
0.2313764169325963,2128.9284209646116,1,2
0.0026025940195001256,83.39561573119813,0,3
0.24329981604548181,2189.3647639842447,1,2
0.06788273380115577,348.628430361437,1,2
0.5304387273436186,2309.8371450407726,1,2
0.5695555499427049,3751.2677430697795,1,2
0.0002086171458638858,13.443487335244033,0,2
0.21192338684926498,557.7093186931929,0,3
0.8402555373086847,2079.6014173394947,1,2
0.08568384192368285,209.6177796606107,0,3
0.2810540452196494,1486.5153803372677,1,2
0.0005226059555930888,31.16864773017205,0,2
0.46223961616725034,1241.9084578918037,1,1
0.7082798367328426,1922.4909163502464,1,2
0.6644566106459546,2713.443592402372,1,1
0.9666390227110082,2714.809194076962,1,2
0.003472637133826203,74.36263836595053,0,3
0.18891645008080263,899.6729766671865,1,2
0.1271058889991162,653.5087063959008,1,2
0.15310499914454487,1404.1103258844848,1,2
0.0703216584514128,879.4946349055051,1,2
0.0005579323149696676,8.886001189888239,0,2
0.052603694232457844,149.8601750194074,0,3
0.9849918369807928,2120.0434652079302,1,2
0.7098652835932545,1909.6479601666917,1,2
0.7212178612415905,2294.053205980154,0,3
0.008147083601728132,102.4998199387819,0,3
0.29923236663324315,782.7633754765176,1,2
0.8844778441076069,2305.1760465842435,1,2
0.7414059891396397,1974.6031719421278,0,3
0.08140603315223102,232.0459694556987,1,1
0.0017992255366159346,18.1464815235297,0,2
0.02337357587316624,57.92529776847864,0,2
0.23054769256280522,488.0223186660734,0,3
0.11549969605863784,551.9452333878088,1,2
0.32311375617180105,932.543649457789,1,2
0.0009701954055337112,62.52031487150293,0,3
0.024734223167783405,70.20886196110119,0,2
0.07328978681219904,661.8367542370561,1,2
0.5235242269613514,2385.5742617203136,1,2
0.8133662468964432,5830.720578340978,1,3
0.0006917400047473583,27.261769671254026,0,2
0.24908578897530106,2245.519556071634,0,3
0.25993572868213555,2338.456089024917,1,2
1.3660881907702294,3423.942340859232,1,2
0.5098710449075002,1137.7455208004228,0,3
0.005875943314756876,73.92622454559258,0,3
0.2468367636386679,2042.4505388661803,1,2
0.5045504086247351,1402.6573974033695,0,3
0.08093731856810317,370.4861208009795,1,2
0.2849372870226425,4648.8139027353745,1,2
0.00038471813381243676,18.266637004093162,0,2
0.18374452350471657,484.27005903258265,1,2
0.7757973479204358,2020.446132592672,1,2
0.2994929870145702,750.2215608220716,1,1
0.07986966178963048,1097.627374505276,1,2
0.003754688934778211,49.51663044648967,0,3
0.2705331884138725,584.1403264964855,1,2
0.9105562729837559,2256.0144030880033,1,2
0.31624454981899913,2400.415607480024,0,3
0.7995709288943093,3127.9528477285744,1,2
0.0007340217347702583,47.301058857435265,0,2
0.6046569872034261,1382.3217851143893,1,2
1.0562414626065986,2175.409103742265,1,2
0.42668511132677933,1148.696507907653,1,2
0.6286394621102243,3023.072071694559,1,2
0.002372505794965531,33.3383000924866,0,2
1.0077733952422916,2208.0629168537434,1,2
0.10141926177995303,816.3792706445533,1,2
0.13492241116597575,622.8326338705258,0,3
0.5280815288699666,2452.0111498742936,1,2
0.0009349994513383304,44.394308652345174,0,2
0.6046331584680841,1265.420241864872,1,2
0.28959294269389413,1824.1855830351592,1,2
0.3565333459004779,2990.2722022308053,1,2
0.4682520883222317,1596.2242992592116,1,2
0.00596724963315362,99.38756066202994,0,3
0.3351084748044351,2772.5447456359716,1,2
0.04615871824214579,150.57328130748695,1,2
1.5612332943368756,3418.8674234215096,1,2
0.22010989533641187,460.88943444388246,1,2
0.005770832586806425,74.85205704473431,0,3
0.09028627108976615,207.18508152006206,0,3
0.5460756349091822,2233.75174494844,1,2
0.7956547741142429,2157.4229191870463,1,2
0.49437312833304736,5957.590750335829,1,3
0.0008188595414320566,26.540837507474517,0,2
0.06858375948157759,163.94354507986782,0,3
0.03453901104315022,141.75004986861126,1,1
0.36867629218249737,970.7392173713537,0,3
0.18263991316745756,1589.0938439386532,1,2
0.003415655989873233,34.5389863212302,0,3
0.10395853135481893,536.745117016229,1,2
1.2032235617287508,2637.1690358472733,1,2
0.14935136789308143,1426.6711116998865,0,3
0.5360175738491019,2287.5749851191886,1,2
0.002607446379898155,30.222065396317685,0,2
0.3216271413015013,1004.9536886121224,1,2
0.2365583824710753,595.2707801414406,1,2
0.7572542018336577,1898.6360598968004,1,2
0.47583784739094276,3704.5991642783943,0,3
0.000979751753471291,17.857883258457726,0,2
0.5917717510448849,2578.6715984666325,1,2
0.20766252449403116,514.3759618729991,1,1
0.4181219159266846,1135.8260559143673,1,2
0.22131348157963412,1397.1740792583603,1,2
0.0010548528838209194,13.271280367199683,0,2
0.37593403723993934,1645.7611747829148,0,3
0.6723913823730345,1809.9974072531256,1,2
0.07154577661339982,187.58211522866992,1,2
0.44866704463381724,1606.7867048147777,1,2
0.00014694412610875943,5.791130906161465,0,1
0.5689616458255087,1543.9671829323045,1,2
0.27880212236561314,740.0420376075788,1,2
0.10682922442726107,508.45471330190594,1,2
0.706361210757384,2657.6462220888034,1,2
0.0011307477274651264,44.56325193120316,0,2
0.29218447951592624,754.5088721541634,0,3
0.2605074225065546,624.1261746325102,0,3
0.22012485390097655,1002.7564229558848,1,1
0.3983407988235285,1477.3557175958322,0,3
0.0003860586577798083,12.765633077498409,0,2
0.5161326169955566,2467.5542117941295,0,3
0.3236769731683485,2055.7100315155753,0,3
0.3411513222415027,2149.5079127107347,1,2
0.6478365527990236,2760.8399124123634,1,2
0.0005381379115601416,9.808611178844755,0,2
0.13767927764198942,1330.1622373421912,0,3
0.28205849976411024,923.365031790396,0,3
1.1968189981682384,3301.0437789309813,1,1
0.09532087861511414,483.7425187604898,1,2
0.005630710623011987,73.46867741180719,0,3
0.9478685105459399,2967.390345579653,0,3
0.07685165146579633,367.3826169885614,1,2
0.598738193283787,1535.1328219909346,0,3
0.23717969700222147,4066.8889054486517,1,2
0.003513550549499553,35.436680299903536,0,3
1.0241954842408434,2206.1894932065256,1,2
0.18682256206762565,520.2408713656355,1,2
0.07279660518755712,329.85046325524365,1,2
0.32714831328232413,2545.151547595269,1,2
0.00091456875205577,43.424247366603275,0,2
0.24591203595643013,1114.7664904497983,0,3
0.5416687369124296,1448.0274396966886,0,3
0.18759065351356455,1794.1743993906287,0,3
0.318072841752888,1072.3173198489383,1,1
0.00031792504202481775,19.064733359695353,0,2
0.1761727545711094,454.83393962283765,0,3
0.14437532771402495,604.4451818479691,0,3
0.032797333550605906,81.58288251173695,0,3
1.1399219360215338,3266.9259363044,1,2
0.001667852417396448,46.15270808427535,0,3
1.4540058288679203,3647.1110677710208,1,2
0.8329926354714636,2298.9145702514033,1,2
0.22098109495068172,1052.2444230981328,1,2
0.2966735063923559,1358.1495935975456,1,2
0.0008266273951739962,10.399937364559074,0,2
0.4934884645657264,1864.6113488894991,1,2
0.9766242321979991,2230.2768410053786,1,2
0.14733076409654797,376.95868395774664,1,2
0.7931188715174946,3728.155297657242,0,3
0.002095199934347666,27.176325538271197,0,2
0.8341983403473205,2187.609453325268,0,3
0.5589798082844535,1474.068050210084,0,3
0.025635413311617367,68.39848457918399,1,1
0.1540879210604215,2672.7580185290158,1,2
0.00020942175263955807,6.7012659750746675,0,1
0.5868833158688876,1842.9085760171236,0,3
0.15524284085061946,793.0663414518834,0,3
0.8335295424743983,1746.2091596008315,0,3
0.32722503579658463,3905.6606831724303,1,2
0.007919043897054836,104.43591385371488,0,3
0.1709744097941751,1432.716392060855,1,1
0.019211778873217938,155.9360353804807,1,2
0.37621597017762465,989.8708221228096,1,2
0.46482347965532606,1606.8693219536387,0,3
0.0031957012482594785,146.65199465860408,0,3
1.5339937548541744,3157.261207977125,1,2
0.5826742230275676,1813.240125887146,1,2
0.7501240319652115,1927.3051672170695,0,3
0.8778106508686301,2858.4040521604143,0,3
0.0023542536273524223,29.61925821439483,0,2
0.4769250534515543,1184.729889756299,1,2
0.20216697669458142,1022.74226992965,1,2
1.041210940954633,2589.190605869495,0,3
0.8390409569652076,4837.162193231768,0,3
0.0010567926012674126,33.81620205314936,0,2
0.03552708436225809,146.59895217443528,1,2
0.5915810165694897,1507.966269102607,1,2
0.372221984813901,956.3601639811859,0,3
0.7691747341040334,2763.0993304800336,1,2
0.0017944021567309343,23.41309330675497,0,2
0.38835497890335874,1002.8972480375958,0,3
0.3360608534948126,860.3461876409892,1,2
0.08418474808750549,677.012335529453,1,2
0.8220041549771812,5156.5457826348675,1,3
0.0006934253889640596,15.863103637093513,0,2
0.7161262174122835,1635.0245739034103,1,1
0.4600332740671265,963.2432419097252,1,2
0.8800154414980041,2249.8218947226546,1,2
0.5899941908455024,3098.091297479242,1,2
0.0001527390864756774,1.9216359652980766,0,1
0.22177803731254292,488.615462479975,1,2
0.251066954543804,1904.1241385452079,1,2
0.4183403623083292,1072.28594266744,1,2
0.4586850977326066,2921.272904917545,1,1
0.0009879747579435232,29.523567874846883,0,2
0.32568958002091597,1234.383848555258,1,2
0.09491809540688995,903.3564664360267,1,2
0.9384449232483744,1932.135874160642,1,2
0.17954014344090555,2156.01123899278,1,2
0.00018223973638265237,5.04292662042207,0,1
0.1255033827509255,319.9060687029891,1,1
0.6808393334066579,1710.1138345240838,1,2
1.3784606171613683,2868.7851650137104,1,2
0.15626778483354034,4301.6188298546085,0,3
0.0020037568286303026,28.156663139453705,0,2
0.9563976164741884,2605.537398806926,0,3
0.15180017313358454,1162.8515092838559,0,3
1.129881949134016,2835.6680966086724,0,3
0.24317593986842362,1586.5187322413278,0,3
0.0023588572783871165,50.51228907303689,0,3
0.4503799276628884,1175.7287879747284,1,2
0.3973008617490902,2003.5143175251915,1,2
0.3737273861712663,1006.036502509125,1,2
0.3759770968766616,1382.4366953365789,1,2
0.0015960019644446178,51.14111749116554,0,3
0.34719063688563184,1322.777770790157,0,3
0.6324675438843185,1626.079313490622,0,3
0.024185928645185154,231.77127106520695,1,2
1.0822516660568853,3749.8632670898114,0,3
0.0015170564104184854,19.67736739276394,0,2
0.04130583974996329,313.1544338379022,1,1
0.1139497779570386,913.9279330640505,1,2
0.715444037846399,2322.8906967341986,1,2
0.08333839874938162,1269.071016618857,0,3
0.0001342365372087965,2.2357774192612934,0,1
0.5932400511053024,2711.6506582332786,0,3
0.2516618117458736,647.3956388435275,1,2
0.15480835230629994,976.2979273918651,1,2
0.9557277572836216,2714.716288866368,1,2
7.905035614163158e-05,5.09408014972044,0,1
0.3895725319275849,1015.2573822064255,1,2
0.261163882636467,562.7739907321059,0,3
0.11857404984777214,1094.9244505621243,0,3
0.5614154718914514,1771.821602325513,0,3
0.00038433461769543057,7.456813039020626,0,2
0.15638614483843633,1431.8643449733265,1,2
0.02216117617353633,50.31408116396703,0,2
0.054336233199810166,519.3143077539216,1,2
0.39163006426377694,2073.9488516732563,0,3
0.001042389192152285,33.78587018730728,0,2
0.33428027164465945,937.6479849693485,0,3
0.03444378396559132,90.96866017933179,0,3
0.3427376687074375,2873.419704622827,1,2
0.8337570871154886,2343.3452245497697,0,3
0.00042857773290425505,18.70005228069536,0,2
1.083926652323904,2244.070667854074,0,3
0.09500354095169196,911.1647870899542,0,3
0.08199385132314273,393.9983091275936,0,3
0.39945077597761175,5815.591506080706,1,2
0.001655257789708789,30.17029596174995,0,2
0.8173590174221343,1761.6123634730773,1,2
0.4839970091055244,1108.1920685923358,1,2
0.6441018234151537,1524.2237644037427,0,3
0.6941137434922877,2131.4512076712213,1,2
0.00225563043818114,31.69597503424535,0,2
0.3041895041182415,949.2567651510407,1,2
0.5285174953611549,1389.3526305408868,1,1
0.014091302647019811,72.93967003858009,0,2
0.18450608696738438,897.7496655295432,0,3
0.0018012696814338354,23.502699750913735,0,2
0.16103282157870277,391.05615435789593,0,3
0.02975936096060501,138.67057843317906,1,2
0.05729544596939251,186.55992318127315,0,3
0.014524316014498863,235.24686161314565,0,3
0.000561915193450887,21.011151325509513,0,2
0.30426323352701845,809.3227381438462,1,2
0.3121197323119563,652.9100786016902,1,2
0.5369480401605082,1334.2165517283513,0,3
0.17812820861634568,1264.2215472926307,0,3
0.0008580838729698008,20.851167137057818,0,2
0.27585375812974416,1412.015368056011,1,2
0.6373107051793463,1693.58038662007,0,3
0.7322887431879296,2220.8111291911327,1,2
0.5251347383446519,2976.3041874214323,1,2
0.0019737365739203364,117.71526773908278,0,3
0.5044052976951647,1608.1635136918712,0,3
0.774834711104429,2102.803111852974,1,2
0.6605775581604918,2059.6623722147333,0,3
0.6965422441133035,1797.0074316558678,0,3
0.0009565005280453842,26.468222963183543,0,2
0.6065223373536276,1268.9648307323373,1,2
0.473659416326325,2433.427250337239,0,3
0.13573499850898876,295.76681045041613,1,2
0.2316877043105476,1451.9560399289703,0,3
0.002919837069560233,93.43157795399779,0,3
0.39756376849520897,823.3924972135186,0,3
1.0339788567197719,2266.4869229978317,1,2
0.08851775868684676,842.3139508153016,1,2
1.2842335482903202,2878.127831530746,1,2
0.002158571724331125,28.46712476655806,0,2
0.16159041893795004,441.86285997286444,1,2
0.7927769252913598,2996.0987944213,1,2
0.28433333015537643,2384.709770811091,1,2
0.6841253617406822,5200.501701988739,1,2
0.0009253340847632996,28.294094382978372,0,2
0.17608291248377703,666.4704962391357,1,2
0.6015477921759289,1539.8979029089712,1,2
0.7549691173028039,1736.581840320259,0,3
0.34531459361385186,1892.571194521804,1,2
0.00037050548671040487,6.170956269611338,0,2
0.13796768547373078,357.19180151329437,0,3
0.9810760771716356,2159.2368559028455,0,3
0.6513676868187637,1698.5542589734025,1,2
0.569920992980986,2267.0860394245274,1,2
0.0018291037061783253,25.702448603603262,0,2
0.3075035646037653,1575.0387501970952,1,2
0.5880645243404602,1291.069173233315,1,2
0.41517390610406724,1030.1828232895775,1,2
0.5283173841863692,1392.6875873162758,0,3
0.00255729597445422,32.1737679058711,0,2
0.3055153929508906,2753.5001720719797,0,3
0.1740754728522061,400.6767503576876,1,2
0.27526140849381253,1262.9656916224437,0,3
0.20651726718855667,4381.3430814109715,1,1
0.000188963564844021,5.646782559665756,0,1
0.1963027377158378,599.077949716833,1,2
0.4534062186643314,1193.6898394874502,1,2
0.35729165595241474,1825.7193654346327,1,2
0.25173150372417913,1248.7642042583914,0,3
0.0007775080021097143,50.103355292918316,0,2
0.3935478828387593,1727.2128166015275,0,3
0.7484209373334395,2013.5808288348699,1,2
0.8845655884684572,2376.9503949045466,1,2
0.10156916020551965,1026.5315026038315,0,3
0.005594269664689887,66.8145198738973,0,3
0.5848124528472437,1384.8683989343042,0,3
0.9278851818680092,1997.440296119004,1,2
1.0830552416046166,2335.335482682184,1,2
0.03805418229657438,341.89336332066665,1,1
0.0007590463162679281,41.20221112875175,0,2
0.5027178374196907,1041.58714756169,0,3
0.010146079312533739,52.64576582370828,0,2
0.9322513692846368,2824.9564345698045,1,1
0.16572972980623518,1068.3002330974687,0,3
0.0011038280641745416,30.54506135537102,0,2
0.4381976497284216,1996.7131586087417,1,2
0.7973278050643613,2099.318621270561,1,2
0.7041488608165026,1808.0057331000096,0,3
0.2526994363034788,1413.6806929853608,1,2
0.0022068960564731077,31.011162611172733,0,2
1.4314931367637993,2957.912019738923,0,3
0.9890490523227866,2076.499140685547,1,2
0.5679799574331469,1570.5540209133396,0,3
0.043137731475220334,180.5617636867225,1,2
0.0020746313235508727,42.83295858025477,0,3
0.12144321503210992,395.4621506115772,1,2
0.12419868664318155,995.3986602841479,1,2
0.29940171245490593,2511.476356190831,1,2
0.11341968594387991,1904.9272661982898,0,3
0.0018827345918966784,56.89944362605983,0,3
0.9621965850014975,2293.4180047708473,1,2
0.16447466876547415,746.8037162212883,1,2
0.6378816439045804,1952.102656162644,0,3
1.0657623512995722,3976.0507125644967,1,2
0.0004996668009411697,9.739013726089476,0,2
0.3802729969987461,915.7629103790714,0,3
0.7553547997766891,1957.1730792280923,0,3
0.31189780050618143,2067.4946367747843,0,3
0.09088135802704495,468.2033011265767,1,2
0.005294317590858024,99.02503924693322,0,3
0.5291606908439981,1950.7629704320932,1,2
1.104442159200135,2494.4061144424854,0,3
0.05555031942622634,234.15940751972207,1,2
1.1215844348546247,2222.9385201323616,1,2
0.0027488579415709162,168.48142561498017,0,3
0.6230426305048322,1734.4175196384706,1,2
0.11363586589783702,525.10344252075,0,3
0.47465963599548516,1400.9474273301983,1,2
0.5308155919083182,1529.0212762629562,1,1
0.004797660100473433,132.54282426099286,0,3
0.32384324564555483,1057.5325797779528,0,3
0.744623651615433,1829.2036092729645,1,2
0.20946649887261287,1203.0142872739827,0,3
0.388732461446868,3751.2435368064257,1,2
0.0010670298965351794,27.888807928250817,0,2
0.477094787615084,1148.5493758138516,0,3
0.22196449563549348,1470.4213908263864,0,3
0.7670591858298288,1730.5177631628462,1,2
1.3302045991003,2766.0964372139824,1,2
0.0013301852863763142,41.91761914637971,0,2
0.7224472437211815,2353.1793238662713,0,3
0.3244694045640286,1326.188454770345,1,2
0.7145789440692036,1787.1995931307383,0,3
0.8588640308703968,5792.229897284467,1,3
0.001424998107407971,19.26065417890649,0,2
0.40661317039758565,1235.4918681197485,1,2
0.22549442680775295,1356.4265455001253,1,2
0.24018950822819143,1447.623481008136,1,2
0.0749947593718362,377.52369075397104,1,2
0.0032719141169173637,152.36034493837354,0,3
0.35457766768320675,1387.8302500854588,1,2
0.8942507091800692,3301.4272082560856,1,2
0.6878947115911225,2322.2566862594113,1,2
0.02017120156006176,144.90701183255058,1,2
0.0010663881236387784,33.82795595419155,0,2
0.2892416777061289,2372.0301751268953,1,2
0.12842559723383715,345.7527382266963,0,3
0.1445477007409466,448.7956340673867,1,2
0.23272469425629244,3118.3319178458487,0,3
0.004368157469782989,81.70211882055655,0,3
0.01869996732342147,154.5459347832579,1,2
0.14172031023476986,482.18459331937123,1,2
0.09984791183177327,367.4438136829724,0,3
0.3424823641575858,3738.944237105034,0,3
0.00166814165884813,30.180232362209562,0,2
0.7512150475416192,3527.468367876287,1,2
0.035780474371810145,181.65256417596038,0,3
0.944743088732988,2634.8305840921876,1,2
0.8107357289383813,3902.566418280625,1,2
0.005441668732346686,98.02758363958806,0,3
0.7959627220027908,2049.8742392553013,1,2
0.18035814065777686,1181.2372512933216,1,2
1.1640128350997057,3245.6067117883854,1,2
1.4248293240231225,2684.915145506648,0,3
0.003941908676472371,87.61480179899463,0,3
0.7858932452931129,3691.633803271572,1,2
0.4291659692505992,2820.475797380344,1,2
0.7795945169341812,2052.2328133031247,0,3
0.31986825986235307,1504.984295946681,1,2
0.0005234547479158582,11.63456278506001,0,2
0.5081542257453813,1872.9946857572236,1,1
0.8036791887752543,1640.6230856340358,1,2
0.2244778017999482,1033.9197426396129,0,3
0.20239610461902732,2198.617302313132,0,3
0.0009713571828615726,34.94961308519474,0,2
0.8196993411278775,3027.9405320596125,0,3
0.17629047606894588,653.9452986329453,1,2
0.21659984904940732,1424.9407298550757,1,2
0.6146793734354958,3867.073007357429,0,3
0.00123713153528041,75.8255570741415,0,3
0.39694336966217797,1816.655060777215,0,3
0.7322577036944601,1800.3531561093405,1,2
1.1353420513287724,2655.253328881801,1,2
0.9777540401877024,2774.2448679710724,0,3
0.001854474311203052,58.82762000714702,0,3
0.15126849685865418,870.5745679549498,0,3
0.014747436474113968,124.83969518635053,1,2
0.35157738281048007,1408.174727847039,1,2
0.09041095220431036,509.9119975819468,1,2
0.0016101722590034146,38.80400452045467,0,2
0.18478398607457058,739.1725729437027,1,2
0.7058686188464668,1634.5853570065551,1,2
0.26249079450375873,2154.955507625349,1,2
0.3253315433590482,1413.5602845547112,0,3
0.0009124817777913385,27.576752293556623,0,2
0.40646804629673194,1051.6622946124255,0,3
0.14863952901189179,977.3961654526205,1,2
1.0095459234658515,3401.910926853803,1,2
0.40732225613272066,3046.849462178768,1,2
0.003899101989561416,123.68728368214907,0,3
0.22432472853642277,782.6021898504326,0,3
0.3718939678471991,887.9488294904506,1,2
0.47707068897047844,1447.9509396151136,1,1
0.8761261582446128,3230.850564519483,1,1
0.004300571988510019,136.42271193787764,0,3
0.07785492196500693,470.635532203232,1,2
0.5316835915783082,1963.3095251617742,1,2
0.0993541446814962,336.3160456873782,1,2
1.510822146972269,3822.2791724861477,1,2
0.0014688595922035023,35.39846990722315,0,2
0.16212561581510473,492.99409433539864,1,2
0.24270925991069583,1112.7989145246904,0,3
0.6582039948365134,1832.4791731152566,1,2
0.8142665574519229,1898.9604075754764,0,3
0.0012453611118434813,45.61424060780013,0,2
0.015345978293674246,90.33374519420747,0,2
0.7820542358814371,2378.268631670588,0,3
0.9110903110814312,2552.1163263094236,0,3
1.0399744670332598,5625.028784476302,1,2
0.00035828732835982977,9.898244853371628,0,2
0.03712134574176811,157.29002583480133,1,2
0.5815159634613801,1517.2324628407987,1,2
1.5472851094517843,3481.325520020715,1,2
0.49434219095904863,2798.539022405238,1,2
0.0009007847023075218,17.55720925124516,0,2
0.7860451166733923,2657.8840394037807,1,2
0.13714000581893043,314.38124556062405,1,2
0.47687815636743436,1998.6835741492675,1,2
0.19042076281094558,1174.939554220731,0,3
0.0008366661427926257,33.33160721311491,0,2
0.45124552781500077,2131.879415594012,0,3
0.18875110371004494,863.562425095043,1,2
0.29770386665231496,1006.31325397657,1,2
0.3196511963282041,1409.0797571446756,1,2
0.0017944473369965839,28.65147140235783,0,2
0.64609860080243,2384.787065098168,1,2
0.7322785293135545,2699.213119359589,1,1
0.777288076433075,1834.8036248233675,0,3
0.6050832365808518,1934.872579881159,0,3
0.0007353992264157638,26.459801687640613,0,2
1.0039462501013596,2047.3339846219205,1,1
0.5911333444255293,2181.508856629511,1,2
0.3429981006575857,1223.4178243462175,0,3
0.20861497291519882,1336.6374125072266,0,3
0.004223045541203479,57.07980896819977,0,3
0.39936980614815787,1596.3573127579195,1,2
0.3635984616697955,847.632474492004,1,2
0.011966924476456059,91.59582561543498,0,3
0.369649119507304,2505.3688371798953,0,3
0.0016510335947418377,40.16819548364525,0,2
0.4928855473216508,1461.046033788926,0,3
0.3098376061108559,1052.7321069492505,0,3
0.43945454722147814,1230.6280813228714,0,3
0.6144479778997933,1669.1580188655905,0,3
0.00030292734514548406,11.095416965199782,0,2
0.7814160459126894,2177.8520798778245,1,2
0.08448314923508007,252.42093989972963,1,2
0.5496992796229018,1273.515638265062,1,2
0.34915107593563677,3932.5449185070115,1,2
0.003132875059162522,50.02179685863135,0,3
0.25452591262899854,610.8934922027034,1,2
0.33917045282712066,1204.8173550228985,1,2
0.12272426431250602,295.7219417017421,1,2
0.1546507321172364,757.6648839387165,1,2
0.00732373491426413,109.08007381329696,0,3
0.18112384076886306,1485.8342096507936,1,2
0.13507634688691447,889.2720655822817,1,2
0.2824734886232408,980.420523687399,1,2
0.8827359984561248,5173.22408307472,1,2
0.0008873598673014681,54.38755245061252,0,2
0.26500639440034196,1096.3080072446419,0,3
0.20812714338209012,526.8309583405097,0,3
0.20470262123733202,686.6062065625272,0,3
0.17287450260822032,1567.5119078248601,1,2
0.0058746787722474,85.79538824696343,0,3
0.42081975307698777,1978.151351745009,1,2
0.2844462849713108,680.6669588680954,1,2
0.3304459475894789,1542.5693122280372,1,2
0.023796485217796728,305.50685855197383,1,2
0.002469444948681244,83.5257358758288,0,3
0.6766056318479167,2054.0092651981004,1,2
0.40810217180942443,830.9846728277756,1,2
0.7293632877904577,1717.3004977701285,0,3
0.3972820469743769,3321.2618977561087,1,2
0.0007653555912385899,35.639640196756886,0,2
0.19438535786061173,908.4034583828849,1,2
0.6235586556589263,1896.889677111357,1,2
0.39186742111026973,799.772939114486,1,2
0.9907493881132939,5552.30919218725,1,3
0.001533379576926287,22.838232048671497,0,2
0.60359094708562,1495.2763503113679,0,3
0.23391414318329073,957.7848234177055,1,2
0.933849640911561,2116.7551011856117,1,2
0.14757658713137878,736.2461964191272,1,2
0.002049733900477928,32.72756520694624,0,2
1.5767505686943932,3569.664628446823,1,2
0.17152461395286617,798.5860928359195,1,1
0.30102842691478154,902.2048165843108,0,3
0.06580132223723836,688.5728663152728,0,3
0.0004912985979167941,11.839946259076552,0,2
0.1203301236226058,285.6165955036254,1,2
1.406129322431751,3188.3047820693687,0,3
0.19097783141385316,660.5834389244627,0,3
0.35699033371746997,1144.1599901255806,1,2
0.0018603788927557675,24.61511803510531,0,2
0.27585913038568816,1808.7482846300334,1,2
0.3912823266084845,1275.54496133406,1,1
0.1819912056052168,507.29262618866835,1,2
0.21625505362681768,3149.611860136397,1,2
0.0020970247321705038,28.34394513296471,0,2
0.6012021857252905,1768.685270920881,1,2
0.7648093356266193,2586.0469071670727,1,2
0.06639481218738137,314.0724778340979,1,2
0.3335319946403786,2842.265107452169,0,3
0.004442859182883205,108.09085698360118,0,3
0.07975308820570495,331.3617882163064,1,2
0.032313060901426494,128.05709970311239,0,3
0.3950611737661927,1029.9738940445745,1,2
0.8537459646344258,5375.616155952823,1,3
0.0009726081337312021,29.393873100156448,0,2
0.2395058312785499,561.5432041135138,1,2
0.3430721728185505,2253.5631384007447,1,2
1.0077739429894497,2476.723968395829,1,2
0.8644433756705509,5620.80615369677,1,2
0.0005905876542901452,28.669403946639186,0,2
0.548242690051048,1121.3616541039717,1,2
0.08152323733806467,322.1700054055079,1,2
0.023709517887736647,77.87169248087851,1,1
0.7446575650397949,2489.5054015115784,0,3
0.0007141546093099725,24.155342804295138,0,2
0.949556608458853,2474.198515746466,1,2
0.10318230925130074,678.3658881114108,1,2
0.12618107728865588,363.9854244602043,0,3
0.09610640144214293,814.2094420015686,1,2
0.0008620005643338541,11.651029348983773,0,2
0.3697388017850367,1255.105164870583,1,2
1.1195827122004969,2274.660544351455,1,2
0.8137176961535839,3003.1182678534346,1,2
0.4302555864689266,1471.8174500988746,1,2
0.0005529311311036235,10.003700781940593,0,2
0.9166885502406124,2267.500225019838,0,3
0.16691170585025247,396.7097704985252,1,2
0.41408175048701407,1934.8969518494575,0,3
0.15669365919314326,436.5258174824762,0,3
0.0031136622202969995,124.04394155934953,0,3
0.16788824027018684,420.1565106962347,0,3
0.0773064581243213,514.1156468052639,0,3
0.22165976586938066,726.0400604878012,1,2
1.595133797220378,2875.3976344544303,0,3
0.0012148079306602468,53.74698982857951,0,3
0.4919009405338404,1666.866622233081,1,2
0.41822014700880966,973.5754172242331,0,3
0.32269995882608515,1125.8617816311064,0,3
0.21858566846023317,1661.3201957890738,1,2
0.0024276501277368506,70.59549060165448,0,3
0.13938538759621666,563.1552061679129,1,2
0.11220461346281188,396.43347050224116,0,3
0.49426988347518835,1621.0677993915779,0,3
0.15124251225955945,1513.3741296802853,1,2
0.001100271540165464,37.215241467370916,0,2
0.7403110186010531,1667.3890162166717,1,2
0.496442950983891,1715.6401970542488,1,2
0.038406512641114256,317.4899841459305,1,2
0.23066660106258136,2205.134287961863,0,3
0.007646041343761781,101.16660155136455,0,3
0.39257645955352516,1161.2605614813285,1,2
0.4235574289854708,1380.2470521314772,1,1
0.447070765395707,1037.95219408577,1,2
0.6880295212959511,2604.0823888988,0,3
0.00020326858458808898,11.13864698844287,0,2
0.21363949655272702,896.1045517268091,1,2
0.3777017213798007,1409.0223415015294,0,3
0.5501285346107656,1794.9592200425514,1,2
0.40381214879870303,2392.8319657081142,1,2
0.0010315532604848454,31.175295150394067,0,2
0.28419548911319487,1050.9426428826569,1,2
0.4317816804496001,1309.395111516093,1,2
0.29056280907312515,1743.7144757072429,1,2
0.40152047982307754,2622.7021170204166,1,2
0.00421426924964513,80.12527741491252,0,3
0.6412764153736877,1301.9937670718919,1,2
0.1316149825556315,449.3493902369817,1,2
0.6746998236735667,1819.315342899318,1,2
0.45269702210040164,1589.4661128602277,0,3
5.4487090589809554e-05,2.985766190762168,0,1
0.07199854664245452,244.68190011110968,1,2
0.5163680004293014,1757.0644934582708,0,3
0.27745128124648855,656.3062082175192,0,3
0.668445529966716,4542.46271956552,1,2
0.0002758445213754111,13.585735985117699,0,2
0.16736228284891572,622.4342725017132,1,2
0.49255934624605646,1748.284817249955,1,2
0.5045843479288403,3314.666248551371,1,2
1.145191643875861,4495.318018895859,1,2
0.0008340815558502141,15.600680802721701,0,2
0.3279222483294392,1185.5172814884345,0,3
0.4470302486032767,1505.7850343774144,1,1
0.2396242625705604,650.9790355635824,1,2
0.691091326759971,2927.128261788778,0,3
0.0012059737368480287,17.961833104591292,0,2
0.3642385910972938,1431.959966090825,0,3
0.43932238450600225,1752.9283607401974,1,2
0.23570457897262292,1077.7337022055365,1,2
0.041269604881131856,759.8285070367613,1,2
0.0002116802554757149,10.275776521362202,0,2
0.10115602376223788,310.83429902654285,0,3
0.46532483862989826,1715.9033084529513,1,2
0.3399808494703486,1361.0163142994168,1,2
0.5083526367868176,3577.6508283220182,1,2
0.0019371355773584711,106.15053678203176,0,3
0.31130914067005905,918.0078865366703,1,2
0.28893150481295676,1648.7617073366548,1,2
0.33695423789642276,1921.6997464700744,1,2
0.8008441607853858,3606.3961414579367,1,2
0.00023180711598499485,3.133166755791635,0,1
0.4428189459517085,1007.4082555827133,1,2
0.33918684824325607,2236.930741738382,0,3
0.43147373047946463,1496.0929007014372,0,3
0.09959753284265652,652.923194235268,1,2
0.0007503949378902542,11.799297935955353,0,2
0.5560341048132877,1546.283743771543,1,1
0.016584634099679262,73.88560332915503,0,3
0.43047525661671304,1461.3925850567005,1,2
0.3966507648605104,3294.7199490355597,0,3
0.0010657975400591713,25.929916914730704,0,2
0.8085242706536085,1907.2421363350413,0,3
0.3020830898435249,1421.190518595496,1,2
0.4322706777059749,2840.430329919551,1,2
0.19873025402013952,2275.999040902866,1,2
0.0007801620360170471,12.456643225629662,0,2
0.5303872571223742,1481.6026820161542,1,2
0.3456112898013297,1173.2360253603053,1,2
0.891435775906714,2406.345135916932,1,2
0.8728351122763522,5475.9864901710125,1,2
0.0018529125536869138,55.998170876712145,0,3
0.03829312561316601,180.246820214107,1,2
0.3941369247852053,1852.9155475145928,1,2
0.5631239180978184,1149.87832851605,1,2
0.3688708692613288,1163.5780720984362,1,2
0.0006868099205140755,50.98368693394624,0,2
0.4726407227553406,1316.4494350666828,1,2
0.45578069166653346,1172.7750315446085,1,1
0.4938222843522537,2964.9216038123905,1,2
0.5394201183668039,2840.9862324079145,0,3
0.0006574325990766159,32.37949289160982,0,2
0.040652269876278284,107.0039259329177,0,3
0.031290910316627056,130.16886682717333,1,2
0.23120744376629163,788.1360932034763,1,2
0.5472975301006882,2208.8007887849935,1,2
0.005432387057454631,72.16094228986901,0,3
0.6339586699429831,2139.283207125165,1,2
0.08640612048545772,335.7472708876923,0,3
0.43542469860389255,1143.1105501145066,0,3
0.9032966945663313,6256.562097021427,1,2
0.0008068711376724764,29.553527778621884,0,2
0.9067523661475018,3060.0230897328624,1,2
0.05102042142840391,139.4587245252157,0,3
0.9404574362852222,2121.3304508567912,1,2
0.44662794671331135,1589.180026709404,1,2
0.0010731741823177693,14.505308247006361,0,2
0.1648859957357991,1354.5605862669743,1,2
0.6438722202700289,1521.4159004403414,1,2
0.9178435804362604,2404.1043465566995,0,3
0.6357375320222178,3195.722476348048,0,3
0.001405480909504852,25.42814047267183,0,2
0.36887746837500923,1543.2719506555811,1,2
0.4312619697682241,1029.6609863916713,1,2
0.3354441851438795,1037.1377889923726,0,3
0.7572737480578511,4080.0501396474383,0,3
0.0005936298788979111,38.67484845152011,0,2
0.15553107428539018,576.7955044006977,1,2
0.2181109459173558,663.5649389886426,1,2
0.4553935127893787,1386.292727201945,1,2
0.7168409208895964,3344.587725606226,0,3
0.0005836520251937382,38.02479360489288,0,2
0.6642646642185178,1350.3767776557463,1,2
0.38795816826124696,1343.0383001902012,1,2
0.579336010761307,2074.7886700714507,0,3
0.7551540409318717,1691.5673385209354,1,2
0.0010100109667097901,22.449000706500634,0,2
0.32575137280179983,1318.566136060348,0,3
0.16578629877329876,385.58791138141424,1,2
0.03343685095342183,133.9972202379473,1,2
1.07811356353357,3339.146637291339,0,3
0.001338409936287061,42.17679938698377,0,2
0.32495050910735934,2126.6088726206863,1,1
0.25292484030707735,589.2168965046719,0,3
0.7235402835549087,2139.7319158901723,1,2
0.4355285157641032,1363.7207520008471,0,3
0.00046330430520162715,6.900477475090264,0,2
0.3303495831259942,1891.9202196300141,0,3
0.2732226130027872,899.4050039294526,0,3
0.1601209317422531,377.2992517277483,1,2
0.06467716524444998,426.81811776454276,0,3
0.0005388076518018563,33.68217947877179,0,2
0.23784961531107676,1077.336739122128,1,2
0.560282816093739,2013.2404657530064,0,3
0.36435769280307395,1187.6536289595942,1,1
0.47007244894840017,2298.355954686404,1,2
0.000462011598836512,8.784158138163582,0,2
0.27401215574007215,833.6031220764518,1,2
0.25672469608539283,718.4168913112861,1,2
0.08054584893569469,276.59499782345245,1,2
0.541170495895233,2279.6881468874885,1,2
0.0018144043758369303,24.51859867131404,0,2
0.12060723804971087,792.5121155348486,1,1
0.5420628357014213,1605.6558722272198,0,3
0.35810067643881754,1430.754385774331,1,2
0.6752578068249723,5604.38517712822,1,3
0.0006330167876524385,8.556023599633662,0,2
0.39353568178141535,1066.0960584600757,1,2
0.39642811427878105,1845.8872397745465,1,2
0.4297126604072753,905.3385593706655,0,3
0.24721598336215647,1653.6597970057537,1,2
0.0006586268681022854,12.52237514820735,0,2
0.276748211103763,1248.8478796519796,1,2
0.14232955077188744,357.2725614829836,0,3
0.16713886950380755,1111.12398049462,0,3
1.0711535875549876,3203.068962221926,1,2
0.0006916135917308807,30.59919822869773,0,2
0.9971075363974412,2597.7200741992247,1,2
0.0538657315531357,196.2891084220369,0,3
0.299537961059686,911.945332984645,0,3
0.3560320375478231,2287.00724077253,0,3
0.0019403290431407832,25.67295759473202,0,2
0.7461354298804573,2215.576411177457,0,3
0.7235642948659103,1708.9906796423436,1,2
0.14083313450609428,643.3522945859387,1,2
0.39984113834282875,2030.0064859571423,0,3
0.00028755399610371613,13.390273848644677,0,2
0.09387997355983346,539.2279441150133,1,2
0.24122410844136855,1091.260711966854,1,2
0.15350612823121215,1014.2239282144648,1,2
0.30240679986728436,1540.4923180097323,1,1
0.0028555695153593035,140.64087018797034,0,3
0.019344367545896746,128.37832742662243,0,3
0.600964558045945,1478.7252741592379,1,2
0.284818860593904,1876.146630074081,1,2
0.36805482117230837,4158.2176947456255,0,3
0.006793128847518469,106.81595402889837,0,3
0.3199039628183172,1058.5653984200283,0,3
0.15145982886347856,922.6021252624789,0,3
0.32834892072135075,2149.9189524701796,1,1
0.8243976921416978,4568.054671108252,1,2
0.0017957951653528237,26.22627540952753,0,2
0.16153872045875764,598.8262131798293,1,2
0.5463547195276983,1117.9108230585994,1,2
0.38604920157025596,784.1142708870128,1,1
0.05885401412817795,832.5753048829745,1,2
0.0008078728164274762,25.45818645308621,0,2
0.6995103748235183,2364.2202168221706,1,2
0.7480612982133521,1926.7045857335922,1,2
0.5792388649986938,1712.932066943341,1,2
0.28563224767323225,2056.2470187851004,0,3
0.0004306386921172802,15.494460672720535,0,2
0.10987218419219923,323.87557320139155,1,2
0.37249111620725717,1094.6041471961416,1,2
0.05147298754922139,130.2931153981727,1,2
0.09791556607171004,542.7255366296587,1,2
0.0004311916640379671,15.514356705833762,0,2
0.17290923779367035,566.3137281069282,1,2
0.1414348243734038,564.4133475367095,1,1
0.7849204144792113,2652.4061309800745,1,1
0.6314073645747601,3190.8081653449344,1,2
0.0013357338678565878,19.894486980534985,0,2
0.03078476366982986,99.47367559114187,0,2
0.04039633197338292,151.2888635493201,0,3
0.7718727832122975,2867.2223595760793,0,3
0.7677063177426002,5121.727667656895,1,2
0.0006668187968168472,23.992265005987075,0,2
0.4542311357516989,1173.0383256411062,1,2
0.7160699749403876,2422.1247385115616,1,2
0.3737784786437516,1382.101979356167,1,2
0.10605523946467506,634.3483185555294,1,2
0.00025476431176843435,6.13963844566017,0,1
0.27555743505039754,969.4311540279487,0,3
0.2850992372126166,702.6723614528606,1,2
1.2636458862053233,2961.526369996723,1,2
0.4979920408736204,2464.3483489859586,1,2
0.003981722185159132,52.89108117273708,0,3
0.05153683851847731,208.88063409549378,1,2
0.02612386436977597,138.2144636921176,0,3
0.5360533933941629,3524.8943115684465,1,2
0.05058101296497228,490.40780428311587,1,2
0.0003224533542806341,10.228862854047971,0,2
0.11674269318337661,534.5256714202835,1,2
0.8039285592614299,2438.9518099111274,1,2
0.6060975957226035,2542.2739771973665,1,2
0.24912645030270428,2970.712248038362,0,3
0.006696737069932607,97.80094864368259,0,3
0.38282102024784087,864.6802307919689,1,2
0.04844070031059435,117.41961683603003,1,2
0.30108003476224854,987.1333876109029,1,2
0.11574827610957045,542.4696745945722,1,2
0.0010306120932350926,20.08767703474488,0,2
0.5048705941057544,2131.251945708385,0,3
0.4507293116364417,2070.6989466707396,0,3
0.6645931538871976,2259.1983407295247,0,3
0.3210124881117636,1370.0493434388566,1,2
0.0014471634559828426,19.223350163880962,0,2
0.320117384830992,895.9811472372188,1,2
0.8849214115345554,2678.8071880655,1,1
0.3859888847835308,2314.7303590520596,1,2
0.9034458693844954,2494.210780613965,1,2
0.00138803242252051,18.75690467008159,0,2
0.34125111093576166,1554.8238264133279,1,2
0.8104394052493425,2092.362492730444,1,2
0.07056337037229937,423.66088841858794,1,1
0.20425480137832877,910.2055923188967,1,2
0.001165120124984763,71.41187498323565,0,3
0.34104952021265666,1941.9340444347322,1,2
0.12449015314862893,337.7352762503751,1,2
0.19891605719432764,1306.8703970311967,1,2
0.45351336465475456,1287.7558938104812,1,2
0.0035073558861241465,85.33088443096018,0,3
0.1986729005247028,1193.7872309116613,1,2
0.34430296221533596,1053.604524983827,1,2
0.5668491799459867,1341.5154921690246,0,3
0.9605883255466551,2315.392604554064,1,2
0.0003568848705049067,4.7406689310350245,0,1
0.6235394969969172,1410.7041508694897,0,3
0.20075833094742032,517.8252563654823,1,2
0.10184733854753278,319.79311412914745,0,3
0.4528275377529298,4021.9435735582847,1,2
0.0023509211974831303,86.10794421967675,0,3
0.5669358138340209,2016.6531756375723,0,3
0.6211438308808956,1260.165215368406,1,1
0.3853997172871313,920.5656394800477,1,2
0.38094933166444256,2838.408576176376,0,3
0.0009461943161282372,29.817058862514035,0,2
0.9179111982345841,2391.325502268488,1,2
0.5031311684038645,1787.7713409705102,1,2
0.4900621513170426,1484.4648883728435,1,2
0.5939030973332783,1982.2440975226218,1,2
0.0024779925167301977,32.91633550836845,0,2
0.3529917130305835,1384.4363087985207,0,3
0.821203917286939,1680.818870748175,1,2
0.5368223165006342,1905.17742888825,1,2
0.4005544506188874,2773.2067262391215,0,3
0.002008802430055562,130.87301079871165,0,3
0.454094469262378,1778.7963567317415,1,2
0.59253487285145,1389.1760440472124,0,3
0.22231238205899487,623.0856019125894,1,2
0.24144287324705382,1345.906730469016,1,2
0.003270034037188217,33.77557978314627,0,3
0.2073346032019537,632.5499358591221,1,2
0.26592421977881353,695.9326874744867,1,2
0.37244545244540495,1687.8003223605913,0,3
0.07962756581899438,693.5782033574086,1,2
0.0015270120074756142,28.56126807200184,0,2
0.10970716899689864,342.9510609714174,0,3
1.0319666264970189,2352.2919080130278,0,3
0.5367609950396416,1582.2070274410373,1,2
0.4316885863381111,2881.88597671489,1,2
0.0037997551233648246,74.06108877460898,0,3
0.2377447738128766,1107.1806752306704,1,2
0.6296025921771163,2327.645828921582,1,2
1.3057337221250502,2934.738372995477,1,2
0.5137011574095789,2511.2513415807957,1,2
0.0015495852217545607,40.50128750684361,0,2
0.4227725412124897,1280.004209943559,1,1
0.7541276728031832,2032.3558813151058,1,2
0.3627922313810213,1450.2882220117008,1,2
0.8057926661822579,2131.0656082048663,1,2
0.006070402981003015,95.45172781354972,0,3
1.1980857823142816,2434.647725697659,1,2
0.12480628425320953,493.4998003176537,1,2
1.2367102808863617,3040.199776542697,1,2
0.22165840674335593,1500.144603538091,1,2
0.0006511511561052682,8.801132556415475,0,2
1.2402122779177456,2789.461623871998,1,2
0.5000119872483444,2093.5449509501013,1,2
0.5868773283619341,1513.0147569628014,1,2
0.7661033302831228,4254.318559180259,1,2
7.374251698214092e-05,4.519784089856526,0,1
0.3301490043308565,1511.1496424268028,0,3
0.9072416715297822,2457.2873450056873,0,3
0.3968018276279641,1183.3513139176785,0,3
0.6227876529248115,2025.7544510044622,1,2
0.0001087970610560289,7.9794926910104875,0,1
0.2792169082187538,1142.2434267025735,1,2
0.26612867182982447,645.6909617427971,0,3
0.4580123961518219,1082.6749950803332,0,3
0.7354031923121008,2400.880333685547,1,1
0.00028476719218423105,18.70346659200152,0,2
0.3375349825910601,1024.0304750600242,1,2
1.018509066584292,2069.459667880773,1,2
0.4461027496298362,1087.8492931286555,0,3
0.2764895711597998,1898.6688515718242,0,3
0.0003168757825021905,10.051931164478212,0,2
0.47077889690520835,1388.5294583590676,1,2
1.1445918704877178,2603.515545189169,0,3
0.2981764411549723,1033.1019442429972,1,2
0.6571703670154058,1100.4758730362953,1,2
0.0019838549243752757,87.77208952185889,0,3
0.6834328576730018,3213.276114943854,1,2
0.8339940752091644,2149.411244092616,1,2
0.5003741620455393,2053.9360469155395,1,2
0.3213388306272535,1808.6156374062596,0,3
0.0004401078032274401,8.578148335085766,0,2
0.11030890616233051,304.9187380491699,0,3
0.743284418915754,1763.2505673461726,0,3
0.8209841596167913,2016.3315424561672,1,2
0.05458794787815634,500.8988719881632,0,3
0.000316759703609292,7.706485038488324,0,2
0.6213843763980584,2031.0695391256331,0,3
0.13587199785935153,901.2673452747443,0,3
0.7712649457065802,2026.274421692899,0,3
0.44388274920367604,2509.2123860441075,1,2
0.0009516796820831626,46.19820450910943,0,2
0.6926127069818643,2568.1997080179485,0,3
0.3363197161403554,1024.5663608887362,1,2
0.7789745573592896,2562.157461988759,0,3
0.5173513623837207,6811.173047988424,1,2
0.0017763206568646253,53.68343340165334,0,3
0.25204353494607995,602.1734845560316,1,2
1.0553792066007492,2776.5356843015024,0,3
0.24407521981222552,897.7047057539303,0,3
0.4463295089426375,1942.6056558888665,1,2
0.0004340401315510249,13.11743147596581,0,2
0.5042724052426575,1707.7311524824236,1,2
0.05166469333255353,179.9057525300717,1,2
0.15190479915813887,622.3511527102735,0,3
0.6339678118424382,2562.7351742399724,1,2
9.349922843260254e-05,6.141015339420612,0,1
0.3094535172820264,723.576135404954,0,3
0.4801582990587402,3153.312897166073,1,2
0.8884578564106201,2302.2308808151784,0,3
0.2866702719308512,1086.785963607888,0,3
0.0006938847046182732,45.20642701435618,0,2
0.351748440220188,816.802480704159,1,2
0.6791719392643408,2521.9824421089543,0,3
0.7686534434934859,3611.0436141300606,1,2
0.18108590393197668,882.4330041070685,1,2
0.0005063704903166464,37.58919867023626,0,2
0.022668249492169286,129.94568097817674,1,2
1.1707130531921992,2375.285071861096,1,1
0.5045540380803104,2113.3976180028703,1,2
0.15221549051819927,1038.3388879445722,1,1
0.0003289781880244523,21.607238186454474,0,2
0.44435132145583106,2088.42244704202,1,2
0.4018416092108969,1183.5356611266186,1,2
0.7786372768662102,2659.229669934583,0,3
0.04781889491400214,536.3953094365538,1,2
0.0016224850529477182,58.377315613174886,0,3
0.7970039007513102,2941.0527541354836,1,2
0.9049421280216353,1851.5647839439698,1,2
0.43129619091180665,1035.3943748946074,1,2
0.0538421225105634,430.92353094846743,0,3
0.0020297435993170752,49.38187686713579,0,3
0.05450759035830252,220.4019147418189,1,2
0.5556562681886402,1975.7252710645205,1,2
0.5570367912341723,1667.1366730877712,0,3
0.8363618934455106,3770.488915546069,0,3
0.002064529859913297,32.46290944243527,0,2
0.7646283850095139,2819.4577144186387,1,2
0.3978762193166473,1472.3781226731921,1,2
0.6677593669300822,1647.421957493423,1,2
0.8863915269437603,5446.729452460841,1,2
0.002500683575554979,153.27046459908868,0,3
0.7690739387636831,1780.5031019860269,1,2
0.29038455507280836,717.8510008492445,1,2
1.294535942845057,3607.034867626342,1,2
0.43482885790801357,2213.124678011963,1,2
0.0008288414307813982,26.292501568574917,0,2
0.11651693163224337,776.0742236358241,0,3
0.4238550311007819,1972.8032100692828,1,2
1.273125543422761,2979.7874379251384,1,2
0.6456983713396647,2684.7039449123627,1,2
0.00026788594652232524,19.647533964161873,0,2
0.3785789929229041,1279.108704200821,1,1
0.2561356777278596,1156.475452959481,1,2
0.10653436336086132,378.7407971966414,1,1
0.5186386728409978,2326.1111500064626,0,3
0.006143636591221526,83.0208315018408,0,3
0.1765575768917888,1158.7707876758514,1,2
0.5802396340352105,2148.320328022454,0,3
0.7316751990869034,1724.7403807952408,0,3
0.9687460348621608,2889.4015664199687,1,2
0.002488321072664752,25.70141043184346,0,2
0.5014807158925262,1695.4093364012945,1,2
0.4156838082412819,2492.9334862660676,1,2
0.2556200979823335,2102.1079322913556,1,2
0.0747636979126808,354.58459157191777,1,2
0.00023500978382686222,3.50024746482196,0,1
0.23885551160686697,1000.9228316546819,1,2
0.4433313947599657,1303.4561205415212,1,2
0.5146112948086039,1742.2149635183782,1,2
0.47560325248674495,1655.814948855249,1,2
0.0006622793713260633,12.591819651329384,0,2
0.9910075141919954,2769.2855570334746,0,3
0.35815108231269055,996.8189834417664,1,1
0.20004595105147366,1316.912195583669,1,2
0.3632159887585345,1129.851556054272,1,2
0.0006197161338679584,37.98328612464017,0,2
0.3233552133493051,874.4475064794956,1,2
0.342765486592685,1044.5455129449049,1,2
1.28732862961734,2910.526260217694,0,3
0.12014924545058822,1670.657496448137,0,3
0.00042525524001582127,16.94157310849796,0,2
0.5722649392018715,1936.7907352875845,1,2
0.046516015451768894,161.75745422034473,1,2
0.6003743205099117,1772.0039464865367,0,3
0.1801417700502572,1159.427525241989,1,2
0.001147402316806673,45.71090113861261,0,2
0.22414087249329837,1011.8229919941238,1,2
0.29298360365581566,1759.907762019205,1,2
0.4417112413685203,1497.151218918567,1,2
0.5583224788102089,2873.06423986506,1,2
0.004824919879979972,70.46442714773528,0,3
0.6389724885079555,2678.395953016745,0,3
0.11007688434370223,268.0222345218155,1,2
0.015487391224415514,77.8801354420178,0,3
0.5046422547230512,5288.477705127729,1,2
0.0027888830852589425,102.14931465919554,0,3
0.5844148552799222,2025.2337419980809,0,3
0.46006720374881405,1405.6936108467564,0,3
0.11785482556421388,484.18952368091607,0,3
0.37151625402854316,1779.5808145153562,1,2
0.004887061395813974,88.03674815452462,0,3
0.2407607362688745,1454.0533134569491,0,3
0.2371534444469332,1557.142298142892,1,2
0.8053199419187175,1846.4605506416233,0,3
0.46276140971240376,1617.3167465229062,0,3
0.0019255831011897693,26.020990632013053,0,2
0.44105841120931766,992.4756663984225,1,2
0.0846757205513408,257.98430989291063,1,2
0.2443992169778981,977.7362892715935,1,2
0.9365185919870573,2546.002797153515,0,3
0.0019296833183024204,30.34256662059625,0,2
0.2999921912697405,1413.57779207718,0,3
0.0509495156460924,185.26108440129997,1,2
0.5361197476307868,1580.6189894842998,1,2
0.09006144571574357,753.2770194088152,1,2
0.0020811573616785865,39.568736848654346,0,3
0.5063230366073037,1715.9044539097918,0,3
0.17523695470205672,409.68734873485795,1,2
0.4936071996976593,1969.2912290290049,1,2
0.6487529419529732,2413.1018278313854,1,2
0.0011386004864254666,33.11023240956951,0,2
0.47344725242915886,1606.151759102773,0,3
0.20982878150150916,615.4597066479337,1,1
0.17758928217391579,416.18477755623195,1,2
0.4615476157293053,2556.6698941360296,1,2
0.0026914157771745287,84.81355392187288,0,3
0.9821466746603839,2003.005279563379,1,1
0.5127733856454313,1520.1102548805873,0,3
0.1317273508931464,393.6520534664268,1,2
0.6979194119742168,1937.0798715156861,0,3
0.00026375722222666447,19.57938469279283,0,2
0.28117567474016536,1007.3006221405161,0,3
0.454172564861208,1482.0406092015853,1,2
0.020690701296959785,97.73445833699263,0,2
0.4364652726623543,2823.40940985846,1,2
0.0015500464116983434,29.470802975813132,0,2
0.5507067196905169,1353.5782488520958,1,2
0.5585800029545479,1556.8235007446644,1,2
0.441030110663397,1574.1941298370748,0,3
0.34174302376651244,3463.482045612554,1,2
0.003388278155368775,107.48293389582936,0,3
0.19851024150239496,1207.4915357315158,0,3
0.2068684850125277,876.8767710583402,0,3
0.7732728253412114,1811.5315316840772,1,2
0.04433893481501993,331.31310220297365,1,2
0.0032466557588948643,43.12684946320024,0,3
0.15505273390196248,369.6470260521022,1,2
0.15794909013131792,391.4434581510561,1,2
0.04276329696785633,102.38667148405928,0,3
0.03849121094894756,252.57383724790927,1,2
0.0044573158492683665,60.24626888457907,0,3
0.16223460491368394,384.11457474342916,1,2
0.6552489476427673,1547.3919944617012,1,2
0.048067889300322374,131.73124232512112,0,3
0.04410761185314418,652.9395270683235,0,3
0.0017814127489171893,33.86973689672796,0,2
0.11314420838203641,476.02286253090017,1,2
0.3998798776516779,1331.013405885092,0,3
0.33368694610129374,1402.2875637493003,0,3
0.24506302501498253,1266.924901072225,1,2
0.002067108435514003,65.57279808265363,0,3
0.30446616420679923,704.3771784132132,0,3
0.7364294401287798,2393.5745871318386,1,2
0.19807972288529313,835.2937205181202,1,2
0.6656679175115343,2228.460110371694,0,3
0.0013649309922437697,39.69186990082488,0,2
0.2906960145552348,858.8069878814221,1,2
0.12703358399432285,442.1060941483379,0,3
0.5690650842281615,1322.4167341001319,1,2
0.5673076781658917,1978.3942739491083,0,3
0.0009309031623398863,31.486578271403957,0,2
0.07937790536335418,284.15041428946887,1,2
0.7497808336406765,1741.8083948265494,1,2
0.2553466052256741,592.5008937906391,1,2
0.7359771908521955,3590.9142307219995,1,2
0.0007748462184652572,24.417431928690387,0,2
0.450072066283534,1326.429062641373,1,2
0.018003267368855658,90.20442127896277,0,2
0.42222277345867315,1729.4599561187595,1,2
0.7459683960744293,5650.593285991669,1,3
0.0009062629103532361,44.63474051169238,0,2
0.8166580049908607,2200.386903509298,1,2
0.09395983950284605,392.48904393049315,1,2
0.6807668711015973,1996.947975508896,1,2
1.3171087821403162,5957.417266035472,1,3
0.0010727966779880142,34.03124806655704,0,2
0.16692661677770018,392.0510954271235,1,2
0.3956479097726879,2602.401668574753,1,2
0.43509988246702735,1824.6891669777137,1,2
0.2211185854978083,1688.4415433363465,1,2
0.00015108664104765822,8.279197509589295,0,1
0.27581107664363286,840.4472237792811,1,2
0.04301635990297837,162.43416532561736,1,2
1.2901737790475638,2899.338089702468,1,2
0.09292211090422206,344.2504963454103,1,2
0.0005187803902007671,25.55067391000294,0,2
1.1787764119968138,2405.6908648731246,1,2
0.25013767089544303,581.0973851351863,1,1
0.8049433159684258,1864.9544226135065,1,2
0.24391001277570906,1516.5914439172386,1,2
0.0003276718907251105,11.789695903621931,0,2
0.43150243450902653,1290.6077430140201,0,3
0.2738915253485284,978.3979150859101,1,2
0.2178865777480755,754.860648134857,1,2
0.6418663281303228,4610.786337260652,1,1
0.0062779253964236744,113.09212066196909,0,3
0.25606927603069546,1537.8401720630518,1,2
0.788779697427266,1885.6000300204337,0,3
0.8579235658528355,2608.981836410812,0,3
1.1360236567867994,3041.274675151696,0,3
0.003255684357054506,160.34709663718175,0,3
1.0425672867901365,3512.8340081150354,1,2
1.1392322076190642,2328.1891285925726,1,2
0.9361062001100161,2176.9748078743023,0,3
0.311947333013083,1693.5964154132262,1,2
0.0019194030598136767,84.92053280939774,0,3
0.06315871619223232,149.32481627817805,1,2
0.40588265330227596,833.9167082993176,1,2
0.179411520866039,1174.4628429399327,1,1
1.5201553991642518,6569.541707951335,1,2
0.004652118039590132,140.59492467749865,0,3
0.04209999236139984,243.6780106001899,1,2
0.5592383294780306,1702.9249543086057,1,2
0.2698215976197158,963.0988417996863,0,3
0.30955228218443853,2391.491858763872,1,2
0.0010750244084472803,39.375263576027905,0,2
0.02208805242129386,130.07419427183402,1,2
0.4974924358988747,1514.9837251577433,1,2
0.9083700395201236,2347.9916539263877,0,3
0.27096505936298754,3277.412267875697,1,2
0.0007246318304830536,10.792702696353395,0,2
0.12841789033679477,1055.5492700894642,1,2
0.2062450452494986,857.5142583131392,0,3
0.08663411439136787,716.421638431883,1,2
1.0080591704182031,2518.3234225131864,1,2
0.0007712272261976336,12.12686727846395,0,2
0.2849928459231379,927.0601492645553,1,2
0.33038163170596174,2164.137845144135,1,2
0.6554485827597925,1616.4702451486767,0,3
0.10692778303934668,886.197037134128,1,2
0.002308350486193501,126.49225281621077,0,3
0.389151472959401,1756.1046958895618,1,2
0.1223228926654638,460.714203125034,0,3
0.10138244090429868,284.36430671547794,1,2
0.268832677007825,913.4680739921944,1,2
0.0055448660681122275,73.36544898832659,0,3
0.21977842513009,650.5454784138462,1,2
0.9038186203150719,2112.2546087445867,1,2
0.6253440060713777,1628.839077498603,0,3
0.26489035463979116,4092.8265471831614,1,1
0.0009827285195393074,27.149404237434556,0,2
0.160835032659339,571.9497593502716,1,2
0.3730409204207813,1240.2660479532435,0,3
0.22959649976481072,780.2783247540186,1,2
0.3634493322457231,1137.959536159979,1,2
0.0011963447636098975,31.268692130019474,0,2
1.2446194291992845,3476.6985971399085,0,3
0.019309310123709428,81.0066912658074,0,2
0.4264674170145714,1573.1591838015543,1,2
0.48025959850347183,2035.1854734636715,1,2
0.0007586753620776011,55.6434562458476,0,2
0.5217984410310224,1066.0602828245833,1,2
0.04159995502867773,150.50078700848277,1,2
0.4523457038835794,1054.0763525876882,1,2
0.35824973110778324,2088.302534346861,1,2
0.0004773429642088555,15.142269883127575,0,2
0.8025895576149684,2164.8577701301015,1,2
0.40390240958832285,820.6643933216342,1,1
1.3339197822079099,3023.6701178133585,1,2
0.25075288645104205,2235.949134404812,0,3
0.001385045747152854,23.536519565685023,0,2
0.2376966919821074,702.4319804608688,1,2
0.9702835610039449,2254.915461237251,1,2
1.1354091541021052,2559.7812668811803,0,3
0.23361517108881336,2236.997987355684,0,3
0.0004131022921974682,5.4874312805394325,0,1
0.5658803041692853,1479.333684482579,1,2
0.34334910240325905,896.9442759851564,1,2
0.6825677213417857,2307.4860364458737,1,2
0.5113851736730951,1301.5800495761694,0,3
0.0081216796777777,107.4598860964713,0,3
0.3866241333044509,2542.268730792699,1,2
0.02517808953462875,195.4338362728086,0,3
0.38825979897942964,1548.7607642771118,1,1
0.49784069402359254,1757.2648697894329,1,2
0.004848515638566929,65.51946780814902,0,3
0.8868640432103981,2178.3652066075833,1,2
0.2086159685069653,1389.6874087766823,0,3
0.3670601258277505,1196.145469039799,1,2
0.22123807599506565,1168.0554943349202,0,3
0.0003576688007190666,16.65524824428871,0,2
0.3465277545814745,2277.0033091471073,1,2
0.2585289247835655,954.2919942838996,1,2
0.4709836114024027,1860.9496545465827,0,3
0.6278041092707267,6989.697544473077,1,3
0.0011784983157277964,15.59299305037903,0,2
0.1727536729698373,994.7332192747143,0,3
0.3849783575159546,1158.5499134572067,0,3
0.4478033826741209,1034.9612807428534,0,3
0.13797837476431823,568.1306074450714,1,2
0.002933640393215689,30.301031741344506,0,2
0.28036624000368865,1847.8609781135015,0,3
0.3635718439238255,1431.9542232144354,0,3
0.19932798710357216,933.77605295222,1,2
0.5830077663306096,4222.798018325921,0,3
0.0059664509423284105,80.64414098389942,0,3
0.05877777094522584,363.49049220642036,0,3
0.07024508323448232,194.1457379395159,0,3
0.16629704899736922,441.2926579261209,0,3
0.03686904978341096,494.60275691338205,1,2
0.0002952884171242459,19.39449907247487,0,2
0.5572801096630718,1291.7876952526935,1,2
0.5211850590635999,1283.2486286021042,1,2
0.11866411187263326,554.8657433622986,0,3
0.12720702848872262,2198.31436652821,1,2
0.004705501044512068,91.7149972227733,0,3
0.6959827404991766,1816.0741278887529,1,2
0.5772971463746216,2416.473141107904,1,2
0.35218390081557027,2311.3390641196547,0,3
0.4531588473184785,4226.732046827893,0,3
0.0043254328853698926,73.5034463271996,0,3
0.7326141852014206,1916.2040967370413,0,3
0.33689453500927063,693.7523809151554,1,2
0.5648300439141983,2654.747163112764,1,2
0.4381289406776147,5523.40728682078,1,2
0.00022807973386051723,16.728030625481342,0,2
0.15497191973562355,418.64059391875094,1,2
0.0843647920244084,697.4425991776415,1,2
0.7858710201336766,2658.5172822272784,1,2
0.28216438298285523,1188.3411306968635,1,2
0.00044516728253342,6.501342681106172,0,2
1.111832418015659,2606.584669166391,0,3
0.5139340751096794,1438.2719779816543,0,3
0.49172801895803175,1119.6222314692884,1,2
0.327127108421346,1938.2863251532935,1,2
0.0017595067169598822,48.6091104180217,0,3
0.27708220748911916,1580.4912495420826,1,2
0.9091479163290803,2530.0368013589477,1,2
0.3342402212682812,2012.8196285597717,0,3
0.21822763281326069,1192.3874012441765,1,2
0.0008960299631616672,41.724638662292165,0,2
0.475611892116447,1398.2123999080247,1,2
0.22897002618393975,1304.101567247267,1,1
0.491528938014283,1166.6073850185032,1,2
0.21421086086008317,1458.5721432272198,1,2
0.0004601687633026858,16.556958156156824,0,2
0.6489202606909354,1468.9465885540922,1,1
0.6739101340642261,1597.8745657965378,1,2
0.6554700493847061,1727.3715793436631,0,3
0.34294675840103994,959.9121158346014,1,2
0.0010758172731696158,39.40430408634263,0,2
0.36724944028843054,1536.4815759607488,1,2
0.8842733464652983,1799.7709289238785,1,2
0.3592565681304018,1096.4350711461725,1,2
0.4078327040027625,1748.2660875725487,0,3
0.0008481855860100802,51.98650485204385,0,2
0.08679051505027491,247.99721604527085,0,3
0.5595962021998988,1152.2321808061376,0,3
0.7560368290351005,2559.069725499866,1,2
0.6662864414102811,5786.599373359021,1,2
0.0038473896683819077,140.9195745527609,0,3
0.25347170957637416,877.1580664174055,1,2
0.7776982395949531,1916.2644258328173,1,2
0.04141767263955511,341.01162377093004,1,2
1.6449342651973056,4596.941336592454,1,2
0.001671499205692254,22.587477603984738,0,2
0.2773771153168253,737.1901412987967,0,3
0.13265295174120192,405.33877810079554,1,2
0.05228905653428347,131.5652457377887,1,2
0.38016543910277206,3161.80632505204,1,2
0.0016409531486425606,26.20066983388483,0,2
0.544381198519479,1266.7054799111775,1,2
0.2667709499090783,748.2367888697028,1,2
0.45822245228435543,1362.574816707389,0,3
0.45981821328494865,3071.126393161802,1,2
0.0007083241302221004,9.37200596094876,0,2
0.5879539290356329,2087.9941674313563,1,2
0.17697452610643533,814.0126041791755,0,3
0.22958578287051276,1043.2716269448892,1,2
0.12116426531911641,908.19130948476,1,2
0.0014632136589537023,21.5417417850275,0,2
0.32081996323080203,1360.3378485575959,1,2
0.3825342866386994,1996.0371607352897,1,2
0.580799537538737,2454.5773315061415,1,2
0.21848812541078028,1975.5580613219436,1,2
0.000889085350905544,21.575844490315493,0,2
0.2267650886083562,1963.6083768257993,0,3
0.07146440693029915,178.02280857530798,0,3
0.8251829411509916,1928.7200887963363,1,2
0.47571410109119133,1731.8882240682417,1,2
0.004706293631007625,86.86295700006234,0,3
0.6054327733556406,1824.7784426639591,1,1
0.34300387099003843,2962.4907147017952,1,2
0.45305320860497966,2796.7995119173684,0,3
1.3423795131343497,6255.781874571468,1,3
0.00022739731370374907,11.454321316778316,0,2
0.30441102769399797,1996.3663096620323,1,2
0.4171227939943222,865.2361841425288,1,1
0.25911622521271666,1358.2795906259873,0,3
0.6824117018958459,4437.991556789906,1,2
0.00036754165043530114,16.977827456511488,0,2
0.26708983127779723,918.8437148510505,0,3
0.1039046958350903,409.2528986757645,0,3
0.5559887138974904,1476.8694303807445,1,2
0.13233264283345356,1445.974867140578,1,1
0.0029165521237786347,65.14368138422451,0,3
0.7426374379928822,2566.6257070360834,1,2
1.3708106016575456,3716.6152131392696,1,1
0.28434477687785853,641.2936246761615,0,3
0.4812384908067139,3016.5868104036026,1,2
0.001469067547782918,75.08692655025365,0,3
0.3463767741942446,1329.9323566066612,1,2
0.18568968468543398,981.8312040547972,0,3
0.2675089696647707,1335.6482124867493,1,2
1.0292605622443167,4146.43736614467,0,3
0.0007198020301878664,51.883234375010616,0,2
0.44497425994159956,2736.568791379181,1,2
0.6765364498949181,1594.2618664347071,0,3
0.2520900616955684,1323.630967975952,0,3
0.37961225626635886,3162.196950794535,1,2
4.2764918136916225e-05,2.6863312106430564,0,1
0.11075540526820316,566.1902574077053,0,3
0.14911354552731512,1202.320651243011,0,3
0.4911465001106093,3021.2714170348377,1,2
1.1746345019608169,3838.80378138162,0,3
0.0025814264017220575,27.106834032002922,0,2
0.15231432364254707,799.0911557329941,1,2
0.46175285989952813,1026.6514041092162,1,2
1.243149364122256,2909.781806907581,1,2
0.02659799810808947,159.56862596313843,1,2
0.0012837120148437063,16.69214150394381,0,2
0.3312967694510509,2145.5656270643904,1,2
0.17092215707958025,892.7829716445284,1,2
0.599892567185523,1339.457469163744,1,2
0.253752622683918,1998.036168067448,0,3
0.0016961034294939463,24.970394374929942,0,2
0.3319133312727408,2664.164952074496,0,3
0.9778267175090894,2029.7881232456043,1,2
0.22275222666169392,695.9753045552244,1,2
0.1137487295136359,536.3096097728632,1,2
0.0019434325941582362,36.625722629497766,0,2
0.10703632659462714,418.0367454342698,0,3
0.5162382419597075,1155.3413092621977,0,3
0.2556918468156847,1074.5752078518865,1,2
1.169978912951108,2836.131895779982,1,2
0.00153185372720453,77.16161864851387,0,3
0.7858542432494935,3083.5313933395423,1,2
0.06727520915753063,268.63563008803806,0,3
0.09579181764261453,828.0453683855043,1,2
0.0566121743655498,210.4365417443145,1,2
0.0007280656308692732,10.504501818292452,0,2
0.05580690481715599,487.79999422205555,0,3
0.11780564615012588,324.1330605975965,1,2
0.02890053221037662,127.29686024837869,0,3
0.38447263321044167,1441.1078054291543,0,3
0.0049136448303244975,108.92776627850043,0,3
0.3080510770408263,696.5528164575431,0,3
1.0833015337204897,3389.762712571788,0,3
0.33544354627797457,1017.5178660844331,1,2
0.1626415811266346,756.8882348080982,1,2
0.0032243701503803447,159.3278570939592,0,3
0.07659842237411109,670.5634128848135,0,3
0.07191144138116128,621.8604609824304,1,2
0.5704221013319107,1338.582428540385,1,2
0.19811448865831055,456.18293836503165,1,2
0.00269175514768666,124.34006975393223,0,3
0.32103666343266174,2288.5783463708167,1,2
0.4298069589202441,1796.7956853041399,1,1
0.4241444288175059,1307.9830515850597,0,3
0.2739977892507,2367.2692328251974,0,3
0.000681947266142374,53.97027251846763,0,2
0.05840974866063595,429.10399462401955,1,2
0.8576587300685784,3361.8216090415945,1,2
0.7945899640548238,2744.5952767772733,1,2
0.6446355198621972,4789.68152502284,1,2
0.0009906451598888312,19.48901539824569,0,2
0.07412055881795941,489.91181286026625,1,2
0.041224345227142495,333.81511292065835,1,2
0.37876769770646507,1459.012078508871,0,3
0.4462356973492386,2738.219410241451,1,2
0.0024870241335914214,127.11668617928112,0,3
0.7793214356897464,2435.6488478712463,1,2
0.17289550542429025,595.7186544400658,0,3
0.9537869681315803,2986.5881636901254,0,3
0.5065660866597365,1840.917837252618,1,1
0.00045142735108983956,23.995171096946446,0,2
0.5918275146389314,1810.9390291209277,0,3
0.8402271462213178,1883.012065910245,1,2
0.49529508002009154,1032.6938033177503,1,2
0.21739253814702364,3810.013435771645,1,2
0.0021900003271070373,111.93521629055596,0,3
0.04653025054686037,162.30396025769838,1,2
0.035298642430432466,155.74824695891988,0,3
0.8922294062123631,3499.250443604238,1,2
0.06582115503511825,738.5186006138905,0,3
0.0005194792205385039,9.790049781207799,0,2
0.18052230310302894,624.4353150751386,0,3
0.367072818017095,766.976104509213,0,3
0.04736822938699809,186.82245742947057,1,2
0.11973195860912779,435.1301596420198,1,2
0.0007973330511348241,39.172487091040274,0,2
0.6857689506492796,2692.863171091429,0,3
0.39717117353410436,886.3323145420399,1,2
0.2815328150426518,1677.6778390500688,1,2
0.6325256936904704,1746.9978833665136,1,2
0.0009991929718342937,12.992532813237569,0,2
0.3514665930243099,782.4249714763275,1,2
0.04955239549424862,191.8272567079833,1,2
0.07299089616203014,585.3679810052026,1,2
0.37405579750693246,3216.1754792594343,0,3
0.001197851681373632,17.282556175616648,0,2
0.08868211488471284,214.52314092300767,1,2
0.22326157685266967,522.4992834191812,1,1
0.9441842730378561,2947.6869244505533,1,2
0.14131462091091931,1542.060642249784,0,3
0.0001810947802818175,9.18399399090956,0,2
0.4944589518658009,1345.4372123423307,1,2
1.0926897433421423,2419.5825147883593,1,2
1.1777847112786253,2760.979369891041,0,3
0.13110811361471916,1824.08765269162,1,2
0.00038392635787132647,9.316918094228043,0,2
1.2396829446975437,2576.3961373948714,1,2
0.22055573977249426,1446.8130152913893,1,2
0.48088168599729403,1309.0960559453654,1,2
0.25515713985617766,729.3074763634786,1,2
0.0008144440901433002,10.231605120337994,0,2
0.2856942665630432,1423.620549751645,1,2
0.11298411786172756,597.1950482645952,0,3
0.49574997979851565,1514.7261932545327,1,2
0.2734643336410312,2402.421482897129,1,2
0.005869161110103991,110.60958200076453,0,3
0.106709735068769,407.5672745983107,1,2
0.5213215173761647,2442.8770050076496,1,2
0.2626982458971818,1920.271911726497,1,2
1.025484926880573,4839.46665666568,1,2
0.0003144754086861253,19.25559466987268,0,2
0.28592639195569947,2039.6619307413123,1,2
0.2490661844860394,1609.2799762049092,1,2
0.2995517136085672,726.4881065118096,0,3
0.45191729226236604,2290.2242038956765,1,2
0.003672342360738096,69.20857101463083,0,3
0.32260860486095005,1009.8856005213497,1,2
0.05431639801921453,212.92482169965209,1,2
0.1490984994450251,575.3189210213504,1,2
0.47351949560564466,4570.433156221617,1,2
0.001720595559036289,17.8239148562895,0,2
0.15710413626282213,378.9646044424961,1,2
0.07875322426575655,680.4696703211112,1,2
0.04293060365187308,346.5341621718357,1,2
0.2687624461094856,3876.2733385598485,1,2
0.008402321125630824,100.0355459718131,0,3
0.28803289791121695,904.5491435013846,1,2
0.7127316904732863,2174.1472641376704,0,3
0.20169937284403064,688.3353414098273,1,2
0.04920786418755279,720.6290356945067,1,2
0.00047760857376389856,10.446950179710239,0,2
0.725881316192524,2228.2811513467295,0,3
0.09654027801527118,627.4440231937808,1,2
0.44224825974042803,1754.7669007015365,1,2
0.2231104124911577,787.2656667388239,1,2
0.0020618481034213234,24.1696300484376,0,2
0.4086318443276919,1238.923948284799,0,3
0.10507005090981096,689.794194409358,1,2
0.33872150296495146,800.6989804031004,0,3
0.14598424597136803,1359.1740257386577,1,1
8.594523406379975e-05,1.1166311458067424,0,1
0.39111351222124285,917.1167472956954,1,2
0.09946033834447181,303.47241037308913,1,2
0.7882681670557462,1745.5779204633322,1,2
1.091456541531799,6383.406062858326,1,2
0.006425584112472488,71.36466795806338,0,3
0.7740641728380009,1852.7886626346487,1,2
0.4820668755501288,1282.914116753919,0,3
1.406581265571615,3823.911870587742,0,3
0.18247809042424085,414.2584189020841,0,3
0.006225827109050509,119.57463679881266,0,3
1.5690524753683839,3264.391063143643,0,3
0.04894951816800765,322.7333744462746,0,3
0.12728474472519863,306.92133238893115,1,2
1.0683546604062857,2000.2891842146018,1,2
0.00021213585360918284,2.3109779653437243,0,1
0.07056674723505876,467.8128150478745,1,2
0.34322939233787425,1451.7627678148274,1,2
0.9218668343148017,2208.973190421117,1,2
0.04216632520236647,569.1484655003181,1,2
0.0040368420623583985,129.16080852250627,0,3
0.3230641286374287,1238.2078168682065,1,2
0.217763042586168,865.4515675624509,1,2
0.3148731681325308,1209.5129012422592,1,2
0.3861533783489234,1792.0721463430946,1,2
0.0012274352860285297,28.733505044845256,0,2
0.032348222555790465,167.52131390500554,1,2
0.9579901113746166,3252.8868456596206,1,2
0.2703119781961322,1607.5558136251666,1,2
0.42362506344540435,2685.366481333678,1,2
0.0014128568641797808,36.366911654006735,0,2
1.1781961192566497,3677.6865900313887,1,2
0.21261529761539702,1374.2229784661743,1,2
0.32139685843096905,2570.1085254417185,1,2
0.13030332197639763,1334.8388252454529,1,2
0.0016322494255537631,30.126044565327565,0,2
0.2226030950436183,1938.1072882921874,0,3
0.08154712478281753,501.93530537333663,1,2
0.5171028106478793,1347.172306185018,0,3
0.06933502040119101,506.3442352126125,1,2
0.0020362110621781784,114.68638290028203,0,3
0.9830324514115076,3075.4852466279235,0,3
0.041177300695801264,173.38934092578364,0,3
0.4013822369307431,2005.3707278101158,0,3
1.0047705160414304,4847.908901245049,1,2
0.0006146580541713219,6.4543516908873,0,2
0.4914666032843765,1899.9133877423653,0,3
0.16933823341466817,1209.8377373397002,1,2
0.4667042835791564,2163.990378748168,1,2
0.5500298920924989,2761.9140267050934,1,2
0.0031727520591772916,78.98941803223202,0,3
0.7829862483374233,1886.9389995278868,0,3
0.3934035670695287,885.9432991408785,0,3
0.5766293962023126,1288.9835658384065,0,3
0.6511808790303419,6100.747428609997,1,2
0.001781570463540679,140.9960098118041,0,3
0.20345615704710895,797.9090209626625,1,1
0.22102090769987104,758.4833894869166,0,3
0.3931084263156769,881.3374879315049,0,3
1.294792355810883,3575.969007913313,1,1
0.0011359775158771722,12.375178281529333,0,2
0.390277205078105,1636.1168835704575,1,2
0.36450650453918193,2597.944271117935,1,2
0.29917731256420976,1046.3238382773359,0,3
0.016207691355690397,170.55464087928365,1,2
0.0007100504293000253,56.19439665467721,0,2
0.37743098776146944,2690.4856141195028,1,2
0.10423574126656066,745.1852544800839,1,2
0.04571956467445823,126.53566586617274,0,3
0.9520616737740012,3971.8803621127718,1,2
0.0010550241394563565,15.221846110260396,0,2
0.2665440387894615,1252.0497252770751,1,2
0.555278131759564,2113.6927816569732,1,2
0.46026934034426725,2301.515514116075,0,3
0.060913657955676784,235.70861729025546,0,3
0.0010470421748842518,13.074619265599477,0,2
0.23293097455346376,1436.5334451264139,1,2
0.36769394137842193,2184.426641765631,1,1
0.37230901311918674,1724.3768447730106,1,2
0.3666668685112921,2236.036723027197,0,3
0.004575544045629791,111.0368387990519,0,3
0.07166246026734296,469.2932996516477,1,2
0.3744241546973566,1300.201630060604,0,3
0.5345263458228545,1403.5750892592644,1,2
0.11955646936351236,1199.2779561310379,1,2
0.00017275465725265617,2.244490145064782,0,1
0.3972353632852689,1373.557798064228,1,2
0.23534194792305776,1449.0441909137085,1,2
0.44658722007566726,1894.2787466788059,0,3
0.342585027808585,2733.001039823736,1,1
0.0013492774290359522,43.1708154451894,0,2
0.10387190669353882,420.7288872487617,1,2
0.5550106636580757,1436.3843856903945,1,2
0.3949617965242573,2426.594290761415,1,1
0.3764384404126101,4202.666915582166,1,2
0.0008916482519672078,50.220684258580114,0,2
0.057273201362071154,388.7786895900238,0,3
0.23767853302889333,1193.7445745736368,0,3
0.9607381055739563,1993.9734091384569,1,2
0.723681753615276,4288.633579336444,1,2
0.00028094270619305353,12.977568080411878,0,2
0.12619819871568222,433.19408293718755,1,2
0.4388249848157166,1392.3178702956884,1,2
0.7319996270577398,2487.584585952169,1,2
0.20393036396185407,1021.1853763768612,0,3
0.005186779085967054,74.83464131464414,0,3
0.3511760461626881,1378.0208684537943,1,2
0.5636155751211803,1331.3580727319293,0,3
0.07224878092839632,294.3355432186892,0,3
0.5573696392068858,4221.942803007277,1,2
0.005620618270372974,63.67827893876239,0,3
1.2933313025977466,2686.6310038133656,1,2
0.27391120225433363,858.7174901283396,1,2
0.31970021708645474,1483.0038413004136,1,2
0.24623655620432297,2358.9645491245537,0,3
0.0028573832897158045,32.3724617835339,0,3
0.29443187823075356,1231.4117455292783,1,1
0.2815776647756345,1124.547240925649,1,2
0.3399504738090668,2226.3929611739527,1,2
0.39892564294076793,2406.9927011546492,1,2
0.003279915061091126,84.42495788743189,0,3
0.6109642523120212,1435.1708207262216,0,3
0.4565625625142454,2819.3305973434863,0,3
0.08829237720618878,648.8018218334927,1,2
0.08196712423847627,785.3358185456136,1,2
0.00839386857653812,109.14569656196637,0,3
0.8636044726904087,2698.2491346843144,1,2
0.01743585404495689,75.31833199065426,0,3
0.2605812346424221,1009.4512600980603,0,3
0.6381414024853569,2088.7305317809514,1,2
0.0005829651960460901,12.92342015269652,0,2
0.19539365597398772,679.1217083722049,1,2
0.27236243362906176,824.6038665486092,1,2
0.8001709610818164,1879.587002879344,0,3
1.1432776739831287,3069.1779931983037,0,3
0.000585486756069611,28.931030201498725,0,2
0.5072673800303916,1547.0171089718842,1,2
1.353581880180566,2816.7355407577643,0,3
0.12175641493709942,290.5804004108149,0,3
1.3591257098825598,6737.074036875201,1,2
0.000568897539107087,29.077470125877483,0,2
0.36300914073304974,855.8321738717018,0,3
0.12460280012193638,999.6264901674195,1,2
0.6348296776282907,2195.2622071802475,1,2
0.3256840081825581,4737.144547978813,0,3
0.004891080004975912,53.282733333029185,0,3
0.3555294350797971,810.4250013050395,0,3
0.1971277498557051,681.4923790610663,1,2
1.3315792620666038,2773.6010874108124,0,3
0.4742735017139068,2364.1331874713096,1,2
0.0038545423349460677,56.74738967256486,0,3
0.5716737269255985,1288.9011212204018,0,3
0.07495838405756249,216.1639912620502,0,3
0.3742220513501348,2302.1824376279264,1,2
0.06698947610763965,714.6525939289688,1,2
0.0005943556941128182,6.733698297580042,0,2
0.16585182141795568,1344.6036756677142,0,3
0.10914828444850966,712.2566999680934,0,3
0.5285298023633598,2448.463393987295,1,2
0.49519341038538306,1439.9040354897636,1,1
0.003559381313717268,77.85597097211614,0,3
0.3090744001324199,692.9941841012496,1,2
0.3699225131819798,1128.143158264091,1,2
0.3026066592956419,712.5153635379038,0,3
0.5503326782199714,2344.9732001198167,0,3
0.0005358891786199447,33.662541370094075,0,2
0.05498967984588584,474.3147446699575,1,1
0.0704714922971322,339.3554311319807,0,3
0.6211626916216781,1649.7542281458486,1,2
0.24709048645215462,2166.500097734021,0,3
0.007055475598396622,88.10309593972302,0,3
1.002269620188398,2356.243850642051,0,3
1.5457173669657356,3209.371659945837,1,2
0.44030194158177216,1162.887044141855,0,3
0.11053023047684699,383.2758886752466,0,3
0.003819870807594547,75.14852340960664,0,3
0.5937188206597986,1586.7240225073656,0,3
0.17040645260957824,725.2969763606302,0,3
0.5567061607041633,1523.0418784899737,0,3
0.14094690023010287,688.4953226428436,1,2
0.0017096586896918487,107.39432454803958,0,3
0.408306208698318,2915.4870433718893,1,2
0.8836013851991111,2121.431064666179,0,3
0.5939141300504672,3649.2460950601953,1,2
0.06756689874752748,594.5890027041838,0,3
0.002802885665664551,52.82288321262279,0,3
0.14861442033960878,1059.9793266385566,1,2
0.20775816770493416,816.8886534020249,1,2
0.34498090538680504,1604.5135901619528,0,3
0.25709798543305895,5193.026652399977,1,2
0.00031550901532249274,19.318883276511706,0,2
0.8170380978726489,2555.290341336573,1,2
0.5614480036563204,2144.855966441321,0,3
0.04560614405859494,367.7563139866676,1,2
0.3770553224440093,3758.3138425546695,0,3
0.0053402383685509786,119.27878262843626,0,3
0.8358799471218482,2613.4061382107093,1,2
0.27169836794857666,1037.3552595469018,1,2
0.01757126656900085,162.28619729046963,0,3
0.595389474546872,3857.808632107992,0,3
0.002142376400831412,107.91450117381693,0,3
0.18707287689615595,725.6036474269785,0,3
0.14841862341087833,313.0515928431625,1,2
0.4659490907107816,2326.796670502513,0,3
0.749072478270917,2226.4977416678303,1,2
0.0016379938899588901,20.453948259494176,0,2
0.7285817199442975,2275.553026904339,1,2
0.010604728554014958,67.23110509877839,0,2
0.5909931799548056,2368.6022722471057,0,3
0.4342314068698169,1814.7496461212,1,2
0.0010737192020759377,11.925081517120072,0,2
0.05124439088255879,244.61835952982747,0,3
0.5090636672925274,2387.187257475523,1,2
0.2457614185240549,1795.2757996046705,1,2
0.716093091731712,1666.340948518682,1,2
0.005016925383334202,98.69824232384288,0,3
0.15250831531848175,626.5044419210484,0,3
0.4573500771273072,2816.081377446535,1,2
0.06494760342081927,475.6891096351463,1,2
0.32710339978152936,2699.958449089325,1,2
0.0005538148092003899,28.086021429540782,0,2
0.2030907097748653,457.4758179331647,1,2
0.36087916273384407,1249.7900264239674,1,2
0.569087065076339,1779.727587646992,1,2
0.6337083722732316,6237.192221280438,1,3
0.0002302738753850284,12.969813559547521,0,2
0.03427822325761582,209.89777098696578,1,2
0.8232152360749118,1823.759742327809,1,2
0.09103610708470657,665.2203182946067,1,1
0.28535761125101866,1892.09513026214,0,3
0.0013066641803705875,32.530951440876116,0,2
1.1535320794334192,3611.4084585192763,0,3
0.16941400971542314,460.3573127297026,0,3
0.35145703712591586,1484.437765890244,1,1
0.9168371045345689,3643.540961950873,1,2
0.0003998095436519166,8.863147832350313,0,2
0.1480778271349645,328.9574519529659,1,2
0.382839073455928,1458.1464233993574,1,2
0.1600137372021679,678.8408649895505,1,2
0.06909972650407202,603.7211077368386,0,3
0.006972743215544262,72.23172275199973,0,3
0.5131883371422501,2377.0837432071185,1,2
0.9483855781514385,1968.0008104277026,1,2
0.18736266635079843,439.44961736206267,1,2
0.1984763271970215,884.7007376604723,0,3
0.0013344809624610463,25.63034173712308,0,2
0.7301368248868235,2865.9790857562602,1,2
0.04349507758012518,268.88177408346985,1,2
0.617548067871145,2100.160547447584,1,2
0.6941833319801216,1926.749940337529,0,3
0.0028021965682047917,141.1505675339999,0,3
1.181617293696915,2765.4564658732165,1,2
0.16159885379666886,962.0520947822154,1,2
0.11944034940392383,377.262561485186,1,2
0.013002443026598549,243.23404293783915,0,3
0.001745749559890099,35.634614541374994,0,2
0.02126367410076772,109.47602745728966,1,2
0.04130908602899306,194.4132347748401,1,2
0.4421852443261993,1762.0920719154947,0,3
0.16885136926438563,1624.443973248889,1,2
0.0005973935829562811,30.29606412476636,0,2
1.3098412919235818,2722.5909177555322,0,3
0.2947497995476622,1122.3307532485323,1,2
0.3664851267706542,825.1025202164165,0,3
0.34350207006985006,1020.4030367336799,1,2
0.0020166735200429853,23.64007941566549,0,2
0.08742949980679883,542.1453538427388,1,2
0.30916783656325014,1433.6521804773633,1,2
0.06043516537140508,244.19601257812738,1,2
0.06942920711461713,289.1816656068698,0,3
0.0004386208477657588,31.6157322318988,0,2
0.16228616445017238,651.8138291365735,0,3
0.2296400657031538,593.7186480520389,1,2
0.3430255442082808,2246.6689298265896,1,2
0.45511059847063323,2179.0679896093966,0,3
0.002044254115710911,25.526998707582727,0,2
0.5888152163267655,1326.8159598503908,0,3
0.3087255610618457,1836.409561149525,1,2
0.5145097729686592,1333.0880775931962,1,2
0.09693108040356486,885.8972357443527,0,3
0.0001480947742998827,1.849288248021055,0,1
0.5621604783123567,1170.7042635573805,1,2
0.28336744301618627,879.2954788419285,0,3
0.632934908940274,2005.5010232438901,1,1
0.3052949051097775,1218.640884987628,1,2
0.001202076200815785,60.550262565257086,0,3
0.3007611988218932,2200.2027703844356,1,2
0.04522387965377145,181.20716722909503,0,3
0.4649824852122779,1965.4616207304891,1,2
0.7916640344420421,2252.1877081693456,1,2
0.0013126839669426486,32.68082115308068,0,2
0.16382450519558772,377.90978262800434,0,3
0.43520995738789353,2849.0811349850865,1,2
1.3944357515867947,3780.129418286861,1,1
0.09739601607749995,703.4755917823753,1,2
0.0013664235512519643,25.21975879156095,0,2
0.0623792468619187,193.28771268549605,1,2
0.061247272869177215,246.3063829807636,0,3
0.2918130792551712,1795.4642802220544,1,2
0.2929795065734646,699.3642220332358,1,2
0.007116248199481415,80.62288097959959,0,3
0.21486293273107315,1408.7341816437988,1,2
0.1892311827095158,489.9799262937837,1,2
0.20042431340354863,617.4493753948863,0,3
0.3012601780287646,1809.715544826704,1,2
0.0006964647685581563,43.74929560021791,0,2
0.02199742801864844,167.14307471937988,1,2
0.39381932074246045,1509.1328174300754,1,2
0.0532701569025794,111.56447527531704,1,2
0.24042294279733917,3182.3185065083308,0,3
0.0020511771212993455,147.84857344908815,0,3
0.2494570692837418,1636.1019274304906,1,2
1.2788982242723663,3059.1152233442385,1,1
0.4247287967129364,940.7465220411497,1,2
0.12945955970130804,455.73683461244445,1,2
0.0007641981148487345,48.0040494982408,0,2
0.4837359880034834,1459.5121074375916,1,2
0.12479600490480067,427.78631962155583,1,2
0.43414036251266275,2669.156036744082,1,2
0.043051697027487325,554.4097495806869,1,2
0.008599837183321427,89.08704019864365,0,3
0.6452288707475374,2015.4767722764836,1,2
0.0797692649177988,271.1933820155507,1,1
0.17427370728803165,466.9951233853279,0,3
0.27695498957124587,1745.6284551245983,1,2
0.0013734663285231317,14.422384380583056,0,2
0.9660526583595375,2565.1993615987,1,2
0.7862999745539193,1740.2548380989945,1,2
0.024362098276127574,151.71915159149228,1,2
1.0144699777181896,4925.494087241781,1,2
0.0016449576046498392,52.63125257808401,0,3
0.5040623404019622,1918.6266435277998,1,2
0.21763356379491505,1408.8661991375293,1,2
0.36973175359033345,2635.2734008040543,1,2
0.4017701819527568,1929.369887027767,0,3
0.00039789103175241004,9.65580527947899,0,2
0.6853899066810984,1771.5847971328071,1,2
0.1479419763937198,515.6871660798815,0,3
0.053683049071608376,120.91888116388465,1,2
0.07664199075033401,1658.1551720672537,1,2
0.0008815477023583299,12.978332220440466,0,2
0.805415468807303,2097.973750327842,0,3
0.24663348191912945,647.1413775062833,0,3
0.44826963040727263,1002.3360329383579,0,3
0.3309798411106658,3233.8845425169716,1,2
0.0009326429780784824,9.661392501732328,0,2
0.5271989384507937,1366.1971686685038,1,2
0.4907256289697614,1496.1649023859861,0,3
0.24892469554465874,516.4520798255523,1,1
0.3782853816454889,1254.8249844693319,1,2
0.0018779214313309157,46.75307688857016,0,3
1.447292969315465,3842.0298975072637,0,3
0.09045924328819846,398.9308862324995,0,3
0.1189071950222802,595.96182563771,0,3
0.49307778969330457,2378.620489195823,0,3
0.002064622423202788,21.38774222000445,0,2
0.7195125254454191,1691.1861615910054,0,3
0.4187839240250082,1144.5785859900197,0,3
0.164024878944997,645.5934635549879,1,2
0.30010039573251973,1754.8394710492505,1,2
0.000992597519284699,10.813216891416067,0,2
0.5382177119686709,2151.150356374378,1,2
0.33850488834572845,2217.5038163394415,1,2
0.035103084996556844,151.11479357380784,1,2
0.7467352601962063,3434.8020109222057,0,3
0.0006455106458380207,40.548549377910106,0,2
1.0597747106450857,3603.1564383110976,1,2
0.7263427124378193,1741.0662817401296,1,2
0.467053644414435,2324.192460524115,1,2
0.9844263471897706,3268.7337085218396,1,2
0.006152078136190864,68.32701988743942,0,3
0.7771837306889446,2024.7187626073369,0,3
0.20412565663540236,1067.0207496115002,1,2
0.6799890239677827,2348.074832656253,1,2
0.19242786034249323,3698.741622917172,0,3
0.0009016831983855304,44.5554465139331,0,2
0.1888637051236512,512.4881218246181,0,3
1.0144268149025855,2763.1020163718676,0,3
0.015384200725911462,61.32927749015274,0,2
0.5239359202219943,2436.414607028035,0,3
0.004171035792476147,133.45440495578694,0,3
0.4938314394151046,3039.2288659533892,1,2
0.10411771944690851,747.0502275992791,0,3
0.14434258817442766,753.9996926701729,1,2
0.14196828643278925,2750.007359057245,0,3
0.005060005003163679,74.49446671174641,0,3
0.2280049117202899,1403.7728315688796,1,2
0.09515091981681119,364.41153346369254,1,2
0.8131083963704225,1821.4714871682966,0,3
0.25346013488430874,1466.1351617684063,0,3
0.004466547433470677,65.7574585185355,0,3
0.5044527749818266,1129.4769701763466,1,2
0.15911320748104968,442.57940970508747,0,3
0.02679939194853209,115.86214789013844,0,3
0.33532629020164,1085.8586135709782,0,3
0.000461836343184653,24.54845070142505,0,2
0.4433641666603837,2904.48533387985,1,2
0.2532905834475275,1851.7454324118376,1,2
0.5186616541987144,1160.9095878511496,1,2
0.891273102425522,2283.5414061527404,1,2
0.0031224384414582076,63.73588334029973,0,3
0.9638548622665702,2911.2448796982085,1,2
0.6351818835002592,1646.7124302231648,0,3
0.25572127192783056,537.02298267173,0,3
0.6532702188453366,2432.542664845367,1,2
0.0006313868640549568,14.102564588796838,0,2
0.5902567835196116,2056.8265128634634,0,3
0.3702719125419719,1157.1912419786836,1,2
0.775426905213036,2002.8283675887644,1,2
0.270617598989901,2232.154826625568,1,2
0.0021205207280620246,30.59478829821858,0,2
0.6044823511512056,1267.7795493883023,0,3
0.7089703305949608,1666.1079055138478,0,3
0.7538735149508475,2954.909375765719,1,2
0.2860213353790672,1919.7375288069748,1,2
0.0007297724014083121,8.554620940471164,0,2
0.03297916037939559,168.2897775761906,1,2
0.7572379089514409,1687.5761447546809,1,2
0.03121786728310154,259.3378382138136,0,3
0.11491904129275847,762.6549298545121,1,2
0.0028131967257361084,149.53266921120493,0,3
0.26484023462153783,855.4704365653005,0,3
0.10432213653486797,218.00999417117774,1,2
0.16057570151321124,336.2229109310649,1,2
0.3812190652369495,5831.955218035102,1,3
0.0005720255908638111,35.932494787064705,0,2
0.8344598308991819,2892.9190716444473,0,3
0.09719788093116442,297.30690057874125,1,2
0.5065620944000897,2025.0695778659465,1,2
0.646825186529114,5839.568855634873,1,3
0.0012429478767249113,13.804591296140005,0,2
0.9574560035431802,2516.5726950860135,1,2
0.9003427582122633,1868.1898796049813,1,2
0.4616302021875808,1031.9866114893828,1,1
0.24571193577125341,2867.4524516990764,0,3
0.004664804256638339,48.983800077400346,0,3
0.1329055029353695,328.0520380026531,0,3
0.8499689936511328,1763.8453824075546,1,2
0.5163544762734834,2063.3420841707903,1,2
0.28807262692793456,2462.9452836270284,1,2
0.0006188310985112116,30.402794896640593,0,2
0.1529743045360048,485.5771977330286,1,1
0.24881200607168688,758.6553444162972,1,2
0.5316623207692605,3267.4997636921557,1,2
0.5431647439266,2800.927085071983,1,2
0.002427917378722811,112.15262892192321,0,3
0.04076762359830538,175.9967814397718,1,2
0.8582733488448996,2008.613778105647,1,2
0.35019303502570964,2264.5610420774315,1,2
0.5080394676153026,1226.8059529661004,0,3
0.0006034313497406165,32.07479220594642,0,2
0.6421472595020785,3024.6955805051707,0,3
0.3416614642248613,1308.6370345205837,1,2
0.5365632883164377,2249.799745499998,0,3
0.29883650771876535,3244.96324212065,1,2
0.0005854650436837626,12.806143941523326,0,2
0.17790766420790913,1152.2194171778096,1,2
1.2867815715149449,3491.2360248416717,1,2
0.03568256800396567,188.97384381203364,1,2
0.03059353964006215,117.12345614248268,1,2
0.0006984643680659215,34.31512891968077,0,2
0.32022665530443245,670.4136659047706,0,3
0.13767518982204963,904.3442013432635,1,2
0.657003604611982,2576.822399454864,1,2
0.22616437427806646,803.6025662185765,0,3
0.001382195620368165,25.51086016959996,0,2
0.672232509874676,2133.6643915405357,1,2
0.26461147360190906,2283.767254648446,1,2
0.06062464648318966,452.60224733501104,0,3
0.49828281957205334,1141.671734885523,0,3
0.0009188716561126409,29.39976451855208,0,2
0.07509472839730517,491.0739288276543,1,2
0.4000022888897699,2858.013651161955,0,3
0.45524279523951955,1208.57089453583,1,2
0.2564561124999999,2212.0610346768476,1,1
0.0009502406495656837,46.95484679419116,0,2
1.1120882254179596,3015.871958663025,1,2
0.4160821771670208,1421.11689748264,0,3
0.22892756781291224,510.61329671618074,0,3
0.5865306205982627,3951.06851959189,0,3
0.00021430953404525204,10.868438448658248,0,2
0.24758561098778537,661.3156780692217,1,2
0.00998623024644267,68.47214732278573,0,3
0.04865563058699589,197.80448660250215,1,2
0.15072067330335281,2103.7610776443194,1,2
0.0008143641583869339,11.749613523596938,0,2
0.15645077356372317,610.1305827296922,0,3
1.0763773285195055,2233.534621348386,1,2
0.9754018957715709,2587.587032524666,0,3
0.3675665485178953,4446.259150082069,1,2
0.000682154590603248,39.32473676816183,0,2
0.5247846936486051,2448.592898166435,0,3
0.2537590527994588,1812.542703117503,1,2
0.32232060843635063,1609.6772883649926,0,3
0.06342965175408596,401.1909883278057,0,3
0.005696417182181809,127.23434048108206,0,3
0.046097199056845416,107.51086975635621,1,2
0.4366047939432697,976.271084425523,1,1
0.5749951214166534,2695.260569303186,1,2
0.8545646258411247,2597.900489904357,1,2
0.0006413379541880226,12.086586430868271,0,2
0.09841250311541222,222.07022637047626,1,2
0.5051978495816877,1182.4225573336623,1,2
0.4593265374986217,2158.878810310071,0,3
0.65854165702414,1840.2728709059675,1,2
0.00010028230132555735,1.3029034390687586,0,1
0.1569432093848357,425.9502443798442,0,3
0.13409951746348575,456.40126796313166,1,2
0.9433670105076445,2560.379564361741,1,2
0.8241334979499924,5748.897122444587,1,2
0.0020462854455763433,23.98719969284572,0,2
0.049661993977706535,205.5298927482953,0,3
0.3021194902970694,1270.0373906317552,0,3
1.2491740584676632,2591.5531421101064,1,2
0.3239423042088331,6879.991111349833,1,2
0.0009749503027685372,19.900894741363018,0,2
0.28389951535118835,1834.2950989466033,1,1
0.42860400948357696,2138.2862226951884,0,3
0.41113951552587136,966.6894976203265,0,3
0.36833436814644255,1317.9782046584128,1,2
0.00059483038341181,13.010996289093072,0,2
0.1682454738095427,377.73028337238986,1,2
0.5145084089225247,1751.6996857939534,1,2
0.06013275156450975,206.44730788510586,1,2
0.07296525237517712,678.3055971038513,0,3
0.003657098065125066,39.222201489225256,0,3
0.518543661600552,1777.1203590599112,0,3
0.3405694828141778,2202.680193243028,1,2
0.24704963515597636,1524.0680880971677,0,3
0.17777712516903732,1033.9950372008943,0,3
0.00018522760614163715,3.4907796371542643,0,1
1.099475746554429,2443.7158464139193,0,3
0.08711916212423035,196.95762033918209,0,3
0.987273384038918,3359.554476056506,0,3
1.0089420643665103,2541.043002993739,1,2
0.0008461445741148442,10.993412207250953,0,2
0.37611086438273245,1174.85973624292,1,2
0.2337721411862224,978.0082994451955,1,1
0.7346873677294301,1766.796053402768,0,3
0.2116833198282492,4452.489199823319,1,2
0.0010915141110584617,12.122717677296823,0,2
1.0658041060878727,2559.2370441691223,0,3
0.041321921291351975,175.2267808654355,1,2
0.6091862319594666,2433.0188833078105,1,2
0.4545226384759981,5796.3194504744,1,2
0.002387584707206281,59.44174741904808,0,3
0.8382847529367898,1874.1711806057942,1,2
0.15033646161298575,524.7636246574737,0,3
1.3164898760344448,3150.8835057338447,1,2
0.2897777265502059,2589.3925079139594,0,3
0.002258972002194234,23.4010394937923,0,2
0.3080013765974403,813.7684760207238,1,2
1.0741590982028684,3355.621954660591,1,2
0.44766841568058147,1526.477748428412,0,3
0.4069896238954564,3823.3372773211895,0,3
0.00037692930005617736,8.419037680501287,0,2
0.33040236863085337,2649.6525139946148,0,3
1.208903792804548,3203.91213274844,1,2
0.18374791837691204,1139.4023492980332,0,3
0.6193707595510775,1251.9386356329335,1,2
0.0033542237665427567,37.25312145423938,0,3
0.11744849170081759,473.18004647351796,1,2
0.038257196825522116,329.83352044253724,1,1
0.9243631641202175,2157.767654553784,1,2
0.1612650221197954,1082.4827447991893,0,3
0.002896762737251994,72.11833718022164,0,3
0.3826403518388609,1993.4876889902152,1,1
0.44075347354001454,1736.0325303260515,0,3
0.2158433556860233,1328.8179550818625,1,2
0.39166493874264513,1510.2618525205282,0,3
0.0007780088151763087,8.814379480413546,0,2
1.2753644488049014,2647.2236101872004,1,2
1.1232058537897547,2337.849341918458,0,3
0.10189728079985963,274.70610039965175,0,3
0.1940794270727554,1849.664974490941,1,1
0.00024081771870416367,12.308666394291063,0,2
0.47890286847760555,2004.9169771526713,1,2
0.6345617584092575,1919.123095281544,0,3
0.35126239911309887,786.4997505257373,1,2
0.47148300025364476,2123.420076184292,1,2
6.267529102329214e-05,4.517626621356924,0,1
0.2713214847864229,2169.527829116216,1,2
0.27385575777632176,1270.4213566337976,1,2
0.3394636537538844,2223.4918712363706,1,2
0.45010193760497313,1472.3995858708765,0,3
0.00012870381010230943,3.123314751784208,0,1
0.2139524716994828,1388.2501169254674,0,3
0.20572948708164376,659.2116844775148,0,3
0.45226677480285576,1414.5310666679766,1,2
0.6616919558740277,3024.976537350648,1,2
0.0009429430718267676,19.24755627669886,0,2
1.0528279196110537,3288.3702676291014,1,2
0.10806316403327487,456.6199729724219,1,1
0.3567181675053638,2610.610395886061,0,3
0.22853012126601893,776.2174000886142,0,3
0.001695814476599691,34.615328908413325,0,2
0.2153208664102785,1410.4271351792636,1,2
1.3867505801191113,3249.7047788933146,0,3
0.13977352103376406,437.10406084468156,1,2
0.07422455752840997,618.960406004087,1,2
0.00599273910632754,115.09789615382385,0,3
0.5429504047537809,3336.650850659832,1,2
0.2270156945923324,1628.9319432302668,0,3
0.22565425213863954,1063.6895321247218,0,3
0.2235212127414878,1359.6263976125585,1,2
0.0016529253509881112,52.88618466193974,0,3
0.1033125540321783,620.446058802215,1,2
0.39483511908187113,1834.4348475880909,0,3
0.2494219753700804,995.0693652875633,0,3
0.2687449109052885,1893.296612276812,1,2
0.0007724409496848037,8.578985338385948,0,2
0.5540324639486989,2126.0270996265576,0,3
0.358830559900212,2567.687797802153,0,3
0.12805483599100004,1025.8840727873649,1,2
0.26873067187589594,801.7698443321535,1,2
0.0009844805040769321,50.31873136898439,0,2
0.03295456758320002,133.05907130298678,1,2
0.10986920229815861,655.8986439456761,1,2
0.29583770668297193,1173.7595874891526,1,2
1.2344577014781157,2879.3852812660207,0,3
0.0005073830211972918,26.969438993721273,0,2
0.04111098131326209,130.2083933501383,0,3
0.08414845132397356,196.3576923243571,0,3
0.4942948500345542,1962.3549465098938,1,2
0.3301658374076818,6479.977877372666,1,2
0.00040963618144220355,10.198377614623865,0,2
0.4010073348236869,1368.3381186461456,1,2
0.31610378782639126,1266.6028657346674,0,3
0.16471352424874405,504.1760842152997,1,2
1.268325571204108,4993.197989494411,1,2
0.004011158335333358,97.34063032423049,0,3
0.23869066031530117,559.919065936991,1,2
0.910831997671416,2038.137082376842,1,2
0.4922610302523508,1108.058883332063,0,3
0.15831718855776855,1904.3226847813442,1,2
0.0005616535402729149,35.28096160438708,0,2
0.7662813531093885,2613.1469905603417,0,3
1.0691369048160468,2838.980922645408,0,3
0.2652123602859873,1113.107264036925,0,3
0.21836332319222201,1137.563062676917,1,2
5.111471963331335e-05,3.684342176773229,0,1
0.5488581819627905,1225.752149417532,1,2
0.1371144204941709,888.4793113034348,1,2
0.0769525839846026,170.69203943312468,1,1
0.7133871534691432,1397.8526940733502,1,2
0.0016344857735075054,21.235822346142722,0,2
0.12852811877293593,944.1197723378275,1,2
0.0740593859376024,252.36024446516186,1,2
0.12894161907206997,677.3610269982292,0,3
0.8494498920911604,3221.0682618279047,0,3
0.009281172219422592,103.07977642297674,0,3
0.11808817064508631,587.7307117034898,1,1
0.2927013219089608,2523.303206533441,1,2
0.1970524907141805,1441.3504978311253,1,2
0.6220509406671638,3043.4486077161573,0,3
0.0019339328012040022,35.69414382587664,0,2
0.016412096997293693,55.09322538013737,0,2
0.8741826409614991,2635.1622900722,1,2
0.3925825805205703,2414.5066267941957,1,2
0.9573807183013406,6325.510585845429,1,2
0.0005006423884783894,30.654755954919686,0,2
0.27669118949288957,1065.8298139192943,1,2
0.24984631001831695,1997.2549291806097,1,2
0.2836709460962261,1119.0760980506693,0,3
1.156910976282335,2458.1597712786815,1,2
0.0006196902571308059,34.903078285437026,0,2
0.0731968808550055,384.06904741647503,1,2
0.1796566402034526,471.5868339398792,1,1
0.3762740866115921,1441.1214182892652,1,2
0.12918834437380391,1317.5426427246755,1,2
0.002108380893234161,129.09794142390857,0,3
0.45570491711679023,1808.8911926922099,1,2
0.10610972801234589,407.2408120898344,1,2
0.4307954135911742,2824.4946151505524,0,3
0.6645221000611277,4977.079773858558,1,2
0.002244691185923703,24.074205396615916,0,2
0.39131885878981776,1828.9630379434848,0,3
0.23760414112068146,1898.1560522191812,1,2
0.3808839460073198,1522.590498860093,0,3
0.9905454559458072,3077.424181762778,1,2
0.0018790008557249792,36.96568468032528,0,2
0.11561223425408992,838.003241306816,0,3
0.5355026168024866,1678.9286680878122,0,3
0.010057769716050007,74.02884933926997,0,2
0.016402816033090524,158.41535344202015,0,3
0.00717976100444376,77.00259269671652,0,3
0.7615642675052582,2006.1047439260662,1,2
0.3551328735259799,2296.984758683955,1,2
0.2703068943474182,649.7853376801028,1,2
0.6629808489301151,3606.1870315375227,0,3
0.0007624302569374953,9.913900928346758,0,2
0.2240363032938698,1637.9745126216947,1,2
0.8693356815097567,2027.4018570752075,1,2
0.16866916203324853,881.742529702168,1,2
0.33100969021129895,1045.068295709974,1,2
0.0005046027582177997,6.555979074624597,0,2
0.5329518301554034,1258.7708224542077,0,3
0.25061978201268437,1833.6831162796627,1,2
0.18555067762272845,386.9096759479884,1,2
0.7147908853647837,2392.06443821423,0,3
0.00034967971754428336,7.810394993633026,0,2
0.8691192112098369,1952.5645261858974,0,3
0.4690293897985874,1786.6171656303457,1,2
0.22836256521282197,593.0715537334171,1,2
0.061435357691177764,1381.8115962026282,1,2
0.0009384352115966235,11.172731599709497,0,2
0.019860295073952726,142.12832119181334,1,1
0.29421761479987735,1382.8723591891476,0,3
0.24577052202872857,1038.9198197342816,0,3
0.7223428822192957,2840.3954943076915,1,2
0.0006595385890763848,33.221882866820245,0,2
0.05585918866026744,138.6171752787008,0,3
0.05131946328246724,455.1023641408673,0,3
0.21019077228477479,476.81337220910945,0,3
0.3011499095947266,4778.021402945895,1,2
0.002726913616155413,35.429034650871536,0,3
0.643577878912972,1429.0204918335396,1,2
0.6982799911313868,2181.05635385375,1,2
0.6948383937207455,3256.603521334899,1,2
0.7204836197907301,1581.574670151153,0,3
0.00044399341437102084,9.842634651028703,0,2
0.8968155963618039,2318.571251065233,1,2
0.5138777688043511,2388.621536851789,0,3
0.3843427788462703,2365.485043567717,1,2
1.1279116323427754,2659.5593167182983,1,2
0.0014921101895329946,75.15968096798206,0,3
0.48232941420944975,2966.353671336787,1,2
0.2463821573243101,783.9328066097924,1,2
0.19981788542763107,1432.6693006409719,0,3
0.12471715008373206,260.2748161480817,0,3
0.0018106963021577759,34.776640740428356,0,2
0.7640393134738028,1701.8486372699047,1,2
0.05159851105021329,413.3398563273933,1,2
0.8276793900472517,1727.055360560309,0,3
0.4794763454892732,5014.733007316008,1,2
0.0026880008753413986,28.22594266377347,0,2
0.048436476477803914,197.2946509289035,1,2
0.07382801191952984,286.5046791534896,1,2
0.29687674382720797,2372.8533559750445,1,2
0.1730757908203554,1466.782335781636,1,2
0.0019062433042064477,24.786932432531188,0,2
0.2044152077781038,1262.4522736400718,0,3
0.14888906928986298,455.25546718239843,1,2
0.847941480077862,2557.972059004874,1,2
0.8685234375763875,3283.6290280719263,1,2
0.00012586220790725136,7.706649209370132,0,1
0.03026948601075907,132.43373865380832,0,3
0.4025875650596689,1233.5209166311938,0,3
0.3266271443032776,1391.924018239878,0,3
0.8449309994363667,2938.8428680606357,1,2
0.0004299645991933874,21.805113814715398,0,2
0.3595529574952192,2566.4653737893254,1,2
1.055338152663904,3309.9436644421894,0,3
0.39425345577071436,2581.2413308802065,1,2
0.3042865524353185,2213.7254299560805,1,2
0.0007392985336338053,10.88410979226159,0,2
0.034292694211952926,265.8074252696194,0,3
0.03300852184427106,251.17588758115872,0,3
0.7562057200318881,2361.9502701783313,1,2
0.1360961858030891,1820.8599806076095,1,2
0.0016202882328465325,35.441303559358225,0,2
0.5215064952182787,1572.16967003587,1,1
0.1528560107842193,372.24768232093913,0,3
0.08306090443531196,609.3122324780375,1,2
0.27829482104804715,5199.824958247759,1,2
0.0007631547586235044,24.4175234326665,0,2
0.28229847175819217,1091.6402492193104,0,3
0.21282818113180604,666.318407258298,1,2
0.04901325665962451,302.9482052249532,1,2
0.7479217120169285,1955.0019244232108,1,2
0.0050490080706527985,63.04794570478693,0,3
0.5113238461843708,1138.2286523852704,1,1
1.090568164423329,2891.7224384571923,1,2
0.6928695118076279,1659.3263337737158,1,2
0.10864759664344101,1148.370054254231,1,2
0.0030045736347213622,35.77156353201161,0,3
1.0605719573425196,2886.1496067625035,0,3
0.46975057128783604,1976.2596017994592,0,3
1.0411613057745026,2761.5359157226007,1,2
0.5669094849841343,5048.8896789516575,1,3
0.0029482010982998337,65.85058824713883,0,3
0.594993698181108,2375.6665716509274,1,2
0.6191052531853876,1383.9233503534024,1,1
0.9437796395154436,2946.049622518222,1,2
0.20444301306381363,962.4822783674215,1,2
0.0002725161005023833,14.485321818539935,0,2
0.5021954910092381,1534.403391049945,1,2
0.10666286785976122,451.94532233376,1,2
0.11768889756848228,457.7896432578174,0,3
0.18005519026073213,2150.6694822636236,1,1
0.000283012468360185,7.28473612209281,0,2
0.29874818953713966,902.2069138916431,1,2
0.7162283685340579,2476.125055229433,1,2
0.5615059786623893,2242.4448815237465,1,2
0.01827478556659603,258.4848877412011,0,3
0.0009659030166989655,48.65388835916154,0,2
0.21759153199080428,915.7047075989321,1,2
0.09483947477364117,252.46950137640155,1,2
0.1273090729648147,600.2352320756441,1,2
0.5443773538026749,1540.7120577661206,1,2
0.0010584677601935093,23.464563023386496,0,2
0.4917235798681563,1092.6977133879689,1,2
0.23623557511568138,1530.713308760772,1,2
0.6631495708468174,1378.8658484041857,1,2
0.403374634248737,3187.5029847267188,0,3
0.0003301132539842321,23.79451933789508,0,2
0.23948468976112341,839.1300804374443,0,3
0.21632888760381602,864.9920090578179,1,2
0.25628336028251947,1339.4270166207411,1,2
0.27243540885155887,2977.9136745037526,0,3
0.0015969871515066818,92.0628552827008,0,3
0.15102337874195707,1308.152587061389,0,3
0.841956136411212,2181.416737646154,0,3
0.15155399355611954,932.9811793671498,1,2
0.39051316739681136,2221.1304977226496,1,2
0.0054446692642537795,77.31315801498336,0,3
0.20107320969241926,513.8673896036858,0,3
0.33566381108852544,1517.1154187233942,0,3
0.47157931308170675,1044.1223292789905,1,2
0.6932922627243697,1896.7374069065008,0,3
9.242688238591362e-05,2.89271061091353,0,1
0.01345140633517416,96.68289543347194,0,3
0.5775407725511412,1428.0272375588206,1,2
0.480420173378247,1746.2107322722304,0,3
0.2742024549694925,2491.0105284963597,1,2
0.0005706513107350265,17.166731292665386,0,2
0.22515964944908934,805.0901969175969,0,3
0.12811259155769794,467.1038553898872,1,2
0.29441003827663637,958.7057587439388,0,3
0.07208703177023126,687.3306979078463,0,3
0.00033321279912529675,12.924013280066337,0,2
0.06924157347368337,196.13538082474196,1,2
0.2393409876173497,1026.4609558965176,1,2
0.02219760036975904,133.64872735621944,1,1
0.6534716055717297,6701.985499768727,1,2
0.0019075599933292258,35.024706072218336,0,2
0.30218653341339696,630.9072110655178,1,2
0.37919306921033785,999.7851789993834,1,2
0.7174755806129702,2641.432978721238,1,2
0.1532114176748447,742.5656219896114,0,3
0.0034345978255285892,40.6956586429854,0,3
1.2660262886808273,2997.1121652051083,1,2
0.14667639748307867,881.3936199787054,1,2
0.512860534070192,2115.1413909619046,1,2
0.054935625737189124,190.34144082879638,1,2
0.0008215821625335165,8.53886686081479,0,2
0.4574571483709081,1807.5142960206695,0,3
0.30192191947496716,969.8108592414821,1,2
0.4375668675331116,2834.962468140274,1,2
0.5377154861738332,1246.5716517304702,1,2
0.0006881769800336744,30.761539603381824,0,2
0.020597509845283676,100.2732186748714,1,2
0.4072035724546418,1680.3592510957158,1,2
0.40659950704812514,2005.7979782153916,1,2
0.3505084424728618,1565.0336936986823,0,3
0.0008272681527363813,41.84919550776651,0,2
0.039338654874706086,303.9392234508645,1,2
0.07004054013125179,528.4680474187654,1,2
0.37791894251446706,1482.1737164052242,1,2
0.34544109081679386,3668.55032706185,1,2
0.002889632455678872,65.56070396160133,0,3
0.06072740072279442,268.1496464904517,0,3
0.09796121617509203,376.9707857442429,1,2
0.46033657935107647,2077.050194344692,1,2
0.1260514452153996,1528.7520128722238,1,2
0.0014389833310870133,32.64801376025202,0,2
0.7200416942559982,1892.921959176707,1,1
0.861396868004748,2756.754508746798,1,2
0.9693588904413493,2695.4792335996844,0,3
0.6495880985375595,5592.726349225125,1,3
0.001763463248584471,34.75384742152483,0,2
0.19885218399854035,764.189947533842,0,3
0.4353425661268486,907.574438837833,1,2
0.5065245448205495,1492.0664998782888,1,2
0.7325257403501078,3284.8685113160022,1,2
0.004015140138032587,95.16419778514614,0,3
0.18872970848543918,545.0312906474406,1,2
0.4869242268819036,1444.8155571901252,0,3
0.9998394405364104,3703.386435343092,1,1
0.20923956656408757,1338.5604904268375,1,2
0.005733866838500177,113.00146651796287,0,3
0.37502918859464573,1326.8975228759805,1,2
0.1524117079666496,846.8665675207958,0,3
0.10352348781112033,315.3821871799384,0,3
0.7046640845471556,3925.2061765294548,1,2
0.0024686188607210067,29.49793985258327,0,2
0.43620150174981054,1959.2746882603008,1,2
0.5419707334323176,2133.971554076393,0,3
0.7674578283657155,2024.8914254133945,0,3
0.8323177067007836,2914.598647562046,0,3
0.001990121330884093,24.928013119026936,0,2
0.7614465904300768,2011.6038994562803,0,3
0.6431710427671914,2328.317595340323,1,2
0.3120344411763707,1876.04178608202,0,3
0.20025240251651136,1174.5006389520418,1,1
0.0004807111926658671,24.317842549725377,0,2
0.4324721681582371,2800.9313873031783,1,2
0.6057750447428251,1246.0364102119738,0,3
0.8194656911262505,3507.795564203065,1,2
0.7996522128211757,1988.5071325253755,1,2
0.004067196354869933,46.00619520781552,0,3
0.1261349356624396,350.5945394205846,1,2
1.0100976593505795,2802.329256689379,1,2
0.16928656893439809,471.6888905576263,1,2
0.270775104453034,2544.077294363742,1,2
0.0059727253593786535,102.80342870764463,0,3
0.15092147646901996,562.6413689922498,1,2
1.3445836318401099,2970.8483916886767,1,2
0.12043873955093137,302.2191940258246,0,3
0.4191223231601338,2436.3311870398024,1,2
0.000797178768488804,40.327057226581594,0,2
0.3605295510204416,736.057309639489,1,1
0.15744217055121734,1522.422620807819,1,2
0.8006889099192173,2295.794505120019,1,2
0.7546159875485556,2761.6683905034647,1,2
0.004608708273963854,90.82715179475801,0,3
0.3187329513487929,2244.545483692752,1,2
0.30315650682408235,1963.1348293326168,1,1
0.8725304293314877,3234.01985742256,1,2
0.10094644707539836,247.4708489155531,1,2
0.0011910622435538142,22.94882365498837,0,2
0.20425323130812442,829.7234717966087,0,3
0.7415448673889984,2729.070499775685,1,1
0.7891329536004869,2554.239725243404,1,2
0.35109988590876023,2422.313363059067,0,3
0.0002856111627517979,5.2441061153035715,0,1
0.19880307106982043,1920.9038455829427,1,2
0.642362398113999,1521.8358065932894,1,2
0.2599533377996272,1825.3061716126545,1,2
0.8719936608364108,1820.950746795409,1,2
0.0016014769674801135,33.14629540408274,0,2
0.3461792179142783,725.3389704229859,0,3
0.012259347170340966,123.59413578795369,1,2
0.6702406822698457,2762.1729678979,1,2
0.4148569243362674,2910.5356987427654,1,2
0.0024791028455185,125.41091944950603,0,3
0.26233125509437355,1088.6284792198974,0,3
1.3413912016490908,3720.90640719077,1,2
0.6991948580771612,2995.255635530522,1,2
0.11370559643398319,565.6523165413165,1,2
0.0006463650141288557,28.892542990020253,0,2
0.3977182184828574,1703.9431800755663,1,2
0.025976444840292903,69.0694239855204,1,1
0.3504290864650205,1548.5099969880198,0,3
1.3121779118664607,2696.7334116582847,0,3
0.00038536574920274735,19.75268329182413,0,2
0.022789563096065096,167.4442960508606,1,2
0.060316099770063476,366.5537321019854,1,2
0.3795106671482375,999.967638702223,1,2
0.9429295075261602,6037.883999010798,1,2
0.0008480323478781778,9.42624067351659,0,2
0.2469807652648625,1108.8489595539677,1,1
0.7978177009443042,1958.2739918211198,1,2
0.8018705043641462,2909.764345846706,0,3
0.11103372966433216,447.07903274188993,0,3
0.005195376083535035,113.3021195512601,0,3
0.8926021798182247,2483.180358951663,1,1
0.9357872722984174,2083.9396387729935,0,3
1.2157527335469567,3375.9552056798943,0,3
0.4667802361001407,2164.4493692416,0,3
0.0036315234773628795,64.50689387629566,0,3
0.44741276574475214,1727.5117267991527,0,3
0.4553966606393166,2125.260539716914,1,2
0.4178868579660954,1545.952162554955,0,3
0.7401756243747932,5240.884295804315,1,2
0.006070644789730336,101.84224429603034,0,3
0.6156694730007997,2422.0591763683888,0,3
0.10354893009325095,211.79885316482165,1,2
0.7966384826246764,2558.1148797029464,0,3
0.39019330481103787,3100.9200582336016,1,2
0.00031471266798883355,14.06766933638312,0,2
0.4990305159854138,2735.500323587889,1,2
0.6287984291350344,2279.931223414746,0,3
0.5996508569553514,2213.0194632732005,0,3
0.11870816215186905,549.3626900196549,1,2
0.004214795044096048,52.794000306785925,0,3
0.4621620033181058,3015.6105678114327,0,3
0.7051485611496031,1751.6096319434625,0,3
0.28493070299682033,600.5863776528382,0,3
0.6288017629882859,4448.705311030267,0,3
0.0014341270651660244,52.21524685630505,0,3
0.9001127609493295,2650.7102292940285,1,2
0.5459981064232772,2348.5188629338545,0,3
0.6900255755308099,2428.162772480033,1,2
0.06367662073298754,522.1498186543769,1,1
0.0004990854342541232,19.215620005330702,0,2
0.08065914654179188,376.5689558765646,1,1
0.5731669787199085,3321.3358820038757,0,3
0.3848175244318364,1658.4880124241693,0,3
0.1490295165462099,1131.8381992166198,1,2
0.000877000002111737,16.897621012513735,0,2
0.40457727030590124,1314.1283428629254,1,2
0.7639187691473979,1888.2853117789641,1,2
0.07506266812637198,210.17918345510284,1,2
0.18341385768224208,1206.4941734795582,1,2
0.0015799339537633243,22.434729731427048,0,2
0.41118560586358627,2664.2645752935896,1,2
1.8398293756686086,3867.5948109560686,1,2
0.40551255562092475,1999.4968227050028,1,2
0.5037600287325816,1628.823281332213,1,2
0.00019688068023892926,3.6340957596821806,0,1
1.2012662543027872,2548.9727703880762,1,2
0.10854786656984776,652.2164623048719,1,2
0.06012681015149877,299.7120061230618,1,2
0.27991769363956076,1032.2863122325316,1,2
0.00047862713587294963,21.39465286195493,0,2
0.5527742848897564,2003.5717833653273,1,2
0.1620126530399916,1139.0484869808286,1,2
0.6925986733899276,1413.052327975301,1,2
0.777703636310391,2291.1960444583956,1,2
0.0007120024350062897,26.582233007665565,0,2
0.8351647017886029,2052.4979562157114,1,2
0.44394752625573575,1424.4648763104358,1,2
0.4253796308623101,1219.1944389733274,1,1
0.6191342441483265,6113.146270597956,1,2
0.0010369654213099736,21.462414306614946,0,2
0.4461042023551344,2013.1871565706535,1,2
0.8021014787620955,2824.426431873193,1,2
0.26078319341454426,1566.1838422870312,1,2
0.4215408735540317,3082.180472237712,1,2
0.0014138329933973874,27.2410650397844,0,2
0.1819925544302769,818.1900744865587,1,2
0.8484308388273433,2495.3740760652177,1,2
1.0811176074483002,2290.842275518987,1,2
0.3701275537618903,1674.5334246649682,1,2
0.00013052657967645072,6.602976717732439,0,1
0.4211560507997034,1532.7820523542316,0,3
0.7571762495910381,1805.0056131572999,0,3
0.4586609939928626,2138.4451865351416,1,2
0.13548987859126033,1036.308530903298,1,2
0.005889477901629577,113.47567309427646,0,3
0.21840544441474818,2111.3448891757116,1,2
0.4626531089839498,1674.4527878846568,1,2
0.4751835601459726,2215.569906492222,1,2
0.5645190299324485,5635.235578984499,1,3
6.686452479976841e-05,3.883555142724669,0,1
0.14546571060156266,1407.9441555000537,1,2
0.28965690545634537,1106.56323326984,1,2
1.2109427271057465,2973.628403648531,1,2
0.10385653299511459,707.743264798551,0,3
0.0016680517359048649,30.789510342131365,0,2
0.5054858777290588,1331.3977631330927,1,2
0.554638939132029,1633.6860085382166,1,2
0.11634202197001553,702.4080259037073,0,3
0.13712994377985077,1170.5770319942983,1,2
0.002508330624063506,48.32932743152606,0,3
0.6902999232309227,2970.3898144454,0,3
0.20188716934086112,826.7576669919414,0,3
0.43824286463957884,1218.9914640380553,1,1
0.13040245940131384,495.5195586113655,1,2
0.000543648120805787,7.219072354026843,0,2
0.06006914526320947,351.6444168133771,1,2
0.7772123516815977,2515.034596304675,1,2
0.4429109029565873,2183.790880395077,1,2
0.8474592781350926,5206.164158959786,1,2
0.0015180942584592202,34.442902269129355,0,2
0.6089743117483648,1296.441013467339,0,3
0.24064308817211102,709.0169195440683,1,2
0.32296066043628174,850.2622902946252,1,2
0.4206115766042739,3408.728847399203,1,2
0.0011987471998167547,22.01019547238444,0,2
1.304169154609101,2763.070345600536,1,2
0.23627811606553253,958.7857366906414,1,2
0.17070741664546013,1033.2716138281712,0,3
0.352532975434235,900.3308254700518,0,3
0.0003764303854509528,11.324041767480555,0,2
0.8581768466581849,1818.1375815889564,0,3
0.6823873354966222,2480.0008805339676,0,3
0.9658366105937604,2294.0123931178805,0,3
0.8617213493590983,3353.5332550287503,1,2
0.0012408565857454626,17.61990244614427,0,2
1.0250805091743567,2533.859933167712,1,2
0.08838862132236909,389.48615734132596,1,2
0.6624833485981738,2736.269653464589,0,3
0.2138907757074679,2053.27849349506,1,1
0.0011051103685514436,42.86288256810712,0,2
0.1429111548860245,471.58814449495264,0,3
0.2234295745387696,720.1205056911284,0,3
0.2341829238108016,496.9834394397186,0,3
0.3399860736226339,5522.615684814175,1,2
0.00104838641570374,46.86291634564707,0,2
0.4371340172566133,1978.5974029518225,0,3
0.25909280893551767,967.5764743052077,0,3
0.3684195806635778,904.4698704319721,1,2
0.5001921461216373,1849.2028593220193,1,2
0.0010803753698077657,23.561108443742732,0,2
0.1274118214159151,739.1737667844594,1,2
0.18279076741675154,525.4029969403284,1,2
0.6666512346660719,1856.6886445860505,0,3
0.03061566184706666,249.00316284066363,1,2
0.0012687368956011663,18.237674111260663,0,2
1.1336723892242548,2795.3242821320146,0,3
0.71966011766909,2005.66953413158,0,3
0.19179769815317466,694.0214768063959,1,1
0.026687583175649714,197.040223034268,1,2
0.0008991079975612616,9.927151712242765,0,2
0.21790659925561362,2101.3442805231884,1,1
0.8554383855698109,2739.577097463573,1,2
0.14924268543275998,818.2232462788612,0,3
0.08331396727580685,1104.44864013232,1,2
0.003635603881578343,144.52931118840132,0,3
0.37506586292679395,1078.9409217804612,1,2
0.3568373609625441,1761.084432236649,1,2
0.28659713067392734,1720.6916091652683,1,2
0.9409381852829141,4491.468621088126,1,2
0.0005116579251993692,28.0565886561437,0,2
0.13122906014671434,789.1708406580674,1,2
0.5252055665277885,2073.3327483823327,0,3
0.20239354568896364,915.4340560341852,1,2
0.9160601503962321,2994.675481664063,0,3
0.0051208247716194545,111.67628505544148,0,3
0.148693167738381,735.2579655150039,1,2
0.04505978923121642,96.18137569310676,0,2
0.3463347155169435,2436.1333169359937,0,3
1.0418930417365646,2992.4443164883887,1,2
0.0006776360511219409,8.097186566944938,0,2
0.19700842882665986,1193.8269190354379,0,3
0.2603517274669087,723.2109139683411,1,2
0.49731793954499526,1428.6239767421182,0,3
0.5387142211335558,2541.180563914727,0,3
0.000660850673414196,7.5842463726666605,0,2
0.014340112046797835,74.78877197702005,0,3
0.49895292115328244,1037.8749764753734,1,2
0.7049301969380132,2481.949962093325,1,2
0.1014440048529544,424.9489591542592,1,2
0.003604077810167211,161.1024278750261,0,3
0.1212836829104905,1187.3774922984735,0,3
0.3698391523433776,2007.426489620462,1,2
0.3175774161950507,1908.2179803384738,0,3
1.2424140537872377,4642.377289456281,1,2
0.0012519329527113845,22.11453706141597,0,2
0.4367127161605919,1585.6241248487106,0,3
0.06618384415284628,313.06573400063627,1,2
0.37744270460527596,1617.4772280069108,1,2
0.5569255019625993,2700.9166344347573,1,2
0.0008486079476264732,18.506663923490684,0,2
0.14910303969819488,812.2275057794136,1,2
0.5187794494824982,1103.129416623984,1,2
0.7266847485254325,2013.8273035583763,1,2
1.0517358357934063,2372.765530740707,1,2
0.0007834096546532843,13.48416237732514,0,2
0.4876956550020613,2828.03474967805,0,3
0.16501099284175147,897.3109088455568,1,2
1.4720785151798512,3253.1940908611364,1,2
0.5930836641116204,2140.264805885019,1,2
0.0006716888420981421,21.022038076074313,0,2
0.5999001128208808,2233.5942255798395,0,3
1.0333918155654909,2191.6257902674984,1,2
0.1085136948870665,320.9232157065511,1,2
0.6485605010317043,3290.417936107972,0,3
0.0026238018185643836,31.35224698336203,0,2
0.4622188616876701,959.8492697783666,1,2
0.010988996796682915,87.95167549471586,0,2
0.0966095853802212,212.94465459602193,0,3
0.2992239960091005,3885.587322732345,0,3
0.0020066767577976677,26.646546086122626,0,2
0.2650751666787909,1320.017151019213,0,3
0.07008245158696406,683.6632293757634,0,3
0.15058371568209727,1066.7349012077111,0,3
0.08474776514145076,809.744505133571,0,3
0.0009857797551424705,76.36387288908259,0,3
0.122079204370483,682.1714569484766,0,3
0.200733644212416,1220.1184792809445,0,3
0.3884306687658363,1531.2928840865038,0,3
0.1786454604754417,2436.322233031779,1,2
0.003833038341083922,83.59190198807589,0,3
0.3230718804413087,1940.7716565467174,1,2
0.6935797392079046,2561.601510739066,0,3
0.3351135370351848,1818.300605026276,1,1
0.11614012505900145,1441.1938015777628,1,2
0.00046011689631287136,10.905386566771512,0,2
0.2581913485076474,1814.7664347295076,1,2
0.017230051966124548,170.1362622084601,1,2
0.8957039600757124,3326.4981722936022,0,3
0.26195580040222005,3377.3570751734237,1,2
0.0012176955973661925,45.46201882204335,0,2
0.00990800986418426,90.48841132008492,0,3
0.974666176706002,2714.073501315927,1,2
0.4420064518847879,2862.355890301697,1,2
1.107472428165286,3702.4230196707795,1,2
0.0038752361854821936,51.45904003213313,0,3
0.4864296231112579,1291.3418631785494,0,3
0.40174951993110575,1813.4425159788457,0,3
1.0144127573271318,2346.5309723243404,1,2
0.04621492229466727,268.80700195495564,1,2
0.0018200147223871694,92.06948399047737,0,3
0.5565288601548495,2015.3725579370575,1,2
0.39710065848355475,1142.5015994586688,1,2
0.450845488167829,1325.6519116107947,1,1
0.2277193892049139,1351.2615742550938,1,2
0.004696408371282371,53.12354296495363,0,3
0.06560805814288292,163.40848154248505,1,2
0.04722626521966349,205.47265736795651,0,3
0.7636161992501912,2252.8236775764153,0,3
0.09441860129050385,1929.2351753446085,0,3
0.00420643755299764,74.30383469085301,0,3
0.38292710087239035,1353.4449608655011,1,2
0.793367337434415,1880.928672786808,1,2
0.3704373556982792,1090.2167640148987,1,2
0.23215804496562267,2939.797958949198,0,3
0.0001750211701224254,8.971056068020935,0,2
0.6146617156278967,1293.2220509858141,1,2
0.6554435858408028,2656.2070607837927,1,1
0.35843986456413274,880.6424346347206,1,2
0.29691179189708483,1422.324364137571,1,2
0.0010535216685740416,17.674071677457693,0,2
0.0625008399338478,277.4079822655717,1,2
0.13912438702485388,850.2552536538952,0,3
0.26078870361496737,1176.6356843210617,1,2
0.2689927161507567,2448.4861705988383,1,2
0.003987004093480257,153.50629443736705,0,3
0.17441901778230892,1684.686669070461,1,2
0.48072555372595277,1388.2616304734106,0,3
1.2853903129830178,2733.1157120885973,0,3
0.8974652569943938,4896.3785416402125,1,2
0.00040551369310525134,5.829125493353821,0,2
0.43076538616232646,1944.8312671056358,0,3
0.9660624821938155,2005.1477914935695,1,2
0.6746696353131111,2778.3635617667437,1,1
0.158181571697722,1457.59288270144,1,2
0.005547343517205637,106.88358968558242,0,3
0.735732578461227,1934.6530374255651,1,2
0.132361427112054,295.3624655071562,1,2
1.8384672976273717,3865.71077529684,1,2
1.0448329289977603,3027.348352280894,1,2
0.0005240951536473129,28.73857985651547,0,2
0.2285403660132774,1244.8438232473927,1,2
0.5244317826324574,2315.232276184365,0,3
0.7198343976935753,1891.152294569255,1,2
0.23795433188165757,1462.7632164962845,0,3
0.0016134142377485605,18.250176263079116,0,2
0.24737791245626228,1498.4319766269937,0,3
0.9691338233727479,2393.250769582754,1,2
0.8519638172379363,3083.7186592520397,1,2
0.7140526293639734,2467.5039441650556,0,3
0.0006129276587308909,7.262420824690805,0,2
0.14407249173285547,865.5023927238518,1,2
0.5150870203687011,2022.0550097797422,0,3
0.062287046236254535,290.88395590557485,1,1
1.1072773170331762,6144.3746886637555,1,3
0.003644998693660659,86.39134991190863,0,3
0.032771893609819455,321.1068203694679,1,2
0.24945565064764344,1173.3232108300358,0,3
0.1773588361884899,519.2939025262975,0,3
0.2702815459029191,1880.7018739246173,0,3
0.0003838740941617233,15.2604794745073,0,2
0.20779294994897496,516.0318303238386,1,2
0.11886973009695243,547.8265548962133,0,3
0.708227041879954,1745.4969119722748,0,3
0.09700778656579609,1175.494627982023,1,2
0.002659710592098929,31.514220832691674,0,2
0.6249283652931787,1642.3108840234074,1,2
0.666592977891587,2413.9374622010214,1,2
0.25534534520205726,1192.207446960648,1,2
1.2044152745582217,3921.2321739585905,0,3
0.00282414055464798,40.10220168771759,0,3
0.9300704705823345,1973.7522242996918,1,2
0.9556800657316593,2110.992501262964,1,1
0.5725840954851279,1407.8463816758804,1,2
1.0374191921090805,7190.543391947027,1,3
0.0011916886236892205,25.98865697846495,0,2
0.2866602322645029,2164.688817468689,0,3
0.1190465180048773,841.5735364599827,0,3
0.36120749598386076,1171.8543101515577,1,2
0.11027249110273489,3262.3636066592785,0,3
0.00218770183611514,37.65504626618942,0,3
1.2088270417026796,3353.2154188414297,1,2
0.24496271055670213,1143.1046755591315,1,2
0.0800243916419177,375.61272408360344,1,2
0.7045169048894349,2804.1020555158257,1,2
0.0012957171755034512,21.737187678880257,0,2
1.0355033445281188,2547.2322125003852,1,2
0.37270422269075226,2427.7068081877696,0,3
0.2610001407269757,1565.4233752557595,1,2
0.007708743618862917,183.56928455382368,0,3
0.0006118771861732706,35.53840844894982,0,2
0.541335853230547,1509.55046108226,1,2
0.3035344640428861,750.5622549176716,1,2
0.4121541958137306,1626.2832295837313,0,3
0.09373448480074739,476.1089506513842,0,3
0.0010635290909941188,45.91216240679812,0,2
0.03737395941657138,214.29891648934804,0,3
0.0434602219024586,419.441478413992,1,1
0.09688996089993014,453.02284927522186,1,2
0.05361396230204945,212.01273447488188,1,2
0.0011533740560539301,44.4068210851742,0,2
1.1220777909787665,2381.050355665673,0,3
0.32742178154929447,1529.0033270739748,1,2
0.7525100776824435,2156.9157157327363,1,2
0.3358650370559382,879.2189231827679,1,2
0.002230457079251603,26.652104873052778,0,2
0.6313164627788872,1754.467246309195,1,2
0.26101657236896564,1507.8744421879182,1,2
0.6016695126847335,3300.0973836100957,0,3
0.42015861939025695,3026.380334598661,1,2
0.0013134829785714766,22.60786251191781,0,2
0.8278268362631702,2930.774302343776,0,3
0.6923249224748745,1831.7545738186732,0,3
0.2249293106513049,2171.1057320031678,1,2
0.12964223672045022,517.4886664216122,1,2
0.005863606810823634,103.57659317992581,0,3
0.11500376561528228,339.9851421808317,0,3
0.7206956332324131,3181.4737824563335,0,3
0.2173002084533307,1422.0637417307962,0,3
0.6056753152130686,2705.2364308957635,1,2
0.0023228532719906567,86.72249402929154,0,3
0.05655587736311178,169.0051394256688,1,2
0.5054715825602931,1199.2917409659722,1,2
0.44192561799346247,1162.4277793840977,1,2
0.12642980046110855,585.8663088493965,1,2
0.0077075020335384235,88.45507266896128,0,3
0.27987020544380165,1309.4575400169545,1,2
0.32340854275443526,850.3479586150848,1,2
0.9418779596078658,3501.057460090657,0,3
0.2459403315754916,2084.923940666556,1,2
0.0045955129820123885,138.2454311943103,0,3
0.17023160327848194,752.7432137229567,1,2
0.2865194774800239,1336.0466945666933,1,2
0.019859318864401714,97.07741078727132,0,2
0.38706343696566253,2752.54606402634,1,2
0.0018387112462559191,21.78641256465976,0,2
0.5899708217974193,2664.6853017554117,1,2
0.18246087245176254,805.8778234469913,1,2
0.43097739343852254,2010.4644068217126,1,2
0.05394762608181556,885.3265769918213,1,1
0.0008287581082132162,45.44466955832214,0,2
0.666646008210735,3008.035234776304,1,2
0.4834198299218072,1424.5369386814048,1,2
0.5264499186946358,3040.4694433553395,1,2
0.6381490968968178,2710.4581510634484,1,2
0.0004264996251754759,18.411833040872835,0,2
0.20110769943889353,1954.0516019161207,0,3
0.33359903017939513,1354.5758890490422,1,2
0.12762375350472524,961.6581488575653,1,2
0.03232414546802066,185.66988287229913,1,2
0.0031334121336733037,60.373102147470235,0,3
1.4325608378925851,3169.060135080227,1,2
0.30158264870199225,1409.2451104294012,1,2
0.8654253774974834,1916.3760953434032,0,3
0.35512532011143977,1471.5570159433578,1,1
0.0006464928604742586,27.90886065672629,0,2
0.4720077876248575,1749.024188390743,1,1
0.2222942167558282,515.3268744984159,1,2
0.5583071679777062,1789.6292214553428,1,2
0.15113460932011522,1541.0493083085853,1,2
0.005721391836646449,75.89011457404972,0,3
0.11394148003375273,421.02282536564894,1,2
0.1589063838870509,443.1745265810698,1,2
0.07802411701871151,366.8602599134021,1,2
0.5984682921009012,2429.282771993172,1,2
0.0066160322702100045,79.05607668913487,0,3
0.6461349691855919,2531.71445789814,1,2
0.11242234527573518,428.1051197809944,0,3
0.07178525605734506,391.4979704210684,1,2
0.0730807818071722,252.1654886075023,1,2
0.0011803685748012383,12.496071452856429,0,2
0.46275491466682783,2162.239703114068,1,2
0.37335676246111205,1427.5924450568757,1,2
0.008762021675962225,68.98037340546787,0,2
0.3489639586082801,1598.8844833129965,1,2
0.0006194299523985084,33.96623118652526,0,2
0.45875303407521095,1755.301302152419,1,2
0.7652024459374297,1608.300385554194,1,1
0.34129470482463203,1533.538856558463,1,2
0.8343474953928471,2387.5333604645643,0,3
0.007079617446505112,100.52907821615857,0,3
0.8071419853572566,3008.24866806569,0,3
0.6778275710798635,1606.993162527656,1,2
0.42940768169710153,1639.5422675522627,1,2
0.25466713175767053,1584.288758901493,0,3
0.0025112844728356373,194.53778318284847,0,3
0.16958683435956162,450.37416309926283,1,2
0.45351125690226407,3184.0932409423353,1,2
0.4663824654056346,1779.5091705175664,1,1
0.10844024254829301,1192.8576885443103,0,3
0.0009616178245804796,30.096028482201444,0,2
0.02452549138936941,213.46719417796032,0,3
0.646030396226285,1793.3860493738737,1,2
0.38640485425492826,1745.3059162301515,1,2
0.37478348519739,4595.012209127579,1,2
0.0017314625325285371,29.802188165784468,0,2
0.22333048110617332,1345.9806282856925,1,2
0.13949682938109845,324.7672897924934,1,2
0.2547084800564008,1092.5046079032513,1,2
0.5228689622037568,3028.7004100311397,1,1
0.0031755970930337956,65.72637725515817,0,3
0.33804315475874,1836.5348380119995,1,2
0.021196112279003882,93.62861198025428,1,1
0.31334886399146383,2033.9515377635387,0,3
0.4555233015356751,3231.6077874959838,0,3
0.0015509225154305471,27.549097434415074,0,2
0.481554023221712,1404.766296100269,0,3
0.02570104522833105,156.2746575713188,1,2
0.33498535321456624,1433.9853594166696,1,1
0.2024074744852024,1024.624080442222,1,2
0.0008597080793614415,15.78509870874031,0,2
0.26790850791658577,2035.1007444267389,0,3
0.40691880029971894,1903.704643408371,0,3
0.021458700725192882,97.09668931955318,0,2
0.1445780877313262,1214.6987321385802,0,3
0.0015442452123678792,27.278032666895143,0,2
0.14685397511998485,562.8996911912865,1,2
0.03491089725943533,265.3610467938841,1,2
0.18904624853615254,449.2588626502127,1,2
0.10102336491336333,1863.5879458529407,1,2
0.0007875769761778142,39.84132925274573,0,2
0.432466364231155,3039.8566666772167,1,2
0.0439313154337526,214.69904203719273,0,3
0.031400451994627855,144.25366415801307,1,2
0.051462205228345485,289.44540066700597,1,2
0.0023756007815380134,121.76611430208476,0,3
0.937752004834362,2321.325932053666,1,2
0.2528032491090294,1904.467266467205,1,2
0.402655556426629,1483.6340360005745,1,2
0.15149807249509886,539.43091800069,0,3
0.0033097283974809514,167.4299564483836,0,3
0.07772591484205305,287.16420682415657,1,2
0.3228441657367736,1511.7591303516062,0,3
0.6898499850149107,2557.8230919957523,1,2
0.06631956385455476,891.501815369983,1,2
0.0004172041694374555,7.3696255436203595,0,2
0.3013647400997892,635.4917683800847,0,3
0.3972582480175247,981.8482517521693,1,2
0.5659857581168674,2083.2155218719304,1,1
0.2929032023951736,1936.9624142111068,1,2
0.006166840583520222,88.64629794268512,0,3
0.701734993904947,1737.933578285358,1,2
0.5210426593410392,2113.2738851650724,1,2
0.5230775984343654,2054.586571997619,0,3
0.6350124487735115,3364.582763437898,0,3
0.0006311810710509389,36.6595964274142,0,2
0.14230018349182494,350.4545668565824,0,3
0.5276048867587898,2139.286391282473,1,2
0.05362148903421402,521.2096319114711,0,3
0.7222345409721505,3512.5014225555706,1,2
0.002316373184970699,27.678730797044086,0,2
0.7009351302433692,1556.0867565602298,1,2
0.20858163452280487,2022.8111541047608,0,3
0.09529392485632988,222.0925550380588,0,3
0.2670750374166392,2541.203037141052,0,3
0.0012948077294265123,13.707591213489428,0,2
0.1901150827406515,427.9503302676517,1,2
0.27860772644363646,570.6171677354293,1,2
0.09713847603286951,214.14026162462264,0,3
0.07757074604048414,904.2671666482225,1,2
0.0025128455188721138,128.80086462859546,0,3
0.7716865415542095,3321.684240959695,0,3
0.14374125267768756,662.4945451158476,0,3
0.6058733679202695,2593.4238396752503,1,2
0.39862501724721905,1513.1274947922539,1,2
0.002200357342178085,22.86875159647649,0,2
0.015665452936329424,70.9577408084002,0,3
0.10320856237362692,240.2718511302589,1,2
0.6464288061851984,2767.1296873144747,1,2
1.2685540567417677,3506.845436882683,1,2
0.0006524009308901227,29.16234872005985,0,2
0.09436905215238811,374.3951102019657,1,2
0.15219190940306376,315.92858621785206,1,1
0.1010426106578428,444.24846205202607,0,3
0.18470985619873706,784.5000909788354,1,1
0.0023047369792929904,89.3916782477557,0,3
0.9449722404825155,2109.7716301691503,0,3
0.7365360505995573,2671.8620906124306,0,3
0.7454517845284548,1762.5572240833924,1,1
0.04934508624460598,696.8759284836187,1,2
0.0021329462811622525,28.32327187692704,0,2
0.7851878772113516,3454.460721426246,1,2
0.48149332521833066,2175.0322136056875,1,2
0.17880807950097574,834.7611004599286,1,2
0.6805066093329285,2181.939290679317,1,2
0.0046384673769840935,77.81577478641528,0,3
0.13044883752973566,922.2146908693211,1,2
0.2705332351336562,805.9091707304959,0,3
0.4670783820231041,970.9449110791934,1,2
0.06228459289263719,341.160469033963,1,1
0.0006096312430150073,47.2253589181117,0,2
0.390290713610951,1490.4793723002726,1,2
0.468234364501627,2312.457427724334,0,3
0.7353399463160867,2358.5989038162547,0,3
0.09004114080584937,717.927975772983,1,2
0.0008316483805328722,19.7111802457552,0,2
0.05020071094777387,137.7399079453216,1,2
0.9114935675966814,2403.021492036744,0,3
0.4817173071985347,1742.5271955732458,1,1
0.23419119236664143,1881.744363867275,1,2
0.0010485563247607285,18.047905921075767,0,2
0.35048516793149026,1135.0069649889454,0,3
0.7914978099831854,1680.6628799949938,0,3
0.056153624210895696,265.0038593025656,1,2
0.3201153291843222,1276.2255406065933,1,2
0.001695140555537693,20.25551815411517,0,2
0.35185520453685315,1450.9844198653013,1,2
0.15815235732428215,860.7939359079687,1,2
0.30616475056014864,1435.0139476301174,0,3
0.31877002615753175,3702.4604129354652,0,3
0.0008940685814816764,34.42312866960816,0,2
0.849835793284781,3144.221826101407,0,3
0.37055845124040243,2410.0923578037527,0,3
0.9142883646069672,2535.9200759664313,1,2
0.822345111061039,3518.780958306101,1,2
0.000910316398927578,35.04869668768311,0,2
0.43631539128464847,1097.131164260279,0,3
1.058210054223999,2446.980425296782,1,2
0.3964002314865734,1269.1103246708528,1,2
0.3653833067101108,2799.743081125357,1,1
0.0013474285951125212,68.16266590597017,0,3
0.45493512856561086,2960.127166405281,0,3
0.03774863016440182,221.50377359991757,1,2
0.4318063723125087,1003.6806330581671,0,3
0.16469566929020754,800.3603941998183,0,3
0.0012487294897732663,23.049506626388723,0,2
0.41782081760918494,2937.3024167013746,1,2
0.7749062943906885,2513.4654555503475,0,3
0.6584021877254128,1367.8030712459097,1,2
0.35104061259789215,2893.5383957113895,0,3
0.00020874639097585637,7.793435712590578,0,2
0.05656822074186493,181.4343733507864,0,3
0.8623232923459804,3703.954716904179,0,3
0.6535360955749497,2421.6132624378556,1,2
0.45389512705696433,4386.848030751015,1,2
0.0004752933958764804,10.365322605265488,0,2
0.534364624569911,1419.6030194174768,0,3
0.8223325646756429,1709.8384591482488,1,2
0.014281278194052532,84.66692528004674,0,2
0.48858115564236965,4993.678262962488,1,2
0.0005311439868978731,8.910568406428467,0,2
0.21273184620929306,1184.8087759648263,0,3
0.12794396891531182,338.61977774758043,1,2
0.6866405881870231,1627.479384254453,0,3
0.45941549802292136,4469.656616235141,1,2
0.0004990464628582187,28.985092814094198,0,2
0.06505663904080368,255.9512873172159,0,3
0.169401482748032,640.7101115761296,0,3
0.8937915997600139,2628.1978672748023,1,2
0.20417450840073334,1989.7685855311945,0,3
0.002185619361962892,86.88682023504518,0,3
0.39725054841938023,1649.6706628735203,0,3
0.3405385840662653,720.0228391429945,1,2
0.13353826072493186,386.06532313351175,1,2
0.21108440557363725,1299.5895540002732,0,3
0.0006035214174254789,10.12478538281638,0,2
0.36389624596338777,1185.9106700793225,0,3
1.6887809061153018,3550.059874624264,1,2
0.43031760513991724,1686.7766445970155,1,2
1.5225358741307133,2246.641517949287,1,2
0.000434652159452458,7.980647624040353,0,2
0.35287270064201853,2120.4373683149834,1,2
0.3781468018291172,777.3856476734744,0,3
0.4597600429676144,1894.3164800296393,1,2
0.14305488809474556,1295.5054644873437,1,2
0.005362448883712955,61.542092837393355,0,3
0.5734268740872854,1597.9948385572834,1,2
0.1603242345375848,427.3415196379323,1,2
1.1911403426309946,2521.4521753045888,1,2
0.42951241269328855,4639.697306312558,1,2
0.000717910529684774,12.752272879337186,0,2
0.5326494712441217,2173.4692276580527,0,3
0.2864538151464381,1290.284542600049,1,2
0.24124277160373503,1449.5553891457048,1,2
0.5789688560681401,3112.9397378572094,1,2
0.006523754301103845,86.6285608598413,0,3
0.16158972562734178,797.1285012784674,1,2
0.3522985155009645,1592.179153360768,1,2
0.47098247398104093,1114.035666851386,1,1
0.7953888976673795,2279.360718672618,0,3
0.0021321567845851343,39.14852740733265,0,3
0.4310897530724767,911.9754527676854,1,2
0.5508842293249385,1305.652087519167,1,2
0.7029476214614085,3009.7981434949243,1,2
0.4150609849657128,2303.406150813406,0,3
0.0025277915794675414,138.61059325124285,0,3
0.2323986690474369,699.0740065743167,0,3
0.23099698353394138,1339.2425549977356,1,2
0.22269889635573586,904.2263912352222,1,2
0.34889711099880544,2232.0120807418234,1,2
0.00033160587403984284,25.687998442199603,0,2
0.16818343835646138,454.7361183292164,0,3
0.5337039080741919,1731.2340176927391,1,2
0.6664851474511567,3006.350908686716,1,2
1.1925642171058055,3659.774444637434,1,2
0.0010935812068685509,63.51623574143939,0,3
0.1232432655209663,514.4063752684777,0,3
0.6158013265018893,2272.676294098853,1,2
0.4590801714158158,2142.9177083619984,1,2
0.805781023036214,3004.1383721309858,1,2
0.000351689913659244,4.405224267222168,0,1
0.3090053831629334,2327.561950872926,1,2
0.0847422771815168,306.90557014250646,1,1
0.07497467819849864,322.9334302709607,1,2
1.103268025610639,2516.60551548555,1,2
0.0006420709115415964,7.262801477060082,0,2
0.35912922684325566,1950.020698200381,1,2
1.2544907215737553,2660.6167417409215,1,2
0.5000069822899775,2733.8851415191284,1,1
0.4804582900914385,905.9317403356889,0,3
0.0017427012984287166,36.06926182003557,0,2
0.6998111443365351,1717.7525005051814,1,1
0.039989432361165124,149.14103661357413,0,3
0.629639216944317,2465.12325250499,1,2
0.6516426995651234,2343.8144764705344,0,3
0.0019858870139972833,34.1813798192364,0,2
0.19532943939667216,463.9811785298975,1,2
0.3800492401896235,1545.1085825239363,1,2
0.02637373944457934,93.85369482261441,0,2
0.5035157283427281,1905.396113818104,1,2
0.0018901690162423197,27.17055573377613,0,2
0.0703784789792278,319.02365365450635,1,2
0.5824799828343421,1530.5314980546698,1,2
0.2675083698769685,1545.0319814990594,1,2
0.4845332112328842,1030.9418849062458,1,2
0.0026879581570350675,29.877799557941426,0,2
0.49511248851354783,1175.0505861807624,1,2
1.3288244183055526,3686.4032649120427,1,2
0.49430422898793785,1143.887395547496,1,2
0.5176374671551968,1737.7472955683763,1,2
0.0006771236055155846,52.453685188854685,0,2
0.09917148207369945,204.34935361767376,1,2
0.2894365700076319,855.2646946439238,1,2
0.14406047599275135,674.002580980661,1,2
0.5947093506848233,2408.169449434736,0,3
0.0011876249729019493,35.72696391427983,0,2
0.7356418425197476,1939.3351528580372,0,3
0.45276807023234095,1939.4862282969195,1,2
0.4343718550266109,919.9502917857506,1,2
0.9883875205514332,2867.2148110017247,1,2
0.0061194961005882256,63.60114038632922,0,3
0.22983162958523345,848.6524043313358,1,2
0.8645610095874398,2547.9528490848274,1,2
0.6896156780414832,2951.595999316793,1,1
0.07062849731186559,557.9773330398427,0,3
0.0008211850569959717,45.029403865347,0,2
1.3127212559242394,3872.715792767665,0,3
1.4848261874367776,3285.5347294042044,1,2
0.14460477464469113,785.5920273623783,1,2
0.5077541359648888,1797.0705651558646,1,2
0.001901807668834681,43.14868810506948,0,3
0.44150694876738256,2549.418777691454,1,2
0.2864753783348039,1434.6423895968471,0,3
0.9573368742757533,2816.3263510237794,1,2
0.17246657300820772,1096.819695234665,1,2
0.0009899647496417238,11.82925444901618,0,2
0.10789616600156034,319.64499007770894,1,2
0.01453730452876034,59.93085424148049,0,2
0.44344458530618136,1089.456162584534,1,2
0.2542282750644117,2346.407614299315,0,3
0.0015386888510845438,33.55612863335775,0,2
0.040165713788842254,84.66476177250046,0,2
0.7318333877270906,2363.9943833191383,0,3
0.3646641406429649,1011.2919046258085,1,2
0.6667477483833488,2719.9998021476963,0,3
0.0006857398722961908,30.652600786246957,0,2
0.1387282841114205,545.0390582256156,0,3
0.12671959365691202,738.4621600571242,1,2
0.12644986647797177,468.79889875635865,1,1
0.9233775423842298,4910.688556112158,0,3
0.0004930541112582241,11.686042665885227,0,2
0.6013741234638977,2986.5608014961967,0,3
0.874051742120812,2435.836728745247,1,2
0.2863872123860048,1726.1600340985722,0,3
0.2927277199355341,2044.2760745142782,0,3
0.001447878782259294,73.24416155740086,0,3
0.09722904103350796,528.513885835867,1,1
1.3468614257357059,3733.6818346840078,1,2
0.362887035559938,1993.2495885850028,0,3
0.6929091448824108,3948.736691120028,1,2
0.001257307863322646,45.7774224142163,0,2
0.2572731477511262,1135.437098861478,1,2
0.12027701506849994,439.3958040685474,0,3
0.3823037570449765,1680.8074702548524,1,2
0.1608646650494869,796.8985310295328,1,2
0.0007533354361605243,22.662362746793946,0,2
0.5940122933565429,1946.5098818488675,0,3
1.001467884453591,2216.480671088963,1,2
0.7100150498732695,2299.4339405074493,1,2
0.24849337151157436,2188.93519410233,1,2
0.0007650146757868249,7.950949717517268,0,2
0.7865812532214326,2770.1941033036874,1,2
0.14460950551876348,950.9023424274166,0,3
0.7034924712002482,1434.7449525703337,1,2
0.682445852771814,3487.516189086435,0,3
0.002412053851693589,132.2641542336409,0,3
0.899277257356203,1929.9065815792496,0,3
0.5799949983942357,1673.6644058309537,0,3
0.7075683168441944,1738.2219291576205,1,2
0.61277641843357,2688.005100092654,1,2
0.0016385846788956949,83.98889697909678,0,3
0.28133439249467823,910.9564665090962,1,1
0.0908776846265397,901.5625591427697,0,3
0.19483486630304644,1062.2252785368837,0,3
0.5509503910222894,2004.8442300256556,1,2
0.0011187772108850115,14.856178701481264,0,2
0.6864429950747648,2546.4705179546813,1,2
0.30142854545504577,1957.2536992567302,1,2
0.7163195625866726,2654.851148477731,1,2
0.6686545613012191,2938.6621533776065,1,2
0.003418845914752839,40.50901833851073,0,3
0.28852902664843183,818.1517695327225,0,3
0.6737627998229077,1794.4928041510027,0,3
0.08162765191407415,224.7708995173613,0,3
0.32373735478737337,2324.5113890129683,1,2
0.00010971906816021204,4.361757183113236,0,1
0.282335258548888,1550.9734368193308,0,3
0.35084826527848106,1926.0394135803103,1,2
0.5506058509568774,1302.7205350092315,1,2
1.0221344723620274,3469.6654623481986,1,2
0.0002910622624852006,6.898565370748451,0,2
0.60690493717847,1265.8180483857218,1,2
0.29490165203470775,1087.6024303884728,1,2
1.09600786392144,3545.888889925075,1,2
0.3486057971126123,1440.2952236592923,1,2
0.002238432843926021,29.724021920614373,0,2
0.14301660392345306,788.2892419667307,1,2
0.2479798975058984,1116.6177098043938,1,2
0.3332306933089695,1999.802817601969,1,2
0.18216875644229466,879.2938294840627,1,2
0.003044237371294062,136.07753699429898,0,3
0.018403964464166717,66.04743843909853,0,2
0.09998478607352877,260.73199988461477,0,3
0.7614401389230999,2189.1128349734963,0,3
1.2950511819896016,2188.1358437315225,1,2
0.0007733539751553137,39.63978681374528,0,2
0.30758520617635027,658.1213114517113,1,2
0.9698052651666824,2386.063321352921,1,2
0.17459982644909086,950.4029249997926,1,2
0.40734052325757136,6969.636445138529,1,2
0.0004162636384313888,4.777245627269826,0,1
0.3532300834000341,1937.5577209282092,1,2
0.8428405922147758,3709.9361765148983,1,2
0.08105976894959065,313.7933565788008,0,3
0.1537635690221583,636.4581523478154,1,2
0.0013249464847334162,67.02535845666218,0,3
0.49808098697387915,1311.9592086598964,1,2
0.2352341904341416,1411.903823891495,1,2
0.21996874329732163,593.9612426353732,0,3
0.1223381478914752,771.6725630406543,0,3
0.008559132802438005,98.22880496540964,0,3
0.3142823011052009,879.3440763233517,1,2
0.22519415658294534,818.8385200186185,0,3
0.14033194682393552,572.3638136504765,1,2
0.17370171489544353,1394.2952769817362,1,2
0.00031448674572678696,11.741195734334918,0,2
0.0563362559267412,263.87790829266766,1,1
0.6714504503053358,2476.672270116611,1,2
0.5511947368329345,2031.4324400340577,1,2
0.18004448721730867,1342.0749153445677,0,3
0.0017638479867006715,36.50694178079278,0,2
0.43743012227061395,1084.5906992314322,1,2
1.4224876988751618,3015.7104796769268,1,2
0.36064240088424165,2162.3769636298225,1,1
0.16921197811980393,1433.9023883149084,0,3
0.0011602818614646203,50.08894416929519,0,3
0.45563625789573775,1688.061434692967,1,1
0.8030432739755803,1688.4708300337984,1,1
0.503737225216477,1403.9706936827567,1,2
0.2757301680462214,1183.539130339573,1,2
0.004123253840742698,81.25994969070878,0,3
0.25350017336012304,935.9669153724423,1,2
0.4265248766758683,1547.6685787158465,1,2
0.5440310065063299,2455.779453313951,1,2
0.27001987250621334,765.3902450900162,1,2
9.807041785775266e-05,1.9327447518565393,0,1
0.5789655684838196,2117.130088329736,0,3
0.10123629969374291,559.280357095698,1,2
0.6886478196347159,2540.424020622044,0,3
0.21435307097672507,3055.166053325072,1,2
0.005099002025212343,56.29865024292268,0,3
0.5530007389356794,1776.830249123777,1,2
0.4709069590848404,1940.8051980238572,1,2
0.09221534707396935,598.2984383343542,1,2
0.058012655055418604,509.50810406932,0,3
0.0004239396476794965,4.680764947886427,0,1
0.1188326812126287,540.2110206804758,1,2
0.8980989562472881,1866.1632675952883,1,2
0.5168349776358895,1438.7251106752938,1,2
0.41758131725184955,4134.440194770475,1,1
0.0009850548342228117,42.52445740451252,0,2
0.4799387391065989,1835.0210750135475,1,2
0.4693099694953854,1253.6671943440563,0,3
0.20927911624372095,921.1037517873062,1,2
0.3627118300951064,2712.3051536213497,1,2
0.0024045166956672675,28.490494555406805,0,2
0.252228527520108,1463.806857273122,1,2
0.24647748021247318,1854.655276280514,1,2
0.3833775242780927,1725.489611018901,1,2
0.017052093432713515,107.77086580663506,0,3
0.0016398271944994742,20.540272184942875,0,2
0.025549367009211427,133.61083695567694,1,2
1.2158910422209404,2988.885480804135,1,2
0.16801055476163637,1009.9461320739769,1,2
0.5655211988554288,5547.761137700463,1,2
0.0011612812445532398,20.627884266722845,0,2
0.7209534007648449,3252.282207832326,1,2
0.6134798332944679,2225.9124956704914,1,2
0.09436351892017565,710.7363521410481,1,2
0.627086178665178,2849.702837196137,1,1
0.0010286093317991149,32.19268087131168,0,2
0.38888121379731516,1755.9632402736154,1,2
0.0544701555742387,355.09275145569507,1,2
0.422955921221094,1972.7577480230252,1,2
0.14187956607783392,423.80305135418666,1,1
0.0048322447824857935,109.63517835354445,0,3
0.33066471664649655,867.8272993113331,1,1
0.623774815762197,2770.697639759104,0,3
0.5853218001873793,2889.6632557718094,0,3
0.05439007339233913,404.7178370072949,0,3
0.0005468109862913642,21.05313320357264,0,2
0.24986110803096007,1135.553205138169,1,2
0.2087636705408113,1359.3222594354581,1,2
0.3501632796010606,832.62486233444,1,2
0.13920017455435965,1172.000290557628,0,3
0.0027396050313528877,39.38091808365796,0,3
0.1091378932630966,825.0444342933688,1,2
0.2670362621314514,989.7395317851715,1,2
0.2971598799089635,657.2693891157849,1,2
0.2536079275402203,1461.901068470985,0,3
