energy,time_ms,violated,priority
0.35029906315647896,1349.3357757459698,0,3
0.15585200234399635,1368.8049685229503,0,3
0.11941785236058892,351.2167937152472,1,2
0.20470491311995143,1789.7718250305056,1,2
0.3404074761674288,1906.3772239783625,0,3
0.29820377387061764,851.6093466976317,1,2
0.4220590203837922,1735.9102509102288,1,2
0.5120617974314802,2792.8608676318295,0,3
0.05900501431136617,170.84326197806982,1,2
0.1566426916667489,1340.1925529781915,0,3
0.22511026796294403,2072.6913023065963,0,3
0.14980789612130124,302.55815691242697,1,2
0.22859260557523606,736.9689401375991,1,2
0.32199256378475505,1152.260163450382,0,3
0.36673281922158346,3359.855423019011,1,2
0.3965050631822842,1640.138164383938,1,2
0.7006746160872149,1995.767866698979,1,2
0.699056800790391,1657.2852510462187,1,2
0.5050097314413167,1483.5611437278758,0,3
0.08207220537677366,172.9638584702976,1,2
0.32624874163571044,1771.3720584815835,1,2
0.25771286319705605,1402.837203092043,1,2
0.20376087185399405,1867.568232802848,1,2
0.6532842878873404,1320.1973569987022,0,3
0.6511205714224274,2309.5372807004883,0,3
0.4453992825206621,1653.0296279405084,1,2
0.5174978433971873,1506.8051952574363,1,2
0.222963492782592,1896.100016471101,0,3
0.28412982398691267,1168.8874256553609,1,2
0.1511301633754332,1480.6372033189464,1,2
0.8147085273024505,1912.1727327004755,1,2
0.615865941316921,1757.6259469966435,0,3
0.4088408591523435,1398.3423630793986,0,3
0.963270700781616,2898.7188958144625,1,2
0.8355735380558442,2461.7374738669982,0,3
0.30965828235800696,3031.1194079222437,1,2
0.3604745983769381,1720.9938023902048,0,3
0.11239942265041818,623.3426220786698,0,3
0.2593288314583611,998.0767533528438,1,2
0.385086739716567,2832.505788920706,1,2
0.6355211997886784,2243.3906710170672,0,3
0.34074733900423804,1399.9851678838106,1,2
0.20856780578798884,686.2762719064049,0,3
0.25699138236044233,836.6361788682698,0,3
0.32959318173062685,2423.483585350694,1,2
0.06492740442085014,189.920231429086,0,3
0.690551177735357,1443.846188200341,0,3
0.32894853905445054,722.0876455882934,1,2
0.028337244898326893,116.16439660272223,0,3
0.5150813272590112,1053.046825978552,1,2
0.07581486221260213,425.12544454428223,0,3
0.1095896083234413,221.63524370421146,1,2
0.03416937606558906,252.64524795828376,1,2
0.4361331897549248,1410.2860951381663,1,2
0.5960622239495817,1416.8212242097316,1,2
0.034112327326368444,128.91461008944316,0,3
0.5335063448154896,1105.4794042830586,1,1
0.36617609666797574,802.8748447374587,1,1
0.6403187594079445,2268.3003719728245,1,2
0.9928344779127019,3203.933850981901,1,2
0.08091584609202904,608.475723702509,0,3
0.1200527251707995,894.6986355226951,0,3
0.06134402837581173,146.6811101446497,1,2
0.33054391365956376,972.0639518937779,1,2
1.0139971716643168,2378.651662708066,1,2
0.23199132244194934,2269.61062905248,1,2
0.45970672960537673,1896.0677901515726,0,3
0.2348347944613287,1259.064781455176,0,3
0.2201177537953222,650.1857722055147,0,3
0.10430539302952495,503.17452553417553,0,3
1.2678023641471403,3117.4019803708293,0,3
0.218883766075681,1910.8977177296515,1,2
0.07945730691643617,161.9503595509452,1,2
0.6347478157021447,1809.7750865444848,0,3
0.13775734160276454,1204.1621708960442,1,2
1.105583721628504,2423.9998228873715,1,2
0.019945008655240938,149.7095798807358,1,2
0.7133136653348585,1937.5855860285778,1,2
1.0556526513925333,3007.44556614119,0,3
0.895453307757867,2692.4041092909083,1,2
0.36563086628301655,739.940684477879,1,2
1.1603454712138221,2850.480292492009,1,2
0.9150758989764761,2753.6084006761507,1,2
0.11335892983478763,610.4138348335824,0,3
0.13963675767562195,341.31767211736275,0,3
0.09015223156045556,215.18052281434478,1,2
0.14702832422418433,522.1558139488525,1,2
0.26338589476442414,848.5455707469823,1,2
0.4209718800109294,1755.8556905492126,0,3
0.028787533018526483,247.70421420506895,1,2
0.47103682632724564,1599.7883180077029,1,2
0.25878089641590163,2199.600832373136,1,2
1.2915752744192828,3170.6093040554524,1,2
0.459949481232703,1627.0120611718985,1,1
0.2756458901108803,1481.0669402475753,0,3
0.12938587592031014,1194.9706117724154,0,3
0.2062541996507955,498.0536345252296,0,3
0.41877134553509354,1997.4260454189691,0,3
0.3016866619609307,2561.015632311411,1,2
0.664793837652444,1943.769864235016,0,3
0.10703738275430816,786.0968424306864,1,2
0.15386850029437518,1344.5178108264192,1,2
0.37648061384567905,758.2453542970627,1,2
0.33503559550055956,1088.0276786355041,0,3
0.7581038499819744,1572.6797501591652,1,2
0.6282282309251424,2132.55387648825,1,2
0.2496970375420526,810.4023453601013,1,2
0.0620887361299479,138.5454769206068,1,2
0.38558380800438596,791.1101953636074,1,2
1.0692223108398493,3452.3588532278986,0,3
0.6588961775975264,1918.8239694429963,1,2
0.1932863325097747,1420.8695555995873,0,3
0.40548766990465995,2982.0052939842512,1,2
0.6950469375067826,2854.6592625167705,1,2
0.8806101487652663,2840.637477746615,1,2
0.6962271550619583,2203.0598297012875,1,2
0.1387350644583075,406.45285590539845,1,2
0.4722924196351681,1510.2934949414182,0,3
0.20573010537132858,854.8337070614983,1,2
0.7053797585470482,1547.5270264181172,1,2
0.27691794212937215,1140.9167912955006,1,2
1.17427629665369,2368.6962929492615,0,3
0.4531000318024217,2461.6516428426894,1,2
0.36090603410575905,1718.1936392591865,1,2
0.4052009937901057,2986.0998259537782,0,3
0.28043415304374114,614.975648765383,1,2
0.3596577182057212,1275.28200780195,1,2
0.14668326916149405,608.0114376000666,1,2
0.10593492220570577,586.7100949023753,0,3
0.8124321492744769,1902.9812261729744,1,1
0.9367789180928794,2976.2497154722028,0,3
0.3778042368232816,885.8736797316991,1,2
0.043246719314675004,91.07223670897753,0,2
0.4898769403000435,2040.3687884828296,0,3
0.2886219913286064,1645.9560651201784,1,2
0.4349542541874817,1613.8272841893113,1,2
0.0843377926092307,826.5710776405308,1,2
0.09653943105499169,818.9102902597867,1,1
0.06971627748420806,287.734017990986,1,2
0.17341340630577318,645.7229987142726,1,2
0.17997250710799523,516.0900534886034,1,2
0.5646225714489693,1246.5741522802857,0,3
0.13185333512003258,971.7442600880722,0,3
0.017055566547097212,150.6949401738213,1,2
0.9647875213760448,2832.027607147608,1,2
0.31766973288551076,2909.4129389763802,1,2
0.3474441099895606,2554.929969337061,1,2
0.1942913799830752,753.564041639704,0,3
0.09113711224142708,263.369154863882,1,2
0.2325320015476126,478.0382034202357,1,2
0.17648958961407027,654.9229873537306,1,2
0.3406617695992836,1398.332094905725,1,2
1.0142340982267946,2235.2404197972073,0,3
0.7326119376179734,2808.6934215509705,1,2
0.4565529226366346,1612.5326569169692,0,3
0.652781147990312,1534.037718860996,0,3
0.5521958357490031,1955.0369398500368,1,2
0.36369769682627456,1000.8277838342354,0,3
0.26184260835178036,758.1140467840418,0,3
0.31679907902905313,3101.425069054474,1,2
0.0941045531360989,688.9145167544923,1,2
0.4832167167476973,1455.2892735208109,1,2
0.6778189870143639,2782.6910290063533,1,2
0.03181763735503464,103.44801130227832,1,2
0.16504506807120256,505.623068431024,0,3
0.1423118608732139,512.5566448961155,0,3
0.5897153216104928,2419.356895973424,1,2
0.267061500400456,1964.7784631291356,1,2
0.3029703628903575,1614.508616031009,1,2
0.26872443704725196,864.8804554617398,1,2
0.6986464491211707,1436.6190863736451,0,3
0.14501424244628736,1063.6732858382832,1,2
0.5689661419299255,1628.325109799415,1,2
0.4092663685962874,902.5222762270696,0,3
0.23270811953335302,1106.8523194367654,1,2
0.2306261789123105,1687.6837984447147,1,2
1.0250610608497637,2055.2505189686626,1,2
0.6284901461153599,1299.3048142700802,0,3
1.1297896312041273,2342.2270641279943,1,2
0.14841660672519186,848.6380035493819,1,2
0.4803433979551986,1306.855904035268,1,2
0.7443082019179259,1641.062533405435,0,3
0.5971129446560767,2118.6496627039764,0,3
0.2803725270995707,856.4419583423816,0,3
0.6703264184637355,2388.40544963551,0,3
0.10670132011414975,581.6067283317399,1,2
0.13624209334983828,1175.533898984821,1,2
0.310096253046207,2643.3780023035606,0,3
0.24295483455847774,1009.5280495926821,1,2
0.4617760540711303,1716.3228564345955,1,2
0.40325495987579535,1441.4772961638512,0,3
0.348865307919041,1021.5785307342753,0,3
0.19452964131417552,691.3799918093445,1,2
0.3464191297026416,2988.656323607672,1,2
0.2427296992522302,2059.4224885314948,1,2
0.09674353183191281,847.9557497790202,1,2
0.03513837688541171,116.99682387156699,1,2
0.017950187547520376,61.77004306570402,0,3
0.09377433843141487,401.35584679485663,0,3
0.0580465357111316,212.66963217910077,0,3
0.7882086096497593,2291.683694543834,1,2
0.6061674911800663,1649.4226478375404,1,2
0.6402445496308703,1834.2703637435518,0,3
0.5659325331841275,2171.5673814874085,1,2
0.11210752043661135,466.0178058307561,1,2
0.5627172461284823,1660.677120758066,1,2
0.5946764263626872,1312.5937091396163,0,3
0.5522958425434172,1132.3571809912607,1,2
0.5439387703097777,1343.2554967901608,0,3
0.23074105081212753,822.5836411504151,0,3
1.013283015938926,2035.102837254619,0,3
0.4544073870915807,1461.5245083470927,1,2
0.048620061953130206,359.04880950492645,1,2
0.7348608850383803,1725.9312648644616,1,2
0.033674983237121696,95.93622906010201,0,3
0.1245255874289619,358.9524963482247,1,2
0.299432025377353,2591.066972532774,0,3
0.1810480591174131,1580.5799170476355,1,2
0.5351975707030587,1729.2684084166817,0,3
0.18107046667600352,519.4830871126838,1,2
0.274033920179452,2680.7713392530472,1,2
0.9545796057638201,2775.1688047964676,1,2
0.17107541797054093,1452.2573028803604,1,2
0.6322466793641442,1499.7349067770808,1,2
0.141800018334378,1388.4046965999662,1,2
1.276768167632212,2799.8807695489804,1,2
0.08794899551867139,276.0885842811781,0,3
0.19193525171542952,1655.5419002715018,1,2
0.10400183298697921,343.8990979609129,0,3
0.35974647199380483,1061.3821655565393,1,2
0.2947387551715847,2165.5296502063075,1,2
0.11831942176480183,1091.3009544294703,0,3
0.32681332185115836,1034.9211374956374,1,2
0.26659963753340066,763.7956068622957,1,2
0.7297448736791485,2489.0826351172836,0,3
0.4441904141002806,1837.3878858538521,1,2
0.9752667742742694,2287.444107096104,1,1
0.4077074926792473,1313.506898424666,1,2
0.38766174443494433,1260.0619216754983,0,3
0.13761461308614772,1010.4883147659696,0,3
0.3326063523116883,1780.6595877325294,0,3
0.022275686277598357,130.5181471227143,0,3
0.13305461585447106,1218.6151274861936,1,2
0.26182346905070053,2399.856575552675,1,2
0.5483261128959803,2099.780175953754,1,1
0.39968066859571694,983.7891337378818,1,2
0.3886090323926467,2211.3665842322857,1,2
0.09052981297104602,350.67506788634637,1,2
0.4308090238026627,956.2519377873194,0,3
0.05274488119414888,284.12199881877604,1,2
0.05023766737619841,373.9060643818765,0,3
0.34885934353412823,714.7050355823833,1,2
0.13043243307591962,462.70499502351623,1,2
0.16865243864758442,608.0276719895445,0,3
0.4391659068340869,1413.2969555172974,1,2
0.0830913593230991,312.4887687272196,0,3
0.4182249612262054,838.8777763783479,1,2
0.6925580523150466,2042.6432385351031,1,2
0.7449836805886076,2120.554454674416,1,2
0.6147081155900409,1992.0919562099928,0,3
0.08977133456423296,182.1439568772597,1,2
0.5395136513390093,1591.770206203895,1,2
0.6508609539429748,3093.830948418468,1,2
0.023262086823874206,204.54378640388256,1,2
0.7079208190243449,2079.7045023878577,1,2
0.16663245302723761,376.135410536591,0,3
0.22181530732902677,1937.8908469279863,1,2
0.5844931933589157,1282.5406289100356,1,2
0.936769274545424,2309.0603786109114,0,3
0.6696375515146614,2167.027748510761,1,2
0.14150137331748294,546.443916522551,1,2
0.13527834963675966,441.55429181660855,0,3
0.551741938654691,1954.8576286557634,0,3
0.17949866121126676,361.69316283005395,1,2
0.09490327087744939,880.033108969241,0,3
0.17449426962997236,1508.187173810304,1,2
0.3307476185785564,1798.8180728929326,1,2
0.20495695776956518,605.2866627252866,0,3
0.26075814324648355,1080.023032784144,1,2
0.5432489048251065,1492.4339198415455,0,3
0.6178384968419017,1240.7790931138325,1,2
0.12890274006152902,479.5592349222143,1,2
0.3250578759757373,2979.919949594321,1,2
0.357929975670206,2039.5071880840585,1,2
0.26057259772874314,1078.7236928607515,1,2
0.725045618431289,1983.2624467474914,0,3
0.2915984839961678,857.3930684168971,1,2
0.6103537132941722,1225.9838953838655,1,2
0.2344911959566794,2029.952733817736,0,3
0.9668506791087571,2851.466472749304,0,3
0.028869467172753106,61.04682458429502,0,2
0.4140893836565871,1459.2014389417589,1,2
0.2360209161759705,768.9562744952477,0,3
0.15518177033825348,827.1679031814797,1,2
0.21528417258000043,684.0849837526881,1,2
0.5776460208066042,2383.566522882053,0,3
1.0294987367022574,3327.3270765323555,1,2
0.4608130373530719,2500.160541754814,1,2
0.056375388366637656,522.1398893782819,0,3
0.7915889026757843,2151.0741431504775,1,2
0.9241332631777681,2924.282583455445,1,2
0.9369963391142401,2727.0308179424883,1,2
0.40235613743017923,1367.1081671428308,1,2
0.760720943762319,1577.6601118047151,1,2
0.02030227320825918,43.16882109608108,0,2
0.31188591946984984,658.3884894960262,0,3
0.08252783994136298,467.2263442964143,0,3
0.2917007890941428,1207.5334602772093,1,2
0.2544391864742174,724.9253823541319,1,2
0.6500889935095229,2106.139317237362,0,3
0.3489583148035145,715.8591732837074,1,2
0.8252815043038663,1810.6995775419382,1,2
0.9136258500334743,2895.1232915831065,0,3
0.11038869749020389,944.9584785520947,0,3
0.6233408903866444,1291.9735293775668,1,2
0.813501932683864,2387.0754527117488,1,2
0.18264136322122138,546.691679668379,0,3
0.06168792197752557,257.16108611277105,1,2
0.3107747504359125,2635.431786167964,1,1
0.30500642411725165,1743.0309194313743,0,3
0.04149872725988653,183.05741231667213,0,3
0.4469138991255652,1657.2943990340623,1,2
0.23903894176929358,768.9478975953374,1,2
0.21174494777849934,1825.551253969433,1,1
0.2898935031875989,789.8922049174265,1,2
1.0828002279908193,2539.202164852223,1,2
0.4542391637530001,1598.7546857647865,1,1
0.1428336489457075,411.2958882749152,1,2
0.969321214275498,1950.4929658535716,1,1
0.5285367922546755,1172.9174814564174,0,3
0.0643524051380694,369.9199889848532,1,2
0.5129209036731782,2124.8027899058898,1,2
0.2762682734004597,893.9431289171629,0,3
0.018929687256570044,169.9107759455159,1,2
0.2858668952788897,1095.1423792060727,1,1
0.3324184530442684,1275.0479377095762,1,2
1.1104013077993546,2302.6572018520237,1,2
0.23577312880375362,1318.1550901290543,0,3
0.2135611426041317,1150.0066768798781,0,3
0.030081267852226305,275.4769824877386,0,3
0.5222380451589362,2834.456379173427,1,2
0.04067367698811153,346.5622042205009,1,2
0.16172521622686453,1425.7670572049865,0,3
0.052661040549905745,309.9041513011823,0,3
0.06413103737427761,368.5324050278773,0,3
0.39186968192323784,2884.0803825324256,0,3
0.1055005519946433,781.374408862183,0,3
0.7442020647568967,2116.548001723341,1,2
0.4618492509012179,2197.7961870210693,0,3
0.7254855693868996,2071.222179964711,0,3
0.34744089529076677,705.2328647908374,0,3
0.1512673656385576,1328.860038680132,0,3
0.451843584440624,1229.4362406646862,1,2
0.10884575552771908,256.739697375797,1,2
0.8183282788955965,1649.5979210950484,1,2
0.22682559153261064,1925.8595421310752,1,2
0.5515963355638843,2620.880392974775,1,2
0.15952457334615827,592.7698290616323,1,2
0.028778691451703642,96.21116502379016,0,2
0.6003828651264456,1764.8573242752373,1,2
0.23866052017269487,1279.5075690867632,0,3
0.662405602723971,1579.009362776304,0,3
0.4543919608687535,1322.0064034180243,1,2
1.1678100679853074,2560.294776565529,1,2
0.12377807762993702,1085.0223463930263,0,3
0.2931568113044126,1126.154679851184,1,2
0.08614288702514229,259.7867564200273,0,3
0.2972132273862318,1222.835889314934,1,2
1.1833787765206456,2905.6369689222415,1,2
0.1715658118187614,1498.7793338456404,1,2
0.8072287381646256,2427.0826815853043,1,2
0.1575944688076257,897.4705142108637,1,2
0.8061333626042453,2740.5318820956486,0,3
0.9727868300453905,2389.399995803371,1,2
0.23905315905844016,2190.3638497970555,1,2
0.2518933242064644,2465.646430128091,1,2
0.14220450999922832,757.8196682619732,1,2
0.23999277516905987,1770.2996970039885,0,3
0.2312651386013531,1972.609873371114,0,3
0.5626959083033302,1381.4276970972269,1,2
0.35450207950903145,1012.6221958432715,0,3
0.11533976334673354,428.73793917924297,1,2
0.15992172340745603,619.4958390001827,0,3
0.27909174383972385,1556.9702496471045,0,3
1.011012094852257,2483.0504933822203,1,2
1.0736224357004964,2526.169804057966,0,3
0.20728650214298572,1182.6924485044851,0,3
0.32613054969734345,2386.444107930589,1,2
1.1262207749741988,2637.552367866478,1,1
0.15897594944390367,1396.79599431274,0,3
0.3725891372707906,817.3819537322008,1,2
0.36554390162086126,1181.0176139148884,1,1
0.5803899143326705,2222.654253295642,1,1
0.5270236098886993,1079.1920724883357,1,2
0.36042527275208114,2056.8514466278984,0,3
0.6496534885977432,2298.445080209728,1,2
0.9284966352479882,2176.8123463927263,1,2
1.2957342155072877,3897.795177304969,1,2
0.18307681572964218,1600.3801393354724,1,2
0.11656829030267875,1005.382362784333,1,1
0.4390137245562479,911.9107569325058,1,2
0.16186476812389766,1375.7260051669853,1,2
0.6105411191057925,2525.6091022366336,1,2
0.7895220400577615,1943.4527235231085,0,3
0.3573251325845379,1903.474803020864,1,2
0.5963762446763611,1207.3469786029964,0,3
0.24740102429011074,2132.9374921136264,1,1
0.6322902715227025,1492.7687121746467,0,3
0.8876167770951214,2104.1385646525605,1,2
0.19616909987225103,695.7630620862402,1,2
0.6137259319368061,1229.8617878250484,1,2
0.35505712905563497,1015.6684721239282,1,2
0.43074635049481325,1172.4660159254174,1,2
0.07872281083879668,438.6936319965588,1,2
0.6907709099483463,2857.488247355065,1,2
0.7089232003577377,1563.7529431499856,0,3
0.04192296218117701,245.15452107352485,0,3
0.19171109445241044,1023.4923600191083,1,2
0.35696483642068855,1259.5251754570202,1,2
0.16742480636933674,1428.3001866962588,0,3
0.2060738452754712,451.964900149802,1,1
0.26199770898348684,1456.574824491068,1,2
1.0389580936599403,3125.9333876040773,1,2
0.5179996095832208,1073.7012732344674,1,2
0.8184632384090628,1947.8589307354418,0,3
0.1369507370440406,443.9886776445501,1,2
0.17123062960170754,815.1466056779384,1,2
0.36243848696095227,1502.5895024631477,0,3
0.19867379338173227,1819.3958042495956,1,2
1.0137831851825145,2380.262165168602,1,2
0.5785754238235339,1421.1657682939779,1,2
0.5191822911500162,1642.4090771683357,1,1
0.13296293959954578,381.1213258411283,1,2
1.0739233416471627,2150.094342583358,1,1
0.2638642042365804,2421.168396458015,0,3
0.3165495863658748,751.432892693275,1,2
0.23894348916791833,536.12850697836,0,3
0.28658112808110797,938.6155440170068,0,3
0.2530902810519825,815.1012676270299,1,2
0.504592400110986,1489.0867429347618,1,2
0.09600617235188234,336.8579419110451,0,3
0.2658640160709542,765.9508111866019,0,3
0.12438985093174595,1073.4721401073323,1,2
0.24317844177053605,1007.4645781245526,1,2
0.3419790554825794,696.5996595168849,0,3
0.5941604003059738,2822.63357526621,1,2
0.3193292429183754,1819.0709636699294,1,2
0.5753683032523251,1855.768032258827,1,2
0.2595825560302163,2545.1273441730814,0,3
0.5769478111370498,1864.4389679124288,0,3
0.5948356493898326,2279.536345216277,1,2
0.15115246302260707,1309.0556877873585,0,3
0.37110738529906867,1766.116141905043,0,3
0.07673092819571915,566.4889413021187,0,3
0.374105804261258,2128.4236260580797,1,2
0.06289166525906877,337.65739566857735,1,2
0.12635759466411944,269.46008762879615,0,3
0.22369910263145926,1642.517048746163,0,3
0.2638127820788119,851.7903985041247,1,2
0.713305904776639,1564.8402261244105,1,2
0.5048160121579072,1871.4933305569896,1,1
0.23091861932767777,2116.2553935937526,1,2
0.6650780220315983,1953.397768481445,1,2
1.3926327713622793,3054.1006915520616,1,2
1.0455940657551694,3371.947990428205,1,2
0.6502180278762353,1857.4435011203802,1,1
0.10913523868709557,625.245773713332,1,2
0.058003128062203965,173.1631474696721,1,2
0.6458266160514265,1756.375959018201,1,2
0.052928630261170395,106.56411659378654,1,1
0.7534516247905978,2889.8012561878204,0,3
1.1699903120849324,3326.9390645134763,1,2
0.7853462248597298,1853.950751656285,0,3
0.12083613357958278,431.6560304433851,1,2
0.23881672017370517,1297.467948303345,1,2
0.808824804886101,2613.2196211068012,0,3
0.024233272307356328,57.38147283996031,0,2
0.18306978349202152,886.9991925019316,0,3
0.36859645688336046,2723.7250198099723,0,3
0.1300049282737472,1286.1420195587436,0,3
0.44540093459590696,1830.6193934838607,1,2
0.20131280461737058,473.3450056901997,1,2
0.08665566804323933,207.78317350177664,1,2
0.10232230956025673,338.9484854654401,0,3
0.23482266797083273,472.6136837452443,1,2
0.48679191786926085,1574.9180683411284,0,3
0.33102143987528376,1001.8530708993907,0,3
0.8198718077861821,1799.2187381535991,1,2
0.270742703116871,877.4433179100607,1,2
0.17882207135981082,1312.2430167953903,1,2
0.67290112622954,2766.5318579630875,0,3
0.7625251295088413,2167.8752529498543,1,2
0.5949894918697695,1399.4229048971138,1,2
0.36046520118643477,1144.1717559778087,1,2
0.16070611386089478,519.8954025777144,1,2
0.05551024480670518,167.21869194117383,0,3
0.4285427820874431,1384.8827853071596,1,2
0.3243837260878213,1543.043709546975,1,2
0.0781674677318228,695.4792527260316,0,3
0.22605703077109118,801.7113005696089,1,2
0.11964999711636101,694.2399475381279,0,3
0.29335254965256563,1572.6425596505292,0,3
1.3081880774622832,3068.424773775893,1,2
1.0962911165359546,2570.3150313778187,1,2
0.06318071417126295,263.33983452608135,1,2
0.6423796167448442,1886.3009030795474,1,2
0.191806513027068,555.2041818545417,0,3
0.9489550346130667,2769.123191555289,0,3
0.08156707325181038,265.78860267732387,1,2
0.8241300829476425,1953.4853661283792,1,2
0.04923912978504511,419.7361887773692,1,2
0.18981284813559146,1610.980713184641,1,2
0.35366765821369545,1150.3737159203974,0,3
0.5400758851947672,1467.6847534162623,1,2
0.37859470700325787,1566.1599746748595,1,2
0.017503849225336317,100.48088642904233,1,2
0.35370961821432706,2604.473789722892,0,3
0.23814104367224245,1295.5203495514754,1,2
0.3174847677172924,661.0072039154829,1,2
0.6280766269804992,2210.1462855815894,1,1
0.4758003391613349,1140.0058004422046,0,3
0.7410437955565056,1537.7271839030082,1,2
1.032667730434389,2420.5167300160088,1,2
1.2111957808216207,2426.618156391273,1,2
0.10764037058778578,444.9057562340459,1,2
0.05087489298677514,141.3678172606719,1,2
0.8447373110166907,2682.5075387368024,0,3
0.5392360747832533,2067.292787136146,1,2
0.8588320093098658,2445.2389302986794,0,3
1.0142853311130706,2226.305796528486,1,2
0.774115288391262,2334.884219623886,0,3
0.8243573272203785,1711.3928222025002,1,2
0.36296979880099456,743.3880335825817,1,2
0.17467918997904147,511.8933589656637,1,2
0.14644363558998968,349.40044990065593,1,2
0.19471740607793162,631.509788899996,1,2
0.5301886638249036,1507.3272375509,1,2
0.14020462015872434,313.6509395732235,0,3
0.2560896596630463,745.8603349975591,1,2
0.3267955434577973,802.7131788365145,1,2
1.1184443620394486,3183.209565822445,0,3
0.8231965908560348,2605.5608758339004,1,2
0.6922299205527854,1883.575651084255,1,2
0.3015043156235307,1437.1222563990211,0,3
0.23921320854826997,2342.847697437435,1,2
0.31802518886411474,2742.381456926739,1,2
0.42591094645529937,1510.2073163147793,1,2
0.03515525656267377,127.43370357108824,1,2
0.12389742055713839,912.7161320364339,0,3
0.4930867359431578,1830.6793743650762,1,2
0.3689921820005888,1254.9378384977053,1,2
0.26794544712640544,1496.3083874532585,0,3
1.0696610105028947,3045.3105073128245,0,3
0.48308193968534385,1530.1139732766924,1,2
0.22008603194628334,1047.9939930356304,1,2
0.8970199905714166,2127.3842019431017,1,2
0.4015504074937062,829.8837222551612,0,3
0.24397811947703196,574.9932302368984,1,2
0.6636077985597881,1895.5913501790535,1,1
0.40916940503102134,899.2042428541159,1,2
0.43628378701974685,1188.1511194936456,1,2
0.17924453148880204,361.5083450223612,1,2
0.0580868323212299,278.4359391658232,1,2
0.6898544402703151,1514.677129400523,1,2
0.02987721939026123,294.14632018848874,1,2
0.40943639235244766,1204.3071696708298,1,2
0.2593892367933805,1914.185895627042,0,3
0.14816118257633365,804.8291244855801,1,2
0.42071751398633406,2348.2340381302206,0,3
0.3419464128037251,931.6147882951308,1,2
0.41210846206126284,978.3544550295777,1,2
1.1173236249144791,2632.1031733089326,0,3
0.961986855230381,1929.107643319824,1,2
0.8537187539930355,2758.9845377491524,1,2
0.7161452298056878,2319.5703048979594,0,3
0.041874759932906166,120.81163270391204,1,2
0.3810329865345959,2799.5436841304127,1,2
0.10244602087563982,901.1355652621509,0,3
0.5449583453342797,1549.20815952305,1,2
0.1799519984507834,424.77569284015664,1,2
0.49226606601703266,1209.7865020703453,1,2
0.3428464654091911,2519.7267988063136,0,3
0.7772398073397121,2349.8976557001592,0,3
0.7796000532139156,2298.806574709078,1,2
0.3646664462797139,1507.8460193702545,1,1
0.2166954571788258,805.5109672382379,1,2
0.42970834379028167,2394.7733644780988,0,3
0.5211076879408583,1535.5223440265745,1,2
0.9461047789841742,2779.1308714778447,1,2
0.8709243533103832,2955.0924951519673,1,1
0.14526625989166905,417.22633824112773,1,2
0.4556477965051593,1001.3460796797333,1,2
0.3840048510507518,1215.9467751971392,1,2
0.4813753915326988,1064.2458385424893,0,3
0.43983521749049154,1044.2811777321476,1,2
0.369838625035065,2066.781341146953,0,3
0.8165503340701664,2384.6045616330666,0,3
0.020473438270058444,180.81648364951118,1,2
0.46658280299123983,1645.1374095575609,1,2
0.31700235465674165,1807.2450674244096,0,3
0.0380607544337675,122.86173289772509,1,1
0.96150212052858,1936.3973882033633,1,2
0.06344189254543499,629.9007274414491,0,3
0.5482290815598342,1861.8212987753516,1,2
0.2692041994860538,1977.216231556285,1,1
0.2413920015085508,2212.346055185338,1,2
0.4823768256404909,972.9297536011106,1,2
0.11607041468397172,277.1993545360161,1,2
0.5229878714460321,1788.318180095285,0,3
0.7230809727777503,1477.8968696091597,1,2
0.36105017412055695,3115.2333297837454,1,2
1.1665684945664807,3760.9596311245077,1,2
0.09865247927627549,268.7702908294647,1,2
0.04122737431751443,223.37673582845846,1,2
0.35953126739172436,725.772468129721,1,2
0.20046871390915078,1963.8686665853284,1,2
0.15292461749731875,853.7973316999401,1,2
1.2621664020518906,3803.905391090173,0,3
0.21109223623513743,876.2679889265265,1,2
0.7284850234754618,2121.264228319808,1,2
0.4609083803593176,2624.372275435545,1,2
1.0153682820355836,2392.332240725073,0,3
0.2829234851585917,590.2099601110837,1,2
0.547020506167506,1493.5028418385043,0,3
0.18266356878686743,630.9765700016598,0,3
0.6466556880141908,2052.1323697830667,0,3
0.5793581884400695,1874.5121499829625,1,2
0.21937289880538338,1893.5780927440626,1,2
0.45817417568097035,2495.739466369714,0,3
0.3432551785598532,1629.5779967352694,1,1
0.1933713683418843,794.8422848500119,1,2
0.36154751911726446,3120.997999841669,1,2
0.6988623126944555,2891.274287031678,1,2
0.962230039813714,3044.7692957211098,1,2
0.5580259587888077,1625.5907175306852,1,2
0.5024218730629029,1435.8034098402738,1,2
0.30920583501720716,734.2059652755626,1,2
0.5947205399776104,1191.377946122964,1,2
0.2945611356839341,1049.788329245176,0,3
0.2910811240029855,1658.2810698856915,1,2
0.2801943095739935,828.4529101177424,1,2
0.06412258061038259,358.040337143881,1,2
0.050231255371365253,140.07734745901186,1,2
0.3348603330861221,1074.2120557117826,0,3
0.10752499537535713,349.8652317706607,1,2
0.686886688220796,1955.25859309441,1,2
0.32959383895160416,1222.8523324250575,1,2
0.36056482288402963,1159.1647409342477,1,1
0.5232891683704042,1490.4008011780686,1,2
0.7534832219195857,1517.3632340926258,1,2
0.39221153777789974,2129.9806075912456,1,2
0.18406561929918733,1686.0045196292433,1,2
0.2983912316825793,709.2706987804293,1,2
0.18279810221020865,1344.4718407634045,1,2
0.5715535811898411,1633.8851711759175,1,2
0.7523782683469821,2220.458722986906,1,2
0.23691682819984192,1742.982364806671,1,2
0.39322049935788167,966.2264445815421,1,2
1.1807612730198591,3804.744559794484,1,1
0.2763735443537462,2394.218625008259,0,3
0.19590156799501518,1926.6164754386198,0,3
0.2671822401188878,1955.1816222201344,1,2
0.5261991842350063,1438.9896022489372,0,3
0.013002200610439482,113.48512633502024,1,2
0.6103147821555539,1792.7434197204407,1,2
0.40284905267277477,1925.2559799490484,0,3
0.04048199497191637,359.9223796866838,0,3
0.7277040491333535,2068.844521864552,1,2
0.13480319324099962,762.6609903431249,0,3
0.8745743467430418,1761.5715575880051,1,2
0.34268247006433167,2518.139528025728,0,3
1.2361412102371256,3988.4050483583187,0,3
0.7121426077140102,2098.4394766523023,1,2
0.6110567589142155,1839.6117452203264,1,2
0.07389035028124886,678.8639798630641,1,2
0.053063507793203325,167.25081670732195,0,3
0.4007621510205543,1188.1922229288803,0,3
0.05019461573759997,474.8048132971253,0,3
0.3972418238917381,1165.4989892920341,0,3
0.6905022994559271,1973.5442036092359,1,2
0.44830644751425147,1588.0824095615974,1,2
0.22390927179128708,641.774785829457,1,2
0.03908963375652511,115.94229280323715,1,2
0.2219644666250019,451.05535832101316,0,3
0.1817057071654468,1338.4019190717243,0,3
0.4555372023002916,1093.2373120940797,0,3
0.21473630539274657,639.960058322487,0,3
0.017761331027309306,175.31377579038846,1,2
0.6312272194005677,1838.7184372328807,1,2
0.506098896586755,2102.469140513019,0,3
0.1824884110015196,521.4992508641875,1,2
0.29257294206006923,2153.771157170106,0,3
0.11886696375143949,645.8712192492089,0,3
0.2246215485815092,532.6908463964792,0,3
0.41124339453268344,1954.361649636726,1,2
0.18602133330087597,457.30350816921737,1,2
0.4454317558172847,2420.3973034288897,1,2
0.28092186917917455,1079.4482420245317,1,2
0.4233308616536686,2009.6873992215549,1,1
0.13810371666387597,1355.74583926392,0,3
0.9273283855746736,2721.5669009147837,1,2
0.1173459611241558,354.00189632353363,1,2
0.3871496237291991,2847.217210544898,1,2
0.8392465499847199,2709.2965004868206,0,3
0.5885540437108449,1865.30353296785,1,2
0.4188885739220037,1425.3373555797668,1,2
0.39740074986833085,2268.3110073335347,0,3
0.9084081977413646,2930.5684987464383,1,2
0.684725749786362,2326.0993916286407,1,2
0.23550331614750172,915.6647374785886,0,3
1.0968257661549734,2405.8697775597716,1,2
0.11046601585524374,246.3708972878829,1,2
0.26667252795270413,593.0403473827496,0,3
0.030140238473899836,100.53005257327075,1,2
1.0029320460055426,2917.981038810407,1,2
0.20489128016234434,437.4326252257068,0,3
0.25004779723158993,2447.3732156742,1,2
0.6200233404163712,1249.0297244732396,0,3
0.11282216568961259,248.17917689072388,1,2
0.057018406039022036,166.3031913671357,0,3
0.10530769387060679,563.2149953921767,1,2
0.321667550170465,2946.0245888073864,1,2
0.997174632798014,3003.5461152600774,0,3
1.0819609564770936,3486.452526077001,1,1
0.3534492129984012,2014.4558885301592,0,3
0.49823205963711137,1428.5411378247895,0,3
0.6931905238223975,2869.5076120095728,1,2
0.6060414589089723,1825.7487033799898,0,3
0.1685364186823955,552.398239901718,0,3
0.7416206054112208,2351.418765003094,0,3
0.05490998582734006,114.71191609103656,1,2
0.1522424011033363,1395.8648769768395,1,2
0.22664204460497367,1657.881195374542,1,2
0.6600795778091649,1992.257421177157,0,3
0.33979014897311627,1845.0631803413114,1,2
0.06290464087752985,465.55591834675346,1,2
0.09711918976601959,363.2978044110157,1,2
0.6250695329811412,2574.0399882302145,0,3
0.7355999680469504,1725.8914829604116,1,2
0.22496880187242416,494.300800003034,1,2
0.0831679433195798,610.9453694269309,1,2
0.9471194663531607,2078.069522162629,1,2
0.46024572851085277,2622.950389012509,0,3
0.33428557958946353,1077.4733377973891,1,1
1.2517862073902668,3770.208035028596,0,3
0.23736947618158896,2015.2480576446012,1,2
0.059394025338583435,179.66524376684288,0,3
0.5840916422511918,1853.4968801898128,0,3
0.09699600322278672,714.3339618045383,1,2
0.9251429551893369,2178.22448334494,0,3
0.31490167280349723,1756.2069117612716,0,3
0.29905664091259093,969.2137921015371,1,2
0.3884694616363781,2856.3277482590843,1,2
0.022238706125173195,73.4945297724275,0,2
0.48002929047414783,1692.8443734579366,1,2
0.33318056152517334,969.6095693453079,1,2
0.30569846550044444,2992.0553901074272,1,2
0.4426107429218748,1834.0248725502904,0,3
0.5645489098878387,1817.1415322208336,1,2
0.7891818852289954,1588.0332313171089,0,3
0.8758761443285447,2059.9969168333087,0,3
0.6100226601128786,1775.9571648803344,1,2
0.5960697818549655,2108.9606235842484,1,2
0.11853450653108472,492.3793418899818,1,2
0.08003783086679699,285.1638800804851,1,2
0.5003236379638668,2054.064838159938,1,2
1.1237112858178933,2639.5688151529844,0,3
0.3120205058357209,2698.35073651492,0,3
0.13587611824056983,437.69462755070197,1,2
0.008993243956556289,67.82275383687846,0,2
1.271239210892018,3822.600120321403,1,2
0.3456294250134846,2985.6404516541984,0,3
0.2181057960012205,1904.9819500157853,1,2
0.1058097850664549,780.5465180720898,1,2
0.11289182793748169,363.9828210951456,1,2
0.9705196361869967,2274.8638570935955,1,2
0.0431642436859506,254.4920672562962,0,3
0.30668917936762635,871.5177622207775,1,1
0.058086485379277755,338.7776212060358,0,3
0.2469978613912375,880.9470103052865,0,3
0.12025812012553064,642.901944978441,1,2
0.6397396286202135,1836.4175358926598,0,3
0.2930396595506989,951.7231594927814,0,3
0.47017555376336334,963.2898338420375,1,2
0.4031275900811063,1182.9314932199338,1,1
0.8931977578199328,2099.3825535989895,0,3
0.7453739908050911,1524.09232364894,1,2
0.2663441514616884,940.6624010874687,1,2
0.05497992974401604,540.6691202986206,1,2
0.2870190412775907,931.7373879890401,0,3
0.12384548000856486,439.377807391746,1,2
0.9075770486219003,2875.0794704749665,1,2
0.536338794420494,2221.1342510324544,1,2
0.988802400943756,2024.472066230579,0,3
0.4289792540797224,1775.9177007320654,1,2
1.0576876267912223,3181.0773129554136,1,2
0.579885516420758,1577.6566175140024,1,2
0.22339718551171311,2054.274405311069,0,3
1.0457501946267957,3370.993639075556,1,2
0.20963990918057832,573.6314602573258,1,2
0.7564036842441526,2574.5761890400067,0,3
0.3820287873333375,1464.4389285101624,1,2
0.5338959077769319,1901.162429475697,0,3
0.5659357055590183,1136.1272844594685,1,2
0.4278615091702002,938.2454952126408,1,1
0.07321480900665363,672.0673649495086,1,2
0.43765294887740497,1197.7974292607712,0,3
0.5457346130986901,1938.6285610216264,0,3
0.1997841683781519,1836.1454866878814,0,3
0.18880857185868333,541.5961320914552,1,2
0.2663306184270406,2265.8619917345186,0,3
0.08831856011592559,811.242080390957,1,2
0.24214412842664285,2054.3291837109014,1,2
0.03479155100921246,168.86766993996582,1,2
0.8154495811937251,2405.3740581859183,1,2
0.487607018599316,1809.5645580852463,1,2
0.6361641938018551,1730.4639911877728,1,2
0.13624715695940126,515.8031203150031,0,3
0.7452886204178886,1494.676971085615,1,2
0.32465398476064816,1771.064803711016,0,3
0.5528228802056917,2052.57705644709,1,2
0.7127185226637252,1563.990373393652,1,2
0.14193673522750905,334.5525014956784,1,2
0.05476190800688519,297.97702773066953,0,3
0.23718386498228558,2320.289478324269,1,2
0.12412474782751738,1087.1668705893437,1,2
0.3115281684460492,1010.9108474252928,0,3
0.31073776109408396,916.4156062586749,1,2
0.9324735579591129,2805.9647433495657,1,2
0.8794351539401927,2785.685501336753,1,2
0.4415242247027625,1420.0215444774065,1,2
0.7406729181263463,2024.1563241171568,0,3
0.7554953812066822,2448.3882379445095,0,3
0.3714521280707393,2123.524503913763,0,3
0.7616456792105479,2245.0222526338202,1,2
1.1558603804274286,2711.62557106273,1,2
0.21955152103420436,1605.271638550032,1,1
0.2685567724321874,1495.9517072480483,0,3
0.45460974340325605,1242.1525986278928,0,3
0.08781591297313493,745.368021869569,1,2
0.40659553250253644,962.8373873528985,0,3
0.2632436838451943,580.3166763772336,1,2
1.1800083518607754,2449.139700401513,0,3
0.22949897491303511,479.77147317100935,1,2
0.04826216890413962,258.39935350562365,1,2
0.01879694874294693,77.27140330768012,1,1
0.5268876492597238,2025.351410786024,0,3
0.8896036355789972,1791.9845833484055,1,2
1.1582487894046967,2720.4833575440193,0,3
0.08632312712089009,745.0590947191798,1,2
0.17008472908349972,968.5336937740416,1,2
0.48159458374180997,1551.3291886826398,1,2
0.8316052616118057,1683.768382741204,0,3
0.5346009308047349,1893.4355911263588,1,2
0.9982085364014668,2452.3769589771987,1,2
0.2844093982996406,2414.2629278565732,1,2
0.4950818887988238,1755.2204068003632,0,3
0.41554551691209013,1320.9920268344667,0,3
0.06403052453752493,358.06418378553985,1,2
0.21301979346487632,2084.8713554191163,1,2
0.20785825213143558,457.73121023590056,1,2
0.11677947623262545,386.1352532363636,0,3
0.06559539413408713,134.57367932167682,1,2
0.11768753335774582,1034.8402890667035,0,3
1.0385810402943179,2121.0080544573966,1,2
0.20465883307028407,721.8359097420143,1,2
1.076022093139631,3058.71522324974,1,2
0.2961922535916081,872.0051290503563,0,3
0.17281402212232813,1521.0039647449883,0,3
0.212054025239087,620.1698821538262,1,2
0.037802364526738186,205.70373174030843,1,1
0.571246408575828,1679.3677119564481,1,2
0.9155691668445787,2015.8580504556767,0,3
0.30416758084848855,2580.155512106396,1,2
0.532328493920141,1976.1629874287328,1,2
0.6082032965093538,1249.0876478313405,0,3
0.4430890944810254,1824.607038079999,0,3
0.032532757419259144,299.95021154319926,1,2
0.19254334917656143,1418.4519487885082,0,3
0.07949432454780195,696.6874761803949,1,2
0.3048799792366793,2588.3135421049897,1,2
0.09431933267620371,208.00833271643756,0,3
0.357521835594045,3089.1999380752673,0,3
0.28258254630719143,1509.711192802634,1,2
0.663522620387812,1375.8790280803664,1,2
0.7823755428761481,1866.2977404143926,0,3
0.20613947779344857,798.2829457058388,0,3
0.6959933497063011,2094.653937194823,1,2
0.7159042923637129,2961.596315428612,1,2
0.21702691021081283,778.6667706108218,0,3
0.17083437888200212,606.3058025042263,1,2
0.9750240605275005,3144.0136702413765,1,2
0.5727690721937891,1163.80286232622,0,3
0.9323122046948004,2950.5189566473096,1,2
0.1298038139560178,741.8327829520176,1,2
0.06108998016282137,328.3703821479372,1,2
0.4976347355658351,1606.2583356454631,1,2
0.8512028772769927,2745.792191154418,1,2
0.15056907305651643,432.32344612102116,1,2
0.34263338371437385,803.6792776179273,1,2
0.33353546499823866,1074.3137045136048,1,2
0.08331904868089939,347.8991412520645,1,2
0.2988002296908949,2742.8571666327107,0,3
0.6030080624823437,2876.826931456451,0,3
0.08613422897751787,334.068224087457,0,3
0.6603621175872333,1448.3517806074394,1,1
0.8262443252452042,2675.763486098801,0,3
1.1504998511659754,2699.091087666356,1,2
0.40865697474154394,1206.0906842804995,1,2
0.4731153471361058,1963.5624451833355,0,3
0.38558329109348355,2159.025079523638,0,3
0.3718376280133732,1312.5019157764157,1,2
0.40310186216964755,812.890189392034,1,2
0.021113640658813555,182.1532035873812,1,2
0.5127448199279457,1466.246290316218,1,2
0.20141333633843372,1975.0601902249264,1,2
0.6091138890760133,2156.4055221833382,0,3
0.4093552377117537,1704.109996535441,0,3
0.34617055226778076,766.5696387514511,0,3
1.240632657062986,3045.4061748781955,1,2
0.2899859389250269,1574.605768108473,1,2
0.14835545734178596,303.6995424277517,1,2
0.6372169494959751,1861.8028311916198,0,3
0.025330834329785418,81.86339047013958,0,3
0.07101666746396539,232.69755068184352,1,2
0.08216922155818018,224.8448840349327,1,2
0.10146111384875817,328.5753026648921,1,2
0.9284180474614114,3003.215484700343,1,2
0.8667664020486753,2618.621343399249,0,3
0.2537491280676561,826.2859959826438,0,3
0.8996107161449004,2208.6691786381125,1,2
0.27909044623071505,1154.8168198886087,1,2
0.10116094262793462,757.8684736757198,0,3
0.04644988994441099,266.3759578843705,0,3
0.5886664664032206,1896.1805129853517,1,2
0.6238298290188843,1786.1078538140748,1,2
0.0954415025890421,353.48458633495943,0,3
1.0479869309705498,3053.414750747424,0,3
0.0976432608233487,371.10063606716807,0,3
0.440444093153012,1198.2714540344423,1,2
0.2646580174401598,770.5050416650789,1,2
0.16694288135410543,501.4992717743976,0,3
0.32781003633265243,1821.7383987615412,1,2
0.6903125503838755,1410.6151369181996,1,2
0.12342164962288323,257.9677568773948,1,2
0.2897404418575338,2129.5857377740226,1,2
0.9628507865277407,2262.8826317875223,1,2
0.10314867504078185,916.7712854530467,0,3
0.17433948308429276,416.1218540015998,1,2
0.2994787078017226,2544.3921317655545,1,2
0.14051279419890583,495.40981361949366,1,2
0.8978125419146057,2840.953606740635,1,2
0.3645744484624906,1098.3607192405475,1,2
0.06803399133885225,211.72492634100573,0,3
0.13041049709679703,289.83691844161183,1,2
0.030288914084287022,162.22358293612655,1,2
0.6713554014389035,1921.403625064605,1,2
0.2890543958975372,1612.2702610249141,0,3
0.17019889207021674,1444.3126983754003,1,2
0.13773372643166673,353.33957574375586,0,3
0.14675026569183658,1281.3054199484675,1,1
0.630259433746414,1852.381693461235,1,2
0.2629466501460702,1088.4891797770715,0,3
0.07074449313995917,603.150430790613,1,2
0.20053892039800572,1474.5051158943759,1,2
0.044773625028489465,241.5160722496758,1,2
0.31318384925228554,1204.0866744710802,1,2
0.2404712005179747,2202.866703897808,1,2
0.42817768997039835,1233.3764992615,0,3
0.16868040104812743,1432.7875727514943,1,2
1.2374962720933027,2905.768367905868,1,2
0.2555963847419128,2502.6080548840746,1,2
0.21987580323916414,1235.2858596185697,0,3
0.35432167100271866,1141.4552373560389,1,2
0.19307805605314413,1102.9548488262462,1,2
0.5392841864728528,1121.7450673478927,1,2
0.43394090746159864,1402.7112859865942,1,2
0.155301083406157,586.6875887559921,0,3
0.04532943955862427,189.85718315609054,1,2
0.1247763351661505,1231.3189567569966,0,3
0.10242271361579126,492.3192219775511,1,2
0.6406757025971732,1889.5328749628413,1,2
0.3618120375431925,989.929218489972,0,3
0.9768334257984228,2297.437062102397,0,3
0.37659168281308114,1326.7551790417567,1,2
1.045451832108357,2974.5019625031273,1,2
0.990577179166569,2815.267270894252,1,2
0.4335085411023893,954.5629562123511,1,2
0.11436223370236899,328.5287563988232,1,2
0.0789720603842151,673.1818343362527,1,2
0.2222847186517447,1250.31208768789,0,3
0.46202373793004975,2510.5397641222207,1,2
0.41856310450002493,1422.0200183950242,1,2
0.4305761286498259,870.6847340265035,1,2
0.12005698358155209,461.92451017165854,1,2
0.32228318386684945,1033.003672494017,0,3
0.49634236934935744,2066.0270218759133,0,3
1.123785241289141,3623.243450189864,1,2
0.07952152495797456,189.8775824227961,1,2
0.31411145945027974,924.3399350050348,1,2
0.1726589494435068,873.8505481640792,1,2
0.6130161964153564,1522.0663311471096,0,3
0.4794949483524501,2287.7381202302645,0,3
0.8581315854742707,2275.6220981835704,0,3
0.7419455175744087,2253.4156876390016,0,3
0.24943012002410755,689.952809640589,1,2
0.24638532329655757,566.1531382348431,1,2
0.4402131225039209,1007.794031752532,1,2
0.3263106201275139,688.8142216880765,0,3
0.29965634027413723,1513.8032769691163,1,2
0.9577818859983936,2408.4470799749547,0,3
0.3778569322418912,999.9938248192311,1,1
0.5211662371144914,1086.3470346332347,1,2
0.14046425081493824,708.0365903670631,1,1
0.05958342869405304,480.83948646220136,1,2
1.1477615144438327,2364.295823518427,1,2
0.08192302958471227,630.8732769385759,0,3
0.8623306139972097,2160.514755656364,1,2
0.04134387417671786,188.72174560928923,1,1
0.05727830947664466,191.25013423833272,0,3
0.0683301640104506,181.8638802780724,0,3
0.03128802053102366,300.937043263086,1,2
0.1754626804607932,1680.256761180078,0,3
0.2022886147278704,1858.922641010778,0,3
0.18458475138478664,499.2110118255491,0,3
0.4724497058425752,992.5113970514,0,3
0.2600754391855656,2379.959236891916,1,2
0.11552107742096365,308.39950237365673,1,2
0.0072335183181345885,69.63959523244897,0,2
0.1064453581527141,222.1162645898459,1,2
0.7113358289450702,1929.3449723167716,1,2
0.037244648007944255,106.34023008767518,0,3
0.10740162777337547,896.7858065454311,0,3
0.23872007121045993,565.5547940893822,1,2
0.16719610245542696,436.3648770559365,1,2
0.36372558197810423,1731.4195173308447,1,2
0.09705090772213584,782.1660236635495,0,3
1.209214448792712,2499.7940953701614,0,3
0.1091129707937232,280.4299510637625,1,2
0.17024319459944712,360.7268262517865,1,2
0.4162621869698697,1154.847830529682,0,3
0.7489939960471502,1913.4228930544343,1,2
1.54734017295017,3387.261049078444,1,2
0.06315921661157517,305.020951784321,0,3
0.1684423572736457,363.9547461691655,1,2
0.4938003409012792,1539.258780965253,1,2
0.4846534893931877,3050.396654068464,1,2
0.21479367273754918,1721.0145744538406,1,2
0.5821947047957569,1210.6225796478748,1,1
0.11405147922516438,309.2765081654323,0,3
1.2343433059208946,2821.68638515359,0,3
0.6384367198987538,1636.2290379802514,0,3
1.1339365063092235,2807.5258264171243,1,2
0.2945963019078974,636.0984580541297,1,2
0.5154520503398657,1358.7071871706412,0,3
0.21368302352244262,561.9352431081996,1,1
0.41449518677975283,1317.5875921465354,1,2
0.2388437455204995,1814.006595121184,0,3
0.2626119484690967,691.9881568018486,0,3
0.16217976902254438,1231.7022240818765,1,2
0.3543761614378785,743.2107694230406,1,1
0.862883552482493,1795.4504450817838,1,2
0.20467871785643643,427.60570580029736,1,2
0.09503497769075835,259.01209473076403,1,2
1.1963061909987631,3249.7418086186713,0,3
0.17122718790444558,460.21497383586313,1,1
0.15379487432795994,980.1002188574726,0,3
0.6356692117421824,1976.7269462164522,1,2
0.48788518441575945,1549.1577723655987,1,2
0.25476921415642095,631.7003548502734,1,2
0.14815496932130012,1188.3696256980236,1,2
1.0338010888229687,2562.4081590354103,0,3
0.5196669657012722,1139.559802630008,1,2
1.1677605496666088,2985.035329938164,1,2
0.38998202755945377,1021.0630131878015,0,3
1.0302171090677885,2171.9720850136705,0,3
0.3769600404221389,3113.3742082627195,1,2
0.08150308830476577,674.2418953865696,1,2
0.2161177827687072,2061.99559590418,0,3
0.2570706031881236,2316.8204818315435,0,3
0.5737881399787689,1866.4629423434405,0,3
0.5042891132302493,1338.0461413564456,0,3
0.2841297583843522,1798.7828264263671,0,3
0.8759213952774617,1885.3279261697526,1,2
0.21508773049611227,562.7080916747334,1,2
0.6778308090531587,2768.5441939290836,1,2
0.04173490804422998,384.798903269613,0,3
0.17979930270801772,1452.373215500033,0,3
0.2140120107055209,1019.778486757638,1,2
0.2155357784970458,558.7384455398347,0,3
1.2946440004292856,3241.892850405311,1,1
0.182631145441678,1158.7431560249684,0,3
1.1370869219595685,2595.805560727112,1,1
0.2978718925206127,761.3317391542026,0,3
0.38381349168456264,3227.4022372620016,0,3
0.7271467767597396,1956.3743182269293,1,2
0.051997459429137104,174.42962416074917,0,3
0.58347101881409,1213.8582519772194,1,2
0.049372235346249904,190.30764243975307,0,3
1.0118503352765094,2105.922605382255,1,2
0.17673696254361498,773.8965331146472,0,3
0.2627947412122584,687.2084570719181,1,2
0.3503205744939589,1118.878174832165,0,3
0.4960440051578387,1347.9903998895172,1,2
0.2883512259523951,1297.5490308745268,1,2
0.34510190170761973,2173.6328971008684,1,2
0.8148501172527927,1921.856675400676,0,3
0.12960548688010945,338.5191016387667,1,2
0.8388782452793554,1746.0318217912818,1,2
0.26542197074293744,2194.797345550978,1,2
0.04129674993654659,371.26050016642245,1,1
0.6375237033512434,1337.9383558796421,1,2
0.17668462437963972,445.0058380967965,0,3
0.5614923280296927,3545.237062072834,0,3
0.7280102079950334,1922.6094048922419,0,3
0.03915082288452914,361.1386860253793,1,2
0.3805095887044131,1921.4139903808964,1,2
0.7584178339825972,2006.0450351400464,0,3
1.0844600468145578,2773.6693533876132,0,3
0.13517776333456255,610.902770358207,1,2
0.7026874647833247,2656.0953649270673,1,2
0.7622635810327544,1795.5594368569816,1,2
0.1535273180024265,467.5080270558417,1,2
0.655603607540436,1628.0663957553163,0,3
0.2835757431896074,1785.573330699709,1,2
0.8794373793627817,2178.655440009501,1,2
0.44452728232130556,2811.0832472331376,0,3
0.08856212394712643,277.70134083903343,1,2
0.07181794000897168,593.5218780803547,1,1
1.5082023506419382,3309.514240669977,0,3
0.29589835856095587,755.7597572019286,1,2
0.358282847594473,1167.718660396288,0,3
1.0475586857731654,2187.841778818119,1,2
0.5185451263254632,1081.5803356888473,0,3
0.049858522443515706,169.14230764339123,0,3
0.6331805706635658,1655.523443781667,0,3
0.017356650356960275,143.04126345012057,0,3
0.40191084275637506,1909.4154014643632,1,1
0.2538172319720399,664.5388963475699,1,2
0.19887120481382436,1674.1954834120202,0,3
0.04123210848709131,88.24177046278662,0,2
1.2615140404337717,2885.18700583043,0,3
0.16104921518325727,723.893127892111,1,2
0.5886853903775923,1269.7675296503944,1,2
0.8979141723010221,2223.348024109938,1,2
0.2231059165505841,460.33924839482427,1,2
0.19919119938222335,554.3095138088286,0,3
1.0260168804938132,2541.0021127477744,1,2
0.31088060054711125,2359.9349209868255,0,3
0.13999963525460793,367.3990179929389,1,2
0.7961430115467903,1670.2724851937667,1,2
0.8592636917337176,2683.9971072045328,0,3
0.10123274162832549,269.4272269116377,0,3
0.22666779890848862,1719.889699753803,1,2
1.1017489420414033,2730.183946805592,0,3
0.327095380983954,1338.9543630873475,1,2
0.7848887533693483,3418.6459955874343,1,2
0.20696078487218905,558.1363913873397,0,3
0.03164309237019885,154.44227840715254,1,2
0.6200988468825519,1976.0686410557153,0,3
0.4177112704030295,880.096503059789,0,3
0.3551546750829908,1629.7729305813782,0,3
0.20641427950233712,1854.4988792949127,1,2
0.18571153988456549,843.1122787694991,0,3
0.1909795730144475,404.62227604530835,1,2
0.22247147054544814,2049.396725812376,0,3
0.16061107564779556,1347.323305259421,1,2
0.07524710530514457,160.44439636240423,0,3
1.4005706965864173,2914.7260352014773,1,2
1.1563005441234688,2545.12556529092,0,3
0.3604891813766322,3236.455874260381,1,1
0.9228002937803035,2311.97013538385,1,2
0.02319540465388442,65.89769561894065,0,2
1.2619416820117764,3423.2021392099596,1,2
0.1781790595014711,1428.1405187684054,1,2
0.051175219569389085,411.01326488513286,1,2
0.06940154696070858,186.47077075531809,1,2
0.9084685429498097,2756.339923049255,1,2
0.12335577772134405,1111.3970180250615,1,2
1.0056469428267778,2488.160780711819,1,1
0.8920519989681247,1959.8337407402582,0,3
0.3706140295637433,1520.4972774194025,0,3
0.030947005546091064,286.9280254611468,1,2
0.044806469944416845,201.51107764682732,1,1
0.6002604689550716,2737.1222386178774,1,2
0.3748246038620969,1631.0577200391344,1,1
0.6914876351490546,1524.9197038495752,0,3
0.588388184846664,1475.095631431562,1,2
0.9705990024526175,2099.641558959301,0,3
0.13241231968686668,351.7230400688107,1,2
0.9883456066902971,2057.993585338049,1,2
0.12041469587097077,315.26159659852544,1,2
0.7633163739402109,1920.1457816164766,0,3
1.0584831256196614,2654.8544452324845,0,3
0.2815897318038049,1782.8308416985028,0,3
0.4266598513230816,1329.9429658791607,1,2
0.0991048018952113,407.7349170291862,1,2
0.19425089053562625,893.5192442012361,0,3
0.15743075971963155,1202.701072795244,0,3
0.4846654618389393,3056.009163770501,0,3
1.302130412403826,2853.5158652091,1,2
0.6424882987721928,1710.3110198399595,0,3
0.3571748314495453,2256.762831549871,0,3
0.20826573345232463,433.7084008545526,1,2
0.17299192374660494,1318.5408101000053,0,3
0.30015165483387946,649.1283176525477,1,2
0.5432207123201025,1346.1966260128038,1,2
1.078634736739596,2251.110979342785,1,2
0.07102778450133747,650.4341050772854,1,2
0.11901125541053711,615.0960972973938,0,3
0.6835693914748748,1613.1212221778574,0,3
0.10924309234499235,446.4544856795617,1,1
0.35743873893168476,1137.6414392755455,1,2
0.015231033612530576,124.00439424338364,1,2
0.026805810050211553,247.12025116020442,1,2
0.06152823846554159,254.63899727544404,1,2
0.08401335281490059,354.3203650310134,0,3
0.17370320505921086,468.3776695715341,1,2
0.1892817288124944,616.2671626929362,1,2
0.7170747014189186,1692.3885938864678,0,3
0.20901739373096076,856.4176945295262,1,2
0.2554528057629243,2051.3341582077883,0,3
0.3412859967547487,1622.180332290792,1,2
0.3053210891275917,658.2501604847538,1,2
1.0532444031581623,2409.3372723429125,0,3
0.24746726648853373,1876.0352184979508,1,2
0.07492606401506188,601.4303142014166,1,2
0.166775021313095,1054.1555651772615,0,3
0.800951500095877,3035.2963361401517,0,3
0.5684656921642488,1446.031703118468,1,2
0.34592530466834204,911.485016723162,1,2
0.6574793061636424,1420.5728559587521,1,2
1.3353700062397642,2926.364706387929,1,2
0.788410354320676,2064.9628438535487,0,3
0.0995889520183064,505.253714312615,1,2
0.039884870277117526,182.30147584983618,1,2
0.1677288525227964,687.297628785582,1,2
0.03829432078732494,311.6991643213003,0,3
0.11540494287789557,964.3875314598622,0,3
0.19381671489031563,1601.0054117488557,1,2
0.5486658353518262,1491.3474237125388,0,3
0.10703176243000066,813.1435773738465,1,2
0.717578511595835,2930.3847323180776,1,1
0.29175693569939,2620.4258180463835,1,2
0.3533032047350313,2919.2390153570827,1,2
0.11342856542596506,298.6954741752447,1,2
0.28045302484462536,777.4690753005032,1,2
0.22913990030219525,2057.646712098701,1,1
0.2570902034882872,974.2130200871826,1,2
0.1597072604668889,1279.926581789581,1,2
0.5320465429941947,1688.5450616014716,1,2
1.1530810131564118,2887.892844276851,1,2
0.45624189273418203,1986.2264242092722,1,2
0.46727268608603745,983.2093788860449,0,3
0.056112143681307215,287.8632185534373,1,2
0.7224105055829171,1557.4847409105023,0,3
0.3464007828910321,858.198536684822,1,2
0.4961805551917219,1611.8088428549022,1,2
0.11633147466619734,962.7876587090568,1,2
0.14374314172783734,735.3888955670486,1,2
0.06314424280227345,530.469789326197,1,2
0.5603716944147225,1790.47980177107,0,3
0.1875951885020389,405.3750890197145,1,2
0.2863481972188256,2176.173332044874,0,3
0.3612861153006945,2285.209476238691,0,3
0.3644612329322793,3009.8043271049983,1,2
0.20578343089311235,1956.2162826097556,1,2
0.2368309233528975,654.892951941838,1,2
0.5921564954735383,1635.6153461118568,1,2
0.6716936287807891,1470.9006590996257,1,2
0.42464013883675467,1379.8009030006442,1,2
0.33304417034428335,1260.462542905766,1,2
0.4703065275056602,1225.002038148693,1,2
0.49377058081651426,3109.445044378771,1,2
0.04851459562081791,127.35659469804233,1,2
1.0083739553270814,2309.0320237299497,0,3
0.13875095741501256,374.9712150554911,0,3
0.9460438474418432,2071.019713856919,1,1
0.19502179197521669,517.6738129372427,1,2
1.1644698878147872,2423.0857813770676,1,2
0.159584207201091,1460.834060749117,1,2
0.5701610992424857,1499.0891466597484,1,2
0.23048059002570523,1848.048434724466,1,2
0.3892062260688017,994.8014935216171,1,2
0.5699634897979936,1849.7698558934783,1,2
0.02290815894559145,212.4740820001562,1,2
0.7501665348754385,1718.04692058232,0,3
0.7591288016410391,2872.9380705728786,0,3
0.09669899194144801,779.5159444616255,0,3
0.5006476775542561,1050.0901454756206,1,1
0.2279524784414008,2099.3294878063157,0,3
0.2916378972376091,1490.5120139671858,1,2
0.24551235981482497,668.4545778855729,0,3
0.36205174622023906,2991.978792069873,1,2
0.30738987387727457,1469.147867039154,0,3
0.24188284139508837,2028.0706272453544,1,2
0.15983088231021392,1325.422171965573,0,3
0.6963284828176475,3174.609035155617,1,2
0.13310281798063225,404.22222369192144,1,2
0.6886069189501915,1440.8587595969927,0,3
0.06005469667744627,278.995341054182,0,3
0.19081917160155187,1205.1517081354614,1,2
0.07265730164442835,347.4918075757995,1,2
0.5158568371629066,2451.586888597108,1,2
0.297870425512796,2261.5406914227365,0,3
0.020988991470595405,162.2659507048814,1,2
0.16217995603037064,1363.0528958419318,1,2
0.17778027228927593,897.2527969103438,1,2
0.5595463861082646,1558.6545696665876,0,3
0.3250273449730156,723.0018934311821,0,3
0.1457247344804151,335.0312361197846,1,2
0.4826955321813105,1269.115360918404,1,2
0.8906381796292505,2458.619276523814,1,2
0.1501751877445172,405.02316027576603,0,3
0.5899980400908549,1916.0761716009285,1,2
0.4252900363544396,2144.453261440777,1,2
0.07761879519904173,491.9640289050464,1,2
0.07840266205978491,596.8998792473116,1,2
0.3457886091231718,875.217274705027,0,3
0.5166796797397415,1317.2719589957323,1,2
0.12989788426405607,341.6856662468845,1,1
0.44013258962103796,1797.3192920834426,1,1
0.3592473579132792,1173.0639633516066,0,3
0.9615648441955,2020.261370320191,1,2
0.046073936705920866,222.62488815783746,1,2
0.844821847386624,2208.932561645973,0,3
0.7074250745119317,1526.2519944893047,1,2
0.7073343316183941,1964.617584212547,0,3
0.17528653894072355,563.576383107753,0,3
0.30159405120028954,986.313438196044,0,3
0.6108243751329072,1853.9025262376642,1,2
1.0774613618980027,2263.913049843786,1,2
0.05133060755326696,122.64511132191562,0,3
0.2842007515992603,1365.192038144593,0,3
0.1854489721687425,935.8063878019399,1,2
0.26234290635250734,541.9680494322864,1,2
0.11467931606596769,296.1235585480431,1,2
0.42564240266660985,1128.2426034889456,1,2
0.42295979365835745,2161.104179410819,1,2
0.03232467008149914,70.96327758600205,0,2
0.02684229650303822,146.2369477939901,0,3
0.29655897359966477,758.7526332595264,1,2
0.20982864286509484,652.7263220816712,1,1
0.9561482722314862,2059.280044090376,1,2
0.28924923534449815,2390.90701327487,1,2
0.11480094125516997,307.46325936276656,0,3
1.2671633671834628,2896.612140135149,0,3
0.5845958554749365,1259.2159613737058,1,2
0.20369322202276444,533.0866419319834,1,2
0.10514356731319038,343.9354929317507,1,2
0.3444086059291972,724.4517311437592,1,2
0.5518978880746093,1192.779170674453,0,3
0.9817196919980922,2601.1750094217705,1,2
0.26940101713796927,2239.01261589289,0,3
0.07879788190933998,172.6905596497714,1,2
0.2791354381733993,715.7770901305854,1,2
0.5866145379434113,1224.1719784360187,1,2
0.3344159307291894,923.4103371328544,1,2
0.868465299355617,1823.027098005898,1,2
0.5715113808182655,1235.3116295808359,0,3
0.19543805369465048,991.3853411435991,0,3
0.02995943099365031,296.783122532333,0,3
0.3859578549696667,1014.5246823293927,0,3
0.25712674723063456,1298.2631391192326,1,2
0.7916020525995984,1703.0265555045032,1,2
0.10393550259622972,225.50990547207547,0,3
0.1726792044124984,1641.3294478258958,1,2
0.15707735970890563,1440.239938337715,1,2
0.3317974856402271,1579.1727028393564,1,2
0.6019668175701082,1520.4640395298156,0,3
1.1913903652220847,3288.9630691234556,1,2
0.14830483781715725,322.37381815268276,1,2
0.2815609650126524,1339.7171658101713,1,2
0.08999189394568696,725.0997588442076,1,2
1.0423004144643233,2186.706005810729,1,2
0.5510512741277536,2258.426614759922,0,3
0.08534806581293171,785.1995248689027,1,2
0.12455912138302042,951.108516372023,0,3
0.5305700565219454,1407.1689182619095,1,2
0.2738274325935978,1303.9887658912583,1,2
0.37619074521155255,1896.7013859577996,1,2
0.39838881125441855,1634.2286017060012,0,3
1.082863500425738,2336.76871015686,1,2
0.2128452923937855,1949.096494612519,1,2
0.522703819809522,1360.3232164715007,1,1
0.5208858861255722,1654.6422061781896,1,2
0.45129512256119336,1369.2992047984292,1,2
0.38437389464311233,1752.0532422306997,1,2
0.47841421546919577,1255.9427706015058,0,3
1.2427732096830646,2566.791524030566,0,3
0.7871214956897811,1666.6666854940145,0,3
0.11867426443881245,268.62033537820196,0,3
0.382003270347189,1745.8836120908425,0,3
0.06277884989166163,519.0253941126762,1,1
0.5965283817952333,1231.0578123996827,1,2
0.14624985745173952,741.2849518159019,1,2
0.01600681818932667,75.58370010462431,0,2
0.45580883519245763,1447.5893643113875,1,2
0.34893011158568166,2881.877086395619,1,2
0.209188676570439,1317.2822896182888,1,2
0.4399449685402407,1121.0143199783258,1,2
0.37827364956761883,1562.3614564641266,0,3
0.9641903833873503,2219.4552949733643,0,3
0.19424192674581894,923.108605199871,1,1
0.34008454010721995,1740.3607895527825,1,2
0.05115075222651224,495.01687812038756,0,3
0.5552991800192072,1467.6688771485447,0,3
0.24571148323178202,518.9261683148625,1,2
0.6293026548164575,1390.5535279276194,0,3
0.4033350906342861,1263.1376779922898,0,3
0.3283112867947023,2955.7481307835983,0,3
0.17313146521597178,877.6085274601363,1,2
0.16548693011788365,1576.2710731873772,1,2
0.7452020489152442,2320.441225020884,1,2
0.6711103757648359,1396.6979882942749,1,2
0.23720465607604455,1212.4388085500057,1,2
0.6449150077163415,1342.0500651796488,1,2
0.2508112827231265,796.2739022201447,1,1
0.09297654995693007,418.9311344675111,1,2
0.3045239428272364,774.7491745960563,1,1
0.37384042644085336,1145.9521939991337,0,3
0.7064116525090386,2292.4344102371447,1,2
1.6129791284838393,3530.5279646682056,1,1
0.16636719250622073,1059.876228302587,0,3
0.03869922439183342,129.90401775974735,0,3
0.2537882597265488,2098.1929491043147,1,2
0.9599541289680467,2261.5196471969384,1,2
0.07585942610227935,577.2732041334971,1,2
0.07884870619553998,251.27588342439356,1,2
1.2109584792549202,3099.1818042970476,0,3
0.07121109257233832,154.66556815101507,0,3
0.05736267900885943,483.4578037972692,1,2
0.04549642473390336,219.67797341277017,1,2
0.5433791709518767,1777.5802009806155,0,3
0.05238942821521822,433.1521835482436,1,1
0.23314511354541034,627.6650906478206,1,2
0.20850744753181802,1582.888652722621,1,2
0.1188362130117423,313.7291235005715,1,2
0.02746569321519793,211.7673609541803,1,2
0.16734770983472225,361.05960996956986,1,2
0.5916263691563124,2424.981007366573,0,3
0.30533230834461783,667.7659596630344,0,3
0.3238621744628535,1489.526014907516,0,3
0.778908324989733,2535.1143278836075,0,3
0.461859897604872,1055.308072403993,1,2
0.6536321243778035,2845.0971599476384,1,2
0.4715324128554018,2411.621809396503,1,2
0.47437975320353093,1276.3954448172992,1,2
0.9498400792553172,1996.4100220140783,1,2
0.9159500844610403,2527.7218926118762,1,2
0.5505825593557436,2251.9789555372768,1,2
0.2175539163844215,1122.9661747454525,0,3
0.5715864113706557,1305.7040771483476,1,2
0.12431111827592847,784.2827788118825,1,2
0.6557312620911592,2993.5995958507183,0,3
0.3933069657415785,1227.7366913128415,1,2
1.0072697465754994,2179.8647468048885,0,3
0.606338471671324,2766.5675231728565,0,3
0.48106091815815516,1036.1411244614399,1,2
0.4896187954230752,1019.6756203914842,1,2
0.12815823906620433,1026.9609829223298,1,2
0.8397238021382384,1733.0743224224557,0,3
0.9847505096430031,2248.28304452632,1,1
0.18279370905966463,797.4845917992135,1,2
0.6505528630712593,1766.6088867584315,1,2
0.15300647275862536,417.75862081307156,1,2
0.4819342262575258,1821.128008886328,1,2
0.3789184294004947,893.8914347392914,1,2
0.7039765690071907,1656.9487930307216,1,1
0.02688255829987374,257.92167006135304,1,2
0.06093051088218148,249.95403485093405,1,2
0.3485407143086218,727.8402361056368,1,2
0.3674319076486971,1501.9028953634715,1,2
0.13749274454946478,1236.7289848711284,1,2
1.1692591013380196,2931.041050892263,1,2
0.06694429169299887,423.57104452434857,1,2
0.03769896603256104,155.95925550876916,0,3
0.21954101891792233,557.3764401966035,0,3
0.007964070840336198,78.90120104576421,0,2
0.11741620028559138,1080.0557941381037,0,3
0.6277675840808407,2567.7272996591046,1,2
0.4263919903186932,1294.7205176811103,1,2
0.36600425565494893,3027.2837441347074,0,3
0.601312577413554,1908.0460246523828,1,1
0.32345006190853837,1321.9993114822628,1,2
0.49518288927651966,1870.6473996328596,1,2
0.8094156407945463,2108.8963119566747,1,2
0.607182395546837,1676.2183988714355,1,2
0.3321299760726226,1698.089763958673,1,2
0.8821037080838717,1855.9655914143034,0,3
0.047521008343838884,106.13059284525498,1,2
0.8135489281568988,1858.037984041332,1,2
0.05213501257313154,478.2502193368968,0,3
0.03880305235350073,131.59116156760132,0,3
0.30657400210411956,2570.3667636164737,1,2
0.12277508932950272,274.08475691916817,0,3
0.13375927026101084,342.90659586606165,1,2
0.07885189565436432,731.675049357154,0,3
0.14132145969761212,434.3152486155575,0,3
0.03365854838983603,286.39275857531385,0,3
0.758739314960703,1912.9059747499432,0,3
0.49412702214149484,1040.2145971004009,1,2
0.20568543479267812,1296.2529882501988,1,2
0.6866445060423944,1755.0151459791439,1,2
0.22849456723106656,634.2261885967176,1,2
0.11817546765210336,540.6711050863832,1,2
0.6444704953473293,1964.3986093660008,0,3
0.5985793885683456,1814.2998269231198,1,2
0.6641560910572886,2509.4612530522713,1,2
0.06955095397814028,226.17409248594825,0,3
0.7297758706719646,1837.4677008104288,0,3
0.2328993458829409,1466.4062251163457,1,2
0.07650213344797557,386.20438205402036,1,2
0.3075768070271457,1552.1663221865826,1,2
0.8420512946742945,2111.335948116356,1,2
0.3445660132190159,1056.2252961691304,0,3
0.4222381227351039,965.7670983664178,1,2
0.860462477799165,1791.0849492185955,1,2
0.22471090959547613,2135.06683576889,1,2
0.18173414056282097,1674.610253411007,0,3
0.9468164104149057,2870.7070657649883,1,2
0.749834863070676,1910.617747830817,0,3
1.0682163967163025,2227.7292893807976,1,2
0.2209167994268013,1057.8533385755563,0,3
0.15817437034503848,1270.610232987207,1,2
0.25948466531918757,1234.5210913635494,1,2
0.0647653884507805,167.5074797686922,1,2
0.7732914985572269,1967.269281055014,1,2
0.058405597298169125,229.69710196299562,0,3
0.18546724383582594,950.1829444301301,1,2
0.3998872303052652,3352.649885335968,1,2
0.9950218103568326,2473.0405879325854,0,3
0.3970920781062212,1500.5279757248632,1,2
0.6047738055884652,2634.547334867916,1,2
0.23720065516077332,2172.3002771648444,1,2
0.6637185753844275,1645.6506567081099,1,2
0.7219631949642684,3143.2171541051803,1,2
0.5253589460549372,1707.6733627508338,1,2
0.5032216576731859,1246.7821359096667,1,2
0.3876009960355643,960.7390794856634,1,2
1.069049102096388,2244.9112961585024,1,2
0.012207842826723317,59.82235976502385,0,2
0.16203008781591552,740.6769840972795,1,2
0.4414865585606426,1134.1171332705237,0,3
0.1925526389479103,611.6680424852677,1,2
0.6926857159400572,3014.98937223374,1,2
0.9827941274059159,2432.591387996874,1,2
0.04830368402105443,246.28022468264047,1,2
0.5879115994341074,1383.8019888041515,1,1
0.08998738192227493,857.8523042074204,1,2
0.37935401572490635,3189.3215234345716,0,3
0.4408987924899795,1987.8886304687915,0,3
0.35007773858587454,1787.2198568543074,1,1
0.49036231352068244,2136.966036553154,1,2
0.10182912917531958,488.3145445554143,0,3
0.5240804647939441,2387.4983651044595,1,2
0.0762878817968614,360.8864104959281,0,3
0.5606193789343747,1508.7926007266487,1,2
0.38183942814889976,3154.513097049041,1,2
0.21579342710156088,1811.5125355494558,1,2
0.4720365224600774,976.2591349952302,0,3
0.14297543168927984,434.11802590864767,1,2
0.5367815830276943,1346.9112691204816,1,2
1.109613389486171,2543.263744317494,0,3
1.0352897832928236,2234.094189233265,1,2
0.47847441555453757,2083.475270315271,1,2
0.03146365747877868,300.5801559022073,1,2
0.2323364891947808,619.1502268434622,0,3
0.6426877899027224,2426.7284018558926,1,2
0.006567113789015371,66.18657426884845,0,3
0.19903470293763403,896.5059022759616,1,2
0.69614648235425,3029.961231286442,1,2
0.2269692334266078,2158.876077746677,1,2
0.00965632202254522,55.85236081900427,0,3
0.24856864382180816,669.0318079926263,1,2
0.8689330671221511,1995.0433383905074,0,3
0.034673169654030736,266.68276505471533,1,2
0.5362195421572223,1264.0478528547396,1,2
0.07694559404651156,636.782529591619,1,2
0.211029155636208,688.2036977333755,1,2
0.2848301013029494,707.898118926026,1,2
0.8595070790327082,1849.0238566365836,1,2
0.12432598145680969,1047.4570938176787,0,3
0.03943996262098917,107.17158937327409,1,2
0.18033391839805551,1446.8164104991274,1,2
0.9420058116800554,2330.9891214694394,1,2
0.14323891097745683,439.5687782519388,0,3
0.22914977229537747,1840.7648598373657,0,3
0.5327037078012424,3352.6922607222887,1,2
0.09915887514929003,321.43518204667004,0,3
0.4161441501463014,2626.3689710802705,0,3
0.14838079008780827,373.2123513338175,1,2
0.09415714208674084,898.059082181056,1,2
0.205407772199718,677.7027515961904,0,3
0.9193811598745316,2014.430562984935,1,2
1.2229325189025373,2793.368656380242,1,2
1.294276857410889,2692.5007205173088,1,2
1.260117860279889,3417.0455871719737,1,2
0.7763664058077802,1702.6833079329072,1,2
1.0539636257778482,2317.2013023905915,0,3
0.2782522730664799,1414.021553507486,0,3
0.5134230396257454,1173.6857459877822,1,2
0.6780236086127643,1597.2171819964403,1,2
0.7258330316325363,1517.8941354092583,0,3
0.10435888080756989,342.0399463872494,1,2
0.32088827404087605,871.3115106914113,1,2
0.8056038239377821,2441.077400907652,1,1
0.3540460856315344,1807.9791259935514,1,1
0.5138982624213156,1559.855490727413,1,2
0.3259003628504867,2933.7391798078374,0,3
0.08969442404095848,405.20115716225655,1,2
0.2805615321367526,731.8936380874206,1,2
0.29174898416123707,2459.474785506727,0,3
1.2752069603788994,2660.8271740076584,0,3
0.2329873339543448,2099.337769668196,0,3
0.7666099726868423,1611.1574997801845,1,2
0.8793996747407902,2246.526836481303,1,2
0.2601847008248101,1189.8360406958839,0,3
0.3280381218689998,720.9731191655487,1,2
0.33971838512782504,887.4630724232912,1,2
0.3050565675137421,796.8651301092412,1,2
1.1142431515741495,2318.7481735304136,1,2
0.10344052444326317,313.68231880145436,1,1
0.3078942500384486,666.2168804222794,1,2
0.05593933646273755,148.27054305590414,0,3
0.17370382840821652,400.8616418278695,1,2
0.2915129059946177,611.6003162700401,1,1
0.8707115621356235,2312.6409968970893,0,3
0.1747897112542174,1578.3848698520271,0,3
0.21714590358328018,468.04763634035265,1,2
0.4500593631710039,1123.1545027903164,0,3
0.7309902458198967,1504.9319984855547,1,2
0.09245908494657352,879.7803350667667,1,2
0.14859834822943777,946.9092062052313,0,3
0.3232416611272411,2458.0758397337954,0,3
1.0321837605269377,2261.12113587658,1,2
0.3395198528755195,868.1150791886687,1,2
1.4365350827550862,3155.7322501796384,0,3
0.9239161671092793,1937.0864222468006,0,3
1.1686546345769633,2995.005473704092,0,3
0.5017888111536214,1085.6305520029784,1,2
0.12781164437743697,574.5482079018309,1,2
0.33379822376900437,908.6343668119537,1,2
0.024994832193161894,128.26536097785814,0,3
0.3335946846319438,1499.6679120783258,1,2
0.17258156425431004,1641.188469358703,1,2
0.8170067250310767,3086.8646654317185,1,2
0.250004000076983,663.8397239725601,0,3
1.0687055997111967,2223.6297854937,1,2
0.02744350544521854,174.74162121879343,1,2
0.23027798082895043,2069.4795229729334,1,2
0.4915321099602334,2008.389246955192,1,2
0.27432518253026494,1252.7160358953076,1,2
0.4589554259523833,997.8062707071836,0,3
0.8268861239995797,1894.2432848195251,0,3
0.5782493839183834,1208.769250123799,1,2
0.1354581701871284,1029.1858616392826,1,2
0.5286070527684616,1605.1628213436502,1,2
0.3174410281827837,1210.9523599471117,0,3
0.15616748889230836,486.94212379419963,0,3
0.5981421662282499,2605.19688417765,1,2
0.9367154324120353,2539.9827571987757,1,2
0.22276249827203362,2001.1852906330669,1,2
0.6686240969634488,2916.118150042087,0,3
0.10951544597166646,285.9077390551534,1,2
0.17977881607961035,390.32131868096576,1,2
0.26124863303936663,551.1340313578223,0,3
0.6972117943586591,1834.5011689215933,1,2
0.38135466952795394,1812.7809106110176,1,2
0.07848981629386094,250.9493945672284,1,2
0.4909853304696422,2138.437748567769,1,2
0.03252638895361356,103.92094337540105,1,2
0.7204493796346887,2950.25362494955,0,3
0.5734652515392524,1822.4232572290537,1,2
0.3090264298460724,1262.7378387068895,1,2
0.07893646373165622,254.2165443000099,0,3
0.23159446389083574,1169.8474256098712,1,2
0.23790842710310434,518.631683957894,0,3
0.09162299636703256,221.7991346407264,0,3
0.5505315288961682,1434.7879763791111,1,2
1.099711079641771,3346.5693407976137,0,3
1.013473772584663,2125.6842699906347,1,1
0.6959883074036702,1851.9288780652032,0,3
0.13732414625538797,416.8655069884076,1,2
1.5043274923572658,3100.7468984437905,0,3
0.2028463918047125,832.1784827421013,1,2
0.5174968081044236,3258.748667231485,1,2
1.4503108878469104,3178.409389471828,1,2
0.7773536584649138,1634.7893290734694,1,2
1.3374409238143743,2784.1143339455502,1,2
0.6869540336246206,1746.7162278926003,1,1
0.15689978129787138,1494.7579655617546,1,2
0.7914232029548607,2063.165599576468,1,2
0.9046187127344919,2403.6040150040612,0,3
0.3866616533966887,3195.6573452543803,1,2
0.19352395085824814,525.2805789093823,0,3
0.37178302819256787,859.551502619612,0,3
0.1979406218448995,1814.7597122673817,1,2
0.702672406932403,1604.8010889948382,1,2
0.5879359705042423,1533.572777697615,1,2
0.11629251240282198,734.5792292414459,1,2
0.434403400818455,1986.2518690908216,0,3
0.6081359630245398,1282.0488468470387,0,3
0.699283345124296,2640.3234067844623,1,2
0.771253164867299,1618.1852807604746,1,2
0.8607804515696352,2242.0198352835573,1,2
1.2746207955381774,2651.6875955180426,1,2
0.23004309199193607,1844.2177918249931,1,2
0.017395842377976208,45.44540706486699,0,1
0.16287293139747633,1552.0590447040117,1,2
0.15308899490408207,1379.6836619135172,0,3
0.654875589745405,1995.44458495202,0,3
1.2366861227974202,2557.412730364402,0,3
0.2935969275525701,893.2894375211471,1,2
0.9276002796441786,2813.1528456806204,1,2
0.31535908451854927,1373.3783023326125,1,2
0.16134697542607285,514.4061624705778,1,2
0.8480019143045718,1784.0591032864677,0,3
1.0283052348717672,2628.024627322163,1,2
0.22848641430346509,596.349020213402,1,2
0.22508576741518246,715.087169387483,0,3
0.09215741783656364,240.8906595535098,1,2
0.35643830259219117,1802.708392526037,0,3
0.20105574752050256,1031.5351632433023,0,3
0.11193614147250182,310.6801684183218,0,3
0.24138875852238625,531.0691609511346,1,2
0.5925987022014731,1609.7195078398095,1,2
0.24755993253442615,577.5597165347108,0,3
0.4627170308965695,2912.9038351468453,1,2
0.28345110093703096,869.1592885934842,0,3
0.11844644186291303,1064.7268112372017,1,2
0.31853762978222216,1439.1555390078333,0,3
0.5163541247289896,3249.586872941309,1,1
1.0587226741980291,2622.6364941560482,1,2
0.487094089082954,1270.349307396687,1,2
0.4648878963382025,2925.424134917016,1,1
0.408949888977805,1330.7545207426385,1,2
0.31321018369522274,659.461252630142,1,2
0.6289835384431125,1316.6024137369418,0,3
0.3867900821225494,1977.25816455876,1,2
0.996888108962196,2352.8610482240583,0,3
0.18112508253117343,448.48242280848416,1,1
0.17450916080393103,377.68934516035796,1,2
0.41584855444413366,1104.0728874228998,1,2
0.4954119726034951,1290.4429485471203,1,2
0.45174766768396035,1468.8728668709766,1,2
0.44316318900848506,2030.2042131590729,0,3
0.33247926141912026,2747.3096594796275,1,2
0.15677852162905867,592.9719817926781,1,2
0.42414958560412325,1143.8089636667687,1,2
0.5336252938415124,1257.5346126817033,1,2
0.6524033920978483,1345.0518246697109,1,2
0.216658631125001,1094.410413350659,1,2
0.38875010246144204,2458.445662457773,0,3
0.4348617907707651,1079.128843010438,1,2
0.48244921886336545,3049.2769514111733,0,3
0.4507432211988279,969.624796026883,1,2
0.6638371579819508,1391.3498322687337,0,3
0.2769940791059429,632.5739672742792,1,1
0.596498390326314,1415.0360524772195,0,3
0.9694269788954584,2566.017361794381,1,2
0.32431633186528874,2923.9374830352326,0,3
0.18914669830268252,1564.8767315781602,1,2
0.050264231159443735,108.39116973982335,1,2
0.2177277798043737,580.7304752278088,1,2
1.0353522004805709,2597.226853525434,1,2
0.15289309288966516,1375.7184187313671,1,2
0.12937942900820112,817.8393555291461,1,2
0.836514891369921,1798.8974965961982,1,2
0.07744279816382958,248.42941394860418,1,2
0.39381595897946065,1489.7494650709941,1,2
0.34404728725551026,858.5208727815324,0,3
0.12162644005245833,328.19377038218926,0,3
0.33258668418921267,2990.7704473214717,1,2
0.5069540136043634,1112.6674061904205,1,2
0.18867028877382866,1445.9116976887528,0,3
0.20547979814402317,1050.7755940892844,1,2
0.35566410918891017,883.5211062034444,1,2
0.2636734667988771,999.6140987205823,1,2
0.45790664482718824,947.3170175755381,0,3
0.09439970334876494,483.6578971544019,0,3
0.5019266453805153,1181.8201521334292,1,1
0.3202069695188858,2017.584742493489,1,2
0.30875904334810117,862.172321146387,0,3
0.08868683202144383,815.2300721832391,1,2
0.13717583699160993,295.9826836931631,1,2
0.6777546344899488,1689.485909281437,0,3
0.6536055199553691,2136.589501924005,0,3
0.04289685586989263,163.640423701243,1,2
0.5454666880747182,1296.8474732881105,0,3
1.0708015784007876,2682.5074656082024,1,2
0.36339065806012666,1189.168194117852,0,3
0.020303185893749957,185.9310416037752,1,2
0.22082539716746916,2023.0262029729938,1,2
1.2136314117204228,2781.935714227882,0,3
0.21463589008295694,1721.550771100973,1,2
0.30669750994109374,1390.2728977561403,0,3
0.3273984914754003,686.4396977708675,1,2
0.24130265739192838,787.4260748076066,1,2
0.30158709854017896,795.7581221487005,1,2
0.12346520102123297,514.4856157023547,0,3
1.1472599821436749,2937.0091547263805,0,3
0.4293763534762195,1363.8297610625946,1,2
0.15832017407036159,361.64926220914043,1,1
1.032614931330784,2812.4608235130277,0,3
0.6160678709093844,1917.468301651096,1,2
1.0953310141318904,2377.0304136807936,0,3
0.480830465248556,1495.9569758539974,1,2
0.3003124466716703,937.144751831675,1,2
0.09972619700028332,437.0886228025228,1,2
0.3242097055422666,1457.6053991294789,1,2
0.23880912561950993,989.9210078456807,0,3
1.1804791579923914,2959.549664992145,1,2
0.319312599674272,754.0802868800429,1,2
0.4602445198788448,991.6543374728576,1,2
0.05181652338497349,438.32002840283116,1,2
0.44107939781587596,1201.244912845798,0,3
0.18781145713261044,1785.8051418003324,1,2
0.09443945974660792,370.099753821909,0,3
0.46892761927438686,1472.1143928321019,0,3
0.03487519389766611,114.52739572076501,1,2
0.44885901214806034,2827.64394475792,1,2
0.5065225076695038,1366.225391417105,0,3
0.06697890772223869,540.0757191116751,1,2
0.25940491376600433,543.2981963976456,1,2
0.9739689686235491,2451.2727674247294,0,3
0.9278837318804933,2890.532742911777,0,3
0.3409360530485423,1719.8097641879883,1,2
0.1389085892784736,624.6154080173637,1,2
0.3791565267746991,1549.4480173828326,1,2
0.19827409860222125,1508.2152846076478,0,3
0.12820021322335565,1153.7090067310214,1,2
0.6804406025675891,2572.179521524007,1,2
0.9139866676830608,2780.791236409407,0,3
0.94802456382732,2616.3353032279683,1,2
0.38191458138168377,1955.8876527063162,0,3
0.11502940670813025,1093.3311077897608,1,2
0.2878818264225004,594.4421492739099,1,2
0.8167947727198062,1790.1067175449837,1,2
0.6549778153857276,1674.7406750211649,1,2
0.4113537738334124,1553.1879549791863,1,1
0.986053169023522,2522.423122165141,1,2
0.28528782463144126,728.5809689285999,1,2
0.5829085404895893,1259.9876466621452,1,2
0.27069916673957484,584.5517792628006,1,2
0.6176793876702872,1411.967229514226,1,2
0.23401256567775633,1772.8795249170898,1,1
0.18243562752460105,394.62254970598445,1,2
0.3388178366497385,709.3522985947628,1,2
0.6769545697649993,1676.6655136484949,1,2
0.7758584460212281,1989.7519126950328,0,3
0.6364964913358343,1982.4904682110414,1,2
0.31706377130413027,2619.8439859424184,1,2
0.2063731914897552,573.783261616432,0,3
0.21685758361971177,1111.090817655499,1,2
0.5996456725757865,2265.943734871118,1,2
0.8349046135024027,2073.897471625927,0,3
0.22330021786917512,1797.9646929611085,0,3
0.22110129253256539,1776.0017664030313,0,3
0.23703604521050028,1901.5209707395868,1,2
0.15287015338333504,1406.449125406767,0,3
0.2811658909771654,881.2493207041517,0,3
0.0855059746643629,542.3361149564975,0,3
0.20485128707723047,451.2676906679342,1,2
0.058055237258550975,238.79112050899187,1,2
0.16183329576926953,815.9709228325091,1,1
0.661286151040631,3016.3670568343805,0,3
0.3487496679560579,765.4786252089986,1,2
0.40824120557152055,1842.9800587440636,0,3
0.11135240176479624,1019.6593805912255,1,2
0.43359467580879485,1137.0359303398748,0,3
0.8181763019742293,3561.932432935616,1,2
0.13630263494221662,1234.0259934154792,0,3
0.14443020010969,315.68145033466595,0,3
0.31516471265232116,1003.5598851185912,1,2
0.4888954713643476,1846.4174247157414,1,2
0.034917245104161075,92.90928888963396,0,3
0.2539214537748359,2108.913739014739,0,3
1.355051795779282,2789.283168287049,1,2
1.0941838216084245,2254.787574865353,1,2
0.6039424183938984,1597.6201195318479,0,3
0.31210007671174783,1576.081092945232,1,2
0.3779992602663238,3170.059137351022,1,2
0.4086790627461455,1671.8599472552282,1,2
0.7403713454425755,3225.74818298539,1,2
0.28297198769347737,763.1112323769556,1,2
0.36625017654616066,1672.2411151969031,1,2
0.6703671775865793,2178.389732753964,1,2
0.3882894945036752,1983.3258913773086,1,2
0.45987616004797705,958.2143064902231,1,2
1.0357984336535473,2563.7346459566083,1,2
0.24286240961584843,2191.7553586505514,0,3
0.04969407764806154,105.09880936353564,1,2
0.35993202398658725,950.1354883885139,1,2
0.03632877408736981,122.02450356461117,1,2
0.7656067187051558,2006.4113028629693,0,3
1.0511080961601265,2210.3339472243692,0,3
1.0160062527149303,2394.0542849464046,1,2
0.240535098006278,507.8725040952858,0,3
0.14561814003727802,404.3398296385128,1,2
0.34472435419785097,768.9468196596423,0,3
0.2185970615868925,1807.5512327331596,1,2
0.2245744798805203,681.2360894349043,1,2
0.0802263969919718,424.2511311612029,0,3
0.4710256227464378,1013.529227756375,1,2
0.5455178757107266,1421.9479041777925,1,2
0.5471767622721946,1439.7216638694572,1,2
0.31332072886198503,1284.054068132094,0,3
0.12026559989802144,314.15794952564545,0,3
0.22501631588458346,1137.8280616040267,1,2
0.07261845736186776,693.3036841231183,1,2
0.26683210664928514,2028.2490878334793,0,3
1.5336395109665153,3356.90404217415,1,1
0.41620272935551406,1153.975636626948,0,3
0.1213689835279122,327.1750090449769,1,2
0.29280233517833937,891.0098576869118,1,2
0.6442501063067594,1680.370682204979,1,2
0.284372388376167,1789.722346373268,1,1
0.5785075972095161,1804.2899782584084,0,3
0.8966990266901558,1882.91801876231,1,2
0.9336776909349633,2200.596329527284,1,2
0.1510112356462983,763.4145003084841,1,2
0.45573550467509905,1483.5699186035895,0,3
0.5209044783682897,1696.8026860045902,0,3
0.38460907335768063,960.5394274027265,0,3
0.36599412421861316,1872.2738709972405,1,2
0.8427126965378308,1752.852259779024,1,2
0.40770098343761907,2568.3705349425322,1,2
1.1311505819853447,2332.565610752563,0,3
0.27783495511401257,1136.1757440379288,1,2
0.09683240444120121,497.14449373220674,1,2
0.12263877747870656,1020.328290751517,0,3
0.6065871406503922,1529.504591531328,0,3
0.2678692842111534,1106.4562914358698,0,3
0.08720910193734419,829.5961568687912,1,2
0.3930519826416294,3301.996507113633,0,3
1.342853719536842,2764.8249588557774,1,2
0.7468994741022255,2823.0273955927573,1,2
0.3928088722369733,1483.2872106060147,1,2
1.0512199920260157,2206.20338751629,1,2
1.213909864632207,2658.641877746733,1,2
0.18993236155866322,905.4154461696653,1,2
0.2376242098847706,740.9828661861256,1,2
0.6255624427991248,1550.8662793024948,1,2
0.09306107746094787,838.6134079170215,1,2
0.04517805760886214,217.17655157122437,1,2
0.1520181632598391,1154.839523026231,1,2
0.1914535234434123,1822.096599100821,1,2
0.6923794563258913,1860.7277622418883,1,2
0.7634273773036595,1988.8378735017734,1,2
0.40323116486940613,1256.6434548184936,1,2
0.6788983877326064,2774.3669143286356,1,2
1.0865566865922953,2722.8178065220036,1,2
0.8812355554453289,1940.2963226879338,0,3
0.6252333172057192,1592.5307238695548,1,2
0.9891962622603098,2620.1880556413726,1,2
0.11699931074409288,599.5262490498652,1,2
0.3928715149518027,1000.6091872176556,1,2
0.6688343122040072,2087.424516340192,0,3
0.2766072086016634,697.0294909171492,0,3
0.29689556109113313,769.7046001145542,0,3
0.3173453724209912,832.2618515363796,0,3
0.6633437911254494,1727.7576967004827,1,2
0.16137953516058304,828.1658151651213,1,2
0.12530201040157748,282.9440318270587,0,3
0.10981529956210354,280.7154636773355,1,2
0.3603169496292794,921.8694760495529,1,2
0.17130195648512792,784.30807442472,1,2
0.2927654552559712,1336.372243953775,1,2
1.0363575134157017,2810.579667710743,1,2
0.7910607335336068,1655.8219969715678,0,3
0.2984598041509495,791.721341392773,1,2
0.33221004738280935,875.8467536326777,1,2
0.5889096905532232,2573.1497258982467,0,3
0.7639940519323516,1744.6758158752484,1,2
0.4340320711991475,1132.04617384809,1,2
0.541394235200095,1455.4912141396344,1,2
1.145139853603725,2480.3673476042222,0,3
0.20570761554755293,777.7204363788567,1,2
0.2581029302373294,660.6488773292583,1,2
0.12025929935384742,323.0440041999667,0,3
0.5719391965517256,1191.1406582727116,1,2
0.06471586244517459,595.9035625398832,1,2
0.04877829850207025,233.7664045323009,1,2
0.33883709088346053,738.085785003567,0,3
0.09544348283460062,392.2318018356809,1,2
0.7324138587472657,2772.2654939657814,0,3
0.7775741412641531,2026.7931838339618,1,2
0.37864627993107824,1548.5006513266883,1,2
0.11108343654094109,274.06621616353937,0,3
0.5298578539517775,1660.3334321084944,0,3
0.6307107601590511,1299.757864081418,1,2
0.08311920726511761,761.3950346735162,1,2
0.9056742912225737,1885.814147136297,1,2
0.7946049822835018,1816.6219735822672,1,2
0.4123805800845658,1138.6599085888406,1,2
0.2246364807273507,585.9076221788225,1,2
1.1490882102767144,2935.3614534769235,1,2
0.19144928685637042,1822.383303734196,1,2
0.9859138463631688,2077.3416718880244,0,3
0.42509451980197377,1983.4590040881626,0,3
0.2649953409614325,2178.8221944824973,0,3
0.05858854103056515,192.30879213408446,1,2
0.19139067462152365,644.7661274715275,1,1
0.5106570205182438,1726.6203429742443,1,2
0.17423490433219044,697.8206715310405,1,2
0.09598396560229312,295.92155482409385,0,3
0.30144860105851334,1993.5456314796204,0,3
0.257426934291323,636.8050359694984,0,3
0.5946697053238887,1427.811974801603,0,3
0.7581017280067333,1810.2560386286987,0,3
0.26789397619994565,905.1234759113934,1,1
0.37734857956960643,1288.2013004959235,0,3
0.38429228988322917,894.4253034324132,1,2
1.4083078219989058,3187.2106393464674,1,1
0.18098969929445635,752.1225095081248,0,3
0.06695982966214054,153.23332874568527,1,2
0.03779346399013163,90.09322814375261,0,2
0.3828523571545813,1068.686832719081,1,2
0.3813509482741679,1599.8468733344412,0,3
0.2547880751366399,520.3832874644764,1,2
0.28808968977327637,1886.0277072368774,1,2
0.4720742820328176,1221.7548442931993,0,3
0.4423132584606951,1850.2828031148445,1,2
0.23384596039107142,764.9362968223414,1,2
0.8351256772747496,2149.036819176443,1,2
0.4073758073632321,1666.9141812622436,1,2
0.1153157470221342,300.3859627448407,1,2
0.18587187264890595,627.2424696186415,1,2
0.20977473675834993,618.6215641541031,1,2
1.118908527879026,2532.8157966250237,1,2
0.4011059250938302,1359.539240655434,1,2
0.414561614877405,1408.0990599486454,0,3
0.2968757064782392,1397.5598067254334,1,2
0.936558915082495,2219.622056400054,0,3
0.18463788148365562,754.5058258322034,1,1
1.0728486143355092,2178.348643382008,1,2
0.5869004927778482,2163.489227167751,1,1
0.22853637428998674,915.3285578654782,1,2
0.21202680106319446,552.6912639107175,0,3
0.16424598813878818,395.06494304981805,1,2
1.0796758193427147,2525.2502872221703,1,2
0.3236689935969761,1116.428729701309,1,1
0.521045347381217,1228.924709805983,1,1
0.7720194026636762,2017.1522268157896,0,3
0.5983427803712447,1952.9403535986432,1,2
1.1578892862064405,3221.382827033085,1,2
0.09631952268212092,341.68291874506303,0,3
0.23808966254833827,725.0997894368112,1,2
0.08854872975746861,419.33773926720477,0,3
0.44411440380432576,1041.1387204168336,0,3
0.19117761529442087,651.5095674892747,0,3
0.5663185763709795,1722.6647086337605,1,2
0.5164862066289961,1438.3351726088508,1,2
0.22273493371089495,516.1191007109962,0,3
0.7820779027534094,2891.666131058821,0,3
0.4030154294637721,1816.442423100462,1,2
0.39593233041278214,1168.912787457553,1,2
0.045996158532203624,227.48880025728755,0,3
0.31097989543425403,1402.262726408979,1,2
0.1314849875218233,866.4658607222398,0,3
0.20400523479631,690.6423493659103,1,2
0.7114441833646907,2317.766034834169,0,3
0.08598055148177777,490.7802437524662,1,2
0.07585842593798717,356.3941238269032,1,1
1.1987396363416716,2945.6764240255634,1,2
0.30266897125043407,1365.7599970881083,1,2
0.4440798712008498,1031.742607658386,1,2
0.8708925666233787,2348.4595230979226,0,3
0.30942768068192666,1410.0852608919392,1,2
0.23729850765005778,1948.7538186993356,1,2
0.08250734581036513,677.3728611870038,1,2
1.557590603426114,3527.523703746785,1,2
0.287763848822931,677.8866949617416,0,3
0.5563887373235878,1880.6354267498361,1,2
0.459192308928657,1921.097246145202,1,2
0.14541172635122424,416.12200870838666,0,3
0.572982950296377,1419.3453204814896,0,3
0.03639850833743382,209.42746053561504,1,2
0.6250680871963112,1533.988949625972,1,1
0.26987047082949633,1230.8434838132628,1,2
0.7108529760056727,1990.1356938900578,0,3
0.14948893478077088,349.80829270864166,1,2
1.067946616261523,2503.352504844396,0,3
0.5905360577640624,1742.3709241531221,1,2
0.31176776943009654,914.8214028491141,1,2
0.3542266567074692,912.6448472128693,1,2
0.1659389442640378,651.327303754522,1,2
0.2910040186910616,1162.7639008927404,1,2
0.5304184404205254,1233.0953623865025,1,2
0.41487148585360334,1697.1470036844905,1,2
0.021860379557929223,125.2082717303604,1,2
0.13175968731901364,601.2281332351147,1,2
0.39034395030682634,1819.943707725652,1,2
0.5408270182943667,1762.8424113759665,1,2
0.23120660483669994,1088.5975331278273,1,2
0.20368348149494886,1337.935535874366,1,2
0.40980706602616307,1919.399022895783,0,3
0.27052921589827156,1106.4603579172403,1,2
0.2047789260530456,669.5672951833724,1,2
0.1483879003636869,454.83615146233115,1,2
0.2616462711874984,1712.6195671172452,1,1
0.7631280295597008,2570.736423797089,1,2
0.4771389692601652,1621.1481053928774,0,3
0.4586829408723797,1582.621648619031,1,2
1.043097179078209,2122.624358409002,0,3
1.0480932964183773,2731.707116429883,1,2
0.09073830656192078,230.18912894330026,0,3
0.12178611765455356,249.58127378292934,1,2
0.13913868142121602,377.52503392913457,1,2
0.1773877942633745,403.71306343350324,1,2
0.6375135838194765,2669.775815521735,1,2
0.6930666805961908,1870.989057668292,0,3
0.14766720678878095,384.35107341646915,1,2
1.20683746276282,2712.5259615058458,1,2
0.18199961396179884,604.4863590637157,0,3
0.631135741611512,2328.530251492073,1,2
0.18175669239030526,822.4094823876104,1,2
0.1550875736665126,707.031712912572,1,2
0.7119051024955195,1919.5330036562048,1,2
0.6065129879947829,1491.3410601873156,1,2
0.7911971612525304,1607.7991636418878,1,2
0.08754534974826436,402.0934618217886,0,3
0.3011462666643884,1190.8276319183096,0,3
0.5802473868808289,2011.4939336618854,0,3
0.7073792888075299,2299.0028925059314,1,2
0.7070233862566793,1738.6047957524545,1,2
0.9982013298931485,2779.9123534955943,1,2
0.10972874320339897,460.3138582369863,1,2
0.13754537518754545,630.4106893753834,1,2
0.290297045112365,852.8104528736745,1,2
0.17183992093646885,351.6928444105749,1,2
0.20333248352017233,478.93165793840654,1,2
0.23194785195077514,1520.6326264987663,1,2
0.6894951358473004,3250.057813364913,0,3
0.0765164025912606,164.81517071551994,0,3
0.25518130475964057,1205.140535980393,0,3
0.0686606327633827,233.8275385172272,1,2
1.148131613270205,2709.439350035764,1,2
0.6887643131950665,1918.475946407801,1,2
0.1927524906141814,521.3901051187764,1,2
0.6821741544644643,1542.3408670201002,0,3
0.47800464744868915,1245.7609241498203,1,2
1.1041871745514316,2249.8634544645884,0,3
0.027978186569548633,183.79030488496306,1,1
0.0399956529142269,266.28978031365943,0,3
1.0933569893959663,2477.9487962734224,1,2
0.5101943724573,1726.601196866943,1,2
0.402850498442739,1323.2341988320236,0,3
0.4259795189206571,1930.5063543756573,0,3
0.4351893008951492,1018.0490568869551,1,2
0.41148140635695285,963.6082230553053,0,3
1.3631584377140837,3086.88018446402,1,2
0.7269574190241406,1717.4442238627882,1,2
0.4090306182835816,950.0411068397485,1,2
0.4833300511728994,1667.7705999869734,1,2
0.26545549098880206,897.4539902942445,1,2
0.624380918358911,2304.9276736863844,1,2
0.11184312360148892,438.1362447531025,1,2
0.7626327248884762,1555.0261593919008,1,1
0.7543710327598615,1942.2553236629026,1,2
1.337340201699051,3009.8966126622827,0,3
0.3570364390060861,879.4784968407176,1,2
0.20218106106057993,828.3914529463299,1,2
0.4959471327445299,1161.7808512021859,1,2
1.0610857993880314,2960.1317823176846,0,3
0.9389879495504913,2415.2041511201182,1,1
0.1679888823746095,959.8618131458009,1,2
0.38164850415954926,886.5617396590782,1,2
0.9642261255298442,2694.055280832017,0,3
0.16596790143285922,543.1541970515278,1,2
0.7740591189358281,1836.8293078847482,0,3
0.31487460792540534,1028.0034403841396,0,3
0.2810058299959259,917.6443119540994,1,2
0.823700462371714,2495.5234843912594,1,2
0.4110640494791883,982.3248160036109,1,2
0.3324427473024038,1554.8666975614522,0,3
0.2802376035374896,1837.5082003152518,1,2
0.3732074765010534,962.277188437128,1,2
0.7541570929039092,2548.8154517581206,0,3
0.3496008359102589,1028.0718619661734,1,2
0.6136853172756841,1709.9749476205052,1,2
0.1915991862867363,901.1423712707793,0,3
0.28532559755595316,1286.2428225756303,1,2
0.4005080236068969,1888.8820882411178,0,3
0.21098556593205234,1730.6207998923478,1,2
0.5156723292657849,1334.0278265149257,0,3
0.20444706292508072,1347.7499975686028,0,3
0.4133352515042723,1650.7751770234327,1,2
0.6345864275090338,2990.6880685911233,0,3
0.8648132003943234,2062.2602571367706,1,2
1.446737116168394,3276.6504391543417,1,2
0.2710526468972585,1279.244403900652,0,3
0.8319387639785002,1698.9898417021611,0,3
0.4031772103388962,1819.2252962717896,1,2
0.2332128619208488,686.8858663426164,1,1
0.126017802176835,445.218545927485,0,3
0.20393107366785865,1162.5963439154878,1,2
0.45004005869946634,1517.300004085558,1,2
0.2751189433130934,1810.1892423484026,0,3
0.8244308266512388,2785.29001675194,1,2
0.7947253387205058,1952.3068412931843,1,2
0.6879271340117952,2099.427219379199,0,3
0.9421295000690006,2852.599411845799,1,2
0.6611878402406958,2241.9062136101056,0,3
0.22409138332578465,773.3554167640796,1,2
0.524955828135113,1811.3321841595375,1,2
0.20938412635039444,589.8318695700324,0,3
0.08169756310921128,200.2961121472258,0,3
0.3704131692573705,1250.0108471033266,1,2
0.37009701631482306,1723.4540827748451,1,2
0.057930241639038364,381.04549259571365,1,2
0.7588592313165172,1756.7695107743882,1,2
0.16023934342063836,1314.4706419705565,1,2
0.4671317289590176,1864.4485558252804,1,2
1.0093612437620696,2629.6194403153236,1,2
0.9159064680059212,2550.115163949403,1,2
0.20689972526330688,1180.9941183691449,0,3
0.1416006665620055,508.94246799093787,0,3
0.7548230013446978,2286.0780148565123,1,2
0.14454789662838652,472.48144938072676,1,2
0.26350971327923534,1031.0672087173205,1,2
0.21069054919307698,476.52646161592753,1,2
1.2082976648176456,2856.3677393782473,0,3
1.0065109391389078,2350.8533753300976,1,1
0.5511185027052972,1277.6572605357203,1,1
0.39066258708932666,1322.773735034266,0,3
0.20919513199308298,960.9425543783686,0,3
0.29947694633519883,833.4562761590898,1,2
0.12999770560663082,448.9459958215825,1,2
1.5867507891030799,3564.900689498974,1,2
0.2045108528452011,1345.820192276945,1,2
0.30708678578236437,1049.6360505814905,0,3
0.28732413889974356,587.646638409466,0,3
0.018185984668734556,54.68840856361953,0,2
0.03484830106114766,166.24131560784915,1,2
0.23411353824186062,863.5770659953844,1,2
0.4623328811291389,1082.7497152642934,1,2
0.8283449981735237,1937.1796424384193,1,2
0.5199228970492916,2078.7236572415677,0,3
0.3442670300053884,1014.5583103138813,1,2
0.4461610770879048,2675.415527231172,1,2
0.19389417048972754,1272.1063234385324,1,2
0.5234327858509803,1214.7233605173071,0,3
0.8144039124469677,2765.743646500451,0,3
0.34225312291052923,1594.1469058685825,1,2
0.12906147698172607,1068.0314288380496,0,3
0.3011876493646525,798.3882498706665,0,3
0.34296944433911786,1961.0038927275023,0,3
0.36839519649328123,872.0089303379985,1,2
0.2703998084632356,1770.9463577367944,1,2
0.038693680789337596,156.073956293628,1,2
0.2088623721798057,1373.9008332170608,1,2
0.1392624745725256,583.1430947857638,1,2
1.6032019079958517,3630.4605000925844,1,2
0.18899935025959957,766.1841464727526,0,3
1.400066234271781,3168.1995988408958,1,1
0.4029689863071681,1364.6545574786442,0,3
0.8121758981527237,2460.94150793053,1,2
0.190990316232008,660.7173926551148,1,2
0.6825639670629631,1757.4972398998032,1,2
0.0726389286505231,174.15506113710026,1,2
0.5393096516423584,1987.9589916000834,1,1
0.8810058981025893,2966.5754219486957,1,1
0.46537286947128664,1824.5456339519776,0,3
0.10362995109007903,409.3520219371172,1,2
0.3455282960381118,1966.866777218785,1,2
0.14506661901170076,664.9260264741592,1,2
0.1139543471733024,749.1080569808277,1,2
0.5571685372260258,2335.964782543254,0,3
1.131412365526444,2298.134623460367,1,2
0.1951486265778018,881.203145990522,1,2
0.35050228204393963,1399.523914513306,1,2
0.45616270746904314,1574.2938981322536,1,2
0.5095837848372623,1717.0788865694726,1,2
0.1049346616861937,303.85629839533186,0,3
0.42866079421775405,1021.4148731857927,0,3
0.531674219716591,1622.1863007405586,0,3
0.040913238660975425,137.3956550923688,1,2
0.06044651308644801,209.19640938843543,1,2
0.028826012865842895,249.32677337385422,0,3
0.8375584599911623,1708.9791190783053,1,2
0.7582823499211798,1792.1780980616497,1,2
0.15504973405808942,932.9878618168697,1,2
0.15941390844988215,624.623714894015,1,2
0.06622697669681397,229.93186058566482,1,2
0.26305414851122894,917.7203419214175,0,3
0.9764685484698585,2268.212357236649,1,2
0.8388177832767368,2260.8253181907558,1,2
0.19579143060754872,913.2036213976562,1,2
0.9337170959210231,2228.9256234315935,0,3
0.7190017018326497,2111.3540789273643,1,2
0.4266402855533311,1257.1116034314432,1,2
0.3177318478354293,1032.0031794802412,1,1
0.8778709129062018,2055.473555168076,0,3
0.6331731763100742,2189.198412351232,0,3
1.2507108102539939,2830.920699852893,1,2
0.41067047553376435,1253.4451216109892,0,3
0.5191643595874663,1397.815069677989,1,2
0.757608964900648,1755.299206006003,1,2
0.4231544869278885,1773.2904629486918,1,2
0.22404411182612513,522.4864598416586,1,2
0.32590012002217994,1102.5515843078285,1,2
0.7560814354989202,2218.170207850598,1,2
1.033541187682068,2443.124386447789,0,3
0.4492788764877653,1767.9803000925442,0,3
0.4489024585973521,1059.8997721059068,1,2
0.7211021409021485,1673.418246977609,1,2
0.0933220087180379,336.91952169100534,0,3
0.42940059317833973,1006.3238559466183,1,2
0.5105720669446009,1663.7279325252796,1,1
0.6191200799850867,2091.5208775116785,1,1
0.3922067904411227,1322.4250652652502,1,2
0.7591853493925362,2467.567992386864,1,2
0.40108465759949596,1048.2594755009761,1,2
0.6429787318024848,3020.4495403012643,1,2
0.7551949220261462,2551.0329110665093,1,2
1.2439840949914498,2819.2346634629866,0,3
0.1545311128994264,546.9293537819674,0,3
1.1540811539361813,2345.240368141435,0,3
0.2376425373332409,776.2169792862016,1,2
0.5102808879230744,2399.800717058949,0,3
0.13994818997728467,561.5604047062843,0,3
0.501841901778379,1522.061518656624,1,2
0.1950616317820785,889.5112648093574,1,2
0.8705854257972679,2024.2556426483297,0,3
0.48891716913548705,1145.1161202240428,1,2
1.0205223323697583,3438.2391647163295,1,2
0.030204850227250613,73.59987423696698,0,2
0.30196558896233555,988.8048927594195,0,3
0.03168413523006486,134.45630809729286,0,3
0.05381431187064407,232.3952783514103,0,3
0.017309473965137597,75.73930845174321,0,3
0.33444107722507543,682.1912226539612,1,1
0.31254452069962824,1782.2198907016793,1,2
0.06911483837262196,206.5103647897761,1,2
0.5418789974122556,1598.2005225514492,0,3
0.2779550785671667,1111.1902792650021,1,2
0.7270778870962235,1715.51171926774,1,2
0.7839501778940713,2310.8644021969085,1,2
0.7229848119502967,1724.568413502345,1,2
0.07839927747278277,187.38158562406903,1,2
0.3120681557020332,1468.1611818709596,0,3
0.8689316022528949,2029.961205694836,1,2
0.2882115138451457,2364.410708272533,1,2
0.1945108842967406,661.6676223033636,1,2
0.19009375298360734,744.0823203728331,1,2
0.3883297113997574,1159.4159952475534,0,3
0.07936791928084996,294.11226718152665,0,3
0.22471840267846765,522.7019362882473,1,2
0.07769534275496627,374.94353047940956,0,3
0.3644086140414175,739.8086972250492,1,1
0.03842762171884148,137.2658533250035,0,3
0.10838450360654389,509.08329764231416,1,1
0.2877916118556915,1651.3647713995122,0,3
0.7736146559795305,2618.7199258028227,0,3
0.35099489564645475,1035.9159101693604,1,2
0.8647316901239771,2008.429201900717,1,2
0.3866727266765271,791.6870047285652,0,3
0.5403783114413803,1418.2733047229226,0,3
0.5228762463376923,1705.5480443900212,1,2
0.034465251510375265,139.49466493473147,1,2
0.7237347150639805,1692.489095452069,1,2
0.3028786134380938,1988.60982678661,1,2
0.11084928220960111,508.34530525100087,0,3
0.3484865921420092,972.437889496962,1,2
0.30572643896086055,722.2045474734365,1,2
0.2944104721611882,1926.6518421214753,1,1
0.16099127594249657,1320.5221597865425,1,2
0.04526008315106444,381.71990742273704,0,3
0.14738409896137253,885.0493865403581,1,2
0.03797685802363568,174.4034171613979,1,2
0.01710546833446735,101.44199494597825,1,2
1.2494966972990287,2548.654790251745,1,2
0.3851706306017509,1610.9674450469606,1,2
0.1194401012353301,370.3265633095163,0,3
0.5216871885394295,1926.119644655476,1,2
0.21559439533926608,1235.6110575292034,0,3
0.09547638257680956,319.2699080409273,0,3
0.4538771037303341,1265.4712257768465,1,2
0.4994458478485038,1702.3508764100484,0,3
0.09708397285059024,464.5340553189927,0,3
0.11222601300448853,343.83585694768567,1,2
0.9900411029480471,2019.3735465092452,1,2
0.5576137541267877,1690.5224269907783,1,2
0.8823763201601481,2377.9169312737654,1,2
0.8123730380286867,2641.6231582148685,1,2
0.3773631602720587,1148.0931647032571,1,2
0.37411698901581275,1568.6639457753677,1,2
1.055531530474827,2488.81694336895,1,1
0.2342244757489588,767.8532868846171,0,3
0.4766017129276026,1960.1443585068919,0,3
0.23520685761060273,994.3825881141662,0,3
0.5989289508923155,1954.4617800136864,1,2
0.017594000692860722,73.16247776271082,0,2
0.0713464305837664,429.6247914898867,1,2
0.13488342847057128,326.6185748910849,0,3
0.3313179025328156,1119.422542622833,1,1
0.4634082609544699,3041.897912507121,1,1
0.6121717873817596,2116.8529198354795,0,3
0.4337991853880937,1697.148329744583,1,2
0.8472768504228955,2867.7389783863428,0,3
0.9737789353853104,2717.56196738917,0,3
0.10342995676499778,634.3960080649391,0,3
0.6105277277941084,1701.9901355769994,1,2
0.495938895233921,1012.8977583683201,1,2
0.08242152371193728,208.79650903380664,0,3
0.16344354697285923,943.5107539987221,0,3
0.15752560843597774,516.7244867849138,1,2
0.16220549479699256,1080.7742637714566,0,3
0.19360817441291095,525.7781376541434,1,2
0.03946698220327633,105.44762871969533,1,2
1.4204826090790699,3189.8865133880877,1,1
0.13412307622967828,881.7507588894096,1,2
0.27015339817163375,1619.1378869671203,1,1
0.2307992964982882,1512.94025428313,1,2
0.2518913725978505,859.081613373265,0,3
0.008747616538511806,84.91437497036932,0,3
0.21197138917887345,1210.2218719387463,1,2
0.8002893370183967,2709.166907646196,0,3
0.07560225821424768,182.77214006137564,1,2
0.8865057262976725,2065.941100924706,0,3
1.1405823160326478,2691.137745194676,1,2
0.1399012718959327,596.4726311148398,0,3
0.09964977411717053,303.65506232738886,1,2
0.3051405890187455,1039.970898877585,0,3
0.31097889799471273,804.326777274379,1,2
0.7559989635031459,2225.513433090962,0,3
0.7395042508621813,2061.968835113278,0,3
0.1799980036782606,611.590317882958,1,2
0.7738646999711393,2519.5416770375286,0,3
0.35120100199695753,1596.5437646680164,0,3
0.25577543751117365,1462.8743898025439,0,3
0.7166766315605315,2642.6719410319265,1,2
0.8226479348474663,1962.0422023262595,1,2
0.48121948507548656,1117.9148284499286,1,2
0.5180808296587756,1204.070923251992,0,3
0.48878771980818475,2303.393309243542,0,3
0.635376241184855,2064.40592846919,1,2
1.0725067516242577,2532.8461034941774,1,2
0.9448814772000901,2322.8404271045615,1,2
0.2734129969233585,749.9163937500336,0,3
0.4513623534751031,1609.1065533730023,0,3
0.5036454681493555,1981.8562406439187,0,3
0.04888570360233241,306.5850118733021,0,3
0.20134989750865273,916.6461254771228,0,3
0.16177276293051848,545.7181630361991,1,2
0.04453701397966817,258.31950528696046,1,2
0.47062307569982736,1388.473818698905,1,2
0.1492594117670033,348.13640132307046,1,2
0.1037129970435156,309.8205983973121,1,2
0.28253982720623183,1849.0737346415438,1,1
0.028152787678329037,83.06286767924877,0,3
0.49974378829404625,1629.2679089318697,1,2
0.2921393107620175,862.7276549907142,1,2
0.05585711933402481,208.11099147793558,0,3
0.29047003561310863,1310.071007555243,1,2
0.4843558790577932,1594.623196177354,0,3
0.09528633275952163,325.30191461739827,1,2
0.15141333594485207,372.26840135949766,1,1
0.23205057005233318,1904.2670397165584,1,2
0.8437787195435488,3112.9581490607143,1,2
0.7880307435015004,1772.335320879714,1,2
0.24701870980322557,807.7182320837987,1,2
1.1247616962479787,2631.3843245837907,1,2
0.27855092319011376,627.3949810290128,1,2
0.24350316010654852,2008.3257550077303,0,3
0.07669059812726063,505.9124195488891,1,2
0.23993542191075418,559.3539883809734,1,2
0.2762950291476958,1130.0086465796485,1,2
0.9552017205330297,2656.9271688898857,1,2
0.538288545968363,1212.0657056402752,1,2
0.5563977165721365,1315.3068529928498,1,2
0.5829322277922664,1964.5755207718837,1,2
0.9488011940099013,2472.251720042276,1,2
0.11456954915715659,955.5001600454557,0,3
0.08802725186772362,369.5961746078393,1,2
0.8590956022206594,3167.608885784253,1,2
0.03186133936374346,110.89613233971569,1,2
0.03364137164366391,222.4088866307302,1,2
0.12319699556819103,821.987985670817,0,3
0.7938745206510374,1839.2015884943917,1,2
0.5179459544313282,2114.977827839125,1,1
0.13663299714219376,384.78336306698884,1,2
0.08944057950339834,215.06656556455587,0,3
0.5019052238961936,1637.389786236992,1,2
0.0892638679741881,270.9495361526349,0,3
0.3963982088170754,1294.8686504906009,1,2
0.9356898017112574,2529.0729336215277,0,3
0.21637631354386666,503.5807130718748,1,2
0.3319434702094077,1898.3408293575158,0,3
0.9860338337044863,2216.6612268391923,1,2
0.4136398932030531,1694.6105549370307,1,2
0.10518757419501952,498.97120323418864,1,2
0.186583476815243,1532.3472078431926,1,2
0.42965389716706665,1714.0554175317207,1,2
0.7391489368902336,1904.974452055158,1,2
0.3525534205160831,1159.0266700208424,0,3
1.2407099248971247,3047.7004369895394,1,2
0.4778894900531597,1233.7668809526901,1,2
0.40352308118618235,966.6936565696717,0,3
0.6467239672748233,1502.1278086712305,1,2
0.5124278421484914,1346.0307681123422,0,3
0.7048352861855343,1813.987125308182,1,2
0.545339288414371,1777.4528986207933,1,2
0.3748245781552466,1469.6123707217816,1,2
0.3194834552245229,2115.388798368094,0,3
0.3301556581959423,976.0402509109991,1,2
0.576454398175918,1695.5623241603223,1,2
0.4887906235700388,1820.036463931254,0,3
0.20648669040701445,609.1924081270186,1,2
0.35797427284185784,1633.2760804925485,1,2
0.17174618824741553,674.7621859508615,1,2
0.4491970847715037,1519.7447182530143,1,2
0.8277578986654831,1938.335294892499,1,2
0.450548408474231,1258.4994963796764,1,2
0.5818590742480035,2081.5789307200407,0,3
0.4953772421241037,1124.3484465317745,1,2
0.0237430817351182,66.70286868224667,0,2
0.09391863442040226,430.2601623454204,1,2
0.43867970190324873,1487.3977387997274,0,3
0.4577502451509154,1193.0061008362832,1,2
0.2524157155511609,1655.2843249811333,1,2
0.06671098474225981,322.17225085897087,0,3
0.5853123252272909,1362.6308421714941,0,3
0.21435144160455308,703.1547706411637,1,2
0.24641945232483634,2032.7786355125074,0,3
0.050129326115399234,331.048174619669,1,2
0.3831211529132426,1164.0429278275012,1,2
0.059859128647622724,152.18582968068793,1,2
0.586603809008448,1375.4121053178344,0,3
0.16811721935904494,455.81973655555504,1,2
0.2861152240985573,772.3547791485315,1,2
0.6126217157524503,1421.5722139379943,1,2
0.9623565002242725,2295.96504125458,1,2
0.23717965204237434,703.0330879543615,1,2
0.6237195034628816,1896.9966665800964,1,2
0.27988975259337606,727.5281737402137,0,3
1.2237576462386444,2891.3625305406945,1,2
0.16495414487703206,704.6341116854377,0,3
0.8834826564494296,2397.443453853457,0,3
1.0968426508751892,2577.6040806094907,0,3
0.6792920506834466,1771.8943949971303,1,2
0.498569687461111,1388.0878287873693,1,2
0.6362563817959532,1773.0494166689002,1,2
1.0593736880885303,2163.611780854406,1,2
0.9338968259107641,2443.9404617061105,0,3
0.3838904622767399,1302.9783047046599,1,2
0.350999105189556,2110.7487403258747,0,3
0.8394572903312146,2338.7557520254713,1,2
0.5899163003388969,1791.8375240132707,1,2
0.277974556667092,1257.356487435273,1,2
0.15432661624337973,726.0136206378157,0,3
0.5045252325381892,1864.1670274521448,1,2
0.0403725353789955,169.85883967246946,1,1
0.23655224737152483,700.0249602163437,1,2
0.06965456052726071,293.55440005014617,1,2
0.32182934089072796,1286.0496011781852,1,2
1.0854379935590828,2219.553258270901,1,2
0.16595939836279197,754.3167929549876,1,2
0.1319249890766862,601.933608540397,1,2
0.07807545265367727,460.5770797019001,0,3
0.1844878724822096,610.3280994300578,0,3
0.04177999556670938,146.0838858058647,1,2
0.28016464232386373,998.3760174856405,1,2
0.6597130955845175,1777.5575738523853,1,2
0.34585384179124,1050.036077760212,1,1
0.7967304212150645,1623.2903851144617,1,2
0.06083192498781757,348.34197011147626,1,2
0.5499944175261903,1614.1669420492128,1,2
0.3344065230115051,931.7399443822826,1,2
0.11707049845631565,770.0410945776083,1,2
0.6730721459371275,1818.672133565323,1,2
1.005767983891351,2490.5534325476883,0,3
0.5767549527705838,1755.2309412518214,1,2
0.6494711078848047,1343.1591525976241,0,3
0.1321576671539886,491.77567288087414,1,2
0.3797037898577701,2507.9121539294733,0,3
0.051615162871841924,148.1788418259906,1,2
1.140697993112618,2800.038268001861,1,2
0.7870569083749731,2200.3743866049417,0,3
0.06416098142078318,271.6795769633105,1,2
0.19792438450524777,460.9956412092401,1,2
0.4333864715091966,1321.076113964297,1,2
0.10436084343424279,250.89180481521905,1,2
0.0826626255437923,325.99824771437557,1,2
0.2285890073917631,777.4517755952778,1,2
0.7100834848168526,1978.9325261333868,1,2
0.21479926734566623,700.5163586518778,1,2
0.2904947248271819,986.0053438534245,1,2
0.7465814607094399,2089.6303610363484,0,3
0.9292854817481054,2587.6740493921643,1,2
0.1177135962981067,275.2943476281641,1,2
0.8730505686845381,2146.410048732872,1,2
0.3002904879663517,1370.065035393158,1,2
0.5772396680481295,1376.3027138985847,1,2
0.11091991403270189,501.1891217268414,1,2
0.9471754747300646,2260.163469750482,1,2
0.10631861049552488,358.55650809974026,0,3
0.3620222283470392,1103.1992646196156,1,2
0.051851141830776874,219.17350092466535,1,2
0.5826594566015124,1903.1812239962758,1,2
0.35466767418584727,1171.9028689675715,0,3
0.6953791860154684,2261.0882431110417,1,2
0.2573859320129045,1468.1344893716819,1,2
0.28778177202348265,1886.9641658344015,1,2
0.469698967093669,958.8161008135456,1,2
0.5740170367896338,1615.1743451447371,0,3
0.3812495460960199,1801.8659212826967,0,3
0.708635039835948,1913.8400591226284,1,2
0.43639788534618473,1475.8928105519376,1,2
0.6388257276095198,1484.7169859454575,1,2
0.4192980899986061,959.1052407576619,0,3
0.07837998961510326,316.1873639659446,1,2
0.16761421943147045,559.0126670670794,0,3
0.8402980219495578,2164.7741944390423,1,2
0.11920695975205242,285.4448109268958,1,2
1.2714945873613468,2856.9338842649004,1,2
0.6171028967441918,1877.7886337726459,1,2
0.1985558199921997,933.6037472419417,1,1
0.20016730207024053,692.592871418792,1,2
0.23868595818319835,1377.3225307366617,0,3
0.5029804295617596,2022.0017464395817,0,3
0.04224582288826832,291.31121134850923,0,3
0.2731816448525859,1235.0394302282582,1,2
0.510313372399147,1423.4900395918894,1,2
0.13791745111741865,930.4568788826566,0,3
0.26332221028558833,916.717873622931,0,3
0.557446787931784,1466.737827298531,0,3
0.02193192231115412,137.59787291283428,1,2
0.03134819442191791,110.41146571501451,1,2
0.6084662763512187,2058.0265823952977,1,2
0.2467215552264678,1161.3150189009723,0,3
0.6655859364537555,1593.2824713339044,1,2
0.7225403207129445,1677.3577045916031,1,2
0.16333653092128764,372.2657210877731,1,2
1.3700537620056241,2785.4515123605415,1,2
0.4899482306536265,1365.9553806355673,1,2
0.1068669575407746,890.454786995488,0,3
0.15584089235184212,1050.6090658787455,0,3
0.3852893875242377,1309.6366212367698,1,2
0.5982212311080267,1220.96375571908,1,2
0.5668285035115913,1372.7277205676444,0,3
0.4315908219405372,1403.4658881961302,1,2
0.4365738054601779,1759.615301667831,0,3
1.0425992925210676,2467.9489686832826,0,3
0.7751788951921946,2163.4888926165995,1,2
0.09934476774744556,303.537042447644,1,2
1.5222642192629852,3447.8723501864547,1,2
0.17249798204737418,734.4761496053882,0,3
0.5436667019702317,1611.2395161581837,0,3
0.2971099447931482,1230.3969460910125,0,3
0.16310311019493454,751.3607464318613,1,2
0.21324756588854393,1404.4252281269262,1,2
0.0981660570958289,560.9098161648179,1,2
0.3878424301538129,2353.1406303270815,0,3
1.0346720636106983,2420.937606400094,1,2
0.02790938535299112,230.82050787402463,1,2
0.23969008229523361,1136.8402658873406,0,3
0.6608406144147373,1485.6616596882427,1,2
1.2126680457185373,2747.766581607243,1,2
0.34035549662285136,895.1873238827942,0,3
0.7167537059815987,1845.3017046784057,1,2
0.33344727380272093,800.0492414997018,1,2
0.7792799242611035,1820.7501891345769,1,1
0.19322520475852314,450.68779764645456,1,2
0.6327387221654421,1471.3842644915708,1,2
0.40906312637560394,1908.1121330149867,1,2
0.7959459147994544,2142.981585039427,1,2
0.04951122255892884,223.88341177256234,0,3
0.9409128444660814,2205.468901762944,1,2
0.5421389076479822,3559.962796534435,1,2
0.14388004578119043,336.5149782581665,1,1
0.35575602500359654,807.2876567924944,1,2
0.5040501718269117,3023.7870739713903,1,2
0.48729616500163103,1377.8155559961758,0,3
0.21091411448288389,1389.2214279711823,1,2
0.40806383445286887,831.7914339078595,1,2
0.7285693351877358,1723.192950014023,1,2
0.3274599919263088,864.2454460614744,0,3
1.0087791762161296,2049.3114264608976,1,2
0.23093759642345202,1055.2293480586516,0,3
0.5997464956023596,1542.8381508508314,1,1
0.32849211043505594,1496.1188409334534,1,2
1.14286830200435,3180.252202120687,1,2
0.7862379689853599,2655.656239366552,1,1
0.29904689308443927,975.7235458354255,1,2
0.8051030291125463,1825.6220286353655,1,2
0.2817980410218962,1272.1931245583582,1,2
0.4540065506210273,1234.484314664398,0,3
0.5388511427657984,1638.040973035598,1,2
1.079649872360417,2194.839553460126,0,3
0.8106711389266881,2739.523581734446,1,2
0.28345317066814985,2333.875496559805,0,3
0.5575753706958747,1565.28331212172,0,3
0.39367700276972367,1289.7555769767673,1,2
0.3079021998503405,830.2875896038619,1,2
0.3810093708299745,2291.7177895595037,0,3
0.8201575339948197,2766.1883281666937,1,2
0.47230104289342184,1540.9132287166096,1,2
0.9523778149935914,2144.940172880925,1,2
0.02789358351718925,117.51374905763825,0,3
0.15916549774046707,654.2506229864014,1,2
0.48921168830152506,2001.6776831575735,1,2
0.07708845529357096,328.0727701012528,1,2
0.15064986299475708,540.281276678682,1,2
0.25939821726427004,1210.9272942854936,1,2
0.15875183761148923,1304.20430295353,1,2
0.14021379534015802,655.9358411010685,0,3
1.0653416815979855,2627.2030053420262,0,3
0.13608928606863768,316.2828827563866,1,2
0.14644508863186145,620.7823442021748,0,3
0.2914293502926581,1369.376134988699,1,2
0.5682190943387273,1343.0824938215967,0,3
0.3885552767991263,2329.1283826983213,1,2
0.19810696659678265,671.0511612302035,1,2
0.36251570190293253,837.9007920681491,0,3
0.4607352622672215,1840.0656528552001,1,2
0.23847452227862487,805.7665198481785,1,2
0.6643521632981951,1790.1358794973842,1,2
0.7129231352932635,2425.1645448858358,0,3
0.22979188739328554,566.2008350372539,0,3
0.40804415483554207,1900.6656898493784,1,2
0.1252797714652156,269.6680692517432,0,3
0.4791109048665756,1614.7921830286948,1,2
0.3489233748020696,1140.0245716512882,1,2
0.4913884175204406,1696.018208425403,1,2
0.320124967984543,946.0014905959475,1,2
0.4901644216976156,1446.6485126978541,1,2
0.50624888211337,2082.7333583368454,0,3
0.28420720492865054,1139.6773302371446,0,3
0.9019902433884621,2324.575688894804,1,2
0.3169878713626573,1805.7462876702264,1,2
0.5376149663148129,1752.7185960021477,1,2
0.5603564434001015,2633.4570161318816,1,2
0.13740380925396253,320.5251388256284,1,2
0.49912667236082603,3279.219751785906,1,2
0.43233505581966675,1205.7023637042398,1,2
0.4548269665089086,1483.5473470545915,1,2
0.23930921530721666,978.8843879407896,1,2
0.339257388062227,1553.0071828115733,0,3
0.5924766394126445,2187.8536539548704,1,2
0.0394627016856347,156.50964240893495,1,2
0.04914505338707596,122.21655086167455,0,3
0.7332817680091137,2042.0781109353893,1,2
0.4976583213665049,1985.42379821431,1,2
0.17677867973729347,708.8432580865099,1,2
0.8634128386582831,2908.494585540271,1,2
1.1248461564151833,3131.7177875485163,1,2
0.3363516066913318,1161.9269042646579,1,2
0.4035733232360232,1197.5086147552033,0,3
0.6654163868819327,2249.531842373994,0,3
0.4313121612984063,1123.9004333231462,1,2
0.5603231776822963,1934.4617149344945,1,2
1.040547392707183,2454.271219091861,1,2
0.8384259798027087,1958.6129210125525,1,1
0.5376457023327499,1816.193542156908,1,1
0.11121688703175775,669.5168943966986,1,2
0.5447967831794053,1651.0588802087948,1,2
0.8038403066351061,2176.396001619464,0,3
0.5673609408571747,1723.8163337129452,1,2
0.8783371326485145,3240.433678907654,1,2
1.0908889333652838,2217.4064958185563,0,3
0.9351887872182448,2438.0365327695527,1,2
0.7566955140442289,1858.3778073477185,1,2
0.40474744749862196,2657.127036490222,1,2
0.6481034288503181,1911.1232765952016,1,2
0.32142922923811496,1283.4413710256717,1,2
0.3391835142078258,915.7592184173391,1,2
1.2071029378396938,2965.7908415383426,1,2
0.12805632619523144,311.5110473587386,0,3
0.4493668318609596,1594.9210268999782,1,2
0.5228163633919958,1458.3962009480513,1,2
0.4489494534347146,1755.1800990586694,1,2
0.10470528744456452,609.2825474141977,0,3
0.018931142564335934,77.8577876033579,0,3
0.618805759523381,1622.6745860530364,0,3
0.17662710370948953,1065.5313749734917,0,3
0.042805972637977134,203.27037809072132,1,2
0.13861794429562208,474.59612107444167,0,3
0.3963421221968,1204.200517182299,1,2
0.34501990303804564,1167.4591348353565,1,2
0.7391160524692932,1716.9991662598009,1,2
1.6166483453681797,3660.035756882618,1,2
0.47940664721528925,1874.2403651366758,1,2
0.11901378759386724,480.5046957779593,0,3
0.14075373242154746,804.2177289056283,1,2
0.00725238421625032,41.92638086039389,0,1
0.6706632393345707,1865.5176327791428,1,2
0.07312363318425794,297.24737505971007,0,3
0.3144191870895092,1228.6815122134342,1,1
0.8235447459780662,1910.4413642282702,1,2
0.03034912516121743,102.99172731533329,1,1
0.7380380373119844,1740.8164770470128,1,2
0.4976992890730189,2035.9315759106034,1,2
0.7646736694786738,2250.808823910915,0,3
0.0678369832530921,258.5511662451232,0,3
0.7744296877349144,2274.386497349505,1,2
0.17860017550165208,587.8228249728016,0,3
0.13881505577202613,654.3545287759468,1,2
0.385542889807211,1304.7564434825924,1,2
0.5072937579151143,1986.6628068857474,0,3
0.5910037156182423,1402.134827613688,0,3
0.6793672265557243,1538.0363513848229,1,2
0.2865033983935911,1059.8298488442751,1,2
0.08403149929815627,191.1803086488149,1,2
0.8062288586760747,2974.292556083978,1,2
0.23226191451132513,610.271795078836,0,3
1.243519470033084,2793.846461551671,1,2
0.633483246198871,1295.0971998073212,1,2
0.8008143684557514,1879.1730795124517,0,3
0.3480011225573604,1244.0119258834466,0,3
0.3515117922970276,2003.5025757130577,1,2
0.1881899285363337,1236.3498140471893,1,2
0.6601827209702197,2145.795378913357,1,2
1.2732436183661828,3549.5028085354916,0,3
0.13353956636421146,471.46792819100676,0,3
0.540925534273444,2540.4003629204717,1,2
0.03285841644408957,115.4300608182588,0,3
0.2257600940745631,945.6523968000446,1,2
0.6379237986595943,2358.1547868944194,0,3
0.7299680035840483,2215.246044363789,0,3
0.4439598967178942,2002.2062473011779,1,2
0.16910979949665986,498.9349861919699,1,2
0.40299438932510345,1885.003857214804,0,3
0.27057163583721033,558.2232510406717,0,3
0.08113682911666675,464.1570639877848,1,2
0.32710952389504655,2145.5360656522607,0,3
0.34223583245970524,1616.127706367549,0,3
0.15906193206892694,1314.134653050748,0,3
0.49131437830294855,2064.2171865493833,0,3
0.6809922194884815,1674.1043173544726,1,2
0.35295358681774325,1644.3979345480057,1,2
0.30705798340933105,1202.0806709621427,1,2
0.39742594455472324,1858.3718445596562,0,3
0.5856336604424257,1582.1299388647412,0,3
0.18126377796515325,617.4191381180816,0,3
0.10851293859068403,891.2742113408763,1,2
0.3588329463215926,837.224107770472,0,3
0.15563861319147282,1276.1803851754453,1,2
0.27796514016112844,1584.0522460576294,1,2
0.9526626749005771,2253.3489458455724,0,3
0.8140463172747374,2270.29703469559,0,3
0.15133624341404084,447.7180917751629,1,2
0.7390091320177006,3475.468830883302,0,3
0.4053880001781201,832.7282852715673,0,3
1.2627144523960478,2561.6358527556617,1,2
1.3640702168581573,2775.81994039839,0,3
0.3393581584133673,1253.412418854575,1,2
0.9212440218215123,1868.6550701483716,1,1
0.17116818553116014,1404.4309238613323,1,2
0.590074591752489,1203.847623535137,1,2
0.6938899771662153,1808.2186952927063,1,2
0.5782249253129693,1703.8183489520213,1,2
0.8124078505003872,2460.1654882804637,1,2
0.7001088884963873,1801.682613559225,1,2
0.5351497052048669,1750.058921818816,0,3
0.8724105317132343,1771.0879333424834,1,2
0.5394329684769734,1818.4130843835785,1,2
0.7399486482829689,1767.363949965444,0,3
0.27742993685730205,567.1790770029007,1,2
0.7065809118334624,1822.596372574016,0,3
0.06473236071453267,133.7773933952455,1,2
0.3608209230194853,1219.6429200333043,1,2
0.05444742709326117,194.59508169678531,1,2
0.18865729940062734,747.3247794289513,0,3
0.013128532215389883,66.60965305060205,0,3
0.18154139071503728,428.8867883389491,1,2
0.6460760092009249,1498.6215097528816,0,3
0.25875835677772685,1174.1614735956243,0,3
1.001551137293562,2608.7787532287684,1,2
0.0737262016895213,487.3591913290875,1,2
0.024413862521128288,139.92533707388384,1,2
0.5220955843996953,1213.1781719055023,1,2
0.16202139679803498,647.609946215462,1,2
0.7650650689431819,1774.2639504187687,1,2
0.5026367042170377,1855.9564360149143,1,2
0.11409448646940687,417.330597300575,0,3
0.7824268819167616,2380.4276339237217,0,3
0.19613607023218285,442.1796038299019,1,2
0.27756480565406766,1094.1829332323773,0,3
0.177222050436515,726.5769852785736,1,2
0.646696992864462,1467.1089646420169,1,2
0.8482580426304793,1733.3096037885418,0,3
0.6200196027018043,1820.4367821231672,1,2
0.4620294281316961,1806.7017141337355,1,2
1.2230489372234712,2750.103288222068,1,2
0.7043204952478788,3309.944920279082,1,2
0.11164757280911225,290.9605636751181,1,2
0.34739409142863303,2274.3613753188283,1,2
0.7024496811651756,1833.6207784710664,0,3
0.20590535058147696,1689.8973380052043,1,2
0.5199577283894984,1216.8725970697017,1,2
0.43992320477482777,1081.269734515714,1,2
0.29900937906080205,1034.958749529906,1,2
0.8160387813680886,2005.4373154922446,1,2
0.14234658445356782,936.2833153020024,0,3
0.5685459579068487,1406.0986128204888,0,3
1.1518945724506224,3000.114955477054,1,1
0.0486066096118962,196.41138801322566,1,2
0.4199797973692147,1379.1522581872941,0,3
0.06651622571593697,245.8232726535305,0,3
0.33637475273224043,1022.0374062318087,1,2
0.5222362800088691,2133.811330991039,1,2
0.9807749016718531,2336.6742678347687,1,2
0.09546858421517575,378.6116037234188,0,3
0.8853409206053773,2059.27466714704,0,3
0.2691294072092239,794.2164780443551,1,2
0.36966639980184196,1029.6931532605115,1,2
0.2805522596943387,921.6434961487789,0,3
0.7080935303477517,2097.855319176858,0,3
0.7166603437070447,3366.8101680848777,1,2
0.48777744564419045,1150.6123852144535,1,2
0.5417904487566515,2270.2751618503767,0,3
0.2234463270844393,757.4847317445223,1,2
0.1366014506122948,488.2801998354812,1,2
0.48285857847834124,1570.5598107534236,1,2
0.20965962114563724,846.6066546780658,0,3
0.7889884801316055,1881.7663844882768,1,2
0.5977960967275925,1760.8330796346497,0,3
0.39050268809853067,906.6533216084656,1,2
0.5385228927999258,1253.098498044634,0,3
0.21273536897732734,731.485847838294,0,3
0.32071295175020376,895.4003938787472,1,2
0.26833005820393446,933.8843819869628,0,3
1.1564725150098911,2838.3884301553644,1,2
0.3137043240866656,2062.2451301095384,1,2
1.262197905919708,3511.4408944716333,1,2
0.3897553224677993,1631.7702847130117,1,2
0.28234852774519387,1851.9753850422667,0,3
0.09546047436079762,334.52120468740765,0,3
0.5048442266166155,1192.6099272343226,1,2
0.11919754685713424,544.9802608568621,1,2
0.19062598047659976,1151.6338277140399,0,3
0.1374672020720973,1126.5549789757479,1,1
0.04500353600123405,271.4330599122618,1,2
0.1055327855804842,604.8533229736892,1,2
0.4408418311624689,1441.1235147232874,0,3
0.9253690839120761,2492.6562913277185,1,2
0.4696925569034686,1089.2192452623876,1,2
0.3837931389028741,1164.1318467481385,1,2
0.7785291661493843,2292.724832191376,1,2
0.19368626352949472,672.70262517231,0,3
0.10196195856972025,580.528124196316,1,1
0.1454394840799877,1203.3164733057076,0,3
0.32335588637007134,1324.0283073545081,1,2
0.19076254801470982,1249.6805146254674,1,2
0.016611394748776157,81.29077230951238,0,2
0.18827362813527765,745.8565359258985,0,3
0.7325684031082662,2386.838770263695,0,3
0.9254933509439545,2384.168198159676,1,2
0.5920721633054941,2108.0420592873093,0,3
0.40340705966840895,966.9335967539661,0,3
0.21684335160173163,604.7640251086829,1,2
0.43527425110249407,2863.336047545779,0,3
0.21904414410345957,506.30353050394405,0,3
0.5301553755233493,1828.2784478999597,1,2
0.21835254532899395,901.6804839017849,0,3
0.336583759934213,787.7474966262869,1,2
0.6639915957765296,1965.3421954045596,0,3
0.09584020830428128,400.50862634658205,0,3
0.5859733005180062,1976.8766496926748,1,2
0.049634288738181834,137.04823361167817,1,2
0.3957109302363512,1293.72473014542,0,3
0.8646692311631916,2059.1337588901583,1,1
0.5523681267617057,1539.4269895926602,1,2
0.45410598703058835,2722.145237752461,1,2
0.888270696039608,2080.7090678498303,0,3
0.3132590582064688,752.7409755364735,0,3
0.5595421125354005,1152.7236937673142,0,3
1.1440229972464586,2988.0352335262874,0,3
0.2551400063161508,2092.460111104299,1,2
0.10629924234111583,699.2968741541692,1,2
0.13348127795487322,454.8254703972937,1,2
0.3652407159195395,745.5221460981295,1,2
0.3189532392810497,859.0580209344907,1,2
0.461964036957722,1503.2761192596347,1,2
0.18423514838929897,1106.9274838346767,1,2
0.348575347231225,1060.0759805709372,1,2
0.36058746908282446,1094.0701028641117,1,2
1.211675284877098,2480.3449196901565,0,3
0.7565318972147135,2229.6938143956313,1,2
0.7280110923591001,1794.5696980986309,0,3
1.1284369953405995,2778.218222614785,0,3
0.7443570475070695,2519.257539426092,0,3
0.30909503253010695,1759.6624508473296,1,2
0.03720426133325946,86.81772234820951,1,1
0.20496162318532732,1347.7409611572757,0,3
0.34655066235895365,1354.3381991076812,1,1
0.044584082677982535,137.86044549958953,0,3
0.9062024478252063,2108.56946943905,0,3
0.2502295908953722,1425.9006306207682,1,2
0.261793983937861,1713.9969854387116,1,2
0.8683031083466164,1776.0186152707822,0,3
0.6205056559696053,2142.171093305533,1,2
0.2764280493721654,1157.78870950989,1,2
0.32548385724359974,1057.6749318314544,1,2
0.24334114650335836,627.1188159253795,1,2
0.7726192552080557,2339.025217744369,1,1
0.3973921872923361,1107.7140516511909,1,2
0.10988885967051516,336.8429259128559,1,2
0.11357814988890338,385.94394327530154,1,1
0.45321673713072175,1810.2699063456475,1,2
0.4504031853614379,2098.649485532708,0,3
0.6941263048120885,2124.2191645533776,0,3
0.6778523833320745,2164.993083628489,0,3
0.126827900525567,837.8439611574703,0,3
0.28881380169174886,1436.9766990629682,1,1
0.28412850002864126,2274.265335529553,1,2
0.27030465940712944,1664.588543217172,1,2
0.7552192440190698,2577.8654876803394,0,3
0.4581503490901583,1558.4549906106922,1,2
0.34574066072233756,1100.4071583725395,1,2
0.42810252483484,1794.1059971736572,1,2
0.09261803293562657,391.2032528149554,1,2
0.4959895883908462,1515.4629937801994,1,2
0.1309609932680454,347.12333275988016,1,2
0.17026938348010434,800.2266239277426,1,2
0.9736357610548085,2027.7452064058962,0,3
0.2539533228603739,661.4780019354091,1,2
0.21624210748308995,1287.3591950666148,1,2
0.34522080671542926,2230.078221647043,1,1
0.9986608328469956,3118.6305926125797,1,2
0.4164802671764793,1744.494340780995,1,2
0.2723428807430017,578.7932849007059,0,3
0.2923632566959972,1225.5974641152254,1,2
1.054443023534134,3583.030641358211,1,2
0.1952516874242952,747.3924392594229,1,2
0.2975736055411334,947.9158911692035,1,2
0.047634933555816134,203.0115569770402,1,2
0.3529586968906314,1479.476397383352,1,2
0.33815212607019024,2014.5081297116265,0,3
0.3611698288404776,1798.7654042319712,1,2
0.3920305660685912,1194.0608719844322,1,1
0.9086286284464109,2386.784306620987,1,2
0.9774635657887275,3054.21361113019,1,2
0.5316901370290976,2232.1633761876155,0,3
0.5504233305138473,2581.228962732833,1,2
0.35052040747023416,907.5794025816247,1,2
0.23769907081047545,565.2856593175422,0,3
0.04552527248435973,156.73412547491324,0,3
0.1555601130304092,666.0267511371678,0,3
0.47656832006194405,1069.5815564664422,1,2
0.35822532223757986,1217.9734614864774,1,2
0.2620144504015415,823.5576827850322,1,2
0.11578085640539817,846.0122417451224,1,1
0.20127648940343285,771.5621074385562,1,2
0.10627025413775314,425.16219520698155,1,1
0.35730779127360385,1364.8418970854912,1,2
0.15197233303266544,808.7934951634011,0,3
0.8376119202350772,2163.493910668508,1,1
0.8840959398127682,2297.6963439863953,0,3
0.03778915048418553,169.29834497638566,0,3
0.9571525061962332,2988.3051143065577,1,2
0.6081502832580067,1900.2342503092402,1,2
0.28566471338381666,670.7517565382324,1,2
0.40280162830068383,1278.0479518163163,1,2
0.30967995526808206,2674.8921440696054,0,3
0.17892533951728876,1308.6533177939348,1,2
0.25369636737098983,1856.7137508657504,1,2
0.9491623038145757,2275.131582735523,1,2
0.23925498245410073,539.8584300765543,1,2
0.13230971599662172,702.272066189113,0,3
0.33711761102514315,1566.5016285605543,1,2
0.1213304003075547,750.1333980938409,1,2
0.23726440882958338,806.3071051347687,1,1
0.7639095906418363,1784.679118014836,1,2
0.5357676748413356,1709.3077944634663,0,3
0.28512273364025875,2457.431325093221,1,1
0.17439922580482678,1261.9484302758972,0,3
0.7918893077205523,2737.2732222025234,1,2
0.9666050070194727,2914.867597600693,1,2
0.337629321231761,757.5095124431791,0,3
0.13691293063332005,891.9617884674482,0,3
0.11037388289658998,386.3788492552375,1,2
0.48566406246089217,1137.032701192832,1,2
0.6202480960019269,2435.479764406058,1,2
0.2326042516287254,1877.3616441297756,0,3
0.8266132781686635,2143.693785518938,0,3
0.41525482844138006,2732.1344918490454,0,3
0.39316356326531593,2418.109620068079,1,2
0.10787120375376587,683.7527453346099,0,3
0.6019336655698384,1879.7697844882077,1,2
0.9425152813486075,1969.707069134938,0,3
1.407764235455132,2926.2910255272704,1,2
0.1678625306712346,445.2169694156836,0,3
0.15071564866164164,485.71649711604505,1,2
0.3676809149303331,2266.2902219980665,1,2
0.1288216316209197,1119.5583090037203,1,2
0.692813607398304,2203.283538616206,1,2
0.6604724973927217,2242.3399093529697,1,1
0.5191679512303049,2214.7773355229156,0,3
0.5333071001815654,1198.485625247734,0,3
0.5120244538646718,1761.357328477396,0,3
0.01844262968812902,104.36219017775633,1,2
0.8347935587942432,2264.021153171611,1,1
0.20570368609912568,956.5705738671277,1,2
0.658743819121973,2275.2317201608007,1,2
1.286086323418071,2680.525737478763,0,3
0.08639960450149525,291.46579727857755,0,3
0.5381206387729187,1118.2450295147798,1,2
1.0117778251007086,2242.9262320126363,1,2
0.291672294206881,1910.3515877659372,1,2
0.7807621816233971,1738.5109958726846,1,1
1.1486882150802316,2554.144064609964,0,3
0.20088271969217605,462.8624483403884,0,3
1.2850363982720518,3432.4508443892487,0,3
0.45046497379791106,939.1581907403903,1,2
1.0631479335422354,3329.288824133537,0,3
0.4438645011269611,933.8925411610753,0,3
0.17795292340054883,678.9526998576443,1,2
0.12479151443193044,890.895940553439,1,2
0.35239217934605227,1347.122314557957,1,2
0.30806946340334684,992.10285702686,0,3
0.17132819430010016,1059.3069699094303,1,2
0.16553351987465456,1338.431230494263,0,3
0.7310599524528922,1757.1011485367355,1,2
0.07489728451954805,315.22506095160327,0,3
0.6363056714004843,1943.4341049631823,1,2
0.22571909105046092,1804.4629289854413,1,2
0.0524167300197234,343.6503323352046,1,1
0.5612193141405224,2379.819504484594,0,3
0.05276887345397322,327.4557916965671,0,3
0.563978679770999,2271.212745254924,0,3
1.3219606131439943,3168.4639287926725,1,2
0.15880281929551232,752.8170433555498,0,3
0.057614838582236816,160.4900068979003,0,3
0.15788762635679704,636.8554192695433,1,2
0.5900398822047946,2769.3347379589463,1,2
0.6767272412789376,1585.5710810088667,1,2
0.5765674405073816,1516.0116210386402,1,2
0.36298254533223084,2607.4465141727387,0,3
0.3814472138719182,858.3150005390263,1,2
0.8444567345926978,1868.5640774008652,1,2
0.16857347472824058,886.4423913476192,0,3
0.4755554124242477,2367.7200802922534,1,2
0.15488569419709095,530.8691292141643,1,2
0.34596295887259615,1602.8875802488337,1,2
0.4904572617889489,1290.0152119831962,1,2
0.07903608498996077,192.02169567937122,0,3
0.223841776565387,470.1967312107686,1,2
0.5256946151772502,1794.8277489029851,0,3
0.34747598946799085,2278.139812313139,1,2
0.25152970027033766,2182.473522794516,0,3
0.1035121727901525,681.0118874903635,1,2
0.364328417016355,1525.0296578910375,1,2
0.14595337338893746,345.7817517947763,1,2
0.352423621834781,1074.9680534652264,1,2
0.5270425379452168,1400.268686410581,1,2
0.6606098744556524,1708.1234004955743,1,2
1.449998251028082,3935.0644891803354,1,2
0.8162902353243843,2163.0920691883384,1,2
0.28503061616914105,1709.2833131472196,0,3
0.008329529377421352,66.29129038482813,0,3
0.5627774705608437,1922.555425971579,0,3
0.4663397311341,1624.156095273277,0,3
0.26944066491206686,934.3508928754543,1,2
0.18570923299468067,412.4302619738207,1,2
0.6649034691005676,1746.8984291998304,1,2
0.296467319385406,2167.5008049840435,1,2
0.8602208196264902,2058.836500355767,1,2
0.5957638944309852,2382.8639938713154,1,2
0.5791206614342834,2452.1406078968057,0,3
0.5970950310426912,2347.4742492454175,0,3
0.692880003970931,2113.6620216220986,1,2
0.29792617421834766,1399.3439186581556,1,2
0.06322084472692469,260.7678753337157,0,3
0.5689729532870446,1373.663338000697,0,3
0.18902690783975337,1386.2392443529357,1,2
0.38642373984211875,2770.8469129843347,0,3
0.37778343344431864,2326.7329682746513,1,2
0.8934161979595155,1857.5711683514548,1,2
0.2875373926843078,868.9167687237481,1,2
0.145545480844256,590.5108130259505,0,3
0.5502628037458946,1869.7975707889777,1,1
1.3944457222116742,3698.119006663363,1,2
0.31636631748348376,1012.479317761104,0,3
0.0329936455790653,154.9364640025653,0,3
0.38451346592310315,1014.3185650705686,1,2
0.2576069123209055,617.1933531519082,1,2
0.22967923609073884,602.4981146726391,0,3
0.41293010151485504,1093.745094821704,0,3
0.4444771684162107,1181.278526286166,1,2
0.025255358567536353,106.1830582379943,1,2
0.6717989661635295,2049.7608718090933,1,2
0.5347205351682609,1682.8648563423185,0,3
0.20388198541784766,1028.513619744013,0,3
0.10251936439549103,635.8234090956825,1,2
0.29469785047226704,786.1702379767073,1,2
0.20238510194614026,475.3570240030619,1,2
0.10328446611583315,323.4665380942784,0,3
0.2481344596348399,1604.26195543845,1,2
0.3403607972082722,883.7169191592423,1,2
0.4281011597390878,953.3206975916085,1,2
0.09749280310631356,461.80731369945033,1,2
0.025343582025750714,59.51072408703614,0,2
0.8178679965864679,1700.51075652679,1,2
0.02420841193434617,118.09953486461936,1,2
0.5606525817382764,1691.9260844989594,1,2
1.0571895996566576,2481.36036577908,0,3
0.35731515763873717,1370.183254225079,1,2
0.06825017346903861,551.3627681510337,1,2
0.559350472544442,2369.0414844011098,0,3
0.7719632405422618,2330.8955487788894,1,2
0.4592809834593764,2834.2735857431962,0,3
0.052215729741415924,285.63507201150605,0,3
0.06167890131486013,254.55148109618077,0,3
0.28694610245694735,1168.0153063163011,0,3
0.810671699026824,2805.365520888404,1,2
0.3424727303915977,2752.22794257139,0,3
0.7160148957342158,1852.4672260985208,1,2
0.1324073570715539,1145.2968970930526,1,2
0.1968174272962307,1408.9654342526578,1,2
0.4782143111614479,1449.9653307739347,1,2
0.3019940216524226,725.9615154733278,0,3
0.9352107746149847,2444.8477385506894,0,3
0.639635528115984,3933.0481843399625,1,2
0.38606397130760833,1225.4694546809724,1,2
0.4417660764504467,1705.865119972391,0,3
0.1481311069633417,474.8610202091733,0,3
0.39830151304326034,1988.0850991928246,1,2
0.39558085547178495,1703.1500311034501,0,3
0.10757423340473464,791.0971703689876,0,3
0.3687741884155859,1708.5578084647639,1,2
0.3966104020483955,1370.7150679481526,1,2
0.015093274666212419,58.37027727276048,1,1
0.05661722885496058,349.3707723662577,1,2
0.31590217475211435,1091.3224981731048,1,2
1.157700324146774,3616.97414171082,1,2
0.21365161733017152,1526.3702554938789,1,2
0.6864157105926848,2148.2958427641943,1,2
0.04774584599612317,171.43825442144623,0,3
0.5753494227249801,1534.0506258046796,0,3
0.2988752892731234,1389.7069116885627,1,2
0.08359314307139916,339.2539085203293,1,2
0.35857421464830985,2565.8403984120755,1,2
0.43729962172915293,1668.732875128134,1,2
0.41671985977599546,1635.7865020484846,1,2
0.45170187190341576,1775.8452760301298,1,2
1.1036154844935127,3466.41224334541,0,3
0.5366025046619772,2044.8044660439355,1,2
0.6418701362827723,1982.473395157545,0,3
0.36979897390194977,2645.0899846164384,1,2
0.07722395971128475,558.2034850797539,1,2
0.20844314826614382,859.5382925441572,0,3
1.1771662467734347,3673.638516288037,1,1
0.08505596106258535,189.6357287418038,1,2
0.08169348850241558,517.806415860038,0,3
0.04933665897515842,337.96627668598717,0,3
0.04472174970381049,143.5458569593588,1,2
0.3563098473513486,2604.1043164170096,1,2
0.9193890724551003,2067.6032409002423,0,3
0.03280131264310705,105.52117376805644,1,2
0.29529202015413214,681.1886577147012,0,3
0.4974509025348124,2108.866063643061,1,2
0.34290478985446543,2961.714942329165,1,2
1.1424822538702089,3570.699791312276,1,2
0.8704696784689111,2059.1645560137076,0,3
0.553850088370634,1497.7750184364336,0,3
0.18461616587828963,453.6925872576028,0,3
0.11589234954141264,481.21884189057056,0,3
0.7343331319944536,1759.3286529578372,1,2
0.13712799638913034,316.48652853977774,0,3
0.2273800855566243,1354.5234827747272,1,2
0.46589619971151,2864.144972292265,1,1
0.9146355870489735,2055.65355425342,0,3
0.2598342325786097,543.6637583361218,1,2
0.044159851238353275,194.49117260484942,0,3
0.35182044644678845,2812.0606753735724,1,2
0.1105605875549024,515.2566803822297,1,2
0.23459962007435195,924.0935634597923,1,2
0.15222592939095775,357.7803003717498,1,2
0.3082312453361379,1306.3416069557663,1,2
0.7490810917512993,1968.465039525666,1,2
0.3577416850020816,2201.430841234611,1,2
0.08544460019981126,342.5554936697035,1,2
0.1903119185086766,1255.5442372698947,0,3
0.1293734423919779,519.3610470877267,1,2
1.2310537784571385,2737.168324089245,0,3
0.16244804166314922,1165.198825843136,0,3
0.03445892181236817,229.36816468401207,1,2
0.316415398124069,1263.9700177310958,1,2
0.4137416802099258,1730.375820935072,1,2
0.1897019104348505,1233.528930660356,0,3
0.6666926185074198,2084.9442641383166,1,2
0.49478684399221523,2463.0642398189875,1,2
0.39817840770126656,1254.2553324334049,0,3
0.01342095673184506,110.80374330589818,1,2
0.9702418554203024,2505.775886972583,1,2
0.5703951335239229,2673.844163607664,1,2
0.025845761423688215,130.4710254740695,1,2
0.7631740960372002,2994.151547854193,0,3
0.91408395566327,2029.6572144549546,0,3
0.3101618998282478,937.8568305760131,1,2
0.32540089316414256,1241.2915840481633,1,2
0.03364918623080618,175.25575986494226,0,3
0.4121546559609252,1316.370600559245,0,3
0.3641042579761733,1246.283511963895,0,3
0.22627864517878876,1951.6188330605091,1,2
0.2997177604603638,1153.4823665606993,0,3
0.07499640740969767,659.3664489537338,0,3
0.21344048472552865,1398.0452014456812,1,2
0.3184661762214581,744.2997162571277,1,2
0.23615780873416237,626.0393101427022,1,1
0.20850537919580786,1354.0537749471926,0,3
0.33657198639881764,789.0144962738342,0,3
0.29798167518307656,1246.088282812771,1,1
0.050606674329399116,119.13014495673013,0,3
0.3895250029322372,2395.6719689268725,1,2
0.24418453542486926,934.5970601140295,0,3
0.5058145343468936,1721.5005175851347,1,2
0.855420666887978,2680.039315916139,0,3
1.4518363957879534,3016.873750820941,0,3
0.24472995725315047,939.4030934330796,0,3
1.2673211955190107,3437.795155525574,1,2
0.908446964041657,3087.343570899897,1,2
0.2707864338327427,1611.294960040652,1,2
0.04820942527956399,254.74397215094595,1,2
0.25646723595631893,2222.0403745682265,0,3
1.3981667347699138,3706.0149806548316,1,2
0.6148233886973954,1857.8408528862747,0,3
0.25749557295390163,1022.0742275668333,1,2
0.2266225944238224,546.1113131885377,1,2
0.32544731121981824,1362.8798034847664,1,2
0.060590490198606246,498.13067839598364,0,3
0.3983215722517407,900.676785263725,0,3
0.3307124541235504,1723.1489660555958,1,1
0.4841957968224873,1264.9956320348278,0,3
0.09073171966538783,203.15844589174478,1,2
0.29179354452284273,1234.8961798204393,0,3
0.4142374727162281,1576.2295088986375,1,2
0.06933535851796097,278.8908107294256,1,2
0.3224421241320354,1983.2702577318282,1,2
0.32171266199171944,1600.7505645232454,1,2
0.3191183959468171,1104.2526851903767,1,2
0.4808530984889786,2233.0502033670123,0,3
0.11366790281581697,364.7950790247719,0,3
0.21504940805129785,672.8376815311549,1,2
0.6052063265652352,1412.1944231003545,1,2
0.24501035246081468,1609.6528665289018,0,3
1.1598265485194148,2714.023139708953,1,2
1.0821911386314718,3377.8712022818404,1,2
0.02157624220242137,103.19809031660576,1,2
0.36556027863134266,2172.259807957792,1,2
0.21089704253516164,1828.2607002730888,0,3
0.6095505696793425,1837.7788443602376,1,2
0.791968237265413,1772.1101139108723,0,3
0.13695626872407313,310.34187271260487,0,3
0.5915688121351071,2477.7283944589394,0,3
0.10112882944864299,653.5349200211235,1,1
0.2710085761602306,712.0992891892162,0,3
0.4083074479097933,1709.173234876655,1,2
0.48774046503984514,1939.5556661841727,0,3
0.5363606778800547,1203.1942236355112,0,3
0.32820284615729145,2157.7971528472085,0,3
0.08666129640480363,347.0174310273285,1,2
0.34890557023650953,814.3488221846793,1,2
0.15628770806901568,733.104648231396,0,3
0.23837186573468822,915.0542731737734,1,2
0.8506613728982886,1777.0477616097996,0,3
0.881358779516381,2056.057590179639,1,2
0.17589958187334057,368.85244949420513,1,2
0.3384457897949781,1151.4681292535406,1,2
0.6181000537664012,2585.3687754438556,1,2
0.049483616774943756,370.6756415368175,0,3
0.1403885863957863,866.8283976117436,0,3
0.5376374373525112,2520.3724745965155,1,2
0.7155306173243452,1668.7881180143413,1,2
0.3161522125324549,1214.1011172410654,1,2
0.09053392886197761,481.9807323808224,0,3
0.48282201457706997,1253.3168186483906,0,3
0.3879605328938438,1549.3766983076735,1,2
0.18750941164869725,1498.223738044956,1,2
0.13326904206284462,303.6059759508688,0,3
0.17398643257569457,467.38011484404086,0,3
0.11544993921868463,487.65376842074244,1,1
1.532351290693346,3177.13800109536,1,1
0.3626442460542757,2374.11101393573,1,2
0.41265040176875434,1402.3027388853875,1,2
0.46511149224030107,1848.2088320069481,0,3
0.5053842013494423,2342.781762654966,1,2
0.11487494537171353,448.90326145627694,0,3
0.3818630893258227,793.0368691632666,1,2
0.1984875821548471,601.2264667171416,1,2
0.3571718638058191,3079.0808668003897,1,2
0.03615354579226977,160.10214030285854,0,3
0.17771028647775386,397.39883341743524,1,1
0.05521799456415807,289.22474721272516,1,2
0.1529920612313306,1094.7121811600841,0,3
0.39751881257919414,1842.291660625076,1,2
0.48341108462584015,1081.3656873313582,0,3
0.4305115013652139,1298.7029321585387,1,2
1.125492895100086,2992.6843286695807,0,3
0.769759577630142,2623.68151838505,0,3
0.24230692834520698,925.4684068307795,0,3
0.144071219063324,572.4722390210227,1,2
0.20148147008392037,1738.5859006513574,1,2
0.866896870532076,1917.3063076190724,1,2
0.2941515895745571,1908.0031466868263,0,3
0.47222700656750655,1244.932520328193,0,3
0.2338768124987661,796.9204118366865,1,2
0.08923266162603177,579.4794230648389,1,2
0.25710775105979544,1529.3795755315168,1,2
0.14709556382119587,314.9944338807994,0,3
0.6226926068846798,3825.44234167758,1,1
0.3457037284421272,2529.998874366129,0,3
0.2985596552245265,795.7828843887348,0,3
0.21747004945954518,832.7307387063275,1,1
0.015849828485630334,129.74601748297556,1,2
0.457041708453706,1200.373529672767,1,2
0.26392388706627523,1928.0443814761516,1,2
1.0992521345223278,3441.057020540452,0,3
0.6263084516606173,1397.1036437399803,1,2
0.347572374063966,2775.9937674275357,1,1
0.13634897578411026,531.1525849529244,0,3
0.3734747646788377,2454.066378557083,0,3
0.1083748418819545,340.1133211301372,1,2
1.07312795924325,3358.602352726316,0,3
1.1143020886555828,3487.9777843576985,0,3
0.3489638425551456,1477.4413168352976,1,2
0.27241352499039106,1365.8891165864395,0,3
0.3023822601390653,1506.9027299502754,1,2
0.0851857567156199,445.3289648666798,1,2
0.6050554059919859,1829.400080688388,0,3
0.14918558430066736,358.26995819114046,0,3
0.2327972073122539,558.1692285940718,1,2
0.420271434328179,1952.8500628443965,0,3
1.0422988717827615,2770.155000761479,0,3
1.0406666188620017,3255.410868779957,0,3
0.06461798153729123,558.3836300568207,1,2
0.17418941766376922,412.3096531685959,0,3
0.5939478084817243,2483.527255335973,1,2
1.005677829554816,2406.4876196638147,1,2
0.3583205565417556,2202.5983977819205,1,1
0.21334311937577996,1402.7840607805965,0,3
0.4425426246218494,1734.0952505190085,1,1
0.27997420291631087,1116.2704874647393,0,3
0.02779264164324093,76.61061272720127,0,3
0.1508389317526812,908.1550223125151,0,3
0.1070937083172674,342.57961720524855,1,2
0.0731645529236479,374.29115284299183,0,3
0.30836656542864127,1429.5547946025351,1,2
0.235853578910557,718.8042059362565,1,2
0.03302340094477372,239.1121272891308,1,2
0.32612136761861255,1938.8415294620297,1,2
0.047337366989397923,415.14487465221396,0,3
0.13420101967721673,567.5901764649876,1,2
0.47501982346133237,1905.6993911666314,0,3
0.3212698714451794,2354.112266444697,0,3
0.938337629044177,2828.896870936906,1,2
0.7184812285985677,2492.1963450655367,0,3
0.3462793479059024,1187.2974481182616,0,3
0.9062878604220261,2829.8182571055636,1,2
0.3428350822864402,1307.5367741864081,1,2
0.39711711695623664,1026.962207800938,1,2
0.1772346895211737,1529.0811768432905,1,2
0.23202787680265702,2006.8045562409304,0,3
0.39468332072135176,1966.7227114780285,1,2
0.19172463901747017,431.9613787068189,1,2
0.3920190625906665,2798.576490700358,1,2
0.20032250431960683,803.6491633709979,1,2
0.09824953584900742,244.97563918088682,0,3
0.045224180896821876,289.88386805493815,0,3
0.21313379671710914,850.063612720001,1,2
0.014793476766016604,66.34900537031905,0,3
0.16559948144943196,1073.4407428444688,1,2
1.0232092705279519,3485.990772990393,0,3
0.5938449844204333,2019.691038068069,1,2
0.028232051338140867,122.54415826266427,1,2
0.3430210633799151,2219.424515986371,1,2
0.14685850112098753,580.5298716496486,0,3
0.15400372321711453,1109.0584747188022,0,3
0.032165121052889024,262.8119063154408,0,3
0.7505171850684458,2591.7978403200555,1,2
0.3643688009431769,2600.1106939140714,1,2
0.010695667771033915,93.7143718344862,0,2
0.3372119730536268,1424.3487688942203,1,1
0.8051182206671094,2114.2055774162172,1,2
0.05832561562823734,428.660158264145,1,2
0.39776862448201117,1843.691991069567,1,2
0.16623394589345802,1035.8547539225385,0,3
0.0790720556960225,303.8741270248263,1,2
0.8238681796981039,2166.833193904335,1,2
0.22143920244031634,1433.426588667602,1,2
0.8508259092543805,1989.4633576228896,0,3
0.8469832329670802,2231.1791990906604,0,3
0.02539982199875176,218.2622655146365,0,3
0.8227116438883353,2483.279326249807,1,2
0.41276541627383273,1575.2657216714767,1,2
0.5864330874995968,1316.7178830636597,0,3
0.9478890579765571,2122.866551963233,1,2
0.24162180001879027,1765.1698799577641,1,2
0.35669232831319486,831.7207725231924,1,1
1.4733339750320347,3070.4909993761917,0,3
1.1356484075193045,3083.3897251236644,1,2
0.8254654583125342,2861.23355198575,0,3
0.1517390491354989,943.2889894298577,0,3
0.11006478598607858,807.9058379125123,1,2
0.32067608834792233,675.6246012444744,0,3
0.303102458137159,1268.2042719526507,1,2
0.9001964445524946,2027.772475464585,0,3
0.38284278591145376,1215.7869677658575,1,2
0.22170517546786447,1619.3817116968191,1,2
0.37194672565760256,1744.9202100300338,1,2
0.09784476626005066,457.67775774350804,1,2
0.025096306649269488,69.08816891182488,0,2
0.03153987329845123,208.44727457714225,1,2
0.27662896032381373,1101.4080819366347,1,2
0.12327897258675029,485.63293459947465,1,2
0.1665865534256889,431.02627987188856,1,2
0.2711029343031259,1982.1633625506086,1,2
0.06692810368302286,236.79769610594252,0,3
0.5598327107066478,1307.3103084080597,1,2
0.3187246545841634,662.8992945087862,1,2
0.5668947255962397,2395.6464966957096,1,2
0.28936051621283,2312.038511388833,1,2
0.3136339791556267,699.0770957140076,1,2
0.6878942933787037,2340.631917298648,0,3
0.1359175648210353,318.7227858628742,1,2
0.09810957800507486,592.4792464726837,0,3
0.32472251004522634,1296.3579461431589,1,1
0.28448749538250323,1867.8660867582237,0,3
0.5128503240912501,1969.830966436695,0,3
0.43113585730953485,894.6229746552939,1,1
0.208074431800972,707.69144717654,1,2
0.19689431843356953,915.4101377775461,1,2
0.4861152582021683,1518.8039239553848,1,2
0.22782549272370012,1627.0736988126416,1,2
0.08574925333726899,359.4542021504027,1,2
0.8778872858279935,2054.359482916451,0,3
1.4112669652860086,3825.694638829938,1,1
0.1325212893566225,1150.7796563209993,0,3
0.12236645526394357,1061.1503709037277,0,3
0.03553298331812035,93.04948604299899,0,3
0.14556900521435964,329.8787455637978,0,3
0.2907156744745717,2323.7116138648303,1,2
0.32935680601539613,2025.926844723497,1,2
1.4610056630591615,3033.007921687456,0,3
0.35713135075596847,2340.6594866358955,0,3
0.527601216291895,1608.077942718509,1,2
0.2509769369543044,588.9947943413589,1,2
0.06357296965260859,267.2858905199639,0,3
1.2351453012309233,2565.2819712214637,0,3
0.2723419532635572,1139.6948401488576,1,2
0.11197160031987555,801.1132509491863,1,2
0.18978119901467466,727.2043994504769,1,2
0.7770762253324672,1813.5815073189237,1,2
0.100876845534511,808.2481365681176,1,2
0.25548908932895537,671.1415899887323,1,2
1.3381122026551708,2775.4348841360234,1,1
0.33053311719226,2851.4273770111677,1,2
0.28895437270221136,1724.9264133884044,0,3
0.19461203412605374,1027.2930062776031,0,3
0.33267155120119046,780.5331754615065,1,2
0.05702194581595829,417.8029611572558,1,2
0.14998715399694984,758.7039785448267,0,3
0.9931920697585643,3372.0922651333453,1,2
0.6384096543520904,2672.222940157163,1,2
0.5188680842033931,1156.4502661019583,1,2
0.3322732866761548,1326.4783413672535,1,1
0.07988828445738681,411.583509683168,0,3
0.43005846513684926,1462.9436966391547,1,2
0.5757739512761765,1736.4585321613774,1,2
0.23299223416901194,932.0577354009927,1,2
0.06696877315454866,259.9549349133863,1,2
0.1755919234018858,423.886375078873,1,2
0.05134146746938586,336.07383405062353,1,2
0.6563309471982417,1452.5381954636523,1,2
0.4509002999279475,1534.0785582545197,1,2
0.1162798435630544,369.9917629621729,1,2
0.5508782049094118,2581.24630253674,1,2
0.48765606236293485,1494.1065412090209,0,3
0.537809932057163,2495.2765275907145,0,3
0.06479679357846002,172.15957458577572,1,2
0.8274895655313119,1982.1088977748207,1,2
0.09713848298421386,218.32667140769712,1,2
0.6162751359717127,2603.9506530793537,1,2
0.02544844826296342,159.31633717809527,1,2
0.5601335010069972,3442.524674904825,1,2
0.24663027065990528,864.2341444775784,0,3
0.5089028999061044,1537.7189187454965,1,2
0.2894736267104972,1161.053765934877,0,3
0.352982607403902,960.4543137839141,1,2
0.15202032175490496,705.3458372835646,1,2
0.21267581180498693,846.8752333725507,1,2
0.27087997337633263,1067.0257518204082,0,3
0.12377185611616918,815.8795996823001,0,3
0.9275993383375658,2227.778926239555,0,3
0.35468781744296757,790.4599353184906,0,3
0.23879523768163205,1916.6425333414363,0,3
0.3134753169967354,1066.268950740991,1,2
0.34551937593124793,1187.270681835156,0,3
0.542262597970292,2268.4485101537966,1,2
0.3605958905889087,1416.799448838303,1,2
0.7939462742724229,2084.474370357235,1,2
0.04372549914109451,332.1753578161018,0,3
0.0741001152384093,282.07785130739614,1,1
0.3100281227321033,1438.1499940116728,1,2
0.185828460629884,564.2495919461493,1,2
1.3187283765140025,3093.630932566866,0,3
0.655475708801155,2741.2065502223436,1,2
1.0546412606072018,2868.872079309468,0,3
0.0210108128010488,138.22222742406709,1,2
0.25457699068135814,595.4329387309742,1,2
0.1666848506090904,1098.2704349734563,0,3
0.3431925564875991,2039.7119839723273,1,2
0.9074295898821388,2171.5323403353987,1,2
0.6927378914816069,2198.6233594610762,1,2
0.02431125332487496,176.79556077619202,1,2
0.3163336364782113,2047.2043798932477,0,3
0.5398128125065629,1644.3668780195746,1,2
0.9121738959257992,2038.6617214162643,1,1
0.45238635944834127,1060.449608124004,1,2
0.5331566963186133,2254.976706412083,1,2
0.7398275395734484,2311.852815354849,1,2
1.0311681418793446,2412.0880314255164,1,2
0.2764117371048255,1096.3481140230429,1,2
0.8102877943088673,1681.8660921245944,1,2
0.6028692450797388,1559.0522193176705,1,2
0.33828733158283475,1353.6227556692052,1,2
0.027616596731589643,82.20300807267725,0,3
0.3826158187884401,1800.7141544820902,0,3
0.08219378865289928,608.8909110571977,0,3
0.35295791014276856,1636.1956121468825,1,2
0.36483813576093493,1534.967615507766,0,3
0.13143433991826656,961.6299599317957,1,2
0.456415489481254,1549.5865836960359,1,2
0.1599122645048526,986.7557208699491,1,2
1.335878792849902,3540.8268216279707,1,2
1.1666604519813089,2422.635490455208,1,2
0.3425109254969505,2953.7978595481522,1,2
0.05892506937482178,296.87002198520133,1,2
0.41471688758626934,862.0777011771596,1,2
0.5392715214834506,1294.1164110425843,0,3
0.8317016593598086,3260.8526529689075,1,2
0.29281483694678956,1122.1257476766048,1,2
0.0421941814594024,180.6079752760516,1,2
0.2765321031783885,716.7897027751893,1,2
0.4356352890774476,1728.294337927839,1,2
0.40002526667526284,2853.837348666447,1,2
0.39956786086672397,934.350210699554,1,2
0.18259320011130115,624.3745528080514,1,2
0.531500831388912,2023.1103430126755,1,2
0.3367589551517477,1676.6461043247534,1,2
0.15486939125613705,404.3215479499364,1,2
0.11107864197336957,538.108782409473,0,3
0.8112949593695111,2755.501588425002,1,2
0.315014722300145,2063.427987921551,1,2
0.07867276491338218,509.9245070535612,1,2
0.2395455946603385,2068.5191806495136,1,2
0.3106940063843425,2687.1063215538315,0,3
0.35654922644636916,795.6462093847776,1,2
0.1131270069843592,307.5773188812641,1,2
0.32762165086069356,1303.8719922329294,0,3
0.2976575745438212,2569.07791645596,1,2
0.17165575933710592,691.8657996992689,0,3
0.7917139893878746,2735.1601321031076,1,2
0.27764506852558124,1982.2545966465839,1,2
0.41513966590145296,1324.2369868020303,0,3
0.3435456821690789,2042.9051814639045,1,2
0.6873338121081612,1521.7552531262168,1,2
0.046994160915029275,382.6256011196496,0,3
0.7884768727965347,2733.5445355601123,0,3
0.7308194684021339,1531.049959485,0,3
0.2585360506708747,1603.945453346444,0,3
0.6008020142060607,1588.5139110182986,0,3
0.1257466833159624,535.885666682002,1,2
0.1506055075747371,985.9603082978945,1,2
0.08412923768709696,547.0532411196662,1,2
0.30712933968361356,1891.1590778333423,1,2
0.10539557498157581,691.2742895714221,1,2
0.6953444276792027,2219.0795748424366,0,3
0.2440465007182326,508.2526493930255,1,2
0.2712594124435315,1753.5799476952131,1,2
0.2822282752254372,1825.2371718636705,1,2
0.207386256381153,964.0027184283045,1,2
0.029310856604515368,119.32596592466095,1,2
0.16780566106953973,1226.9051272259683,1,2
0.8239256359208927,1711.4726379781046,1,2
0.20512689161565428,1502.217530095149,1,2
0.05466678936747441,391.00711410727416,1,2
0.3939013529536228,1576.8519553859144,1,2
0.36205048033070425,936.7968055828893,1,2
0.013215118825683166,90.89126346093565,0,2
0.26690369802414626,568.4703316096941,0,3
0.01267487443194108,102.73078370552307,1,2
0.30388067882329217,1809.837681477106,1,2
0.4292350477768209,1484.1487179028888,1,2
0.4981027190295394,1984.1160700302482,0,3
0.6648116295350525,2257.532426248391,1,2
0.1896648962547564,1399.6615774500306,0,3
0.5954208412970763,1799.302840277443,1,2
0.3092249209552256,1193.9270328469722,0,3
0.028530573239494084,112.11490704834205,1,2
0.7715890259749616,1727.6935750508164,1,2
0.11443222617590153,255.7223726313097,1,2
0.22245638198580897,1332.609057053659,0,3
0.2999662809213983,1941.871705606775,1,2
0.5015768883266061,2005.2617880000682,1,2
0.27743127884174,1809.6417158066058,0,3
0.2611911011098011,1092.0348962202597,1,1
0.21244208564232275,899.3716497905832,1,2
0.22962068117416207,921.8350250700358,1,2
0.28655572027460846,976.3892193793286,1,2
0.8097491671818391,2799.4501848918653,1,2
0.20952992218517566,1046.1821966901578,1,2
1.1078590494743512,2654.440033198381,1,2
0.04722139899238544,164.67127298252336,1,2
0.8025910090880516,2736.1709632899406,0,3
0.3409673868915407,1777.8965680770557,1,2
0.5084278264606927,2031.5329930738005,1,2
0.3229094923580066,1028.5820682379033,1,2
0.24465841723671097,2113.4168802279883,1,2
0.33033227137660065,1311.7127291728962,1,2
0.34229335887431894,1620.7750258680549,0,3
0.4640892546043234,1579.8921670163263,1,2
0.39877955892780553,1519.2556836776105,1,2
0.1982922890605522,1231.3585672620593,0,3
0.8595924088605538,3370.857249180148,1,2
0.36600382044699703,2399.110076641001,1,2
0.2718529800467376,946.1326107517209,1,2
0.2823337864311138,1200.4026558343385,1,2
0.27025165640342297,2163.4090790990963,1,2
0.5392328024927345,1469.849877738382,1,2
0.4470968732126128,2766.658239408534,0,3
0.069456949694812,623.992340258053,0,3
0.14307178833722217,758.9720305096079,0,3
0.07317185913118293,584.9861262877789,1,1
0.08943221557037241,587.2434995210829,1,2
0.0253890978914206,171.13411903217408,0,3
0.46253142361708316,1032.3497741240074,1,2
0.04976279291751756,431.69437066082554,1,2
0.29915716609079973,1048.5364776433737,0,3
0.27796193137126485,579.1105138085841,1,2
0.3981440134389495,1246.091973796271,1,2
0.10515234680961455,445.91743283238895,1,2
0.5944642303770985,1327.5953103752388,1,2
0.42449004950689345,2612.454507217338,1,2
0.16903383410723297,709.424505542667,1,2
0.4174226673402169,1746.3931501653258,1,2
0.41409098006099815,1627.8430716934113,1,2
0.740020095477046,1943.50257599361,1,2
0.04287931052538893,111.49392540524904,0,3
1.113969260314958,3476.801098066052,1,1
0.20468799387472572,1344.20945626049,1,2
0.2940860232040342,2539.060102337,1,2
0.04340534340832618,114.38127708090634,1,1
1.1711588440091942,3655.0855271317764,1,1
0.1264874677017522,905.5888278173572,1,2
1.3428052716582302,2788.3108599287734,1,2
0.6880375101782001,1431.6507763373013,1,2
0.1295749037299113,842.3010409602573,1,2
0.10046445423469307,406.3176801665922,1,2
0.2376889688741333,1696.3803646963709,1,2
0.6239000860752835,1658.2939978580137,1,2
0.031966080966980025,105.95451825579018,0,3
1.1798809203711842,2450.6167757150197,1,2
0.8096091187986609,2095.7307507469413,1,2
0.11509866228195004,992.8077939400177,1,2
0.15835480601932864,356.73265013318445,1,2
0.32781964612825104,1540.237684200425,1,2
0.6001590688755364,1591.2036503546428,0,3
0.08418976177704147,503.65970765725274,1,2
0.6048912697916643,3716.5269936750283,1,2
0.3067076745783533,1600.5264127137602,1,2
0.3239192894015133,1925.551315000149,1,2
0.9360621701981487,2080.3139139131126,0,3
0.6510657432082554,1531.3537628161012,0,3
0.46734480299648035,1484.1541530156533,1,2
0.7012673960458067,2200.774250160667,0,3
0.35466529887124465,2298.0281850363967,0,3
0.5387716461906714,2503.6254848313615,0,3
0.18872924653335077,998.2991213511884,0,3
0.5355989917054799,1266.121963652286,0,3
0.502576842870758,1993.0927661506669,1,2
0.31980069347646894,1010.4204225149942,0,3
0.4534080894889228,1382.6874791188825,1,2
0.8618757329037352,2271.6243929220645,0,3
0.7290976263994464,1616.9687982978476,0,3
0.8362957509979788,2002.7162959203881,1,2
0.11391991678920546,702.3351051790213,1,2
0.9739054448686437,3053.262208739262,0,3
0.3183420220796789,1272.109662581044,1,2
0.19144969985600319,1261.00776437317,0,3
0.6109505604583026,2074.6199878092702,1,2
0.27153348070366107,925.7786884752151,1,2
0.26802378478659855,1957.7549057411586,1,2
0.37810723232232196,1785.6082114279775,0,3
0.23638996379090707,1180.2015342733177,1,2
0.42289910685529214,2605.5866410742474,0,3
0.14443562224757567,325.7442077962426,1,2
0.15790056231751978,426.38643981869404,0,3
0.2913823389874451,646.1241752862186,1,2
0.2284239637499988,728.6777391806661,0,3
0.036428774623220944,316.48077395252426,1,2
0.13873020437325131,1203.2961557477554,0,3
0.16088287915032162,631.2038004472678,1,2
0.3839392065658941,992.142090955021,1,2
0.32172849270121623,1022.1524525537558,1,2
0.4845030220363062,1084.472202881801,0,3
0.014642401774965341,92.13474433358806,0,3
0.3417319529819787,1316.1487320528597,0,3
0.18524508120427885,742.6757577788574,1,2
0.8917306308464246,2784.502329712555,1,2
0.5450140607487786,2305.4004055216806,1,2
0.2527024889256238,772.0462612373408,1,2
0.21036012049036878,845.0345214578789,0,3
0.09574846912080841,834.6698732307768,0,3
0.35162642470555533,2098.2962109607256,0,3
0.4181206051208733,2081.0303692782213,1,2
0.1877920157886777,1515.1239616163925,0,3
0.24649268009712075,838.2594994082083,1,2
0.05250092275570658,341.9179760340088,1,2
0.5692448804616992,2276.2845817327393,1,2
0.2431393802211697,1788.9468019610392,0,3
0.3130567169855162,2050.7614959056623,1,2
1.524355052750821,3168.1777413180835,0,3
0.5492472869085228,1284.337066841247,1,2
0.11357061011288079,345.9173989899617,1,2
1.2975211320038564,3446.7228105725153,0,3
0.6318399191689137,1416.7438968348247,0,3
0.16613160926051868,772.9333821268957,1,2
0.34683943467266143,1607.201518397441,1,2
0.5056193008384943,1609.2638217407523,0,3
0.2770564116535531,575.2699606710322,1,2
0.47445585071207513,1238.7763800887697,0,3
0.7531119816605188,1563.4858832588454,1,2
0.31011102580744676,987.0280801469348,1,2
0.13713736783748615,1095.8611078258082,1,1
1.2465016060400549,2585.812774271365,1,2
0.32594927740040647,2141.7168214650596,0,3
0.6093255434306207,1349.0549677055722,1,2
0.18310699246551693,739.1925715930613,0,3
0.27723774564535036,1984.5844343129422,0,3
0.6141097832347365,2122.683429907413,1,2
0.3718159153278746,1161.1107594668174,1,2
0.6521917254060914,1444.8981193810919,1,2
1.3929587698796384,3258.756944223355,1,2
0.2049905779594466,1027.8179865985655,0,3
0.4319043774836562,2655.2410034136537,1,2
0.2507189201337069,2002.7989085725367,1,1
0.06555239421789534,482.510708619475,1,2
0.12682941515930854,787.0089669291988,1,2
1.313038172014473,2723.5542132437067,1,2
0.8605030965002558,2018.6277342533613,1,2
0.2209520394143114,773.5375885391347,0,3
0.8642483809094154,2038.6558596124278,0,3
0.3838844983188919,1533.8688167571108,0,3
0.06276692469068956,266.4188470873056,1,2
0.2612783584840078,1300.112138401935,1,1
0.38740306342952346,1948.9840385938141,0,3
0.7770369808498337,1735.8962515129265,1,2
0.5276875263299858,1793.6894391083868,1,2
0.34643861871214116,1177.9673021724993,1,2
0.10720868857461739,391.4669205468661,0,3
0.34659014191451504,831.7633666930548,0,3
0.28356207327219296,1092.189044558415,1,2
0.39773253180846374,2464.744416304949,0,3
0.05772608900163257,135.39190768945804,1,2
0.43812251791970813,2866.8452512193116,1,2
0.03690469889912154,161.66422768417104,1,2
0.26356465905234455,900.1734517247501,1,2
0.23683657268013153,948.2437523489314,1,2
0.42861327740435823,961.3972812430409,1,2
0.35908014591231036,1663.5956958670054,1,2
0.512420391774907,1600.4981132766611,1,2
0.1640130211666924,653.59896962215,1,2
0.2547720902486743,2037.1008315649926,1,2
0.1679373050305316,659.5292373695628,1,2
0.3253448094394691,1308.6474072849232,0,3
0.06390313531760132,382.903827958513,1,2
0.3228338921585964,1293.340771858183,1,2
0.5069786748316107,3131.205868647501,0,3
0.30659873203547733,1826.3745810037165,1,2
0.19277088383342955,1414.1102717986366,1,2
0.35654410371841766,1090.7350416174106,1,2
0.30019222855679834,677.6349734558173,0,3
0.5277680289668059,2017.8841464639406,0,3
0.47380483202563406,1985.198888940192,1,2
0.5678405392081242,1342.613635795652,0,3
0.974145662046118,2586.0617948651116,1,2
1.1562021506829177,2766.101478547541,1,1
0.4152516789028632,2557.990503031734,1,2
0.3668835749192088,858.6182005504319,1,1
0.7055960154075763,1690.7702805480073,1,2
0.39320611403512523,1514.4936669597637,0,3
0.571516884511154,1974.7842156736735,1,2
0.31716730746752947,2049.490951796734,1,2
0.7487415998042155,1670.872653058512,1,2
0.10938817409651698,271.3173620406774,0,3
0.060755273047811406,388.57133517482066,0,3
0.11990420098889125,508.3922148515514,1,2
0.1654942744078204,1070.1036265762464,1,2
0.6502567726492647,2246.5130552585906,1,2
0.43504854701901724,978.7477453618098,1,2
0.5981409722878621,1242.607638461631,1,2
0.032353469411165195,77.57712971832802,0,2
0.42457210670660306,964.4709000378668,0,3
0.16449184155145544,1094.4597623474192,0,3
0.4498373568400549,2768.6448111232835,1,2
0.43637149379405576,1501.8891711544777,0,3
0.3407923087940826,1600.093837687473,1,2
0.28491242785329696,1209.1102842266716,1,2
0.4430235208074861,1177.4502842630807,1,2
1.2073070213425714,3777.52570045974,0,3
0.6542472655953897,1692.116188854888,1,2
0.11622803430912058,351.5510106289579,1,2
0.08879036142863947,252.41335132585064,0,3
0.08315997964437104,289.6943822943556,1,2
0.5472477789228105,1752.567978901486,0,3
0.18631291636280023,716.9438534382272,1,2
1.0371409211440399,3253.0381143575087,0,3
0.22856738831578416,791.7803842366831,1,2
0.27003970362642693,848.8814939881222,1,2
0.3113024347917276,696.9436689601574,1,2
0.08564777103150635,273.38234430986205,1,2
0.4051399970579213,1376.3677056620938,1,1
0.5452570253962706,1409.5515549339239,1,2
0.3504511880126438,2295.8002310780184,1,2
0.29812528593518495,1834.0449297573612,1,2
0.2845543988810244,902.6939718336965,1,1
0.3610068241654023,2225.380707746468,1,2
0.04815274542118188,195.17113991519193,1,2
0.3360127631769181,786.4986194130892,1,1
0.10570586680757108,402.4233280936072,1,1
0.3252576155648708,1623.9822177215008,1,2
0.42000854898031026,880.5935628730008,0,3
0.5362695456682024,1705.6090093773814,1,2
0.8350304599444472,1734.501674795733,1,2
0.3343901535430721,865.6025070886026,1,2
0.28784124815648177,1338.809366130223,1,2
0.352352391547406,846.2387473430493,1,2
0.21688913265936904,483.67657596583393,1,2
0.6576655235677094,3083.89532487197,1,2
1.1067339689595164,2653.094186742846,1,2
0.2909047015252746,1009.5724922356197,1,2
0.9755256150200885,2645.779915880087,1,2
0.21874174312882808,586.2090561055711,0,3
0.10565572272928508,495.2938877889798,1,2
1.1938471333833633,2876.2487230337047,0,3
0.032666944519879344,104.31743368269251,0,3
1.3877902708026613,3677.613806571814,1,2
0.20792017491061635,1347.3384758617558,1,2
0.5436745928023007,2143.7382766088526,0,3
0.11533000307415356,685.7507987354934,1,1
0.7060476123795036,1574.847126260109,1,2
0.25785588559837325,994.1128161522037,1,2
0.5464812345877005,2287.109318692325,1,2
0.46282638381338287,1848.0948883607607,1,1
0.653433624338948,3070.201878792674,0,3
0.6543569763165643,2758.21065307077,0,3
0.22082896201736685,846.5341229544126,1,2
0.5836013797274412,3587.19893410252,1,2
0.9590228358546067,2002.0452142620613,0,3
1.2274289222227113,2870.2705163872533,1,2
0.4791634792929754,1243.2748222389298,1,2
0.2110069322658132,1050.5314946559363,1,1
0.7931135980401668,1784.7787759399346,0,3
0.05729129301659283,266.418034796713,1,1
0.7756069366196646,1719.2696584427215,1,2
0.33441371993342245,2210.680800605016,0,3
0.38765948106799386,2384.625412787665,1,2
0.05855523003053842,185.1330583891362,1,2
0.9046635235343485,2731.252958011676,1,2
0.12819462521401787,328.9390449834989,0,3
0.20851834912715603,1284.7470141560063,1,2
0.6907639169659465,1540.6014860905839,1,2
0.25458729756191484,873.1551264276468,1,2
1.2744652602468387,2671.73674038009,0,3
0.8943120864176932,3059.0670190246815,0,3
0.1524193627149835,595.8193479122473,0,3
1.3346227717724788,3628.761665634923,0,3
0.567205562191827,3490.2802578497326,1,2
0.20149200718965574,1306.0787154704883,1,2
0.3166995439144931,973.541605985372,0,3
0.18176905403127605,770.7455951567416,1,2
0.8453386537709421,2245.6963394016584,1,2
0.27147494691769547,1937.434238972624,1,2
0.6171826261189178,2581.952026662176,1,2
0.6740297062785696,2303.161363421357,0,3
0.029410340740023962,77.51685229225264,0,3
0.5071512814116476,3116.031612612987,1,1
0.48594916724593684,2989.156936727981,1,2
0.42709579974605244,1148.4862805594746,0,3
0.12472693225996309,505.72193313351977,1,2
0.37117965481491977,2723.5408003760213,0,3
0.2507938931905328,986.7916932991473,1,2
0.20458095691790337,972.054948551926,0,3
0.15727846598667983,556.1045723413745,0,3
0.04303448390808823,238.505178279732,0,3
0.9045567165748629,1882.4374200394761,1,2
0.18665170753232335,1353.9898645677788,0,3
0.2955892854993456,1767.7546940127474,0,3
0.22707064723910672,906.4721966866875,1,2
1.260508488512935,2953.0310120294134,1,2
0.2104211425199535,635.22443860192,1,2
0.664635625030452,2017.9316876940904,0,3
0.7311806493961311,1962.2121074581455,0,3
1.3654833502218182,2839.453057025778,1,2
0.30784178752166064,2483.36727552569,0,3
0.27584137758709354,1786.8784495197806,1,2
0.24873753417956482,959.348982626519,0,3
0.6958890785309257,3431.0626736118397,1,2
0.11395822960540078,238.9636802731889,0,3
0.8521794945585293,1739.703426954534,1,2
0.26633289270133237,993.1640169610024,0,3
0.09516827173389496,718.4611902783543,1,2
0.3287350431766576,728.5220363626679,1,2
0.6081535564772986,2678.546861321965,0,3
0.3724254943965791,775.6981487524718,1,2
0.7203134509119148,2535.9505291009596,1,2
0.2431874748445562,1328.1871761304797,0,3
0.6227924548596485,1789.3574573152928,0,3
0.42584548219428564,1625.134927207038,1,2
0.055411620575406335,156.00703361855557,1,2
0.3635512591886141,1997.2371554558572,0,3
0.85932494374375,2532.563167442071,0,3
0.39410690547549904,1161.236877759561,1,2
0.8955044588124882,2355.6148810542013,1,2
0.20189814891169888,945.1572179562623,0,3
0.6770591573769236,1777.852135423966,1,2
0.5909596677706379,3234.7691081111775,1,2
0.5831905455074458,2629.6542033470323,1,1
1.0811697904103965,2658.0753603737244,0,3
0.4977350961149297,1018.0654471355328,1,2
0.7437285233003673,1832.0493471828258,0,3
0.5776225227955153,3335.0464997673953,1,2
0.340182310105999,949.1676572100428,1,2
0.1486437242136047,819.2002216959954,0,3
0.38996897654762297,2124.44970677675,0,3
0.38770651464552874,1808.5924929542189,1,2
0.11531515094971223,238.95853938311828,1,2
0.4760531783320871,1524.3770187733876,1,2
0.1939002270411752,742.3610472085869,1,2
0.11387610232171068,618.4527760623777,1,2
0.1564545055629011,948.8068030160614,0,3
0.8044320594869901,1641.1367218084783,1,2
0.667654524638385,2137.2855235145203,1,2
0.08795161803724733,357.944299623325,1,2
0.4994914560885807,1057.7669690529065,0,3
1.1817481163654475,2903.294609710461,0,3
0.15876381052157104,1531.8318626636617,1,2
0.5653535675690878,2054.1184571613426,0,3
0.17056800155250326,1104.6347999382688,1,2
0.6389128786448246,1831.4038524534224,1,2
1.8248388446492032,3834.5788644506188,1,2
0.31236989614782745,1456.309920110003,1,1
1.0825632289859586,3011.857342063447,1,2
0.26791113990816406,1025.397865444296,1,2
0.3421772170377625,845.1291219087801,1,2
0.03997323656794515,248.86930568224355,0,3
0.8281048480542866,2915.7831358476055,0,3
0.6425825507921968,2366.3358931908706,1,2
0.8842031365386892,2862.006791125715,1,2
0.13929983277917282,1055.771363760902,0,3
0.931913807588519,1942.3837130528705,0,3
0.2789870457526021,894.2315790027649,1,2
0.5424578569191962,1963.630143833882,1,2
0.6345581854576008,2616.2852480294187,1,2
0.545191400828698,1766.3234892433236,1,2
0.17696966015267288,1156.0696690040945,0,3
0.588551256809583,2909.462944639331,0,3
0.27127739152484626,573.435028283467,0,3
0.299718406096932,791.885049569956,0,3
0.34686149503180735,1019.8666795026407,1,1
0.08275488643730709,627.7408254987116,0,3
0.3847574310315223,2223.47602340842,1,2
0.5770346152190188,1655.4096359400367,1,2
0.25570399091714296,1164.1101613999763,0,3
0.38794044919207316,2245.1388239362586,0,3
0.8012561936944358,2823.4808972796905,0,3
0.44643090839519795,1911.513489968137,1,2
0.1642140707260082,713.8487990911713,0,3
0.780419405560796,2162.993045808743,1,2
0.07385124034919256,405.8063913203489,0,3
0.7871951028955606,2772.5952515359763,0,3
1.8805661641103737,3952.625950087579,1,2
0.35153496966926473,868.9376791028786,1,2
0.03866705069707624,180.92538191788304,0,3
0.19901103115305682,1080.8803067108352,1,2
0.3707930458933293,1729.955173480711,1,2
0.43890497397074424,930.5376828026498,1,2
0.2682408420213639,1743.9948236829732,0,3
0.6751766988482709,1988.6645339581987,0,3
0.023465943405100203,137.64286458093576,1,2
0.29863729577153986,1621.9075988033974,1,2
0.22088378849366697,615.0264032135891,1,2
0.1574605256118997,1106.5438500460252,1,2
0.3896822664026149,1435.383286807153,1,2
0.03532642458786711,146.11376400458127,1,2
0.39871391196420297,1616.3655661253417,1,2
0.07329253569783475,235.02024208398907,1,1
0.13814854834718077,1040.498473518743,1,2
0.02274555239189026,68.871042298146,0,3
0.16244593983545128,888.7319580604625,1,2
0.44454039462606265,2072.160877122219,1,2
0.3989328537334274,833.9653049211244,0,3
0.43049410347269584,2007.3002040574975,1,2
0.9223854373056666,2277.949374150813,1,2
0.8782384749604073,2309.147995759118,1,2
0.9542406113787859,2020.1654717646923,1,2
0.19108308354478962,750.4084623849753,1,2
0.5857224132186499,1445.9532577187656,0,3
0.41460317568437105,1540.3332196898073,0,3
0.32534882788673447,1053.1277651048808,1,2
0.32920441119297994,1794.5385150928678,0,3
0.35812212921316144,998.9266249042691,1,2
0.06151580059314485,432.9635234687651,1,2
0.42803547889481997,1549.617114012321,1,2
0.3234072313236592,1453.1561211961439,1,2
1.0918134964974913,2316.1563560083655,0,3
0.023163559626005296,227.8097321996484,0,3
0.8463186386422804,1783.3510518068474,0,3
0.6373614273586787,1411.1357616954865,1,2
0.36247956387291813,1042.0161004684742,1,2
0.4240450017499404,1624.9334270112442,0,3
0.49978151493285916,2885.8947077503285,1,2
0.7274557491209505,2696.51280907938,1,2
0.4129296928918397,977.0298269247994,1,2
0.8267084129834847,3538.313216706692,1,1
0.7662503684748079,2706.798014409509,0,3
0.5734803000128429,1593.864691521456,0,3
0.6060805370380655,1680.0223057764313,1,2
0.07334163844005251,205.64108647440275,1,2
0.09685838544415368,360.5116551058553,1,2
0.24591514067242104,604.6025713526658,1,2
0.032553568059140024,145.52333920252937,1,2
0.1358385583081987,521.4557125447075,1,2
0.3184872055390983,1730.3842009777695,1,2
0.7593847364429586,1879.8443118038085,0,3
0.3403381735713609,838.399825449998,1,2
0.26425095918898195,1073.9920954596619,1,2
0.24445752645657554,725.5886296352942,0,3
0.18028506969121555,502.8794969783572,1,2
0.4257553889644026,1667.47224994227,1,2
0.26035465713977923,1184.98508401027,0,3
0.2847264159395244,1279.0051101605816,1,2
0.6194862417313423,1473.3425512803235,0,3
0.033262383023021036,82.77059601325207,0,3
0.9505502729517632,2634.935391949619,1,2
0.09476439509278069,401.6090487811923,0,3
0.20773210462842825,515.0176119471156,1,2
0.5351105430326359,1320.9848701830026,1,1
0.05967638817383963,390.98295312485703,0,3
0.34401653896176726,2240.130451367219,0,3
0.8166829691890155,2147.224570892019,1,2
1.2953677927288247,3064.9215894380595,1,2
0.06960384910585728,317.7072661822192,1,2
0.628687970184663,2843.86491029361,0,3
0.2167850221679753,570.818694540056,1,2
0.34877877889372844,972.2451095566549,0,3
0.2370117914589418,760.3007551023355,1,2
0.20012202026273934,880.9075741475348,1,2
0.6688572826700376,2863.8895519118164,1,2
0.5176145332613623,2278.50438601949,1,2
0.6198229337895631,2554.066807672954,1,2
0.08540260386428115,313.5705692947659,0,3
0.31627999847169913,2047.4177105689328,1,1
0.03167961795678483,129.67814034745757,0,3
0.9263567357336217,1947.7548711689465,1,2
0.8760650845114278,2843.1232827431872,0,3
0.17739847167962267,371.75442543786903,1,2
1.309745164011437,3854.0001568407383,1,2
1.1878939904992813,3293.520192447564,1,2
0.30733474217937484,1114.330867414969,1,2
0.36476229144100386,1355.3333508430408,1,2
1.1877503958360518,2924.839408315071,0,3
0.27507624169828593,1659.2205201495897,0,3
0.7759548966096518,2055.164545787802,0,3
1.3670964983663514,2897.2951505403844,1,2
0.20452345634723146,1112.0295346002854,1,2
0.30969654167083427,820.633374827898,0,3
0.1561972884613337,443.5317147189608,0,3
0.1354293577558153,1307.299498776961,1,2
0.7182121660787438,1889.5099781209638,1,2
0.903597947552947,1884.493418888146,0,3
0.30966483842766196,1453.1901267182104,0,3
0.6681535343542876,2365.977704473661,0,3
0.587566804283877,2076.1395093360125,0,3
0.2294989283082289,1087.0396128673099,0,3
0.7782426369672343,2160.1367099733534,1,2
0.2648475171317909,707.69092400964,0,3
0.18785858235125014,1815.2034467685187,1,2
0.24940356964422095,880.9607388211576,1,2
0.31507450539909804,728.5268705280814,1,1
0.38342813348514015,2485.366024559118,1,2
0.7022597340377842,2470.9523911870633,1,2
0.5988537212172459,1718.3139957289197,1,2
0.23469474264761755,769.1818334891911,0,3
0.31144123374423754,1704.5027058536768,1,2
0.639414642482516,2260.13277704864,0,3
0.2000344933301671,826.2248821372485,1,2
0.7612131055557532,2000.218026897576,1,2
0.42113469045859536,1109.1238760512704,1,2
0.29611864140741107,704.1761598188073,1,2
0.05513818013047205,205.0352461380342,1,2
0.1353396085997894,611.0857208510819,1,2
0.6119144433818777,1695.4238659251048,1,1
0.4439837533135254,945.216619521167,0,3
0.12084533891504443,1165.338890933733,1,1
0.7459040123922456,1961.5370521941868,1,2
0.2971956095955374,690.4967805730455,1,2
0.45594583247980036,1654.3825086530387,0,3
0.5221182276668599,1383.3043383020456,0,3
0.07164880404502313,391.97262710193235,1,2
0.42771887121825747,947.4697611879849,1,2
0.46684502702467084,2176.070604214948,1,1
0.7252195676119924,3116.043564096893,0,3
1.0635832478236862,2949.6777161261507,1,2
0.3970734894865453,1619.9523859941362,0,3
0.30583470389694484,856.4207566699766,0,3
0.37446848971611674,890.1053943446938,0,3
0.17243607960763258,1006.2956320903487,0,3
0.05924736922757898,243.269441533455,1,2
0.2547243873120166,563.9844677430187,1,2
0.19545325282714335,1062.0634884770984,1,2
0.4860478802844101,1566.9501444971595,0,3
0.40521720069813294,1889.0274683037433,1,2
0.49997568378532725,2464.019192877398,1,2
0.16167784318813294,756.8885198863217,1,2
0.22288372516309565,1045.6849294848203,0,3
0.25801462282890875,616.520786532011,0,3
0.6989094676120682,3159.4017682313593,0,3
0.25643157980110187,933.1500377114334,0,3
0.19749063448363985,1488.6045211940234,1,2
0.2523557804442576,727.1402391678657,1,2
0.4967282020974665,1032.5187458617825,1,2
0.6013129580223396,2439.462477885332,1,2
0.3333324568918378,1464.8129929756988,1,1
0.28762763592548807,1580.4367586914145,0,3
0.1814021048524003,430.3898803855322,1,2
0.5893419539304828,2659.8505408664746,1,2
0.15857499478850207,1529.7503380052551,1,2
0.4664521465931674,2176.393385571471,1,2
0.5268122913983291,1706.6473881799927,1,2
0.8420988664226016,2343.0379969011633,1,2
0.7845983301856255,2888.6973070284257,1,2
0.27904340462389254,571.0539484904293,1,2
0.7020010756982934,2020.128418509438,0,3
0.1927420288328648,617.3289605912562,1,2
0.22708480962029334,890.3003843563356,1,2
0.47088866772310817,2018.022338633871,1,2
0.0687789947416724,180.25296016015452,0,3
0.09581563207848764,556.2788916739603,1,2
0.09734483715892424,314.98146235410456,1,1
0.32867818590138254,1334.8222771683706,1,2
0.6489182364613532,1540.2864207175971,0,3
0.561571828765145,1147.0369858520214,1,2
1.190020827287656,2814.5948869032713,1,2
1.026192801184836,2850.584618169363,0,3
0.8095090490716712,1680.1160915203272,1,2
0.18285080929950354,374.57200183008814,1,2
0.5668241577865629,1579.9384333249945,0,3
0.3172368432942221,673.7573589309236,1,2
0.16035989007675144,1131.99099466342,0,3
0.0876722471695636,193.77728203307353,0,3
0.5562748258063936,2256.383000074488,1,2
0.20851742401997905,972.6732295949882,1,2
0.8168738519558376,1665.427071313716,1,2
0.5992806972176767,3466.9628396382905,0,3
0.8101995264083386,2249.916342285769,0,3
0.35484169443485675,1313.9660200467392,0,3
0.41782347860192764,854.3967336901843,1,2
0.19619372068246724,565.5049002299022,1,2
0.07500872434131291,296.10474621189167,1,2
0.3063281738529703,1112.4242793319052,0,3
0.6846446085751005,2190.5477441847097,1,1
0.3326471188330809,2158.4823037856404,0,3
0.266398820625261,1171.3923024186481,1,2
0.8926239716628298,3230.0514302141946,1,2
0.6244593727085925,1543.4422808324316,1,2
0.07954869806151621,258.0459119631685,1,2
0.25682695418415136,958.9698443491959,0,3
0.18772822391624264,698.5259100095436,1,2
0.22511918734086328,1359.67845062436,0,3
0.36870765277503903,1501.8562256727134,0,3
0.03881194199311399,110.44169414246997,1,2
0.07232991121423263,401.99295749331185,0,3
0.28325280281176696,1083.7538779504189,1,2
0.12546687091557476,264.0117681832499,1,2
0.4166414716759084,2278.727029280475,1,2
0.3925007282631807,1106.2158081847022,0,3
0.5079564626431342,1123.8047494242144,1,2
0.6458905145484867,3540.837199744833,0,3
0.6352069106243093,2719.046588797441,1,2
0.49922151962334094,1238.7107013725629,0,3
0.5719621274173878,1853.0196847744846,1,2
0.4236349152258802,1494.3495218374533,1,2
0.7886379146979833,1944.516702978274,0,3
0.3855870524399048,1143.3530795785418,0,3
0.18101336117234626,1086.9780594392478,1,2
0.14284998786416025,926.5555640869317,1,2
0.3626051527365556,959.97528530348,0,3
0.037175477924599035,175.1424605787015,1,2
0.10030998880852958,444.7422980139889,1,2
0.17232236979560833,659.8481262982042,1,2
0.5031554903507253,1235.7861879901068,1,2
0.01776078624701585,97.48711057611521,0,3
0.3507834747509765,1576.7937668400423,1,2
0.7649360644544028,2815.957542286356,1,2
0.006864336148242695,52.7197566306957,0,2
0.06442110790399345,230.00697808608865,1,2
0.7797372445760441,2871.299468424097,1,2
0.5011637031120403,1328.1510581034534,0,3
0.6577866769813125,1371.5908949731147,0,3
0.08036881790513738,224.45183079676494,1,2
0.31502000805876684,1387.964062703412,1,2
0.5978720529546921,1481.5973056244302,0,3
0.49291482282891297,2696.328951089112,1,2
0.6658091639698962,3005.159836198665,1,2
0.4529466873774199,2053.8577619715657,0,3
0.03597358159499772,97.67813906172387,0,2
0.6739484253071505,3321.7749768473095,1,2
1.384797995141821,2934.2314134308654,1,2
0.5617638950177215,2329.8399008296396,0,3
0.10977229278000866,527.4460743123556,0,3
0.9953049974421645,3221.189345621517,1,2
1.3742053200696762,2911.3991497012116,1,2
0.011072208863004385,54.58244649039887,0,2
0.9772906021168539,2041.2410084510993,0,3
0.4821264023155421,2175.36338918495,1,2
0.41607253570398217,1027.7725040049204,1,2
0.10867425585086343,225.93190131233573,1,2
0.06719725861685477,651.5376052874902,1,2
0.39133492600483916,1090.7922946663641,1,2
0.24470097557469872,992.5751034412007,1,2
0.19011967761959117,888.2673784066701,1,2
0.45183282742165126,1331.0002712042278,1,2
0.05759102358463933,162.59371710850186,1,2
0.03007841931110508,185.50388781089788,0,3
0.4616317981578274,1223.6894530151028,0,3
0.05590289096661878,308.5492658724339,0,3
0.03719262784195025,223.7308753814163,0,3
0.2260579341593853,1308.1398401516055,1,2
0.14472182461343552,793.8485657652568,1,2
0.5236099653479913,2864.758588914793,1,2
0.554643149390666,2374.0468528773517,1,1
0.0587659378059255,147.36917330541255,1,2
1.2294964809448181,3614.69298477056,1,2
0.1381885380984969,832.9746935803279,1,2
0.7430548864247183,2738.1541329302427,1,2
0.33250988704759404,1234.9407152190506,1,2
0.4545156867928193,2131.689278359988,0,3
0.5215804889216791,1923.0957104265012,1,2
0.8468442208234084,3721.5051122537866,1,2
0.6461647082878971,2915.159298035048,1,2
0.994971566018426,2767.6794608263217,1,2
0.2393589640845476,929.3507201210859,0,3
0.028386677130077576,110.40970126419307,1,2
0.3385115413490394,1371.9083893195705,1,1
0.8318692320447503,3062.2330831047475,1,2
0.36267513696201165,2359.254766745744,0,3
0.9527470744079647,1976.9711732363924,1,2
0.35578397327449723,793.1137960316676,0,3
0.30491638841099555,899.1427589371564,1,2
0.16195180465261144,621.1821607372361,1,2
0.2278572284288731,1031.9259049852678,1,2
0.46151744950186596,942.0121027533073,1,2
0.24476516099038803,1083.327009890462,0,3
0.8854683552354317,3212.4872237243744,0,3
0.6101037382480794,1246.1583990117927,1,2
0.5777793911541966,1701.7821123061713,1,2
0.1434649094134846,595.4238215529795,0,3
0.37560640783223637,1525.1827646261443,1,2
0.493760267860966,1582.7265601845324,1,2
0.4949224187240798,1888.5061777593312,1,2
0.7529935646595384,2419.0158893654284,0,3
0.3742496895472006,2034.2690469450147,1,2
0.09937268064279794,387.26140297354215,0,3
0.7716785493490111,1908.7882852920202,1,2
0.18440500112363725,1117.1707468228103,0,3
0.21932536561749955,1548.9698410793183,0,3
0.11078519099157894,272.9322261234239,1,2
0.2965084299196872,2231.6329270033334,1,2
0.6896404830617275,1438.518987928342,0,3
0.41916611263296943,1035.3648949142357,1,2
0.028956392596053652,104.02484001328763,1,2
0.2948497679686197,731.5707231733458,1,2
0.8226721700547599,2977.741777170436,1,2
0.8946064476935204,2866.6001149899826,1,2
0.9425989541662139,1983.4753627395826,1,2
0.4325538099292069,1144.0602190612035,0,3
0.7221126795336363,1604.478370410239,0,3
0.14053807632866192,582.6824166639192,1,2
1.1071942986429877,2328.468437740966,1,2
0.3945487037519368,1510.2801460676728,0,3
0.21267057834655975,479.27117379252246,0,3
0.2593619761824501,1826.0095893831162,0,3
0.36068138518892345,750.0831178856969,1,2
0.04862226200096099,118.50784875666749,1,2
1.000523109665326,3239.307521496292,1,2
0.640304995386695,1684.5865080069793,1,2
0.644820042667318,2525.7832057716596,1,2
0.7817630638581091,2243.9062898681977,1,2
1.2867683741333247,2732.884078864307,0,3
0.34882533727592546,1286.3381672335336,1,2
0.30213153953220223,2280.3267573408352,0,3
0.7111347620610903,2279.728955564394,1,2
1.0843696288140616,2298.4208557978523,1,2
0.10697576761606935,807.3492086281307,1,2
0.4288434641146097,1262.5136878789244,1,2
0.43718806816778344,1149.475287355576,1,2
0.4292297912661242,1640.7234390003077,1,2
0.6846397397969456,1802.4870443789225,1,2
0.35652986239971896,740.1991464003943,1,2
0.8325945895233037,2451.1951590507797,1,2
0.18670271939780747,1800.8603364202556,1,1
0.0709578410704328,688.9322918696347,0,3
0.6413874211809373,1790.6359677038492,0,3
1.2441970201428079,2635.2460121198096,1,2
0.1383546396530205,1335.0164457873295,1,2
0.32463255927755447,1327.553925819781,0,3
0.07554439392883343,347.1476510517999,0,3
0.1671275195820079,596.8125023915045,0,3
0.4269487320987291,2342.8890748342724,0,3
0.13170178792448556,595.6157736362234,1,2
1.2978122886716341,2746.880226305243,1,1
0.23042884081204842,691.9080587837952,0,3
0.08937628234505123,492.1864920316362,0,3
0.8183987261277581,1670.854136459831,1,2
0.20961217479517766,865.7056097759029,1,2
0.3149098016755495,1170.645806382252,1,2
0.359707138173916,1978.3328250541265,0,3
0.21942865746054474,543.0157367225053,1,2
0.29454277671278783,849.1707787303556,1,2
0.394841198182758,973.1713548589205,1,2
0.5003197455668934,2334.9999193217695,1,2
0.17794574065439384,1069.0715268670176,1,2
0.26254655281194667,1179.5190869198307,1,2
0.6895183062128107,1977.5199992311063,1,2
0.34469058481200876,1883.5456775288915,0,3
0.11004484818522255,517.6966295801369,1,2
0.24051880700344863,633.5873393116522,1,2
0.33759803957917045,2036.3732717089129,0,3
0.8402994320486026,3599.203774220929,1,2
0.031117468035796937,301.5577281826161,1,2
0.5022655871614978,1324.4538622143823,1,2
0.43880456417258706,1219.380217339267,1,2
0.42866443269160376,1680.3097974403759,1,2
0.1737625176155785,749.1840874346404,0,3
0.32810821949846236,1968.3285578773957,1,2
0.744916512177599,1733.8955500476975,0,3
0.7711604171771392,1705.7682427630416,1,2
0.6126345338496156,1962.968675913342,1,2
0.28437040510830774,1250.074547918785,1,1
0.279162563563343,690.2050851257537,1,2
1.1148875961430285,2737.901293962316,1,2
0.43499428333287843,2380.5565933984312,1,2
0.11562842855603549,525.342721438639,1,2
0.33471499356292267,1561.0763204621207,1,2
0.9970631660123621,2464.1422295556276,1,2
0.1786431123844077,376.6492475966267,0,3
0.05589273309609564,218.15888404566314,0,3
0.04429160678852614,267.2469413985128,1,2
0.3403663538036952,1589.5608308819992,1,2
0.42434150966204426,1989.5748819507362,0,3
0.0342048178976887,224.57568036041135,1,2
0.853823432255934,3654.7237041331314,1,2
0.18499342614281447,918.1653130296753,0,3
0.48092563303373137,2170.567598652414,1,2
0.427774631796468,3002.771816617207,1,2
0.0949075990734745,355.4690850954045,0,3
0.25482663158197477,1388.2802168510786,0,3
0.43699044400447495,1045.7458037706333,0,3
0.4352019992263833,1663.3383838639722,1,2
1.0809801268036145,2273.290818880871,1,2
0.23747748890237796,1066.0657062988419,1,1
0.09904076207491781,252.08949421185568,0,3
0.6920385935315808,1707.7536959139659,0,3
0.5299426389868942,1401.0382317826434,0,3
0.24923094299332874,1234.0518470906877,0,3
0.6545428752302205,1825.5027938775604,0,3
0.5926970798479742,2672.687737397334,1,1
0.12039837792203859,348.7559429789106,1,2
0.21185271954196888,745.8294767246618,1,2
0.5999760329242939,2472.482589237781,1,2
0.46065676754315005,1102.4459400300586,0,3
0.604318380949384,2590.8232831653118,0,3
0.285212507557525,2003.4451171427966,1,2
0.12333523072822672,459.01466250810336,0,3
0.46080005555600057,2273.6816252453577,1,2
0.655730417919588,1819.1736675349537,1,2
0.4987627784605769,2202.047644963713,0,3
0.1433863392486825,866.1789219353932,0,3
0.8749619271065143,3242.3107309506886,1,2
0.18756732661530362,404.59733865436203,0,3
0.5180966549616285,2225.8096283026157,0,3
0.5730790364708617,1170.5453436437547,1,2
0.38197747308360397,2072.9141900413115,1,2
0.8412421090459844,1784.0595340849204,1,2
1.3760558975041421,2917.876398940196,0,3
0.789960372868442,2794.039603265671,0,3
0.12072866149098106,496.2816484570469,0,3
0.1152660079049738,672.9773048737426,0,3
0.05979851778328899,175.67847666790914,0,3
0.8360103667735871,2472.022521745815,0,3
0.1866820498038698,390.7051610354355,1,2
0.5966363068532199,1573.9161387013455,0,3
0.7505365215382807,1736.9335576247772,1,2
0.4195746230620052,1344.1413381135137,1,2
0.1280405291335968,345.2774689673019,0,3
0.08880240414458067,263.4102170287047,0,3
0.3493891504576798,1630.9846519937919,1,2
0.6993074844655212,3072.716658058453,1,1
0.1936805019078579,1062.1578439500631,1,2
0.34222949456353613,1610.368022724508,0,3
1.1957603858130763,2831.433346610314,1,2
0.8713733970115675,2293.3853579289926,1,2
0.4744041163366017,2742.9744669334605,1,2
0.17826510817558353,1729.2924615087406,0,3
0.6768437766474619,1780.8946504106334,1,2
0.8665924017398989,2781.5823285640745,0,3
0.2615962869217951,1076.587149089623,0,3
0.7016700931057552,3006.2224195296094,1,2
0.02967809994812002,173.7340070967784,1,2
0.7934474766226788,1837.5957291708526,1,2
0.9330888951803005,3456.4943311359443,1,1
0.8014272333450493,2952.746625347429,1,2
0.3504588765048328,935.6862445401838,0,3
0.6669762596436306,1361.9297007490163,1,2
0.8023743212644349,3527.460915836139,1,2
0.2815024601338516,2125.9665218338705,0,3
0.21004578115581815,801.8270406067961,1,1
0.9230784821768052,1916.2257556871555,1,2
1.4166267920369486,3133.522051704087,1,2
0.6074613687026597,1597.1181057644114,1,2
0.4121441932090085,1621.9790842012035,0,3
0.6138211147740478,3557.0975708369588,0,3
0.19001884724840315,469.74245520057787,1,2
0.35596206025303073,1663.9064204222984,0,3
0.9261186647470364,2191.600698038154,1,2
0.756585387908076,2099.772543290524,1,2
0.17066743373146098,640.0480089418879,0,3
0.3063863689637199,1388.6700197740006,0,3
0.2021341793394378,432.12835268749853,1,2
0.24722722270647696,649.8658976233547,1,1
0.6797320692085135,2200.763872536615,1,2
0.781796915692547,2166.683644963393,1,2
0.1890376579290634,932.5987988261484,1,2
0.6724608781892649,2778.6084262249474,0,3
0.4820043775487729,2635.3941314454323,1,1
0.08584800703634331,204.88865267752382,0,3
0.8009914798896,1769.9388664726678,1,2
0.769189234734015,3383.4300853566997,1,2
0.09882024492477172,697.3119298527783,1,2
1.2583957789556828,3699.8958943536795,1,2
0.19835017667815774,1192.2998082379418,1,2
0.7335264272548634,2156.714872919334,1,2
0.16364789464244092,1232.2797913088525,1,2
0.5348391495134532,1328.4066187592175,0,3
0.6856086661660207,1454.1472700745032,1,2
0.668924655074089,3016.7800647048953,1,2
0.2641879975146671,846.4927017492838,1,2
0.1903728219825074,619.1188038469963,0,3
0.6128394728227337,1272.3190199372063,1,2
0.9552932060146075,3539.4687402915342,1,2
0.0278823099917326,59.417288677195124,0,2
0.15252474863383692,495.68395813137084,0,3
0.1730653910948455,409.29723627412824,1,1
0.05628847166258523,316.77016377789624,0,3
1.4879466553114442,3286.945049651543,1,2
0.19367388581497938,1059.5550292340167,0,3
0.565134637679703,2784.7456819220474,1,2
0.3415097943341684,980.6182028254266,1,2
0.3918240455378331,1761.5493306865128,1,2
0.3117665447335992,2351.062985615509,0,3
0.2840013905564861,1293.1785546465383,0,3
0.44766282328168283,1575.3069051996301,1,2
0.2777669104662769,1062.6444981845061,1,2
0.3158091015082702,748.1295373577219,1,2
1.2669783089508033,3512.997809194825,1,2
1.153124059641071,2442.2459691969366,1,2
0.7165302298428695,2817.1486834139873,0,3
0.7201590793916118,1516.5518593658092,1,2
0.5605996232476463,2407.3127294739147,0,3
0.5302848053841749,2902.1663878007016,1,2
0.39058523975599285,2137.133438492506,1,2
0.23575902406991375,968.3966774722392,0,3
0.17896454187688027,980.6781428265867,1,2
0.13868838475881556,1346.3765117954244,0,3
0.32419006260800615,1044.287722064567,0,3
0.5027636994520327,2039.2676191845105,1,2
0.3544247091734852,934.2789948773606,1,2
0.23335130575584498,1049.733047715192,1,2
0.37460625116616525,1518.762722920382,1,2
0.8771577228946181,2840.5934643004052,1,2
0.8139446613964693,2266.325052707813,1,2
0.2082442366833433,1471.9076795686822,0,3
0.22414152133068244,458.12141735255426,1,2
0.05367819967540198,142.3272424963699,1,2
0.7334723866865642,2373.1233240135844,1,2
0.19975618718065838,1084.3883502641518,1,2
0.9073708342591421,2235.691542804739,0,3
0.5123412262514544,1420.982918128385,1,2
0.48559397418172096,2807.7983030084843,0,3
0.4601472382245564,1763.8097700935932,0,3
0.24505574008591477,590.2371178457964,0,3
0.07794866343745163,349.2380260144046,0,3
0.9283395165705056,2055.513393872896,0,3
0.2712357377282415,780.004857838961,1,2
1.1449621256933833,2816.674822791444,0,3
0.06939897685085201,679.7571003246551,0,3
0.5345771144511914,1495.0434944089827,0,3
0.2309595229258095,739.465596122426,1,1
0.2014778323853246,743.8387799765987,1,2
0.6596037593666039,1631.716546156949,0,3
0.4720994464456934,1046.4751252580727,1,2
1.1207254777211972,2358.6330940017588,0,3
0.5632775628626642,1393.628014042916,1,2
0.4682383146449066,1930.2704295280903,1,2
0.027360992579640572,192.76318324821327,1,2
0.5414599585728704,2381.7320826332752,1,2
0.6944692807984635,2446.020303886171,1,2
0.1478366165775663,1119.8336492081671,0,3
0.501179485696358,2741.249713989636,1,2
0.5060462021368628,1639.4769593281094,1,2
0.40247189763636326,2823.9761111299504,1,2
0.052375815443215276,195.20011030991688,1,2
0.7238098721111503,1902.8135337152773,1,2
0.15774211912992578,779.2396242665304,1,2
0.4919541686710891,2223.146999289583,0,3
0.1323464015764301,997.4436987329644,1,2
0.24413249653890512,1212.3541984222127,0,3
0.11302637987089163,1093.2888956487993,1,2
0.3956018907636594,1553.652500814381,0,3
0.1837820000576244,702.4378027677283,1,2
0.16852159683774776,597.9179469644289,0,3
0.40141600252228976,928.4131149856748,1,2
0.2074404263908076,1126.9103114791264,1,2
0.5885903125938635,1637.6074463782957,1,2
0.836002051302921,1735.229071879011,1,2
0.4372845661596039,1587.9193220259585,0,3
0.18254937252178388,1055.337360995811,1,2
0.26783177077033427,1103.152368083072,1,1
0.9551051725332554,2810.7750980795363,1,2
0.07828160425341214,387.7175981692761,1,2
0.5157044351674029,1073.0022158111472,1,2
0.35538156083549266,1144.7659729169131,0,3
0.2268087033387436,605.9402147766725,0,3
0.45999409331482166,2085.763132774171,0,3
0.4639551350315673,1220.432196076875,1,2
0.316766876528673,1720.418784432056,1,2
0.7361749011327096,2165.4753515773314,1,2
0.020321953550120363,199.78683599359962,1,2
0.5977472339324625,2629.9455248770428,1,2
1.4414085609541565,3056.514527947806,0,3
0.1841891565378032,531.5101054606442,1,2
1.260612469066189,2668.634458082585,1,2
0.6417304483162493,1369.1346531841182,0,3
0.16341096305865255,983.1899899250127,1,2
0.44413412864046836,1274.4120062012178,1,2
0.4635542615810992,2288.5032630158157,0,3
0.17843739429147149,1072.047611356702,1,2
0.24475891218790738,887.7206864439278,1,2
0.3913460650291944,1379.461897271784,1,2
0.8980443254019577,1863.382595417651,1,2
0.34648737078018704,1556.7610889806433,1,2
0.016258633503707296,86.2717666299427,0,3
0.37453939555059457,2247.052214701376,1,2
0.20406188649904186,432.7218991457914,1,2
0.5221766280367535,1065.2092829344745,1,2
0.4972467600373349,1750.7274493653947,1,2
0.4062947415580155,2353.116761835492,0,3
0.22269588287277337,1687.014760275603,0,3
0.3336291422063199,1930.720922761644,0,3
1.4864489668726977,3123.5087175565577,1,1
0.9539586273335011,3087.0272889687617,1,2
0.26117120665907356,726.2129053397101,1,2
0.9073655857463193,1923.5762346798083,1,2
0.6664442716403696,2744.549624633137,1,1
0.24646219335666858,791.7256097165408,1,2
0.02530336215017893,105.27516140922474,0,3
0.9429481140848035,2329.0427046972864,1,2
0.21586109610673654,800.1674420732256,0,3
0.2405796440954331,1307.3823047695241,1,2
0.291625564455256,718.9084586251687,1,2
0.36033540106415646,1958.3804667185013,1,2
0.4608606797951779,2522.9173140181965,1,2
0.034655143820292604,98.64593899972012,0,3
0.23373466481833374,1061.08513396242,0,3
0.2749444775561143,1283.7231175802522,1,2
0.697356792478684,1944.8463962221422,0,3
0.37087280834649167,917.824291261535,1,2
0.17095971309559824,934.2014217231082,0,3
0.18568638611181035,867.0803314584964,1,2
0.3665261080441495,1398.6414140236766,1,1
0.17263812231946574,370.49533326513773,0,3
0.30211344353973824,2272.940032475132,1,2
0.26802185308949206,1547.611537354412,1,1
0.15962965766160223,870.2568271334803,1,2
0.6398801760799571,2606.3406983063524,0,3
0.24826622933102488,1226.726207570059,1,2
0.3285405487180637,1333.6043398831598,1,2
0.20892252227218264,1469.7543460603254,1,2
0.9463823554691552,2623.1149828029943,1,2
0.7090063552884356,3116.028466875609,1,2
0.009032087758375352,57.77048409057914,0,2
0.6559474179825181,3233.871947620084,1,2
0.01179613286622705,72.47874645017458,0,2
0.38206814629721325,1409.513977182327,1,2
0.02391015590153997,52.258713392499516,0,2
0.744142107285741,1647.1682345294905,1,2
0.21079127986392052,584.8166133424103,1,2
0.5924106240263902,3421.8836822597987,1,2
0.26138975173886997,1078.8469772274705,1,2
0.1854251206832778,661.532127331175,0,3
0.7500359623101593,2787.158428726625,0,3
0.317989642146578,944.2345606109045,0,3
0.5215464017712952,1291.807439006247,0,3
0.5304240400245347,1398.4611293214707,0,3
0.668515442238733,3016.328723674739,1,2
0.9688557084224874,2853.443012514902,0,3
0.785220688313568,2893.4292630824243,1,2
0.4486289188504065,1974.1282733701785,1,2
0.3438376900201277,1424.2497999140714,0,3
0.1117179609867339,297.1637040271394,1,2
0.13562911134299618,814.5017183185854,1,2
0.5063348288219247,1418.6180659317752,0,3
0.3689596479212383,974.1654941691372,0,3
0.40044492225473444,847.8872612449898,0,3
0.4494764852468267,961.3819332273599,0,3
0.46985322890617237,2320.4562848337187,0,3
0.35807817647715645,1608.6310709563938,1,2
0.33938655398465223,2207.1734170598133,0,3
0.8255537583685606,2042.422313870033,0,3
0.6387685540707134,2379.1929405481715,0,3
0.5770727442881277,2540.408290649101,1,2
1.336065758321203,2828.347723882808,1,2
0.5213835500600851,1291.3341979230477,1,2
1.0356169079847546,2559.517175267547,1,2
0.6037095051212689,1955.547687102348,1,2
0.5968892934576663,1384.8838887337365,0,3
0.4231440616674276,1247.0133447359206,1,2
0.15622460305380517,327.21806497161356,1,2
0.10486742929770397,340.2041591771575,1,2
0.4065904977010089,2856.9091944645893,0,3
0.633430535524232,1569.800996779904,0,3
0.15236510386671281,834.4037594152069,1,2
0.3528376896693742,1310.8757502838876,1,2
0.4448809620380647,1167.9634476984415,1,2
0.5189782275117653,1150.4552038830905,1,2
0.37242596918213017,2240.2309903009987,0,3
0.265650417012771,701.8508949170631,0,3
0.9620058274822474,2385.717789094713,0,3
0.5138358921465269,2533.1430564078196,1,2
0.5690240273064875,1823.5081256173478,1,2
0.3960615985439738,1138.3875278774867,1,2
0.6752427800395473,1871.3033984218584,1,2
0.3878056497598275,2246.2117022234765,0,3
1.1703541454979434,2587.628879194461,1,2
0.0434013420607436,160.7662079228357,1,2
0.07184472844965838,694.1902249561293,1,2
1.3137761938016739,3642.041809088735,1,2
0.39039254263970097,961.0815434962765,1,2
0.13700941386724066,338.3097126187912,1,2
0.22903386073541798,531.3990991812913,1,2
0.2660190019505776,1869.0220016541612,1,2
0.6755611277543838,2163.4034740464635,1,2
0.32589690743440036,857.8842058886615,1,2
0.6017476172367229,1948.003268843209,1,2
0.8675691729838867,3215.979241208317,1,2
0.33723946496748225,1835.091408205092,0,3
0.5470543432385426,2697.5099100413104,1,2
0.21513691770967808,790.3440515502762,0,3
0.08336465772802311,463.9820950517177,0,3
0.6278217936035443,1321.8429801420505,1,2
0.11114751914999405,425.9038436690887,1,2
0.5754741519374516,1603.5558965732491,1,2
0.1434020303954203,1006.5157249928303,1,1
0.02155974388664464,170.47970220794033,0,3
0.031222472733317026,85.81396341610824,0,2
0.22812450885586746,1003.5980669064612,1,2
0.04868035994537587,198.57442145279023,1,2
0.8995267645336655,2375.8455948618785,0,3
0.26419301316079224,630.9512048250084,0,3
0.0955166405774836,280.57606652571695,0,3
0.05121507994890063,231.6979973248075,1,2
0.2766881728659829,2082.644461621165,1,2
0.1926056575783907,907.2476203194298,0,3
0.5129082159367293,1348.2066084967246,1,2
0.8961001426704974,3320.3082492689864,1,2
0.08188077523604805,234.22876239535645,0,3
0.35535595407374276,726.3717643971248,1,2
0.562118375451323,2036.5046249992788,1,2
0.41684373939707803,1468.235453479553,1,2
0.4331026557807866,2136.220264626147,1,2
0.5523297115367527,2375.693819630236,0,3
0.6837020992745457,1617.698557119366,1,2
0.1886886579861369,400.38353733550935,1,2
0.7963403366931122,3410.9964194149075,1,2
0.40659384180487995,1166.7145816268987,1,2
0.41917338142447513,1954.2918452600024,1,2
0.25346036732300115,1184.5131550207288,1,2
1.0138937114636952,2154.451168818001,0,3
0.992424459453109,2193.7833770356906,1,2
0.5349328222567128,1094.625665377881,0,3
0.8955520158562124,1858.363516369007,1,2
0.9531606771669823,3084.313889419665,1,2
0.3408444908004111,1200.8744923420415,1,2
0.6554054611352733,1731.8302899567725,0,3
0.18410016974890983,390.31846252582255,1,2
0.6783313864355792,1786.3652837434531,1,2
0.7116068256640296,1987.9215741771445,0,3
0.7118944314766714,3052.22402981109,0,3
0.5332714852047824,2344.4724120352635,1,2
0.4386644897648039,1085.9520654490154,1,2
0.9128974741771073,1863.8354596479808,1,2
0.8305899031644174,2311.9804902770693,0,3
0.9944937162712025,2106.2101198803844,1,2
0.08837451442101998,186.00051113174428,1,2
0.7745003915872338,3035.817818521485,0,3
0.21353966420696688,437.04560055044027,1,2
0.10422465654690732,260.3253091986002,1,2
0.06811695051694494,170.9180824832058,1,2
1.1878475934304935,3292.4800202625884,1,2
0.5898540919189946,1254.7265467209081,0,3
0.4653738541364866,1369.9977401742397,1,2
0.973705407295106,2699.0779838731373,1,2
0.6370269534939391,2800.799825777352,1,2
0.9347972112278053,1966.769247488854,1,2
0.7367547467943503,1502.3852925709677,1,2
0.253345816821075,633.6705027906838,0,3
0.03534821538101722,342.4939461851429,1,2
0.4679175539852486,2004.4818394971667,1,2
0.7464891792137941,1967.7470247211681,0,3
1.001229754861738,2105.5020681746537,1,2
0.31955951879995786,1219.9172625020967,1,2
0.6418602658822522,1484.4832555202438,1,2
0.7446468340519952,1767.6771690765459,0,3
0.3901923531336002,1251.0892421801022,1,2
0.4481452221252931,1821.7507768587407,0,3
0.23054451686008073,2225.0805258987625,1,2
0.5182104493604278,2284.805455327727,0,3
0.3929045273383983,1097.2655819484999,0,3
0.12938064818042988,975.0960972439963,1,2
0.36192312087741635,1690.0361258975422,1,2
0.8370373911244191,3583.076482930083,1,2
0.22699930345829233,935.5336082196525,1,2
0.44161933180497687,1162.4766435423205,1,2
0.306008140132082,1663.5844914021857,1,2
0.2851673039349311,1281.2335795647998,1,2
0.991109022438547,2022.1575516448352,1,2
0.5855073971740828,1385.8126102132912,1,2
0.7850443555255143,2065.9863760671797,0,3
1.0674438283151162,3148.586699446555,0,3
0.1464486403369393,307.5360978839524,0,3
0.5735792072674352,1268.2576600872662,1,2
0.3397807817390545,1529.2099619536598,0,3
0.10336700368231166,410.50893757302646,0,3
0.1023538449486326,559.977268029824,1,1
0.5100729585069776,1892.4718730843854,1,2
0.5558593351132519,2187.0895812209087,0,3
0.3779004850134856,2271.169696817586,0,3
0.41108030322224226,2249.70387366634,1,2
0.43416291216474595,2376.5991211988453,1,2
0.7879990608672952,2772.6969961292625,1,2
0.21426054238345593,1620.1962351344102,0,3
0.1646139160847828,390.2744740329541,0,3
0.4095355076887507,971.797075304042,1,2
0.9210008582111143,3413.6756193244205,1,2
0.4516084355115723,2031.3220862197459,0,3
0.1914668568669777,866.378585284684,1,2
0.7944106376333506,2219.753320235685,0,3
0.17133418707756126,655.1722180777066,1,2
0.6336129728050822,2621.131740053537,0,3
0.15929752992454752,460.3095165287052,1,2
0.5255941487015635,2166.8073809858747,1,2
0.5104025600110104,1998.7707102351278,1,2
0.6003660909826302,1273.9051112279813,1,2
0.32229673090595495,1936.4731549189833,0,3
0.9062248174361908,2520.9384107375963,1,2
0.044982220770928914,293.455378305651,1,2
0.8204801956236738,2167.691770188212,0,3
0.5315477185665163,2403.98203027591,0,3
0.8219690437355709,2666.472148095473,0,3
0.20405904478379736,778.8401870391297,1,1
0.8650698633014108,3205.2984001986883,1,2
0.6965265883106692,1827.914285807454,1,2
0.15579431282670045,578.049400545208,0,3
0.5825472251400048,1672.4751857377275,1,2
0.20344146227783638,951.3679066681365,1,2
0.16636835030103853,586.9232632606528,1,2
0.5757901556390673,1649.835777067015,1,1
0.5016744201874632,1391.4847598288786,1,2
0.4217314669523968,2080.569587808749,1,2
0.26192644137405446,754.3018082525253,1,2
0.3200107407702498,847.6219320460175,0,3
0.13649058177506573,639.8086626747141,1,2
0.25747252599539194,1545.1992513165455,1,2
0.1093901936954268,597.6370200030831,1,2
0.041578509408385485,196.27967443177644,1,2
1.264882327473434,2671.0627256747525,0,3
0.22550141878588306,1705.4716295370133,0,3
0.16865487931776305,470.13462187296795,1,2
0.15793226039486652,714.098484299133,1,2
0.6247070171575719,2300.9530694745727,1,2
0.21688972534035095,1012.1237588211409,1,2
0.024595715259399076,61.66132664123685,0,2
0.8696513516654284,2159.0228083093757,0,3
0.6256185345425395,1310.7791151452382,0,3
0.4739202635876209,1319.739241998006,1,2
0.17353000197416713,641.4309313564369,1,2
0.045713724158936965,187.75924777874278,1,2
0.14245743519262086,589.068011559543,1,2
1.0501867863058263,2225.8164496206646,1,2
0.41072996947237295,2882.1327185020114,1,2
0.020306263077745256,46.12323277131234,0,2
0.6270538019317863,1805.7125229820513,0,3
0.12111579882851116,599.8591751289714,1,2
0.23897736426320682,1315.6029179714342,0,3
0.1542666365340809,1494.2349424628048,0,3
0.826080890485678,3535.44612268695,1,1
0.22929637817239862,1008.4910654048969,1,2
0.06016773353593373,152.02696274332237,1,2
0.2082498568221841,513.3093098571086,1,2
0.1654668357957994,902.6897870373505,1,2
0.059489979002296835,257.7400385303152,1,2
0.33280105874316096,700.8557072273279,1,2
0.2078953341700393,754.286197029914,1,2
0.05989303212672675,195.49629052762373,1,2
0.5488563237112809,1988.1111438917383,1,2
0.3223440081669248,1418.9228942836608,1,2
0.6045778700742321,2502.547644026496,0,3
0.04741891603470315,215.7366694925135,1,2
0.12619461302838478,334.8188932156404,1,2
0.2673783907598585,1463.094578361498,1,2
0.8523426664698263,3655.7666449123267,0,3
0.22497016270947182,626.6704251185987,1,2
0.39253629466315765,1031.8579920376255,1,1
0.039236381952253166,93.94981213960385,0,2
0.7666238656637977,2015.153857234961,1,2
0.2636952072537122,1707.968779731927,1,2
0.6775460043429018,1605.6050915507826,1,2
0.6902452444273233,1979.8318219375956,1,2
0.34679889137857556,823.8220201641244,1,2
0.5560699343614037,2386.7296365933103,0,3
0.21473593211634984,1165.9721515844108,1,2
0.10078109243047864,372.76584106443255,0,3
0.5328855185507101,1089.5887011034283,1,2
0.9993125848310354,2939.800497371626,1,2
0.07207055574469394,210.31458548608725,1,2
0.5973232845544154,1320.6488282195367,1,2
0.37056079007938875,974.4617455277737,1,2
0.5423160477009134,2446.4089160734316,1,2
0.31444495959040736,826.9223012985076,1,2
0.21035615173545275,805.7550733526353,1,2
0.5950462384454378,2153.8376174063997,1,2
0.4931201907502632,1933.978661921372,1,2
1.0645187256362267,2613.6867057746667,1,2
0.12005540221388533,500.43412480397717,0,3
0.10131168345666818,556.6642114441973,0,3
0.21445224295657292,2070.73660352418,1,2
0.5192105050216849,1832.9802358048553,0,3
1.019565583310642,2412.227043758078,1,2
0.4556144981278694,2128.889484473789,0,3
0.4253684804963951,2757.06410687846,1,2
0.2002099952827178,1088.159107721733,1,2
0.26911128428549536,713.872972026602,0,3
0.08015851742362745,604.0672057525269,1,2
0.12996299055456847,539.5202576693839,0,3
0.23362088418668905,1766.3776676017874,0,3
0.08105533008317513,299.22464824026974,0,3
0.3410712175672029,711.4430333280197,1,2
0.4170188759032128,2936.96060517153,0,3
0.2623655125447313,1153.7913327860865,1,2
0.08693670095527059,394.8574108192539,0,3
0.5603248708182665,2529.6750117963506,1,2
0.11872381008718429,533.9226561077206,1,2
0.21050153639074404,2035.4988665045344,0,3
0.5238950220933434,2303.251763286839,1,2
0.2890440959643633,1172.0757827997145,1,2
0.25010592749471583,693.9541092154427,1,2
0.5753789867770821,2025.0634247960409,1,2
0.4405814932703681,2544.6286909601145,1,2
0.17496233010591594,1049.5873401627375,1,2
0.027785521622401523,180.91948381485577,1,2
0.6135862738386859,1611.706708975235,1,2
0.8369552755080035,2690.5244485213575,0,3
0.6625339668623141,2924.129321617249,0,3
0.06418356086220808,268.62666706849325,0,3
0.37602220913098533,1754.2968810319148,1,2
0.3084963542801936,1440.171559953608,1,2
0.9786409197411202,3627.974966760155,1,2
0.2556940398033916,1398.8528479212753,1,2
0.11418226619224016,859.5387468846936,1,2
0.10079838131304569,334.479367190718,0,3
0.6459487867090297,2275.0549990962145,1,2
0.8876604275785512,2336.0343483442516,1,2
0.7113101441160516,3209.366998844195,1,2
0.2351545275832487,1014.2393463719785,0,3
0.3020308966595135,1225.3267438332707,1,2
0.007288457662716218,80.71302282671785,0,3
0.3971278011369346,1638.002298670318,1,2
0.3225490404231817,1864.881546836644,1,2
0.37607475863934986,868.8265617988511,1,1
0.6056433510976811,1505.7147023466869,0,3
0.7237503735198737,1540.2300606204597,0,3
0.529943718285349,2392.373878936681,1,2
0.903514985089619,2003.228913111478,0,3
0.6771352543797228,1672.6237879455723,1,2
