energy,time_ms,violated,priority
0.11422750113700447,342.60800406605887,0,3
0.0008002590600493012,10.072092942213054,0,2
0.0006002547091719151,18.559801948966385,0,2
0.0007169489945470718,24.074234524888475,0,2
0.13002399638505877,1112.9801677911644,0,3
0.0012840950489216528,23.712499260970766,0,2
0.027666965389890538,148.03362052667632,0,3
0.0012531933224850895,42.080636391142086,0,2
0.0006562357749365651,27.689162048610743,0,2
0.0008743352203070775,9.486044111592633,0,2
0.0015813468843765197,34.323964903375874,0,2
0.007580950046842411,94.30662243912076,0,3
0.000688981527721675,13.485501806183573,0,2
0.0026909722027545577,28.87524681116318,0,2
0.03991238262537764,221.9220176881684,0,3
0.000963490343553325,10.338650634070563,0,2
0.00012876866597212038,5.897217452262184,0,1
0.0011066940118516473,13.92889565695603,0,2
0.1343054717642787,758.8836291170726,0,3
0.000597910652681269,21.148963095562944,0,2
0.30910172020085386,739.8330458245748,0,3
0.0011981790230415794,23.452073429007495,0,2
0.07142907395472836,222.976861636613,0,3
0.007415057379315821,92.2429263238344,0,3
0.0008142469269708886,34.35627250077861,0,2
0.001473050260150332,18.53987023635974,0,2
0.11080259393382796,605.8864684954469,0,3
0.0008342492464889321,38.206105334633804,0,2
0.0005242336649935452,26.055393419159962,0,2
0.20181370056367065,581.2011892041669,0,3
0.0018023062942749315,22.420596121014132,0,2
0.004055353870005223,155.29220601667515,0,3
0.0001465570199354578,9.84578441804987,0,2
0.0010269459757778904,51.04113529115973,0,2
0.0076984700591744785,82.60777379991707,0,3
0.0007273170249422913,36.14901615591153,0,2
0.0019869094198826038,60.227834054057624,0,3
0.0006018176711136598,18.24248980045327,0,2
0.0023452053998829756,91.19747366904022,0,3
0.00033060739111920794,22.2103936161306,0,2
0.4240039125218835,1257.3581353843706,0,3
0.009232030759645576,101.14909784531108,0,3
0.0014982006150312884,49.770392324264066,0,3
0.000147530479585592,9.911181994086231,0,2
0.29821828693926117,853.1696854329093,0,3
0.000812059899436482,17.6261867418712,0,2
0.0035963940247717915,164.70402522215716,0,3
0.0020398016196702252,25.37502555858033,0,2
0.0012669306621764624,44.81316681489279,0,2
0.0006264637207365662,22.158926339834636,0,2
0.0001024514607262658,6.019296759959495,0,1
0.35827801334213893,1138.1564156287234,0,3
0.2430748407891655,1164.240610351397,0,3
0.576984857807313,1422.2871074072725,0,3
0.00040366607868906726,15.457638929459272,0,2
0.13210046929851016,1162.000237761927,0,3
0.00037007259962248035,4.054634409658309,0,1
0.0022829676107790544,46.73807921127139,0,3
0.0006502313440177848,11.922641401747942,0,2
0.0003550239613490639,7.7059815968254615,0,2
0.002079251019548533,64.29018637478903,0,3
0.0022101210190498414,24.21479661690743,0,2
0.0015186971872159353,59.05723513568656,0,3
0.0006619305146895365,27.929445461778716,0,2
0.0006665334585412331,39.16061966282201,0,2
0.06722899638648437,228.47951289356024,0,3
0.000398898367211823,7.897035433599849,0,2
0.0010647518222501229,20.840489975939832,0,2
0.0010984264294814413,42.06218960146461,0,2
0.00048519657155727164,24.115176879584737,0,2
0.0006984428030853539,41.03537882062497,0,2
0.20513308665819635,609.6091013275716,0,3
0.0018286444127797068,36.201877245356954,0,2
4.131881514954512e-05,1.5822268932007693,0,1
0.0018144621202873966,106.60449235464253,0,3
0.0006903171802530807,29.12719025538536,0,2
0.17498295944107192,981.603310756929,0,3
0.003231465674113134,70.1406601426697,0,3
0.0019454817717845087,35.67235220513993,0,2
0.20645335660579878,1154.2947095597465,0,3
0.0015489959385832947,28.604241625063814,0,2
0.5875795237425824,1212.3845072393,0,3
0.002502765768847495,27.42110660458514,0,2
0.0007388456268200037,8.095030285911418,0,2
0.000684845350319465,31.363856428232083,0,2
0.002274985556661583,113.07103618088706,0,3
0.0003995358802972935,8.67213618242312,0,2
0.0016061737891570477,17.234910318306657,0,2
0.006185383345744782,122.45272346729519,0,3
0.14283112155603694,768.3167262010752,0,3
0.0009440211436378238,28.615470948796393,0,2
0.0033598774067639782,166.99218977945705,0,3
0.0021176449631492597,22.27350734289741,0,2
0.0019814955624697624,28.126589333644656,0,2
0.0030499258883174936,139.67742882873634,0,3
0.12241570792569341,1049.625197980234,0,3
0.001138630403829873,37.825429613619875,0,2
0.006161502976385601,120.5996912451612,0,3
0.6075693146124882,1792.4041282257695,0,3
0.001697416586330282,51.45263465918116,0,3
0.06633192180100841,245.0223399531143,0,3
0.10260926626154145,313.7510458132284,0,3
0.0002310625984931065,8.173017734976838,0,2
0.0008614979202888482,17.055170343379558,0,2
0.0006978795330684305,46.88394616229961,0,2
0.0002565447149318146,19.61226194162731,0,2
0.3061900798171364,973.4650666093115,0,3
0.00011132992484908916,8.510920401000428,0,1
0.0009616209180940304,10.318590924246378,0,2
0.001043089065030899,40.56236931202954,0,2
0.002719904245839206,29.80014558604317,0,2
0.00025108114921021895,12.648326127295057,0,2
0.18819231521648408,791.3004916069639,0,3
0.06241822814554153,184.40775790159694,0,3
0.00039186431705859234,26.32566893475563,0,2
0.0025981298962155274,28.465946651289244,0,2
0.0008440384826865247,35.61329512190925,0,2
0.04383607198263647,249.7288324116689,0,3
0.008101375955756617,88.76128021717466,0,3
0.6861288167531348,1435.1859564429635,0,3
0.002827338516741231,30.33851386723426,0,2
0.0008897399806042285,26.97008296747524,0,2
0.00048644336005806526,8.982814648781336,0,2
0.00029296020675194953,13.41669598759365,0,2
0.0009490844450557101,19.430141611190972,0,2
0.0007652097972924651,47.47149189910274,0,2
0.0007034674798476607,21.751128152785114,0,2
0.0020599045324977204,80.10304315885145,0,3
0.0022641286342776723,23.81423073197824,0,2
0.0003877973789834257,22.78413104399277,0,2
0.00015285096674636032,7.5969788646144885,0,1
0.00037327441058611604,23.156908368109367,0,2
9.805829440303932e-05,4.873680591868245,0,1
0.0029595676252479925,32.42597464195588,0,3
0.0009447010732732983,18.49072510268672,0,2
0.006000125840805122,122.8376414545141,0,3
0.0005794869848889612,20.49729136421459,0,2
0.00035120392817404854,10.645805839729494,0,2
0.0008508553577052451,30.09598253363577,0,2
0.0013146772550717647,24.277239808286456,0,2
0.004070244203726634,143.97041442315867,0,3
0.00015133725042482698,11.569389755880254,0,2
0.003856645268637833,69.80612745519878,0,3
4.413446080572394e-05,2.593017366929018,0,1
0.30198155116292574,898.6118208417739,0,3
0.0009059104998995056,69.25480427231491,0,3
0.1041562473434528,888.7466303489399,0,3
0.0006944710948688545,12.824319615337151,0,2
0.0003846589597126725,14.958146246681558,0,2
0.002027941694981647,28.785874834980604,0,2
0.0005662043622307427,7.04355267906276,0,2
0.0002468939881013143,10.417426032626599,0,2
0.006607448479473171,82.19631381150717,0,3
0.0023215495176072787,25.18750316787505,0,2
0.0008970830437377619,31.73112253575937,0,2
0.0002474738499813352,14.539749192521324,0,2
0.07997776388891081,693.5462947969899,0,3
0.4002135241525472,1094.8203714025628,0,3
0.0017342656148131087,33.94494792669096,0,2
0.000549277217022483,31.146083351859208,0,2
0.0024667789236801413,25.945717731731765,0,2
0.0008348207377619738,27.73283846100763,0,2
0.0008693921379897373,17.21145305102817,0,2
0.0024424592103852285,30.384064946146573,0,2
0.0009013591209286145,17.84430697504421,0,2
0.0009039265600310739,51.25603449439047,0,2
0.004390405621607374,47.63342528935832,0,3
0.001220021155064426,22.082651194556565,0,2
0.001189791270572873,16.888642646490496,0,2
0.00103840956415961,11.14256491593941,0,2
0.563612848303862,1333.9640809168266,0,3
0.001632442249078144,17.17011824665115,0,2
0.00018012379864946394,13.77005611662333,0,2
0.0009725791645752946,37.2431035204723,0,2
0.0008531336299185862,25.86045955316289,0,2
0.0026881576466511892,29.164994641405745,0,2
0.04836550344363299,144.18388446489323,0,3
0.09505032537490027,215.50777608399653,0,3
0.002417341331290511,26.226790330308543,0,2
0.0017091050912868798,24.26010834500716,0,2
0.044335946602583325,106.07085252310165,0,3
0.06755229414664438,212.30146917714052,0,3
0.11743498064509379,643.7220619136036,0,3
0.005858975837893542,107.4301762586206,0,3
0.003799252511803669,47.26250271636934,0,3
0.0001607018218582633,6.780640368731128,0,1
0.0004994588625605932,9.887842767659185,0,2
0.00043143514117735743,18.20394131770684,0,2
0.000359868067971027,11.954857545909425,0,2
0.0006915499567614038,42.901839843637724,0,2
0.000411802299161302,12.732876556864793,0,2
0.19460959257777669,812.2723395805484,0,3
0.0012455299096794292,17.679831807778488,0,2
0.0008410444043761878,49.413603499220415,0,2
0.35374757736248785,1261.165145103203,0,3
0.0012647836413333916,53.36618413511138,0,3
0.001002106762300317,12.612556298065757,0,2
0.0012234480674237884,13.128104731568902,0,2
0.0011733938165882616,23.22980816375179,0,2
0.0008502979259531623,28.551921881632122,0,2
0.5663447742372681,1185.054460363192,0,3
0.0009362769093834636,47.16537156448521,0,2
0.002014071202789535,21.85153683599735,0,2
0.025684494613039593,237.28429655893794,0,3
0.0012312397146717333,61.19491612478049,0,3
0.0006128714870388255,7.713625358652086,0,2
0.000935593697108688,28.92844230575667,0,2
0.0006031413791514709,40.519382799581166,0,2
0.00021977469570987507,8.41586170219618,0,2
0.0019130548379622065,23.798302217303277,0,2
0.0811684683132676,693.5657515055647,0,3
0.0003634614296533435,21.35432906835781,0,2
0.0010244223665677812,50.915707194499035,0,2
0.0016310477937201955,29.906891035855935,0,2
0.2160262107511255,446.56077543111223,0,3
0.09466423809938689,699.708385568567,0,3
0.0004058058048085553,20.169307318704785,0,2
0.0018314772801051005,23.051047226673944,0,2
0.001338111263343934,26.490737815215873,0,2
0.4722298902974003,1291.4366613744355,0,3
0.435348432545614,1259.5857780310555,0,3
0.002689496302650292,123.17083829398273,0,3
0.0010846496759012868,49.67369157726984,0,2
0.0005119197289049301,15.51747461306313,0,2
0.0010347005404121284,31.992813739071465,0,2
0.00036602259812829307,12.2905728800363,0,2
0.000558103161790014,23.548562082186873,0,2
0.0011754909028116513,45.711049728399566,0,2
0.002337805630380091,178.71994129293054,0,3
0.0016501078048157506,35.816456805815434,0,2
0.0021516946592179268,22.63164393737216,0,2
0.040711731529734375,370.4939742775447,0,3
0.0036822057010189786,38.7296440843111,0,3
0.0012796519880039034,14.020278691914019,0,2
0.0013057257998840568,14.166388643242072,0,2
0.002857484129770144,35.96441099232364,0,3
0.006180547718368612,113.32651800077622,0,3
0.0002265453751619925,7.5258627502462225,0,2
0.0005573684331047732,6.1067077920098685,0,2
0.0008579777540858476,33.36398749583757,0,2
0.0006093264092453932,23.69473870637533,0,2
0.24908717005208753,741.0371474818704,0,3
0.0004793738712562137,14.530934162854942,0,2
0.18574909522588412,1373.8626482366014,0,3
0.0024282684206549062,30.207532263443056,0,2
0.0034320643384098655,115.24435129389188,0,3
0.0004202883451693907,5.289766134999123,0,1
0.000388599363211556,12.015444624584022,0,2
0.049326767105042364,149.39596648619076,0,3
0.0032357013644104143,123.90514342212309,0,3
0.0009447981070946647,28.63902251369231,0,2
0.0010539234487818836,44.469165313294866,0,2
0.0007186508114185696,48.27937252135658,0,2
0.00021156182823106327,9.688895169162064,0,2
0.0034424574639071947,43.32690906861115,0,3
0.0023080264578657214,29.048914479366445,0,2
0.0003707757199437702,18.428246597871883,0,2
0.0005972796005394863,10.810892114113425,0,2
0.0018822094949473276,116.7670527846836,0,3
0.00010044394450681685,3.5528473460395835,0,1
0.006655872333816432,72.21246164318632,0,3
0.3402676142954606,1417.9818170262038,0,3
0.002181281436408723,84.8229994573512,0,3
0.00451821852906363,47.522873444400254,0,3
0.0006333267980647184,29.004461748025086,0,2
0.0002181899265558974,8.484702484023016,0,2
0.0005852348248772978,10.592879025929927,0,2
0.09959396876161117,338.8046188231909,0,3
0.027819283700989184,268.60335245372124,0,3
0.0008514452090364534,33.10995788923524,0,2
0.0012478221333884758,41.90027869907072,0,2
0.0010434730397653462,18.887091483954613,0,2
0.0006955323155236491,24.601982264100105,0,2
0.0026363122115098787,28.602500905236155,0,2
0.36332861358195595,1077.981723943483,0,3
0.0007610056843410477,29.59305648159677,0,2
0.0018205517435604286,22.913537981211977,0,2
0.00035033561022054907,10.832334077534796,0,2
0.0005044678147800918,31.295783022415044,0,2
0.1385759746894399,1366.7878175685573,0,3
0.0003886247464516183,26.108032728606215,0,2
0.0005961708075536016,18.071320265487163,0,2
0.15475112863041954,376.2360803757415,0,3
0.0005564667664694011,19.68303300032054,0,2
0.00033912777479501357,6.218246606308003,0,2
0.00084570099682835,47.954426147057994,0,2
0.000745352222821919,31.449334628249005,0,2
0.00046786878090538276,23.569100843634292,0,2
0.41749754603502665,1236.1101135007684,0,3
0.0006142758832980537,12.160888123752637,0,2
0.03614869967337315,315.9187331971713,0,3
0.0022176954040678534,31.479357854115577,0,2
0.0038912546417352502,137.63929517637598,0,3
0.720139276022609,1701.0557247432882,0,3
0.00010226705310705626,3.099951634480249,0,1
0.0008025212220073066,53.91383467181304,0,2
0.00041258676110852733,17.408654212047153,0,2
0.0004329109497118045,21.516483704536842,0,2
0.0012363236873415033,15.560420002987565,0,2
0.00038519784659208435,21.842166150544443,0,2
0.39693408397172886,1207.6898175352019,0,3
0.0012980671572374552,43.12193642878801,0,2
0.0002342089127598788,8.968593098683582,0,2
0.0009090783329579036,11.308886957981624,0,2
0.001849326435726272,20.06414901125972,0,2
0.0008653473765875771,43.592264361172596,0,2
0.0002780685178993284,12.73470144542491,0,2
0.0005745199406123096,38.59657818936769,0,2
0.002229282699366161,23.447719253128906,0,2
0.21088005781460475,1185.6612602671767,0,3
0.6307120086023192,1317.5609769454213,0,3
0.0007232932674408431,10.26687774952262,0,2
0.0003180057718968639,11.24832331363056,0,2
0.00042880699925543025,21.60134597642947,0,2
0.0003254996436736906,18.45705359457184,0,2
0.0528988732635241,158.3810985637264,0,3
0.0009513793685169439,36.431296905677264,0,2
0.03632374844420108,126.12667690649279,0,3
0.000721523138366881,48.4723370884833,0,2
0.00026567667473398603,13.20462752534871,0,2
0.001760366428291521,18.88946123002361,0,2
0.0013063127344396686,25.861218794497525,0,2
0.01636063923654756,65.37622391200924,0,3
0.0009709336854076485,65.22788028138339,0,3
0.001837842988799009,107.9781807830878,0,3
0.0003694384172183133,11.198535505827408,0,2
0.1661740312850596,1228.4123240373087,0,3
0.0008007570538284603,15.673294945115286,0,2
0.5454830432131998,1136.5880011784766,0,3
0.264694325011478,1480.0590039474328,0,3
0.0008257902845610208,46.825413902139516,0,2
0.0009800326968119185,17.969878741737308,0,2
0.0009476529927452908,9.967466813247487,0,2
0.00261417611498181,28.641754184246416,0,2
0.000488485674167586,22.37117408286925,0,2
0.0019101488351617381,20.92820490497359,0,2
0.0005035335398611273,23.060321054435004,0,2
0.002168026638181456,23.75359704337421,0,2
0.0006583242075644538,25.209296585190955,0,2
0.00047044199579565236,15.628135819494657,0,2
0.006568685755234281,93.24004060294507,0,3
0.0008495004718847781,49.91042003454002,0,2
0.00011018486692597608,4.649131839715503,0,1
0.0006899420034946335,34.29140770209304,0,2
0.0003373978344727884,10.432299639038112,0,2
0.0012477834792943801,23.041958502578723,0,2
0.3861923869582986,859.4125950545265,0,3
0.00022343414688509112,17.0810340668258,0,2
0.0003453007855502306,11.470930791436528,0,2
0.0026716552636396537,29.271514221124868,0,2
0.0006363277024124729,11.517671344859746,0,2
0.0003307605145341709,7.17933073663948,0,2
0.0003111206858182175,6.753037936359622,0,2
0.0009836597596277977,48.88972940723707,0,2
0.0011516791245818655,22.799919985961488,0,2
0.0030858786388822087,103.61987621549883,0,3
0.00047028943578355023,18.288039264636797,0,2
0.0002510164850885129,16.863431029414567,0,2
0.550335031666798,1580.0227042291444,0,3
0.0007192121445938609,35.74618844720997,0,2
0.2824492360725525,1065.3699572551718,0,3
0.0003162164340477648,11.185031850321806,0,2
0.004565439687563094,49.53244620504811,0,3
0.0008116448574792873,17.617178038143436,0,2
0.0003007006693003535,15.147931829889748,0,2
0.0008353381049293159,35.24619204889137,0,2
0.0032291483102262772,147.88527649367998,0,3
0.0008050875720465128,49.945398359643626,0,2
0.002566459051861237,32.30155757454076,0,2
0.001287273393159736,13.966190435407691,0,2
3.849875364722663e-05,2.261904529701052,0,1
0.14870299899041503,838.1395986714683,0,3
0.0005603929004503904,18.817280188876,0,2
0.0011376234968371824,44.23850844930998,0,2
0.0006240169613734883,19.29452787111867,0,2
0.000494794608761506,16.614573063876243,0,2
0.0015673030053284076,28.738066647093756,0,2
0.000252567616685507,14.839021581622067,0,2
0.0009785731669248248,19.153706854356273,0,2
0.0035215573743717973,44.32246374545683,0,3
0.01855690910599074,84.58406894426831,0,3
0.00017792145254457827,8.962873413255375,0,2
0.12141108208937337,657.8651282095975,0,3
0.3294945494378344,701.5110723622646,0,3
0.0007795411327723534,52.37001913425272,0,2
5.821884632992109e-05,3.4205126076102035,0,1
0.4192454408591414,1248.306866661455,0,3
0.003531014967246445,38.309521291192645,0,3
0.0006490033360056936,22.956185076365415,0,2
0.0009590836587056266,40.46750247141224,0,2
0.5048919816316729,1493.6321405869624,0,3
0.002643646591502971,111.54582189375321,0,3
0.008527505670137873,107.32753174901399,0,3
0.002753587273584892,29.874869198535183,0,2
0.0010587728922374904,41.172262764762635,0,2
0.0011923846721001454,46.36799392609549,0,2
0.0005272552925679599,26.205573959775432,0,2
0.0008387936541946006,56.350637411058884,0,2
0.00013288996883304506,4.700510074569249,0,1
0.20872966115405867,1126.0654459309978,0,3
0.001160596945624055,38.97136793597705,0,2
0.004995249882061685,62.870417335362,0,3
0.0077971277866844355,85.42783943648986,0,3
0.00019454306605488512,5.897051662985966,0,1
0.37564508694301946,1197.6137347248307,0,3
0.0005558441476898078,11.379525351646404,0,2
0.0012672322669040922,44.82383500958958,0,2
0.0009250075683125807,39.02969852211161,0,2
0.0017209869492262515,21.660411447106412,0,2
0.0007322552605265525,14.991103775528947,0,2
0.00269643802796384,181.14824886351542,0,3
0.1509489739240854,341.89562623418595,0,3
0.0003730567064009789,23.14340260472564,0,2
0.08255602541372069,318.3495921470931,0,3
0.0005473399906579916,33.95545381738628,0,2
0.0005679891643818838,26.01219471834763,0,2
0.4450735440611086,1226.0607730098461,0,3
0.17451240955583514,629.4896028355763,0,3
0.0006638757862904947,39.004474324780944,0,2
0.0007685110988199742,25.530024824494276,0,2
0.0002885711254337967,5.648230433867212,0,1
0.0007629559663991781,29.6688966603088,0,2
0.0011565956737822922,25.104516729706614,0,2
0.5783874838950233,1365.3935505914517,0,3
0.004534764865701137,140.21437317610327,0,3
0.0013459683804087923,14.156970184349976,0,2
0.0007505505762035167,31.668673552864803,0,2
0.00169383148447343,21.071175155449716,0,2
0.17852561160546,443.35508960754964,0,3
0.0020786545916031958,139.6452042865471,0,3
7.767007464589387e-05,2.580208583681754,0,1
0.2638930396318767,767.5035664542186,0,3
0.0006468325728707911,38.00314004814607,0,2
0.0010906876985921552,38.579198719522324,0,2
0.1756538090229351,441.34854550629535,0,3
0.00042240175243996037,7.645564607122328,0,2
0.1407198588148274,441.1634686429787,0,3
0.0006202281579573285,41.66728237201696,0,2
0.26292867323619196,1097.8807383574235,0,3
0.470646331358251,1110.3991052381602,0,3
0.1305240415841016,1145.8018933294877,0,3
7.551370348296278e-05,4.281910900359935,0,1
0.026672176817931444,156.55040604274762,0,3
0.00036687715684418146,22.760040502249197,0,2
0.0023561499271082115,46.11714947239141,0,3
0.000265413836095536,17.830653304189052,0,2
0.33416644746209356,1016.2285628011654,0,3
0.2642161780109358,841.2275339206567,0,3
0.00023892365645428008,13.547869614900456,0,2
0.003216831011253133,159.88251643889865,0,3
0.0010468250603280225,13.02244904849151,0,2
0.017863360313437732,106.94963292406757,0,3
0.0004739648562933712,14.654935195278707,0,2
0.00015139651399758547,10.170904396943584,0,2
0.0005245315854295917,9.617810729216842,0,2
0.40965883177537754,910.4271396023274,0,3
0.0011697385185410582,16.60400132198242,0,2
0.0009847189345205758,17.82362925874425,0,2
0.4732935326091025,1387.715866982153,0,3
0.0003193760935886342,24.415578418829476,0,2
0.07871755337722103,698.2298461464633,0,3
0.06563651477414162,239.9759821860289,0,3
0.00019596858965833695,12.157347369781167,0,2
0.0039662180779491294,43.45516072107625,0,3
0.0009277382059127115,32.81543988421127,0,2
0.0006931242559803086,34.916446989166786,0,2
0.0002483372576785125,2.612025069675235,0,1
0.0011027078361256141,42.880751022800865,0,2
0.0012634832577807962,41.97305541326068,0,2
0.001033243089904413,20.223766522752747,0,2
0.6440939001003593,1418.4669340240628,0,3
0.0005497842157044292,27.69562781492054,0,2
0.0011532978350894533,22.831965778288268,0,2
0.3314385033346276,781.5422582022052,0,3
0.0014838300560220078,15.922111365401392,0,2
0.008138225565076254,89.16501638700262,0,3
0.0005841388454503264,33.12286875483125,0,2
0.0009663398065740176,29.879108237499192,0,2
0.0006526372603797251,13.361123402642452,0,2
0.0005361765872998736,10.614747656576137,0,2
0.07607395492253807,243.54257492920152,0,3
0.12575540765138027,352.69155647768804,0,3
0.0014962545876691402,30.63208829968658,0,2
0.0031926670036598616,146.2145424207544,0,3
0.0018124931540621824,112.44204450162924,0,3
0.0012660378855992819,74.38310482595193,0,3
0.003572599683226843,39.14255100843191,0,3
0.0018432999415056099,36.07908730544904,0,2
0.00020143937233527292,2.2070345423135045,0,1
0.00504299433872095,63.47133100064178,0,3
0.2201224786150957,1240.4862075570122,0,3
0.0022451227341235185,131.90695284793003,0,3
0.0014886501875631545,18.73621155461241,0,2
0.003055237996840083,128.91247814058212,0,3
0.0006665185692414737,25.523084368578964,0,2
0.0005388956185022196,31.66155589595378,0,2
0.0008030990682066407,26.96704432501535,0,2
0.0010104523305848132,42.63494828008093,0,2
0.0018156924977808428,35.94546674061129,0,2
0.0006156158830058743,38.19110067131403,0,2
0.0008194524408352811,16.039221555777086,0,2
0.2500125703859207,749.207533856411,0,3
0.0005539551463216438,19.594193369220488,0,2
0.00028343449508659373,16.071801515113332,0,2
0.0007070242867292385,35.14042912115935,0,2
0.001425669653153211,17.73525598665998,0,2
0.00037506225620864263,22.035908591013282,0,2
0.1408604660355776,299.7924282693469,0,3
0.000526476170892097,40.24790989089396,0,2
0.0025008966936685365,26.30457033147525,0,2
0.002527151708834301,31.437635201234755,0,2
0.7460786451987023,1534.5709716681797,0,3
0.0018432932457542997,22.93047165563862,0,2
0.0007077378267942255,35.17589339664382,0,2
0.07943520926267726,434.77948833069223,0,3
0.004667751716816542,84.48733253302406,0,3
0.0009706884804391246,17.92503591877797,0,2
0.001098924725185567,38.8705542433954,0,2
0.0005012374871979141,6.235368148507462,0,2
0.0012534318523162971,38.75595906212844,0,2
0.00013101481008752827,1.435440391149325,0,1
0.002244548043035345,79.39290513640927,0,3
0.0033721074048550887,73.19336279610441,0,3
0.27630085672545357,618.8203797910709,0,3
0.002484303056374321,82.528825931323,0,3
0.0007584715543208092,50.95455280377978,0,2
0.0009476646038259206,17.499869839651847,0,2
0.00012256581427213978,2.5092299641037923,0,1
0.0013188640837744814,26.109699256148236,0,2
0.4804580479835488,1157.3858025178502,0,3
0.0014312625380008945,47.54670190402956,0,3
0.32290689971405695,938.894506718334,0,3
0.000462695562131328,14.30649000266921,0,2
0.0009212188829543157,32.58484201806376,0,2
0.10494960741918699,923.3091613084495,0,3
0.00021368165787979848,10.764309884617889,0,2
0.36293187021858686,769.2278525037211,0,3
0.0017356115343176517,19.015918109103694,0,2
0.0007477329505448657,37.66738460599306,0,2
0.0016530968654613902,32.72654288602091,0,2
0.0011549796738099841,44.22779052081622,0,2
0.001455384415595275,18.31752720128025,0,2
0.0014093702392186413,30.591121470401514,0,2
0.28290589800472254,916.463031606779,0,3
0.0006741872078562251,20.84578573585912,0,2
0.00040928156185912417,15.672673374610303,0,2
0.0017041249418914665,78.04379483385708,0,3
0.0003028270404072902,13.868567280905337,0,2
0.0003876913182177875,15.076064888238118,0,2
0.0005384578277809009,18.080728373081392,0,2
0.0005913123872869221,36.68337925396637,0,2
0.00031183903524105514,9.642024703171671,0,2
0.002390340626023026,30.084923933717697,0,2
0.00229150755177349,28.506234201016458,0,2
0.3922155192900502,932.8128223515536,0,3
0.001050518670229462,35.27507958338811,0,2
0.0009303695011031933,17.180493084110676,0,2
0.0030220594863126704,106.89460751704185,0,3
0.4042067953376872,956.9575175565916,0,3
0.3232412842776151,931.4048288327452,0,3
0.0006783898888776269,51.86136928509968,0,2
0.0008392411249751676,38.43471834934791,0,2
0.00035340760837205025,17.803067656084846,0,2
0.0016254251136830575,32.17872213200104,0,2
0.00028107271617952345,17.436971163184605,0,2
0.0005537592737681785,19.587265074188288,0,2
0.001118422105246157,20.65313106407046,0,2
0.10925162275553184,356.00157020398126,0,3
0.0006095849046299426,37.816955512522654,0,2
0.08668048366794343,769.846639253065,0,3
0.0005810060410928635,28.877086670444132,0,2
0.006625591710857537,121.48684428966476,0,3
0.000774296095796464,32.67059018869761,0,2
0.001027345404776873,31.141222612330274,0,2
0.0009183631085979484,16.958779299257575,0,2
0.0008324320597033278,32.3705978375486,0,2
0.07759308966632407,719.5160320578411,0,3
0.0011375720314456587,23.28895577107673,0,2
0.00856436859192967,106.54029775133343,0,3
0.00029133607254664914,19.572123974401727,0,2
0.2337396366964218,685.6140619480086,0,3
0.3155302960335688,936.4175268977227,0,3
0.0016435827180262311,20.686198658163892,0,2
0.0023503013351709005,25.21970723599336,0,2
0.24639611850289045,681.1411952549411,0,3
0.0005379146547655806,30.501783351464898,0,2
0.0008174231401396674,46.350965355052146,0,2
0.002324577740778312,89.01536511837328,0,3
0.0009205894669827929,28.464513351467406,0,2
0.23726374180240614,713.0401838539434,0,3
0.0009593756821617775,31.870567671975596,0,2
0.003859917388317625,128.22688819401193,0,3
0.08576674786081552,371.49924451622115,0,3
0.0006257298687009784,12.810261534207614,0,2
0.0010168338074420867,51.223461634782126,0,2
0.10943725998415146,538.6454359676344,0,3
0.0005198218148597868,39.73919945578246,0,2
0.0009166209326787779,27.78490698741304,0,2
0.00016584683616805473,3.2832882995334027,0,1
0.002312455342733457,114.93335461373027,0,3
0.000667747649549114,33.188306809589854,0,2
0.0027274177965831265,29.882466464206242,0,2
0.0018380501293747105,33.70248569618584,0,2
0.0009699477692295027,17.556267918733155,0,2
0.0045643302550034915,138.35543906299824,0,3
0.001593797034801972,32.62902710820512,0,2
0.11872955924422487,654.8500139655707,0,3
0.0006348126030149288,24.308963579853806,0,2
0.0009323328018121115,46.33868362708329,0,2
0.000906668404931417,38.25589726638751,0,2
0.0011934995751424625,23.627844106670587,0,2
0.0005361846045792975,24.555641575442998,0,2
0.5615870098331133,1670.350916306028,0,3
0.0026399423825543664,155.10366096435095,0,3
0.44945789463896757,1441.159194927563,0,3
0.000665507590241354,41.286243708219324,0,2
0.0012262412310852472,43.37392288660924,0,2
0.42622543732639273,1241.2015616675455,0,3
0.5400559370901904,1122.9090957052604,0,3
0.0024931786455605455,31.015012069376386,0,2
0.0016197169823771852,20.149194622236045,0,2
0.0002948982265066582,9.796552131744752,0,2
0.0006566926169488921,30.07454594801191,0,2
0.0010112535376582178,21.94978930804333,0,2
0.0015905960373607936,31.48920702628888,0,2
0.0011663206505863751,14.679358947094777,0,2
0.0008645127839285063,50.79243343487359,0,2
0.0014362541215325745,28.11194026364432,0,2
0.0067115174480959034,73.53354345561422,0,3
0.0037783744070228713,73.95448620928498,0,3
0.0003285516380518025,25.117027994653064,0,2
0.0006369587158852552,12.4672542991674,0,2
0.0022214360429219557,31.532454825356666,0,2
0.0014355073366579805,18.06735348070556,0,2
0.00026478647655864664,11.172380320810392,0,2
0.001069771499786505,19.754733825504236,0,2
0.0002864146045390404,17.768367090003608,0,2
0.0021377907459033956,26.90632091364946,0,2
0.3760437881667759,842.7135497589145,0,3
0.0041635690994223954,44.676821721937216,0,3
0.0007393086389196694,56.51846964009473,0,2
0.000510371629042068,7.244534628034797,0,2
0.14113151138070237,1059.9918305826036,0,3
0.001379456259266523,41.8145194927125,0,2
0.004454892054821489,48.33306672648758,0,3
0.0010853822429534334,36.4457539723837,0,2
0.001421201553327702,26.05915054053422,0,2
0.00026806589200803737,8.905178972787429,0,2
0.4960785139969617,1503.0994475783227,0,3
0.000728584043513176,25.77106960576303,0,2
0.0039980878295767675,134.25069955100415,0,3
0.00048696391176042793,32.71451409611699,0,2
0.23214169153294947,673.3596073832282,0,3
0.0005497463006179661,11.932532270180234,0,2
0.0013434823115743952,24.80916295650235,0,2
0.0004569864614679211,8.27155544585443,0,2
0.22162801502029097,1211.9998981910244,0,3
0.0017202689251896352,21.40005553646717,0,2
0.0006765524625034632,25.907313580020926,0,2
0.0006074232585755694,12.025225948384833,0,2
0.0010701825150627726,11.610876823394088,0,2
0.25466319340499144,1219.5831057754579,0,3
0.0052884244648745875,65.7877239956841,0,3
0.0005980978706648808,18.493112766999474,0,2
0.0020316009474772973,22.25887330415447,0,2
0.00034657092823100805,11.51312507362801,0,2
5.620821930630293e-05,2.574167320530265,0,1
0.006963104876565138,86.62066080645677,0,3
0.0004834852181582063,8.865184571890618,0,2
0.0009070707830889853,11.416429614524317,0,2
0.0007226977785698666,42.460423366714046,0,2
0.13795783121579516,666.6902798397869,0,3
0.15614669691961328,761.6518473099227,0,3
0.00035624525087088883,6.448117380623379,0,2
0.0007804697440428404,32.9310806301728,0,2
0.00016571619344599322,6.99221637962146,0,1
0.3239487139652238,772.8928828978246,0,3
0.12861609115991918,737.9472156117386,0,3
0.0009412937667007748,46.78406033823418,0,2
0.00020389488959058157,11.979368957598853,0,2
0.0010325782937633601,20.21075440384942,0,2
0.0015239615412147912,18.958001937889758,0,2
0.5378306878922948,1281.7013723325817,0,3
0.0003211134536174201,18.866272449770964,0,2
0.0010566727362246074,37.376040387115566,0,2
0.0009134470450022438,16.748964283626094,0,2
0.004512849729456174,64.0582161620663,0,3
0.0018111790589716075,33.44579681497577,0,2
0.0021292106639647403,23.100735063777083,0,2
0.04327000012518651,144.7805189704261,0,3
0.0007782248383464235,52.281589721904595,0,2
0.0030592412195960942,38.50373389652445,0,3
0.02022212612496991,112.86409955794076,0,3
0.000216185454995381,13.411545581132517,0,2
7.364169435573016e-05,3.7097335650555046,0,1
0.09827513541172218,976.1415867325206,0,3
0.0009822558345623019,12.219211254039818,0,2
0.10387412575717533,893.556804051093,0,3
0.0019482862989974024,24.23657975155622,0,2
0.0001376144226234517,1.493038886091007,0,1
0.0019099329025228581,37.383300669660535,0,2
0.00035328899093102587,10.923652246686633,0,2
0.0007402928158567082,43.49417876835762,0,2
0.0009651059120346229,40.72160496733374,0,2
0.08229869762000727,767.1541550021593,0,3
4.2086901987376516e-05,2.6109545824182145,0,1
0.00045946779719037645,30.867309393742797,0,2
0.3329123722105121,1187.1886227728385,0,3
0.002353406171686447,29.276249798212653,0,2
0.0015833246049714934,30.9905650021192,0,2
0.0026091301881006478,51.068756488364194,0,3
0.001229417279715409,22.70280253876676,0,2
0.06488891398693303,607.6570566222772,0,3
0.15726936438159114,1350.7463769962696,0,3
0.0025447297080321706,194.5388179905886,0,3
0.001118976862130893,56.36896408052915,0,3
0.0052442464755828875,94.92201444036768,0,3
0.001288221781582715,13.823153525198281,0,2
0.0004950300707184068,24.60392017563672,0,2
0.0011656927992143016,14.501157508786596,0,2
0.038328446662277624,340.32721947311416,0,3
0.0007699905646885904,38.26997087691686,0,2
0.0019673769194251366,24.761485591420865,0,2
0.0018688404076059456,36.99764183484458,0,2
0.0006263721715878349,47.8847327078696,0,2
0.003293178771785312,67.41963817877198,0,3
0.002798661646256166,128.17028256588458,0,3
0.001198972518823521,36.34363860600404,0,2
0.0018881330151343208,34.86685254614576,0,2
0.0004966949481066724,22.747134128572164,0,2
0.0022312031577604485,28.08201331271153,0,2
0.0004705218820343866,23.385817369970827,0,2
0.0005564338733218658,10.202771054390748,0,2
0.0008568462931856015,32.811329257890755,0,2
0.09883280056575312,358.7056477647019,0,3
0.0009620147645935821,37.40965126876689,0,2
0.0007560657109609883,42.871768431840394,0,2
0.005535805881323219,69.67387703589648,0,3
0.0914900651006733,812.8552848057212,0,3
0.0006952107834926466,29.333670575838855,0,2
0.0006316618964013671,39.18655080487511,0,2
0.0012182423638290806,24.940480027108265,0,2
0.0004377255802886335,8.961341697418352,0,2
0.007565407459948633,94.1132734703422,0,3
0.0006443345895815619,13.19114688453616,0,2
0.10522960075676951,345.2268292956189,0,3
0.11265420807506263,630.9579474214869,0,3
0.0003497734506611547,11.744947194068896,0,2
0.001172923053249152,41.48798195158572,0,2
0.0007425810635684463,24.668626147639785,0,2
0.001246430015783833,44.08802935154668,0,2
0.00019379972439228051,14.815549640173993,0,2
0.00011919881338223398,7.003248427074419,0,1
0.000890972808092368,34.11814043970408,0,2
0.0013774967476966975,19.553051778024045,0,2
0.0005083127520386566,29.864730865745077,0,2
0.2367796929668363,492.91620727665526,0,3
0.0010279538315508929,20.12023935952729,0,2
0.19447003549409003,604.4423844800812,0,3
0.14379878876801547,358.2482194323489,0,3
0.0005640466282049742,6.119587855866411,0,2
0.0005255713634421626,26.475894462382985,0,2
0.25047007972985447,803.465219005435,0,3
0.16979964878046652,959.6373091062918,0,3
0.001240437199338535,22.452186085493736,0,2
0.07122688635267732,409.0190939621025,0,3
0.0008630333711453926,48.937236936281266,0,2
0.0009810943492063776,32.94389926407302,0,2
0.0010941292506401012,33.83034216668733,0,2
0.0007803158721886774,23.653184382559164,0,2
0.0006236361113229279,20.940906698198738,0,2
0.1417811274757165,805.1309592162514,0,3
0.0008226410471452541,14.889983855627573,0,2
0.0005609136410319245,31.805912343275033,0,2
0.0009884203619995725,30.561836301701856,0,2
0.0006474821420270265,29.65273390978975,0,2
0.0002601874840169446,13.107061850076736,0,2
0.0002503767281477206,14.197301840639602,0,2
0.0018333855636649087,140.1581705713601,0,3
0.0003142922238957685,18.465506997805566,0,2
0.0007321718814047837,49.187725735991094,0,2
0.00020594285434716772,15.743864400155568,0,2
0.004791526020349162,98.09456850135781,0,3
0.001267575164839485,27.51338488739959,0,2
0.0012788067123921246,27.75717152764671,0,2
0.0005754558706673041,28.601232821983036,0,2
0.004329114538471166,84.73417585052019,0,3
0.0015498418155377534,33.640130832695924,0,2
0.00041439739046608015,16.11457789899133,0,2
0.0013341733242516927,16.59704643627848,0,2
0.00013532421225533452,6.8170182226293035,0,1
0.02865904974620497,278.18736506581337,0,3
0.12071930354378559,362.6057929422582,0,3
0.002078907901240894,80.8420228749416,0,3
0.0008533075316307984,48.38574526904913,0,2
0.0002524451915277572,2.7658706998718556,0,1
0.00015545812124581344,9.13357953991977,0,2
0.0010218862169513348,12.861501315419344,0,2
0.0044234986401488485,46.526604391761566,0,3
0.0013449076183540368,16.92706175662383,0,2
0.005501178412742469,57.861700097539774,0,3
0.0015223299526502657,16.011950996848203,0,2
0.3124678518560765,1703.261092973466,0,3
0.0024271904686495325,26.044759499268064,0,2
0.00030803474084235144,11.79561536885608,0,2
0.0007510613154078367,14.70059547021489,0,2
0.4168521704021286,869.6763716464134,0,3
0.0009790250076135544,37.48993504668071,0,2
0.0019935173215176703,24.79925130815498,0,2
0.00012228266851193969,6.160044574911393,0,1
0.002613040835546301,162.10580065175327,0,3
0.0003525811079679048,7.218220562918271,0,2
0.0018424919651378864,91.5752959587208,0,3
0.1314492371306573,309.36231447555355,0,3
0.1407481508163824,543.3677172283249,0,3
0.17905939885586053,517.3450234142496,0,3
0.008535021354341598,106.1752196492818,0,3
0.0005558429983734423,18.465166695425335,0,2
0.4778664674100988,1397.6798985109435,0,3
0.00215868036552345,23.163534828452068,0,2
0.0021587098090199612,83.94526167175823,0,3
0.0009028437573761438,45.48116145400034,0,2
0.040466033675930324,311.7130410680186,0,3
0.001968463631167543,66.09850278174792,0,3
0.00018953141469131335,6.364223622344442,0,1
0.0012011171613699884,45.99453947859601,0,2
0.002589092856601195,32.20817984271163,0,2
0.0007659075109418831,29.783672707528275,0,2
0.0002842225917538386,9.441906348911933,0,2
0.004009592456992905,43.930384366241704,0,3
0.004302276694606683,133.02586745501836,0,3
0.00034110766273188695,7.403921024259051,0,2
0.0013125270984531401,25.690219323274707,0,2
0.00015685480369006125,9.730836652973696,0,2
0.0008083543693201112,40.72121591662905,0,2
0.002974103419890188,168.64284580213655,0,3
0.000704953962084168,43.733387129554046,0,2
0.0005652628761378031,25.88733891983861,0,2
0.0016118592700915379,31.91015761448319,0,2
0.0006697851960633824,44.99655253460738,0,2
0.00288681433370517,31.32030767545585,0,3
0.17594935297655015,428.6995130678928,0,3
0.0007866639270630772,39.09866816459071,0,2
0.0006937515191178527,53.035731096458,0,2
0.004239998300387996,149.97486192633028,0,3
0.0019915334297214223,152.2482164545275,0,3
0.0008212517842003539,16.074440276778034,0,2
0.0008634497163113593,28.993542258972106,0,2
0.12072095385539129,401.87939113847403,0,3
0.003057302149863506,56.45709406798436,0,3
0.0007406493035870414,56.62096041500456,0,2
0.0010716486191245831,11.741326892609527,0,2
0.003581799053245752,137.1583083293925,0,3
0.0006736492400000412,33.93538427606574,0,2
0.0008757228235713901,19.00802395623699,0,2
0.23739998316739946,701.371804296809,0,3
0.652988119554919,1969.6414473277628,0,3
0.0018674931926597805,20.460855968492066,0,2
0.0016092168511823823,108.10810840458078,0,3
0.4959690965812318,1108.9533457020323,0,3
0.0009219961730261558,45.82493384787138,0,2
0.3356064423827102,716.8287631747515,0,3
0.0008371462577860363,8.805150837063199,0,2
0.5905303475072446,1786.1520896583056,0,3
0.002676444524830715,122.57310614105882,0,3
0.0009385248567696632,63.0506366382495,0,3
0.4770817761398911,1148.2729490091594,0,3
0.002051888326025029,120.55391563074829,0,3
0.001794205473145947,137.162941461461,0,3
0.0006201476391389566,26.16646200954499,0,2
0.002036011000327807,25.327870452039992,0,2
0.3388215785171686,1098.7946593202053,0,3
0.0011528527476646845,38.71132762725352,0,2
0.0008611080088336492,30.458633607628073,0,2
0.47696759797041216,1056.1366695555503,0,3
0.0024022315723375154,141.13751641548356,0,3
0.0011538471784103828,44.18442372360313,0,2
0.0018343545147084445,23.08726021792661,0,2
0.0010072329495378165,33.8216001874545,0,2
0.0009067658938438108,9.729973783409303,0,2
0.0009387519223416805,10.285267945647297,0,2
0.0008737241659025995,27.01544399301619,0,2
0.00017407849223286906,10.799346483905811,0,2
0.0003589897250529881,7.792060581476729,0,2
0.0039534353470680236,71.55804915933906,0,3
0.0009120082080692186,45.94282479076672,0,2
0.00020450057974530608,8.628681805940836,0,2
0.00041121373528792403,7.540014720018057,0,2
0.0008207743678200571,50.9185636289875,0,2
0.0006807121646067059,28.721916960527853,0,2
0.001826355866612556,33.72605647353618,0,2
0.0008633621487622441,28.990601852150697,0,2
0.0019032924272276578,127.8642737907951,0,3
0.0031382690587350545,105.37907981852722,0,3
0.0009972448802557218,10.48907704056767,0,2
0.00038581743031814667,5.476534303611984,0,1
0.00128162075823992,23.666808238323117,0,2
0.0004870293052359355,27.616392716786624,0,2
0.0019128227475949573,20.119175903243466,0,2
0.0011502110783837547,38.210140920065484,0,2
0.0005635165362261372,31.953506287030002,0,2
0.0025864683837443165,32.553395836047656,0,3
0.0009260241989502701,42.409122017688624,0,2
0.0021487620189906955,23.31285624099843,0,2
0.0019124314545408106,20.115060261166334,0,2
0.0036296674247152678,65.69777856679788,0,3
0.005492207294416067,119.21124471682752,0,3
0.0005180683078801995,34.804125216647186,0,2
0.002960381757688044,99.40585070881822,0,3
0.37412148537313583,1558.7540098201507,0,3
0.058515554062004024,579.7275006051041,0,3
0.0883106878441976,782.9231239104231,0,3
0.0011489154524505153,16.308425677156833,0,2
0.00046992273643814983,14.244448340326347,0,2
0.000630032363542902,35.72520377897428,0,2
0.0008483708055866734,28.487211633046233,0,2
0.00029339607190238814,9.851866586578204,0,2
0.0006849028946003443,22.99816728496869,0,2
0.0023734658227063414,139.44745184905088,0,3
0.001540459594724379,19.388286851550212,0,2
0.0007579963045324462,13.898619631205138,0,2
0.0008340573852053428,32.433801503923,0,2
0.004456858849836337,149.65564637281898,0,3
0.0009731609052320287,29.498764725607955,0,2
0.00047515476053232113,27.916610366281272,0,2
0.00017478384007523209,8.687083681525458,0,2
0.00044298109252081887,17.226105876724457,0,2
0.0008936600139801999,52.504910994180584,0,2
0.000956991803872647,10.382821434072168,0,2
0.006422438124285594,117.76182028942219,0,3
0.00125637349824902,13.630943999762929,0,2
0.0015187518661580368,32.96530714796222,0,2
0.4994833340532339,1108.9759269851413,0,3
0.0009775002344383722,29.630299860894105,0,2
0.00018483316544768723,10.85944178858437,0,2
0.005024484152674969,109.05906820183864,0,3
0.0017278870868661425,18.174012351804222,0,2
0.001112307327997474,20.133007237911663,0,2
0.0006489576654315507,22.954569642215226,0,2
0.0005800985011866919,22.213789189285283,0,2
0.0014725556437761138,16.133793178641163,0,2
0.06913644639177471,614.3622416034709,0,3
0.0009344277664460249,35.78216694920654,0,2
0.0006857413195873771,20.786410284651673,0,2
0.00012798707573331337,9.78432182901052,0,1
0.001966550535090577,21.33596438788491,0,2
0.0008029677680140088,28.402129342404372,0,2
0.002210158068466152,111.33770946470821,0,3
0.0006438778917167264,19.908625400151376,0,2
0.04785479355716653,363.6404487908129,0,3
0.006894962705464911,74.80645735494316,0,3
5.461743234938201e-05,2.1238957785112977,0,1
0.001528439049917519,47.25914786519557,0,3
0.03823508147354473,124.39526018738658,0,3
0.00236125095001355,25.337201140517916,0,2
0.0007581111592605166,29.480497737348063,0,2
0.0011359405949377284,43.49872453708882,0,2
0.0008358652082636155,16.547716686606297,0,2
0.0012708931736848395,85.37933025646068,0,3
0.001090854584089614,11.705321711771449,0,2
0.000643972401770714,24.659720973918866,0,2
0.2820843591243517,1353.3219359956074,0,3
0.0022295638958463085,27.735658358156677,0,2
0.5825994280830415,1196.9034792794848,0,3
0.11476253272420692,374.03210961773993,0,3
0.0014654784662001946,26.525482503230624,0,2
0.00038344428192797314,7.850067227078645,0,2
0.0017160660458201275,24.35891649438439,0,2
9.049912577440734e-05,5.614314572652638,0,1
0.0001534211574744589,7.026227386719471,0,1
0.10710081226852727,593.2126042240047,0,3
0.0015205614973644735,30.102725432512088,0,2
0.0063099052739450665,78.49489188289914,0,3
0.005727435872901954,124.31700459278535,0,3
0.0008027949878499366,26.668939460026664,0,2
0.08047775691577852,792.2826401319321,0,3
0.44413162889003927,927.3946396675492,0,3
0.12017220036792557,885.943867694277,0,3
0.0015679288186331753,32.099439771686164,0,2
0.0010389081466730865,20.334649224555662,0,2
0.0012220348183819237,37.04271040908126,0,2
0.0009445586901537038,36.7308408374183,0,2
0.0032663797113434722,109.68087244183644,0,3
0.1930218301118198,482.30333836317294,0,3
0.30042617100800967,1069.5242886563358,0,3
0.0024103820232485892,25.864397915091395,0,2
0.004670244522107815,95.61163171114579,0,3
0.0019386755744663121,21.240753034442434,0,2
0.0007824256648972984,26.27285776016616,0,2
0.0001453080596881274,11.108471790543827,0,2
0.001551241771073896,22.01929748346681,0,2
0.000650879742054096,38.24092203953382,0,2
0.0008081060205278062,27.135171409858845,0,2
0.00032119986065905004,11.361302845024587,0,2
0.0003908125442635693,7.64941157272156,0,2
0.00020139998567953618,6.10490080454366,0,1
0.26967090235527513,1129.8725007206635,0,3
0.11832379095098511,656.5170740165607,0,3
0.5725794938292997,1179.1141902528482,0,3
0.0007785650115459577,35.65593492133873,0,2
0.0012608620669885742,14.614243321756577,0,2
0.29467208115156496,2457.82144534286,0,3
0.00025686135491374276,6.241649809617236,0,1
0.0009306461037662654,11.24796914343885,0,2
0.001658349527822299,36.18638816877548,0,2
0.0003903314414595617,23.279687241712413,0,2
0.02923778494274003,194.37939875314936,0,3
0.0006092599929960258,26.58372763408833,0,2
0.0016354284199415294,22.980935835642093,0,2
0.0012301810806342245,20.489288079640822,0,2
9.650461510219305e-05,1.16637347803428,0,1
0.7608589073755702,2000.5553298928187,0,3
0.00021622606768692006,11.737086263958037,0,2
0.0009583771639206398,12.504763147864267,0,2
0.00035970743228516135,11.894288609428099,0,2
0.00036554125834281024,21.80118039259777,0,2
0.0017869733372734033,23.178393787547037,0,2
0.1631294036247167,1569.3078149976361,0,3
0.3736060953650852,962.0450808038946,0,3
0.15319266619570499,718.1046698724315,0,3
0.0015672012378573276,34.19746644494334,0,2
0.06535324410127626,196.94668107348272,0,3
0.0009154086174689639,34.22898901913557,0,2
0.0025915220496757867,26.137360789527264,0,2
0.0011948962789645901,21.77931111642603,0,2
0.000312452828919219,5.6950611446675765,0,1
0.25700545737206704,861.5014924868275,0,3
0.001234357496164442,34.15706365737336,0,2
0.0022794242815985764,75.37272748698277,0,3
0.0010266009630320579,47.11112436717703,0,2
0.0005533769636767047,9.216773208350299,0,2
0.0013549938778010934,43.35831524326465,0,2
0.0013601441023056598,17.642096249266444,0,2
0.0616930843212703,574.132165615463,0,3
0.0010277775100991525,13.41028857565289,0,2
0.3556724901554644,1124.5575101202185,0,3
0.18884626068077426,1198.6731057448771,0,3
0.30505317292268685,2527.152477620134,0,3
0.6458794252426414,1704.7028625285443,0,3
0.0014513328025328029,35.266928782113396,0,2
0.015101563885134967,159.35022163508913,0,3
0.0007835558209000123,30.202607526933207,0,2
0.0009587107251031825,36.954053546426174,0,2
0.027371751428906074,219.4853947328813,0,3
0.0004206217665796948,25.086227070043243,0,2
0.0009264749995878402,30.63534429775567,0,2
0.637896548973226,2040.277686680381,0,3
0.0011590477186264624,35.440395080206784,0,2
0.0009437779078313069,43.31034159515629,0,2
0.0007268499406318131,24.03442963270988,0,2
0.0007329956684006243,15.696282022137641,0,2
0.0004832632053750938,21.086133300979416,0,2
0.0022500906852777405,22.693780304750476,0,2
0.0021657041665619856,28.090818678076857,0,2
0.0007275977634402198,39.49513491280768,0,2
0.0006495907564134624,30.842940599218082,0,2
0.0006889711544944652,37.39842267949391,0,2
0.0011498825617907728,25.703361220847633,0,2
0.32068051198563735,1231.7166845191077,0,3
0.002347996764691664,28.37834387450365,0,2
0.0013233831602722334,42.34680701570991,0,2
0.0004091290101171392,8.761039939361192,0,2
0.0017233280822689955,22.48572932046762,0,2
0.1047526048812922,231.84773801715173,0,3
0.2780255141418145,2314.493356678818,0,3
0.00039097943080720595,17.942200770360248,0,2
0.6504556206590126,2071.1264789060106,0,3
0.0010464705401343334,34.603184445058616,0,2
0.0002909157534902416,17.350454090031466,0,2
0.0008519860757175231,9.8750943051388,0,2
0.6199725814987995,1556.59174654278,0,3
0.3932222420593689,984.2785883321654,0,3
0.0007737048612096242,35.50562219645786,0,2
0.30822330089183886,1205.270269477465,0,3
0.0012447934664134399,38.062257087423774,0,2
0.0018833869406149149,26.46523315126508,0,2
0.00025402401765831014,7.767334684322282,0,2
0.21419758801066396,977.5332746606887,0,3
0.00017642864507035893,2.044927209321319,0,1
0.00199094669453943,36.288879829944854,0,2
0.000895268401486544,53.39454158768747,0,2
0.0022535764417685408,27.23716155562344,0,2
0.0006321213361517623,30.01348253486803,0,2
0.55300667700194,1160.3863790426929,0,3
0.21196334378048895,651.5122790149325,0,3
0.0010197708566207291,19.78546888661675,0,2
0.0005759321653977189,17.21053320412776,0,2
0.4797735380918489,1576.2173022590412,0,3
0.0011569369477708673,32.01468707029442,0,2
0.0009275487527655868,42.56557924814155,0,2
0.001316822524676444,15.915372196804316,0,2
0.000250210162477996,10.917373349737444,0,2
0.000794785324962656,43.142179942529246,0,2
0.0005120289719979684,19.14580409834513,0,2
0.00037897863598478646,8.669681662294307,0,2
0.002262432278794687,29.51988095028637,0,2
0.44221824503704166,960.2278017200633,0,3
0.017407983762598944,51.73097071202327,0,3
0.0008028551211247724,9.703462564897105,0,2
0.00048689119566718974,16.09981858274209,0,2
0.9482343180400307,1986.41263579753,0,3
0.23496599015455508,1501.35004315066,0,3
0.0007717265534396112,14.056696823007393,0,2
0.0006357297779511056,17.59187477034684,0,2
0.0018046013872121767,35.01265442880883,0,2
0.5016437661802708,1370.8100803687455,0,3
0.0013681121643460772,44.34318806666959,0,2
0.001027942899201844,32.89304328665876,0,2
0.001702245140776935,37.14422224574999,0,2
0.9590122755421471,2033.3996619323211,0,3
0.0007744347451875174,28.957689367567397,0,2
0.4670793846712377,1435.524904037196,0,3
0.0005506760042924774,16.455805433348733,0,2
0.5375585686103471,1117.83656352596,0,3
0.21913015297229949,998.8677773103436,0,3
0.002295425470244168,26.605532220686413,0,2
0.1964841881609629,760.2156338164975,0,3
0.0008411265722269714,10.97489481077013,0,2
0.13482301694137183,526.6311302156108,0,3
0.0010570095183984763,33.82314316299821,0,2
0.0008794890968261998,14.648335721831128,0,2
0.001099537776684202,36.357935586059625,0,2
0.41052012286928413,1864.8656482785525,0,3
0.7764072649281245,1692.7622564155524,0,3
0.0023821746988817736,65.9193897112681,0,3
0.0004702878182033702,15.24294696847716,0,2
0.0016074126848878761,19.42750118140709,0,2
0.1871963313392516,1693.485402222055,0,3
0.0005545798324344707,30.103453312389526,0,2
0.0014460106234748455,28.05532048178487,0,2
0.7832984381712725,2120.8965212151243,0,3
0.0005205712504962796,14.405215180085118,0,2
0.0004114962646224967,7.500320595379573,0,2
0.0002708547188624013,6.196191463841529,0,1
0.0005407539193350372,17.880873748951064,0,2
0.0003105209092129815,9.936327899230562,0,2
0.0007798528972238711,37.027861538556664,0,2
0.0004116371981464702,11.390798876761284,0,2
0.001138746089675341,25.454427307924337,0,2
0.5709506988093943,1353.0532195304509,0,3
0.0014328279978114932,29.582249909273635,0,2
0.001441614294152759,32.224449848199264,0,2
0.00030233573250076565,9.034673657105877,0,2
0.0006661888906994895,22.02857718017008,0,2
0.39190901921412863,1805.3209380813348,0,3
0.0012419638710237072,22.637209621093575,0,2
0.000963579697825588,29.463536861687096,0,2
0.0007812600804748693,35.85233419775484,0,2
0.5451264391250111,1138.087078554189,0,3
0.6635582295107897,1455.7169120795722,0,3
0.00021772251176161488,10.337589368500563,0,2
0.0005869937923666534,25.61219065516008,0,2
0.0016526391027983183,30.122565294290613,0,2
0.002439953908289207,24.608687245686603,0,2
1.205679717985157,3053.9563343135915,0,3
0.2296153372510073,761.1064523856439,0,3
0.001229095563743229,27.474011955302508,0,2
0.0019443081676292326,25.641428806212197,0,2
1.2131920748974458,3324.3885713888167,0,3
0.0013002304891482008,16.864971437142916,0,2
0.0960244069970919,313.6373513465892,0,3
0.0004109401388341495,22.306467996277917,0,2
0.0003894680651264941,23.228194769236833,0,2
0.0010174627017004293,18.545238712179223,0,2
0.4705863370259265,2061.222561927169,0,3
0.0001558060467172326,6.79825617517934,0,1
0.0008552916193998297,27.721672330149097,0,2
0.0003071173965769121,18.316733369121046,0,2
0.27933983748789704,912.796090259103,0,3
0.758202068163889,2021.890303669553,0,3
0.0009862121563759753,29.470896198169502,0,2
0.00027171329110661026,8.6945267610388,0,2
0.00018142319732276287,10.820228255947319,0,2
0.0001503214615309773,3.3601403772566245,0,1
0.7026722110006827,2158.847912653113,0,3
0.0011755477074004272,38.871322777916966,0,2
0.1196706250434381,350.04802043105025,0,3
0.32652826758111014,876.7403941817215,0,3
0.0025252834426372573,29.26974143591111,0,2
0.11648117488427119,384.19687144291714,0,3
0.25905169305907344,2155.059257272199,0,3
0.0013917491875433594,14.03678994276863,0,2
0.0017496974859147218,33.94741568049395,0,2
0.0008454701465180413,9.799570282899,0,2
0.17235965012870785,469.5844560562526,0,3
0.0009432368192040291,44.78542358935321,0,2
0.3202371433427591,2666.4874492748363,0,3
0.4044065551702813,981.4548937008427,0,3
0.0008154167947756987,17.792985230224634,0,2
0.00035181763685521503,7.533781011954419,0,2
0.0009641767404668871,44.24645209558062,0,2
0.0011917067646925238,15.45733676892622,0,2
0.6308949772557011,1670.7625618105942,0,3
1.2258460205658361,2531.9876856036253,0,3
0.001798757221626613,23.469917547841074,0,2
0.9724852696275597,2433.588394274422,0,3
0.00215814553761018,28.159163012642704,0,2
5.489600010094565e-05,2.606493478442371,0,1
0.668554162637361,1714.3723851041834,0,3
0.0013650400581617108,37.77330336339018,0,2
0.000996888064429106,27.585824351363136,0,2
0.09767048019985468,712.7591102997458,0,3
0.0005893194179785469,22.71565421945611,0,2
0.001781001584675535,36.77066196860815,0,2
0.0008525594366162277,37.19956687690378,0,2
0.00032012108294545696,12.339250339807306,0,2
0.0008851772202144072,48.04879219091284,0,2
0.0008531658678285392,26.087394797362553,0,2
0.0006969272643479154,30.40889733312279,0,2
0.005828251073678118,130.27908032559557,0,3
0.00018164118957388658,2.105344122237082,0,1
0.09908256656548828,451.6914172671561,0,3
0.0026663110340518267,59.60013475518367,0,3
0.0012790834673192639,31.081324331403714,0,2
0.0011798164532696375,15.559354270366924,0,2
0.0013444007730915772,44.45471337721127,0,2
0.09012612089446145,217.09599915854173,0,3
0.0002087265307977483,3.4764459368650344,0,1
0.000945681484732305,31.27043675617297,0,2
0.001033195827878775,17.20839906688959,0,2
0.00047865185360047564,6.245378421867097,0,2
0.0006120660112052148,36.50411880441871,0,2
0.000891080028081333,29.464954228953502,0,2
0.001969831815447438,35.90402004836724,0,2
0.0008582757982176156,33.082731813104395,0,2
0.3608511992547727,973.0614229023575,0,3
0.35131893112838486,1109.6600329769462,0,3
0.0015207947271206927,33.184842759224004,0,2
0.1026214048556169,335.5191681142563,0,3
0.02468639768241634,97.3482106015914,0,3
0.0005967130857484022,9.938558239318029,0,2
0.0009578713719163121,13.459947417077565,0,2
0.0003463391382677922,15.111751020218234,0,2
0.0008743393700644816,10.134184090756294,0,2
0.8608526124433646,2619.359111074929,0,3
0.5885808326267736,1943.4990430884263,0,3
0.0006483988138251686,35.19609311090678,0,2
0.0012069927460050547,16.960585074716573,0,2
0.0008868542186355968,48.139822265799666,0,2
0.0002970059103875564,6.7944376025021915,0,2
0.00165174796323517,40.136953897656426,0,2
0.001390885420769103,18.040834366971808,0,2
0.0012649294268482513,38.677957702386216,0,2
0.20622582864480496,700.6627735973786,0,3
0.05027194119171504,502.31340922850165,0,3
0.0020221657717066446,33.6801936670379,0,2
0.0015752439269243448,22.135227178837646,0,2
0.00023920913644019816,10.43736763256205,0,2
0.0016906484680582529,21.92898748492735,0,2
0.00013099563847434155,7.812687295463572,0,1
0.7458613043271545,2439.4039705225505,0,3
0.0019232609515333775,25.363859281958806,0,2
1.0345101583663334,3163.9929838572994,0,3
0.0005765050819801886,9.601983716071476,0,2
0.1171299936841995,545.1882042053948,0,3
0.0008126376973867556,9.41902001255912,0,2
0.44342714401459543,2017.5853735330268,0,3
0.9022366092632683,1910.6972249955495,0,3
0.00235581206350914,30.556661679566133,0,2
0.0019901766311588498,36.250287622924546,0,2
0.0011533916692775166,24.69859196094069,0,2
0.00031210145419688227,10.115817869325342,0,2
0.001745659976303012,39.020792584083765,0,2
0.8040690868692105,2047.1891386693137,0,3
0.0008915955553468695,11.633406620093817,0,2
0.08293292671642115,233.76615994724543,0,3
0.0005599541114055909,20.937822481414006,0,2
0.0005994878550542054,12.37706101002716,0,2
0.0013072449855533587,28.525032681764092,0,2
0.000483205108723948,22.174473618956018,0,2
0.1478770578029765,654.2734931748361,0,3
0.00046453409371030466,20.26892946509842,0,2
0.00017355750743102194,5.306896802989755,0,1
0.0006275115711766771,14.355230202808372,0,2
0.0013720991500138172,31.388742557514323,0,2
0.0008849423049340566,28.317181396936565,0,2
0.0008812224672933503,10.650625496101659,0,2
6.486839789346948e-05,1.7950342612120227,0,1
0.0002799426123997811,7.746554512661915,0,2
0.0014995338070673044,19.56569479690208,0,2
0.4816271266363916,1007.9200450533343,0,3
0.9057625820535347,2332.274521637525,0,3
0.7494897668491322,1998.9987602619062,0,3
0.21869407527011148,1844.7462658832114,0,3
0.00032068367610823,8.873938686924834,0,2
0.00010650279286777662,3.2565536308137784,0,1
6.174427186918896e-05,1.2747758165602132,0,1
0.0002956943548444912,5.389605326338033,0,1
0.0014490774069530418,19.11035286673882,0,2
0.0006517616669552408,6.573484427857386,0,2
0.00017568217819558308,9.536301069430865,0,2
0.00024551518659135583,7.957626849584839,0,2
0.00019291503264607597,3.516252070577319,0,1
0.0007659800002537025,12.75778430956698,0,2
0.0013905941930742254,45.98217102700086,0,3
0.0011531175792299337,36.898495507550194,0,2
0.5068377205453933,1626.0693656118306,0,3
0.22156563059373457,483.8509061309969,0,3
0.00040798918865583183,22.146285844449178,0,2
0.0011176744084872056,23.075570633439007,0,2
0.0010300918426674498,33.38728906571609,0,2
0.0018346339234492724,22.173741099813746,0,2
0.0010741359324261159,34.37116959364313,0,2
0.0013324354741231711,18.723298288440354,0,2
0.0015832617346350053,32.68811356094448,0,2
0.00032763093989723023,5.456859008022595,0,1
0.0008928564772921695,24.70706875968442,0,2
0.6401849980984461,1659.4106962485203,0,3
0.001313901219380311,21.883689333114578,0,2
0.002141314587320714,27.774467415203887,0,2
0.0001203042399771743,5.249212463553411,0,1
0.9558238721711202,2286.874801041582,0,3
0.0016426796420547904,36.718869920169766,0,2
0.14546068743933094,1414.1539923452167,0,3
0.002668097036356785,26.909674517124103,0,2
0.0011385095957022371,20.737506239149226,0,2
0.0012271268499395676,23.808564396385012,0,2
0.0010768983607331419,40.26741879072332,0,2
0.000990085122481687,13.912612985158331,0,2
0.0019502099553296557,27.404225891502847,0,2
0.00019231813271133178,4.399554038610896,0,1
0.000425671579936516,16.407754650364268,0,2
0.32457886894759824,2730.278961496801,0,3
0.0006334168917627506,27.63776109218714,0,2
0.25485717807992414,672.1367153574794,0,3
0.0006309484024424665,11.500263074811766,0,2
0.0004888593734659194,29.155973899799477,0,2
0.0006821639852212468,14.607778407123947,0,2
0.0014334557597208916,42.835839759510506,0,2
0.0010030130232163918,46.0286644764915,0,2
0.0016377576691096157,19.794256540724632,0,2
0.0003229512386438295,5.88641510203209,0,1
0.00042417136612370957,9.083155160958214,0,2
0.005216696034647614,126.76406625054042,0,3
0.0036150810425288637,139.34536760909165,0,3
0.00024327876889175843,5.56535192546073,0,1
0.00032827358184390256,17.819199088701954,0,2
7.497489191381088e-05,1.4546536426367662,0,1
0.0005044373352745016,12.257667949844894,0,2
0.0006612924120359992,39.44002171577708,0,2
0.0005178364842386246,9.438578139553709,0,2
0.0007121463181884804,15.539548611789419,0,2
0.0007698496042506949,7.764486071994851,0,2
0.000864377025302048,33.317907102660854,0,2
0.5294878483606835,2321.000627530824,0,3
0.9452440072190917,2055.578362305033,0,3
0.646184202442387,1372.5416543142433,0,3
0.0004914257810632425,8.951128070722985,0,2
7.739242219939181e-05,1.6572721198593177,0,1
0.0012942650661190434,42.796897844791886,0,2
0.0018947769863682565,21.96174557411067,0,2
0.2873528169241987,801.7714780657286,0,3
0.6926054592898547,2262.666772252703,0,3
0.0006771357283237863,13.980183503091782,0,2
0.0024873389544656115,32.802888852550716,0,2
0.0005470659787692914,32.62746356970013,0,2
0.0018206484304566315,33.162397865082355,0,2
0.0006331411920752274,30.061905877344252,0,2
0.0013366069024692126,39.94171337856631,0,2
0.001236121524272933,22.530721476661984,0,2
0.0007281611111655731,17.694085053796893,0,2
0.0006048460687492999,16.737262695271514,0,2
0.0004375135439856961,12.10684750513442,0,2
0.6214117027473466,2366.7577189458825,0,3
0.0001313372722781612,3.6343568080808977,0,1
0.0010932068513702401,18.20791301457346,0,2
0.16759488786586835,555.3411832840891,0,3
0.0022879327119665486,30.173130331920444,0,2
0.00027563973783273365,3.6351216496812144,0,1
0.0011357015497631083,14.977569357672316,0,2
0.0003823674205262807,17.546992211235406,0,2
0.0023508564290172485,90.61510639563747,0,3
0.0008795175091369016,38.37582342692851,0,2
0.0008780801636504457,52.369420988731086,0,2
0.0013259587540082676,42.42922318524034,0,2
0.0007815646162042864,29.22428973824734,0,2
0.001852724140808252,24.174069908301753,0,2
0.09922406001751362,956.8333159578252,0,3
0.5636890727009329,1809.712072266349,0,3
0.00010202484245175678,1.858342533851483,0,1
0.0005086806161369832,22.195166443850198,0,2
0.0008313754598079692,8.38501850573818,0,2
0.7408129329106843,1534.6188764638064,0,3
0.0004599127766032544,8.923171193767022,0,2
0.00017237802313854162,3.9433953375850734,0,1
0.0005645070196925142,30.642316431219534,0,2
0.0011838795539773094,24.442445905390343,0,2
0.001217396858821454,36.37936951633654,0,2
0.0006910674833164991,22.398847242258597,0,2
0.0006788755586944706,18.785802124437996,0,2
0.000767057822840181,24.86184260518581,0,2
0.0017686871416130263,23.07756760195029,0,2
0.31673529334618894,2429.56881152253,0,3
0.0010217535066748605,31.242327101127696,0,2
0.6007539690586765,1267.4012916778006,0,3
0.7418774220449839,2041.4150268038368,0,3
0.0002927920825930229,3.5387418451779684,0,1
0.8103258868053085,2157.0799907945443,0,3
0.0002452691305173745,14.628052065548896,0,2
0.0002320379527386494,4.790669024359772,0,1
0.2272216332457343,770.8861373817404,0,3
0.001146119809538273,34.24940335524653,0,2
0.0011261859457505259,25.173670014081576,0,2
0.0008154294723512863,11.458362930531916,0,2
0.0012255293711690176,26.243340125399186,0,2
0.001171893544351913,15.2003443372681,0,2
0.278441671475922,1558.3980791917847,0,3
0.00019432795712058193,1.959936990460055,0,1
0.000694049225934191,14.862287537496327,0,2
0.0008949777169032627,48.58077834918348,0,2
0.002336353038961412,23.56379808486776,0,2
0.00128042601968326,15.47547698482676,0,2
0.000475950434106155,6.173436589657733,0,2
1.0160662759688288,2415.5398444055754,0,3
0.16155712264327243,523.6089989717289,0,3
0.0009335164649166485,19.99021049825919,0,2
0.6845014376632669,1863.9621877983384,0,3
0.7853922469693561,1718.210386218917,0,3
0.3481387880698436,934.7973645367506,0,3
0.3650590864519716,960.535995715366,0,3
0.0004459646991250047,14.74651999073635,0,2
0.0010492257785722839,22.467995972339477,0,2
0.5878103181031332,1234.358343859683,0,3
0.5832161722144424,1908.1463913125726,0,3
0.004501543671258154,81.99385435213618,0,3
0.2899976603844001,746.6731248173909,0,3
0.0003154016712044533,7.664161008912077,0,2
0.0008842219189242546,38.58109006170482,0,2
0.4553639154857286,1232.8820485226024,0,3
0.001558032430162347,25.949818121541252,0,2
0.0006186055930024077,8.692606333003509,0,2
0.0023374451606470188,30.31842907792842,0,2
0.002928745958105142,48.77974518740169,0,3
0.00013957894108991995,7.576561372685078,0,1
0.0024904130099079273,32.84342932606351,0,2
0.0006219739508940248,13.318876174203988,0,2
0.000639672732391052,17.700983959720155,0,2
0.001926166879951745,35.084375082499285,0,2
0.17236193926177262,1444.1702535218935,0,3
0.0005228359345280755,15.623862934088262,0,2
0.0016560258387680097,21.47990583445685,0,2
0.0027534650979824855,120.14142903883761,0,3
0.00036338208549171005,6.618862320990262,0,2
0.0005094368904767431,16.845327229203203,0,2
0.0011758010087020876,25.178462888834943,0,2
0.4574989747386252,1441.4473297232598,0,3
0.0005360832404625337,6.953404503115869,0,2
0.001785909458191323,29.745225275430283,0,2
0.0009570082412337644,31.018506763051278,0,2
0.0018626982322157244,36.13984227867283,0,2
0.0007217084773109714,39.17545532897413,0,2
0.0005034387052165431,15.393729114695908,0,2
0.4373690473986624,1124.6019904069094,0,3
0.14245555206628985,529.8409326892221,0,3
0.0005191114398180214,6.016852351444964,0,2
0.00032867852494483364,10.653113118156234,0,2
0.0006882423771544632,9.076502485067833,0,2
0.0009438321791949391,36.380551479755326,0,2
0.7292755240457116,1945.6850702174447,0,3
0.6037128854262163,1846.0216628153705,0,3
0.0013765070228066766,28.419443794184282,0,2
0.0002665820399169873,9.968044371536287,0,2
0.0013835758753308791,38.28622534017248,0,2
0.7337261703030453,1968.374854317125,0,3
0.0008099022412205828,10.680946057831619,0,2
0.0004691636451888513,15.513629411203361,0,2
0.0007858336486019272,46.86776318879208,0,2
0.002002085517176737,23.205523954628443,0,2
0.5575638425348607,1490.5448172088118,0,3
0.598656819127868,1261.322698814153,0,3
0.00040622175301324644,15.658049940933935,0,2
0.0007800080860373475,24.959401692342844,0,2
0.0010578572880511944,48.54548948883868,0,2
0.12179194833995892,940.6118654233705,0,3
0.0008996004763466133,41.28302178556748,0,2
0.7746924929080793,1661.4502656424595,0,3
0.002483303166479262,32.21031757213756,0,2
0.0007403385034231491,15.853520617567629,0,2
0.8501478029676566,2193.2890305867527,0,3
0.41720088011277556,1848.4729537115797,0,3
0.0022669305441401525,22.863622373733314,0,2
0.3992794170735558,1859.0515902639436,0,3
0.0015817449642015263,26.344762368917053,0,2
0.000881292205796317,19.230434425328916,0,2
0.0004812910561541741,10.5021195399171,0,2
0.7417764587967367,1914.5079960912694,0,3
0.0011268012193649877,14.615462826423773,0,2
0.001723852819538454,33.44598063834426,0,2
0.0005162702927084733,10.658946393400385,0,2
0.0014211964646322053,25.886536805329865,0,2
0.6026136509445372,2294.4261929755003,0,3
0.0005958444798164302,14.478832696559616,0,2
0.0003267886151996019,14.258706693783816,0,2
8.503888692445942e-05,4.616042655266448,0,1
0.13749817291844635,540.2860886305483,0,3
0.001919458088039773,34.962177066200745,0,2
0.0010470736443551729,39.152212018666745,0,2
0.0008216092864897357,22.73552093888717,0,2
0.0012049289890401233,24.87703376201255,0,2
0.0008354825574137952,11.018297855982237,0,2
0.0010296580355105454,18.76752241486959,0,2
0.5421737817576016,1761.1274697168371,0,3
0.0005529454999695891,13.436401033440317,0,2
0.0015055256094559197,15.184306858259319,0,2
0.0011074365363523467,22.864198931814546,0,2
0.05960955591834989,680.3588075630578,0,3
0.1637758945856208,1583.669599541261,0,3
0.4579429590868881,2107.7532007816612,0,3
0.0014303625599079185,29.531348335385672,0,2
0.00037088705377383573,7.195905055777033,0,2
0.0010018762492660764,14.078301146595356,0,2
0.2475239316277779,2079.7637484759002,0,3
0.09079157072558668,281.14059894384053,0,3
0.0009950084505639673,11.532820269925365,0,2
0.00047731809906039797,20.82673158604258,0,2
0.0011052895198617972,30.585502666010065,0,2
0.12904893903285758,441.00733679405596,0,3
0.004373855451479147,79.72203138718064,0,3
0.0009340044970285745,40.75324400659154,0,2
0.888728637268464,2122.414356400719,0,3
0.04716677088888074,155.7599715872017,0,3
0.7472490543399835,1934.9827857277971,0,3
0.0011306212770429865,11.403127454804272,0,2
9.800913500243167e-05,3.1766675415401577,0,1
0.06456062375792,626.4534890019963,0,3
0.0029236757461387646,29.487369331076852,0,2
0.002027847986463187,23.504128381376475,0,2
0.09224320301428544,721.835999112887,0,3
0.2551233648880844,703.0643838703828,0,3
0.0009541612553373842,11.53217782190946,0,2
0.0005521356849422535,24.09123335571028,0,2
0.27243326643934024,2309.7895170431534,0,3
1.2062000339722652,3290.3587436330563,0,3
0.0016218038111027763,34.72911382845101,0,2
0.0005859428532402655,9.759174569695865,0,2
1.1116841744768786,3039.2755614161806,0,3
0.000894740020623764,11.674435136834962,0,2
0.10272334945248572,789.501287944715,0,3
0.0006844520750002357,18.940115135890736,0,2
0.8831700179454609,1844.4375921760593,0,3
1.142085075632727,2363.35857558713,0,3
0.0008984145428578266,53.58218003891702,0,2
0.0012063971066101373,21.988936092081502,0,2
0.743833404144486,1924.7422588451448,0,3
0.06115004147444242,467.5022022891905,0,3
0.0006014494721789668,18.390620655433093,0,2
0.0005712140832911733,6.620757195090541,0,2
0.0023693555978893947,28.636490871278994,0,2
0.7849709849914879,2988.2035354703503,0,3
0.00204633430983283,20.638750945136778,0,2
0.0016880968778389745,34.85254600522334,0,2
0.0009096141892563996,12.781840564589361,0,2
0.0018764218396389893,34.178288662370164,0,2
0.2787740047772577,880.9534742252608,0,3
0.0016026554067366434,34.31907217587133,0,2
0.0022280058287290675,28.89891828941785,0,2
0.07859871587096957,223.81147450505293,0,3
0.0023196531905433494,53.065404799608466,0,3
0.0003464707296236172,16.450628380474146,0,2
0.0003487945544715342,13.042137409576227,0,2
8.377442553297945e-05,4.5474057300889825,0,1
0.0008422587831154665,9.762348411142717,0,2
0.0024091694889492683,31.771994255578992,0,2
0.0014840270759803012,36.06138930229433,0,2
0.0003178445113207709,7.104788400146278,0,2
0.0004894027683645351,9.49533239122749,0,2
0.0009905622878975332,30.288588011065347,0,2
0.7767214356315961,1946.9117578145342,0,3
0.2109466134398932,671.9347467588503,0,3
0.331432149976266,2103.3012151226894,0,3
0.4134080051823259,1138.087665199837,0,3
0.1350095822306975,1032.2032425449006,0,3
0.8934931674531523,2262.002490335021,0,3
0.0013299653639776724,40.66657238083071,0,2
0.6427652552977551,1349.762828148583,0,3
0.49506740025107815,3139.5544601105785,0,3
0.0015418401545312002,18.634978873384473,0,2
0.513154799417396,2354.4731913976757,0,3
0.00236405327686797,30.84581666703223,0,2
0.001885222236123414,22.785161249400808,0,2
0.001116011061368797,23.04122907240182,0,2
0.0007867713784492149,37.35635498364237,0,2
0.0016795051076910553,35.9647225275704,0,2
0.0003590195741364612,19.488139229311003,0,2
0.00465884921112501,53.99921034452976,0,3
0.0007820830583771145,17.48192730470325,0,2
0.0007907376009358862,17.254467340601792,0,2
0.0005896271893054151,10.73982824839624,0,2
1.0808234801424237,2233.6810553706277,0,3
0.21133173810249634,1784.9212414707588,0,3
0.27788031820742953,2337.594710809435,0,3
0.0009763278431214526,31.241418205913615,0,2
0.0005072833772462594,16.77411794746868,0,2
0.053625152023002755,161.51517437616198,0,3
0.25693105067600885,1163.76901751051,0,3
0.0008846001157155627,10.253113066045161,0,2
0.0009952939122066405,31.848311577015494,0,2
0.18025576943206553,475.1086141215007,0,3
0.00038465121664385906,22.940913975900898,0,2
0.5267940752100377,1340.2426284681903,0,3
0.40788342423911034,1553.2682350238495,0,3
0.18637591242659224,493.48295750029223,0,3
0.6726305857865865,2205.159126083522,0,3
0.0016763659462330938,37.47186094139358,0,2
0.0007016458986959708,14.48622190154317,0,2
1.2890437260295973,2707.3933235265763,0,3
0.00032328142854712245,7.395527891835587,0,2
0.0010073058598579045,10.159402922234388,0,2
0.0015853095671284874,34.59260330909686,0,2
0.0003152103082043486,10.216581901337873,0,2
0.06534518043085993,226.54841557077023,0,3
0.0008807375572837334,19.21833159294234,0,2
0.000360337703613272,16.53603978606215,0,2
0.001828590714282081,33.307063453326045,0,2
0.00026750870970071195,12.701466518130305,0,2
0.6050251799680767,1598.8215934902203,0,3
0.0980376820094054,743.8317648080554,0,3
0.0008114751891225181,37.23891748817272,0,2
0.0014638416094730064,40.50733372985508,0,2
0.0005501626358585342,15.224066150463754,0,2
0.0008186382916593517,26.195525825972965,0,2
0.0003671542891946731,13.728645211928077,0,2
0.0017710505162890288,23.35651646261578,0,2
0.0008237937951647392,31.753603272201843,0,2
0.002444429051602263,28.332584410448334,0,2
0.0014915178834957875,34.12061793384717,0,2
0.00047454927228491277,10.855997497306877,0,2
0.001065119985835861,23.241689768736848,0,2
0.0011633782708410866,16.347717251810458,0,2
0.000608391064408093,12.560877186500239,0,2
0.0009476646884367629,43.48870749494149,0,2
0.2048861080219143,1708.9228262688148,0,3
0.000813757146784521,37.343637428136276,0,2
0.0024559082113863023,32.38838194751768,0,2
0.2737150914988966,866.1455551875628,0,3
0.1792259121606534,453.9242821637398,0,3
0.0003228541128894004,14.815902977398812,0,2
0.0002477310947058299,5.114670543204967,0,1
0.0005295436094752868,19.800711996790376,0,2
0.001846077406179411,71.1581100873355,0,3
0.00039798677662196603,11.89300588746602,0,2
0.13439697875953802,1025.362408495451,0,3
0.0009426799732463623,20.569959986432398,0,2
7.142053665071802e-05,2.670559046644632,0,1
0.0008148057946818356,44.22892208538321,0,2
0.005898338509812681,107.50870325458094,0,3
0.47695632884149275,2092.232710165846,0,3
0.0007135397597722116,21.818024042815853,0,2
0.0007309156702848273,22.349330151743953,0,2
0.00023744348818554372,10.896375617111286,0,2
0.7454250418984619,1908.626243764302,0,3
0.0005485443253400403,17.779393251052735,0,2
0.0008061056049591751,8.130153873826387,0,2
0.0018438060252349213,18.596107763581813,0,2
0.0026386614090502364,26.61279507862055,0,2
0.0013231189623679296,36.613265414850616,0,2
0.0005416472414395091,16.185999660708998,0,2
0.3583888474601721,1146.165298113536,0,3
0.0017611049955648436,37.71209281672435,0,2
0.0009417355145323973,20.166212248725508,0,2
0.1777668709258669,492.46352686801464,0,3
0.0017005016622630693,32.9929243534553,0,2
0.0005093287332565657,16.29795982165507,0,2
0.4834960943582175,3058.7383910719286,0,3
0.0009130256667284448,16.63040481323833,0,2
0.5900813392636417,1403.9051973693456,0,3
0.44517350887868884,927.4749705269434,0,3
0.0007444390888255763,13.559666345776252,0,2
0.0016556309397386673,37.874940260103806,0,2
0.0030365246433129486,113.54182895904121,0,3
0.7421872690409013,1963.5602483927128,0,3
0.00017103199692183906,3.9126030508969607,0,1
0.18394769601710156,610.6932537915047,0,3
0.0006887596619105963,7.983189876917334,0,2
0.17540554356383747,804.6851521153878,0,3
0.0005462928311149201,25.069594160071482,0,2
0.0011218843018444356,24.02389694386938,0,2
0.0010578841915844662,17.61959625090096,0,2
0.0009783272905841615,11.339474354288233,0,2
0.0011111664929289622,30.7481298982273,0,2
0.0017371781365006778,20.995871574533222,0,2
0.000578496771129756,18.750210535865733,0,2
0.0011469418612789315,11.567732266298785,0,2
0.002832650016833804,129.99143000762624,0,3
0.20980516475214547,925.4085526037617,0,3
0.22982119967054515,1052.9711681698595,0,3
0.0010190315548993653,48.38420098528144,0,2
0.0008863609182034399,40.67545322415941,0,2
0.0006763015209536552,14.757389166624838,0,2
0.40605775876706984,867.318082987899,0,3
0.000944963350462022,21.122795617981765,0,2
0.3198568730637997,2657.455580248974,0,3
0.06632653099513167,188.70915184214525,0,3
0.0021258680349492257,25.693653004469432,0,2
0.0015971046293303396,20.838784420146325,0,2
0.0002941471724076797,10.998760708841159,0,2
0.0006069297044467042,19.421083657297984,0,2
0.0009799482399952249,42.75789877394298,0,2
0.3516959724553969,1595.530063306681,0,3
0.0021372029493775483,27.72113636578603,0,2
0.0003298702324656452,9.12814850155902,0,2
0.0025270121710746648,30.54195876425327,0,2
0.20457154897334928,551.7554891344075,0,3
0.1550034113934044,428.30990192349424,0,3
0.00123870482075742,28.33715531644709,0,2
0.00028405660013666186,8.685645959351595,0,2
0.001985418688210321,25.752379864105993,0,2
0.0007459994156996969,35.42047887582949,0,2
0.0006678803345914291,30.649292800581634,0,2
0.6575279356021125,1634.4480643910376,0,3
0.18178018088819747,1741.003858286689,0,3
0.003299961300284843,72.007546389123,0,3
0.023225840601651285,65.36666046736083,0,3
0.0016585537809021649,21.6405638395342,0,2
0.0011694754784916347,24.145058527854374,0,2
0.0004918604316215928,16.264134138399452,0,2
0.0008962471325005892,29.049120522718876,0,2
0.0007705748244921646,10.162298256540137,0,2
0.0010367300188220553,49.224534173639626,0,2
0.0006116035163346704,36.47653523109213,0,2
0.0016233947394657315,33.51670190534171,0,2
1.1554074664150524,2910.978898137178,0,3
0.6132698136554335,1528.343189121411,0,3
0.00024174386178289927,7.73553795262667,0,2
0.0009497890638158029,17.300035687979587,0,2
0.0002556168997959972,3.371061566734939,0,1
0.0009342233394853243,44.35745841772548,0,2
0.0010456693629023333,49.64897934275852,0,2
0.0003641290672830752,15.887975674731422,0,2
0.3992976858092202,2521.2675628074453,0,3
0.5520259679193694,1421.3230908717023,0,3
0.0015274755522773455,17.704473767167368,0,2
0.005806906020271751,112.66487725715105,0,3
0.13288438166194477,360.02396474017576,0,3
1.3018275741548015,3276.637653060866,0,3
0.2532556889330314,965.0473710256816,0,3
0.0008834067701665245,40.53988620193968,0,2
0.0007988400079717261,36.65908402606618,0,2
0.0005606982406443583,7.87889591148605,0,2
0.0007645457169503607,24.46462287137189,0,2
0.000364353827995347,7.9504645006487955,0,2
0.000904671944580483,11.7342783703908,0,2
0.000761419040289499,22.75342212586451,0,2
0.3444347703168844,1588.7038405192536,0,3
0.5187470956469035,1380.9031178706277,0,3
0.0015504767522805999,28.260457548638577,0,2
0.0003659927845908216,19.866655906393934,0,2
0.17682093268278617,1350.8484054843575,0,3
0.2072846785853021,1983.4287721863798,0,3
0.0003261679462458125,17.704901923149148,0,2
0.0015643267995417885,28.512901625659232,0,2
0.7791693829535489,2157.8979008489428,0,3
0.25582022235648666,619.947412417363,0,3
0.0006265971702514795,28.754792055379003,0,2
0.10214638098105416,862.8341653611077,0,3
0.0012959042892866572,15.662550350511385,0,2
0.0006729171198734699,29.361267177686127,0,2
0.00023358477316772202,7.142360502287908,0,1
0.00011733225365808845,2.1371610318200744,0,1
0.0006965856976693765,41.54494221156184,0,2
0.00011725492540591281,1.1826001210627803,0,1
0.0018666634764709536,34.00054390040687,0,2
0.15163896827941956,499.66062147644584,0,3
0.02306587054288302,159.79869583684655,0,3
0.3652898469528036,980.2629437915197,0,3
0.0002536858519281288,4.6207884035431155,0,1
0.001406969404293166,30.12867540471501,0,2
0.00026798634377940886,10.329686983181926,0,2
0.06928147340880957,519.3127916222498,0,3
0.0006099145261916303,18.226025277563842,0,2
0.15722071577184682,1321.393171651822,0,3
0.0012931875134936835,31.42404819949575,0,2
0.0002903556589535039,9.601063800749602,0,2
0.00034108019906157615,15.652305282972574,0,2
0.001997786989489189,26.06682845117935,0,2
0.33171038647872325,2504.2602943950274,0,3
0.5585091764782751,1821.2220648131913,0,3
0.00021310816052569863,8.21437600418987,0,2
0.00022561267428156608,5.161214589095181,0,1
0.4697321013701572,1474.0631202866812,0,3
0.0002901911693562594,8.671758682381704,0,2
0.003155760799984723,100.98087809822593,0,3
0.0011604157406478013,25.938809700511815,0,2
0.00029449906299947016,9.423646424955662,0,2
0.10925182266998411,794.7675812589558,0,3
0.07424370206443723,242.7603016438546,0,3
0.0010698107456336,19.499383733155266,0,2
0.0004643432134733688,11.283393451484294,0,2
0.17391617960755337,561.2942959369902,0,3
0.0012703320261878248,23.15427448102748,0,2
0.0011191786501460134,34.22131193486279,0,2
0.5972375257519082,1610.122445434296,0,3
0.004431066650482517,91.4840589515527,0,3
0.0017818308869808521,20.652623964454225,0,2
0.0013633798940441242,43.626658548616355,0,2
0.0005228678166072496,23.994610976231108,0,2
0.2117931677729378,1119.5577411639795,0,3
0.0010194176981571873,44.48006228000714,0,2
0.11434021329981432,375.513088926397,0,3
0.2918377075876146,1335.6548417175413,0,3
0.0013263934306651818,24.176102727738705,0,2
0.0010685668298179012,13.942501572004817,0,2
0.8932409542642648,2304.8699279815537,0,3
0.0009761262425683255,11.313962720535049,0,2
0.0008864561243486865,48.118213090566364,0,2
6.11669279965568e-05,1.982539635489743,0,1
0.014382953852739636,121.45364140234888,0,3
0.13526754081073866,322.8003318883844,0,3
0.0010683175202055722,39.94656372055233,0,2
0.001275367903878558,17.921388431612538,0,2
0.0016589086682205273,34.249924537289985,0,2
0.0006206979951405938,15.08276527039299,0,2
0.1838678400248407,1664.8012046431968,0,3
0.0010234639219495923,30.58408762388954,0,2
0.00040483169099943977,7.3738506461406,0,2
0.6571164192559704,2507.4333697308707,0,3
0.00031113906597796006,4.059696404060273,0,1
0.22677184073348516,490.7777749190812,0,3
0.0009445765855707731,30.225412852083867,0,2
0.0003705645957138422,7.9352261582054,0,2
0.0004362444590503198,23.680025737974635,0,2
0.1391483168238306,1081.7490788075938,0,3
0.00018163695879983672,6.791775115050827,0,1
0.001220357203575324,29.654294667716133,0,2
0.0008235709030828363,13.716989923609079,0,2
0.0016307105275873853,16.44688665032356,0,2
0.00047331404189535276,18.24416061121439,0,2
0.000954744373392099,21.341431132455206,0,2
0.0008062390034773998,14.69527556496135,0,2
0.0020305804512571308,33.820344410795784,0,2
0.0021501452148867052,24.92163589512575,0,2
0.09061916722001238,699.1449270388689,0,3
0.8481469576809845,2325.8278789281285,0,3
0.0006389705157964054,19.09430300872067,0,2
0.1325992885207234,1037.76318779083,0,3
0.43753753120595895,1341.312148217611,0,3
0.0013697797437958999,43.831446708616994,0,2
0.0015583026503200093,25.95431877493483,0,2
0.0008066222798170914,16.653570352047627,0,2
0.0024041395251225652,27.8656015748881,0,2
0.00032944819363668886,15.642388637052207,0,2
0.000778366867386978,10.265059288185615,0,2
0.0008213143647069607,14.959919377673817,0,2
0.00141407057855421,17.090731019937923,0,2
0.0001293516925141302,2.5096656479774095,0,1
0.24372624200863313,688.2761554740803,0,3
0.5288462022513041,1359.3235538446572,0,3
0.5890392925942732,1933.9494517669016,0,3
0.0006486689626242589,9.115054885235256,0,2
0.0014384857653552724,32.15451774517964,0,2
0.2408751323842863,898.0369566575218,0,3
0.08314529625212455,183.24781820978762,0,3
0.0024925160889157534,32.52198039300677,0,2
0.0007774737521185103,10.14436225102747,0,2
0.36714312547019584,1658.5849194231887,0,3
5.612497033355994e-05,2.09862672973129,0,1
0.0016641473467732043,34.35808259839456,0,2
0.4410800395698578,1045.455764761256,0,3
0.0324221631433943,327.5120569299336,0,3
0.0007534381370239285,40.897790462572544,0,2
0.002185191136812714,30.706166464627163,0,2
0.00024243047277583467,5.419056014723667,0,1
0.0014308806383217388,14.431458723356506,0,2
0.571701748643803,1743.3189470843124,0,3
0.030441476042741188,135.47269784305828,0,3
0.5788143376241206,1850.9886628512525,0,3
0.002134421164357045,41.411777228331694,0,3
6.275979242720309e-05,1.4357205654129856,0,1
0.6512823579405114,1374.7456594908826,0,3
0.0013606126639356215,44.100114606924535,0,2
0.001584225071247966,32.70800266450394,0,2
0.2077346273785745,1752.6469251474127,0,3
0.7447985162894871,1547.1150872807798,0,3
0.0045174549268564125,109.7727281460322,0,3
0.11675741864949435,534.3246027312629,0,3
0.5379269919752969,1278.2831129222225,0,3
0.0011395833259928588,27.69151495021467,0,2
0.7111765275554741,1503.9293545589578,0,3
0.0011095251100060827,12.860145731844407,0,2
0.21513887010304097,577.114068721851,0,3
0.003844787066305028,70.07872998485554,0,3
0.0013082720446533826,27.010660479391646,0,2
0.002206665788951988,45.558949807463456,0,3
0.000806874552180105,15.65488094106197,0,2
0.0007631896065876594,25.23605750039983,0,2
0.001864549629192144,33.985047222158016,0,2
0.19068908135384008,1463.045418498712,0,3
0.4937953637767577,1543.3767006048297,0,3
0.04547661854096969,735.046297935849,0,3
0.0011658544260685062,26.06038080749272,0,2
0.37867805580077224,810.6982742111926,0,3
0.21483355385890257,1641.8049474018335,0,3
0.0003727793981501332,13.938979470305771,0,2
0.0009003852716239217,26.90613850867318,0,2
0.00027302333893907955,2.7536364256305967,0,1
0.0021917403428749383,26.48979848227998,0,2
0.19213082539127363,1838.4646059713477,0,3
0.18123048441134554,600.2035296700607,0,3
0.12485246765476196,499.01323942494724,0,3
0.0010855686084572836,35.18539942746776,0,2
0.0010915697528013739,24.39989315979399,0,2
0.0004922783558514464,11.261575796692147,0,2
0.0007649068355685152,17.498344592591057,0,2
0.0011883302584614292,27.18476471308552,0,2
0.14581835858040648,1167.518874640853,0,3
0.000517285026609673,11.833639375802006,0,2
0.0001287005351410493,2.497031972616186,0,1
0.0010443404172732218,25.377142345285655,0,2
0.42493034576100724,1612.3247618323473,0,3
0.0009860195837850414,45.248828817549665,0,2
0.0008869415198950831,16.15529229794496,0,2
0.293632332316619,1562.0106613918856,0,3
0.0004082552292246063,15.265492908261274,0,2
0.0004989134214845165,10.886652318801858,0,2
0.0012581069544235224,30.571601692254255,0,2
0.000908633960910848,27.152633407538822,0,2
0.07372400758547223,245.40881062104637,0,3
0.2769472471628047,895.4320000198323,0,3
0.001437461025920643,26.18278941705068,0,2
0.00021969799029349042,8.2149544517883,0,2
0.0010693569719658824,23.903370168224313,0,2
0.0010480729987593054,19.090239057185162,0,2
0.0026525290967907987,30.744604547525995,0,2
0.00108156488386767,47.191718842303935,0,2
0.06680820917128512,615.532852031384,0,3
0.6419433035431785,2430.8670934230563,0,3
0.0005860232384668667,12.099069755370222,0,2
1.2331838932936408,3362.6500572451523,0,3
0.327551056189671,902.0805037358372,0,3
0.14954793032596253,1260.8917292068663,0,3
0.000820307288992855,11.526905698831076,0,2
0.6403035282927015,1780.252719199857,0,3
0.21036840365900908,464.76854299746446,0,3
0.001656701305496828,30.17616521532813,0,2
0.00028452266036021784,12.414524169801494,0,2
0.0007943924077570194,47.37821460301241,0,2
0.0006025860270106158,13.469624493451109,0,2
0.0012607552738620588,22.964163373281405,0,2
0.000624855270695536,29.6684855917253,0,2
0.10240022875593871,980.8027355976961,0,3
0.0008388867859693165,26.84345539515865,0,2
0.36738670662587003,763.5657539300923,0,3
0.5395424045212927,1385.8850002378642,0,3
0.00013845006382492346,4.48743705233074,0,1
0.001079654268803437,20.94731949342034,0,2
0.4867339271257526,1552.7736212185368,0,3
0.03174535499042424,273.7022921511535,0,3
0.0012186888596375245,45.56925377173431,0,2
0.12640734560010544,770.5701607931674,0,3
0.6867134572976601,1450.0516453565197,0,3
0.38446921929936334,1685.9363590457142,0,3
0.6296711337231957,1313.5384837608624,0,3
0.1352766887425072,1847.7838230244297,0,3
0.0005031545144818873,11.51038357655424,0,2
0.003811165864092312,85.19111092942454,0,3
0.0015026356622673052,18.1611457831433,0,2
0.0005620617865146325,26.68701505279291,0,2
0.00025949140917338754,11.322340255642063,0,2
0.5150257056533976,1068.508467548032,0,3
0.0008855625212725069,26.463191487432663,0,2
0.04397769040851667,372.07414500562606,0,3
0.9209717568693813,2556.2532369233936,0,3
0.6481176853231085,2117.4204660512323,0,3
0.0002695815075796162,5.5657954341482245,0,1
0.8054674418483153,2198.9066870473534,0,3
0.6162567705671209,1544.6250884218894,0,3
0.00036870851297379363,20.014069854404006,0,2
0.00011014917949014992,2.0063241500439326,0,1
0.3665012290598145,1177.6060378688057,0,3
0.000649606378970809,14.174881827969655,0,2
0.9053207169398878,2245.8721015516853,0,3
0.5181925406745576,1307.9379914944764,0,3
0.0009013988610730738,20.14899721075828,0,2
0.0008769669976200295,40.24436249189151,0,2
0.0016768958468345958,37.483705826274985,0,2
0.003912473220861898,125.19484410236076,0,3
0.0015248145144147044,17.673630540274264,0,2
0.00047391301728130433,13.114091460241669,0,2
0.001208321600794639,45.18160088938236,0,2
0.0013265357873504379,25.737284388160493,0,2
0.00015101706742113303,2.7525800800929687,0,1
0.0007510456766717754,35.66007823261422,0,2
0.001749754208450266,55.990212067476556,0,3
0.10181255015261363,783.4989838878803,0,3
0.14512079702849556,1313.0231054453805,0,3
0.2677992203144325,2260.622403945046,0,3
0.00158157327724452,30.685490437058107,0,2
0.0013878086295313755,16.085639759506577,0,2
0.0004037825208815358,6.725202104067545,0,2
0.00042265294833968947,13.699007774057277,0,2
0.0009906606920616922,43.22531319685266,0,2
0.0014654433270972758,16.98547836211348,0,2
0.00033416759954889264,4.360169295932098,0,1
0.0011010207203670048,32.90171100831532,0,2
0.0006260630227675879,37.33891205159409,0,2
0.7096038405094858,1469.942258061679,0,3
0.24570463501434311,2217.5881311656003,0,3
0.00016447512959033212,5.263023424155482,0,1
0.00016776163896846077,2.2124312357687725,0,1
0.20045789014069917,1529.270135373364,0,3
0.0004722547413703733,7.425788892930305,0,2
0.0017036294973531282,23.026710300120186,0,2
0.003317801772025159,119.37512819337186,0,3
0.0003180643574104436,19.494618315270124,0,2
0.13636247243501937,791.413067480921,0,3
0.02046162373855682,122.89357070906823,0,3
0.0003616763874249532,19.819027183888387,0,2
0.001101714091997382,34.94856605400808,0,2
0.002455189657997378,32.48520151755412,0,2
0.0019210721173886034,36.525059796019654,0,2
0.0013993547565695917,18.914051815072618,0,2
0.0021067937977460537,21.760685421976795,0,2
0.004102058879111252,73.89551618170324,0,3
0.4362674002589933,1227.6456093637703,0,3
0.002446525151482372,120.49485203932866,0,3
0.006136954050230895,96.49818462465763,0,3
0.0007629227941896408,46.760626678939175,0,2
0.0008322000987646964,52.02285638503166,0,2
0.0023173552562789205,102.52721129399865,0,3
0.0006727280294241022,8.90102543857016,0,2
0.0006878732334759566,32.03158743818522,0,2
0.0018006984120979663,34.23641235597167,0,2
0.0010506394771529711,77.99170131893031,0,3
0.0005136335370502118,24.933754112982484,0,2
0.20991982845615922,560.6678693415121,0,3
0.0008974338602953234,39.70534546551755,0,2
0.00048477153638560883,6.41412812984309,0,2
0.0013441012562736528,39.086146113400794,0,2
0.0035094094652802265,111.32546038831879,0,3
0.0006203652594955415,24.714482994554068,0,2
0.30287639365780655,857.5111451534,0,3
0.0032833718066830444,79.1269218038317,0,3
0.0018620123337742163,102.03395726922862,0,3
0.00047422822923525885,11.428562533030927,0,2
0.0009671228426593815,21.49574815891245,0,2
0.12905777213362052,541.0844292266873,0,3
0.00013736441154976552,6.3965276526564665,0,1
0.002610001197093992,163.15753584111627,0,3
0.0024458250871274905,33.05842368516883,0,2
0.0005400373100940249,33.759048415498796,0,2
0.00033046464967519405,11.462028672034103,0,2
0.2881684193772801,592.19065556137,0,3
0.0009949277726069424,48.29763372700826,0,2
0.0010521807390721438,37.85765975182603,0,2
0.0005344480471007946,16.95375688866302,0,2
0.0029098284313968975,143.31319916680908,0,3
0.002248386021090541,110.73621735482563,0,3
0.000262792622396327,19.50777993826387,0,2
0.0003003233452283145,9.076282618355357,0,2
0.07236062796289054,446.9088608210459,0,3
0.00044422420460452636,10.807584258702834,0,2
0.0035528503897271223,165.4424570909148,0,3
0.0029226110752756267,182.6995412089668,0,3
0.0007463665862823172,17.986903094418505,0,2
0.0010374047609047372,18.688069224647744,0,2
0.0010582076258365174,46.818491274953075,0,2
0.0008350729227659488,51.182811011205395,0,2
0.0011420123530483382,27.521684256025186,0,2
0.00030023892357412514,18.768666845243363,0,2
0.0009713183087998113,59.53348513128388,0,3
0.0010841647719292608,32.765304566696116,0,2
0.0008577916968037043,47.004995482581606,0,2
0.002972487824059909,138.41722429608672,0,3
0.001357822668743693,26.46534367218693,0,2
0.0013762235090309283,18.281021614036792,0,2
0.15981628829534603,401.64187842199743,0,3
0.0006189047912430823,33.9145471154945,0,2
0.0033716265151388686,134.32087773603965,0,3
0.003732802321515799,108.54900720478416,0,3
0.0012841250098497526,44.539340882120314,0,2
0.003707959801932602,112.06085585606448,0,3
0.0011800181705969978,42.45727444395873,0,2
0.2150123204829733,986.855865000186,0,3
0.0020331043915962476,59.122194062996094,0,3
0.0014187872512350572,31.53466353846191,0,2
0.0004224673657333613,8.23431828160722,0,2
0.0012498379087874593,81.42664887599528,0,3
0.004301608493229241,73.09859091147655,0,3
0.3729825824579535,781.9732077588873,0,3
0.00040291693387325245,7.660600020864551,0,2
0.0012694548856584504,17.15829054177867,0,2
0.0009875249120142834,31.32625775435004,0,2
0.0018180179425525776,88.25360706180857,0,3
0.24861027335153393,665.2491675471367,0,3
0.0003238958432257606,9.418814389730581,0,2
0.0006836262929799795,50.74735798081879,0,2
0.2642261907746337,653.304305766105,0,3
0.0009662764352399096,28.09908982484707,0,2
0.003534155736004371,164.57191960492923,0,3
0.002820426887003905,172.86798840309564,0,3
0.0005769605849459804,42.829285013959726,0,2
0.21127435960357593,635.4663053307181,0,3
0.0015601620262660717,28.105149549438412,0,2
0.06401955425342139,316.90416084011974,0,3
0.009752401012274592,100.7307553136511,0,3
0.005603832031883548,75.74288715310344,0,3
0.0009084792821224384,12.276557098408082,0,2
0.0007696535197097971,27.692277565984792,0,2
0.0010188465658810557,40.58942008938869,0,2
0.0006327327717858824,41.22239282254459,0,2
0.00033440812960562947,4.518958855819087,0,1
0.00028142913806082523,6.782241766020118,0,2
0.0014363725148626237,14.836027369237014,0,2
0.00046527525609705363,28.517384352647987,0,2
0.07815381427156018,526.2463218439016,0,3
0.0018332177637961692,114.59891027412931,0,3
0.0009555361412368461,34.38036904896904,0,2
0.001006060992320462,24.245353300285323,0,2
0.10895484217060918,340.4768806401692,0,3
0.15033562206231182,361.4364735238447,0,3
0.002474785961829874,161.2317294429511,0,3
0.0013201776142655651,31.815340144706475,0,2
0.0009161716192247638,28.87096512096068,0,2
0.19216269480157275,537.6967329274938,0,3
0.0009780529788049155,12.991935923108771,0,2
0.16367204424566492,658.8393808811796,0,3
0.00798036787209175,105.59015580106842,0,3
0.0024280856515862784,53.96782639446963,0,3
0.08968562258504491,327.30491625639445,0,3
0.24856377525199252,1148.8896811994287,0,3
0.0008899895990865579,25.880686701941354,0,2
0.004256134651943283,134.12194015608432,0,3
0.2906549129855075,823.8519761353073,0,3
0.0008514486353501535,30.635281122583404,0,2
0.0014067499653827118,62.23911959455682,0,3
0.0007699555663131396,37.92140946662479,0,2
0.0015532256852408444,34.52275832104454,0,2
0.0003451912604673262,7.6723908012134014,0,2
0.10305428479477934,380.79237897839505,0,3
0.00449361795953273,130.67334572027147,0,3
0.00021169678761817954,13.791996443990891,0,2
0.0006421736077637632,18.67425638215006,0,2
0.0019087249998722604,25.354488387200625,0,2
0.001444244810913306,19.516519786597858,0,2
0.0007325359315058462,44.89817250569565,0,2
0.0003835890819124171,8.525839673711248,0,2
0.00027811754310088553,11.079813358735302,0,2
0.0009462743364165721,17.99137388347332,0,2
0.0003601093475634752,22.51131296308475,0,2
0.000387428938762313,15.434626249744289,0,2
0.0003610293104449942,4.776865145772689,0,1
0.00017508882446159418,10.945229137932348,0,2
0.0010660689397754897,51.75110053074956,0,3
0.0026598442603494045,163.02565007829782,0,3
0.0011519542766587456,34.81401877176529,0,2
0.001480380057883274,20.009211380711076,0,2
0.0021272922947153795,21.972410624818224,0,2
0.0014348675067674265,14.820482417589561,0,2
0.00036682141621433885,18.066477773515842,0,2
0.009021853143951363,93.18506082504707,0,3
0.0005641792370815393,10.99642666585472,0,2
0.08487062361269644,495.4542663690042,0,3
0.28229248515694383,931.1081192095194,0,3
0.00040378279594090617,5.456439841030207,0,1
0.0004025278880528257,14.483028685702003,0,2
0.0007453465396460516,26.817707877834852,0,2
0.025110435302086908,77.73503217971219,0,3
0.0009336225066415586,32.382307609905816,0,2
0.0003102089139121009,11.161374732276471,0,2
0.001658339529529793,17.128683814967538,0,2
0.0013936798463463768,21.914385217751015,0,2
0.00024024752808290612,13.165007325575262,0,2
0.0018483420907691045,89.72565824378309,0,3
6.460803302304411e-05,1.878786294597429,0,1
0.0031795907420214885,140.6752680463603,0,3
0.00021652960383238435,16.073555730614185,0,2
0.0024230304679986625,148.51099483287555,0,3
0.0003500373162635844,8.435649991279067,0,2
5.888566157068204e-05,1.7123810883987078,0,1
0.007948399650650051,107.4091441295204,0,3
0.0019829118507442957,62.486741216913195,0,3
0.0005286926268680371,24.61916423157246,0,2
0.0005116912141732551,25.201521882688503,0,2
0.05678092950802147,181.11949896394822,0,3
0.0002152679931170662,6.783657767308879,0,1
0.001649675040323175,21.827244974259656,0,2
0.00037240040872900827,7.258462410113496,0,2
0.000644404212463796,40.28327784228285,0,2
0.0007422185552201343,32.8381237322992,0,2
0.36007913753333154,898.9991150105894,0,3
0.0012589497174862077,38.04760309098393,0,2
0.001785948077888419,23.630306123648424,0,2
0.0005056194622817311,8.59215111937509,0,2
0.003263629108590391,79.40122626061532,0,3
0.00046808080600616714,18.64768367191219,0,2
0.07782824656216955,314.52920360215353,0,3
0.0023437631906211205,31.671985482800945,0,2
0.0009367690648057916,28.3107554420921,0,2
0.001093483187273387,33.046922937569725,0,2
0.0017249090024773436,128.04448209779187,0,3
0.4856156434081354,1000.4300154665701,0,3
0.006525402990923405,110.8882327428991,0,3
0.08406207153401239,360.4922024415653,0,3
0.002000292060814681,31.452826761912885,0,2
0.001024185969955239,17.404315467777284,0,2
0.00021175371196001508,8.435971281701187,0,2
0.0007110283588309904,11.180293233784072,0,2
0.005647167215610329,95.9640950012888,0,3
0.0008784277210119723,21.169482374599138,0,2
0.0013437815333031192,42.627427587548645,0,2
0.23205628879653156,693.8579384426914,0,3
0.0011196340271895785,72.94389629294395,0,3
0.12306430408405607,568.1075170287271,0,3
0.0012977559177710732,37.73843464900644,0,2
0.0006087047218145654,28.345017035062423,0,2
0.0006403536392625308,6.614094895151939,0,2
0.0004682079152349717,21.80262589999967,0,2
0.001218945890390916,16.47198688812494,0,2
0.003725258159827675,89.77606816011304,0,3
0.0003431346985096403,22.355145748316684,0,2
0.002307937304691253,43.88047033544048,0,3
0.0012479733601951201,19.623279355372095,0,2
0.0021703012322642572,48.23818305174769,0,3
0.00034121378192928287,25.025610550036838,0,2
0.00030278420239066744,7.296883605212331,0,2
0.4245972431007546,1026.687089636589,0,3
0.0035435840959709905,112.40954776338556,0,3
0.0017264269607899653,22.932938129708937,0,2
0.001213495350851202,16.40192655621843,0,2
0.0690144414595724,293.89916509135435,0,3
0.21106962084360956,730.7230787613906,0,3
0.0023583707423912924,129.23324684235462,0,3
0.0018277001835512005,24.27819779289036,0,2
0.0010805590331978703,14.297134981286137,0,2
0.1663843303693688,345.76341096824683,0,3
0.0015660305360934337,21.16688606988282,0,2
0.00035066478859463083,26.030759408782746,0,2
0.0024926627957534524,152.7788595601128,0,3
0.0016291349466206547,39.63542063196405,0,2
0.14033279450487868,433.5149521152225,0,3
0.000520321522065439,12.539378058105228,0,2
0.0009055185333006848,12.028426901991466,0,2
0.0002238248571318786,13.718544871801372,0,2
0.0005828394418032106,43.26568785059051,0,2
0.0006203421550703675,19.678489128932714,0,2
0.0005060926920798342,37.11830906301008,0,2
0.0028507740479190406,178.20883355001953,0,3
0.0012130231503536715,42.073202513069226,0,2
0.0013081179573468146,13.51130964744469,0,2
0.0014365270477206394,25.87795807633407,0,2
0.3595570568267756,1013.7586876792118,0,3
0.0020402333241147474,27.576337326885056,0,2
0.0019354361405832955,93.95353953681983,0,3
0.003293841224674207,44.5106791795319,0,3
0.0006667502264530214,16.068205533059274,0,2
0.001135009812444406,39.36734239521405,0,2
0.0005187252844248043,16.346391090635667,0,2
0.005217362798605256,126.93384887558507,0,3
0.08451096447382192,571.9629214924506,0,3
0.0013961677299410388,18.870975113824798,0,2
0.0005585525825085747,27.50951108954522,0,2
0.0020808213196402726,28.12493549102868,0,2
0.000764143746260484,14.89393815942657,0,2
0.09080343477701305,307.9919095750701,0,3
0.0011123384949565931,21.680607657012313,0,2
0.0013715658583676913,18.53438697593627,0,2
0.0015696108314131741,29.842778391775127,0,2
0.0003971845395097233,19.561904888463943,0,2
0.001104180978588028,20.993629496521926,0,2
0.08580982701052368,719.4663794028671,0,3
0.0023289202943012877,73.39037269367157,0,3
0.001823188506853206,30.98201777933535,0,2
0.0005505238691892202,21.932099831375023,0,2
0.0008715108746437237,27.463588192862435,0,2
0.0004978042251828431,8.459344328504416,0,2
0.0005521265301967128,34.5147750275753,0,2
0.0007054997575072061,28.106122147704134,0,2
0.19603595802772256,1305.2304455629887,0,3
0.0007086720704629785,15.751294129335774,0,2
0.0024242463772759814,32.766760092132294,0,2
0.0009142128366247902,40.447701065405425,0,2
0.0014372199682521566,19.425848107178275,0,2
0.3401367507293239,811.768760697835,0,3
0.0026962041533602128,52.55175890904589,0,3
0.0011105369333051839,18.871704644329473,0,2
0.0008106825548225884,25.54672866232092,0,2
0.004576661428476516,111.34614795663752,0,3
0.0007886638029577524,49.301296428883056,0,2
0.0012066891078790969,41.85350888918294,0,2
0.00020607839551114285,15.114388521115387,0,2
0.0016897131648084941,28.71382916099569,0,2
0.0022483328395143496,104.6961364888817,0,3
0.00014380175656117386,5.174014092301838,0,1
0.0008794825006084682,42.69347469555672,0,2
0.000687346282342587,32.00704936854863,0,2
0.0037236396594759725,133.97725127639032,0,3
0.0005161345164001835,8.77083675304599,0,2
0.00035513566439438133,12.777847616025712,0,2
0.0012150350212510855,29.28147854585406,0,2
0.000659087437150016,19.166106533797873,0,2
0.0010999410889763364,43.820112300650706,0,2
0.0008647267482301128,11.687877177048227,0,2
0.0012986507256823737,39.24743512651253,0,2
0.0006810139209997163,44.367898457093986,0,2
0.0007966142454221419,49.7982979638941,0,2
0.006970630478917009,92.23007887574998,0,3
0.0012463429411669015,36.24335746914673,0,2
0.18844990260584984,1251.0667134410612,0,3
0.007613671301448256,100.73830578029799,0,3
0.001240826522519657,54.898135583169406,0,3
0.0022425510328492326,104.4269001867094,0,3
0.001095085310237846,14.801464891246422,0,2
0.00390616796081115,155.61626020103228,0,3
0.0025628448125862998,40.298472151668484,0,3
0.001281512854329551,24.36521419996554,0,2
0.00032789681913582476,6.234253684416985,0,2
0.000838959860283249,18.647134651990278,0,2
0.0015372523586433993,34.1677273046593,0,2
0.0013406957307671202,73.46701652982566,0,3
0.0012857169228331277,13.279933484433057,0,2
0.00023089644990849896,8.307697445829358,0,2
0.001737582375850915,22.990367953451077,0,2
0.00010641404099972407,2.5889600397561434,0,1
0.00020937923238374044,2.7812824353166685,0,1
0.0010406394969623032,14.06556076931251,0,2
0.004778209141735313,90.8473831044972,0,3
0.2378127870579087,858.6100316082714,0,3
0.0003497231368643343,15.472870571111912,0,2
0.0030232925007595444,95.90486173397633,0,3
0.00018322729445712722,8.894559987297786,0,2
0.0004743800666065753,20.988092003093158,0,2
0.003457547401860171,108.95636619658676,0,3
0.0013394024328165616,32.586483354421546,0,2
0.15298446378318495,935.3173032741586,0,3
0.00046024980951785935,13.383955427103162,0,2
0.000354804816622731,26.02241653860844,0,2
0.0007875565550878871,23.801299451036115,0,2
0.004344939321416085,68.32033503740656,0,3
0.0008789364703202186,25.55926433591433,0,2
0.0012976049833620877,13.40272307386743,0,2
0.0030585629371563845,148.4744486353188,0,3
0.00020670424531072992,12.669198143690942,0,2
0.003808844324909983,92.66583302545084,0,3
0.0008919785264454619,25.938524238359243,0,2
0.19040059254540645,880.2094657754296,0,3
0.0005178887415730926,25.50675894375065,0,2
0.000558426074948084,22.24691264021238,0,2
0.0005465661677079454,26.532431099359496,0,2
0.0002985790476817825,19.452355466558323,0,2
0.2901060114254956,1148.539823953025,0,3
0.0014529358182766067,19.300027156508893,0,2
0.006969014177046224,118.426657652834,0,3
0.5166453440999947,1234.3646633106023,0,3
0.0018723308936710562,25.301377340785955,0,2
0.001222681809225254,16.526093175775127,0,2
0.00100746618433002,44.573527547185066,0,2
0.0014290943738001808,31.763754716055956,0,2
0.002473043208295444,32.85059152574024,0,2
0.00021542602612204507,9.53113668635663,0,2
0.0009987253488056376,46.50676429920716,0,2
0.05216943011216521,200.97454462190032,0,3
0.0007945509732999165,15.106680039797046,0,2
0.029037691229401686,143.41579785398426,0,3
0.0006358003267317647,28.12984080148954,0,2
0.006364821994502723,100.08120688234534,0,3
0.1694958161255563,581.0482752907116,0,3
0.0010755848051521865,47.58731328899859,0,2
0.0012597862366512847,38.07288412383916,0,2
0.0001679202891497582,12.465159858874737,0,2
0.0004126572909768848,25.79621297401052,0,2
0.0019838017711955877,20.49032341405773,0,2
0.0023219142087982122,31.37673354016516,0,2
0.001076101385818879,14.29435884793316,0,2
0.0023202900329828994,70.12311373894607,0,3
0.00036724629399623664,22.50904938686801,0,2
0.00037555450537644046,7.1403622182520605,0,2
0.15584797222597527,516.1325239382795,0,3
0.0009622621116197965,23.410990987190107,0,2
0.00021004707160028938,13.684517829372641,0,2
9.998858825326701e-05,7.422412996970311,0,1
0.0005898873917038655,36.15503995443756,0,2
0.0029130038168152903,128.8806094868772,0,3
0.0009790873595249465,13.230705542845456,0,2
0.002380445637368079,31.62057461030298,0,2
0.0009637644628839644,18.784748786720563,0,2
0.0010249417452015128,13.853385773093839,0,2
0.22037072112528036,730.4780833103974,0,3
0.006073295821528348,80.67443366083636,0,3
0.0007637971586617619,14.887182814915212,0,2
0.0019607497597548544,33.319639570568846,0,2
0.0019018033275123758,46.26920256150758,0,3
0.00014167064532238298,9.229809570980978,0,1
0.00043955149778029365,7.918190785197326,0,2
0.0005217119433110683,24.294100884357388,0,2
0.0005303198568985926,38.895199750302005,0,2
0.002640453943664749,50.202559970569794,0,3
0.0013792777463240583,24.846654820477625,0,2
0.01742070985674132,85.53556122661709,0,3
0.0005583238770103481,27.498247017662422,0,2
7.217002960949629e-05,2.1811011222350545,0,1
0.0014996952188461156,20.270280243737076,0,2
0.0006863082411242505,27.341559016506313,0,2
0.000437373258799118,28.49476601852848,0,2
0.0021650938810515007,75.09537908714084,0,3
0.001759561378995124,34.295639393396605,0,2
0.0007381045631646395,11.606042643562548,0,2
0.23063444969318428,650.8387243287303,0,3
0.0008206864160438469,40.419976149426795,0,2
0.00244447009572577,33.03286854865667,0,2
0.0015789715508483552,20.9742188384309,0,2
0.0006864305188729946,42.07230597709994,0,2
0.0005652272143805198,11.016852808396463,0,2
0.00035338038212142243,26.232344980095057,0,2
0.0013246587408157467,42.02081450958539,0,2
0.004818169225233466,140.11121964030403,0,3
0.0010480375126839673,13.866834965924744,0,2
0.0009257469203022828,12.509899949743398,0,2
0.0013470408596654648,40.70986733149719,0,2
0.10938248203674641,450.89840947442985,0,3
0.00019230195289400955,4.634340088562898,0,1
0.001457635988121692,35.12798904339563,0,2
0.0035533609281648455,141.56092219615027,0,3
0.0005757911991207588,5.947241332404907,0,2
0.00025381700024989433,6.175144415946533,0,1
0.001250380072003333,21.248103241171307,0,2
9.609266919235064e-05,5.265655401102904,0,1
0.001467215767085553,46.23580816910072,0,3
0.10083472052020324,487.77300625952404,0,3
0.0007806574145955668,36.35218673726681,0,2
0.07549144210675439,193.62261561207035,0,3
0.017663651993929972,71.73591218325457,0,3
0.0012892281866162284,31.069480983554573,0,2
0.1235537951511829,384.03886147768435,0,3
0.0009521287321577211,28.774950730354004,0,2
0.0014623166824048026,19.765061983890174,0,2
0.0009133107488939443,50.0473107701078,0,2
0.00181658199308033,18.763141099494312,0,2
0.29261880348080044,1087.5161465628255,0,3
0.0012771049171639713,69.98238743247299,0,3
0.000646572521316737,12.293187637150966,0,2
0.3098303787034059,823.1198421932079,0,3
0.008056217567438566,108.866120460993,0,3
0.0024060410674579926,31.96057069932761,0,2
0.023172145089506466,82.26500192255766,0,3
0.057058814017580034,246.38387016723397,0,3
0.002175848398049906,28.902813629180457,0,2
0.0035043484620664415,47.36570771523186,0,3
0.0016402029068517106,21.787583626351385,0,2
0.0009168905543409172,45.15816713129871,0,2
0.003779355402111427,114.21855240288966,0,3
0.0020392571858958274,124.9889827624102,0,3
0.0006351036505240743,15.305545594945675,0,2
0.004086809455004954,42.21190276194405,0,3
0.1898486463661701,1255.8946479632375,0,3
0.00044333433991545677,27.713910068275297,0,2
0.022255271228143705,81.37016773551716,0,3
0.5365977922164389,1502.437153951571,0,3
0.0002458918207109245,11.936537927819167,0,2
0.0025606526734599077,92.1327620385209,0,3
0.21500856451160055,912.1064142607165,0,3
0.0033797134121176927,53.14300973276707,0,3
0.0015752420982751405,26.768586195046367,0,2
0.001275076385609761,44.225493120844824,0,2
0.0001277173474755638,6.998614422948862,0,1
9.02348378158412e-05,4.380347263627166,0,1
0.00025489366947358867,18.694642601622338,0,2
0.00031811950058315827,5.730684369930658,0,1
0.00041180463377507223,26.828976048935704,0,2
0.0004503615418707556,10.853392367725965,0,2
0.000861667676177378,53.86494646652802,0,2
0.0022163563278552677,144.395098935226,0,3
0.0017117748573733812,23.13173474585792,0,2
0.0012267757028609095,29.846374055646347,0,2
0.0022158856803486462,135.814795220595,0,3
0.0006984856105712825,30.903238330342564,0,2
0.0007468377345478938,26.871361349259722,0,2
0.005759778783530046,109.50982140444256,0,3
0.001994921995069066,38.88305698089183,0,3
0.0008307244473235825,50.91628674645458,0,2
0.000795177079438662,49.708457215652174,0,2
0.0015046106134236044,23.658673598331355,0,2
0.005703995991743183,75.47093506341909,0,3
0.002141961731024553,28.340807908085427,0,2
0.026501608651367917,80.48862794759641,0,3
0.00044192939119812996,7.961026752869775,0,2
0.0014153133877326655,19.125560657859605,0,2
0.00011794663090206128,7.373131353414073,0,1
0.0009496156820953679,32.937024236294164,0,2
0.14455825371181336,969.0771889010268,0,3
0.5024151384883372,1421.3658694033377,0,3
0.2667919960558435,562.4179907627166,0,3
0.00024771638157811685,7.486410644134536,0,2
0.0018031192173633007,64.87656662781606,0,3
0.022141236986734772,106.1543134274573,0,3
0.0008904656589215085,28.247344865330195,0,2
0.0010852415163006073,18.441851638770462,0,2
0.0005377686990175342,33.61723200812158,0,2
0.0024845797436875467,32.874068769887714,0,2
0.0011811579029726508,28.46506412592735,0,2
0.0018319799462408898,24.761529172428226,0,2
0.0008884984107660683,28.184939834293168,0,2
0.19726125683331922,528.8402194766958,0,3
0.0007962271602985142,51.87401418321299,0,2
0.0013061368183228217,17.65022443991422,0,2
0.0013236044627151409,32.20213263418204,0,2
0.001189390029902865,35.945390947366,0,2
0.001546786041115455,34.37962762218548,0,2
0.35245920441921036,1307.6060073699607,0,3
0.00020194045072646002,9.802968810788897,0,2
0.0008647825815992148,31.115039002100612,0,2
0.005515844145732206,73.26954189206678,0,3
0.00027917788066848586,8.856078608989733,0,2
0.0005490807664669666,33.65394366623872,0,2
0.00016197405035749845,9.927620668992617,0,2
0.0010874810685173187,20.676116578396833,0,2
0.001378527969959162,24.833148161227317,0,2
0.0024078696618161297,95.92615463098008,0,3
0.000893975384792004,21.749634973058882,0,2
0.02629537245647904,119.00762618987706,0,3
0.0005207433470218771,32.55293576123408,0,2
0.0023339999781317763,30.881711881037347,0,2
0.0016476837812395605,21.886955585541703,0,2
0.0013129000447067278,96.29190539778965,0,3
0.0004096034275646098,18.122166228451672,0,2
0.0013358565501059951,42.37603133079436,0,2
0.0014151679809078772,14.617009640305726,0,2
0.0011734086745212467,12.11992225579611,0,2
0.2402895038370427,722.0000611623751,0,3
0.0016296405522255718,30.984114587519656,0,2
0.07902763428522643,246.4246439309974,0,3
0.000827992643705635,40.779818279208044,0,2
0.08843533489089299,526.9190453088572,0,3
0.0018675619033543746,36.400679366391415,0,2
0.0011587793371551616,27.9257566299203,0,2
0.00014734419036101739,5.110571845538021,0,1
0.00022305107338885875,16.359214050017894,0,2
0.00017218842123514996,2.326834553716512,0,1
0.002271356279095956,105.7682487360168,0,3
0.0006484259039668791,23.33048528173559,0,2
0.00012534057463835046,5.836624221868396,0,1
0.0733484350776918,364.6617466912101,0,3
0.0007999654478092175,35.393031031044494,0,2
0.00036991678065717944,17.957188123155056,0,2
0.00039669256288286296,24.313853224139294,0,2
0.0018091381637973416,28.447100485469935,0,2
0.01803404208768758,141.85182596126828,0,3
0.002251561992733841,30.426042627879287,0,2
0.2505226008007178,1187.5921672545744,0,3
0.0015854870495903347,30.90275381396691,0,2
0.001430251511480951,78.3744656035091,0,3
0.0003650109321165503,23.7803772764332,0,2
0.0018251573355455718,32.87884143003408,0,2
0.0029161402766273025,30.12027625766347,0,2
0.0005495604561255602,17.43315261290185,0,2
0.41139241842208296,1398.989876060109,0,3
0.0032680135163945506,63.696904483673656,0,3
0.0005083350063060948,9.664898227235227,0,2
0.0007656768625836876,30.50349372406154,0,2
0.331914537566982,1007.6090094574903,0,3
0.08084855882799269,266.22446769365956,0,3
0.00256880327339437,140.76446147878096,0,3
0.0005694383969714602,35.59698201158832,0,2
0.0006922773033697176,30.628562955253553,0,2
0.0013314040419797587,13.75182733026165,0,2
0.0005430348691076229,33.283381990126074,0,2
0.0005467401253001707,33.51048242923877,0,2
0.13427774877354212,1113.3242323855668,0,3
0.0005864957730691733,7.9272331687677715,0,2
0.00024481109043865667,12.057295263087422,0,2
0.0011696812062492988,35.34975675376343,0,2
0.0009453202755468514,12.777200770277073,0,2
0.0004065806049270323,14.628846196702533,0,2
0.1467983146697699,392.48277235952344,0,3
0.00029228323279739053,16.016443255943116,0,2
0.0009022795913066428,35.945555097353875,0,2
0.001428281347382034,51.38982997042034,0,3
0.2616520659779375,644.4478844586843,0,3
0.0024621403874262138,25.43099495206698,0,2
0.002043921166134576,64.40930439146001,0,3
0.00021829098930463954,6.597125210040117,0,1
0.0004222073328267137,31.341548564036017,0,2
0.0004677631696337933,16.83020631612002,0,2
0.0010556035137047476,46.70327702196195,0,2
0.0015697601301465254,49.795918919320236,0,3
0.0006860313486931332,12.358340560799698,0,2
0.0004373890419350192,28.49579428615915,0,2
0.12841040399227324,862.0648168695315,0,3
0.0002125586279926585,9.898030548277625,0,2
0.006229783364479421,105.86467511954831,0,3
0.005490939417221061,133.58972743027468,0,3
0.00961452084601988,99.30661645060309,0,3
0.0024482609142145997,33.08409503289646,0,2
0.000986063698694961,13.098346068330777,0,2
0.547845853876399,1140.3278185933932,0,3
0.0002447919519493235,9.752168486312106,0,2
9.0045467362273e-05,1.4158854804870638,0,1
0.0006449232375306659,30.03157277903165,0,2
0.1568103649313035,913.9003235577135,0,3
0.24040073990545152,829.9467559826766,0,3
0.0006515964737285453,48.36970118162213,0,2
0.004432510656025889,140.6080693461653,0,3
0.05043757581400961,162.3750955565052,0,3
0.0014006119636962417,33.75375067280711,0,2
0.003390392249365411,117.59434242017679,0,3
0.0009166391032527225,16.512566416859677,0,2
0.0008775886656160991,19.505717486029543,0,2
0.00013149052319173218,4.731053613442804,0,1
0.001612814024643045,55.93978239816836,0,3
0.1518961918489502,738.8837236429354,0,3
0.0007363585945005806,16.366668435325135,0,2
0.0006058911359793345,10.296099320883247,0,2
0.0009181213726276091,22.126071104850798,0,2
0.002101817524740987,28.40250004670983,0,2
0.0003662170109189106,4.845504851368934,0,1
0.235839706125776,702.6060929777306,0,3
0.0024772226836506047,183.89068357425427,0,3
0.0006403680817498091,20.179673944079653,0,2
0.00036784358383552514,12.75850142788527,0,2
0.0014453644410329196,35.16444583406438,0,2
0.000800266761942365,25.386056140812585,0,2
0.00010769276731035876,4.290329004710261,0,1
0.0029879376810207285,94.78333641089597,0,3
0.00015271111250990526,5.2967213039190915,0,1
0.04909656855507082,312.41429539959523,0,3
0.00218177932745513,96.52889840553065,0,3
7.292708079760205e-05,2.5294454093393686,0,1
0.0005867546241815881,36.679461577044094,0,2
0.0004616365019441949,16.60976766694853,0,2
0.0005682932059180092,12.631164414691533,0,2
0.0005494660390797932,27.061985869812016,0,2
0.005983121640958048,80.86946658928586,0,3
0.0012471706568669971,16.501613218813908,0,2
0.0021693558787985044,105.30890637740268,0,3
0.0011092449075241493,18.849748842409426,0,2
0.0008775850875498058,53.78844225189074,0,2
0.3874819703041886,797.5913166836083,0,3
0.0006725673178468866,33.12489937058089,0,2
0.0003003853852373569,18.411048884458793,0,2
0.0011495232539908396,15.269655920092397,0,2
0.0008690894827373927,42.188957499157425,0,2
0.0008001574738185586,17.7846937183068,0,2
0.0007214529229634923,25.95801108143982,0,2
0.0014811135360109971,32.919958210584674,0,2
0.0013512705248474443,42.864993320406114,0,2
4.342088162910927e-05,1.9210787354666878,0,1
0.21843116779592978,1007.4048361050229,0,3
0.001766758041903779,34.435909666941726,0,2
0.000563854730388474,36.73500445586095,0,2
0.0013700667547837774,66.50832766554936,0,3
0.004549525841882343,61.49260371853044,0,3
0.001108755849589425,44.171280016667545,0,2
0.0008340843458262453,24.254975181146246,0,2
0.0005588011464175804,34.24971962353055,0,2
0.0006017946436951203,36.88485241957243,0,2
0.001690638441835453,32.14385843329493,0,2
0.0005067102274207931,33.012053387064476,0,2
0.0004902468877545212,35.956131715849004,0,2
0.003247162415453276,157.6297951586354,0,3
0.00243320917280071,32.88069626912236,0,2
0.0014976471712791358,19.815727881845604,0,2
0.0023646607053668684,31.954379961177644,0,2
0.23642260712158164,1107.3690465038894,0,3
0.0010924544281117209,53.03195396198149,0,3
0.0005295081296328436,12.882467158154462,0,2
0.002665193974134281,27.528298081061166,0,2
2.7325611340385345e-05,2.0041397612359075,0,1
0.0009929327348923486,35.725905481935655,0,2
0.0007054912731816034,43.24056680667778,0,2
0.0011368274049865959,22.157921399830396,0,2
0.0016049729444800908,38.67870474390082,0,2
0.03247919604965041,140.5492064097949,0,3
0.0306011623595764,92.55314855677388,0,3
9.687078966795476e-05,1.7450546704472552,0,1
0.0010123313206306184,36.423870224374916,0,2
0.001561449263805766,20.65990862617954,0,2
0.0007435590412401074,32.897431122926534,0,2
0.001421606150007408,25.609169287360732,0,2
0.0020256412023154442,20.922475198350863,0,2
0.00026720284662280704,8.420260902205374,0,2
0.001118135870805042,35.235387179776545,0,2
0.0013279078486186217,29.514733220092488,0,2
0.0007908364151008856,49.43711170897058,0,2
0.11155785645510573,430.41214159178776,0,3
0.2709934130015688,932.8207271433159,0,3
0.1725652438126246,435.2321898444807,0,3
0.0018046961101425025,23.97262390868065,0,2
0.0012560090357670104,39.58013138840162,0,2
0.0012146452531795657,19.099224295214633,0,2
0.001852792210845482,101.52871591724433,0,3
0.0003519101267087892,21.569073810471966,0,2
0.004268427283583342,124.12485421157722,0,3
0.002298201871556207,31.063108962212066,0,2
0.14120559463244334,499.6568023203816,0,3
0.00030516203379298235,16.722171680308353,0,2
0.0007014362292302785,27.944236872923142,0,2
0.0037313379301527915,50.42270534332659,0,3
0.00177857292798149,115.87361232113778,0,3
0.0007738512555590724,26.840708341499454,0,2
0.0014762847462059232,71.66455888772472,0,3
0.004996062893071992,120.40155704038264,0,3
0.0008694072613625669,34.63596751655531,0,2
8.357821612734862e-05,6.129869302006452,0,1
0.0013946296422851462,18.85018591117043,0,2
0.12203856362094204,463.5497829916834,0,3
0.0004818069577225341,21.316681429613,0,2
0.0021313359859988943,138.85604345052536,0,3
0.00020155043873876073,11.044496580847385,0,2
0.0004479580540626933,14.11633048122679,0,2
0.0003557466851548038,11.210508952124618,0,2
0.00021377453476769255,11.714348691516712,0,2
0.001013820912775939,35.16395590864881,0,2
0.006217603673609139,82.59134246645748,0,3
0.0009327455127834637,12.607236925617693,0,2
0.002879081423160752,179.97839656620124,0,3
0.0009774332339900617,12.93265286968543,0,2
0.0006637868643885081,11.957622848468322,0,2
0.0018049591195327367,23.881845762088417,0,2
0.0038657431402906264,116.8293368754681,0,3
0.23264315462398774,1078.1944885325286,0,3
0.0011103716906016026,20.002513773847415,0,2
5.186041317052865e-05,1.508088529211169,0,1
0.005158468338562559,92.92594080649599,0,3
0.0005794228815962638,43.01206769925144,0,2
0.0005846099055372454,18.544990980785595,0,2
0.0007950997196824861,27.57770246555671,0,2
0.15019353975791408,601.8383045902431,0,3
0.00021062240847855197,11.541619481693775,0,2
0.0004932286691416907,14.342972852236768,0,2
0.00025140789444723165,13.77656951776459,0,2
0.3844460495869322,1139.5005446724897,0,3
0.0014785548203372593,19.563112420644686,0,2
0.0007577410612610131,35.28506108114727,0,2
0.00036316934626486817,17.629641617921845,0,2
0.00011041861027616917,2.6610098567657063,0,1
0.0003385455258994597,6.598596339461857,0,2
0.1381120203082351,927.8716757160034,0,3
0.0007759945821730224,56.91369818826777,0,2
0.0002116718268243212,11.599125173094178,0,2
0.0006951169307911159,9.393326693142145,0,2
0.003279446242420691,44.31615540222243,0,3
0.0008368931801983258,16.311898556938154,0,2
0.0005057478154493896,18.196900975773804,0,2
0.0008723207309084238,26.363017105966595,0,2
0.00326861705160711,103.00267647515388,0,3
0.0046736115882401496,73.4884162753295,0,3
0.04009778934960627,134.66287803975953,0,3
0.0006806185368484791,21.44807110992922,0,2
0.0031199850216580317,108.21538040365375,0,3
0.0015689203334768684,30.579851681342987,0,2
0.0008816178315322187,21.246361765829615,0,2
0.0013645754924358538,30.329726313326173,0,2
5.1662138653336e-05,3.1664461953456207,0,1
0.0006740000603070794,14.98065697177982,0,2
0.00040046378046455154,5.411588974524176,0,1
0.001144636067917051,33.28574568950903,0,2
0.0018250639155130816,32.87715853816782,0,2
0.006088645462430133,82.27771963809393,0,3
0.00033331509658872724,10.573418961002904,0,2
0.002993062556237228,107.69095048240604,0,3
0.002994121907805898,147.46477306811516,0,3
0.0035730150853929992,48.29382409563308,0,3
0.0008540288606400156,26.912684185409894,0,2
0.46019385190166506,1112.7227328552783,0,3
0.0006705881954550164,16.160697852231976,0,2
0.0007682741043196331,24.371185298828323,0,2
0.0005617312266441385,34.42930842158051,0,2
0.27546710998528284,820.9624405372784,0,3
0.04985063558380286,134.54653180622168,0,3
0.004042189197096947,97.41388040914592,0,3
0.00048356634529243077,30.22891077653636,0,2
0.00024735292053391667,7.794737788696434,0,2
0.007846932422168796,103.82463945237691,0,3
0.0009250982006597426,36.854616532024046,0,2
0.00280620278570586,182.82345838604928,0,3
0.10976253219559098,239.39732304576995,0,3
0.002718613528281406,148.97371598712928,0,3
0.0018100833573586343,28.461962819787107,0,2
0.00037610680444813036,13.532393156806881,0,2
0.0022115210315866544,29.89150762891099,0,2
0.03799169874096503,170.3597574323269,0,3
0.0009144454271146284,45.03774112906837,0,2
0.0003745926032425605,11.320825995695497,0,2
0.00016499550467282144,12.10124989413405,0,2
0.2920324471570491,770.5294861415498,0,3
0.003241899763797941,78.8725704100412,0,3
0.005540783686456163,74.87429667938164,0,3
0.0001258226487505716,6.196944852665982,0,1
0.00019461157681898596,2.629845481173579,0,1
0.003988694985310841,62.7187073511639,0,3
0.0012313671003474406,39.06141779960747,0,2
0.0005773910473286183,5.963765870122545,0,2
0.000636968423706266,30.920905487667735,0,2
0.0016941186717165256,37.65431516268659,0,2
0.0005807713030250773,37.8371152260506,0,2
0.0010097208345091475,13.6476558878332,0,2
0.0004832424643636557,6.419136047220264,0,2
0.0006453621689425688,15.552768581715307,0,2
0.0005607998841149107,41.13069354060907,0,2
0.0006079870007191986,14.791789079387337,0,2
0.0019558897251545303,26.43632676593627,0,2
0.0023863676388997243,31.574600924255826,0,2
0.0009246112888847729,12.28204491913318,0,2
0.000753838033376308,46.203808725543325,0,2
0.028917877423096493,197.03333384879306,0,3
0.0012197524350544857,23.77421450664949,0,2
0.001646751069088416,39.685527788511564,0,2
0.0010050317264807412,61.599828607000305,0,3
0.0019899981087341994,26.43407716765335,0,2
0.0007909349648595891,51.529228882048166,0,2
0.00034203117496927195,15.132553565187328,0,2
0.0004531051255883197,24.82910998179945,0,2
0.22181226036096824,758.0806713561954,0,3
0.00121934162039517,29.66550936659557,0,2
0.00038807151585305426,7.563908213390053,0,2
0.22198326334550791,682.692947242546,0,3
7.632646196634994e-05,4.182513089481123,0,1
0.00014601023853950664,1.9730808017929644,0,1
0.4666536277479967,1239.9214512062072,0,3
0.0010101262459105624,40.24201475629012,0,2
0.002746579582512961,37.115366011723594,0,3
0.00020938144935692859,6.088762944608343,0,1
0.0010676333655269766,42.533017851759034,0,2
0.0011769977777356718,21.20273279678984,0,2
0.0007420466360722869,55.08405201191627,0,2
0.0007788311253821077,24.54300677317642,0,2
0.004474459874679142,59.43634674410396,0,3
0.0017577522138569272,34.26037692632761,0,2
0.0005777586707570557,42.374500245918085,0,2
0.094830520857516,313.61737797756024,0,3
0.0011766003437062602,37.32410716162878,0,2
0.0004031546865540492,29.56853653471363,0,2
0.0005369508559697595,32.910484143560126,0,2
0.0014477879189875088,19.568687345655285,0,2
0.08405445860132053,325.5542178080225,0,3
0.0010498702383893639,46.449618577459624,0,2
0.0030403030417137313,59.25859592622368,0,3
0.0006875294021628365,19.99319213843851,0,2
0.0008589846337788873,47.07036566200678,0,2
0.31351231501634325,896.6184612249796,0,3
0.0001377568922272928,8.443316491458898,0,1
0.0037951329198017557,50.21431125863566,0,3
0.0010300514899500587,50.731504558299505,0,2
0.0008618634012184913,8.902028461776968,0,2
0.00027807179244045593,3.6792343859674808,0,1
0.00038034435428553674,23.77625254938682,0,2
0.0012346257004025483,20.980384231752897,0,2
0.0002487902950900514,13.633131144068576,0,2
0.0029008401257254127,135.08086898778504,0,3
0.020287233786317443,193.25563037747727,0,3
0.0027315143571112776,86.64907767849604,0,3
0.0007953364430687223,39.17145383565134,0,2
0.00015657597746529276,9.787945953279703,0,2
9.118614549219757e-05,5.940756156573935,0,1
0.0005475331983735785,26.57937449985294,0,2
0.0002775361304072561,18.081414303554393,0,2
0.00021042832988081613,8.383169916124581,0,2
0.00030720686445985637,18.829147079650674,0,2
0.00039308152219277745,5.311830271192056,0,1
0.0034964741988629477,139.29463458183287,0,3
0.002861406359083179,178.87348523361578,0,3
0.002934048217388171,30.305244082169867,0,2
0.0017711472533668742,27.84972695802106,0,2
0.00021175692844416325,13.237441684203581,0,2
0.0012458723110493155,30.02463526466979,0,2
0.03925186529579447,190.26847738192944,0,3
0.08668382825666723,729.7714125610665,0,3
0.0005992622224379782,39.04179432230984,0,2
0.0005771567323747156,14.041715761910066,0,2
0.003399867142394959,81.93437641516311,0,3
0.1003940905476003,313.5165289839898,0,3
0.0018235191537067487,135.36457012888204,0,3
0.0009603691638238117,12.977760866146506,0,2
0.00018456752346385926,13.70092736489867,0,2
0.0006798757372147064,50.46894447039386,0,2
0.0003483785209052738,5.92010617007185,0,1
0.00027985293898275047,8.457632102671871,0,2
0.009026641628380723,93.23452019948931,0,3
0.00400312871941909,120.98136289565109,0,3
0.0023927049980594596,111.41898772806846,0,3
0.0009270066982894777,28.015720111226713,0,2
0.0005192762925769634,25.57509780910306,0,2
0.0007840433807822322,14.123953858093671,0,2
0.000463341691802294,11.166204735348877,0,2
0.0019728964169461105,26.10386430595795,0,2
0.0013527908667089802,32.91221217758012,0,2
0.0024837658666862997,44.74318048624525,0,3
0.0008965154772654684,41.74724717024325,0,2
0.0007384710336909461,17.96635085729175,0,2
6.082489713384346e-05,2.6910880683832032,0,1
0.000497774377098604,36.50821966399528,0,2
0.0005033088719984382,22.267994916061763,0,2
0.0009767857187675624,10.089039930495607,0,2
0.0021164161192593193,21.860072610083815,0,2
0.000615374066145882,19.392047109115786,0,2
0.001019467776270968,45.10451637570409,0,2
0.0011121037923200747,27.056507311712785,0,2
0.0015283074539200819,33.968913451075636,0,2
0.0024174651484635593,32.67510319631952,0,2
0.0003183950265483019,3.2886436347268413,0,1
0.0007481276778421062,54.869858425766104,0,2
0.0018571723357479581,137.86273337066498,0,3
0.10964631830825985,919.5706128648412,0,3
0.0006621803588641105,36.28594785079222,0,2
0.00035803911966767805,8.710776931133458,0,2
0.002532718008659062,100.89993789449954,0,3
0.0007450974481656894,46.57785741231589,0,2
0.0018057494969736,30.685671179895394,0,2
0.0003271896010248536,13.034775411342629,0,2
0.0008099020076659568,12.734994074249249,0,2
0.0008693065360298089,16.94366780147638,0,2
0.0006923697302319713,15.388950294044877,0,2
0.002512719342987622,163.70308039693825,0,3
0.003651404102879486,126.6474297977816,0,3
0.001627065178151603,21.613069021165533,0,2
0.06455199408258688,550.8078997901558,0,3
0.0001414449628471065,2.689272140839303,0,1
0.00035540056391165616,21.78300768717951,0,2
0.6520420759885409,1343.0460101862216,0,3
0.001468571877035572,23.091996284284843,0,2
0.22688482197114007,485.876712198689,0,3
0.0012365306481834854,29.799507843645536,0,2
0.0004787995811204949,8.136392413210768,0,2
0.3526815313515479,732.2440434570813,0,3
0.0007141917218927101,52.38089677705753,0,2
0.00042109039739915465,8.207479769458786,0,2
0.0012715999688521532,56.259651313581266,0,3
0.0011839967097281427,47.16877049494814,0,2
0.25432600753619805,546.9837903896035,0,3
0.08994009050028626,436.55242563840267,0,3
0.0008716097743711007,42.311302181416245,0,2
5.318574871295909e-05,3.9007974020770666,0,1
0.0008313235306809279,45.55460136747277,0,2
0.0015632287908514365,28.160395014879512,0,2
0.0007624268744731183,13.734548698676967,0,2
0.0058361404389007665,77.21936984578183,0,3
0.002673841454605797,59.430115792755956,0,3
0.0002763860516820713,12.870226010122096,0,2
0.0008033082378368885,23.36001325170892,0,2
0.003788371692818866,110.16495135783337,0,3
0.002910090349019901,104.70559495074943,0,3
0.0009024448614290676,11.987597878543772,0,2
0.001182265331635747,35.73007044008506,0,2
0.00026491800617291315,17.259346446370962,0,2
0.0007172117139323531,11.27752103397408,0,2
0.0006553248180483654,8.70498656965441,0,2
4.984078483115922e-05,1.581048997655474,0,1
0.00041466585520657324,9.216567327796938,0,2
0.001356097664034801,42.73418597281378,0,2
0.0010036335674985433,18.079706487210995,0,2
0.0016835747950527708,74.48673580536676,0,3
0.3325128671600256,1036.000012804726,0,3
0.1839842644166067,764.9096903092104,0,3
0.001455809400199934,42.33459247499729,0,2
0.0006590127739497387,16.03320127133548,0,2
0.19796808451906406,1212.2515560913705,0,3
0.03459845877876399,227.45877439903558,0,3
0.3089006209301469,653.3631315379065,0,3
0.0006132668764871599,18.53396873706876,0,2
0.00036166921397560634,14.40839489581073,0,2
0.00027677898657493474,20.546024132658385,0,2
0.09866683709427401,481.47120756073656,0,3
0.0006118478841767048,11.632973251415754,0,2
0.4044531714065567,1005.1395284569733,0,3
0.000962004695411409,52.71562610191997,0,2
0.0007157225377326359,15.90800128394549,0,2
0.0037096525086356374,70.53107401535533,0,3
0.0014420554667788999,19.080180744983064,0,2
0.00014866554799225485,4.323158916586137,0,1
0.0009607825633920353,17.307777765397827,0,2
0.10819703648540356,896.3129104137391,0,3
0.006013002913388204,79.55947954195253,0,3
0.2893239422503799,725.6025591129487,0,3
0.0015943844475025685,38.423529508901495,0,2
0.0010621966254350103,30.8884262321241,0,2
0.0012250232665581705,23.29118602969212,0,2
0.0006139445991009278,29.803240187331586,0,2
0.000886255505060811,39.21077926297139,0,2
0.0018035258936684791,64.8911989173257,0,3
0.0003041811416399819,7.400459687038468,0,2
0.0011459138393516617,45.651602281710844,0,2
0.3254908708263949,995.8736255687108,0,3
0.0012547290102465118,30.23807540671833,0,2
0.0010557356258275607,68.78093031562757,0,3
0.0006477328946238184,12.624972360978946,0,2
0.001039779207437025,64.9991323732502,0,3
0.0014847295453233828,53.420846688281756,0,3
0.0006188590164599844,37.930752175675046,0,2
0.4130727837670924,856.8789405585951,0,3
0.0006481360639958486,48.11282596592498,0,2
0.0012928797174979298,40.742023051385196,0,2
0.00121696665492493,19.135726288284587,0,2
0.0003507420414189736,17.274545638390027,0,2
0.0035650279061094393,157.72824145470187,0,3
0.003408035794990877,167.85062218279037,0,3
0.0012377740127506903,42.931675861825404,0,2
0.0035389486314430702,106.95305064080277,0,3
0.0019251551325686481,58.18146456142711,0,3
0.0013237845922649486,23.846987242659452,0,2
0.0011408368212625127,33.17526449684068,0,2
0.0006508675066175805,8.611783633426608,0,2
0.2635117262951592,876.3737814566391,0,3
0.00048309376559997917,30.19936866820522,0,2
0.07743431201225667,368.14908375874927,0,3
0.0009596944463943397,30.443419935448183,0,2
0.32504055592279396,1214.8602401269825,0,3
0.0004775626333283702,15.149238225267474,0,2
0.006050849151659691,109.00151230798252,0,3
0.0005125103346274915,12.468925753097425,0,2
0.0006966855482477142,13.245979200073448,0,2
0.0005513365780248009,34.46539319206311,0,2
0.0014836914245009876,83.56658402305418,0,3
0.0008385915820663235,42.86206214500057,0,2
0.00357531789169429,70.3374207699886,0,3
0.004781711938212199,94.07087559409321,0,3
0.0006506997020323203,33.25853927309856,0,2
0.00024935929214607225,4.905658737459339,0,1
0.00373180247930196,53.84229699530254,0,3
0.000614920900835577,35.448859967673236,0,2
0.0007885847117572059,20.298157068319586,0,2
0.0018760449668419666,86.66002263954717,0,3
0.0030363405227838976,35.59293578173459,0,3
0.002671354849993274,150.45985697628305,0,3
0.0013241384840158134,32.133479632376144,0,2
0.00105781942344937,60.981001884937136,0,3
0.0007918586507359869,40.4734502751279,0,2
0.0012338073406542424,27.558140186764497,0,2
0.0003292080562719491,8.47380976924342,0,2
0.0016160014452406713,20.30131823866371,0,2
0.0003627526005906381,18.272356774958737,0,2
0.0005476607411966963,39.47531321366812,0,2
0.002372475210375133,29.625559348797957,0,2
0.001719441391728031,38.40519127649234,0,2
0.0054694242257404,103.07618346896628,0,3
0.0004317811229338846,9.644199968449646,0,2
0.0013583483474745616,16.961959985278945,0,2
0.0011650511165515259,67.16267706902921,0,3
0.0016776299013210468,20.94889084174924,0,2
0.0007199169054669865,13.287337362715327,0,2
0.00843483936064412,87.37780229701808,0,3
0.0030489643076107506,58.55909476912863,0,3
0.0012565298095585464,72.4362258685987,0,3
0.008499831851757936,106.78071601103619,0,3
0.0008484203376213926,45.09693777793028,0,2
0.0032016322423647956,157.29424172971628,0,3
0.004964036277803615,64.54749587266019,0,3
0.0005407362064965555,27.23764039225421,0,2
0.0003978221387408683,9.312771565698803,0,2
0.002039340909713838,128.10372084347284,0,3
0.0027393921946407777,28.377786388457984,0,2
0.0006221719627032067,35.042856445377694,0,2
0.005774468778775043,83.31380471001354,0,3
0.0006907615835051858,43.39104297925376,0,2
0.0008955905702156512,11.635832230688363,0,2
0.0002648735250787487,13.088364295501869,0,2
0.00026355465628624057,13.023194191358078,0,2
0.0005727440116531982,5.9331435819084195,0,2
0.0006726671261030421,33.238929384986236,0,2
0.001515562447710486,19.706898854823706,0,2
0.002438480567439513,149.31022305734913,0,3
0.0009176975498572716,13.24050356505446,0,2
0.0026633647154678214,163.0800692281661,0,3
0.0017379181600918657,92.37730833813733,0,3
0.0012676877335003475,24.347495947527495,0,2
0.0004728165628259642,6.821778467957811,0,2
0.00042848133861741534,24.701022441699948,0,2
0.00226134353509775,24.634756420341223,0,2
0.0016588070776716094,21.551813407568158,0,2
0.0010478820803696332,33.52751845280677,0,2
0.00137879895006333,30.79665155425358,0,2
0.000527743839070541,38.03970556365113,0,2
0.0006998769190146326,43.96363405018982,0,2
0.00015490486859548146,2.859042804141562,0,1
0.004368081141613613,56.79827537128727,0,3
0.0013822950224092465,26.05058402080824,0,2
7.750529467011926e-05,3.8077879132582666,0,1
0.0006536632451790709,16.825280813353324,0,2
0.0005292518180610269,11.73267916810661,0,2
0.00011829309270880468,6.662672242998251,0,1
0.006045892654368405,87.22989753710426,0,3
0.002727422314065804,29.251473611998865,0,2
0.0025928318323088467,119.77051150680172,0,3
0.0052058951279616746,65.40002425190838,0,3
0.0005680513807206349,10.484391014675856,0,2
0.0014878846338852063,91.10443180700601,0,3
0.00016415727261210849,7.582906173597059,0,1
0.0017306371220231083,24.969563215600196,0,2
0.054724320944891575,168.01764907189738,0,3
0.0035536956009111285,113.7022925262525,0,3
0.007885116587108661,102.44624807172961,0,3
0.0009986148016389521,62.72922353000171,0,3
0.06981201559621178,174.89456397942934,0,3
0.0038901499715805637,74.71509596989092,0,3
0.0007113841296058704,8.339067851978536,0,2
0.003090955417808286,164.2966557615227,0,3
0.00037266367301967414,18.414667569101727,0,2
0.0016201781552410096,91.25398428976,0,3
0.00243554641006687,124.48555866503193,0,3
0.0016947944680188584,18.176589449806492,0,2
0.0007883276741785016,18.45426594854517,0,2
0.0012854008788099186,16.714101847057336,0,2
0.0003169141842754914,16.198106147903072,0,2
0.0005809762858266932,36.494743758493925,0,2
0.0013620320295690874,17.00795883999247,0,2
0.0007241805453097615,14.246842734522328,0,2
0.00029655765219332823,18.6286356094826,0,2
0.0006138570796469375,30.332911080499063,0,2
0.0026463449474315504,166.23343001973902,0,3
0.004611415219343107,85.11180842353701,0,3
0.0007257898284226302,13.93968280933265,0,2
0.0015619308501911787,34.887058873208005,0,2
0.00048720026351813,27.440787946210072,0,2
0.00110756836045046,26.877872504741784,0,2
0.0011440722588539297,11.85162104142404,0,2
0.0011453708917196126,12.284047924042731,0,2
0.0026450092527408246,135.1916157871859,0,3
0.0008311238761857492,38.39205093669402,0,2
0.002360745281542852,29.47908544624326,0,2
0.001667343283309389,37.2415355516813,0,2
0.00046281286597257246,8.542028447010438,0,2
0.008322024015199747,108.21149981824043,0,3
0.0007294512998165709,9.485074670938868,0,2
0.003888661385449371,71.77211053866442,0,3
0.0008502307833581225,43.45696457397321,0,2
0.00230205809045207,122.36360429236407,0,3
0.0023292539540798692,43.89687067728789,0,3
0.00036782292043452413,4.778886619750121,0,1
0.0003697107092464224,17.07802264852477,0,2
0.0006012753018045488,33.8658849134594,0,2
0.001105873142707837,15.955493496521155,0,2
0.0009511183043288355,22.265094467100113,0,2
0.0009097169717191614,46.497420448831264,0,2
0.003960856331702692,87.8059460260046,0,3
0.0008924261592594686,20.89114745283426,0,2
0.001424319454553093,34.564617474203956,0,2
0.0001627092906179781,11.728063976036529,0,2
0.0006259650574816311,28.9151630220456,0,2
0.0006243002025094432,44.99947536784544,0,2
0.0007563631943131876,42.600966336903284,0,2
0.004939641801161179,71.26895444859663,0,3
0.0016932835601073636,37.82093377774712,0,2
0.005409072134014233,58.012039418145754,0,3
0.001458718456189329,26.92322419076145,0,2
0.000878826993883138,11.040427304130683,0,2
0.00011753965033707811,8.47224232641268,0,1
0.006382834927197073,69.53370032561169,0,3
0.0005405338567323184,28.73153862891017,0,2
0.0010162855243468177,18.757343404904184,0,2
0.0010994365771340242,26.68053476648565,0,2
0.0009073231887599029,51.10355039968718,0,2
0.0006670373918698789,21.342199550488235,0,2
0.0027288134867689716,29.266393872571122,0,2
0.000847941087126515,20.57737765463915,0,2
0.0007000169163737023,18.018423521516244,0,2
0.002100717711363653,30.30907116490554,0,2
0.0004724346649640236,6.816268460871819,0,2
0.0017330583937716104,32.66103296908777,0,2
0.0027864693127991566,89.15449844327811,0,3
0.001428864929039475,18.564322970276855,0,2
0.0006598407590758328,21.111939635445747,0,2
0.0009881138116298298,18.23738471506997,0,2
0.0003520274212616307,25.37408959374683,0,2
0.003608871684992285,52.06865640907087,0,3
0.004624176860173448,102.51071732878152,0,3
0.0003932778359987848,4.6101261225635435,0,1
0.00047547066061626793,23.95012339721318,0,2
0.0008193450990196462,41.27156069101727,0,2
0.00040915449583123475,7.858313341611989,0,2
0.0015148906050081773,74.42565259844802,0,3
0.0003975206084160265,7.336944573109231,0,2
0.0013584819679287555,85.33472454826423,0,3
0.0073887812366965734,106.60504032194928,0,3
0.0002638510412128792,13.48594472844959,0,2
0.00091030606643883,17.15553068192656,0,2
0.0008161848705977907,40.098665497296764,0,2
0.0019714304264982297,20.422351948115097,0,2
0.0013375990471705265,17.392836019867918,0,2
0.0005190048524014865,26.143001636855832,0,2
0.0009242756148197593,22.429822863722453,0,2
0.009229801634505838,100.54815269997889,0,3
0.0026190517276395726,34.0555993387901,0,3
0.0008658670171964142,15.981104321024144,0,2
0.0009089624485617552,17.882067034411275,0,2
0.0030047719684525532,148.47671218301986,0,3
0.0011461675725851729,25.408729725853796,0,2
0.001165727021407038,27.28895252709315,0,2
0.0008635987871334867,10.783926006850725,0,2
0.0006083865679397449,7.9108667393639385,0,2
0.001498807751459003,28.246370440059145,0,2
0.0024133349456004396,135.92729200758265,0,3
0.002695293891030138,143.2656614972179,0,3
0.00041659827263772556,25.508663814434147,0,2
0.0014937945004092168,38.450245033958716,0,2
0.0011903218461154746,14.863780385165265,0,2
0.002147139021427291,99.18265259940242,0,3
0.001521813827096046,29.22829890118372,0,2
0.0009028597782242344,45.478312102000395,0,2
0.0013174411832169862,42.15219861877419,0,2
0.00010324368626155605,5.4878152831117974,0,1
0.001059517387875002,59.67564909767011,0,3
0.0006982121754888764,42.752120749138214,0,2
0.0005407955461783098,10.386640985048,0,2
0.0012829300657818934,80.58883839665798,0,3
0.0005462231561650976,26.99087291718608,0,2
0.0016902812440119338,19.8140068018547,0,2
0.0007063627349999234,50.91453176953309,0,2
0.0014082841779443024,15.103780319199732,0,2
0.004084214234326528,43.803001935207526,0,3
0.001586546091758357,84.33127685556916,0,3
0.001365057732783898,35.136562824848106,0,2
0.004052694469309519,104.31628671148027,0,3
0.0009296595040361303,45.67360511280287,0,2
0.0005640661840041567,7.334567607153956,0,2
0.001740811949178889,87.68713707831903,0,3
0.0021296218817162356,30.726099379329597,0,2
0.0048258933255299775,106.98245363688386,0,3
0.0017469051597614335,34.36695896408151,0,2
0.000912801874552738,17.9576002679932,0,2
0.002112741688768851,24.76622061572876,0,2
0.00041666076014150455,13.331272273763005,0,2
0.0017433345457879194,40.81038938380812,0,3
0.0005465378132359571,34.331448520299396,0,2
0.0012133449374783617,28.40365865232394,0,2
0.00047942615773943954,12.34042114609532,0,2
0.0007098515826642142,51.16600744405691,0,2
0.0019280926723254572,42.74277755653063,0,3
0.00044989995777860374,25.935759511645323,0,2
0.0007880857130963536,39.696981621903724,0,2
0.00020604029930045825,2.244573859416537,0,1
0.0003636550259669854,22.266904140257637,0,2
0.002330481370457524,146.39206887380914,0,3
0.0010599584770357676,13.77135872178101,0,2
0.112308032319057,316.6698613278532,0,3
0.006022420689610588,75.65777824455378,0,3
0.0013126675067876338,41.99946242109402,0,2
0.002289260736110854,115.31327095385058,0,3
0.0012900127110643958,16.206024231209344,0,2
0.002163775491388698,106.3049717852479,0,3
0.008387931967672653,109.06850267884457,0,3
0.00103989552458031,58.57047853415066,0,3
0.001186415122537635,15.414328579269629,0,2
0.0002604356468534016,12.869072590545139,0,2
0.0010747470711397595,27.663971331754574,0,2
0.0018979975178953002,93.24746185143165,0,3
0.0008477586030800937,18.79347290365674,0,2
0.0016367176531616888,17.830170466676943,0,2
0.0005975204242750177,30.54044198139515,0,2
0.0005187088729132427,6.477218574102424,0,2
0.0005209775071630685,26.242367021249375,0,2
0.0020128414117121466,126.43912211045516,0,3
0.0016132763812148198,20.977475733517075,0,2
0.0012654103074317316,13.108580607151623,0,2
0.0010192838959855823,51.34275804527246,0,2
0.0008547218819312414,10.673078365217753,0,2
0.00291887102837568,164.40081611124285,0,3
7.296874108372092e-05,3.605650905291319,0,1
0.0023520185729654914,29.37011333907533,0,2
0.000558381212656185,25.793266891538746,0,2
0.0026183203935132415,150.94050772063784,0,3
0.033861853209213796,127.45900170679991,0,3
0.001899074976143322,116.28196348036836,0,3
0.0011174886167501978,35.75461487582427,0,2
0.0016963142025525535,39.70967207109731,0,2
0.0043553647770263135,80.38594550366462,0,3
0.0005667259166393947,5.870801207165121,0,2
0.0010567747507088524,52.21908422690961,0,3
0.0004382727779043515,11.281133849080081,0,2
0.0014677330577675494,17.205227173252535,0,2
0.0012552397889369336,24.10841792239278,0,2
0.0014863961929617586,93.36981475681418,0,3
0.000641253063851172,11.835457300087093,0,2
0.0001539982210701338,2.8423090235526045,0,1
0.00017591763286533055,2.28558465275927,0,1
0.0005843708750928978,28.875890463658564,0,2
0.0005463162932276628,10.083231605952262,0,2
0.0016593753844913858,38.844957061522045,0,2
0.0027562743167543202,140.8785916527947,0,3
0.0018879687442578683,22.131361673057985,0,2
0.0009172792086093857,13.234467754252847,0,2
0.006729345026390087,73.30853230417667,0,3
0.0011150875361474065,21.41662220910017,0,2
0.0015322509837191137,30.144055838348812,0,2
0.005467425747689223,103.03852036554629,0,3
0.0014846296608820885,34.754267158725675,0,2
0.002670489206050702,27.664009699030007,0,2
0.00025522067709819014,5.657840406539178,0,1
0.0007789880608672914,17.399363318598226,0,2
0.0020014934175190484,115.38176664257492,0,3
0.006387561193759772,82.9894740807146,0,3
0.0033814013710135346,43.93237308009957,0,3
0.0018234611091737798,111.6520625928227,0,3
0.0526008042334224,217.49030462739293,0,3
0.002040605959508351,22.23007251315839,0,2
0.0003013317003724804,17.371120799130455,0,2
0.0008560146994649546,53.77162179007887,0,2
0.0005132897568019157,16.42296601421264,0,2
0.00674195764538562,84.1881362877853,0,3
0.00029915605820262444,13.818896260379974,0,2
0.0001944829456216038,11.21152118276148,0,2
0.0005829332885922648,28.80485408574579,0,2
0.000844675821878228,43.17303958682078,0,2
0.06251852070390429,166.5173885318835,0,3
0.002065946505993578,26.841514125734577,0,2
0.002867173841917275,33.60991089921108,0,3
0.0019717796858478276,38.79092758475568,0,3
0.0011320183409390524,20.893396838738706,0,2
0.0008802961254758201,49.581293603207186,0,2
0.0011674332071363249,15.16770876171887,0,2
0.0005729733559410649,10.57523475615232,0,2
0.002730410022198306,171.514081635813,0,3
0.002560258225281482,47.25408518211536,0,3
0.0012556285665980143,62.04517455864139,0,3
0.0006218013688986574,31.78148873127232,0,2
0.0001953226193180758,9.596081302456522,0,2
0.002957311064239595,37.15176940136209,0,3
0.005075742509217288,99.85535479804571,0,3
0.0018119953779819555,35.647482320514484,0,2
0.0017939609617344072,33.11071643559204,0,2
0.00202822479539245,107.80826830943522,0,3
0.00421656127739043,98.70710587749957,0,3
0.003374364117766696,78.99178841004947,0,3
4.699500255839724e-05,2.402006844856659,0,1
0.00020446188895648494,2.5531553709637747,0,1
0.0028568671006592105,31.122305858310867,0,3
0.004110115588260065,59.30058340856111,0,3
0.008169386013640896,102.0127119271733,0,3
0.0006212081544010372,6.662427685770575,0,2
0.005650713469355618,104.29389230506234,0,3
0.0015972022365125576,19.94457494978577,0,2
0.0008853214664581212,12.773382727981698,0,2
4.1353966970281504e-05,2.1981289139742395,0,1
0.0008700256900305794,50.155099318081156,0,2
0.000595971679715603,15.340300899546351,0,2
0.0018527080072427687,34.19499686685381,0,2
0.00034174761446948993,17.46739151996219,0,2
0.001437762688421054,27.095921716780154,0,2
0.002698662399794044,165.2413762283241,0,3
0.0009953331819375281,23.300137555145287,0,2
0.0030684475587602674,150.75095935631262,0,3
0.002786107533751363,36.22783043301486,0,3
0.0004000708568121231,12.800469905418357,0,2
0.0011273276873389282,29.017395498425913,0,2
0.0007661978509610463,43.15488789197164,0,2
0.004174768879404512,43.247074921471274,0,3
0.0004346798707242779,21.35555725483476,0,2
0.0002505186163699544,12.618973729278794,0,2
0.014054204014418491,110.56413679081942,0,3
0.0015070128370834749,16.1626404570903,0,2
0.0016995501529119984,22.099295883672468,0,2
0.0007202419492689309,9.357640383796417,0,2
0.0025024595291911786,31.248698817087252,0,2
0.001744817117266535,22.669286529957596,0,2
0.0012747209967001534,24.48257838362738,0,2
0.00028965480456054056,14.31289745135392,0,2
0.0019316579903524247,20.010343145833232,0,2
0.0004286144530756381,30.894472636644675,0,2
0.00039454947622066523,19.496124710237552,0,2
0.0015271626176747775,37.06035997198059,0,2
0.0005373882665806017,24.823541104398753,0,2
0.000986029355315723,48.72329691913957,0,2
0.0011465002641869414,14.907973457308026,0,2
0.0002328334850460074,14.25659078511466,0,2
0.003792382999509144,84.70611164216051,0,3
0.0002209474257632827,11.293056711240313,0,2
0.0005359397357319996,26.996035439104528,0,2
0.0015409841083991902,16.5269807139449,0,2
0.003701766615452995,68.32263763226271,0,3
0.0012964534705282916,16.843986057522304,0,2
0.0015047381831092357,38.73193524052619,0,2
3.040172217540447e-05,2.191352081375467,0,1
0.002417870808645867,31.413840230706853,0,2
0.0006422415029042206,6.888009340485304,0,2
0.0018798212764843754,36.98182486195672,0,2
0.0011044242287223816,67.62482758418373,0,3
0.002124475920311694,23.143739995920846,0,2
0.0008051258322362547,37.191124990318805,0,2
0.0017677499050625842,99.56573080743054,0,3
0.0017328292974510124,34.09004376939952,0,2
0.00011451513263218702,5.626058707059143,0,1
0.0006102071524789458,28.18725914531535,0,2
0.0019360999052202422,24.322614582729553,0,2
0.0011874560909281783,12.735409668704094,0,2
0.0004871418290675869,29.82810530863526,0,2
0.0005689599199354047,29.080658532483504,0,2
0.0012710192677165433,25.00483026916967,0,2
0.0010700333604464955,13.902255201723566,0,2
0.0013650893491240017,76.88650881763677,0,3
0.0005460110650164843,6.818146356601349,0,2
0.007902380470984304,99.27512209654053,0,3
0.0006218483288583684,11.719287038225366,0,2
0.0008566428518963912,20.788547395851207,0,2
0.0008341054690353577,16.409401658627438,0,2
0.0001700352824248339,8.69083711069204,0,2
0.0007165579850720874,45.011475840357,0,2
0.0002311120875592137,4.355513662121261,0,1
0.003661046549146105,85.70284778896102,0,3
0.000744442025048693,42.915472647202314,0,2
0.002162653024946829,52.482098940487916,0,3
0.0009228889704303991,9.897939980224969,0,2
0.0005099310811540741,11.937172948866502,0,2
0.00100690412258752,50.71917151286932,0,2
0.0004988711818868836,7.1976934702544755,0,2
0.002154243484245549,106.44900616108866,0,3
0.0019857213588921007,48.188416552940836,0,3
0.0001950367894736765,14.058225783791265,0,2
0.00020549035206761536,4.986729199795438,0,1
0.0005086085493684561,29.320182840467044,0,2
0.00016978453907650576,9.02472802084641,0,2
0.001979965327957366,28.56686060410756,0,2
0.0007289294194559102,44.632963520520526,0,2
0.0007823837972220094,20.138545633649276,0,2
0.002595331555837948,32.604334609407154,0,3
0.00038420282219726057,23.52506304439065,0,2
0.002595186104318416,33.745274003395416,0,3
0.0020957152316733664,26.16960367071742,0,2
0.0006189936646299337,30.41078167102305,0,2
0.0006873782822008141,33.9658611164924,0,2
0.003655122133122839,88.70053550769494,0,3
0.0023529221682198837,132.52463741669544,0,3
0.06687328364443919,275.74892037582924,0,3
0.0066011595411740315,95.24126598354944,0,3
0.0012168517297886496,26.975686154600112,0,2
0.00026605348351082386,14.985043666954702,0,2
0.00013046359321116271,2.5057131366553445,0,1
0.00430717094604974,104.52410494731815,0,3
0.0010268187948557779,14.814900525851202,0,2
0.00895078904109877,95.99678351680168,0,3
0.0017684779408660858,22.995565745432348,0,2
0.00046489643852668324,10.30602177166263,0,2
0.0012662990736568335,29.643282407929554,0,2
0.0003173873882017106,15.683265280464795,0,2
0.00019350479973849065,9.74710789869357,0,2
0.0008138272125649087,39.982835194355346,0,2
8.735250226877674e-05,4.316404863330497,0,1
0.00012392908458119613,2.4380635322181967,0,1
0.0009487124694501851,46.60966569710429,0,2
0.005237029127480537,65.39580120756082,0,3
0.000251433077941129,15.395459554884084,0,2
0.00488699299551432,61.02483195298675,0,3
0.0045952412123820945,66.29995652085286,0,3
0.0013356354564592555,29.83255807831361,0,2
0.0013336879041777308,14.303738857933139,0,2
0.0015013564280661614,21.661510528516892,0,2
0.0010331885028952803,26.594254491973082,0,2
0.0004668854401936879,26.296587499795507,0,2
0.0009608799468386848,22.493608513824533,0,2
0.0010273720947292812,10.642706036297684,0,2
0.0045462459355784315,65.59305462567986,0,3
0.0016195631643363515,37.912977476372184,0,2
0.0012851499556551912,24.68287931672357,0,2
0.0005917895374225181,34.11538689597139,0,2
0.03963693483252817,305.51291330868014,0,3
0.0032611428099058653,166.68341153328197,0,3
0.0014745695720479704,21.275030840671345,0,2
0.0016733022359791566,17.946086291153687,0,2
0.0018115804742913182,21.235914417720366,0,2
0.0033665022049185643,81.69646252257719,0,3
0.0013859899091241737,17.307125541303684,0,2
0.0014113586482306852,16.54438866606853,0,2
0.0007934241064037988,48.582027631502825,0,2
0.0002651058394592158,6.205964633920634,0,1
0.0006803969283987989,12.822687677670825,0,2
0.0006481480125298109,14.368420522990728,0,2
0.0008520561599574689,45.29019629188969,0,2
0.0009783809725182845,45.19428837106276,0,2
0.0007427482882765492,14.265390806387659,0,2
0.00036585924278646135,18.078435921604537,0,2
0.006235167739924519,117.50730376619072,0,3
0.0024613349991336577,28.852540716078018,0,2
0.0008971882524917476,50.53271606767238,0,2
0.006778982822051074,70.22452894169017,0,3
0.0014685824369422857,37.801286949128674,0,2
0.003947584522436989,95.79785526971922,0,3
0.0005251932254879314,37.85585767665353,0,2
0.0014378606441786271,27.615875173441363,0,2
0.0005718193122423591,14.718619371570425,0,2
0.000391602112856029,4.056666704985793,0,1
0.001076464846748286,11.545033893912104,0,2
0.000796861054471423,15.017558130417529,0,2
0.0018455789702079626,19.793746009733553,0,2
0.0014024451062956082,15.278038498028755,0,2
0.0002419120037697289,12.185446593155941,0,2
0.0008340900789425335,48.08348906124663,0,2
0.0032465856290225725,165.93936543859272,0,3
0.00030709018258823033,7.188792281808551,0,2
0.0013877021929093272,18.029522015805927,0,2
0.04306315211979489,140.1531420027031,0,3
0.000392028879117584,20.037365672058293,0,2
0.004685704251167185,120.60994773021636,0,3
0.0021986504754460015,48.74061788907923,0,3
0.001662179228308771,20.75595528301197,0,2
0.0004026095580026029,24.652123011794522,0,2
0.006511963780746163,84.67523840228765,0,3
0.0021311594422228903,26.612202421007495,0,2
0.002715121376155786,29.119546642412207,0,2
0.0013538950736333814,30.240402215125428,0,2
0.0007740026296312787,14.86566872134053,0,2
0.004252889811448636,61.36052419343099,0,3
0.005851619171317906,129.72117999053972,0,3
0.0016332662033401659,100.0062679969661,0,3
0.002126850917915368,22.810374169489886,0,2
0.0018323617662440025,19.651992130628617,0,2
0.0002188619510751979,12.616918119670409,0,2
0.0035795311470628254,46.544738799396235,0,3
0.0021446993844047918,131.32175328864173,0,3
0.0014687717263958317,18.45171755590385,0,2
0.0008503774108845939,19.906812117756722,0,2
0.007255817958265758,79.04385391160304,0,3
0.000806028330066884,18.86862741513746,0,2
0.0005301425169670852,9.991009124219378,0,2
0.0003674030903962789,22.4964012883767,0,2
0.004218532590963814,77.86046595945125,0,3
0.0051609818671995,99.12297940277283,0,3
0.0009585229985869223,18.40960846033192,0,2
0.000672402829037882,31.060259970957812,0,2
0.0005682965999487268,34.797280418837,0,2
0.0015608653129992574,16.169244593782924,0,2
0.0005532209572402247,10.883545583059096,0,2
0.002045792280050988,115.22602991528088,0,3
0.0024397241899547207,112.69802018212339,0,3
0.0011731571057533,16.926263825714038,0,2
0.0026785008413199012,29.17920907348672,0,2
0.0035660117727176507,68.48962476377432,0,3
0.00218597396021928,28.424277599644636,0,2
0.00022958765598407444,14.057845932391837,0,2
0.11706095774445702,287.118716391381,0,3
0.009258170734836958,99.29343745147989,0,3
0.002348412944094417,44.257938952176055,0,3
0.001299880076804899,31.544789670234323,0,2
0.000565855590986921,32.6203509745132,0,2
0.004854181959163673,107.60956808638015,0,3
0.0009069560844789822,16.739475592426142,0,2
0.0008730470199457841,21.18663491182053,0,2
0.0033944589891192695,66.7793738729645,0,3
0.007018615952908341,75.2743197415592,0,3
0.004971367151298201,51.499159322324374,0,3
0.005511964726089051,103.87789718467383,0,3
0.0004981380395027975,24.473218430123577,0,2
0.009490943340788678,101.78991249514218,0,3
0.0026615426829089124,64.58888448931444,0,3
0.0021597397869139827,23.163105713365592,0,2
0.000800144905753002,57.67433813477675,0,2
0.00265892386996339,52.30915199776949,0,3
0.0004564553256108533,5.734304789299689,0,2
0.001839761566259145,34.67194953545759,0,2
6.17974002637808e-05,3.7839069709864623,0,1
0.002114182738289187,30.503344035132574,0,2
0.0043630308595900644,96.72152183370677,0,3
0.002903304789990977,92.89270877330827,0,3
0.002189993081832567,27.512194760527244,0,2
0.0002958377870588522,21.323948251372475,0,2
0.0017021113725659025,21.38309019084001,0,2
0.0010836519463288316,11.622115192485829,0,2
0.0009159474711927057,23.57647232999351,0,2
0.00019947604707411248,12.530334544667799,0,2
0.002911567686501743,182.89372431646686,0,3
0.002709497874697004,136.48120445406897,0,3
0.000564794709788618,18.07089309877876,0,2
0.0024729248850412404,32.12912243426759,0,2
0.0005297564051322804,6.65516321240615,0,2
0.0008807256596230014,11.452099198721978,0,2
0.00029083652253486053,9.305461996828955,0,2
0.0010309637099016591,19.028255230781088,0,2
0.0001505655102562756,8.679776019620347,0,1
0.005041442176467383,99.18056251096395,0,3
0.0009642942066753271,12.528454388702485,0,2
0.0007141747996929026,44.86177310400765,0,2
0.001125962402242112,25.149331426055927,0,2
0.00028752252516402746,17.60524686539997,0,2
0.0023756950604320874,29.84511035054821,0,2
0.0006514176223096212,36.69007218744554,0,2
0.0008931013632806409,45.648164080535715,0,2
0.0023496225112624248,33.900259668058254,0,3
0.0017215756531980524,38.164620532805145,0,2
0.0005404049259206746,9.974126886940384,0,2
0.0008145870526153832,26.063125755854074,0,2
0.010986447982821574,81.90608902251604,0,3
0.0006474341723189235,31.808046488684788,0,2
0.00313321557690745,176.47343540995467,0,3
0.0007150892628062601,18.40638546233863,0,2
0.001555652967746637,34.48637594548536,0,2
0.0005919676858731302,37.18518214303321,0,2
0.050478194401180725,137.27279171438386,0,3
0.0005995822381181411,11.29966267566906,0,2
0.003969437224564767,73.26297124346544,0,3
0.1362947622887985,493.5359852573103,0,3
0.0001450562800284729,3.7337461808042565,0,1
0.0006807622088712403,33.63893686871236,0,2
0.0008524527409669194,41.88048387524079,0,2
0.00691859324041408,86.91611232847357,0,3
0.10243075315078279,256.2497609559224,0,3
0.0017515087928536952,33.00874721511577,0,2
0.00031604649328895786,19.852851260424288,0,2
0.0008020837370619391,10.429516186058299,0,2
0.0005197946240580633,9.593727382613872,0,2
0.004643612787632483,85.70607138481931,0,3
0.005452071494257713,120.86383732805506,0,3
0.0019815536427266476,44.259692153313196,0,3
0.004509744542526959,46.71713949711609,0,3
0.0037426920894766953,90.82563604881864,0,3
0.0006004757642727094,37.71962760775299,0,2
0.0003915308057747546,20.011908165651516,0,2
0.0011609419691887676,66.9257936109275,0,3
0.0011777077044709333,26.305106923446147,0,2
0.001102361600761657,21.17220502966002,0,2
0.001571138747713235,16.27566868901083,0,2
0.0015665055900336241,30.81794854681291,0,2
0.004518104766925387,58.700829170139926,0,3
0.00035107679445041254,4.410467423366864,0,1
0.0011405748377979511,21.495151297215944,0,2
0.0017033857390765209,87.06338933823358,0,3
0.0008677604097991566,50.02451081214139,0,2
0.00021414777063412168,2.782284242982336,0,1
7.51036743882692e-05,1.4153958078449806,0,1
0.0008618670354116864,19.250535964255047,0,2
0.002263392823398914,163.14505296473448,0,3
0.00034115868246141885,4.922223832985323,0,1
0.0005593698539426228,31.50562652553002,0,2
0.06521035200853788,232.37797072390396,0,3
0.001365863883062368,16.011084761947675,0,2
0.001720707631041408,22.37440713504274,0,2
0.0004980830346326076,23.007917091825313,0,2
0.00010891065972152006,1.2766849068233794,0,1
0.0007214851439223866,36.34221763294653,0,2
0.0011253495447023317,14.620942804126265,0,2
0.0030622648431653755,57.711115425856406,0,3
0.0014242688475194607,20.549293997908563,0,2
0.0025219671725214138,31.492294553180816,0,2
0.0005184979326941076,9.569794654437386,0,2
0.00042706256093487285,13.664083164010366,0,2
0.0005715086454208114,34.99395667384234,0,2
0.001990260956972133,112.0983155540947,0,3
0.0027141347206703203,28.116140318775848,0,2
0.000494521051624562,5.796930845243546,0,2
7.561023429257836e-05,3.7361766926131805,0,1
0.003998974280937733,51.998769035570376,0,3
0.004175002475528884,80.186037276844,0,3
0.00031507549480936357,16.747524021647397,0,2
0.006351395947289795,117.22622435304437,0,3
0.0004067081958089416,20.486461695989696,0,2
0.0002389590005160985,12.213663658524759,0,2
0.00023973163704101274,4.604339781085836,0,1
0.001260778068471497,71.0113401300967,0,3
0.002571351218247926,127.05981643920659,0,3
0.0016665960154983687,19.536361125708307,0,2
0.00020721439893231277,2.694414345770493,0,1
0.0011481128682651286,12.31345549108955,0,2
0.00038012549871780976,7.16380445727177,0,2
0.0007523965984118011,39.99289158724175,0,2
0.0006119896247826345,34.46935228990494,0,2
0.0009412530283865258,59.12597281659031,0,3
0.0013422380206021976,25.295674052762905,0,2
0.00037040372951120193,19.68844121454121,0,2
0.0022357347048570712,24.355777448151702,0,2
0.001414270895736666,88.83917503028985,0,3
0.004394092459346555,98.14580607379592,0,3
0.007829034262934527,85.28839120658455,0,3
0.005054919379872587,63.50336338115005,0,3
0.006544875596567653,71.29894844389936,0,3
0.00819048180134776,106.50105290961137,0,3
0.0018516368016049272,35.562953187916435,0,2
0.0006065527257825668,34.96645277475453,0,2
0.0007927949955642002,49.80039791979144,0,2
0.002259066970033919,130.23032485887342,0,3
0.0029642235952880786,181.5019123441503,0,3
0.0031687146688861,168.42987128219954,0,3
0.0006804736762044446,31.433076087061895,0,2
0.0023274509066163623,29.239034209556756,0,2
0.007579291996366952,94.64409317252016,0,3
0.003840168449610329,41.18562258954113,0,3
0.00035319830276029333,8.571226200991655,0,2
3.4351078207685205e-05,1.7303119415087473,0,1
0.0059006739895001905,76.66366180394039,0,3
0.0005510462610373861,6.922620980626446,0,2
0.00039228266440277535,22.094703584761653,0,2
0.001674124862972453,31.550377956346345,0,2
0.0004931733329098845,24.84183180534716,0,2
0.0009213456186664606,42.559657995238716,0,2
0.002324077966548911,29.0212135528875,0,2
0.002760750527796133,155.4949278117993,0,3
0.0022525251636340126,57.97995940081408,0,3
0.0016957609889179106,33.36079694617817,0,2
0.00024488622438121075,12.031111026557065,0,2
0.0005413122428827798,28.77291296924361,0,2
0.00029038136801838387,14.266259719183925,0,2
0.007256932658317506,91.1665640937062,0,3
0.0013951768467166078,16.35470051422868,0,2
0.0012172936104559518,38.94792625201611,0,2
0.002891902337191881,177.07362067665923,0,3
0.002683166857487701,31.45292332451454,0,2
0.0030888821494107284,164.18645324541643,0,3
0.00244351385017865,120.74290710154668,0,3
0.002306636475344084,122.60696377992355,0,3
0.0003369768439799933,4.861888434541241,0,1
0.0007978404209655594,39.42419717549802,0,2
0.003004690189640302,37.746978462258724,0,3
7.818457128422817e-05,2.0124695350866864,0,1
0.15743828204493973,434.386417336101,0,3
0.0006080339617488973,7.899794174661032,0,2
0.0007473948063711931,39.7270263145329,0,2
0.002170610776685689,27.268700952929155,0,2
0.0008751331916050067,43.24351410887968,0,2
3.3913480795358e-05,1.7333845849277247,0,1
0.0015046192281432892,18.902058453295684,0,2
0.00021520884255493692,10.57307933599692,0,2
0.00464424673435595,48.1104684537984,0,3
0.0006784272905966135,21.706625135093603,0,2
0.004479525046363114,104.8629259589279,0,3
0.0011536658000570888,83.15607706632038,0,3
0.002837998972076315,73.0500452723343,0,3
0.0016411711475630044,92.43638153746355,0,3
0.0021653036266513297,31.24091416890156,0,2
0.0010465058957270666,20.587966652427234,0,2
0.003844992695215886,41.237362392468235,0,3
0.0015467068386253533,29.70639968366747,0,2
0.0001820626860023274,13.123054135228456,0,2
0.00039714823673469175,12.706959194230263,0,2
0.0009667902805814903,17.843821307054384,0,2
0.0007952943481105274,44.793702293447645,0,2
0.001870309779956552,95.59520478534911,0,3
0.0009381679071983558,21.96193363612434,0,2
0.0056582351283577656,66.32760655479558,0,3
0.0006131157485594017,37.54159471260524,0,2
0.002084387211698089,127.62878805440697,0,3
0.007952684324815412,93.22385955776679,0,3
0.0002828926582621381,3.316156453169037,0,1
0.0006652322635362681,32.6824558681333,0,2
0.00013004196337296998,6.5503959078394205,0,1
0.0023663338881615152,30.76950254421248,0,2
0.002629612864652002,129.93873630243394,0,3
0.024808207398191985,123.90520646036833,0,3
0.0008113419065075645,45.69755575987979,0,2
0.0007486959043103848,14.729134707876625,0,2
0.0031787555690204346,156.1703247040863,0,3
0.00040137098109104674,24.576283902224617,0,2
0.002059068406769815,109.44772974317611,0,3
3.294089497225004e-05,2.069223048367824,0,1
0.0022569779312122842,43.34802615949981,0,3
0.0034614010370758257,159.8922720613079,0,3
0.00048719069359839376,10.881820029334738,0,2
0.00038715624930794516,9.39529936019549,0,2
0.0009234909279941549,11.99832363366135,0,2
0.0027921458252642114,29.94563016785465,0,2
0.0006021704981282533,34.713826828469195,0,2
0.00040324465744168934,7.933053787920693,0,2
0.001152159244191464,26.971339208078657,0,2
0.0004603749309585681,25.92989331524666,0,2
0.00289614051339668,145.8826556860859,0,3
0.005597517868472723,110.12026944427028,0,3
0.0009154289776080587,44.97446801819862,0,2
0.00022744445342391475,10.506326783912442,0,2
0.003020121529072012,31.28590487585413,0,3
0.0005423958196679059,30.549590763642804,0,2
0.0010523745580873556,23.329486330254213,0,2
0.001063340060568093,27.370355073651208,0,2
0.0013878855982118554,14.377321040311246,0,2
0.00048625472482782535,24.02761460234069,0,2
0.0007668368924033477,37.89220006046895,0,2
0.0012760233913100799,28.50107171567582,0,2
0.002194735183885373,40.507712193797495,0,3
0.00014397035279323928,7.6526006672422735,0,1
0.0014777943002699612,15.308699156398418,0,2
0.001337265305003618,17.37422797249376,0,2
0.0003013900822630303,14.807111143847168,0,2
0.000445781687636863,28.002327908077966,0,2
0.0022591589542992206,32.59505508440747,0,2
0.00186098990262901,85.96458504151833,0,3
0.0010506919986387646,20.179827021217978,0,2
0.0008173127964343303,26.15033731133285,0,2
0.0007387776321615673,17.294329943387194,0,2
0.0017921048890279523,34.41956987520249,0,2
0.00273786968021693,145.52873515382777,0,3
0.001350443899148112,25.450321161418703,0,2
0.0021970378670849245,126.65448123187781,0,3
0.0006581620393969259,37.94161808277572,0,2
0.00048078110749320423,11.667336998174298,0,2
0.004050032017408568,74.75049041972244,0,3
0.0010259646275264525,22.915795765198734,0,2
0.00048332616658603095,27.222585534681947,0,2
0.002262433658685627,23.436899327464587,0,2
0.0005054121453141029,25.458317934978066,0,2
0.004482587642592569,58.287206451904225,0,3
0.004397512527335856,57.13405176665645,0,3
0.0018329946044572433,22.888960104998564,0,2
0.0003427360871174985,17.264096944494508,0,2
0.0009478164688029852,13.67505812362153,0,2
0.0012452643619541794,16.192205649869376,0,2
0.0009619055289049786,18.923619095449382,0,2
0.0010569929598430294,12.390402940360884,0,2
0.0024476736835071433,30.56457730732874,0,2
0.0008517054554452731,41.84377019278608,0,2
0.00615944715716368,77.37919868827184,0,3
0.00243189792075586,28.50747005208603,0,2
0.0001296062456252986,6.367475895360463,0,1
0.0007390421160825495,45.25217246940309,0,2
0.0014034756239381624,14.538820522100387,0,2
0.000831045886623206,10.797244672219861,0,2
0.0008498010563388046,52.03403585436414,0,2
0.00014040810307783057,7.17653380797668,0,1
0.0019019704500456331,24.711078700983702,0,2
0.0046986588522817015,55.07915253069395,0,3
0.0028486734382278823,52.577297077622006,0,3
0.0007598647405959628,47.73184323643181,0,2
0.0011754914329180795,12.177097113027997,0,2
0.0014286830241406496,36.77427674222692,0,2
9.886822930860696e-05,4.8573358783925915,0,1
0.0010861049534955883,14.122651624546764,0,2
0.00039591182867055544,22.82346063537148,0,2
0.008150980259415285,101.78287569462356,0,3
0.0010246877377485053,10.989726881205698,0,2
0.00036548663938898695,6.887922081417139,0,2
0.0008099632521978732,49.59473348639684,0,2
0.0028341808981804566,33.22315726638789,0,3
0.000734721008085225,37.00892665671229,0,2
0.0006067524331835377,29.981844657095372,0,2
0.0006426976456497905,39.35291923657444,0,2
0.0013051808951167882,41.759924484864854,0,2
0.00032594695724686784,19.958007269459724,0,2
0.006011872584000814,78.10839361882098,0,3
0.0002507880453003202,13.330388691606641,0,2
0.000847025385411081,16.268160205198956,0,2
0.0015326976085485516,33.977491789647225,0,2
0.0026816030365548345,168.44821048386322,0,3
0.000514337530642342,27.339099014600468,0,2
0.0005553496821194219,13.476927009258267,0,2
0.001903322869148853,23.767162823580318,0,2
0.0022646797985669768,32.674709604810964,0,2
0.000577631034042238,36.28460763132374,0,2
0.0001497729655597465,8.435726529214179,0,1
0.0014880143174892564,15.414569891557448,0,2
0.0017342669326801889,92.18323098273224,0,3
0.0008620992157726972,12.438333023384835,0,2
0.007572405226370604,88.76610871311776,0,3
0.0008878845287528738,9.672488392733753,0,2
0.005938344367359777,114.0531785537509,0,3
0.0023919920725786734,30.049844591907714,0,2
0.0037092144127527397,86.83042784771817,0,3
0.0009595248839227611,48.332612874285324,0,2
0.0001657065887418968,2.152919124255746,0,1
0.0014625169943497547,19.00154260968451,0,2
0.001000365874617806,18.46351816613107,0,2
0.00705780905783358,88.13223430152141,0,3
0.0012046437709740461,22.23382735600969,0,2
0.001205404858962125,15.14312237794882,0,2
0.00013138681995346983,6.49230066563756,0,1
0.00807843120445479,83.68571521900431,0,3
0.0016781000084033035,82.9210251486526,0,3
0.0019478790531705862,98.1173972455329,0,3
0.0007695496777641607,14.203397792400052,0,2
0.0004585795975809296,11.803831042175212,0,2
0.0021168663870993103,97.78427077882289,0,3
0.00028216889010622957,13.86278568215329,0,2
0.0038873681746229424,50.547551863985746,0,3
0.00027079872477386787,6.571597617648123,0,1
0.0021432512726496902,26.924992102963305,0,2
0.0007495303295758989,42.216115986110935,0,2
0.00017319277084021064,8.723962542193478,0,2
0.002778546614733639,34.90600780884108,0,3
0.0008135730624318608,8.42792887497529,0,2
0.00169131214759103,97.50048729862647,0,3
0.0005832693280027389,7.327429243029933,0,2
0.00015344346334385324,3.42729074000345,0,1
0.008540092892311179,107.28650280924624,0,3
0.008131745457043833,84.23800578710625,0,3
0.001773505824952023,39.31583064402625,0,3
0.0028288601821509474,52.211608460298415,0,3
0.0018779869516917062,20.14132005805785,0,2
0.0014489095761487738,27.30599476964796,0,2
0.0009348938078365943,49.69334893501042,0,2
0.009062605204246305,93.88092552507011,0,3
0.004813578979449961,60.10809685689933,0,3
0.00038719548286080793,23.708306182423282,0,2
0.005636855856045251,108.26272234480113,0,3
0.004613325778129755,103.04256939620683,0,3
0.0027007753505924113,60.32412295838433,0,3
0.002186138710823581,25.626603525011063,0,2
0.001073888741978463,20.238392273995707,0,2
0.0013054659738820325,30.560155450461227,0,2
0.00031479059411406384,14.541101356734833,0,2
0.0024020319023156317,122.77256637568281,0,3
0.0014150520155634587,20.416313914883464,0,2
0.0025777321600197176,27.646053883461185,0,2
0.0005015325522868993,36.15039950666299,0,2
0.0020764920314055866,24.34129076449534,0,2
0.006003917551193261,110.81289714801794,0,3
0.004579521231564601,101.52077238076569,0,3
0.000479365899665931,11.221660851012606,0,2
0.0024996310038762713,127.7610480702886,0,3
0.0020045817931047863,26.04424188124633,0,2
0.0022707300353353053,23.52284277317614,0,2
0.0005523810752531069,7.176732016623092,0,2
0.0018176831892278249,22.697763485278564,0,2
0.000657350866873557,8.54053700207729,0,2
0.0003143039554839904,15.530901654548641,0,2
0.0012229209995402682,60.081363740875204,0,3
0.00034467380642076354,15.92149463131626,0,2
0.000854143372461106,53.65407207047779,0,2
0.0003197461251981053,18.009197193008163,0,2
0.00010068911175294733,4.9754152470363575,0,1
0.005354061515379561,105.33073954360857,0,3
0.005949697514780494,85.84199790846002,0,3
0.0012288856490990537,22.68125401109548,0,2
0.0008822006527066825,11.471278573056294,0,2
0.0005348394468598735,30.12398995963173,0,2
0.0012326728091612013,14.449777225954323,0,2
0.00024188430909392026,11.88362875716861,0,2
0.0004661093399629615,33.59709908482485,0,2
0.001095762503272958,26.59137432065043,0,2
0.0010676162660218235,11.059601615745748,0,2
0.0001986682425455845,10.560012502348908,0,2
0.002773883847683157,40.02148527040094,0,3
0.0008684353397863116,43.74430490290338,0,2
0.00037068529816531334,23.285055348402786,0,2
0.0015065319223086524,36.559705367230634,0,2
0.0024167427574394483,151.81068455737025,0,3
0.005732251539482192,71.57973977663447,0,3
0.004559190246580419,117.35347940391318,0,3
0.0007087571051648989,35.02226652008942,0,2
0.001087472472412675,68.31092799019197,0,3
0.0011274523257257618,14.07871645725118,0,2
0.0005699510546844504,14.670530453805323,0,2
0.0021625457276331704,106.24455424107374,0,3
0.0004004420479058186,12.812346352660404,0,2
0.0016923624292982462,18.150505951078603,0,2
0.008291667826652577,97.197530468991,0,3
0.0009167588303909787,23.5973567019574,0,2
0.001190556655431957,67.05622957538013,0,3
0.0008744684262058216,20.470767967932478,0,2
0.0005713242268636781,35.888437740175334,0,2
0.001120587378479955,20.68241824743026,0,2
0.0075303335690699025,78.00788725139894,0,3
0.0017461345475792375,22.68640305463308,0,2
0.00010885132279316575,5.78588361614615,0,1
9.979240122154367e-05,1.8806769108732058,0,1
0.0017852149151850105,22.292325832905227,0,2
0.0008273281860360847,15.889851360452026,0,2
0.001409703237554551,27.075077684000014,0,2
0.0004011013016122886,20.20403457901279,0,2
0.006459451534233646,83.92349903428196,0,3
0.0006772534753700314,13.32364396903037,0,2
0.002396114112414915,47.138881532564554,0,3
0.006110247807325514,112.77540973018421,0,3
0.0009961863833188984,18.77402194055709,0,2
0.002668353946081557,131.8530740483486,0,3
0.007599252953048884,94.89334952059633,0,3
0.0025229051757357083,49.63324892612874,0,3
0.0004021895867461803,24.62640781733637,0,2
0.0008426752220134899,10.586263956827493,0,2
0.0037212621692108722,40.538903396107735,0,3
0.000359915420468421,6.912616577199951,0,2
0.0010140162112736828,10.504350378983045,0,2
0.0007352958442607441,42.38821510635363,0,2
0.005628342872857939,106.07114728066621,0,3
0.0008487027039911448,18.956499384313855,0,2
0.0006008736056066705,33.84326000741937,0,2
0.0032199731745026438,75.37759139481639,0,3
0.0023222127506152333,74.30037435140746,0,3
0.0014244137030851073,34.56690464682255,0,2
0.0026427803320378026,148.85044223126806,0,3
9.73959817758499e-05,6.118049023221037,0,1
0.0004557797533617491,23.295798015152585,0,2
0.0005710729949257905,12.65978878557482,0,2
0.002914994342070964,134.65214328164936,0,3
0.00463674730148154,48.03278067161047,0,3
0.000786493622678996,38.63995257405787,0,2
0.0015843101509953876,35.12166055943535,0,2
0.003746162992927348,96.42617172291469,0,3
0.0018359195660123974,90.19760989143805,0,3
0.0025793480486374755,185.91906347812952,0,3
0.002470041521582751,26.908282747800104,0,2
0.0005423377337754857,27.318311565328624,0,2
0.00022825799672914274,12.132826406151928,0,2
0.004618273244146458,103.15307527306868,0,3
0.0007395584457010543,9.608607197476418,0,2
0.0003320416927525957,20.33119306802088,0,2
0.0034571298914383088,49.879331877440954,0,3
0.0006517595468392175,33.31271002194551,0,2
0.006264280753148827,67.1841108741711,0,3
0.001092009414429173,34.93939487923875,0,2
0.0016365068367437678,36.552777194265104,0,2
0.0006220743028053189,35.861238119681545,0,2
0.0008443353542289623,44.87980455551275,0,2
0.0006531984377799138,8.156615926002079,0,2
0.0003244714064768827,4.681460482142049,0,1
0.000609579282567864,14.269876049896903,0,2
0.0021762745654994595,136.70537774707458,0,3
0.0015297691099460107,29.38108985421766,0,2
0.005758243817981333,106.27855471272379,0,3
0.0008465210249178686,47.678964229286024,0,2
0.002773944829949281,139.72748789218087,0,3
0.0038635494751026508,41.436382967456574,0,3
0.001609258829368294,101.08758317961528,0,3
0.00039439469102055973,4.085595453042083,0,1
0.004420197302677352,113.77580339185116,0,3
0.005447883737010997,107.17650914518605,0,3
0.0004442492000187989,25.61000554838538,0,2
0.002816943410460395,29.1811513980392,0,2
0.0011225363899132655,25.07280851609345,0,2
0.0011007613268124096,25.768145577330067,0,2
0.001542990049867413,28.47860521708702,0,2
0.00024794977397892524,11.45352771722465,0,2
0.00519799736167094,121.68192092466268,0,3
0.000857317378924649,27.43030421101289,0,2
0.0012575198080186137,24.152208482074393,0,2
0.0014459098537006893,32.05354396632045,0,2
0.0009287938730747951,12.077131457905752,0,2
0.002136229800919425,123.14902773456339,0,3
0.0002632386460282688,6.775758271584014,0,1
0.0007466752448545503,18.1199127297977,0,2
0.0008861408834239814,11.52251349797,0,2
0.005931534733524485,85.57994602654217,0,3
0.0007751194945501399,30.06383508527058,0,2
0.0013006699054165423,100.75698025826165,0,3
0.00576334584041848,119.28586400027301,0,3
0.002020219575487895,26.82638038894011,0,2
0.0011576164425612721,22.304405789228863,0,2
0.32074767716119407,853.551549997432,0,3
0.19759205932650806,641.3719136449336,0,3
0.0008653258233541871,11.49061219846165,0,2
0.0004981981431800097,5.1778724136378775,0,2
0.003592511070333489,42.927515931513945,0,3
0.000994033172452313,13.185129335946542,0,2
0.0014393914142616473,15.892481194064175,0,2
0.0006929963418727834,7.336464210823837,0,2
0.0013410839914032243,19.04311051902478,0,2
0.00047575105304619564,25.384778332494243,0,2
0.004064057296530615,84.11513023623577,0,3
0.391815636637977,946.0362452146032,0,3
0.004550297830853926,53.91529857497922,0,3
0.029374231082590747,216.86280017906216,0,3
0.004496051529480567,63.84298576671757,0,3
0.0011742710677181622,26.642155714318115,0,2
0.006649226269234582,73.41484907570755,0,3
0.0006226376481431507,12.270771074947978,0,2
0.0016982857500982345,33.46934725429676,0,2
0.039867367404611984,307.73509573383586,0,3
0.0015900585489302033,71.0756832090182,0,3
0.002873533997923496,48.20693049024091,0,3
0.0010631300952549914,47.52195943423338,0,2
0.0020793865761043035,35.790708055327435,0,2
0.0036777795840419827,63.3024839618314,0,3
0.0001272492409612816,5.688046358567819,0,1
0.10604614612624988,316.10478580762737,0,3
0.0008182643207310262,16.93588571320399,0,2
0.0010696349349871468,21.080070342897926,0,2
0.0023580552592774805,29.53670790139529,0,2
0.0044151278324307906,138.18152035125527,0,3
0.0009139748265941965,20.73648948569157,0,2
0.00040232881610718647,23.367639978573557,0,2
0.0014309255451264904,15.90534678069008,0,2
0.0008287969114642886,17.1538822070058,0,2
0.0007085992773761834,12.586876739598654,0,2
0.1514195057138463,836.2120106604683,0,3
0.0014147788237047908,15.725869096153652,0,2
0.0025424045985527545,109.75467791241633,0,3
0.003066216977874791,54.465332367091506,0,3
0.030969206944323414,310.72910582682346,0,3
0.000681924843593377,26.255241622645393,0,2
0.0017383774964995157,34.259464336924374,0,2
0.001968424184027467,20.83888861348229,0,2
0.0004415091174241515,9.138059383247736,0,2
0.0009828879085644194,13.051712415206666,0,2
0.0028312390592361036,155.25003280510617,0,3
0.0020004223034772155,106.7370769229088,0,3
0.22816787804633262,653.2183258405187,0,3
0.00015001352678113128,6.705610880641405,0,1
0.000557375032592355,21.618384234071062,0,2
0.006474513681629239,108.61762249340337,0,3
0.00011679506499621258,2.250352040690715,0,1
0.004009155211945059,82.97880373830543,0,3
0.00045101180711355743,34.93783284778203,0,2
0.004278632191894032,75.57910347745381,0,3
0.0005571891049121206,29.73009061548343,0,2
0.0003757982206702199,8.52620403201715,0,2
0.00013136503422529774,5.05777249026123,0,1
0.0014781473663146318,24.79766983573348,0,2
0.0016690109953026173,19.77567831417683,0,2
0.0015404070707815884,59.74632874772411,0,3
0.0001354689653658429,6.055468381006617,0,1
0.00044164958727375416,7.80143708556581,0,2
0.0027366799212639355,146.02177488302317,0,3
0.003959970400986608,76.2988356847442,0,3
0.0016031628966207644,18.39868350390429,0,2
0.0004771367019706152,36.96160959882382,0,2
0.0025385319250421355,113.47248253321644,0,3
0.00144719716296756,28.52096261774122,0,2
0.0005713824701346311,31.33156380535318,0,2
0.10357262170786519,472.6026978500901,0,3
0.003618130003758057,113.23765103139138,0,3
0.0017895178826229693,34.47958369768205,0,2
0.12200234587303506,376.833262770431,0,3
0.3036464373096375,756.6308308049109,0,3
0.0009966417410053716,11.808949443757125,0,2
0.002327727165714556,84.75040428711398,0,3
0.0003464196466585498,13.436254926712664,0,2
0.1368561937810762,451.8623156405509,0,3
0.002254317882135656,39.82097942604013,0,3
0.0030476591270888307,162.61477694856677,0,3
0.00300212869012556,134.1952771963213,0,3
0.0023999446359040865,25.407216265654103,0,2
0.0016971742140078926,18.86481411487726,0,2
0.23521961362700025,706.2233130956814,0,3
0.0009393967197862677,34.202570198314135,0,2
0.0027722133931397854,30.81433238657018,0,2
0.0018535300533730555,26.643882735693573,0,2
0.0010351919700345004,18.388155541018488,0,2
0.0007156691836875737,31.990442249097,0,2
0.001887136859985141,25.031502230605692,0,2
0.49463545942628023,1105.7490112582668,0,3
0.0009201660318570681,50.45699202472083,0,2
0.00781382373906806,86.85397830540491,0,3
0.06698730507782705,312.46312776532136,0,3
0.0008809371351908755,10.526465239829616,0,2
0.0021722617932299743,22.576748966928605,0,2
0.006082274056504875,117.1903781682881,0,3
0.4023036987164869,859.2404994975175,0,3
0.0008328052327054887,8.655510461830339,0,2
0.00032483722290177437,14.520237361698063,0,2
0.0018645961143811047,108.29751427672234,0,3
0.0008431495361760177,17.45094320018853,0,2
0.005046183817556507,55.715478519402886,0,3
0.0007953008659634667,46.191830081420115,0,2
0.15950353219653882,646.7200951262679,0,3
0.0010773186105240053,15.486099443354835,0,2
0.13941956555338664,630.5128937459916,0,3
0.27869340777783047,1030.0405302806346,0,3
0.00032352621755894377,5.568580914179991,0,1
0.18277204044605078,451.73116221140253,0,3
0.003228309835905502,101.0373375859274,0,3
0.1890618110659571,866.8646668373838,0,3
0.0009244575163895985,18.218953810392904,0,2
0.0007322763160797126,42.53130433100293,0,2
0.002082877854548199,93.10472664830513,0,3
0.04795359331355881,249.6681453093294,0,3
0.0021308058597270785,28.263594846621785,0,2
0.0004775721419412972,8.483132677102644,0,2
0.00135148743897174,14.92192359566767,0,2
0.0012822881705338099,15.322275921135068,0,2
0.003355919362978804,69.45856657096002,0,3
0.004551409888421295,60.371152294336255,0,3
0.0002622617240639504,14.381032619491206,0,2
0.0022170393670082563,31.48149255498261,0,2
0.0007398972462894878,7.832984590395461,0,2
0.0011558344939167848,42.08287040305634,0,2
0.5429738228307116,1522.5757399702056,0,3
0.2718273813321202,1243.1101024710579,0,3
0.00015801373695634695,9.177588005233078,0,2
0.0011784515462262511,16.939852013842422,0,2
0.0036609659035586445,141.99446143625033,0,3
0.0008130345381423071,16.827643183273903,0,2
0.0001288956012045258,4.692970238872814,0,1
0.0030514535764449647,63.15693807063483,0,3
0.002254869741193199,46.66978049451434,0,3
0.0016610170640485753,29.504711216986298,0,2
0.0006457161899475122,24.861148183706643,0,2
0.0021507209315724664,25.69932430180295,0,2
0.0007391853773187912,31.910362753188057,0,2
0.34512829956384705,860.633934146622,0,3
0.120947547617255,566.2694479305585,0,3
0.0007511583633655946,9.97458901620265,0,2
0.0002507475789601268,4.206587121733037,0,1
0.000953633628220123,10.944367126563103,0,2
0.008308696963997457,99.2820103568986,0,3
0.0011002868675099725,14.594507564543509,0,2
0.0027161650229024776,38.56897185456702,0,3
0.5334630550540864,1144.1748637814035,0,3
0.0022186639928421007,27.790710175299214,0,2
0.0038470658533039915,148.1184392468815,0,3
0.00026037921559135356,5.9075487740977195,0,1
0.0015937788290326105,27.432355979490794,0,2
0.0003789109236563971,4.1835977822083565,0,1
0.00047139942397411385,5.204773632920582,0,2
7.356845727452333e-05,4.034101383290619,0,1
0.0011032846749449844,47.62839644532648,0,2
0.0009858535863165759,30.85454205885609,0,2
0.13786024256684953,409.0010528176936,0,3
0.00029639751614180367,9.276437956783028,0,2
0.0019459241039689588,32.64517771047906,0,2
0.0008575654440490973,47.02431004080224,0,2
0.0016744149159028485,22.209899870596356,0,2
0.0016379859752899538,21.7507222373416,0,2
0.0005981019547277984,7.94216170537879,0,2
0.0015676773255487706,49.064046271397416,0,3
0.14568256736004614,373.1041800673806,0,3
0.0007626943017353319,9.113561836729174,0,2
0.004852330784996917,51.36960903286222,0,3
0.0014064776223532837,16.806236462142266,0,2
0.000262737885172028,8.222982845539947,0,2
0.0003864778144107574,4.840973200143706,0,1
0.0017520731065048816,21.946250566062442,0,2
0.002141040199248158,25.583647611336442,0,2
0.0012833338324542139,24.726668963662352,0,2
0.025029129792543375,137.3163632797212,0,3
0.0062314304133929,122.8073122469343,0,3
0.0004308074307407571,5.147790078993886,0,1
0.0007206698765399485,27.951948662823643,0,2
0.0008547670492166363,9.809725787225021,0,2
0.001509705156800469,16.781015712026377,0,2
0.001171683899683304,45.44500787274026,0,2
0.004121629498227056,69.14520825963378,0,3
0.4241735650009015,1067.3713025364614,0,3
0.0039777347912970185,82.3284849602844,0,3
0.22114353385929142,967.1391359606315,0,3
0.0028521475461608593,37.83166932805511,0,3
0.0012450546589062182,14.877366460234985,0,2
0.0013148146672804753,15.578897907850916,0,2
0.004317925621124093,76.69948206141177,0,3
0.08796005365364169,222.94910245516866,0,3
0.0019796465449990804,28.456765676440035,0,2
0.00033023713404374983,6.835026554041108,0,2
0.0013599977276561055,30.85596863230317,0,2
0.0009404269341980119,51.56799172742389,0,2
0.00011295835019176222,1.6237390006435344,0,1
0.22020523312431597,853.02251905138,0,3
0.0026751536696992062,142.73890194433045,0,3
0.0006229468850081867,24.16165836293217,0,2
0.0021643203430921822,24.8388015201392,0,2
0.0015770226760341173,16.695283543799505,0,2
0.001670272708762016,28.020799624859908,0,2
0.0003919681581462685,4.683693111600672,0,1
0.0021705596761996127,27.1881614674709,0,2
0.0012439037135095522,21.972706057192195,0,2
0.0012007959024996238,13.258121529211538,0,2
0.001401825632326058,53.97262034859201,0,3
0.0015679631433095514,22.264746741595836,0,2
0.0008211397440588716,8.693065143883342,0,2
0.0009360346477211874,12.415820955636255,0,2
0.00045857954538278996,20.49852473400556,0,2
0.00043185043924622393,8.510789372292853,0,2
0.008239599998631266,85.63580197228528,0,3
0.0007931356022554554,9.102413081250722,0,2
0.0011914201801902303,15.820800542992362,0,2
0.0009940525389347354,13.199966904396874,0,2
0.025389156908783166,104.34323092374441,0,3
0.001404720951841224,108.81734145121602,0,3
0.18932722158357432,865.0953941243606,0,3
0.37913770616212594,1064.3304599147968,0,3
0.0007144409000672786,38.120617419031824,0,2
0.0032588338988400623,145.67001069275292,0,3
0.13300961992054836,388.0612559336321,0,3
0.006690889607241607,74.37208723888261,0,3
0.0005436502148841712,6.441570364270217,0,2
0.0009334915465967928,9.882486975625591,0,2
0.001280058569767165,29.04228902229018,0,2
0.00010281978543477337,5.9718708492256285,0,1
0.0009611290262361003,37.27841286871374,0,2
0.0031831500962746263,33.083112206650405,0,3
0.0006138484022155157,6.498557873415516,0,2
0.002048703052744881,29.44943018229324,0,2
0.0027788339185220385,148.2709971797978,0,3
0.0008717943970475953,15.005453583074187,0,2
0.0016707572976362131,37.906559488818836,0,2
0.2544175847108023,738.1823042696996,0,3
0.0018516555700925838,26.29311951412213,0,2
0.0021359667729892477,42.09504416125589,0,3
0.02700056592313644,198.744611840431,0,3
0.4445105112505242,913.1272239553867,0,3
0.0015015350374555905,19.93879802514886,0,2
0.0004667392529063737,10.589496919207614,0,2
0.0012932017248191796,17.153383279095774,0,2
0.0011111865585437806,13.166161271942201,0,2
0.0010422961437479095,46.59068093615186,0,2
0.0009916541022241048,11.380708729367273,0,2
0.0008705623233468232,9.2162814471221,0,2
0.00300914947932351,53.45164015340206,0,3
0.0008662072657354043,46.21845666950964,0,2
0.0001437033738877692,5.232107617162299,0,1
0.004259207987814063,48.880759347831464,0,3
0.0019430855500598841,23.21825438348536,0,2
0.0002859580949231762,15.257943845901112,0,2
0.00021918270717341515,8.438899081633982,0,2
0.0021731681311354164,49.305382151337795,0,3
0.003936903480923726,52.220170329987354,0,3
0.006678696633377216,118.6339500892031,0,3
0.0009831997620556479,17.367549539825504,0,2
0.00038772250017946584,17.331211869088147,0,2
0.0013107696175624175,101.53935901020962,0,3
0.00042781820966144804,5.680973577796176,0,2
0.0009906126806228008,54.31991009806808,0,3
0.0005402518710170959,9.063363931717475,0,2
0.003962060220066924,56.26042152275644,0,3
0.000616613230111279,22.4503203427074,0,2
0.00023142334400843765,10.344633093531058,0,2
0.00040747118928493274,31.564939269848207,0,2
0.0011805551502385696,22.74637795332747,0,2
0.002183732271772125,27.35315976689486,0,2
0.0008999821884854784,49.35021782444618,0,2
0.005320528893607993,63.575890059327065,0,3
0.0007086978095686501,11.88924372189435,0,2
0.005486077136306233,97.44940321461559,0,3
0.00416725220667327,59.9028750154912,0,3
0.10658038625813647,296.3072413607629,0,3
0.0015933968729809566,27.425781695665066,0,2
0.00012824922300854884,9.934883844853358,0,2
0.0006330245946557071,23.047843025146232,0,2
0.12668424781141147,513.1185755857177,0,3
0.0007938616702451818,11.272668692047038,0,2
0.0027297119172534647,31.327512461924687,0,2
0.0016865784144040386,38.265512943511276,0,2
0.005324065573068911,110.193935859924,0,3
0.0003957040616410596,17.68798799807989,0,2
0.0010832235110195341,46.762363325956194,0,2
0.006528936472535665,81.78064900613914,0,3
0.0004391703897402183,34.02053211563872,0,2
0.0009679217845376943,35.241141559085015,0,2
0.0006286681529194684,7.214903986943725,0,2
0.00838851423031255,88.80571326878959,0,3
0.0012605322837233404,18.11973552355508,0,2
0.0007706774039724115,12.929024702872672,0,2
0.0011720877061105195,16.84837391264644,0,2
0.008841913376772243,91.89576473556347,0,3
0.0007147222898721707,41.51174980701625,0,2
0.00614996019291599,127.28774838297788,0,3
0.008043307487979521,85.15115298118812,0,3
0.0005852101013961773,8.309860313876765,0,2
0.0007707014813308469,44.76307444479583,0,2
0.0007023059724938429,12.088193852887077,0,2
0.0002140345305132971,9.23979250666649,0,2
0.0007176795396469226,7.923979866903712,0,2
0.0006659584623260504,51.5887723410647,0,2
0.001747395241789687,18.498947078002434,0,2
0.0004713878294876382,6.776044461240742,0,2
0.003020526182712244,40.06508986357236,0,3
5.7640448281686345e-05,2.4883170992866286,0,1
0.002089886408284546,35.060315586826256,0,2
0.00028784752577244813,3.199547826207618,0,1
0.0022779867953756578,121.54716100932107,0,3
0.0014107271382697703,20.032028551880153,0,2
0.00867427923452068,102.77928439777727,0,3
0.0006841382335503607,30.581007467755327,0,2
0.0015511641337284947,17.241849895509063,0,2
0.0003153111760919126,18.31357275232669,0,2
0.0008533042971682617,32.85363586658438,0,2
0.0005802783439367031,30.962069421945664,0,2
0.0010146801750965304,12.709758105645873,0,2
0.0035775110572103266,74.04492273170227,0,3
0.27489322312495573,1008.4065796258394,0,3
0.3347778448097195,814.9003770116404,0,3
0.0018945514756087743,20.91795421243624,0,2
0.00038139046978863167,4.2393174833581275,0,1
0.04680042578414025,198.86888342069733,0,3
0.18405906194408783,548.5383402040936,0,3
0.000768144150302782,24.040827483657104,0,2
0.0014790208065667576,19.61813867542152,0,2
0.0017096681922401354,20.429111316051745,0,2
0.0006371029956619296,11.31688548500811,0,2
0.0016570152220169799,27.798389609020496,0,2
0.004299766806243761,61.807728646161166,0,3
0.0002988699645388753,9.35381888242415,0,2
0.0011810102538052137,15.665244757460874,0,2
0.0008692238726817046,9.597197755352557,0,2
0.0009546653005483793,29.878433346228825,0,2
0.0018646629959019575,26.803915109975005,0,2
0.001254562606118275,18.033923378351496,0,2
0.00010041590575472873,5.506272107867256,0,1
0.0017734285098188164,36.705233018099385,0,2
0.0006599616011114801,28.490301270610328,0,2
0.004621453098364415,77.53034014483694,0,3
0.0013451478029453043,22.56644490113702,0,2
0.0024930668452892283,26.393062387930392,0,2
0.00024676440420639715,9.500840330390353,0,2
0.0015046688186829739,29.653598160556857,0,2
0.0009649423968806036,37.15188854028854,0,2
0.5319056855566435,1497.0596374515726,0,3
0.003304751555718376,36.488130629325546,0,3
0.0011077241512374417,47.82004701536393,0,2
0.004410913818401266,84.98740004872678,0,3
0.005119260930134133,67.90328465775083,0,3
0.0009518898519283005,10.924354694786844,0,2
0.0008535141037940146,11.321245769711433,0,2
0.0244452942073718,258.39489544712586,0,3
0.00031243622017209375,12.1181715386614,0,2
0.002334019823818558,24.25793235898792,0,2
0.002096787565495935,26.26410115270475,0,2
0.0006702860592394071,15.207617776101952,0,2
0.0018374074951985672,21.770964756595866,0,2
0.0004038675744623453,9.163048552067592,0,2
0.00106603237539947,18.935974870393906,0,2
0.05712881920185502,281.18411843686766,0,3
0.0009467764801736558,51.91616692577052,0,2
0.0002843932941379801,12.712392065386448,0,2
0.0018063651417994245,37.38693332064111,0,2
0.098354462830442,364.95487599275015,0,3
0.0006534068248937055,7.214337652571816,0,2
0.0022653331184855014,26.841344455910935,0,2
0.0017510518206496368,30.139361878556766,0,2
0.0013326839064023229,22.357348299280474,0,2
0.001028381529774631,10.68817382523003,0,2
0.001105059260727165,42.8609002967135,0,2
0.003420042516955166,35.54518226217542,0,3
0.0004727948130483788,9.317709800621705,0,2
0.0005992005933927462,31.971709032658563,0,2
0.0010239747729076953,39.42473328368132,0,2
0.2537815508498387,1133.1946785771156,0,3
0.0011755223102895,12.217437229316634,0,2
0.0027315714779477746,31.348853692278148,0,2
0.00137208513585176,28.39849723474602,0,2
0.0017760411908225597,23.557898726048165,0,2
0.001686704559857795,29.960999211939978,0,2
0.002390689555977962,26.395870110643152,0,2
0.0038278055076288063,148.46551316146625,0,3
0.0005631217900368599,32.706648708367744,0,2
0.24166896084420483,524.627610938721,0,3
0.00071754555711146,55.584989881909536,0,2
0.0003527986747544297,12.845075126413034,0,2
0.000440275985598181,4.861136277449866,0,1
0.28019033987726627,701.4135367754423,0,3
0.002300035497679751,83.7421761339602,0,3
0.0012434109073873652,28.21081769124081,0,2
0.0005404064599504003,28.834614463705257,0,2
0.002154327318972428,26.98483697281196,0,2
0.24250082010224308,1154.033594569733,0,3
3.6947476337593254e-05,2.862152901698195,0,1
0.0012627685106422523,15.817281846630037,0,2
0.002426850646273558,27.85172800976765,0,2
0.12660198521898186,976.5681207982324,0,3
0.0002632478206293693,14.435104889944974,0,2
0.298481808205063,809.9975814173146,0,3
0.09712668088988975,944.9252400453037,0,3
0.00218653386350573,43.09160643709063,0,3
0.0008270067055742843,45.34863198909529,0,2
0.000700338566178183,9.289483318982182,0,2
0.0018601570008806474,26.739142918805552,0,2
0.0006768002877927242,52.42863923577794,0,2
0.0016613795881007185,18.466941605103624,0,2
0.00014499465057158677,5.623771939267931,0,1
0.0005888880293028095,10.1360275074685,0,2
0.07438416796913384,725.5671486739866,0,3
0.0010367221152754378,13.7513672120419,0,2
0.005614644001008142,110.6518557128126,0,3
0.0006349392661349715,36.8778759693636,0,2
0.002067273035168587,24.70219142393646,0,2
0.007038646095694637,93.36253728105953,0,3
0.0009819308763101447,52.39315283353563,0,2
0.005848859058823243,121.05575920061301,0,3
0.0005341526387831028,20.71767895872283,0,2
0.0013627929672788417,14.163778423042427,0,2
0.0026366691325710634,102.26602031477131,0,3
3.4876426501182064e-05,1.8609109745387542,0,1
0.0009116459944517825,49.9897986655602,0,2
0.0005926618032302564,7.423608287996607,0,2
0.0016874767008796343,22.38315497822256,0,2
0.0013828977451723682,26.645019316664992,0,2
0.0003783421712225565,11.841083297410353,0,2
0.0010112583617076793,19.484447549288333,0,2
0.0026488303474261248,44.43726106288842,0,3
0.00047425930777019734,6.734382388007037,0,2
0.10483661207047916,396.3886260080733,0,3
0.001195023635738861,46.010399233679856,0,2
0.2955835366307321,739.2523083621413,0,3
0.0009003440728154088,18.634717332096198,0,2
0.0019327377324039276,86.39345694967093,0,3
0.001753929289932876,93.58488215787905,0,3
0.001968859086345679,107.96171970948637,0,3
0.05942134644345342,287.99632505652943,0,3
0.0009099068401099406,18.832641071282904,0,2
0.007095595035531509,78.87056041444505,0,3
0.0004256024217633139,8.200306052049733,0,2
0.0022990506734319404,39.5715988565077,0,3
0.00046552459594599084,36.062072573628164,0,2
0.0010214506556587937,12.102903837641142,0,2
0.0014418114329537708,16.546934989041443,0,2
0.0052440680110736795,101.04022075438921,0,3
0.000503750653180662,6.309918242837675,0,2
0.0016997913825212067,24.1366800022481,0,2
0.0018806169222135103,100.34458861006881,0,3
0.17668429351010145,574.9274220645589,0,3
0.002622788287122169,100.98171499453139,0,3
0.0046006654975394475,47.81563177259336,0,3
0.0005966116941844066,22.970543356604512,0,2
6.42385488336278e-05,2.7731546901737367,0,1
0.0008871501752131379,48.646578732230516,0,2
0.0010905187804793994,42.296932284938535,0,2
0.0011061505928066898,40.273925279391484,0,2
0.002704536566432449,30.06207563815795,0,2
0.0016749814827464171,34.667642526785635,0,2
0.0007839278166718062,8.65543448468548,0,2
0.0012791894788100186,22.01759774236386,0,2
0.0010928227881221355,24.794236773525924,0,2
0.0008000706831565401,10.021586210030248,0,2
0.0010225763476896692,18.0631099214495,0,2
0.6609770692879043,1413.921191196646,0,3
0.0013514456561033188,26.633918324296435,0,2
0.0006149093992655428,33.71834818989145,0,2
0.40195032121770197,1070.194639430163,0,3
0.0009472531484493604,42.34225509697705,0,2
0.15537093408808642,737.2868079432859,0,3
0.00414211089588929,49.494776214253676,0,3
0.0057289691282390864,82.35204029815048,0,3
0.0016081558843547012,36.486242965289605,0,2
0.0026964551074163457,33.77546245518669,0,3
0.24060300710150878,1094.7471330560816,0,3
0.0006956189807662223,9.877643171328886,0,2
0.0022709993447987613,40.33985037994349,0,3
0.0013314918830887052,15.776501911615949,0,2
0.0013644483636700514,24.102044635393465,0,2
0.002059800963862737,21.80625659864382,0,2
0.0016016123138745638,93.02316522587867,0,3
5.432656459459559e-05,2.978978729466708,0,1
0.001356723648710587,14.363069314110135,0,2
0.0017359634177193351,67.33118992790446,0,3
0.0006433624902246782,49.838365181297995,0,2
0.0009012172074349369,10.34281057952293,0,2
0.0017435911466981279,30.971477883816494,0,2
0.001279977660885607,16.03284152953795,0,2
0.0006602877707627097,38.35014120720424,0,2
0.0030553133735260855,51.256494452444194,0,3
0.0007311638576122664,9.709083115984802,0,2
0.0021965080778236098,24.251890746012414,0,2
0.007925193738730253,90.95340942169688,0,3
0.0014577009350952893,30.170515584437272,0,2
0.000829153666055828,37.063203326588315,0,2
0.0008214250006656261,31.62622988438535,0,2
0.0007392156394500207,14.568257980807212,0,2
0.0017600410511807085,55.08450888926424,0,3
0.30059360014259867,748.3735112427274,0,3
0.001066621031660608,46.045640356046626,0,2
0.18081880317599164,457.866054476641,0,3
0.000818695467459677,43.68335672661911,0,2
0.00040286418673868117,21.49573398310267,0,2
0.002196725271212836,29.17018944404654,0,2
0.002026654867550234,35.799468399703514,0,2
0.0011809447728073766,91.48241891684566,0,3
0.0036138916906524126,156.01038432029998,0,3
0.0036001240284229716,131.07720328509305,0,3
0.001343221740698858,27.801102054215747,0,2
0.008586750961136256,94.80727536364502,0,3
0.33081267975917106,1270.5786146648015,0,3
0.0008833379241381521,39.48524191439128,0,2
0.001240814146242002,21.918130970168562,0,2
0.00411816779313523,45.46915005740442,0,3
9.104039301314442e-05,4.992169049014861,0,1
0.00022653206018374803,12.421808628348094,0,2
0.0032616536707671256,43.26347116971336,0,3
0.10495426100299583,230.19499726499149,0,3
0.0014236657318494016,16.868645934154646,0,2
0.0014464680879470978,15.313156387874203,0,2
0.00113282543328129,43.937840869729094,0,2
0.001572729504790678,121.83219970406842,0,3
0.0016663477976836883,23.95319959208104,0,2
0.5704232660558313,1587.6053853430017,0,3
0.002649180696532078,28.0457748385645,0,2
0.002438285375444244,188.88287521265138,0,3
0.003626078627490968,140.64132127960693,0,3
0.0011204974663085445,48.371466361561126,0,2
0.0044552614877776935,59.09581346957373,0,3
0.007653907079954477,90.68915943980114,0,3
0.005238945712206613,108.4321821099868,0,3
0.0016957474271329718,35.097442106148016,0,2
0.0006158151282718262,13.971767669054543,0,2
0.0005400395144818593,12.252551589020058,0,2
0.0002273609678802133,8.753775732524867,0,2
6.71605512576192e-05,3.6827260318906507,0,1
0.008554440952307027,90.56231050311563,0,3
6.297321764402198e-05,3.3600791013324196,0,1
0.003165994197045681,71.83086827833115,0,3
0.00107782352562088,41.49799990073653,0,2
0.000570971279090914,25.522439900981976,0,2
0.09212741420161395,374.3559321870786,0,3
0.27556773804301776,799.7850960426317,0,3
0.0011922331030422052,12.391115822841597,0,2
0.0003698459688255943,15.966115388858862,0,2
0.001596249788076551,28.354247555157507,0,2
0.00032269978983285463,3.823586096046012,0,1
0.000373923049784796,6.605094246201133,0,2
0.0011314797930062814,19.98681459936712,0,2
0.0014078490601874825,16.822624002312377,0,2
0.00048796645644140024,37.8005414084018,0,2
0.10716753891728052,414.8413219010519,0,3
0.0002968366469915764,15.83839370737104,0,2
0.0014027811586207642,18.60687502089476,0,2
0.0011299948218335945,18.95699924546866,0,2
0.16216059929935867,418.02190872027455,0,3
0.00040744030238687104,23.664519959219206,0,2
0.0009350857786327533,11.173496441268696,0,2
0.008044498095745938,106.82243087485517,0,3
0.003329213231794282,44.159599764521964,0,3
0.0003062111172494984,5.2705508570248165,0,1
0.008282339162398724,103.74355376854686,0,3
0.00635282713621409,75.27300070816139,0,3
0.20270278025620078,763.431708412898,0,3
0.0008488742842153233,17.569430192807186,0,2
0.0016215676664072206,17.90390951893977,0,2
0.002178353600237804,31.31311400966555,0,2
0.0012256225360912666,14.645168773048862,0,2
0.0005531089033537432,12.549073152897401,0,2
0.008622236289515242,95.1990728332843,0,3
0.173223295902889,667.8200848013811,0,3
0.0009055272035492049,10.065320477960627,0,2
0.00019910237422827136,8.899884401321618,0,2
0.0017169788301304378,28.804350036270844,0,2
0.0005791131248642765,7.253899222116396,0,2
0.001119977163910056,43.43950705897634,0,2
0.0015985148306933848,21.226587162034896,0,2
0.0027816838208222124,28.910593338148907,0,2
0.007399839393322748,78.339023736034,0,3
0.0018954543460390273,21.753163500964884,0,2
0.0006397720863505818,20.023130229854736,0,2
0.005908580379801925,78.45970148512919,0,3
0.08995835060253005,455.09670861249697,0,3
8.498555905377269e-05,3.272085492053001,0,1
0.0015882861537975326,123.037302528652,0,3
0.002698069888934684,38.312024759370765,0,3
0.0007325904185042834,31.625660789958452,0,2
0.0016205680506626448,31.224338288652156,0,2
0.001814512149946952,25.765690762886543,0,2
0.0021924163084022052,79.82386047623852,0,3
0.00026595344958126233,3.527679686402323,0,1
0.0007354973896676216,39.24413426159628,0,2
0.00015822482857000863,4.952007778466345,0,1
8.329416535564879e-05,4.8378042795424046,0,1
0.0004848393247653961,8.564354179778547,0,2
0.0008585688009565498,45.81088902678924,0,2
0.0007056534639104167,31.542739158874024,0,2
0.52418116332287,1077.2102477440712,0,3
0.1168033988787354,288.7505997347028,0,3
0.0004839468083899444,9.53749024960891,0,2
0.001603458819900057,26.899917638261297,0,2
0.001031311067800084,37.54908703615246,0,2
0.000344285977309829,19.996456742248558,0,2
0.0018796468081382002,33.38823993106539,0,2
0.004883249959344642,57.86036197215536,0,3
0.00030140836119634505,23.348734503862765,0,2
0.0005287617954808061,10.42069165729552,0,2
0.0014925795098991769,26.51274834024119,0,2
0.0020264175658013073,23.25616162806565,0,2
0.0007404769523648789,15.325894971577831,0,2
0.0019435946348328452,33.45343715911042,0,2
0.0029746607744011518,108.30466171499417,0,3
0.0007510443804357975,32.42231158627713,0,2
0.05959709082636335,365.3524008258889,0,3
0.0008183035270262325,14.535557626302785,0,2
0.0020981130319762905,111.94958769342746,0,3
0.02855420675536709,206.3152236983127,0,3
0.005950193721668615,79.01228267566698,0,3
0.003009152916394221,116.71320055927825,0,3
0.001240629488688153,66.19660505522084,0,3
0.001283147231711497,13.584146371146657,0,2
0.001196397132205365,27.144157399975406,0,2
0.001158209421769845,63.510020511467005,0,3
0.002039717423621539,22.520747640236962,0,2
0.00429735957003862,88.94386410701276,0,3
0.000922486337276144,10.253828471228172,0,2
0.0011232693877155778,40.89720485047089,0,2
0.0005281918442821918,20.486483195859734,0,2
0.0009334371341622279,13.417850710594692,0,2
0.0008503130609972814,15.104144232935319,0,2
0.0008460758004083824,36.52478327649823,0,2
0.0008417729616641525,16.218883067881514,0,2
0.0037619571730136444,44.57445462888571,0,3
0.001216149397530445,21.60250941877036,0,2
0.001405806500320176,27.705246851916407,0,2
0.0005439615612982029,17.024520785266866,0,2
0.0017291568745854543,24.856059341596524,0,2
0.0017578094030649284,31.050497637908645,0,2
0.006733286763211744,89.31216712812744,0,3
0.001953797712464338,34.51249671895424,0,2
7.114397369289512e-05,3.071259359158645,0,1
0.0027781840845076465,49.34899279194185,0,3
0.0019017570219117528,147.32046456584058,0,3
0.001108982058052425,47.87435039311934,0,2
0.39425530423339106,1459.149308797597,0,3
0.00713511840093674,94.74682983280596,0,3
0.00040427334868976697,4.79013003340598,0,1
0.0029748306487878936,34.14061521766247,0,3
0.0035542278347424124,47.19638847214518,0,3
0.0009069480301925738,17.873881684728165,0,2
0.15404152776303187,707.8562781278838,0,3
0.0017237824306353036,24.477347837844253,0,2
0.0025454387977964384,135.8176702442717,0,3
0.0018632659660589505,19.36529386349204,0,2
0.0014844600242603762,21.079020019831837,0,2
0.001079331349633139,62.68859049135503,0,3
0.00046836043755231976,6.21933150700937,0,2
0.0015734096212514498,20.893216519355764,0,2
0.0010723046388822189,12.705459492487897,0,2
0.4316916395480453,1206.9855736058835,0,3
0.0005642356218768406,7.067545463733025,0,2
0.002281317162468907,25.357811738975094,0,2
0.0009310391218831262,41.617487435723554,0,2
0.0025542199755071745,30.520801897208077,0,2
0.0023021011675181864,25.417755830079916,0,2
0.0006070911213630101,8.726734491324267,0,2
0.034017850225869305,172.99030325700986,0,3
0.0007264735689441884,12.90437848135486,0,2
0.00044870659535081324,9.287027950617693,0,2
0.001782615884798903,19.814534670276558,0,2
0.0037259217751122254,135.65738349150024,0,3
0.0020064404558851065,26.6434082465185,0,2
0.006899711406570158,81.75289055675043,0,3
0.0012450169816682027,14.288425368989905,0,2
0.0011149486651052798,23.076459146407448,0,2
0.06826385384738681,413.37188534632764,0,3
0.0004235778600347453,32.81264977657009,0,2
0.0008685628145639841,19.70617039747591,0,2
0.0003866380456186,5.128473353763656,0,1
0.00042840506380426144,18.49409013052068,0,2
0.001028562736965106,59.739901221426656,0,3
0.00072359689340765,38.609156245947574,0,2
0.055597702405160834,261.871110911269,0,3
0.003073703492775546,168.54548771848474,0,3
0.005103782682384586,72.47264027366327,0,3
0.0006254146160823095,26.99892054510343,0,2
0.0007950222980274098,30.835786514285356,0,2
0.0003945391801140622,5.239063244659569,0,1
0.00031043607356780504,3.427559322817145,0,1
0.0009157677478852404,48.86286879507348,0,2
0.0006965542197009569,7.742496773245705,0,2
0.2694285127561355,983.6695105164256,0,3
0.0014723986777074108,80.7384817154742,0,3
0.0010261923302687316,54.75482327066556,0,3
0.000884241177051957,34.29623575384862,0,2
0.0003694060327787446,15.947123510401934,0,2
0.0012461293002514447,25.791547887703363,0,2
0.0003536834251721623,20.542269444627593,0,2
0.00022376476786449944,17.334038562995357,0,2
0.003457660028834485,154.55754696534274,0,3
0.007194558852287838,90.11815243232924,0,3
0.0005599202185604206,21.55786046779399,0,2
0.0008895364888921604,38.400965324432,0,2
0.001955923333098137,22.447135247097066,0,2
0.0024909376112806064,26.370521072548396,0,2
0.08358905532933485,816.8180656835962,0,3
0.0006508298331879861,50.416826268467325,0,2
0.000251665029787681,4.470335788845716,0,1
0.0012843737394925012,22.1068300009067,0,2
0.0005312321692166374,19.341674477390853,0,2
0.00024314327980547808,7.60972486910169,0,2
0.00024062233905741,10.387578490383335,0,2
0.0008036855553685582,46.67882081016309,0,2
0.001710877378401059,21.430237981963483,0,2
0.0007165328139928792,9.51479832319139,0,2
0.0011910954769503823,15.799017930465627,0,2
0.00025634723470193267,11.066416491877428,0,2
0.1831673606409937,599.1403871903748,0,3
0.003170429398546891,37.56559548135538,0,3
0.0006211918221054896,7.780971768188018,0,2
0.0008354838604888328,37.34616328078273,0,2
0.0042342029143252495,44.825746205765334,0,3
0.00036793475135436126,19.631994599168937,0,2
0.0020765962950755157,27.575003629249462,0,2
0.0013260550549218713,15.218458034231386,0,2
0.007917813579436916,90.8687110948252,0,3
0.003679688122881329,141.67411800564307,0,3
0.0009853894649266026,16.531073401553364,0,2
0.000991445366966412,19.10270014284054,0,2
0.002763823984794701,86.50019086580618,0,3
0.00199424932280816,86.09101487090561,0,3
0.00724744746134009,86.60096246567906,0,3
0.006802081299239313,90.22467677093158,0,3
0.0036728483653483096,61.61637411545767,0,3
0.0007024005454743459,9.973939963369174,0,2
0.002096862678705248,90.52079596570381,0,3
0.08581379500360724,326.64298393784895,0,3
0.0010013190382506072,11.130087512746954,0,2
0.001256781745773334,26.01202505547682,0,2
0.0013739154678188601,24.26927453784926,0,2
0.0002264451907498168,3.2550748758674475,0,1
0.0007171638210701222,27.81596256753669,0,2
0.0015567381059550887,16.179488832762008,0,2
0.002842466095231283,31.383985284086638,0,3
0.0030569946999882518,52.61744309177199,0,3
0.0012083334100091514,13.867426713039016,0,2
0.0012224707732869523,20.508392674936477,0,2
0.00029668060864345927,5.846899624359261,0,1
0.002555013899326532,27.04887009924163,0,2
0.0010200810128783136,39.27481704092748,0,2
0.001461607964566527,25.157411590656498,0,2
0.002480142064606728,43.8100087441076,0,3
0.0010831589834685768,15.380629672779978,0,2
0.0017752231679730697,25.518247104268127,0,2
0.0023158113681514977,24.068688256848915,0,2
0.0025001759726625064,193.67725821184544,0,3
0.002578607811107371,149.76799215853723,0,3
0.0018619022908012688,23.321957315447474,0,2
0.0011354229561094892,13.56735889831849,0,2
0.000420776055141889,7.059015851853811,0,2
0.0006611301651305087,13.029370985279488,0,2
0.0004957059364063919,10.259788767076198,0,2
0.0014179951065841695,14.737505238759551,0,2
0.0015863288009354342,122.88567530727663,0,3
0.0010227953193771636,56.08463417040331,0,3
5.921834996877543e-05,3.4394580422667356,0,1
0.0021368295735714224,82.87921069829929,0,3
0.0498773726489207,243.70356759195352,0,3
0.00037581070731512316,21.82744301937665,0,2
0.002119354772693551,23.557530806413634,0,2
0.0021446806708015757,23.839038948687346,0,2
0.005406068580464587,96.02820810103736,0,3
0.0016028792070144433,21.284541465997584,0,2
0.00184591219748513,24.484686971359938,0,2
0.00036251564166069387,11.345755868682602,0,2
0.006746133172410268,116.11543791364004,0,3
0.007550183981070921,94.57266871643041,0,3
0.08243222557422558,456.80920498702363,0,3
0.0010453871435167623,21.636721460414716,0,2
0.0028878134378311077,30.013619561154634,0,2
0.0014865911037707246,15.737922078303193,0,2
0.14422318301005949,643.1304601935353,0,3
0.0007764136058738703,11.024909848979883,0,2
0.1249634480173683,301.0062612090149,0,3
0.0007544798976125863,12.986219137595752,0,2
0.0010833682675750885,48.426606577900216,0,2
0.0007804475688090247,30.270490119710335,0,2
0.004301063880753465,61.074202179442196,0,3
0.0026704598236061477,30.64750638128336,0,2
0.042130073352724944,131.83367862751612,0,3
0.0018435597628983847,22.02900409856553,0,2
0.0004531386005447332,5.3691217261778,0,2
0.0008376463971941042,8.86781421923899,0,2
0.0020182288375755336,22.433472974018553,0,2
0.0013891184092309087,19.968118636214154,0,2
0.0024176655414351843,140.4203121901399,0,3
0.00202103869407169,78.3881381215752,0,3
0.0035126447683151954,67.67997708512767,0,3
0.004003217267225911,77.13209583745915,0,3
0.0013124264497916332,27.16372179199963,0,2
0.11102449441069392,400.323010889642,0,3
0.000847008895921996,45.19408402978939,0,2
0.3101596210841926,776.57215042343,0,3
0.004758978838924547,93.78864265133376,0,3
0.002714095310789424,28.20813250731596,0,2
0.0009136553115109288,28.59493197325424,0,2
0.0016050975545681525,28.352947560657945,0,2
0.0015521198333871887,16.131490207204404,0,2
0.0003851363609844049,14.02246052710235,0,2
0.008150868867157176,108.23492227468418,0,3
0.0023028722564288587,23.934209494607874,0,2
0.0008652355645584402,46.16660934552638,0,2
0.0006129604524750848,6.370619924962185,0,2
0.00029006167606995483,3.3288900247580657,0,1
0.2374961188256111,841.1909135402796,0,3
0.000889524534165963,10.629077507153571,0,2
0.0007310232729024542,7.5976703050883065,0,2
0.0005539870583109907,11.46605231151595,0,2
0.0062070183575776705,110.25551038740325,0,3
0.00042225101673251366,4.470195995364643,0,1
0.0005624061039095721,7.986048347440118,0,2
0.0003579924495615711,19.101500498296744,0,2
0.0026479684380016745,29.433296801627677,0,2
0.0020783129171759725,35.77222807969593,0,2
0.0008265637273039314,17.107661260108642,0,2
0.0006707692390846034,9.642086415786617,0,2
0.0018622862440741837,22.06574659806251,0,2
0.0016220793266880525,16.858593138826013,0,2
0.004611124068420958,61.16321759789463,0,3
0.0005376468183731927,7.6344717020817425,0,2
0.0022653911631876555,131.57607159291308,0,3
0.00280644576257539,30.98628077253697,0,2
0.0023960269045247506,30.012336023251805,0,2
0.001604424126543232,33.20729372431626,0,2
0.0018430887388499325,98.3421871233965,0,3
0.0012199728753642968,54.532838222420715,0,3
0.17382954696250766,574.344713233007,0,3
0.00024668029080987194,13.526630015813183,0,2
0.0038604830059038447,140.55663409051132,0,3
0.0008788031729853306,11.66957715466077,0,2
0.0028751878181770066,166.99364081354105,0,3
0.00026614782499146663,14.200921885143638,0,2
0.000998985210209637,12.513164920832697,0,2
0.0008457725602358913,14.939992264248037,0,2
0.00038134480520006373,4.2104705398738895,0,1
0.0014330255017467107,25.454888159040074,0,2
0.00022168460734293524,12.875652664662875,0,2
0.00034048024605940353,18.16709709305008,0,2
0.0007954224405247268,42.44157149863662,0,2
0.3348860550315531,1244.966094299802,0,3
0.0019715311311659734,28.340109281186315,0,2
0.10914686588358116,1063.4549575663927,0,3
0.0017232838114061067,62.74317792449388,0,3
0.14800907030044422,428.0241174492002,0,3
0.0009377340792608457,72.64199295925566,0,3
0.0002131338373369634,6.670510752868537,0,1
0.0009114016169543901,10.798961326580523,0,2
0.0012321612166832166,44.861856148312185,0,2
0.0008495837299206889,12.063910215732728,0,2
0.0005039832927064167,18.349567956220472,0,2
0.0004930628158594027,5.443961559655022,0,2
0.001353875927942962,17.978041141223855,0,2
0.0002392828278869683,8.71206759154663,0,2
0.00197206787941079,21.92037426679387,0,2
0.0008871192199866593,10.51124550416683,0,2
0.001444586244125359,20.512820731204194,0,2
0.0007475623306426834,27.218056602581157,0,2
0.002255273319737219,23.875641177504722,0,2
0.0004981316008738208,5.952257853589988,0,2
0.0006493075790790701,9.220031011111677,0,2
0.14052735219921392,541.731947625829,0,3
0.0013079616345130073,13.593905473458529,0,2
0.0026382265552817863,31.524610576158615,0,2
0.00023586670711413514,12.93367082431458,0,2
8.881977318607452e-05,3.4449694945771383,0,1
0.0010470256378067,40.3122299531753,0,2
0.0014158187422921161,15.73742823409163,0,2
0.0001620670660349666,3.6770181333485596,0,1
0.0007975344455724981,35.64982285710731,0,2
0.005523764553578773,78.43629448205435,0,3
0.001669934581891915,20.917393587669096,0,2
0.0006105201885169031,10.844694039702215,0,2
0.003414457095513338,40.457016357874465,0,3
0.0020633738653796727,34.61553633108808,0,2
0.000603602476523473,32.20658150809204,0,2
0.0010033074666097235,44.84788544797512,0,2
0.005644584646029822,99.70771683945222,0,3
0.0024494443446820375,30.681436257675266,0,2
0.0006056471496472975,22.051055443256804,0,2
0.0014411935179762833,17.076328124973323,0,2
0.0011296173482152783,41.128328251302584,0,2
0.0010527585674445967,14.94895016136978,0,2
0.0006252121673917255,33.35961566116842,0,2
0.0005734918359564149,11.049769298093487,0,2
0.004951142505822413,102.47542451011745,0,3
0.0018079253426636277,19.13975409516378,0,2
0.0016651912388414355,37.780275354599574,0,2
0.0011623976173187635,15.418361629052423,0,2
0.0008395877108184041,32.325524459239716,0,2
0.0013744569162376266,15.773941528282775,0,2
0.00047140066511734723,25.8490954640768,0,2
0.0013257990848545304,23.550221112739678,0,2
0.00013493965751852725,10.45316136863846,0,2
0.0028777084121666477,38.21292568882838,0,3
0.00046787858345244225,17.03502871338626,0,2
0.0015863021019455349,18.205180756611576,0,2
0.0003376715666032229,5.964736656272742,0,1
0.0002058861024478982,3.4539828088982603,0,1
0.0011294712234688588,18.948215263795966,0,2
0.000840905294285249,46.11075638345997,0,2
0.0015755654596359729,17.395994021630425,0,2
0.0009987909356503606,31.259445986467494,0,2
0.0007658268181883442,29.70340873603528,0,2
0.002535476681786196,92.31437301027785,0,3
0.0023743773512714785,33.71565882821512,0,2
0.0008292255184327094,16.342147855237695,0,2
0.0006127027729943298,10.278813478545757,0,2
0.5717533299322035,1592.9538104909464,0,3
0.0008393393737672446,36.23397419886379,0,2
0.0005858111065905512,18.33429799081645,0,2
0.0006433690993984374,37.36748869630184,0,2
0.05796813167362172,265.5152817581624,0,3
0.0021854466410279275,31.415074129873815,0,2
0.003373553875065418,130.8468798221944,0,3
0.0015200052421127889,21.849573658000764,0,2
0.002616269300950571,28.88652124223821,0,2
0.002646228034779979,29.41395147868367,0,2
0.08302972568513574,317.37814933527045,0,3
0.0017030127344747836,32.812843440533044,0,2
0.007019802141938954,99.67971347622857,0,3
0.0010302719985825738,39.667186954638716,0,2
0.00340853224735269,147.14509216008898,0,3
0.00017315934815802505,13.413866924447786,0,2
0.3604834377510532,1343.6096404158538,0,3
0.00023212408868854604,3.0823625194757045,0,1
0.0002296748351254104,12.25482264491086,0,2
0.04803599705700249,120.51360765235889,0,3
0.00044590376267123014,7.920606014796181,0,2
0.00034826310843077886,3.6195677694044512,0,1
0.0019910932979842737,22.131849896039345,0,2
0.00029843826581127885,12.883470931220996,0,2
0.0026540497627268646,31.713684729693014,0,2
0.0007535416554231175,10.831912580547217,0,2
0.0005523943358125661,6.140098274652836,0,2
0.00038245169965010593,20.40657935771486,0,2
0.0016089625064170626,28.58006406935119,0,2
0.002206741176020035,24.364875524879615,0,2
0.2457880571125703,509.3485725480005,0,3
0.0018808001368421224,33.223044605728205,0,2
0.0010796506445170358,41.875400057257394,0,2
0.0011109680658214181,19.62448900514028,0,2
0.0022368245628990612,129.91689630088564,0,3
0.0006952144548547377,26.964633023169462,0,2
0.0017351878382388204,34.19660343148277,0,2
0.0007848324810641961,11.144456105383629,0,2
0.0008001583214743165,8.89410048331961,0,2
0.0018028605552035549,32.024282710331555,0,2
0.0012910566628312305,14.350644592088798,0,2
0.004571328512759086,65.7113385448688,0,3
0.007321778504710618,105.2481493576129,0,3
0.001151692342746283,22.697235107378276,0,2
0.00216060513478951,24.016046147201173,0,2
0.004010813587389393,79.04400818344172,0,3
0.0008497143619887758,16.371894211177995,0,2
0.25161374006820036,820.7177796993606,0,3
0.055277776775049366,192.62748671168984,0,3
0.0009346757652912326,16.510406413677536,0,2
0.003806535992179795,45.102657492699564,0,3
0.0009588966036847579,9.966003165042677,0,2
0.0003226458902093684,5.699318387055458,0,1
0.0011822129329236634,45.517165850369544,0,2
0.23677057294910986,889.6299571746191,0,3
0.5440411405670236,1352.1864430139037,0,3
0.008349050490802663,88.38792706265009,0,3
0.0025270354515584334,33.5563594682383,0,3
0.00044227825749061585,23.59876127608053,0,2
0.32640464956687615,682.946642106901,0,3
0.002218589115703626,23.487280758072064,0,2
0.001100799264313712,49.205772856428375,0,2
0.002173141098230466,119.16345449169977,0,3
0.0029676713013779108,34.0584510362381,0,3
0.0005735013272363698,33.309502092744125,0,2
0.0015825619760471176,122.59387652010712,0,3
0.0006573430075745638,25.495748607957506,0,2
0.0007850394846401815,16.248220355423534,0,2
0.0003923796295669096,16.938885292696575,0,2
0.0019415517070989305,33.41827398601749,0,2
0.000888806871641934,32.36064037672364,0,2
0.001946851037448551,23.0677328972439,0,2
0.000258310764407755,10.018858094147165,0,2
0.0014760681968186051,16.407126577834955,0,2
0.0014862554999139355,21.36443225343075,0,2
0.002742538307076261,46.00932288658733,0,3
0.00010952506822918168,8.484408758437679,0,1
