energy,time_ms,violated,priority
0.033983916647737214,737.6387646636346,1,2
0.02462348976924947,1654.2201253468027,0,3
0.0069154235253057585,229.73114447408295,0,3
0.031078621414732235,608.3048505059099,1,2
0.030543046812850257,564.0174187928798,0,3
0.039069081758417175,1496.07755273466,1,2
0.05237807908403457,1036.9346692534077,0,3
0.05669792106354603,1160.74880487601,1,2
0.01953103657667223,1147.5005270908111,0,3
0.03937264859613928,806.056976084715,1,2
0.019454098537094944,820.8447443380137,1,2
0.060589281116135936,1185.9198353676131,1,2
0.026544630722257722,287.9942750891783,0,3
0.04678379748957501,1418.1254381426425,1,2
0.02882305276998625,1432.559619139391,0,3
0.010050121547528499,196.71199709770718,1,1
0.03273174439084322,1381.0807170020141,0,3
0.028888940718340615,533.4721802791377,1,2
0.0338482894740215,1046.5849569356712,1,2
0.00896266773214406,685.1756322686246,1,2
0.05438987115777096,590.0994321665883,0,3
0.004672135098744832,141.6232539790203,0,3
0.03147567636705256,954.1007727901722,1,2
0.025281737501985785,517.5806456418183,1,2
0.016310345808519002,171.5531231406131,0,3
0.022618537175592424,699.3623938968514,1,1
0.015535801350064658,1043.7040199217188,1,2
0.07636670298322853,836.698155939738,1,2
0.06477419184522488,681.2985475852742,1,2
0.03172757204206391,981.0126341776325,0,3
0.03429608779131919,678.9634723625699,0,3
0.06556885098965536,689.656816604199,1,2
0.0019990697412251225,117.45068280128983,0,3
0.00920208424988167,618.2012827564804,0,3
0.03673004175611433,1549.784569936924,0,3
0.019961493899014374,1172.7910436662437,1,2
0.020568490283161923,216.34052323530602,1,2
0.045963025489585946,483.4416550268134,1,2
0.023011536566739734,1545.9281872950783,1,1
0.06118297814329743,643.5259624013823,1,2
0.03318622724563549,349.05458143439716,1,2
0.0449412612279397,975.473685338456,1,2
0.028678425190150982,622.4802852784176,0,3
0.03667755179442193,1547.5698125117185,1,2
0.014051437492497293,538.0735678961878,1,2
0.02074242378453632,1218.6727587375124,0,3
0.045652916253496316,1411.5825683842618,0,3
0.010483493144372894,324.1483215705714,1,1
0.0643331821658182,704.8550321165073,1,2
0.02143027723013211,711.9162111271348,0,3
0.02390887907967506,1355.7233352982878,1,2
0.08162958469989844,1027.3932592290528,0,3
0.09666668507912443,1016.7455628262794,0,3
0.010057019717901725,334.09532204896004,1,2
0.01017730196336634,308.4976333767038,0,3
0.0019784181336793046,38.72376869572094,0,2
0.008386932974286934,105.558278105499,1,2
0.007777282428181794,522.482281503046,1,2
0.026365728783834825,516.0589490860526,1,2
0.060558150233235776,1198.8764494771078,0,3
0.023108718536719825,473.09349127017236,1,2
0.03518194502858575,763.6426000673424,1,2
0.004256361509079315,241.35170043290412,1,2
0.013312617934620527,561.7115819669867,1,2
0.03975383797406465,500.34341486841805,0,3
0.0022548899437812592,44.640307528390395,0,3
0.017416553142667532,378.0354359394073,1,2
0.09185681094762102,1006.4127601169146,1,2
0.02218173535297333,935.934443329072,0,3
0.05348273125718723,580.2574757722195,1,2
0.036126602087011364,1117.0301033523624,1,2
0.006854077583096954,86.26569806762141,0,3
0.04503047776362168,1392.3368466581899,1,2
0.021729081295736977,1232.120605447662,1,2
0.0354990682093903,1625.7505116096136,0,3
0.008407713681449276,476.74897666521537,0,3
0.07506017668349547,814.3605913456205,1,2
0.04096011329007929,1241.5960593795235,1,2
0.02936529878882545,542.2687568283698,1,2
0.006932367233802353,465.7203955213426,1,2
0.03363088858749479,1540.1935060521582,1,2
0.08479292164353296,891.8566595055046,1,2
0.014308394669126033,655.2814236259483,0,3
0.008323257701875255,257.3541067759799,0,3
0.024362044942948063,1210.8391884591845,1,2
0.0261154495200396,807.4864944730406,1,2
0.02292183212496514,448.65122805893986,0,3
0.0062846895918949415,68.18533819951156,1,1
0.006612648640101091,253.2190353423197,0,3
0.015557745800187489,773.2490578302709,1,2
0.03564347386938189,1184.0801962571234,0,3
0.01953818073860836,360.798133061902,1,2
0.0263929288293871,876.7760533842408,1,2
0.027356573258084785,1154.2811577302723,1,2
0.08300197179582575,900.5245900169043,0,3
0.019306925131507502,1134.333381535374,1,2
0.022351548334898316,281.3174926349399,1,2
0.004095064016695225,51.54064157414925,0,3
0.05730615103821568,1173.2007996395619,0,3
0.047518676997909626,520.6299062770689,1,2
0.059555790478098794,652.5123924690354,0,3
0.021476817539781937,822.4146352895374,1,1
0.03254063300549738,1006.1523793944236,1,2
0.03701975928943647,401.6435132245957,0,3
0.014524757643742978,612.8565120566208,1,2
0.025205797592310224,1480.9078826602863,1,2
0.011738057885290205,495.27471578822616,0,3
0.011376845104478341,480.0337313678083,0,3
0.004370419688724795,86.52168566845711,0,3
0.02671702259255034,579.9070114530617,1,2
0.03633878888637629,1533.276076304117,1,2
0.015605345943494116,916.855724748483,1,2
0.011932243756821774,396.3904747652021,1,2
0.05844360372848296,1196.4873121970681,1,2
0.0021561736469424076,98.74626536559425,0,3
0.02416736974810326,1419.8974752558736,1,2
0.007015489045006345,471.30456633699345,1,2
0.01965730091582482,362.9978433688485,1,2
0.018711378001804543,1430.442434792426,0,3
0.06102539735667087,1194.4559805511972,1,2
0.0010221340355007513,11.08957791419515,0,1
0.020444712756568183,1562.9519478104044,1,1
0.007627577047008379,321.837401981467,1,2
0.04085023990649904,886.6759182935264,1,2
0.017556625181930175,872.5971008244082,1,2
0.0021655480983087077,107.6317898627167,1,2
0.06957213041668292,762.2546338974681,0,3
0.018531136706042745,1416.6633962878977,1,2
0.05918944181223003,1093.0106742553223,1,2
0.020134505124796524,1182.9559149467968,1,2
0.052913444231860826,1083.2710618290268,0,3
0.007140037292057493,545.8396665159802,1,2
0.0405804594599028,426.82752656238705,1,2
0.03300318713006797,1511.446667979383,1,2
0.0014489549624233822,15.720344291325572,0,3
0.009456868984026335,722.956197759406,0,3
0.028728155991210716,1427.8430717859544,1,2
0.006201934140520708,114.52684818556567,0,3
0.003966334691934732,41.71812859215823,0,3
0.014773598295369858,490.78059094661427,0,3
0.005687371041432889,434.7866244426576,1,2
0.027245346859975275,1247.754908250504,1,2
0.0659369290853927,715.3784994127468,0,3
0.016942286669038343,335.4083374338681,0,3
0.007554172267633225,163.96727773649013,1,2
0.012215545278911518,265.14482784988087,0,3
0.01631572620220447,504.4802520320565,0,3
0.05007808250780494,991.4013806952256,1,2
0.03525585566217773,1350.0571778161539,0,3
0.03461969543837962,1150.0701620514988,1,2
0.03949440356825563,729.3159616269828,1,2
0.010280083813944706,393.6566190465971,1,1
0.023767660534087423,720.452930654871,0,3
0.02427586747043556,735.8578619120318,1,2
0.05828334706376142,632.3414502551161,1,2
0.012653174676544122,579.477328321422,0,3
0.011095046553665194,368.5786898574717,1,2
0.016563274610028635,973.1365906128513,1,2
0.01490338472083253,628.832273961003,0,3
0.004414110180768588,146.6372348637654,1,2
0.040501929233132256,1252.314681804012,1,2
0.01782602778434438,1362.7594175082054,1,2
0.024881306765377174,487.00421393626516,0,3
0.02944091157856834,370.5445055561738,0,3
0.0028857923465025344,143.42927578878425,1,2
0.006750595548994746,204.62621215764224,0,3
0.0011288170915069622,56.10432023255878,0,2
0.05689781346510895,1164.8411042384134,1,2
0.02161258064233499,469.11241724890067,0,3
0.08190051474453307,888.5744021108087,0,3
0.033131021757091386,1100.616255533796,1,2
0.038347717632035906,1468.4542601397538,0,3
0.06177704483228383,649.7743888324264,1,2
0.015471220252991696,708.5353365661836,1,2
0.04602662900602372,1395.1739048105474,0,3
0.024788455426915594,538.0464479289814,1,1
0.046349484287894926,1404.960397413297,1,1
0.0021435932505935664,66.27964026311902,0,2
0.04389315760241421,552.4410593633083,1,2
0.038962361503520004,1181.0395680377092,1,2
0.003844074500774038,41.70604069887974,0,2
0.00948407495201935,400.1703324586635,1,2
0.002037032966168921,37.616485434950675,0,3
0.03953240510388785,858.0716215638382,0,3
0.04741088148024987,1437.1338087056815,0,3
0.05679841132409331,616.2307348198796,0,3
0.08755373581367697,920.8950562911623,1,2
0.011548739054087712,775.8508946001763,0,3
0.033402639348201424,365.9700583420253,1,2
0.03824991580139497,1613.914019047377,1,2
0.047088054883957266,495.2747766843927,1,2
0.0012472566719311422,95.34994538810653,0,2
0.0550462862992859,597.2211663062025,0,3
0.03079358851534282,630.4220753873319,1,2
0.0326381285205034,989.3373943961815,1,2
0.018941912739823607,1112.8879293082136,0,3
0.036784281113604704,1137.3654581493297,1,2
0.0014984057641809192,18.85899563704811,0,3
0.004880944709718399,276.7679161877252,1,2
0.044884185466110255,1387.813506770999,1,1
0.09031634552704146,949.9523387001432,1,2
0.016172536941732464,298.6471060696783,1,2
0.00500324559013248,54.28239337362977,0,3
0.014373776242341381,606.4860143644776,1,2
0.004269405766319625,250.83898378787705,1,2
0.008732331496678928,667.5669491749535,0,3
0.008323418769573595,559.1720332636521,1,2
0.019776666558843047,834.4551547529996,1,2
0.02488770457628504,1671.9702271929953,1,2
0.004045015692842695,82.81162771223151,0,2
0.004846336430056968,204.4859483116485,0,3
0.0032490075178870075,40.892140212809146,0,2
0.00197037099589967,111.72744357584556,1,2
0.03433184775760937,376.1507644909613,1,2
0.06650707748037209,837.0607708658796,1,2
0.012463959852715308,570.8118587144634,1,2
0.05740682502098591,1136.4893130295957,1,2
0.0016612315300685136,32.515444751194984,0,3
0.061453007889777846,646.3661502731434,0,3
0.031016900557656137,572.7677496838473,1,1
0.04438641622552417,1372.4225429344801,0,3
0.004358480801879799,256.07237986773566,1,2
0.018585497164057056,574.6612916437484,1,2
0.0684009567522645,719.4450623191588,1,2
0.05091337735599076,1007.9378058998041,0,3
0.018623591188655926,368.6933103930106,1,2
0.05252618181584207,569.8794537221269,0,3
0.01392227812530337,935.3066068772089,1,2
0.0026652623233048476,57.85091895221619,0,3
0.007323158351633264,491.97396631819925,0,3
0.005383092212180029,246.52942624782537,1,2
0.02564669568740225,1506.8118225011299,1,2
0.02260537985524443,750.9532520189459,1,2
0.025413929501919105,770.3551623372643,0,3
0.016926393450204295,183.64182431358344,0,3
0.04507009445289279,882.1612999686653,0,3
0.0051055895238263736,53.70087419170059,0,2
0.02328060863706161,705.6892577182771,0,3
0.03327520585220341,614.4703188768119,1,2
0.025896180462866285,1185.9671467405772,0,3
0.01351954949547618,766.609286560763,1,2
0.0198190457692745,1515.1211248433676,0,3
0.020115448288895083,848.7496851348982,1,2
0.0945070555940507,994.0304599498314,1,2
0.0016366456510537796,81.34434923497041,0,2
0.0045843077966859136,48.21800403205197,0,3
0.07139815092117556,782.2611017575862,1,2
0.01945091708558876,398.20911132764303,1,2
0.004222786713152529,239.44788327091442,1,2
0.0403590448402132,789.9514721219088,1,2
0.02491425768435237,1412.7320821587527,1,2
0.001272698829393516,13.386316977155808,0,3
0.013918762301120957,284.9520124075069,1,2
0.031079438207185905,1190.1290678109488,1,2
0.014153397613167891,1081.9951657442161,1,2
0.042097337114459885,1301.6444977185095,1,2
0.03735307685910814,1154.952552802068,1,2
0.04037142112068168,1545.9482074373886,1,2
0.031379853478184394,614.2008946991376,1,2
0.06921076375418493,750.8977594870661,1,2
0.037115838621703756,1125.0671756426798,1,2
0.017787280278644752,187.08760193086417,1,2
0.023114499028357632,1358.0385103656217,0,3
0.02534032956876046,1702.3778330524556,1,2
0.006503751935234206,382.1127846671986,1,2
0.042734852142400845,1419.6565771682638,1,2
0.04325269502669989,454.9342486781147,1,2
0.026435163443754867,1313.8770544911674,1,2
0.03020556726285815,915.6008192480078,1,2
0.012536866818263588,528.9795987521516,0,3
0.0030312310728697078,32.88714786026052,0,3
0.0822474835214347,892.3388176880266,1,2
0.00909462330354448,167.9441475498314,0,3
0.027552893671238195,346.781835705213,0,3
0.005465634940888802,230.616582266409,1,2
0.03607276224569961,1381.339090450943,1,2
0.011029204898531826,341.0216620436272,1,2
0.017418490396532333,865.7315436907274,1,2
0.06912473884460452,757.3528679612957,1,2
0.08587958552007015,940.9243561725115,1,2
0.042678230254323976,926.3534091479072,0,3
0.03289721236458422,651.2697796324313,1,2
0.09429245284662106,1023.0199428305878,0,3
0.09021000615420809,988.3698372196942,1,2
0.07895735756745123,830.4778724281576,1,2
0.0006566814945762577,44.11623837444279,0,2
0.040777491062471735,442.4127840152959,0,3
0.005343843702557644,359.0024761850834,1,2
0.008895315700744796,174.10887102538675,1,2
0.0023025862045058833,97.15514603516088,0,2
0.014808304479070653,293.1616541831015,1,1
0.027429671599828658,848.1220799089189,0,3
0.026478056685872137,1778.8109914680952,0,3
0.06202090489365362,1227.8347665159163,0,3
0.06007823043869942,1189.3754238167871,1,2
0.008885738104527799,274.745931802739,1,2
0.024193488368968362,1020.8181960733544,1,2
0.008717538072722587,269.5452074595328,1,2
0.05056019176886875,1000.9457514684101,1,2
0.006921241936084334,529.1132574995338,0,3
0.027360023671149095,1607.4744144076535,1,2
0.04446214948325742,870.2619345195094,1,2
0.023626034716272053,467.7272424401406,1,2
0.044401317523763015,1345.9069431362018,1,2
0.04761399675951475,1033.4868142023092,0,3
0.04184971575433257,440.1776347655852,1,2
0.013421323121164352,168.92131639910747,1,1
0.06862118780217913,744.5011928636868,0,3
0.021391147340427186,1256.7869990851093,1,2
0.008510019499269862,650.5717008919717,1,2
0.025507123334511758,471.0224867910098,0,3
0.05300406094344292,575.0641727854157,1,2
0.05420770670397008,1073.1560111604083,0,3
0.09136747978141097,1001.051490500473,0,3
0.008615034130461278,261.1416709726614,1,2
0.002004128147768312,61.96739639784413,0,2
0.04376969547663693,550.8871600477601,1,2
0.032375706635797814,702.7317214636665,0,3
0.031324072547385104,1556.8649787542286,1,2
0.017087152957774014,720.9740237690302,0,3
0.022468007205280107,1116.7019712198414,0,3
0.020796128407386316,225.62626649481936,1,2
0.040156813908687125,1537.7302248775388,1,2
0.012216769750837375,692.7367769096426,1,2
0.08290452697173989,908.3286579956848,0,3
0.0029850719810694086,61.11191855891435,0,2
0.007689956594862364,451.805474392979,1,1
0.0071892630209891934,140.71613759410303,0,3
0.05418177007927264,593.6328967984174,1,2
0.03877530339075054,488.0275389698032,1,2
0.04778135041025446,935.2289739757352,0,3
0.005212808646343331,56.556034363041256,0,3
0.03452725584669843,434.56144052413634,1,2
0.003450546796030493,145.5921073501952,0,3
0.09155187362216059,1003.0717687172208,1,2
0.027954252963555477,1585.11124412105,1,2
0.009755258795876876,484.8546035963226,1,2
0.028129371004163715,1288.2405541331595,1,2
0.017675805264212228,587.1922316817113,1,1
0.02324776979312967,460.2386895984162,0,3
0.011185761960874603,345.8623871997905,1,2
0.01440875630266187,659.8776844659357,0,3
0.004964706959805106,190.1141850325093,1,2
0.029883544249011684,1260.903978265585,1,2
0.05268666886160763,554.1613094655037,1,2
0.02967625610044907,985.8485532685751,1,2
0.006281362261111664,312.19544994986876,1,2
0.03028141007387692,1386.7974683020966,0,3
0.01936005163669507,816.8765366224357,1,2
0.03509260723759252,718.433782878302,0,3
0.019923704232491606,1129.7489381897544,1,2
0.017921819016790328,1203.9980513818634,1,2
0.002629282495053633,110.93974430783366,1,1
0.0453625215173417,837.6784560138627,1,2
0.03979612246943385,1523.91821954127,1,2
0.041073997583907895,758.485236876695,0,3
0.05391214739321135,1055.227653853853,1,2
0.008581210782410921,362.0749508062555,1,2
0.02725742328982578,1601.4463681651494,1,2
0.003441539407378177,43.31535437195342,0,1
0.017461327323011908,867.8606190378949,0,3
0.0007250732476119069,14.84406993811654,0,3
0.020336151483576825,616.4359303925439,0,3
0.006727378472831498,334.3632896818453,1,2
0.04646311660000052,909.4270566327014,1,2
0.03087686119487068,1025.7327890487252,0,3
0.02620840623363467,512.9796596573605,1,2
0.005751749445701845,220.25250779830904,1,2
0.013245055601465282,1012.5544779061094,0,3
0.0006463110926580971,24.749276775640393,0,1
0.05949134992860556,651.8063610859524,1,2
0.0643576338541085,698.2440367018336,1,2
0.028325294435770736,875.8146280923198,1,2
0.01646200311552255,1258.4828234381023,0,3
0.03594893061704466,663.8441534411455,1,2
0.011968948171203192,458.32852687723647,1,2
0.051045669885964956,1045.03303124327,1,2
0.07362263114754725,806.6332224675554,1,2
0.003701866050761942,169.53432666000253,1,2
0.011209890159558727,658.6109659989916,1,2
0.029414005385822735,977.1365551400743,0,3
0.018185269518597787,696.3709483994337,1,2
0.028426461011564735,878.9426862014882,1,2
0.005408258112396341,110.72062295527877,1,2
0.006722447961487891,257.42359538414615,1,2
0.020243441203998052,927.0886970896133,1,2
0.023004773252164462,711.3047659885459,1,2
0.03980120576884203,1322.2005158852912,1,1
0.011628517473068358,659.3806610768518,0,3
0.029414166055488956,370.20788531943816,1,2
0.047431205718123766,875.8794230088063,1,2
0.04635141507250081,948.9298485815109,1,2
0.0020303529978968815,119.28865762556703,1,2
0.006613230724469129,253.24132517657287,0,3
0.0016196000453627196,32.06340260524946,0,2
0.01478439648420749,273.01327187584127,1,2
0.0020317826716840697,21.370402992211638,0,2
0.013846292404648275,930.2018427059006,1,2
0.0028180499720384896,140.06235310588008,1,2
0.006672485087094995,448.2613642739312,1,2
0.0229202143507834,877.6868216690611,1,2
0.021904531439643677,1242.0692882563833,1,2
0.046784411248303424,863.9355148062987,1,2
0.010303902158533742,512.1232046332505,0,3
0.016012572015111037,1224.1248345458846,0,3
0.039960622143132125,791.1048902474823,1,2
0.0594769740649417,1177.472284374451,0,3
0.08272574458287515,870.1139763641545,0,3
0.017593798254938082,543.9980830674328,1,2
0.01435744926458977,843.5384642346229,1,2
0.015794429817684825,488.3618317921815,0,3
0.03226149447498615,1071.7304617803843,1,2
0.01913988362420571,1085.3033627280327,1,2
0.008319420684158212,318.57668460928215,1,2
0.0361399914440682,784.4375008356137,1,2
0.07901934136389437,865.7613150755396,1,2
0.009589475994474706,318.56346716234066,1,2
0.09436312927767039,1023.7867422537523,1,2
0.008992205042179185,411.8159344800572,1,2
0.036427556467164356,395.21844654009243,1,2
0.02448443296133605,937.5856533152244,1,2
0.05862910314057493,636.0927087202072,0,3
0.03755228105755969,394.97697793223,1,2
0.009369152200993122,191.81007021078315,1,2
0.01866088263577096,1426.5821785179899,0,3
0.021049183116818106,963.9892523173138,1,2
0.0576500889090524,1128.3907431894586,1,2
0.0030023867062542848,137.50027732986064,1,2
0.050912445790271654,1007.9193635894384,1,2
0.04685576834837036,1448.7746075530335,0,3
0.018709773155344743,789.4387361633335,0,3
0.0044746478122034295,300.60939916119656,0,3
0.04819974492784372,890.071507510507,1,2
0.007025213674255295,212.95052463556382,1,2
0.023238106761989463,1317.6880229472565,1,2
0.055368471647980935,1083.732428768541,1,2
0.036088386433986756,738.8198832935104,0,3
0.01863340099564404,564.8216128013873,1,2
0.017035598788217688,526.7386240543723,0,3
0.013673833424200348,775.3577653888929,1,2
0.012032231311479636,507.6870468119982,1,2
0.008408699902115242,166.4679691262058,0,3
0.07155107957490121,783.9366372667033,1,2
0.03934509326204404,1216.545455535954,1,2
0.027323404179189117,1046.2987563810443,1,2
0.019711576281983948,403.54545955735233,1,2
0.013865347917585901,256.04183469514993,0,3
0.008889498631352244,340.4067553895431,0,3
0.04267332854693406,926.2470150138432,1,2
0.0594004387855494,1175.9571069183337,1,2
0.0654496659335674,717.0875873155653,1,2
0.03429022522019373,1446.8391378039141,1,2
0.03524513096870852,1487.1303578525801,0,3
0.019751872329429262,1120.0054232406005,1,2
0.021501273474270857,420.84649675783277,1,2
0.018879961596718453,369.5393068884644,1,2
0.00832110835930631,471.8381292850862,1,2
0.035800993616343056,1106.9623293954592,1,1
0.006169397063085267,236.24554365167504,0,3
0.007119401472033342,478.28546261418796,0,3
0.05525346354284279,1020.3276731936646,1,2
0.022287650245200546,1309.4589375010455,1,2
0.01318738573081213,885.936115516156,0,3
0.03903357003718856,799.1151866032276,1,2
0.03771361918574465,1252.8506556534846,1,2
0.013491303803158761,906.3535054330085,1,2
0.016652428832579905,944.255323827144,1,2
0.013723801743703412,525.527368518509,1,2
0.008146747984459751,547.3031888782754,0,3
0.04381435274407785,867.3976244592919,0,3
0.03937081595513761,1217.3407980499167,1,2
0.05575788242492969,1210.254131050073,1,2
0.018624343443474613,618.7027762928855,1,2
0.029499512222369326,894.1986529559459,0,3
0.02147445462990055,232.9857235078402,1,1
0.01044343568532135,613.5797199754712,0,3
0.009372722154197908,191.88315611654807,0,3
0.027232022738019356,1544.1580749258687,1,2
0.020873960227361245,645.4202887385737,0,3
0.028687470622116115,1210.4369392194706,0,3
0.019371085472316453,643.5096301731978,1,2
0.019401282388673325,1483.1840613488123,1,2
0.004898668528781481,187.5853665953835,1,2
0.002947302497030099,134.97758628908167,1,2
0.015636272831051717,777.1519981025847,0,3
0.06858749287002319,863.2449632218968,1,2
0.02096724856704093,263.8946396891894,0,3
0.020963485065505758,1231.6606990056073,1,2
0.030944454423162942,956.79873349937,1,1
0.036864432492291425,1224.640578534521,1,2
0.02900386499873348,574.1927479104409,1,1
0.03431272266149838,633.6294275380532,1,2
0.051768355886753395,544.5024425900689,1,2
0.00612747558347035,133.00007667593553,0,3
0.08776816103760741,923.1503927062972,1,2
0.0040752395206711525,186.63370814646612,0,3
0.07977016941681622,865.4613565851466,1,2
0.00976066467484556,746.1806897029171,1,2
0.012716738318766145,747.1423171204968,0,3
0.03303987253203695,1001.5151874131795,0,3
0.021286899578886173,1627.3352213753153,1,1
0.018388428344013944,913.9392733757661,1,2
0.004680807137500023,357.83709558502676,1,2
0.02190072297835426,1674.2606288991767,1,2
0.002206378884689138,109.66115629565817,0,3
0.016344447460993426,812.3496014324403,1,2
0.010630787854493744,448.5546488774316,0,3
0.024721825566744248,1228.7209582186977,0,3
0.03986310502879611,1208.3431939719007,0,3
0.01166390933509453,891.6794298571517,0,3
0.03035413039147747,1721.193317230673,0,3
0.007132865275172958,139.61225908289748,1,2
0.0013231910068979894,50.669129508629,0,3
0.003180355793085259,62.96185809181834,0,2
0.03652374626165986,400.16590937352737,1,2
0.06325755258777693,665.3464516366425,1,2
0.00874275098025485,161.4463635945328,1,2
0.006631759779584177,71.95085402659046,0,2
0.01675396215447375,950.0126449187404,1,2
0.03270076567138666,411.5731612003811,1,2
0.053833872213739385,1168.492478616255,1,2
0.001184394115402262,23.182260103993094,0,3
0.003112974983241559,182.89558877569988,0,3
0.021481866241119876,1642.2399807683455,1,2
0.007399982527757985,228.80655168948377,1,2
0.020216456987732938,625.0903692529938,0,3
0.06756244714732887,710.6255717210516,1,2
0.03673070143167047,678.2805768816303,1,2
0.04145186241809928,899.7344509768153,1,2
0.0749306955466367,943.0807690248449,0,3
0.029439469034154203,638.9991417352638,1,2
0.021437790654218195,649.8291694063075,1,2
0.034267668587721505,1703.167206214174,0,3
0.030999353095560893,613.697648163905,0,3
0.07615585151521549,801.0114761665072,1,2
0.05092836667144484,1105.4269543814494,0,3
0.015435589585566808,305.58008734840723,1,2
0.028752513904623658,562.7757241551984,0,3
0.04766835618343727,975.8909397809273,1,2
0.012392743941498106,947.397183453085,1,2
0.008894811256955513,340.61019246954106,1,2
0.020425154132301355,1372.1735361475196,1,2
0.034693397188091946,1152.5185424361848,1,2
0.004033086082256993,122.2521957252865,0,3
0.019503030353207888,381.73469167446865,1,2
0.01888423598138198,723.1365642782989,1,2
0.07133097922579403,750.2632014381732,1,2
0.016457404929192884,322.12237188945323,1,2
0.058107553493134026,731.3440217614112,1,2
0.04713052293174128,516.377165505284,0,3
0.02178350550174351,1082.6809565985259,0,3
0.01795853546290302,892.5727933242051,0,3
0.030840817984492064,669.4161569164356,1,1
0.006529693308513794,370.25816062697425,1,2
0.03356605599255003,728.5688796151042,1,1
0.03116825112497752,1767.3570237130257,1,2
0.032939103144445925,360.89140662939724,0,3
0.016782530105419975,328.4860782804574,1,2
0.004887184043709478,277.1217098833742,1,2
0.08903543797448846,975.5008905242642,1,2
0.01339354725122361,274.19954159313676,1,2
0.0059937663722622585,402.6646528391469,1,2
0.019378203695872988,599.1716803326642,1,2
0.005525478738066881,211.5878934460374,1,2
0.060707524122809386,1188.2342171266366,1,2
0.07716979917130613,845.4971360365262,0,3
0.03162567078046203,1448.3605639466564,1,2
0.01775473964654191,589.8144407083306,0,3
0.004802653056161557,272.32848507377,0,3
0.028350368353785096,554.9044905531665,0,3
0.0015349968469084115,46.52931555106516,0,2
0.09215182617896199,969.258026145266,0,3
0.07287811478878309,790.6864502305029,0,3
0.006532149569915666,299.1527958582241,1,2
0.018639495640298053,926.4177874739552,1,2
0.031075070738594748,674.500736011496,1,2
0.03474131449349437,1053.0898405311473,1,2
0.03274086218860784,355.219892507166,1,2
0.028296973517563044,857.7469149794188,0,3
0.017033386446779573,718.7054037203025,1,2
0.03919161834298257,723.7246353178053,0,3
0.04359548822983469,853.2986903277102,1,2
0.01809311574014904,1215.505863225001,0,3
0.031002791513794054,1029.9162083554947,1,2
0.03760371077283339,1139.8557123841122,1,2
0.03218092612819545,352.5845754242845,1,2
0.011051421273315504,341.70858962571634,1,2
0.013211508743289078,261.54971103620943,0,3
0.052575118114205927,576.0299012009316,0,3
0.004281295723082257,129.77600577351936,1,2
0.012013225892896877,260.75337928571776,0,3
0.020451414759020046,632.3552347089853,0,3
0.025711696147514874,558.0858728042587,1,1
0.052753996069926874,577.9897456075031,1,1
0.014090075920485121,1077.1543658711344,1,2
0.012525069615690387,957.5131812998978,0,3
0.00829978480660249,317.82476533406066,1,2
0.03531948911941968,723.0786246685986,1,2
0.013867222147354868,786.3236330855933,1,2
0.037826314377090615,698.5125068936666,1,2
0.018378392615332178,1404.9864567810848,0,3
0.019968479331375952,1132.287854639811,1,2
0.006058359895553429,355.9448135874565,0,3
0.057263467669904894,621.2763339313914,0,3
0.04542666033974277,889.1403984171238,1,2
0.06259048029707305,1225.0894996956274,1,2
0.009563961638627187,289.9058652128415,1,2
0.03796590369637222,1150.8346201673062,0,3
0.005958500774047536,337.8693963798718,1,1
0.01928862868068876,242.76746181138495,1,2
0.04080440996394363,1261.6673488825968,1,2
0.016840988863580077,710.5873948240534,1,2
0.05557975376072991,699.529031947354,1,2
0.07609025305957158,957.6750068475345,0,3
0.056894849404724696,1050.6380159284392,1,2
0.015543286044312609,913.2095400340967,1,2
0.027711257390094245,348.77500788484986,1,2
0.03982283385839779,735.3808576943079,1,1
0.007208453218289893,75.81891132956441,0,2
0.06994085865161906,758.8188774311385,0,3
0.033552882666878774,1415.7277625576498,0,3
0.05553538523289876,1025.533726961038,0,3
0.03673567185480501,1220.3631357279128,1,2
0.015871790351622367,199.76299621151722,1,2
0.04197874000313237,1272.4729982187462,0,3
0.020172064670028203,221.01162747089433,1,2
0.028332549781052953,1195.4614364231209,1,2
0.029638516986989254,586.7570240549933,1,2
0.011689141130109111,354.32498591720775,0,3
0.021951029094311285,429.64960683025043,1,2
0.08186107167924013,861.0192987371373,0,3
0.007041197429941236,76.3930216552373,0,3
0.04681683674600912,1447.5708471854102,1,2
0.026494229078342615,819.1983119348631,1,2
0.0167438846068402,1124.86374403801,0,3
0.013862167073619789,460.50274362231784,0,3
0.057517303002338385,1138.6764579393914,0,3
0.08823821746263236,957.3349028360745,1,2
0.01829936223029956,1075.1363719104884,0,3
0.02444474651684282,1868.7454618288446,0,3
0.040935037356744135,801.2254291287271,1,2
0.021407175031289923,1438.1462617782602,0,3
0.02390893942651032,1404.7140041134178,1,2
0.007916223218366715,303.13699033594025,1,2
0.03174434551963985,1339.4184846221833,0,3
0.0302503284447944,380.731859017841,1,2
0.010072171595973565,206.20264241133376,1,2
0.021692579434752047,1274.4969391470206,0,3
0.020856776401832665,1594.453279458171,1,2
0.02396193291491362,252.0329413182777,1,2
0.03646757115060383,1127.5728249575475,1,2
0.013044101655641072,876.3102093992385,0,3
0.026271749863064155,1764.9511811210048,1,2
0.02772287305758085,1269.6241712825658,1,2
0.051581744665360696,542.539655398501,1,2
0.057964968176684714,1186.6884406635193,1,2
0.0064377966111074545,70.53456994223869,0,3
0.013738036323809122,1050.2417366802756,1,2
0.024226542519432136,1852.0642608340554,0,3
0.007777414596791887,235.7514796687931,1,1
0.021178870858660034,1619.0766705848348,1,2
0.03566065325197896,1365.558145851376,0,3
0.007607574316103732,291.31785680198266,0,3
0.022135442198891304,1692.2043812665981,1,2
0.02859673899824432,1621.5426178767273,1,2
0.03473974675721354,437.2358597302766,1,1
0.04986053866560827,540.9587286711543,1,2
0.014209580797368249,834.8507971253681,1,2
0.061743268341320136,669.8796451022056,0,3
0.020316673249104435,1553.1636176944503,1,2
0.018177399591507742,696.0695842329075,0,3
0.051402878051711294,540.6583264213366,1,2
0.06640895805810455,1226.3285106480637,0,3
0.0368485966222989,1554.7868648845797,0,3
0.01687392190450188,345.4515494892592,1,2
0.03088949077275704,1182.855385398709,1,2
0.04131628751473696,448.25842170053346,1,2
0.05469478013107918,593.4075225919132,1,1
0.0027527570423191796,83.44245222096427,0,2
0.024449575943980676,1119.7170124327433,1,2
0.005159975064208446,55.98281978919743,0,2
0.06630602272757813,697.4104298884491,0,3
0.007579822153887754,347.13304788471083,1,2
0.0014269551152135164,65.35025074231866,0,3
0.04937048073178335,519.2814585247564,1,2
0.03418931502760543,742.0970444069727,0,3
0.002303024598980771,76.50673526209313,0,3
0.04682769392797847,589.3752524126976,0,3
0.08109446283482892,879.8291934149934,1,2
0.021208716072036917,1246.0686751592962,1,2
0.09178551843063149,995.8211180519238,0,3
0.019786724725066412,1512.6502542764006,0,3
0.0010766518129296009,53.51160834296663,0,2
0.03613733301566078,715.4148092787996,1,2
0.024705775904514282,1888.700566835923,0,3
0.03854972429782789,1168.5315770340612,1,2
0.014873797593643783,450.8593115817773,0,3
0.007544878295658484,427.8229662429159,0,3
0.07391351556804403,930.2785006160218,1,2
0.009389339961942642,284.612677078367,1,2
0.035445303012717845,372.81566582856334,1,2
0.05508780154303227,1090.5793467774024,1,2
0.01665417960296639,1118.837310573746,1,2
0.008732262061896402,189.538335643407,0,3
0.0468240649790338,926.9812330123069,1,2
0.012301159436363673,697.5219893633599,1,2
0.03304503768127087,1265.3980303381272,1,2
0.013963834645453322,276.44359076936746,1,2
0.04180448229291942,439.7018667060366,1,2
0.031424560605547026,971.6435577437574,1,2
0.046819395360955855,512.9683517871463,0,3
0.012579699578692545,961.6895181406098,1,2
0.001344782412062267,61.58698818566512,0,3
0.021093820753775024,807.7484883384125,1,2
0.029644956127725334,1680.9804701558357,1,2
0.02008201377338438,608.7324268089467,1,2
0.03407836219364534,373.37349513611395,1,2
0.02839006530486786,1411.0393324760698,1,2
0.013471114066241012,169.54798725049633,1,2
0.0017819972344888806,68.23825750600558,0,2
0.053892902198723586,584.7075991966663,1,2
0.026790154946196115,1799.7779310916737,1,2
0.029755135285705395,1362.695666500697,0,3
0.03513093736062775,687.6212208421493,0,3
0.002062178698797243,78.96728364580628,0,2
0.003952564793300212,181.0155747462176,1,1
0.023364689010696625,1569.6531704547947,0,3
0.006720591358164096,307.78286276157115,1,2
0.02313755954796,1768.8139810839557,0,3
0.028203126699395283,1657.0089675536906,0,3
0.017751310761247273,1006.5660607072515,1,2
0.0043156302538780895,197.64288042085298,1,2
0.02790349044539269,1386.8556521096932,1,2
0.014707607755681293,488.58837782305926,1,2
0.014728677831662044,446.4603949250145,1,2
0.004321356166332837,133.6158023795054,1,2
0.001518860648228693,102.03792701369709,1,2
0.018969532326487057,575.0105332482887,0,3
0.02076429502508994,629.4139544089039,0,3
0.009937792936627757,583.8718589324706,1,2
0.0034999599453178157,267.564004392063,0,3
0.03301589923912667,1512.0288443250809,1,2
0.022380682853479477,485.78447927273896,1,2
0.04988242037847065,1082.7241405930522,1,2
0.01966269052595068,247.4754193462633,0,3
0.011706455999740017,581.8327531885373,0,3
0.034528490669858254,1456.8924919463086,1,2
0.011708914118852888,231.8026777894974,1,2
0.03737466357142365,1576.983693462146,1,2
0.00721071522361168,90.75435385582904,0,2
0.004051928178999974,272.2108524410787,1,2
0.029829636011229545,1258.6293782076275,1,2
0.030995468665189537,1029.672942504232,1,2
0.030029780082506417,377.9560283973409,1,2
0.09461507231944168,995.1665858670736,1,2
0.019248299039596645,202.45467840801732,1,2
0.03476690243385769,711.7657877457494,0,3
0.01643073518806878,206.79789856165308,1,2
0.04455213637998677,1350.4786125610738,0,3
0.041675915718370246,1384.4785904943262,1,2
0.05648448606481849,1156.3792545460424,0,3
0.012523831717271984,841.3581773871929,1,2
0.06059046247595583,1199.5161385474914,0,3
0.002291288621738727,44.84761289482304,0,3
0.04740255444297935,875.350339635065,1,2
0.08941414408502439,979.6501164558605,1,2
0.027462910477158854,297.95709262124024,0,3
0.016865423233668075,345.2775603582942,1,2
0.028297669263411672,553.873006181205,0,3
0.002273773114791462,173.82480061993206,0,3
0.005390273579140384,56.69519689771856,0,3
0.035754486912751245,1369.1513307242733,1,2
0.024248581246464205,1853.7490715600447,1,2
0.006085776698873783,278.71026144620737,1,2
0.04497306440093126,1363.2379174093264,1,2
0.013936421188522808,175.4043615376018,1,2
0.03400840002046416,1434.9478269020533,1,2
0.03727672619437692,1129.9440512220872,1,2
0.039432365222614396,780.6469291168529,1,2
0.024572516002837698,480.9602225977323,0,3
0.021563654956123533,422.06749551084505,1,2
0.019797260189507126,1122.57908555416,0,3
0.02747698575879237,1558.0483992041598,1,2
0.022633308520481715,1036.5374293643565,0,3
0.03667279863307008,677.2113257618064,0,3
0.023731826908980923,719.36673034555,1,2
0.023432881884469087,256.7381894880922,1,1
0.0607884120841301,1244.4914267294196,0,3
0.036137393865645476,1654.983906021805,0,3
0.055977188696752965,1033.6922073779936,1,2
0.03819714472082619,747.6363928465768,0,3
0.0008759790673563345,19.013585862209702,0,2
0.012734133469251674,722.0732449035444,1,2
0.059457233256044136,1163.7621535609082,0,3
0.023163281100150663,453.3771321070972,1,2
0.052776305823300625,1044.8184083937113,0,3
0.013521011861014507,249.6832177891572,1,2
0.017364421240696815,339.87548952015607,1,2
0.02778673619509572,513.118528137241,1,2
0.01529083937826007,645.1805061143586,1,2
0.021397110231106686,648.5960514051087,1,2
0.0019923282559874194,91.24263945071777,0,2
0.03237433893333811,662.7840054912384,1,1
0.00891187489980121,442.9368469106546,1,2
0.027679777326471852,1626.2607950783201,1,2
0.005543149227616339,372.39193534519956,1,2
0.061194122390532284,670.4624837575301,1,2
0.05284158267986903,578.94937267219,1,2
0.00046651394755165763,21.36493511411392,0,2
0.03473046612544282,687.5629086554259,1,2
0.03167893311639216,979.5087245644559,0,3
0.02258400865128633,750.2432982285355,1,2
0.013397922568545814,565.3109191602127,1,2
0.045820589172082385,1416.7669944514155,1,2
0.08107365326903473,888.2690169352559,1,2
0.0015730428293290845,52.25665907028337,0,3
0.0582674837927191,632.1693427094442,0,3
0.0011126991983646307,12.191090239836251,0,2
0.009811422318058888,212.96207595212715,0,3
0.07704378395401232,810.350798876262,1,2
0.011797597115670412,586.3626370758244,1,2
0.019920838575263528,367.86441189890104,1,2
0.01688636188385079,839.2837615788313,0,3
0.05881218346564685,1204.0330648699924,0,3
0.05456388856812955,1184.337867110417,1,2
0.02467738455209316,1399.3004849751774,1,2
0.08234482487254417,893.3949164577665,1,2
0.030163938215766344,1710.4087057922422,1,2
0.05607111209740203,1097.4852779648022,1,2
0.014431302052517943,717.2626972243676,0,3
0.017925319277736922,1016.4329978212627,1,2
0.009828478432584362,577.4493400602111,1,2
0.01430792172886102,603.7073540642731,1,2
0.02397071995323394,1191.3896047284722,1,2
0.005182977093754254,157.1080599774181,0,3
0.04101165260585375,1268.075265939239,1,2
0.02359256140706857,715.1452698931013,1,2
0.024740494291572872,1043.898522094913,1,2
0.011180853487887858,471.76407610180627,1,2
0.023132164237345685,291.14235599997954,1,2
0.09151238217831711,962.532318629803,1,2
0.021047049417891966,456.8372649143141,1,2
0.023521635001404806,1077.2201093242509,1,2
0.031690801362624706,398.8617095042995,0,3
0.012116432775086458,687.0472931423162,1,2
0.011449956336527648,875.3232080881493,1,2
0.062070785573232985,781.2254212420468,1,2
0.039018842548261976,410.402353148758,0,3
0.004174258386596725,319.1125917824048,1,2
0.02525978963237754,1696.9671140639082,1,2
0.059009044866631596,646.5220717269808,1,2
0.029176906804863043,306.8843263484036,1,2
0.00710623213464361,272.11989385625964,1,2
0.007173324669874721,421.4519699126617,1,1
0.03816878669763868,1156.9844746148165,1,2
0.0062427891671214975,65.66200320343331,0,2
0.005660506857818454,238.83899301064213,1,2
0.009146361515145978,282.8043756773579,1,2
0.008040132169799133,614.6498796567106,1,2
0.030273585822131667,1386.439141114386,1,2
0.04953983274380035,521.0627123934811,1,2
0.07175378382235344,778.4880932435393,0,3
0.0011248012657933102,55.90472618536368,0,2
0.00806767166581301,457.46731590463827,0,3
0.020771045456423227,425.23545373994426,1,2
0.01833101298207232,839.5052387894322,0,3
0.012132314182596188,687.947828658288,1,2
0.00771968460916189,518.6128270799854,1,2
0.010349291302768461,113.39016364515906,0,3
0.040070509590033554,1214.6301073919406,0,3
0.018149809586381162,228.43423856549458,1,2
0.04054530952316545,426.45781757544836,1,2
0.03226327349570419,631.4921597948463,1,2
0.09037166304196795,950.5341713946443,0,3
0.07063807085712587,889.0536208209521,0,3
0.0023765118383928703,73.48145441590047,0,3
0.04687036316849916,589.9122892020986,0,3
0.006894830806248403,136.49773391202203,0,3
0.012707524230066243,139.22772195875757,0,3
0.051816174251193774,1124.6972843193796,1,1
0.03305174516516432,358.5927974990548,0,3
0.03484995521085673,1334.5139777578268,0,3
0.010431665944527529,192.63439354277529,1,2
0.03326771960746277,1105.157373441911,1,2
0.004492745214488219,205.7542126994131,1,2
0.030040213482194825,1764.9427192160008,1,1
0.0340470315061079,1131.0462020469674,0,3
0.07532189628237834,948.0044373294677,1,1
0.08857965194133732,931.685699104421,1,2
0.010494095532258567,480.59799991979975,1,2
0.04662596205404473,923.0593673273875,0,3
0.023574733561630788,902.7504130080466,0,3
0.00476529642065828,94.33910434023358,0,2
0.015963585066424795,611.2956896895329,0,3
0.03690177382573047,1225.8810618159496,0,3
0.06687113180162847,841.6427732982955,1,2
0.009753912307854079,102.5921914162022,1,2
0.014780614316443917,868.4005404558626,0,3
0.08261623411150014,896.3395536555289,1,2
0.07572868697714627,953.1243214898263,0,3
0.023604140356639457,784.1321877994329,0,3
0.07722296239394531,971.9313324074371,1,2
0.005166431840824956,347.0838458486166,1,2
0.023627796199546656,784.9180375517558,1,2
0.006280530737437759,480.1323386755758,1,2
0.035842177533680936,388.8674152010248,0,3
0.0012853141048329401,39.74175439759887,0,2
0.0022693422809394563,86.90022629604647,0,2
0.028222879100243372,1292.522943579115,1,2
0.03791429564943474,742.1001607276402,1,2
0.02376893434100151,910.1869693247949,1,2
0.007992229133896817,158.22305091140402,1,2
0.013052395009708262,740.1198708322258,1,2
0.0060775637251563215,464.6159706559461,1,2
0.03488080331155692,1057.3180702141915,0,3
0.009368648221302303,185.47217298903914,1,2
0.010543638618336073,132.70266269331003,0,3
0.029411599749073963,977.0566396176971,0,3
0.03558389025113156,389.8685446826539,1,2
0.0017858070312409193,55.21693426550105,0,2
0.028672438084293685,1313.1113923802911,1,2
0.04694104483138864,590.8018914740044,0,3
0.015190371347598364,861.3511674536223,0,3
0.021395095978901258,234.41155179413485,1,1
0.01576823998834761,477.9719356299933,1,2
0.023431407187748783,897.2619970783958,1,2
0.02846556443120048,563.5359515804683,0,3
0.020926636964503312,1599.7939611200416,0,3
0.007315173044799926,335.012914985483,1,2
0.00968384337276019,740.3078752908347,1,2
0.009020643169999506,345.4286906796307,0,3
0.043467067283681854,802.6764075653406,1,2
0.027727700815942613,1169.9404854943275,1,2
0.037621738714050654,1249.7983760874044,1,2
0.01866394621678194,344.6542459951831,0,3
0.014608629085300832,1116.7965799067213,1,2
0.04791796960208515,1040.084704445777,1,2
0.0028597163051875658,218.61882935685415,0,3
0.03955381207210436,858.5362710553638,1,2
0.025760867815885657,324.22732570835313,1,2
0.0077705513221934175,594.0410349214197,1,2
0.023350898082082426,722.0069032558391,1,1
0.010671832727282645,815.837421949333,1,2
0.02161979737474485,655.3462153525944,0,3
0.006595989378355656,374.0173970438577,1,2
0.008928457298060034,176.75766422157835,1,2
0.08457206422613889,889.5336689222557,1,2
0.027075681347772194,1345.7119920306952,0,3
0.018370935285348687,1234.1699391618683,1,2
0.05331490261070589,560.7691069325476,0,3
0.027293694400037528,906.6995865837819,1,2
0.007818802247164735,85.66531179559952,0,2
0.0032619225928749228,108.36143407628698,1,2
0.011505733469033707,879.587243437123,0,3
0.0161020694489333,202.66129825713446,1,2
0.011884816566880962,908.5672869924927,1,2
0.0032335577992442014,123.82305959563786,1,2
0.006483028417585674,322.21863502388516,0,3
0.055845702750749855,702.876276707324,1,2
0.026661957148124683,1511.8332126730083,0,3
0.02395774029699888,474.2940547909456,1,2
0.02704233843255248,1533.4022616397533,1,2
0.01859814079166917,712.1810830637328,1,2
0.0016603004382841873,32.86915282004437,0,3
0.019543778395063702,212.03897504855513,1,2
0.028699956895919077,869.9622760800797,1,2
0.021453964907940618,1260.477698836208,1,2
0.015356191684762542,1173.9460461208416,1,2
0.04107473514639787,840.9029614744413,0,3
0.018340066423861875,773.8393586385698,1,1
0.02381234522357974,721.8074272597839,1,2
0.038201872058701944,418.5519952587379,0,3
0.0101808298995884,577.2913327127883,1,2
0.038765211602428,487.9005233132337,1,2
0.06028303314019568,1193.4299257239209,1,2
0.022599095836611367,865.3901876250121,1,2
0.04774457860186368,502.1801296146724,1,2
0.006443723484519821,295.10314721043505,1,2
0.013517548882784204,671.847456053791,1,2
0.04026815254961149,1541.993730287492,1,2
0.024961019982687134,270.81299154682887,0,3
0.05072824973694508,550.3729045017096,1,2
0.03352780850699903,656.2430253734774,1,2
0.06220013677204403,681.4847008361514,1,2
0.014664307479727627,160.6668685057155,1,2
0.025210392078032152,1693.648558111571,1,2
0.09258301864849043,973.7933324895178,1,2
0.016864041763742007,711.5600871286383,0,3
0.03074380788048564,1528.0247397674984,1,2
0.003409526274728811,130.56144387068537,1,2
0.02192936292360485,1288.4086010907354,1,2
0.027211157595579086,557.080719466961,0,3
0.015315337825808987,161.0875739126753,1,2
0.014105075249614693,276.07999648994087,1,2
0.012930863462010457,162.74837126419098,1,2
0.03787528050376098,822.1028615294445,1,2
0.026090991176163467,866.7456507080987,1,2
0.008157143434873788,462.54070160213985,0,3
0.030861380152075117,1413.3583528241184,1,2
0.03988540619568766,780.6808973107829,1,2
0.006373300862491962,278.085047773179,0,3
0.0011009971045376594,48.039601302263634,0,2
0.022959063170447887,500.98339218527485,1,2
0.012797354001455355,286.0596581777873,1,2
0.001949247681313819,116.2547301030577,0,3
0.029450458063630017,536.7919374933995,0,3
0.04362673313520804,440.00693112605876,1,2
0.012613222655462525,684.6652855382287,1,2
0.026375182950867274,344.13947681405097,1,2
0.010570702716919327,236.28725168945613,1,2
0.02678727429720953,553.0516180997802,1,2
0.026529671113066575,483.55490862237434,0,3
0.014809006691448346,149.35946652560153,0,3
0.024335956412838033,294.1290848367675,0,3
0.028881112882875672,596.2811309271843,1,1
0.021679426056311256,281.19852923374066,0,3
0.01648308792321426,319.8028470246978,1,2
0.09155935872763114,923.4418796557179,1,2
0.03351690604706506,470.97742578326046,1,2
0.01220821615901778,296.65579740591227,1,1
0.02204657691331024,455.1749050756403,0,3
0.06626139874568161,931.1009484651408,1,2
0.05498079432999319,1257.764789676038,0,3
0.05097600865769201,989.0302578393665,1,2
0.027938313135197863,609.6342338750924,1,2
0.02085303232561262,803.7920646846916,1,2
0.04240131279200228,512.470482598746,0,3
0.033330595807144626,922.3221686265452,0,3
0.05283332168730067,1025.0656170786012,1,2
0.012437274726995384,271.3903453295296,1,2
0.027815615780423828,390.86325863265097,1,2
0.011940003809485946,266.89528225870754,1,2
0.028504920074549935,1547.2912653003873,1,1
0.01225586041564623,665.2671089859072,0,3
0.01264126750996525,177.63428468369463,0,3
0.017783331379030643,367.15569061843775,1,2
0.03165887826369445,1220.309580296432,0,3
0.05265262923467611,959.6966811157191,1,2
0.00828640153223423,151.03580133544529,1,2
0.022110922935029576,964.761776253668,1,2
0.012504085678702977,286.04895373775076,1,2
0.019036270999274227,1033.3183101034583,1,2
0.053064131520149,688.281862249197,1,2
0.058285449943905256,1271.8307454952248,1,2
0.016069613327019727,619.4124419471142,1,2
0.011843657506813005,258.43718751038324,1,1
0.07420804698731923,1042.7667426525875,0,3
0.012522696202388215,400.71251873101494,1,2
0.03972044562635819,866.7289009691546,0,3
0.04907676570137988,1122.7016386829985,1,2
0.02388211897238618,288.6439175903984,1,2
0.027894795326735326,363.9671537998591,1,2
0.007150379704161049,86.42087464911845,0,3
0.07497707161368387,978.2897144732169,1,2
0.011636478431183237,150.93391364741822,1,2
0.006034795921646706,109.99590526432424,0,3
0.025636302852682105,988.1659645024324,1,2
0.04049071343238763,1295.6583392651078,1,2
0.0009080623469997142,54.15758298917028,0,2
0.06603064339942731,861.5580455121309,0,3
0.06952148647533755,907.1060484215932,1,2
0.006629211116677369,255.52673623203003,1,2
0.04112690145066025,940.8370538018606,0,3
0.01573643234496587,351.7569692162053,0,3
0.017534047973178552,832.5266250500149,1,2
0.041637095404213724,758.403380159791,0,3
0.005364180123308323,291.1760155294514,0,3
0.008400137708291133,84.72142075379443,0,2
0.03176703226885672,446.3883110735405,1,2
0.039662174209269284,963.778308283954,1,2
0.04620527466334196,466.0133740347914,1,2
0.02180082598254651,282.7731779637286,1,2
0.00044058290351787864,23.91552323146307,0,2
0.03418153317274937,764.0608905776461,1,2
0.018744704257584472,419.0009662902607,0,3
0.011204125949936052,488.8675377591452,0,3
0.01359988989373573,376.3353050287748,1,2
0.05161367291968442,1153.7220609061812,0,3
0.04422096507614717,805.467553922699,0,3
0.0046746714481875565,129.35721679432837,0,3
0.0254339894432497,1516.9039863503008,1,2
0.04504256448801075,544.3931623977904,1,2
0.0234493336552429,1272.8661945720125,0,3
0.06324552467800637,825.2182293508441,1,2
0.036857553234086675,478.07030193782504,1,2
0.05148230120049625,1062.9065752091365,1,2
0.024313047641018933,471.7187635997722,1,2
0.05328974867761911,1294.9240643844937,1,2
0.011786270507615973,326.14894247624716,1,2
0.03106022854401797,405.2692571185262,1,2
0.03917502192558335,473.47690602180813,1,2
0.018075169538353024,329.45515672628784,0,3
0.078600534914697,792.7428360381066,0,3
0.004671414198305587,221.801417600494,1,2
0.04892702378920012,1353.9055511280262,1,2
0.04303984180752815,962.0709432658803,0,3
0.05556068418704082,720.6640358483077,1,2
0.0322711950069714,1032.6427811318372,1,2
0.028676338968350357,1710.280370764565,0,3
0.03819604666820439,853.7974375333197,0,3
0.03872259566135333,544.1274441805831,1,2
0.019320433239199703,374.85267229235257,1,2
0.022621212088194204,987.0271276936181,1,2
0.0043606495252991855,260.072713435778,0,3
0.02129045001450999,928.9622343487722,0,3
0.029059261052779155,1577.3817532361156,0,3
0.06345771303085038,640.0166035913621,1,2
0.026406332985397164,590.2615952229266,0,3
0.04554713404061145,1260.37745278036,1,2
0.014987866834579481,813.5646540309183,0,3
0.04479092936749075,1239.4518042238858,0,3
0.026923304149166428,1461.438700199149,1,2
0.020040410549041546,1087.824562021871,1,1
0.022786727638787557,1236.8989124706954,1,2
0.02998599162898767,388.94095820548193,1,2
0.047384878693194354,1033.9723833575376,1,2
0.019496299722946996,435.80140346540855,0,3
0.02171443247275403,836.995226315054,1,2
0.02212375489940963,402.9755278232249,1,2
0.05640770866835308,1290.407508548033,1,2
0.035737853028043144,651.3919521159756,1,2
0.00048783077612678016,23.162484228719407,0,2
0.02310893553469128,324.72528805125984,1,2
0.0034840775491658776,76.02509633164748,0,2
0.049728992604320774,1085.1226472052542,1,2
0.00242925000473445,44.27781102351133,0,3
0.020721390400699924,983.8634662701463,1,2
0.021641598909096366,1027.5554924930404,0,3
0.04762977362248581,1157.3884579201638,1,2
0.014173498701564442,258.33960927313274,0,3
0.030675970365844827,685.7009344375068,1,2
0.02676561415169728,1452.879042600702,1,2
0.032206417220649944,736.7681401367364,1,2
0.003157571371525159,87.37611808169088,0,3
0.0046671798727628356,106.7684558322843,1,1
0.01506773447854714,898.6520398923182,0,3
0.006769423458033717,164.49485229976878,1,2
0.03368391426468262,436.90580762892216,1,2
0.05107282284954419,990.9086348965633,0,3
0.02379726472645015,433.45785367320997,1,2
0.015216516358599034,197.36970937261285,1,2
0.0543847184282381,705.410871814092,0,3
0.022659968897334234,413.0220515300514,1,2
0.03473293179184476,419.78894391197633,0,3
0.040181162524138656,779.589979246791,1,2
0.026150024279730837,539.8949172951217,1,1
0.05606818442467459,1021.9518244514738,0,3
0.03106999348557204,566.3111237520698,1,2
0.02153131262697963,392.1844239386108,0,3
0.026599054723173844,1025.2757863105116,1,2
0.050648278867040444,1132.1425771570566,0,3
0.00604661857585528,233.07037334220124,1,2
0.044303694121299905,578.068032522692,0,3
0.004652604228808404,106.435017001941,0,3
0.017249669204601584,819.0241584888752,1,2
0.0885446820751181,893.036700837982,1,2
0.08571768107604971,864.5243657512525,1,2
0.009961918310685847,472.99757836329155,1,2
0.017346429629410045,378.5116619754253,1,2
0.030871438137579314,637.3735015224777,1,2
0.029698710733733293,417.32438879692523,0,3
0.008875151799146904,529.3213309547497,0,3
0.011273524736301445,218.7275420399208,0,3
0.05236667750704969,683.2726443390843,0,3
0.009560693172154567,213.7104764358488,0,3
0.048221626703770816,935.5900775308654,1,2
0.06331881088408155,826.1744569024552,1,2
0.024449237762447774,1458.172588607661,1,2
0.060944350062338844,1182.4347932134992,0,3
0.006421892513710535,383.0069354906521,0,3
0.017300505509532334,821.4378953189987,1,2
0.01691752265736809,541.3421363228583,0,3
0.036949765944084785,806.2706629487628,1,1
0.008472433582383322,109.89386232866502,1,2
0.02476925123776614,451.1622071708646,1,2
0.045769784782287576,597.1973661077571,1,2
0.04274790255519592,600.6907998849383,0,3
0.04780608125242165,671.7680042851849,0,3
0.0644038093559966,778.396919542798,0,3
0.019071623512119572,1035.2372993231775,1,2
0.009936809796015014,471.8054117277888,1,2
0.005380540697286056,292.0640928559214,0,3
0.0129349544522995,564.3884549654174,0,3
0.04309262285613861,434.62004542806545,1,2
0.027481266320147427,386.165001344467,1,2
0.03252742431520297,671.5630881494767,0,3
0.03279425828608732,733.0510912213069,1,2
0.08688694104821933,1050.1324057803326,1,2
0.04833544693038872,997.9364395134539,0,3
0.00296358231136797,61.186292210577044,0,2
0.009640147897543085,523.282177219289,1,1
0.024215043767542684,588.4179166317609,0,3
0.008412555895477338,501.7317319297362,1,2
0.03763089494124532,914.4188635329178,0,3
0.028852210824335933,644.9343798057304,1,2
0.039060391618412446,1249.8896128334468,1,2
0.05941054296761698,1296.3810904007871,1,2
0.0017941517148156536,43.597320091082395,0,2
0.015381220047889376,373.7587898959302,1,1
0.03447792504150693,668.9364662217916,0,3
0.030061097641015885,687.6908675591313,0,3
0.08323879203368262,1079.6699983785172,1,2
0.02103865582227651,274.50926202242897,1,2
0.0517220108282498,942.7343487685182,1,2
0.022410593053989333,544.5703341236949,1,2
0.05104198355642555,1053.8157516027738,1,2
0.023264618236045902,1262.8395551728374,1,2
0.028968038931009042,1572.4300750048517,1,2
0.005921277489182646,83.20541356912666,0,3
0.027921790574707936,281.61130800799685,0,3
0.08122587875721034,1059.8232236470135,1,2
0.03359373407635221,1595.0497053615188,1,2
0.007393201813325478,401.31445934398454,1,1
0.02025401652498961,961.6722873719906,0,3
0.0591184464006929,830.7286377509222,0,3
0.04884530826463798,1065.8400146854253,0,3
0.030360823848486065,1324.7281640236497,0,3
0.043569572890611426,899.5399277924706,1,1
0.0037167123654758038,83.07978889169222,0,2
0.035081317834242516,784.1738055342123,1,2
0.029959899822316647,1307.2347207708947,0,3
0.022501456970614477,410.1328630469429,1,2
0.027380123825478428,1194.6718358854707,1,2
0.021829426834709814,1301.924916623803,1,2
0.021582249764319324,524.4418537689808,1,2
0.025264063709947816,808.4222789548575,1,2
0.03346231515883018,609.5029607147079,1,2
0.03900566201028165,947.8252691699204,1,1
0.059130921658937616,1220.8204366135694,0,3
0.024359264836731176,779.4697091909692,1,2
0.023027599713089233,419.4387069950635,0,3
0.02011693381760606,1091.9783637070695,1,2
0.013335351954616973,187.38751502539847,1,2
0.027204990914300717,1291.7085264648867,1,2
0.036404935106943696,663.550821795574,1,2
0.00284954807260679,63.6960380652415,0,2
0.04457283408649864,1019.6677216699796,1,2
0.07228679868068189,943.1874320975846,1,2
0.04778497430356444,1042.7027594444696,1,2
0.02888732143551644,924.3625449933581,1,2
0.0048544125641863025,211.81167795907908,1,2
0.03216756746467274,1239.9172966588594,0,3
0.013574094778616179,176.0662610491512,0,3
0.010598330110100808,242.4520526538892,1,1
0.012327445562394998,239.1755844391034,1,2
0.028378968750532564,286.22227820140927,1,2
0.06097440551273317,1111.377256067505,1,2
0.04048861047649322,408.3567106917464,1,2
0.035006404265750024,1662.1240938248766,1,2
0.07037845514674337,918.2876485937328,1,2
0.0016952538116823727,23.821598424217893,0,3
0.03752292432126934,1200.6923486702156,0,3
0.0620144068803363,871.422489682161,1,2
0.0237617270055822,531.1466342306179,0,3
0.002352482027267393,140.3039571492171,0,3
0.07762845462067448,1090.8300925341362,1,2
0.03310267279190957,1275.96146663572,1,2
0.03151685139083251,380.9187729984477,0,3
0.04731830442276843,1082.4743064445545,1,2
0.03892535083949332,945.8737330813974,1,2
0.0707184541104697,713.2463911677766,1,2
0.04636896772724631,1011.8044700546122,1,2
0.017823174583732584,1062.9887472355153,0,3
0.028607283761220077,1706.1618615858185,1,2
0.03801179770791616,1465.186495898512,1,2
0.03564923142462631,815.5274693884742,1,2
0.003558188245326165,137.15240218252026,1,2
0.02541223308073967,493.04502447202736,0,3
0.003686515974374235,160.85306389405366,0,3
0.05037667549434252,1152.4389458148373,1,2
0.011561766367221955,504.47239537882507,1,2
0.015337328894128635,200.11919353063286,1,2
0.03499343498543713,456.58915163729154,1,2
0.052688602526383216,683.410967583569,0,3
0.04143167223701806,1325.7679871022626,0,3
0.01638852153884514,778.1363748499472,0,3
0.05965295555654872,1231.5983787279274,1,1
0.04865708226298911,1061.732786959997,1,2
0.04162332118704148,584.8882542348879,1,2
0.005217917767665921,95.04232785635627,0,3
0.05514843854446969,774.942340595757,1,2
0.013802350381083177,749.2129825100961,1,2
0.013499269074120367,732.76125916855,0,3
0.038021165164481965,923.9023067133148,1,2
0.05384597714825551,698.4229905309293,1,2
0.07172188111273778,866.8445528334537,1,2
0.032369574998124595,1412.3756282598265,1,2
0.009833361025000594,118.84790677991145,0,3
0.06113942748650003,1262.2881643701014,0,3
0.018889342453535858,366.4887018261605,0,3
0.021459900675098592,479.69383756594095,1,2
0.01834951482331162,996.0401198935244,0,3
0.030768631912067773,432.3588529463121,1,2
0.029566827179330613,946.1059821649826,1,2
0.03702313013631622,827.5791972513952,1,2
0.03486801463133932,1344.0075780996467,0,3
0.07104480338884789,921.5047562031028,1,2
0.03541481899025677,860.5689177431746,1,2
0.028241826509185643,646.0724224207008,1,2
0.060921083564201214,1110.4053597390491,0,3
0.026880631274488573,350.7344916039618,1,2
0.05225904980309862,1168.1481907643004,1,2
0.059677283764637774,838.5813847417295,1,2
0.04259528104053342,552.4929649790665,1,2
0.02617181927417357,1242.652946146629,1,2
0.001977509251403817,63.27812318826241,0,3
0.013443829644316358,586.5921113023417,1,2
0.05523300912044961,1342.144679478978,1,2
0.03284357341006761,716.6705669263065,1,1
0.0007470254402541118,16.6982832595629,0,2
0.03418821774497632,1491.7281280165798,1,2
0.0779244752157871,1010.73929563792,0,3
0.005826251894346795,254.21576218269215,1,2
0.04955010366081927,902.5357253866064,0,3
0.003657472484449276,66.66455703386539,0,2
0.001836068941172243,35.62318404511693,0,3
0.01273292031777094,165.15559299897896,0,3
0.03512784086984351,354.289499750568,1,2
0.03395965684305781,701.1330439515036,1,2
0.01489585858365641,289.00761836145426,1,2
0.030885503082413435,1190.4993913497506,1,2
0.012844407127758065,233.95584363587483,0,3
0.008429949828847729,233.27304595884735,0,3
0.008002339840404079,256.06608204536064,1,2
0.023176305098476756,641.3332693739442,0,3
0.0313207064049835,1002.2281902504377,1,2
0.013595861532162853,593.2256903074772,1,2
0.01472204965260002,285.6353988326202,1,2
0.0473276519974197,862.6386033731146,1,2
0.009626055270661876,308.0231917001433,1,2
0.020019949480948446,1194.0062034681011,0,3
0.02890666179581797,406.1945676448804,0,3
0.012076118983205443,276.2585997184898,1,2
0.04241260356037904,875.6530719266054,1,2
0.003941079694008854,126.11021981071197,1,2
0.008968034744151957,248.1628981793181,0,3
0.0009547280723469367,19.711371130871694,0,2
0.001805325942759476,41.299428870798714,0,3
0.047099426282893826,1303.3323869053945,1,2
0.022653936222275864,228.48121412613148,1,2
0.045824331738122476,597.9090867004747,1,2
0.013302772854154486,580.4374066873835,1,2
0.02412486981865014,1309.535345101145,1,2
0.08082115429746493,976.8201317300227,1,2
0.08994189643660094,907.128610984359,1,2
0.08211511289495395,1065.0950312958828,1,2
0.04138558428749587,903.0634329455885,1,2
0.06572280786233284,1197.115196256975,1,2
0.0028571347968161134,91.425174122476,0,2
0.07737974921077465,1003.6737879511847,0,3
0.022929826252926142,512.5511304322879,0,3
0.005171507954090372,143.10564560215946,1,2
0.04028412293600716,734.2565726591015,1,2
0.041307841780508274,752.4061543993504,1,1
0.04236652050092424,772.2123226541695,0,3
0.01812792984960229,254.73251389481516,0,3
0.03326701320910298,686.8326833297015,1,2
0.005999153175043556,109.2722247284553,1,2
0.043244670769002784,1050.8318433613656,0,3
0.007376224169925689,134.35503338981363,1,2
0.005224357964488508,107.86239741061785,1,2
0.02446698309511502,943.0938652731498,1,2
0.061434072128016395,863.2676627611919,0,3
0.015058468285746104,898.0993965553558,1,2
0.04569438033215319,552.2711349938699,0,3
0.020707398637500686,662.6140034298382,1,2
0.03926481948473912,810.6637394119969,1,2
0.03160067083033582,874.4517925491543,1,2
0.026827092771136395,1034.0656433699742,0,3
0.023242273000230542,743.7271977563477,0,3
0.022029566397647964,849.1422437937335,0,3
0.08357263928410816,1010.0751124398236,1,2
0.034658962961308194,1512.2680662365149,1,2
0.05811499880058086,1299.0464036554824,1,2
0.018353055268062298,238.0529878844399,0,3
0.0178181964286097,686.8125782703803,1,2
0.07900942691547067,796.8668054828235,0,3
0.0687466001277739,966.0228397592604,0,3
0.03168899892781612,724.9314521042819,1,2
0.003023161206734238,180.30381337174995,1,2
0.028372704830156307,1347.1522509760932,1,2
0.04930358760831965,1075.8400019872417,0,3
0.035557053205060016,1370.5669642440828,1,2
0.045971599418729595,1117.095348407202,0,3
0.03344572978632588,925.5081489185118,0,3
0.012491335287652911,227.67890592573005,1,2
0.053058388024477654,1095.4465551487697,0,3
0.027113013438429676,591.6255965632445,1,2
0.029130698469371386,1737.3787439817424,0,3
0.027566589868744686,534.8435902213895,0,3
0.010623157875382273,193.62773529376622,0,3
0.05929515679568641,773.6744148955241,0,3
0.022538504301208715,1070.1410734282963,1,2
0.04015840376536635,1285.0247950571625,1,1
0.05660036233912529,570.8552977431807,1,2
0.016191039111188597,518.095461094028,1,2
0.07270454951690558,943.0329169993777,0,3
0.02314339120094591,1256.259163716278,1,2
0.0279662805090936,1667.9319020042228,1,2
0.035531336860531865,1550.3321938645388,1,2
0.0065256949339286335,251.53664572813307,0,3
0.027637458755649998,1648.3207029939285,1,2
0.018409458807715835,1097.955219108866,1,2
0.02506796085008915,1360.7277887744588,1,2
0.03829575042647518,1225.4219348674,1,2
0.054682904197971144,1060.9509897390512,0,3
0.004194160927436101,227.6655591846459,1,2
0.05176623062468767,1129.5766567854855,0,3
0.009138628130341988,222.06577766074065,1,2
0.012485199643205245,544.7643872693116,1,2
0.05852854939905721,822.4394427125285,1,2
0.04548568240557705,1040.550440591075,0,3
0.09535542063814981,961.7278898970823,1,2
0.001822421676194447,79.51738507591112,0,2
0.054921787321927304,771.7574520743121,1,2
0.01178435904932171,263.4161500189741,1,2
0.03894498318287703,755.6057795258267,0,3
0.01441813410574818,350.35610563683144,1,2
0.06312417959952926,887.0169451416247,1,2
0.04041406960446465,881.8642787009474,1,2
0.04125345663895214,900.1803119280852,1,2
0.02021791307458371,451.93164950550806,1,2
0.0036181399885440446,46.930008234428385,0,2
0.006220387323781991,370.9890007283961,1,2
0.04630067851915658,600.554768760625,1,2
0.020650234474467254,1231.5969173173276,1,2
0.03424449461894946,664.4074778390434,0,3
0.05871380678208037,1212.208658684248,0,3
0.019811316613840668,256.96773888412866,1,2
0.01735873692171695,421.8118254457336,0,3
0.024230700687539387,933.9862246543503,1,2
0.025453972739888194,568.9734565763418,1,2
0.027287997765085767,609.9694758892296,1,2
0.09563201002284678,964.5174924548852,1,2
0.01682213923253749,648.4189836279567,1,2
0.00203069126535101,121.11209223904221,1,2
0.002330020868568712,50.84274344871983,0,2
0.01589714949857639,223.38573070012777,1,2
0.01813298644055333,235.19852898571364,0,3
0.01624584387234972,968.9154501922767,0,3
0.055855754844784146,1153.2011526947513,0,3
0.016226710006828418,967.7742907627538,1,2
0.04509380748998709,1247.8330287416447,0,3
0.013119150687544597,782.4369047518171,1,2
0.0061930955972368034,150.4902672821893,0,3
0.028368206130592814,1539.8702204149295,1,2
0.07080496577078774,714.1189233843234,1,2
0.03454749761990515,348.43632134241847,1,1
0.023986636788350515,523.4057930034226,1,2
0.010786646555771637,235.37244275584553,1,2
0.06625918601831243,668.2714703499031,1,2
0.0033064111725031957,43.14156277729127,0,2
0.09881365909907171,996.6067080652098,1,2
0.07910701153306415,1026.0776847779307,1,2
0.06127459250202143,799.5017985248303,1,2
0.0190552705136377,369.7080176648584,1,2
0.04943794285684358,900.4927602846749,1,2
0.04115037458535664,798.3945125958883,0,3
0.0017835142860355272,84.68227824818011,0,2
0.059794893278670616,1089.1405545605958,0,3
0.028172225052605866,901.480246477094,0,3
0.06075247305505839,788.0054585403369,1,2
0.05067173824403008,1105.6940400814833,1,2
0.035881504251000236,1565.6109822989722,0,3
0.06667189636911945,672.4339505965847,0,3
0.05342923290934665,1222.2705894250175,0,3
0.015262654017978073,370.8776728113011,1,1
0.08301772270199395,1083.202937783555,1,2
0.03343340867863975,1288.709870662009,0,3
0.09705375398146072,978.8568012025272,0,3
0.05365571970464863,1107.7790996471563,1,2
0.043709289387982714,953.7683617589975,0,3
0.0019042875741803959,90.41666303652134,0,2
0.027131745515657932,1618.159550674284,1,2
0.010324526377015884,236.18839824596802,1,2
0.025686846248622688,360.94992496260204,1,2
0.041346239172262614,1323.0342229026219,0,3
0.03115806994150593,1479.4029793436166,1,2
0.019538586121101233,356.1287731812896,1,2
0.034879376979224185,1656.0927656169017,1,2
0.027949411322655406,542.2710450425434,1,2
0.021239235175298146,516.1067075770636,0,3
0.040203616810967825,405.4823449268481,1,2
0.005576643312416892,124.65488409150848,0,3
0.04655214635304595,848.5035031148763,0,3
0.025682536342611948,1531.7275272375393,1,1
0.0017961449924748505,23.43583356915245,0,2
0.02752923428981937,600.7078370919368,1,2
0.02235655195436235,1333.3630910042095,1,2
0.02680781321197385,1272.8503020224127,1,2
0.005912969552395844,352.65435275934396,0,3
0.03352284076700609,1072.6940701638946,1,2
0.061556809860111084,1121.9927092247397,1,2
0.033875714171280005,1608.4382815260542,1,2
0.03461352908942356,1107.5948980497503,0,3
0.0320905605206485,717.3213128453232,1,2
0.0536129367992714,1169.8731234506974,0,3
0.05914634703689802,1077.3275388548823,1,2
0.04088745395599556,745.2534551683551,1,2
0.05307465780902829,745.8017059845072,1,2
0.011454515873023595,222.2391098407854,1,2
0.021574612332230028,281.5023431045234,0,3
0.02237670707174247,1062.45884844545,0,3
0.08045209473973688,1043.5244298361683,0,3
0.02825565294965757,1089.1303129820535,0,3
0.030604366535809578,846.8821222421384,1,2
0.026723068210273686,518.4776866259778,1,2
0.007981895627914768,476.0468004294706,1,2
0.042787310420860265,554.9837310711815,0,3
0.01648383338533736,166.25129639198633,1,2
0.014554102285337923,790.0192416430529,0,3
0.061382194100724555,796.1734160964506,1,2
0.04577120050663282,1266.5778060549635,1,2
0.020131139130935942,366.6808122697186,1,2
0.002682040772772382,145.5853322877886,1,2
0.0053938348682787025,256.1023641451305,1,1
0.019893713582312535,1079.8616231793055,1,2
0.026521417255884902,1259.2520582446252,0,3
0.00083519466023911,23.111454554074424,0,2
0.022535492902974748,721.1110112432301,1,2
0.035073745073205216,852.2809292672703,0,3
0.008070609724519602,113.40769303759873,1,2
0.014582827027952973,562.1034131971829,1,2
0.02005412350581215,260.1171276517487,1,2
0.026111411232842316,1139.3143359736123,0,3
0.05961674114857914,837.7306437627907,1,1
0.023148273074300545,233.46695625190068,1,2
0.01860735636160102,595.4149580951057,1,1
0.02463608620056074,1169.7354615641566,1,2
0.026262279483068987,638.165098018184,0,3
0.01744927988045207,1040.6893605369808,0,3
0.011739082251330437,700.1284915553538,1,2
0.029237352003338896,668.8465006971169,0,3
0.022652002352822952,873.1343938912323,0,3
0.056521872836063344,1293.0191781708256,0,3
0.004731502832482988,256.8333110669338,1,2
0.011846387831925634,379.0713939934169,1,2
0.08116568456076738,1052.780228750251,0,3
0.0368186850458079,1606.5028171141098,1,2
0.04739979804530984,1311.6442555833114,0,3
0.07729574256153955,1086.1548439023447,1,2
0.026115557449573272,263.3941499222509,0,3
0.04697576822752246,1141.4963333522917,1,2
0.04351852454525174,792.6728748553782,1,2
0.008871044441020966,215.56357851105503,0,3
0.05072495097866542,1232.6002902427706,1,2
0.08938434027576814,901.505256732778,1,2
0.02702533519814992,1179.1914098850807,1,1
0.016319916626612373,373.3415777917178,1,2
0.01995354393104855,1083.1093072898732,1,2
0.03328456940769517,335.69878343957305,1,2
0.02619012209248171,585.4286263049241,1,2
0.027347023223828128,596.7318596203697,1,2
0.03109897222336221,1688.1004386323461,1,2
0.01495545614266337,363.41286145181607,0,3
0.0404921759086857,1560.7940931085682,0,3
0.051630145580631004,673.6624849598395,1,2
0.015455432331644205,733.8327656816664,1,2
0.008129853543189782,114.24018339848321,0,3
0.028127164065898706,512.6723279653968,1,2
0.09077346448673493,915.5155719018302,0,3
0.024075127089502817,585.0179855399738,1,2
0.058929337016182755,828.0712847427723,0,3
0.03840558595221107,1228.9365510053674,0,3
0.013622693276201497,281.2549151395022,0,3
0.02122154049353623,1151.9381270317604,1,1
0.05946613540198058,775.9053184015237,1,2
0.048026172337957,622.9357267614638,1,2
0.05462313337032561,1327.3248913449092,1,2
0.05331396345833348,1163.3493085457046,1,2
0.006805639681471097,296.9492068210549,1,2
0.020032095886435806,364.87677837442214,0,3
0.03647811398356742,707.743886362855,0,3
0.03510987135343029,1353.3300838614878,1,2
0.04319352957471016,891.7761156917201,0,3
0.04287252605006567,958.33092885493,1,2
0.024671493347559574,509.3690819534843,1,2
0.005664328746040781,307.46854822315004,1,2
0.0479708089042162,1165.6755075699643,1,2
0.02253684186261328,410.777821597095,0,3
0.05668351037840791,1267.0482977434567,0,3
0.0019739247506900706,76.0860591454905,0,2
0.008457191838280177,504.39385616011725,1,2
0.026065481539176788,834.0667689046367,1,2
0.0646733057234792,1178.7969140718453,0,3
0.018866409962748923,823.1945469067414,1,2
0.024309079196159718,501.8866583731639,1,2
0.04274346979733102,829.3035501951656,1,2
0.07814517401728818,1098.0910005346439,1,2
0.050969229973261546,1052.3136769069695,1,2
0.01126961750914257,611.7323146168452,1,2
0.01948383866397575,1162.0321147312184,1,2
0.0013050273675521084,23.77056221487511,0,2
0.052073740183956115,731.7368753639355,1,2
0.0356341190349082,691.3688000493527,0,3
0.049310010934001475,1198.217693984325,1,2
0.04176828493235183,761.3083146676851,0,3
0.014848488419772536,360.8135795651307,1,2
0.013066682268068314,709.2797765073817,0,3
0.0814646256789559,1056.6577208270137,0,3
0.012358457535277756,539.2342725142852,1,2
0.043439491646252916,525.0181134013939,1,2
0.022058923156097292,266.608419670112,1,2
0.04984921438525888,1114.2810635586636,1,1
0.01167872834355117,283.78941069814283,1,2
0.042354836224171355,595.1674568744569,1,2
0.00932486125191847,442.74974489601783,1,2
0.01786072721553401,434.010031060919,0,3
0.008758537215263068,191.11762758383767,1,2
0.016298876952703115,297.07876595687895,1,1
0.002952318625827757,64.42173136588418,0,3
0.08064313009414623,1046.0023026614,1,2
0.014453165010739236,686.244540113485,1,2
0.028632698101410163,591.1523449475033,0,3
0.007432564555237598,74.96275071091958,0,2
0.04222542943666213,871.7886641171544,0,3
0.030055144414517503,1631.4398464651335,1,2
0.053038022556357596,1095.0260885133,0,3
0.047728820679590285,1041.4774466861393,1,1
0.008420621895035375,153.37832877737384,1,2
0.03465603065523373,672.3920494599721,1,2
0.014055127327716585,613.2647491017626,1,2
0.03531037907434457,1540.691183993286,1,2
0.06816393306713656,957.8352393905891,1,1
0.0024109975095749107,49.77759435732688,0,2
0.018930915157077798,898.850677774957,1,2
0.03517578956997977,1534.8186652532215,1,2
0.017356632047435584,942.1449031182342,0,3
0.0071341617627402685,311.2835495165229,1,2
0.019985711722391417,412.6261628677816,0,3
0.009250264536085904,439.2078501682915,0,3
0.004459726331911005,97.31445962719492,0,2
0.026159495096378084,723.8839169594153,1,1
0.04104226456945094,747.5687695480789,0,3
0.032760125038087604,635.6079215782338,1,2
0.018194227639539158,235.99287358868398,1,2
0.07562678808895411,914.0400152103225,0,3
0.037665132547583566,730.7742747228478,1,2
0.0016484391308506183,40.05655031561494,0,2
0.03524625210609558,1673.512206447465,0,3
0.04100838390535929,1312.2232255918711,0,3
0.016839385851982927,376.41132379351944,1,2
0.0004340758020305748,25.888636776686994,0,2
0.048447592694291566,939.974241920204,1,2
0.0027225718596240655,104.94309039226876,0,3
0.026818189772399262,520.3232234891497,0,3
0.014188517929560421,392.6237833283388,1,2
0.005447577808177684,174.31650414722637,1,2
0.027380626119062994,626.371224197731,1,2
0.05168141473552653,941.9944059390891,1,2
0.025444313856628924,1381.1568135942284,0,3
0.059593488191020366,777.5669987118596,0,3
0.04365152011597098,846.9214309281655,0,3
0.09825505878918861,990.9728228206745,1,2
0.007798017344293004,109.5772422988887,0,3
0.06554161298057151,920.9865648078023,1,2
0.013264741456548228,511.29705053839416,0,3
0.016197035211930822,163.35873086932685,1,2
0.059369028789075906,1295.475220948062,1,2
0.013797689085041375,178.9664480720221,1,2
0.03697884121802599,1183.2822871965493,1,2
0.0371238835609461,676.1969946258718,0,3
0.02825247557988856,616.4894860284535,0,3
0.00927743183876092,553.3136423882834,0,3
0.04641405313364247,1037.4947956073966,0,3
0.04678187377049446,565.4147914156315,0,3
0.04361362994790605,1206.8736481033948,1,2
0.06915121971546631,902.2748626337602,1,2
0.006890519201938397,374.02806766902376,1,2
0.017195519185072564,417.8456859881469,0,3
0.043179789676368326,1194.8684471643696,1,1
0.022267783598724247,1328.0688734836099,0,3
0.0027034945260115133,65.6940632398657,1,1
0.02903253411158021,1266.7711456883094,0,3
0.07280293960585743,734.2699242148141,0,3
0.028222484479513452,1087.8518153188227,1,2
0.018866736661404024,389.52373888741994,1,2
0.09782399155592025,986.6252002326715,0,3
0.04996044643620884,910.6264080030462,1,2
0.005054618137441651,61.09109425347055,0,2
0.040877229036902,745.0670861102209,0,3
0.034790560369447804,1651.8757021927213,1,2
0.027852908230956045,891.2624590446975,0,3
0.016465663210461817,339.95103721995906,1,2
0.04682609497550129,852.9189743987189,1,2
0.06784637681004554,953.3729591223545,0,3
0.03050768729251793,1448.5224392320956,1,2
0.044794781220825135,451.78753482075246,1,2
0.053773666846342764,980.1297742197164,1,2
0.006025633459737353,232.26149003215338,1,2
0.029493284238845514,643.5648299308672,0,3
0.006380641084557604,380.54666642966396,0,3
0.01067750999265219,194.61840845318366,1,2
0.002690065607284255,127.72585341509688,0,3
0.007046271048156524,271.6025499643639,0,3
0.0017231295431527286,75.18498995505519,0,2
0.08420867878747532,1017.7624091242769,0,3
0.004297298811625614,118.91458472894182,1,2
0.016253429178326038,354.6616002556195,0,3
0.026778266110349377,650.7034101165968,1,2
0.04910593370642465,1097.6664870693912,1,2
0.06677382923612628,866.1069958093949,1,2
0.0640614573894462,646.1057989841757,1,2
0.0023256456901133496,28.10820445613381,0,2
0.036237163356088516,365.4778136059522,0,3
0.02031664814617054,1211.7015551558268,0,3
0.03821533385685733,833.8862717074742,0,3
0.0795250177549432,1031.4995411729121,1,2
0.05243991086586597,955.819474686966,1,2
0.029914618644107722,544.88305861956,0,3
0.028048225931476656,681.5630327267106,1,2
0.05956493806126055,1155.6716110221585,1,2
0.0055281931298344035,152.97581554189563,1,2
0.0014982067589680587,71.13571370277771,0,2
0.00821600045444426,390.1004001021856,0,3
0.05127484645854889,1172.985899121983,1,2
0.06187978844751228,1127.1161032384775,1,2
0.015744155147334005,286.9678810249514,1,2
0.015024316856304929,335.8390292071776,0,3
0.05050650819013413,920.5794466365128,1,1
0.04250574204835432,551.3315766266057,1,2
0.010016955736087942,597.419454036892,1,2
0.02468358004317531,1472.1489543916912,1,2
0.07253425804408381,946.4162451834507,0,3
0.021507778801265996,216.9213935032366,1,2
0.0009729211642597132,22.256971701642488,0,3
0.036728355995342805,1175.267035299986,1,2
0.007162810817542142,340.0943538492607,0,3
0.029781780100391012,665.7130711922974,0,3
0.015099184240028953,292.9525177688964,1,2
0.01810619226453876,697.9135425794263,1,2
0.024714490327877932,322.4710056800635,1,2
0.012928292173433496,282.10470175219706,0,3
0.0010845339853894178,19.7543616439264,0,3
0.0007655691860508396,33.403937499567554,0,2
0.001137936885586501,43.86242846912051,0,2
0.029106425400058953,564.7192900391735,1,2
0.05764856097882402,1288.620104294085,1,2
0.010443687240842494,495.87224267873086,0,3
0.04910370674282681,1123.3179537752424,0,3
0.0062000906316943575,141.83599535758822,0,3
0.003969077143837542,81.94579681408175,0,2
0.03625437822460405,880.9699420116394,1,2
0.017137707883836024,172.84609024313994,1,2
0.03929300140925888,715.7066264134644,1,2
0.05171236345076287,941.920440327862,0,3
0.05343484958364906,1222.3990789322852,1,1
0.022131954164547957,456.9376087543363,1,2
0.018626707448312383,515.4370869187131,0,3
0.010309017916083052,224.95023979662267,1,2
0.017165843167462,417.1245681316621,0,3
0.003391132110699989,130.71312787110557,1,1
0.014542407038036245,188.62600236705637,1,2
0.02940012714514636,1282.8102639577648,1,2
0.012325832943244266,537.8107697752876,1,2
0.022357205592765942,861.7712840696673,1,2
0.06323227630482016,825.0453665416862,1,2
0.01432572581972128,327.7215933704491,1,2
0.023642256826401864,911.3043192743918,1,2
0.05286012610121709,1025.5856730246248,0,3
0.023480586855235106,427.6896903174397,0,3
0.033361910277446664,1455.6740084102642,1,2
0.014824870523286654,339.14024675202324,1,2
0.01810897885795499,351.3481832083039,0,3
0.06703458593455648,1221.0087199126435,1,2
0.01355830301574508,310.16569237996157,1,2
0.00363620674362389,79.34466557208968,0,2
0.009954759442900002,217.2200632520473,0,3
0.09106214978136142,918.4271703970959,0,3
0.0375234478199542,683.4749010619706,1,2
0.05438079264307335,709.5525200254689,0,3
0.007237111844390072,93.87080641602729,0,3
0.0033407482580880606,145.76624562257663,0,3
0.08033245119215025,810.2104553495896,1,2
0.02642500206071306,1434.3900901020722,1,2
0.02645756642214455,482.24066024434325,0,3
0.045515836217550724,593.8838828849482,0,3
0.005550576644805099,213.9501532368841,1,2
0.04416697954802467,533.8106731491205,0,3
0.035694770485421544,987.7434628901456,1,2
0.012223238515876842,252.36169102615457,1,2
0.07966708950669629,962.8718810431483,1,2
0.02777319932637424,1656.4163819396363,0,3
0.006372102783880298,131.55880349088832,1,2
0.01707616518075469,472.53057798512896,0,3
0.015921005410575607,949.5418179634629,0,3
0.015675986940319044,189.46301573078208,1,2
0.037766306254978274,844.1914365038364,1,2
0.010944405275619244,594.0792902623323,1,2
0.005106628530039016,99.07817941709808,0,3
0.02329158816472826,480.8794795504272,0,3
0.02538181473809219,356.6636416341021,0,3
0.054197323394755456,987.8517396629317,1,2
0.016644502043331316,726.2464530931913,0,3
0.042201935426843536,1167.80932535206,0,3
0.002130459105112969,38.83176513971969,0,3
0.08281299629679424,1080.5316980008133,1,2
0.01108646452374738,228.89178928156244,1,2
0.009280884442015096,212.31358714384322,0,3
0.008068929595947844,311.02150893212087,0,3
0.055126213561609475,666.2660990319184,1,2
0.019714364779040254,440.67581855148524,0,3
0.015052401407581689,196.40150192891508,0,3
0.025594974197719306,1526.5052491148956,1,2
0.01637023682480957,317.61332387661975,1,2
0.042027921782884704,1344.847317420192,1,1
0.035856140062839166,871.2928804412184,1,2
0.016334334259384607,712.7129600293166,0,3
0.05917289046013242,1221.6869269161275,1,2
0.004698077005948315,255.0189053679428,0,3
0.008605267936088339,275.3591186191664,0,3
0.02527337567472852,254.90014196957478,1,2
0.01269548216007035,283.7825136898547,1,2
0.02048879252770687,893.9836627537376,1,2
0.017936034049314487,1069.7197783079523,0,3
0.02506263731932287,801.9768557790699,0,3
0.008197828306076724,315.9899834797017,1,2
0.029337665149750204,1749.7224065128928,1,2
0.0169198157830715,918.4338389011083,1,2
0.006121166441993761,267.08371363216213,0,3
0.026447416425303558,642.6638672497003,1,2
0.012948230268107819,156.49482002709374,1,2
0.008446148344361474,109.55292293972069,1,2
0.01831938096705246,419.08220188172754,1,2
0.04759385942334893,480.0182484535455,1,2
0.00931401089470903,213.07140241939607,1,1
0.010250958628904742,144.04581676103194,0,3
0.011846457370807256,562.4765706586109,1,2
0.030513391509492737,592.0170736559489,0,3
0.016515496351896,232.07470123961318,1,1
0.047622731429362075,1089.4385123020004,0,3
0.043968118873570695,617.8372017550836,1,2
0.03278148461448596,715.3157444234774,0,3
0.004515718106575222,54.57784405658774,0,2
0.013576665409596,177.14631741669706,1,2
0.011650043237534553,163.70566443611736,1,2
0.004279469024312411,255.2310417886493,1,2
0.005379435572612192,255.41867735228752,1,2
0.016233827553416118,228.11670925057828,1,2
0.042018042724466145,1021.0251692385717,0,3
0.0039446654132956616,90.23989784719383,0,2
0.030429267658873084,696.1132865277596,1,2
0.006808192412345542,148.55969096235478,1,2
0.04416201277182711,804.9386650686067,1,2
0.05496631195415865,664.3334972197855,1,2
0.05683077601809876,573.1791851509399,0,3
0.030908522930698352,563.3680085104828,1,2
0.03969219747759606,1270.1067061087906,1,2
0.0035579797225078636,73.45825562043704,0,2
0.0029495514461106696,41.44690877355431,0,3
0.03734926726347885,524.8295211360838,0,3
0.017229462568367344,334.28391620172,1,2
0.018150627253611728,580.8001284863466,1,2
0.017774451006529704,964.8247641454691,1,2
0.028397641239843858,908.6933167848805,1,2
0.01198025083469999,383.35486299559386,0,3
0.05782532631950968,750.0381546666246,1,2
0.05943143007844379,1083.2535246441296,1,2
0.027952508843457333,773.5000815534142,1,2
0.012540400955879757,747.9197961786451,0,3
0.022886129739627625,1242.294612650878,0,3
0.007152826854470634,130.3741957924864,0,3
0.05490573109669099,771.5318310214925,1,2
0.0026245988586369104,63.77692343729133,0,2
0.0014730210876044327,33.69747711026545,0,2
0.011038851678930477,481.6561563196234,1,2
0.06128051145568534,1265.2009921770725,1,2
0.03746962719447146,682.9569080188546,1,2
0.01979873323270798,547.8693113351234,1,2
0.07484047707163267,970.7375105333116,1,2
0.04499620913531771,453.819079979642,0,3
0.010811849866771769,644.8275918066737,0,3
0.0028136756971321687,51.284717734387044,0,2
0.02324322554906589,1014.1673250127245,1,2
0.0076854637872001835,296.2405998855891,1,2
0.005375585278249807,97.98050782226233,0,3
0.04180560763425155,1156.8421673910836,0,3
0.01739739878823724,225.65740158609927,1,2
0.007072177599699344,272.6011328192846,0,3
0.04330078957031096,967.9039168489677,0,3
0.0038807980091830085,80.12318068212896,0,2
0.03358814776714165,651.6731168490606,0,3
0.010725399461444868,467.9793541797645,1,2
0.04213555201444674,1023.8806078765947,1,2
0.011380073117137587,276.53218300925397,0,3
0.022224687521269514,268.61187990810504,0,3
0.01747926355155162,762.6694462800984,0,3
0.0008472409609483068,36.96750682009736,0,2
0.0012903145105750448,31.354235135844455,0,2
0.01292019467733294,235.3362841592499,1,2
0.027843630980194527,336.52351934756854,1,2
0.006593273609135693,85.51973824901405,0,3
0.06461585925443732,780.9597957047225,1,2
0.02210560182645643,1199.9263471298952,0,3
0.019858219244607886,635.4411959224859,0,3
0.026360598120725602,480.14796718430364,1,2
0.05157423989714029,1000.6370668575499,0,3
0.017635788728712617,837.3573343057659,1,2
0.019299082609970552,916.3314789840632,0,3
0.048496600739513604,1341.9949113389641,1,2
0.05131817473021791,1059.5180105887375,1,2
0.047824475979034664,1323.395916881756,1,2
0.025377148200900927,580.5387837416454,1,2
0.0012732108480577513,69.11185924861998,0,3
0.021960128749093075,1192.0298429000286,1,2
0.07262547540752093,1020.5285477629844,1,2
0.0033780517238528726,147.39390078638087,1,2
0.011407005553367955,315.6539463138594,1,2
0.053660167590593236,1303.9251269943984,1,2
0.039611151237641154,1096.117306833858,0,3
0.028418944534017974,786.4072608949397,0,3
0.030199982426638673,1164.0756053657612,0,3
0.03537473506667235,458.8370304150952,0,3
0.060219014842708044,785.7287777238214,1,2
0.08661636882764569,1046.862217493112,1,2
0.006458377717519249,78.05720454783552,0,2
0.037300480909662086,813.9235175901149,0,3
0.031886732773188105,618.6624721463447,1,2
0.05517126641643036,1262.1221127495992,0,3
0.010186512692243375,123.11616626117441,1,1
0.007262524297027442,433.14290436849603,0,3
0.04586936108791569,1269.294099538774,1,2
0.03732435771996077,1438.6887281572322,1,1
0.042715077790410214,977.1688730175819,1,2
0.013608880124886676,593.7937281355437,1,2
0.06034479576214881,1099.901392529128,0,3
0.032401611441315536,1036.8159637312833,1,2
0.019085543612441382,906.1925252637664,1,2
0.047226247459222125,916.2778517052878,1,2
0.012751586715059637,278.2488606276455,0,3
0.03186893177071394,413.3641139252551,1,2
0.03289558634655913,599.5861080258657,0,3
0.053023882762217506,1185.2445260554684,1,2
0.051237910480210994,994.111644826605,1,2
0.06257747576844473,756.3234979110144,1,2
0.030649347847970382,1337.3172778771159,1,2
0.004124619939170472,80.02536937170754,0,2
0.04154153086157411,906.4663001750298,1,2
0.05543986487760506,1144.6146643216578,1,2
0.04705807730046311,1143.4964178321943,0,3
0.01257457314169638,484.69411787553383,0,3
0.011128722682449783,528.3981172008808,0,3
0.006758847237066275,139.54355189240454,0,3
0.04233912452603154,1354.8054632561173,1,2
0.04482127714764664,925.382686449249,1,2
0.060735985573667,734.0668905873703,0,3
0.014219897791969232,548.1140981004281,1,2
0.0015104472563341215,90.0843129394787,0,3
0.04208428059602579,1164.553588210813,1,2
0.03843784995856314,700.6046529992236,0,3
0.0412440504943921,1002.2174024684041,1,2
0.028134825244916457,1227.6015821514977,1,1
0.003975801746447773,215.81268422278828,1,2
0.004086061163193151,157.4995658908071,0,3
0.0045604714041356876,175.7859801216238,0,3
0.03202076159521636,1738.1365951901075,1,2
0.017996683234526353,234.81805469388985,1,2
0.010020239870900659,206.87845328581378,0,3
0.0470569217042705,912.9926142085035,1,2
0.03336405713626483,1455.767681900641,1,2
0.03500227761199236,1527.2478503541295,0,3
0.030635080078200736,700.8215417914915,1,2
0.01854324354270396,1006.5560152045667,1,2
0.03973634054111577,820.398790477808,1,2
0.06909233918605236,696.8458544754307,1,2
0.0487931729864219,636.6460871541584,1,2
0.047226299978291225,1147.5841757800247,1,2
0.00950498809683442,414.72937274111484,1,2
0.016752982388970664,383.2485803031625,1,2
0.06338771418546514,1155.3645052779082,0,3
0.011075292665656716,525.8612294482557,1,2
0.06840716470923035,887.2925904643998,1,2
0.022799096180088286,497.4927965597889,1,2
0.08812348924652016,888.7886687116866,0,3
0.041825025397748454,421.8354148246036,1,2
0.03153769936990018,1497.428001704351,1,2
0.015043680522354977,714.2825543060524,1,2
0.05649111637788236,1292.3155799302654,1,2
0.03540860590234908,810.0228142974398,0,3
0.03868918424538765,940.1349594241743,1,2
0.022661131468735215,988.7689225789269,1,2
0.028097388813365227,777.509191045761,0,3
0.06115409061868771,1262.5909002473256,0,3
0.011714938873087777,451.5590230437886,0,3
0.08558067109534509,1034.3445740111245,1,2
0.0034023143999529467,131.14415560971872,1,2
0.06935645691454141,899.6056273157058,1,2
0.0008748135250100417,20.01261827331888,0,2
0.03472108116030783,1648.5767896093332,1,2
0.022775916973848703,521.0318761557853,0,3
0.015955642711178806,309.5694198146832,1,2
0.009866268342420506,430.4930463101091,1,1
0.03098336140531112,708.7889783387318,1,2
0.0409317477811241,794.1527421973328,0,3
0.043914370318948535,958.2433762534921,1,2
0.028136854398987634,613.9665480938268,0,3
0.015084680535701304,366.5529733945954,0,3
0.021755800833902973,1180.9386068045114,1,2
0.029267780170656402,809.8961876972631,1,2
0.008881835455560372,215.82579675664545,0,3
0.010433098568492666,639.4594983677898,1,2
0.01925326288765518,606.7206947149609,1,2
0.019705430317570195,871.8312879885495,1,2
0.024331357082983316,586.3683745372979,1,2
0.007503599702703422,180.8314080405284,1,2
0.039224850417298944,1244.2904068534106,0,3
0.02081761071642145,276.530075937652,1,2
0.017212828520946574,619.3207890187791,1,2
0.02184777439705905,415.3885005354578,1,2
0.04728788582905846,639.1556669937041,1,2
0.026002067602887653,1593.703826021663,1,2
0.01113417248807044,548.3738704740139,1,2
0.03228442798190433,1286.166390098146,1,2
0.015037220038124284,473.86215216342583,0,3
0.004180938083990926,145.01409528009955,0,3
0.06581993249566763,1118.498888705213,1,2
0.013375624578292796,481.25747359689166,1,2
0.00827782202116984,607.1195276257893,1,2
0.02672536982585398,1464.4882814971593,1,2
0.021203538964574258,616.5938899485737,1,2
0.028590068253260232,1138.9882731874966,1,2
0.015151527107535532,257.47468265909987,0,3
0.015582781799345644,560.6714031534137,1,2
0.029993376097335236,1643.567445588412,1,2
0.03494485905301291,664.4014323677711,1,2
0.03136018227306243,1249.3457356460615,0,3
0.02653289852632603,1453.9413006875416,1,1
0.023703859794099582,1452.8433900826512,1,2
0.03426268068310427,1079.7067254599572,1,1
0.027202211201978584,1266.7014272748472,0,3
0.0036239727481886257,236.10098111779385,1,2
0.03340745461075656,635.170989285597,1,2
0.03427227360843464,1365.3593754897383,1,2
0.025136522715233103,1843.5856385893328,1,2
0.0014076512832294286,44.35877541696926,0,1
0.05057897710907531,671.864248560877,1,2
0.06783948369618692,1152.8177597191384,1,2
0.04354101369157573,827.8388480417535,1,2
0.003557065550756528,123.3753364275094,1,1
0.015496178049559387,1009.5723934198197,1,2
0.0220004254445526,1348.4374681494176,0,3
0.01913802949149533,1420.665711113635,1,2
0.014641811876308903,721.1301116420337,1,2
0.023756363628277558,321.0269736165413,1,2
0.008513511939619673,161.86614227238513,1,2
0.035667299979224985,1131.4378188919702,1,2
0.018121268132441967,1180.596401368267,0,3
0.020764850448905584,1522.9544877286576,0,3
0.007021554926121734,310.65605654217904,1,2
0.0111601315077315,611.5493225926857,0,3
0.03075117270375373,1360.5302738081878,1,2
0.03420082888235851,1084.918433901428,1,2
0.0044123170542864935,74.97989643425025,0,3
0.010398336479988142,327.6787924120365,1,2
0.02727268046298216,1776.8087848454827,1,2
0.011826410635775431,550.7100551732186,1,2
0.005002056889791655,246.35843390473838,0,3
0.01834626489921122,243.70203165290326,0,3
0.008277985194688451,407.70257383757996,1,2
0.042878223756471795,579.4264906017966,1,2
0.042675797010770185,1344.8260360320937,0,3
0.02491080895708716,423.3172396079837,1,2
0.030609147806731136,1507.544172921038,1,2
0.016782180153571035,582.082925627709,1,2
0.02100392877065661,1559.17626819445,1,2
0.045818863015465464,1332.4016819516783,1,2
0.02416963695207603,838.3137863902831,1,2
0.020977638754257018,1149.5259496603953,1,2
0.02884743477779859,1276.3028166438432,1,2
0.023559537970649195,938.5789929768706,1,1
0.009395495619073118,697.4520794247471,1,2
0.010140936323696073,319.5674399334186,1,2
0.02661360177872023,838.6642333962842,1,2
0.021352253766601346,1051.628942687927,1,2
0.0198076941126762,876.3557654937359,1,2
0.0011476807343520567,74.77113273711818,0,2
0.0013062090388951588,31.47870742805972,0,1
0.06701734540799557,905.6257899055876,1,2
0.00967963434835462,530.4215120207327,1,2
0.03613802139302533,1050.8851009729387,1,2
0.0308261127723287,1689.1994839866636,1,2
0.06210825561675173,839.4717346434353,0,3
0.013282777333960659,529.1672438388343,0,3
0.014504515558167253,1076.7079191177709,1,2
0.06827139737846907,922.7744011599104,1,2
0.026041606952883888,1282.5862733325373,1,2
0.019605020782426718,965.575226960217,1,2
0.003698725452028394,226.70016070747866,1,2
0.005055037263336869,146.99928607405732,0,3
0.03271402800949217,555.919804021322,1,2
0.02586656561433383,752.1936002475403,1,2
0.02694311089597329,1073.375798961389,1,2
0.027760950354767798,1701.5082596538407,0,3
0.015446798266101647,946.7563069383406,1,2
0.02768559405435607,367.76071618011986,0,3
0.032248291055173975,1022.9800437855376,0,3
0.023787178809947452,754.5767054415832,1,2
0.06279962315572836,1067.1738187426995,1,2
0.0038930830420429424,122.68123391000935,1,2
0.0022090502072406454,108.79887243653697,0,3
0.07977522072134516,1078.2631432084172,1,2
0.017888006128111412,237.6147657078559,1,1
0.06860148210426302,911.2656257311519,0,3
0.008355287792257169,544.3450550944281,0,3
0.0446808235398535,849.509883963627,1,2
0.05794993783216356,769.7761730489831,0,3
0.001991131196387074,37.85708269433314,0,2
0.008999808035069114,119.54866642783315,1,2
0.029801681347399064,1826.5875741340571,1,2
0.02319972254864797,313.5736326477511,1,2
0.01940335893212839,773.0026416296482,1,2
0.02219774120519431,1360.5312326712108,1,2
0.033456304457489,1061.3006357536342,1,2
0.04369254289605824,590.5600537594846,1,2
0.02793899235618,377.63086637239473,1,2
0.013032146114745508,798.7588310875989,0,3
0.043060818892447984,571.9970308058984,1,2
0.07589168484866876,1008.1048041543106,1,2
0.0006104979787900574,24.321384352317907,0,3
0.01803004141176401,306.39018482272684,1,2
0.06514122988736652,1106.965481052507,0,3
0.05397891083663647,729.5933441410741,0,3
0.010286641708046648,506.6317711230769,1,2
0.028908271536856024,1278.99442952168,0,3
0.039420912269312436,749.503969589405,0,3
0.0287308810363426,996.5186368195051,1,2
0.021458438727653014,1175.872673068556,0,3
0.002398576505689855,175.9185727096539,0,3
0.009674055535519805,718.1303066143514,1,2
0.05824176629550749,787.2112345657329,0,3
0.042268488231886114,1340.8406624780155,1,2
0.0037555379207478636,275.44206707925304,1,2
0.006176660651564038,402.40800392189834,1,2
0.04179856601894327,1325.9337936101554,1,2
0.006127982529405493,147.68001401259622,0,3
0.04355406881673698,588.5593906417826,0,3
0.02340493041169065,316.27794957757055,0,3
0.023439662774097116,1436.6503777410214,0,3
0.03947136673934737,1369.0479079545955,1,1
0.012050949264422552,417.9821537032861,1,2
0.028574525312532746,1138.369064199864,0,3
0.020488161453502938,1520.8895186250172,0,3
0.0028006894995227035,137.93795115844782,1,2
0.006196243083159171,339.53974982288105,0,3
0.003733331741960899,277.13492637123,1,2
0.029464131611893585,934.6609590836543,1,2
0.023067673398916487,670.8024776837881,1,2
0.01404601733930184,487.1802585517236,1,2
0.05594648909955758,756.0219384217261,0,3
0.02911894350556269,1434.1494863105754,1,2
0.01449105638956329,674.7922687272195,1,2
0.019138615506197765,942.6041020913318,0,3
0.017140446773123895,1257.1301873343878,1,2
0.04219676731133886,560.5194288566182,1,2
0.016590236365521874,1080.8500380786916,0,3
0.017817132033105695,429.3801909008699,1,2
0.024627263602168388,1212.927846696697,1,2
0.0005508433928417733,17.358516732163594,0,2
0.012074192650504748,163.16224090966497,0,3
0.000764118953600201,33.80706743053102,0,2
0.0537991037516342,1296.5200794521922,1,2
0.03949018551642677,1148.3652395501572,1,2
0.007689618057928992,185.31431790107226,1,2
0.02515248216964678,606.156904240616,1,2
0.023916913811040472,1113.717875194311,0,3
0.00675743555400565,314.6675539506935,0,3
0.008693723460775847,312.80179586327966,0,3
0.026271635948983962,1162.3412347684894,1,2
0.029495136616924402,935.6444996176234,1,2
0.008708296974303828,385.2829217601302,0,3
0.014167479545282987,564.4125407381962,1,2
0.06213029740266544,825.3058476703696,1,2
0.018141771867082147,1346.7109161819888,1,2
0.0017777993708817177,87.55915385550355,0,2
0.021458776545820124,1573.8490446650758,1,2
0.0008197015352934926,38.17031994149533,0,2
0.0020073562137534087,63.25704706030678,1,1
0.052464693557590196,709.1267798615713,0,3
0.07693173133291792,1039.6019050445113,1,2
0.010790629088923987,342.3002539568652,1,2
0.0367809035354795,497.1404942236677,1,2
0.0057908865263894055,424.7204498290516,0,3
0.036169293876926786,1147.3620655000293,1,2
0.00876634688782663,276.2505298416079,1,2
0.006966610187810053,343.115484951065,1,2
0.012883123739718104,599.9170842285205,1,2
0.006339471498328572,464.95526620642096,1,2
0.006956291022767083,342.60725135932427,0,3
0.017586329363529905,700.6147287245223,0,3
0.020448036547831668,709.2316271298926,1,2
0.07345370495677597,992.6022758435877,1,1
0.030667268937278145,739.0593371722078,0,3
0.0159927300716096,744.7193853952492,1,2
0.05200651308747275,988.7921349275264,0,3
0.0041566504038419915,79.02977882884275,0,2
0.009707015346325341,233.93215556456346,1,2
0.004122653775422033,55.710675484743874,0,2
0.014040916181444778,559.370433599804,1,2
0.039739495250308204,755.5611406479711,1,2
0.014031584239537487,620.8021831001672,0,3
0.018575078549433962,447.6461620610416,0,3
0.002953807787032102,102.45159226536465,1,2
0.010634739387394787,470.5148980820742,1,2
0.023446426275989064,1154.7699247091457,0,3
0.027483041278173193,365.070112760629,1,2
0.04652121174238239,884.5009124298733,1,2
0.015172528197268647,205.03099234779415,0,3
0.019788853621760145,336.2782358694417,1,2
0.0302736863583519,954.0030760551812,1,2
0.04064811089950965,1280.9283407029207,1,1
0.022305723574698334,1098.5886902225075,1,2
0.03080563962557254,742.39397219902,0,3
0.013798768666097796,642.555115619063,0,3
0.0522475192066714,706.1913934580174,1,2
0.0193316578445211,1184.8648938491913,1,2
0.003002276231039784,147.86638511406233,1,2
0.012963662709690104,710.378649475479,1,2
0.028221291901980913,1838.6105993208023,1,2
0.018393825932778298,1365.421545123199,1,2
0.008293219406290374,366.9185620428161,0,3
0.02457269158776589,714.5680500750967,1,1
0.014629268803907117,582.8095779749593,1,2
0.020331534612649693,1246.1487677031207,1,2
0.010611686171146972,143.3989456381634,1,2
0.04858142001641351,645.3297618684234,0,3
0.04768680273803931,644.5475342460575,1,2
0.0032870751325355125,43.66375893924227,0,2
0.011630308663381937,368.93656303678455,1,2
0.015742359057460787,862.6447646187178,1,2
0.027467358790852287,371.2561414140119,1,2
0.028668255409163478,1268.3753480618027,1,1
0.029534660565335324,561.5381293808039,0,3
0.03726516179091563,1182.1251791396778,0,3
0.037979461342838715,1366.5081213544554,1,2
0.012033955248434938,659.4328368973678,1,2
0.012265667557515686,165.78603148355367,0,3
0.03213910526857465,1421.9368513925476,0,3
0.014356684357126445,1052.9609603685788,1,2
0.026060483106776507,1697.8344092099037,1,2
0.05958361560168941,805.3480273882768,1,2
0.026816588374126107,362.38072220021877,1,2
0.03696491254084228,1282.1125884986639,1,2
0.010322264607027972,300.1690094167569,1,1
0.01666676177520787,1237.2170802568448,1,2
0.07907197518939534,1050.3500906766094,0,3
0.04169965879626143,1004.9320744309969,1,2
0.02508591688896241,1235.5171750328932,1,2
0.024571729488883417,1210.1927124352105,1,2
0.015059132296869482,1104.4805340279106,0,3
0.022554093101153867,997.8652442956269,1,2
0.047649659515444386,809.7257045761075,0,3
0.08007622831700235,1082.3316420892495,1,2
0.025355772167932857,737.3398478337183,1,2
0.04898485679936787,661.9472818905025,0,3
0.02367397645865087,1102.4052253245864,1,2
0.041935828572641644,1321.5076942285154,1,2
0.042172263266603886,570.0115491362619,1,2
0.06770081219858365,915.0622198087557,0,3
0.03543781560067803,1124.1581171796404,1,2
0.04253111034870693,1024.9694646041469,1,1
0.030160231376792367,400.6324830708157,1,2
0.009198546759971534,682.8320533090538,0,3
0.02525295121601819,875.8880902268143,1,2
0.05358744502374594,724.30218788918,1,2
0.030086854689742103,1331.138719274444,1,2
0.04488470307145189,1305.2365320832614,0,3
0.021395016116768247,1393.8803206301247,0,3
0.07665847369533581,1036.1363597979498,1,2
0.01161168928662275,513.7382875345113,1,1
0.0747277297983867,992.6434439229652,1,2
0.02410332778392823,759.5589310414482,1,2
0.06523637341550183,866.5653105068144,0,3
0.017837156257217227,830.6071562262595,1,2
0.009288025235475363,322.15128504737663,1,2
0.04345791387557732,1263.7458402751283,0,3
0.014529199194881102,422.5056706041855,0,3
0.06481048579589695,1232.2321726901462,1,2
0.03256889753847047,1604.0646414790522,1,2
0.023406874249331484,397.7604024079358,0,3
0.020169935316784644,383.487994468863,1,2
0.007291147379272364,123.90076883835832,0,3
0.017974003558770046,716.0591256488132,0,3
0.014661784841561823,249.1523377481624,0,3
0.058792522978067724,794.4812606111172,1,2
0.004241397663946215,259.96131492096225,0,3
0.018283151369882504,728.3751414211267,0,3
0.020917538239637483,659.166366061355,1,2
0.0007316562567019195,12.433265714594564,0,2
0.0027238235378188825,166.94703128714772,1,2
0.0057956877504100595,201.02101460670528,1,2
0.023401798260503624,1737.176357778648,1,2
0.010054305297821222,616.2427183039883,0,3
0.010093376863162258,553.0936422266461,1,2
0.008567016306623473,635.9519050161306,0,3
0.02407303648993794,325.3062703976495,0,3
0.011939513445776833,227.00420176582307,1,2
0.03278024381595881,1032.9912605980371,0,3
0.018295143899656734,1191.9243671352656,0,3
0.0011778877603107426,15.646434945957719,0,2
0.02285837031919904,1011.3274420065475,1,2
0.026757274139393515,928.0649039848772,1,2
0.030318717959544522,1411.8250544906134,1,1
0.03357673058671718,1653.701856103742,0,3
0.047095282810556326,636.5523932673055,0,3
0.01424383545440977,927.9825648102591,1,2
0.06650048078118662,898.6412408596882,1,2
0.019004145141549814,322.9434369750402,0,3
0.022634099503193297,1240.296156822521,1,2
0.02668028299797171,925.3944983262486,1,2
0.019829213982587857,629.0221752661207,0,3
0.016201894289428486,645.4607745463553,1,2
0.018349142137155605,1362.1045507423626,0,3
0.003776736409526552,119.80560368218441,1,2
0.0032758154235895155,240.25782476027166,0,3
0.004112261400672332,54.625094728396085,0,3
0.025500543229104982,808.9280385256084,0,3
0.009738791681266906,714.2712890003819,1,2
0.026976976117050338,1478.2757226966282,1,2
0.04142792497580915,703.9978056777169,1,2
0.030793621754861784,895.4712255891803,1,2
0.004376152313176013,138.82027042256945,0,3
0.020058850346439786,636.3066982551398,1,2
0.010272334111462767,195.30636787123447,1,1
0.01803994623097464,649.0806388983395,0,3
0.03653746698725553,1616.5344471029023,0,3
0.03999441012602086,760.4077994454327,0,3
0.007999512769941408,253.76048329682504,0,3
0.036041603878607845,1135.7652503613403,0,3
0.026948205187683108,1755.6692961766278,1,2
0.028903148094328094,390.66265227480375,1,2
0.01879997394407113,1378.8447336886065,1,2
0.027733216606094808,879.7528864235687,0,3
0.011255137382161965,497.9632904351765,0,3
0.04582974178876221,1104.464132702852,1,2
0.03884987021407359,738.6468315231915,0,3
0.0368093784086698,497.5253681982053,1,2
0.013825105548923487,435.66525279872064,0,3
0.02322674240896549,313.8700408527881,0,3
0.07370757224144565,979.0922131630035,1,2
0.0015116558333928298,52.43115268645578,0,2
0.013643458225097306,836.2270226191387,1,2
0.01859323264514329,1380.2240240800181,1,2
0.002972022018380054,193.6265428027699,0,3
0.03686009520665595,888.3020391301088,1,2
0.013898589116703757,482.0667720830586,1,1
0.058927652070913966,796.3073011787208,1,2
0.005535634026384702,405.99948955328847,1,2
0.010327660128584399,325.45159563641397,1,2
0.0069966076561106,519.3763859319266,1,2
0.009904663651089102,438.21401151148046,0,3
0.017903963578977954,1097.3594751211583,1,2
0.025728678777640693,816.1649526625717,1,2
0.018181579821205676,895.4687300353336,1,2
0.06559215282579695,886.3667286854869,0,3
0.006099124968583108,447.3275531156601,1,2
0.01957823615921265,1435.9247466699612,1,2
0.029192663512239994,848.9157391624728,1,2
0.011923244721719054,874.4854243911067,1,2
0.0031859118050683644,43.05219607654509,0,3
0.0024012284783409697,156.43947651307826,1,2
0.012317223598710977,674.9552854996309,1,2
0.022020285913032414,1434.6165023343278,0,3
0.03133300838330954,1248.263165940692,0,3
0.01770246490738105,336.57434482884565,0,3
0.07447347912039365,1006.3827945560071,1,1
0.005441652946588733,171.48072383455218,1,2
0.01059952106921456,422.27007268030854,1,1
0.024975430637116654,792.2704208730794,1,2
0.010930126653683543,538.3243221957983,1,2
0.0110684158819252,351.112204493445,1,2
0.02351385091422322,1040.3280008475226,1,2
0.019430788680028017,774.0954043652043,1,2
0.023577684927020975,1729.2559442320205,0,3
0.030443087819248125,959.3413593706075,1,2
0.016131952260692462,642.674382089101,0,3
0.026481266367668278,1304.2401263902277,1,2
0.050403213686605323,958.308840751559,0,3
0.029547683895374068,392.49572790426805,1,2
0.008296147017544777,112.13293399592526,1,2
0.06839124252725569,924.1916799196451,1,2
0.014576154603253972,351.27494338126826,1,2
0.013325387307042304,816.732002192602,1,2
0.03959538858241649,1373.3495539025478,1,2
0.028606816125706935,1332.1084285084294,1,2
0.037940149993672984,1203.5371497780618,0,3
0.011672512905853557,157.73422024092312,0,3
0.02316947039229135,1025.0915046555908,1,2
0.03633960839596669,1056.7472032622952,0,3
0.012348756633013467,676.6832226438859,0,3
0.012014352515201648,736.3768090705008,0,3
0.03439154781878981,1083.767666119485,0,3
0.019173463509371262,944.3204159349531,1,2
0.030900559076100356,1693.2789687677832,1,2
0.06493345660646813,877.6579041309243,1,2
0.010329817009339902,633.1292242337065,1,2
0.03300600015070984,1314.9128145993961,1,2
0.007139371214480656,284.4225490891775,1,2
0.008810785996350929,654.0475631798147,1,2
0.03864156021278915,1123.6874167606245,0,3
0.003146445190721226,172.41789880589945,1,2
0.012113705248120875,381.73455100042344,1,2
0.04837408020566134,1406.7067925088666,1,2
0.039301397297684525,1238.4898710861514,1,2
0.024280571392985752,1130.6519977429919,1,2
0.02633189900078811,947.4266501688292,1,2
0.02645475671695721,1940.2687518986338,0,3
0.025842989814954472,1895.3999891237002,1,1
0.02942741800631988,397.66165780830556,1,2
0.010154140097804154,753.7682324716327,1,2
0.007700416083803189,421.9649415841776,0,3
0.026935331431234933,1650.904897745648,0,3
0.016625289067770027,911.0272813773508,1,2
0.06163232681180223,1171.8063063811226,0,3
0.024759105393015155,1356.741550994241,0,3
0.02553580457005377,1872.8701303878186,1,2
0.044021572547760804,748.072477542685,1,2
0.009722995647732581,633.450903564636,1,2
0.023346655117655792,443.8864978002959,0,3
0.054893496073342665,932.8225056933788,1,1
0.009519331243096726,698.1754225739619,1,2
0.02814572012011279,1310.6369766451946,1,2
0.02557812753293054,1666.4090558350492,1,2
0.04352836861873056,1265.7946475152196,0,3
0.011539718257927517,459.7262117472656,0,3
0.03953915227611221,1254.260688030189,1,1
0.04960986073395135,1195.5623067129816,1,2
0.008521219573878202,295.55495019660395,0,3
0.008155600877064472,257.0043248681331,1,2
0.0018468711018739489,58.5864310585888,0,3
0.025652261768716027,889.7380103576571,0,3
0.026554698361397178,1455.135881088423,0,3
0.013675681618383562,1003.0142400839333,0,3
0.010213341090095742,354.24547989324265,1,1
0.04245712805689321,563.9779226155842,1,2
0.0011887440472566075,16.06738134066038,0,2
0.038969431863853266,1402.1274458271278,1,2
0.022980981645706007,1016.7521594061589,1,2
0.005909063661769827,384.9741223160941,1,2
0.026013605670110188,902.2710730084287,1,2
0.029006439189603703,1777.8460475428626,1,2
0.007187850459745501,122.14541167956644,1,2
0.05085023641183343,1225.4544770335585,1,2
0.0018405544795949053,24.87197298400509,0,3
0.03467286075470207,1202.6137273758545,1,2
0.01640148127596988,590.1283634208771,0,3
0.024627841273326897,781.2441937164009,1,2
0.0019866594105520385,33.759930444846155,0,1
0.020079047957007025,632.7433431297208,1,2
0.033792754708089554,1346.256014160668,0,3
0.010501848777246438,178.46123113957157,0,3
0.024609483781254684,885.4538284747492,1,2
0.01099579362571534,716.3733956050844,1,1
0.005318766518889845,390.09379619929524,0,3
0.010333921713258356,767.1138894358412,0,3
0.02800230016021083,882.4257532843103,1,2
0.053828415819398776,727.5592133814647,1,2
0.057907770654350904,984.0450250925292,0,3
0.007586264214780363,102.51549774341387,1,1
0.002987327742758787,107.48461082102955,1,2
0.00340093725743915,150.46834612272644,1,2
0.04632073648502212,1116.2967551484664,0,3
0.036199575069937026,1140.7433359724623,1,2
0.02150846734602883,290.7141766129806,1,2
0.014372591522689151,572.5839146183295,1,2
0.07495633676787672,995.6801373982198,0,3
0.02956536046738154,1177.842548909226,1,2
0.014057306842114948,408.78315277755297,1,2
0.033295969423628016,1056.214489027941,1,2
0.0172358323462521,686.6514184962896,1,2
0.020876477874637478,1279.5491178159791,1,2
0.05256208536604386,698.2068045997175,1,2
0.0005666483600796626,36.91700878006541,0,2
0.06131668299130688,1165.8050171460736,1,2
0.03110074836937646,1375.9966197797128,1,2
0.016191349029861104,561.5901942963864,1,2
0.0031118098184625027,228.2291769761022,0,3
0.010832751334416793,504.4391970466424,0,3
0.010101369434298919,136.53280126898184,1,2
0.041852719303018475,1505.8686670691047,1,2
0.010607778151798718,522.4481988638241,0,3
0.005387187220834531,395.1119693538096,1,2
0.020158976527086148,635.2621015266194,0,3
0.03912312499963019,664.8316121813373,1,2
0.04895857472740597,1423.7037547338175,1,2
0.04858111658662176,923.6655783104172,1,2
0.03606428378512897,1250.874655391475,1,2
0.017018962377228386,226.0708504286996,1,2
0.003123353058918702,138.1871330042508,1,2
0.03385276616944005,1174.1690884128304,0,3
0.026337484494478945,1614.2620059174021,0,3
0.015271163025640059,608.381744669499,1,2
0.005480238150932838,190.07977669413773,1,2
0.0035587380218913478,60.47475850784956,0,2
0.05407694828012871,918.9466513031513,1,2
0.013753074482689014,436.27492422516104,1,2
0.02002931229519652,1486.8279520426815,1,2
0.03451999384928904,1003.8332433135575,1,2
0.03327543010976744,449.6610167732937,0,3
0.008939285341957207,169.96130894477054,1,2
0.004619954183772514,300.98893984596066,1,2
0.028949542863647624,1004.102831184963,1,1
0.004258515864812593,147.7048482818645,1,2
0.007781425858937147,476.9346942977263,1,2
0.017214530874771993,685.8027977094291,1,1
0.04362132785525373,741.2709931472277,0,3
0.006053192662332764,217.7950039504868,1,2
0.019582357138496057,569.4503065059424,1,2
0.019276393024246607,1430.9367960618342,0,3
0.03343738147342793,635.7399842955631,1,2
0.008230702335281162,405.3738255944541,1,2
0.039460697220234306,1243.5098284950025,1,2
0.04119120796807433,1428.6998843290432,1,2
0.07307227910589334,987.4479522070267,0,3
0.011250926598256435,448.2211565355766,1,2
0.019565603981644853,703.9740900686609,1,2
0.031500367561796375,916.0232262259946,1,2
0.032418573838861126,616.3695455512968,1,2
0.013199882803968497,859.9692925987327,1,2
0.02266413845495309,1002.7340028557678,1,2
0.03282120336486313,1452.1150536564937,0,3
0.020067405041522948,887.8462079734048,1,2
0.02604292855252765,820.6808267253664,1,2
0.030644300357442575,1509.2754861651356,1,2
0.025379509811596073,799.7747661924781,1,2
0.016016968384161633,638.0935855056817,0,3
0.03290369651143793,1183.8811535419607,1,2
0.033942345610925524,645.3407926931243,1,2
0.013495225431021074,229.32862546489142,1,2
0.03933973553420746,531.6098220684374,1,2
0.036371066333100985,1146.1474744258512,1,2
0.013203398038234795,650.2861791833606,1,2
0.021505780578428658,290.6778615460784,1,1
0.027700720996837992,805.5304042573733,1,2
0.0617812553219614,1049.8683726996417,0,3
0.009573264973481523,332.0447065030256,1,2
0.0015528168510729658,20.988286381725228,0,3
0.025257470646107838,1548.066416066914,0,3
0.01705751304737673,794.3021970691794,1,2
0.040471251331997846,1456.1631911343675,0,3
0.07280781534007125,983.8741728314643,1,2
0.003062154845639903,199.4986755216508,1,2
0.003023022415151527,40.15622298882035,0,2
0.04883020722849764,1176.7732125767186,0,3
0.018860905977876128,928.9265118549298,0,3
0.020235277907633843,996.6162890161501,1,2
0.034990752988858856,1109.9764004049066,0,3
0.020857629844203564,606.5349346744375,1,1
0.03325003796420777,1196.3425837791992,1,2
0.017599372290320145,964.4047827523784,1,2
0.016481851994476663,903.1672624388227,1,2
0.005244534534326958,165.26900685304997,1,2
0.0027311418840257487,108.80486715738444,0,3
0.06703322294004863,906.0389054791779,1,2
0.002923759021045078,129.3564541350337,0,3
0.028007871610337784,378.4788952213598,1,2
0.02703739760978459,1077.1320495725154,0,3
0.05835205928441504,991.5949620211912,0,3
0.005498296202044586,243.26221667419853,0,3
0.027122548999922082,1486.252779046404,1,2
0.04486201877322754,1081.142697335063,1,2
0.06900432634849532,932.6808644429077,1,2
0.07071946555474852,955.6536664473599,0,3
0.006961392029727726,118.29713209754954,0,3
0.06322054795061702,854.3185100436825,0,3
0.04386003080189949,1382.1443416435336,1,2
0.017954463251528923,983.8629438533987,1,2
0.04672935096894228,794.0866109535752,1,2
0.05699550744825043,770.3664678606857,0,3
0.05398362450951348,729.6570553998642,1,1
0.014554000223127554,579.8109831451758,1,2
0.04344315400114192,1378.1034010836283,1,2
0.023341270981421046,1032.6925124227032,1,2
0.009677821581719644,348.2098302832551,1,2
0.00904330356144676,400.1046850835654,0,3
0.031118218587506585,1705.2062051685477,1,2
0.02497427781646108,1162.955214205851,0,3
0.024269054160200258,584.8669184764366,0,3
0.02937393439183452,499.16053888887365,0,3
0.026703398166062563,1739.720175693306,1,2
0.02420182165693293,321.48413532115563,1,2
0.010101322106391196,619.1244455900513,0,3
0.00947598712024463,377.5100538839609,0,3
0.009083820421555297,497.77229072141495,0,3
0.055467456277178945,749.7129210098653,1,2
0.019837789115166222,337.1098121551898,0,3
0.03746778665405482,636.7019251738484,0,3
0.02316671020605455,440.4652318328531,0,3
0.0729377706791395,985.6302988892728,1,2
0.0648783029754523,861.8088931000937,1,2
0.037509649218962195,1182.0272005549327,0,3
0.01624875803160199,647.3277603926455,1,2
0.020312101240320367,1113.056037497979,1,2
0.027513008287291148,800.0717631330945,0,3
0.017462760125175364,1137.6947579529628,0,3
0.048557736326182294,1412.0474689852829,1,2
0.005846285605588622,358.32718689675426,1,2
0.018353891549942474,1124.936202468821,1,2
0.026972587153634663,855.6242047129326,1,2
0.017899842980034456,980.869879657952,1,2
0.02612072165361634,1155.6643034665162,1,2
0.024979730753593943,726.4046525893592,1,2
0.008375353455828771,333.6623503478879,1,2
0.01157208097513658,461.0154970705142,1,2
0.002221792159494135,103.46024000190769,1,2
0.002403692669878312,147.32575359275916,0,3
0.03133434161545753,1127.4154709119207,1,2
0.026742272791792865,361.37647311301447,1,2
0.004093550586287964,141.9830963359367,1,2
0.021780013619510326,524.8828143829365,0,3
0.008441314715320532,619.1105570281111,1,2
0.027490853058776386,1506.4349872528617,1,2
0.031913062221359006,1571.7638170016783,1,2
0.03247423268823488,617.4277790153884,1,2
0.0027217355986685525,126.7406661134757,0,3
0.021165219737269442,1378.9091399875265,1,2
0.00245278668225591,85.0738840176495,0,3
0.054571619592735966,927.3527570593669,0,3
0.03894984942200897,526.3411723452443,1,2
0.054112443598253214,731.237923242823,1,2
0.016735906335244393,403.32342173667524,0,3
0.030326087837853514,1341.723159212381,1,2
0.01620665333185806,1203.0620336700777,1,2
0.01062415787854723,334.7950156005289,0,3
0.05949138442730272,803.925188121897,1,2
0.02441416295147353,1812.3268221586006,0,3
0.03284479481819982,1308.4906199520199,0,3
0.04145066747287924,1205.3755904035054,1,1
0.006617253343584525,292.76846090185774,0,3
0.004845392556418928,214.37567031998393,1,2
0.005660744677385718,107.62690060411155,0,3
0.02252148221214957,709.7108377680375,1,2
0.009297582403460031,432.95233660312493,1,2
0.026434549503857672,1301.9392542372518,1,1
0.037314985548335664,495.67243464467265,1,2
0.0055416843721590855,339.6577426609558,0,3
0.001351256161073111,53.83215275672254,0,2
0.0016329688012145652,47.48634588724962,0,2
0.012159554396099025,437.503041033879,1,1
0.025091692796649665,1235.8016467219527,1,2
0.02216364466362707,1032.07493392989,1,2
0.0018407468064126618,90.65940480774108,0,2
0.012109451945887069,663.5698808159677,1,2
0.0014279371809511668,78.24764565817381,1,1
0.004682800561025056,218.05985220284018,0,3
0.0323095555821738,1120.6434722368858,0,3
0.012714866895755912,457.48328861613874,1,2
0.005672632583697189,96.39683603923343,0,2
0.006423920641221549,203.779561763081,0,3
0.014464736314247474,1073.755002367592,1,1
0.03643053898213993,1155.6492807423024,1,2
0.016214252659711378,219.10813213034243,1,2
0.00329232768864783,118.45856590974843,1,2
0.023783664113852535,691.6233180551559,1,2
0.03361246184508474,1487.122860582099,1,2
0.00960843239815887,333.26447397397766,1,2
0.042532355267052194,808.6613747256758,0,3
0.022695921794909694,719.9598587034211,1,2
0.02939508122864104,1368.8148757727226,1,2
0.03161394326242001,996.2380782300129,0,3
0.010287808337448839,356.82834533778436,1,2
0.008593595307256254,380.2081530032483,1,2
0.05501100463562196,934.8193657833127,1,2
0.00275056172645512,168.58585302168268,1,2
0.026315125401076472,1714.424295419274,1,2
0.0032722125620915947,213.18388686061485,1,2
0.027128230260902254,940.9313624849887,1,2
0.0018338052769422588,24.780768953968913,0,2
0.004221256950319157,133.02285251141197,1,2
0.00384722691963105,111.87644741066498,1,2
0.0015823357078471342,50.19484129957249,0,3
0.07526078885578814,999.7243171139601,1,2
0.04902268072163506,1425.5679418592208,1,2
0.030713080492519685,1065.2703989905062,1,2
0.022010337990964458,973.8077783876588,1,2
0.032936457897724765,626.2159985012844,1,2
0.03453414887657719,1088.2613986027893,1,2
0.06467392513938135,874.1500076571562,1,2
0.031138803620977727,1240.5263202314177,0,3
0.02398420317486392,1470.0260359147985,1,2
0.0028811883655356714,141.90263508728017,0,3
0.03716857036378663,502.2702061748591,0,3
0.02035604668649169,1115.4641460241635,0,3
0.005583818330605381,275.01101435769743,1,2
0.025617265105464075,1901.636224566036,1,2
0.015127257389904551,200.94244684184366,0,3
0.07210549950345739,957.8111304331745,1,2
0.02577825825977002,749.6256432969323,0,3
0.06549073024898037,884.9961745299235,1,2
0.038298316218261644,1525.7512737995028,0,3
0.012461754439766918,682.8752403747395,0,3
0.0237863561791146,947.6151126985517,0,3
0.008915250354150478,546.4284154761873,0,3
0.013307769380773873,588.7782977847339,0,3
0.021894526242275066,416.27738644798177,0,3
0.013643678593295043,888.882484986373,1,2
0.018713862051456864,1219.2037572745135,1,2
0.03265120037398098,949.4891717707887,1,2
0.0254132979765955,739.0126847217019,1,2
0.003588853524516027,113.09416571778735,1,2
0.03893677573958071,1132.2722143428466,1,2
0.04214648432330387,716.2085114801648,1,2
0.0363428752951298,1307.6234493128568,1,2
0.03750285126265371,1090.5740302520644,1,1
0.0011666562165217657,41.976508837618375,0,2
0.019083881528600175,1399.6673411532076,1,2
0.027744548296937472,527.5029898079598,0,3
0.022548750491605478,811.308259351713,0,3
0.036071585645632835,479.15577121969784,1,2
0.00446306446576836,84.8555840304795,0,2
0.025130274407796773,333.8172081794339,1,2
0.013840679676445929,183.8522323283329,0,3
0.04545510698266643,1441.9265582739743,1,2
0.02889081269401102,1150.969510455177,1,2
0.004124213894489471,148.38998716040012,0,3
0.013795031342172772,642.3810829452166,1,2
0.01508719426272771,256.38145432086765,0,3
0.03310715457610118,1630.574568045367,0,3
0.024904880837958252,1826.5963500119994,1,2
0.08095109786393166,1094.1566120365517,0,3
0.019958474565030842,480.9850206475292,1,2
0.004130015446187876,192.31879428878298,1,2
0.01883092577770885,1154.1743109740894,1,2
0.0019681846937228006,128.22677472981675,1,2
0.017266800925356054,233.33153726053862,1,2
0.033438531560405195,1646.895357009567,1,2
0.08004848380501585,1063.3215121000248,1,2
0.015526042127737954,558.6298991585311,1,2
0.03272868302384463,434.75042958622834,1,2
0.03867121995836442,513.6879316920197,1,2
0.03626040305177524,873.8498853566516,0,3
0.0014259658371604514,41.466748731781394,0,2
0.028152283480545277,1386.5401017856577,1,2
0.0033402014611440874,204.72571372429263,1,2
0.028461559675535184,896.8982223830784,1,1
0.0016908416390399134,53.28284456911699,0,2
0.04453794344336961,1412.8323034502653,1,2
0.0059009173784977656,185.95334786776903,0,3
0.0032213743168472164,54.741830580489996,0,2
0.002739679942192991,95.0246571924633,0,2
0.028893339595522306,1770.9140120385396,0,3
0.00464306945011636,146.3152681611513,1,1
0.008554577703814415,340.8023933487723,0,3
0.08062847159219381,1071.0257615941666,1,2
0.012358711299323075,575.4972316732711,1,2
0.0009774098103811331,72.5556726689975,0,3
0.008332352384517667,112.62229538458962,0,3
0.016624931022940777,598.1681271024623,1,2
0.034113810393618306,1183.2232985534336,1,2
0.036397288601849626,1309.5812502640392,1,2
0.013920667654142644,441.59131353641055,1,1
0.01811733364934592,307.87356936941234,0,3
0.029395167048724958,1171.0622814993562,1,2
0.020214460276629178,1500.5719683124948,0,3
0.027734631401370568,879.7977665485549,1,2
0.025726508733125313,1676.0760564941827,0,3
0.01915375540799175,1247.8627070740108,1,2
0.005168895800254622,336.75235840163117,1,2
0.01042220416580261,513.3084154565696,0,3
0.005480291598005467,255.19591541774926,1,2
0.03846941696142357,1532.5676877467788,1,2
0.0021553344836024993,159.9960851871191,0,3
0.025545765544386995,1189.5671802426843,0,3
0.02479496564880403,1221.1874116081024,1,2
0.00645159451981101,317.75022897735073,1,2
0.036488350024926154,1312.85765729501,0,3
0.06910267707541842,933.8055115437359,1,1
0.03477351934107306,1619.2678695731506,1,2
0.01221406931023358,540.3895071922184,0,3
0.011676825097831517,575.1002852350877,1,2
0.03619316044313768,872.2293863852224,1,2
0.031381382352117466,1719.6269691055345,1,2
0.027863400948366375,1707.7876027233935,0,3
0.02452119775760517,777.8612489210999,0,3
0.03886859989100694,1548.4705765270546,1,2
0.005302149804430199,90.10110522969754,0,3
0.024584111472831988,417.76556613724216,1,2
0.0158063485744589,1173.3463702531426,0,3
0.007104465664565293,521.062161915745,1,2
0.026877994823438008,1647.3906552395283,0,3
0.01058187865052341,201.19169237122787,0,3
0.04205177794779496,1513.0308343325478,1,2
0.0010597496248282733,52.1941800455416,0,2
0.021936617899135372,1608.8953184268087,1,2
0.022333513756383854,889.7359055689593,1,2
0.030221061079943937,1656.0440545586932,1,2
0.01623123407069832,646.6296303360024,1,2
0.004898683987721705,241.26717108561408,1,2
0.027234414125487015,1204.9376218628377,1,2
0.08185112066417617,1087.2667820131755,1,1
0.0815094921090743,1101.7040174648628,1,2
0.02594274033091162,1147.7898402697797,1,1
0.005238168894273778,321.05484593174,0,3
0.029314555279721353,498.1514908939483,1,2
0.016908230919161105,586.4549439078647,0,3
0.004424329526082509,106.62319014013185,1,1
0.032085449179179854,433.5804422044985,1,1
0.017837895256333322,641.810807046788,1,2
0.02355530377665144,400.2827122168883,1,2
0.004307185071801584,135.73067247240138,0,3
0.015595947584231495,1016.0723553838064,1,2
0.024444678670839163,415.3961405215551,1,1
0.0009655214756007959,30.42610823198877,0,1
0.041542237713102254,1309.1046163124956,0,3
0.019910404687332395,927.1502911215287,0,3
0.04557909703760877,866.5886250070866,1,2
0.04359440868079875,1267.7150768752008,0,3
0.013821950109003604,438.4597963197012,1,2
0.07632975636651469,1031.6933287790848,1,2
0.013748705055426575,433.2576733270492,0,3
0.05034044076575645,680.4148130179741,1,2
0.023597195504983556,686.2008550838606,1,2
0.01106277132983284,146.9519743447979,1,2
0.004875714342676223,117.50124269980519,1,2
0.03076886724157508,1515.4105828198553,1,2
0.032530464645822856,1295.9681461658465,0,3
0.013336364060527782,656.8349453682263,0,3
0.0052796062855755095,183.12094404589638,0,3
0.020165970005304238,892.2070373457717,1,2
0.035142265497054605,1264.4252842615551,1,2
0.023962952937553995,1115.8617386777664,1,2
0.006458192985075903,285.7311217018686,1,2
0.014815123828168932,729.665972384511,0,3
0.010242389391822143,138.43886459640584,0,3
0.03478080652486042,1103.3164802694093,1,2
0.01390341385057199,1019.7167839267236,1,2
0.0022743795131115194,81.83260019550303,0,3
0.011867660992011283,773.1753516048774,1,2
0.030438776075758112,1417.4156951203215,1,1
0.07862721348868514,1044.4421126407567,1,2
0.029883362168559722,403.91148692723266,0,3
0.008186010680692506,155.6394093156615,1,2
0.016678018989561057,525.568020696577,1,1
0.026248277302538304,763.2936857126159,1,2
0.019085987818372202,1399.8218225673002,0,3
0.017683623461473397,336.2161152068593,1,2
0.044007017726812064,594.6802271502469,1,2
0.029312310349469347,1796.5933273820021,0,3
0.024898882839954235,1848.3088403368763,0,3
0.01333792637371545,990.1089694169569,1,2
0.027872585344990826,1708.3505274978243,0,3
0.03714304598178034,1479.7269257616242,1,2
0.0028320892433837718,210.23335138432347,1,2
0.017556759529035564,776.7672172810336,1,2
0.004820254527712508,167.18851973258495,1,2
0.032719460196530534,1037.9264677070614,1,2
0.026469677227314286,952.383936524059,1,1
0.025169012680139304,793.1414507602743,1,2
0.04625865207906434,625.2442693400227,0,3
0.020362345920509263,645.9341825493967,1,2
0.013310075308222232,976.1996106132232,0,3
0.02394648894249969,323.6671262388196,0,3
0.02553387648565128,433.90522278972196,0,3
0.04789186193903773,647.319169054624,1,2
0.00937383609774911,513.6644771346947,0,3
0.037836045794433115,1192.3128107487912,1,2
0.022845438513205026,664.3399398549828,0,3
0.0029058700369571453,135.31509243708456,1,2
0.002320794115061435,44.12491496784467,0,2
0.048583790607339354,1170.8347475287246,1,2
0.035477517829561794,1413.374617077498,1,2
0.01270482521994529,696.1949553670923,1,2
0.02065302590547173,1131.737918431373,1,2
0.043243641992506035,1371.7744826618466,1,2
0.005053539710235381,370.641291135501,1,2
0.04163729594950813,1003.4291742451364,1,2
0.020163460708938017,272.53470846444964,1,2
0.004721645905718453,219.86872917981665,1,2
0.0028717676112760644,176.01473465238917,1,2
0.04159005013172014,1442.5335585807904,0,3
0.001811883382142712,132.88879372693276,1,2
0.020542073713379298,277.59129550300617,1,2
0.001793910073059493,88.35262890888059,0,2
0.008873401106973738,319.2666311735774,1,2
0.02727885888684124,1494.818198315319,1,2
0.029354874972749165,1056.1938909428502,1,2
0.016640625776494677,1235.276937087244,1,2
0.02876233809154543,382.0636116672813,1,2
0.07641253580340734,1032.585857800832,1,2
0.02769094149722928,1804.0583938825393,0,3
0.05696059958976903,1082.983448253648,0,3
0.024459257140796154,330.52538762591246,1,2
0.03545455471293167,1275.661508647552,1,2
0.019538045339309383,264.0814276565886,1,2
0.022871526445800375,911.1695775225619,1,2
0.019081464850286976,324.2573551912768,1,2
0.07405045628570651,1000.8857014579131,1,2
0.026975856649874785,1328.5994029905328,1,2
0.03093979412726859,981.471914182275,1,2
0.010122488075221786,742.4126977977512,1,2
0.06440253250954471,1224.4758172451184,1,2
0.019937757329683076,1092.542859422225,1,1
0.009936146210612265,728.7458438198189,1,2
0.009014683787959396,312.67055083945843,1,2
0.03028591901548943,880.7073502035588,1,2
0.024996398057931954,332.0388659047765,1,2
0.01663174110195867,774.4756496260284,0,3
0.030215606066664832,1336.8350921505416,1,2
0.017978460144454818,646.8683580073289,0,3
0.024472092426193963,848.8043284793108,1,2
0.022787021077196767,1691.5398482995924,1,2
0.007911397359988083,580.2448779125945,0,3
0.023679785221412203,1757.812052988283,1,1
0.01612336379146002,559.2321546313445,0,3
0.0011210812416949266,38.88423572269128,0,2
0.03244266439075987,1167.2931316259883,0,3
0.005536673558918861,339.3506227674771,1,2
0.00735708273684429,362.34681473845427,0,3
0.011638534079841735,637.7646739707523,0,3
0.05436676992181163,734.6747122750381,1,1
0.044369813886825676,1290.2636765721343,1,2
0.007211210609948494,535.3069214218358,0,3
0.041187851845326785,1428.5834786100138,1,2
0.030379738090996134,883.4355866934536,1,2
0.05251984438820645,892.4862933739137,0,3
0.007791054381906504,344.70117460515,1,2
0.011312536912436324,839.7590412506926,0,3
0.02640824159322377,837.722039134249,0,3
0.009031873517824248,359.81719003211657,1,2
0.023042193713843875,917.9687224282872,1,2
0.022882981197708187,665.4316722264323,0,3
0.032649066280494285,1520.3403337183515,1,2
0.025187043457141994,1240.497802705027,1,2
0.016336135984797134,1212.6738678088177,1,2
0.017612671475358818,610.8881710648931,0,3
0.012037335377004592,592.855930510713,1,2
0.02978473704570814,402.49021876255205,1,1
0.008552212463659071,634.8529772450357,1,2
0.012916061151389685,447.9881990176063,1,2
0.036562802191724406,1268.1655585956444,0,3
0.042605103402754856,575.7357321187742,1,2
0.03190021168949459,768.7723792786967,0,3
0.010046411204065488,615.7588780335288,1,2
0.06841636364628481,908.8066105281347,1,2
0.03775171951348401,510.1504781568712,1,2
0.03181958171397737,1267.6475658927016,1,2
0.0019875370842831874,79.18069350064151,0,2
0.024708418861929704,1834.1702038120454,0,3
0.025409648304176417,914.2438976419212,1,2
0.018425588096672583,907.4864855163846,0,3
0.015095853235985859,287.0152229713431,1,2
0.014906231815614245,694.1253773794286,0,3
0.028303308020016165,1252.2289078572128,0,3
0.015494061386634499,373.3958430381157,1,2
0.002398365722251535,131.42487897712786,1,2
0.018691315628933936,672.517031644362,1,2
0.03109024345187243,1238.591751112345,0,3
0.044385135375127796,1407.9849270707434,1,2
0.00586358349616931,186.0045511059431,1,2
0.002391549023182828,105.80978093688945,1,1
0.060502223249471396,803.6793759610231,1,2
0.034502396140675226,1374.5271348422664,0,3
0.01721198015341251,685.701180543255,1,2
0.013314992782686124,320.88184182787984,1,2
0.06145152107544829,1168.3686736800828,1,2
0.03323196715692046,1547.4837657962219,0,3
0.04493955051939493,1416.162832783406,1,2
0.0321551008378501,1583.6845639697724,1,2
0.032908728310322745,1037.0401432282417,1,2
0.011898570214679766,160.82424596706676,1,2
0.01403038035760958,914.0760149322808,1,2
0.01822004182137898,246.26694086290763,1,1
0.0009701030104643309,38.647545116537465,0,2
0.018347703804151773,1124.5569466999452,1,2
0.008935913841246024,283.464990964692,1,2
0.04585191383843267,619.6108699294942,1,2
0.014153987918743198,775.6057101742812,1,2
0.01336567995753909,423.9859980423094,1,2
0.010364412180821831,510.46207779472354,1,2
0.008472365749458597,337.52718424127306,0,3
0.016937876314526683,928.1563375065473,0,3
0.009770268876497422,132.0286175914737,0,3
0.02561592057678544,1192.8340278900976,1,2
0.009714049773701734,129.03627405545197,0,3
0.05014816310679247,677.6673941562125,1,2
0.013208660842632267,723.8039789291197,0,3
0.015556709693771662,852.4716100707454,0,3
0.027247156961450407,980.3578027486213,0,3
0.014308979825500912,190.07288260101936,1,2
0.006745724325152724,298.4524281903005,0,3
0.053276802224172325,707.700723462187,0,3
0.02707784356126833,858.9631476760054,1,2
0.019956951409096136,1093.5946504566512,0,3
0.024069720567411225,1185.4680572733523,0,3
0.02433135292923069,875.4466284078718,1,2
0.025546646433522762,1873.6653041679558,1,2
0.0099026735769915,726.2908635774003,0,3
0.0055601322161030475,192.85086905335487,0,3
0.04306391463493519,1252.2884356961,1,2
0.016473046818415563,728.8202994475793,0,3
0.03226385942012828,1427.456374228542,1,2
0.04095821074569996,987.0637045439905,1,2
0.07184236330116547,971.0405282264384,1,2
0.0025503483694958216,91.76201125496657,0,3
0.008135862752352927,400.7028409101212,1,2
0.025644958614143065,340.6539996154742,1,2
0.006702650190991217,367.28968480673495,1,2
0.0035860468971913636,48.459343385450616,0,3
0.03606772463259176,1136.5883836710586,0,3
0.0024783187784460964,109.64875254372491,0,3
0.024680555846725356,469.2477549078366,1,2
0.05877889021598807,640.3289109570218,1,2
0.02696450057859122,389.04273646178694,1,2
0.02659493794982278,1628.4304950004066,0,3
0.004113161080338082,231.6673233695029,0,3
0.02463212721297132,1775.4804456610311,1,2
0.008719078661822232,193.28824028498428,1,2
0.005822860040998838,72.71118575653264,0,2
0.026213476918923426,483.81599129909523,1,2
0.02123185329235358,980.761612602593,0,3
0.03573500864227693,686.3346194100087,1,2
0.047734365158562844,596.068301071349,0,3
0.03408403346064978,877.3224415731997,1,2
0.003022747907476626,185.08540537002483,0,3
0.02766930084081996,1359.3758950070826,1,2
0.051504649590649564,1325.7288044681827,0,3
0.011941008706615413,382.05862783239206,0,3
0.003736790038062706,184.64838756318198,1,2
0.008411776639908553,447.1196067686514,1,2
0.02283378509642356,1150.1697496454958,1,2
0.04647295404893601,506.2697840289716,1,2
0.0006868431829491646,17.679331847228543,0,2
0.01542411830199277,776.9344509020625,1,2
0.007437656229173956,536.1052694423131,1,2
0.030371024061363716,1500.742767040985,1,2
0.038834527639652686,763.9937464972032,1,2
0.03808357862553423,717.7190460169453,0,3
0.052184614024253326,983.4656496576602,1,1
0.004695890473004563,92.38250530304032,0,3
0.005889267024476783,115.8598662484644,1,2
0.013855654207121223,697.9287167362927,1,2
0.04909881744388981,534.8755682115952,1,2
0.007893027035282395,203.16638164294335,1,2
0.011463402341540894,529.5281957534523,1,2
0.04091842804111244,590.3694440930306,1,2
0.03716169652325135,700.3453546026899,0,3
0.076688864109003,957.6287605103918,1,1
0.02770877022588453,399.78102918130173,1,2
0.00943645680912038,501.58546028977014,0,3
0.016714550893893468,941.4207689122046,1,2
0.08778050184280418,1028.9905699097146,1,2
0.05503331625954049,794.0184870762099,0,3
0.0017558875026900613,98.89759966627221,0,3
0.05084676824920639,1000.3112007038088,1,2
0.04283150484815797,807.1979553538838,0,3
0.010038185020599992,505.63744483375393,0,3
0.0255516055287951,566.4388475748304,1,1
0.019668757856130172,370.6753050611461,0,3
0.011259329249828455,811.570951281973,1,2
0.007299032802424156,360.67175945403693,0,3
0.018220976098479575,917.8160970240248,1,2
0.036862950796560275,694.7152246175157,1,2
0.00801661117676575,451.52300567394997,0,3
0.01942363765015862,959.7925856633632,0,3
0.01500779493908834,741.5897356165674,1,2
0.008181465753972906,181.3702089260411,0,3
0.033303439027477136,1636.177671970729,1,2
0.00032102449264490246,19.656600607653477,0,3
0.028772983027303207,1761.794033217584,1,2
0.011234951754841597,687.925577489994,1,1
0.01042950283758328,638.6072605417402,0,3
0.02154066227914048,1144.9724428120712,1,2
0.02362379024207697,1702.7996512261427,0,3
0.03387329785799633,1664.1744891733485,1,1
0.04978501174169491,1281.465355483826,1,2
0.008541511071019772,273.28997738700866,1,1
0.028427987255737478,1740.6696509714668,0,3
0.052294009730887776,965.178264417473,1,2
0.013954204886562436,359.1809964459013,1,2
0.013806153164128681,265.16408523288345,0,3
0.027895458379404974,548.7888498424134,0,3
0.04196356264461133,524.0071677791574,0,3
0.021207546417202166,391.42270689979256,1,2
0.07129926704763914,1028.7029748274485,1,2
0.03230717917953403,596.2860237567331,1,2
0.026428771993311485,1488.5589812908806,1,2
0.019615096764078334,627.5949661046276,1,2
0.013538612121963028,625.3882256203915,1,2
0.025829914586982892,302.78635885649777,1,1
0.015108628558188926,761.0427904474222,1,2
0.01967034411127166,971.9832492494712,1,2
0.019554246943505965,903.2680520851659,0,3
0.025387408648800895,1247.2679216729916,0,3
0.010335759805511859,510.7274861280515,0,3
0.06443182925838609,1189.2031507409959,0,3
0.05315564636775134,1045.733883847029,0,3
0.07535993919132886,820.9605117560627,0,3
0.02869963105879466,636.225615038017,0,3
0.01706079553747789,321.52592638021866,0,3
0.04951934691802034,974.1967696129146,1,2
0.020858378742502317,1202.4404215093766,1,2
0.06250306315606687,1200.4478994984104,1,2
0.0009789771062119576,48.374819639859716,0,2
0.05832747078099049,1076.536438991127,1,2
0.012842489405808667,723.3330005642146,0,3
0.0018161681250437594,89.22723362863016,0,2
0.03016295131749183,593.3973601093461,0,3
0.03001637550586219,576.5012642115646,1,2
0.04210885950091853,607.5449416084887,0,3
0.007328374871694554,362.12165782225117,0,3
0.005697466852253645,281.5325604990975,1,2
0.027347744685633904,875.0049569192059,0,3
0.0040243667146513725,89.21387117912053,1,1
0.02933709405596403,1449.6525247727247,0,3
0.014278549183030592,367.5296131205183,1,2
0.019166886134293577,941.6574398896901,1,2
0.026545718613528117,1495.1458155902244,1,2
0.014171766976700048,654.6355064775306,1,2
0.02196081287529627,421.78431513989165,1,1
0.02852664679007888,1317.7295322617106,0,3
0.032200521980205524,1711.5866649653847,0,3
0.017093173777509317,789.5838600469175,0,3
0.030218057571928462,777.8122879503354,1,2
0.010797812768682434,530.4899636239456,0,3
0.01099808656487528,553.9890306177666,1,2
0.014218415852159187,716.2015290927361,0,3
0.017893202450350285,1031.5044214203708,1,1
0.026598771638364285,1498.1339437039526,0,3
0.0203537339391163,400.4201001655807,0,3
0.02059359765608638,1037.3283693604915,1,2
0.056793614641134624,1117.3038289384203,1,2
0.01600901671429409,922.8851888982956,1,2
0.02953497986388515,581.0432439994236,0,3
0.026380941781470317,1520.804236375658,1,2
0.03367840098925811,866.881468658607,1,2
0.017159687604265342,316.7123268049631,0,3
0.06241990001664598,1176.3587538063673,0,3
0.00818971533445416,590.3135894896039,1,2
0.020425808529963157,384.9426010196617,1,2
0.011296702777043085,141.06412454952596,0,3
0.02695460855105894,1324.2634981800816,1,2
0.013274670752365604,812.8192930935636,0,3
0.02761842135635768,710.897695976361,1,2
0.02461124253609055,463.82084225801367,1,2
0.028450911591423943,732.3259804679071,0,3
0.01803963598824227,464.3399235178063,1,2
0.026960399856286302,1332.2114196447585,1,2
0.01697318341303096,184.9034578639195,0,3
0.043079114434123544,795.1011046225085,1,2
0.02003026172944611,1064.6886063822628,1,1
0.0748791319535589,1080.3531225875859,1,2
0.04425951080556117,1416.1054884364592,0,3
0.03480092134682842,502.10630205074256,1,2
0.02865445559713695,1415.9208755692325,1,2
0.020960094458709846,386.8555441778402,1,2
0.04224743217321978,460.2375467587538,1,2
0.020130293131997563,994.7110033307073,0,3
0.026722614867281065,1312.86578981962,1,2
0.023229520640336832,1339.1316235576446,1,2
0.01986481104414343,1145.1633926107522,1,2
0.01162070077526856,669.9082661671886,1,2
0.012084916737486514,680.6639125075758,1,2
0.02018764698315636,1016.8800651533421,1,2
0.07384731461215059,1065.4661032318877,1,2
0.03228895911800557,378.50130435716636,0,3
0.02852098626132673,1644.173172100461,1,2
0.005466517541601523,268.56667678149665,0,3
0.004420936776461223,270.6976897949944,0,3
0.0016067265541606526,79.39420316869662,0,3
0.02281886806253822,730.1012531572669,1,2
0.03060856369695417,787.8639089667381,1,2
0.05062028464873945,995.8555766764875,1,2
0.05040729891353014,1297.4830167029556,1,2
0.011064956032060539,588.1467140360386,1,2
0.04404584692026611,830.0833160522963,1,2
0.012840013503935026,246.6081894553338,1,1
0.006858162079117058,219.43037290877996,1,2
0.053170464021718315,981.3547755631733,1,2
0.014992805810611735,282.55281336126325,0,3
0.008507507481158789,218.98309786866992,0,3
0.0008542186651216135,43.028191079862786,0,2
0.028479860929196712,525.6461090658543,1,2
0.006221166739740903,287.3739489399772,1,2
0.03104940185476426,610.8365491047522,1,2
0.0003437890101439137,17.317134152674136,0,2
0.07921794410107678,928.6175829071667,0,3
0.006867459676842702,219.72785426202856,1,2
0.01689818789662238,1034.6903058403275,0,3
0.03435324710319495,374.2394118806095,1,2
0.03168485153208375,584.7998684254411,1,2
0.00472485972430249,218.25513669109722,0,3
0.029188479555874,1643.995165727616,0,3
0.08663497720507649,943.7891801064266,1,2
0.06583330805214034,949.8403369380925,1,2
0.024840789228771563,1399.1183517039574,0,3
0.06045314327442637,1161.0766768447174,1,2
0.06083008414090221,1122.7265864221217,1,2
0.014895125441654512,736.0223259369226,1,2
0.008885730032220016,640.4822361148615,1,2
0.017611016414703088,206.44185709608342,0,3
0.019558708688446433,966.4669369574648,0,3
0.009369282685488922,172.92665159458136,1,2
0.012638337196888316,404.37000643431037,1,2
0.02055975501626829,1010.0882395674524,1,2
0.018974992714943253,206.71088508016996,1,2
0.006848351160634232,80.27851989662035,0,2
0.002358531418868864,108.94748780959067,0,3
0.04232032698661257,832.5700641321872,0,3
0.0725311454150659,790.1440327204691,1,2
0.012409845334799913,625.1012979929368,1,2
0.04251614326287657,1094.3648044685294,1,2
0.025176950107453456,363.2520297202299,0,3
0.030124998889289416,1480.022844191303,1,2
0.05798802592607453,724.1077571979852,1,2
0.03111207332552455,1653.73126113073,0,3
0.039436242278110434,429.6128419129464,0,3
0.07770289845008808,846.4843783187882,0,3
0.008912473644417539,128.58881347206128,1,2
0.02341888984015259,1179.6422954266427,1,2
0.038745062336725526,1239.6679137708807,0,3
0.07469329249809449,813.698157031377,1,2
0.014065594147827171,362.0481541363382,0,3
0.020684395625833685,1022.0912229816411,1,2
0.04393454201333133,633.8858159172615,1,2
0.023987702379768286,1382.839161022433,0,3
0.058791609678217414,1303.3173823722964,1,1
0.02381104439166627,1099.9020186209016,0,3
0.016001847915435897,295.34235140837376,1,2
0.01026575177127387,507.26813451695216,1,2
0.04127174125178393,777.8028175857395,0,3
0.022627317942487433,1304.4159404848936,0,3
0.020185088604704613,1016.7511960459683,1,2
0.014249218600115052,872.4916802638745,1,2
0.030953527104347386,1743.4086905539093,0,3
0.03494247018109325,409.6065931598887,1,2
0.04745137117074102,875.7988210598747,1,2
0.033419110813808106,1683.3674380211814,1,2
0.01769567317201059,874.4075756931737,1,2
0.004192450210175255,256.707264514063,0,3
0.009085468400655907,178.73890746160595,1,2
0.0311427588616125,1754.0668714142885,1,2
0.0005370324314117727,17.182624926234663,0,2
0.04125050492587099,1061.7872952000826,1,2
0.012195528017226448,703.0458134160787,1,2
0.014101228718410156,1016.414686107449,1,1
0.0014650726536657196,28.138515152674767,0,3
0.0635142803489956,916.3814979385511,1,2
0.003409508995155392,196.55081940384926,1,2
0.009387565312507316,528.7398393661265,1,2
0.047095070820294495,887.5486632597958,1,1
0.025872464592291644,827.8026223443619,0,3
0.05249028018617357,1351.098919233288,0,3
0.0033910997814359948,244.43002015897454,0,3
0.01571564349448406,885.1588820093588,1,2
0.0068721049954437174,495.34041191191113,0,3
0.023269765302093137,1677.2815807492,1,2
0.021616024689857533,691.6156695893502,1,2
0.02003993994654282,1444.4761997076478,0,3
0.015871058835440394,799.447471817828,1,2
0.002355172668447085,116.37764798984762,0,3
0.049849639603444816,957.4233986466559,1,2
0.009128896661666554,514.170734774931,0,3
0.007672769470371097,245.49414940968984,0,3
0.019353820122164526,241.67491577898718,0,3
0.007500414292474573,81.70845175842337,0,2
0.026196222537093986,377.9580515904159,1,2
0.0289167100258238,1456.5752016376173,1,2
0.015535970148707924,298.38733959515014,0,3
0.002169043198500728,69.39963687232417,0,3
0.08054300989698729,877.4241504564878,0,3
0.05571204324010137,1235.048245144471,0,3
0.029885344132753476,1505.36665883846,1,2
0.02981079886095428,1718.5280788317305,1,2
0.026631962788363436,1230.2085179014618,1,2
0.004788524133021244,235.25727363105523,0,3
0.026455160886089592,846.4462856998813,1,2
0.0347884300382776,378.98023318336953,1,2
0.04801169708805777,922.1234610022229,1,2
0.004943895728402357,93.1721296647556,0,2
0.05224488861214219,1003.4270902431261,1,2
0.05096953783935217,940.7327975634178,1,2
0.0045528384562502555,84.03067085485372,0,2
0.032154101845062885,1619.6471637549191,0,3
0.025177700096446688,1244.1217403181909,1,2
0.03456511323390713,1105.9283229315163,0,3
0.014438051671874834,169.2473693626561,0,3
0.05668197727619364,1115.1075810663783,1,2
0.013721497496023416,160.84769660729944,1,2
0.024026405962354783,452.7990747948052,0,3
0.021014808497392196,1038.4181247722029,1,2
0.018032812877001914,1039.5526605640976,0,3
0.03128383638442743,1545.8481440851015,0,3
0.022363737525678495,1188.7221875243952,1,2
0.017859212011810628,459.695813433121,1,2
0.07818478347630956,851.7339655926044,0,3
0.0019580224282919165,96.75301007387814,0,2
0.014488841626154068,887.1640003739054,0,3
0.005616054724513156,316.3154421897022,1,1
0.03761762766867147,722.492624180879,0,3
0.0775419688382138,844.7312339036158,1,2
0.018182960109559037,262.343021610228,0,3
0.016468666542768566,365.0843970280988,0,3
0.059650069248807155,860.6288146540359,0,3
0.054335184185382204,1204.525448627861,0,3
0.004706817450583545,271.337846009809,1,2
0.02590318340631974,497.50237092852524,0,3
0.02677000802230718,1236.5852323780794,0,3
0.02946979223415747,1447.8329403567761,1,2
0.014290663459078487,367.8414343799506,1,2
0.0015088863439115317,33.44963355838684,0,2
0.011596782490851016,710.0807788165722,1,2
0.08960223864509723,1050.3455399892196,1,2
0.027663129852499746,885.0958652379226,1,2
0.0028653834805197733,175.44984870250076,0,3
0.008540799218845721,106.6506208526718,1,2
0.011741879052814744,591.454900425551,0,3
0.06320464190351452,1213.9225788369786,1,2
0.043542597793969524,803.6555082175782,1,1
0.01763261125372814,1079.6596677996608,1,2
0.03267168866581526,1645.718737150686,1,2
0.022249580440918834,437.7171901452926,0,3
0.037880476214168894,975.0428134785843,0,3
0.02370845229082818,1194.2279617974996,1,2
0.05451374421548347,1006.1473828372493,1,2
0.0013365248239195415,29.628650151278297,0,2
0.03560330931011838,444.5854474549996,0,3
0.004453110335235401,142.47952296724478,1,2
0.019980027872134185,1151.805393550733,1,2
0.06456183027416677,1216.7253421508756,0,3
0.008441816061403358,166.07630044678191,1,2
0.0367174356907186,722.3440829618679,1,2
0.028568783016264778,1439.0496306563048,1,2
0.05698725388385529,668.0224608028351,1,2
0.06400269627359209,1229.2501906990246,1,2
0.021127700000242968,1189.984445639027,1,2
0.029387453805710312,1357.4927345203828,0,3
0.05071792250439195,955.8245382803209,0,3
0.0070762567000218195,433.28516962541977,0,3
0.029648426996740515,1493.4328107329422,1,2
0.01199801068872575,734.6483199819625,1,2
0.02461076061163093,787.433763780944,1,2
0.01047982431480375,517.846237536311,0,3
0.004286505257006754,262.46633440766755,0,3
0.004436154412956562,223.4553136500433,1,2
0.04918330353803059,614.1614764039948,0,3
0.043663038152685664,1123.885859425737,1,1
0.001557134701011519,49.82131424869279,0,3
0.010831256398122152,156.27293434057864,1,1
0.01171210928369093,541.0166992905588,1,2
0.01644913543481532,303.5978321770485,0,3
0.03610411711820415,450.8391319512185,1,2
0.0054921049785653965,68.58098296697939,0,2
0.014898670468242186,1073.894181123815,1,1
0.03335169538161019,481.1969277563186,1,2
0.010797007656518311,126.56590961049596,1,2
0.010863282088626483,279.6206961976883,1,2
0.05270680090140713,1036.9037228981817,1,2
0.02681663615912495,1350.7915383816994,0,3
0.024879791261667412,551.5457834647382,0,3
0.05506199670740559,1057.5331024104783,1,2
0.028152871115398787,1418.0995654405056,1,2
0.005080358600583456,93.7669863520385,0,2
0.021560281037172162,1554.0621828348333,1,2
0.012922262862623171,744.9405054538527,1,2
0.03546855097103093,415.7734771545363,0,3
0.01779570199540494,458.06106669102195,1,2
0.03774901521663357,742.638402339886,0,3
0.014293660722075314,178.48772125482728,1,2
0.0038401139850121405,235.13342009933038,1,2
0.0524983356837893,1351.3062676049083,1,2
0.06330338681156643,1193.0088513682003,0,3
0.014045482807041983,175.38867536438852,1,2
0.047815350933088016,882.5167101089844,1,2
0.06430544550677061,802.9946041082115,1,2
0.012154583179748938,239.11776722955733,1,2
0.07107683624233403,887.550277117168,0,3
0.002265440563015097,28.288996891211298,0,2
0.04306740247209487,827.1622257198231,1,2
0.02227347794986671,1121.9462935799131,1,2
0.039041168189530434,768.0589971253105,0,3
0.03777688099240939,442.83244554015204,0,3
0.006117996889299292,282.60823077596166,1,2
0.044548259470095365,987.5647433296637,1,1
0.012765875657622274,920.1626155094222,1,2
0.007083780010426247,398.98275858891213,1,2
0.0795143678767766,866.2182698734111,1,2
0.017504876604714534,218.58679849571797,1,2
0.07585930164213286,947.2698526540225,1,2
0.08569577907526167,1004.5527958751251,1,2
0.026379158509859498,844.0145511380947,1,2
0.026386987781544902,1521.1527752035256,1,2
0.04743570767652328,1220.994308803457,1,2
0.051227876235754,558.0692333615889,1,2
0.02599511554322665,1200.7906746957153,1,2
0.0304896565904619,1535.806724086294,1,2
0.04563662956295577,497.15898344484026,1,2
0.05067599399016886,1304.399223405649,1,2
0.04339684997937365,541.9049054727652,0,3
0.02158409960391683,1321.6126342711989,0,3
0.04870015679113978,917.7979416455689,0,3
0.0017541873351534169,88.36087401123534,0,2
0.009753934998802038,140.72938425632057,1,2
0.03317770810598308,478.6866462985843,0,3
0.06323786767361693,789.6635520840453,1,2
0.017062497535923454,906.9400574140918,1,2
0.0027414020809313827,134.68341425680717,1,2
0.021443779665160697,1545.6647794717119,1,2
0.030064467504125145,566.5917362503498,1,2
0.07467345641797246,813.4820655819549,0,3
0.008125141521813362,399.1832533758716,0,3
0.017680522075699513,1082.5932878624685,1,2
0.00641019008579848,392.5013487212546,1,2
0.026741208589749113,1346.9921460243208,1,2
0.02128988775907358,983.4423949338903,0,3
0.030995827116141732,687.1286648312595,1,2
0.039936872230972,785.6802308048698,1,2
0.022568492220208968,1136.8065757463835,1,2
0.007851567583544215,202.09921606034823,1,2
0.09362371715869922,1019.9235240353602,1,2
0.013870428493514211,799.6002033596234,1,2
0.008447540850542062,415.0225360003786,1,2
0.002790558597264202,137.8916503568251,1,1
0.018994909190334964,938.6075530544865,0,3
0.02596647398471377,1496.9110643134168,1,2
0.052918099295880455,1362.1109758407622,0,3
0.041877922071623275,522.9377572889539,0,3
0.0027754854828872305,147.52816566871303,1,2
0.03754297483140563,738.5849587831453,1,2
0.05299239801151488,1174.7579942106556,1,2
0.00040659391032221763,24.896088266848988,0,2
0.02163892009287541,479.7007744331041,1,2
0.047394862119479686,516.3129200705765,1,1
0.04923999216588377,945.7143727381597,0,3
0.0073012823345938805,358.707553377913,1,2
0.025576029057707388,1288.300420364242,1,2
0.024058257688440162,1211.8481498170074,0,3
0.017383735498242653,854.0523353820209,0,3
0.005099660000597144,94.12322776213321,0,3
0.007966626489034966,93.38729397890673,0,2
0.01052137451832324,519.8993842222761,0,3
0.02297604002651185,1406.842321050468,1,2
0.08262811740067895,1031.7933714241842,0,3
0.06446388506005886,804.9730696233036,1,2
0.03626265915481072,713.397239763175,1,2
0.02152112709920895,1240.6464308656616,1,2
0.009605986765555132,184.49474398601348,1,2
0.01796798516370033,905.0725891522967,1,1
0.048233388025714315,909.001267458888,1,2
0.007433293870556675,343.36565833664895,0,3
0.00810359884890447,159.42253507323255,1,2
0.013348052283592081,751.8080338545325,1,2
0.04406509375512853,1409.8850163356087,1,2
0.020222343198793413,291.7671592988588,0,3
0.025198300794763567,465.07912383307007,1,2
0.0007593840845401313,35.07817942612412,0,2
0.013585939796383452,267.2769227692678,1,2
0.051987187326408335,959.515315307932,0,3
0.009854987555574039,496.4095318270053,0,3
0.016079560330710427,175.16845448080494,1,2
0.05181834331061821,607.4308701316821,1,2
0.03244064354576805,611.3728955669486,0,3
0.026053754998072186,480.8680412920111,1,2
0.004343684693619461,80.17036894549109,0,2
0.007519018153001189,433.4551342098587,0,3
0.05296891369002453,1174.2373837939804,0,3
0.03163695546613508,1563.297042308164,1,2
0.047738923629850605,1058.296742053319,1,2
0.06574939603448923,821.025495166033,1,2
0.012821909458402182,252.24611292478744,1,2
0.03611991619203657,393.4852548953808,0,3
0.017172782901205007,1237.8119021168236,0,3
0.01883620964476245,1153.3570130385037,1,2
0.005569158693321565,178.18805603688133,1,2
0.07288878350810908,854.4251776590095,1,2
0.02182527656557171,1099.369761840281,0,3
0.03232521914448536,1034.2617758817462,1,1
0.01188819939296309,631.9053946999196,0,3
0.06345372781258855,743.8244960332706,0,3
0.04122922004247443,514.8372888919855,0,3
0.03008964036865103,1599.3848559425905,0,3
0.0647354465479162,808.3641107352119,0,3
0.062103319537901956,775.496228867472,1,2
0.02616932156198285,837.300711600412,0,3
0.009135837420591927,460.1849318661581,0,3
0.009736758149694099,478.3609965554766,1,2
0.006124531203876913,117.62912484382569,1,2
0.00861854642897011,423.423935897115,1,2
0.043626860241263846,629.4465956092251,1,1
0.01369770047991815,676.8532031977837,0,3
0.04827530291069737,909.7911908943862,1,2
0.022332144664343887,1287.3998394076798,1,2
0.023229084426266686,1308.3416156692508,1,2
0.02398296414216503,460.622207527971,1,2
0.052503037394889804,615.457068902454,1,2
0.006810174214469817,343.0380174912751,1,2
0.026045079876097117,283.7314139747673,1,2
0.02960486767084529,1462.8841930538315,1,2
0.04807279549636147,887.2683039921593,0,3
0.032157077969250845,1619.7970753003647,1,2
0.06602754499518869,1218.6549015873472,0,3
0.029369910194593476,564.0851059334756,1,2
0.03647357679640191,673.1842467351562,0,3
0.02159271742985969,1244.773458590413,0,3
0.012914149539327593,790.7442749636738,1,2
0.054500606602647585,786.3325734412367,0,3
0.0042067669293591615,134.5976407965625,1,2
0.04962342491351602,619.6573576140902,0,3
0.006122997251079589,113.01072322131203,0,3
0.011459568154791412,134.3326515452664,0,3
0.05580291872911503,1237.062811595557,1,2
0.023957637285501394,299.16367604379315,0,3
0.0151158827057193,297.3755717364006,1,1
0.009976701971172201,561.9220343120458,1,2
0.026990162120784304,1520.178396542909,1,2
0.05938915801124798,1119.2417144066274,1,2
0.014737449605234498,849.5820952364893,0,3
0.02747250970029377,1383.8288076500082,1,2
0.024812167652119528,1226.0594526971206,1,2
0.022697224337563125,1115.1008052409131,0,3
0.029305912768828556,576.5367947443842,1,2
0.0028812753687349818,35.979045877234256,0,3
0.013157187636308658,420.9708893082461,1,1
0.007175057795207139,354.5457034146069,1,2
0.011596908175115434,573.0454142303123,0,3
0.06441372686854625,755.0779060157255,0,3
0.019676985945375248,1418.3145236909659,1,2
0.0027203117173774634,156.82008695215785,1,2
0.014896578938312213,476.6235959124135,0,3
0.016268787068679718,996.1515619735771,0,3
0.0035392496003358105,255.10863935457246,0,3
0.013606920691548905,668.4997246506697,0,3
0.021115263061696418,1037.3800114406126,1,2
0.018679785190517287,1143.7790116933902,1,2
0.04477868645420034,860.0295310650715,1,2
0.015735879499416138,302.22684358151554,1,2
0.07306344205293139,856.472579893029,1,2
0.07562319744515927,886.4788353208562,1,2
0.008908545526717234,513.5583820018535,1,2
0.048989982330412296,940.9126275645468,0,3
0.051200105934076014,738.7130817301788,1,2
0.011483633974982714,703.1525997002449,1,2
0.09398238052570508,1023.83075199341,1,2
0.0006759830642604644,33.21063615864996,0,2
0.009489924623337082,478.0208004098214,1,1
0.004884956828469669,239.99495321455075,0,3
0.008240619264632048,415.09153898493355,1,2
0.023878742938472457,529.3541189167606,1,2
0.009535509227245107,537.0725474868823,1,2
0.029785826156961334,660.3048494702173,1,2
0.08528538854059797,1064.9752329320527,1,2
0.05238935393756004,570.7222070595515,0,3
0.046596181900702006,672.287849815144,0,3
0.01923866062677994,945.1836769826922,1,2
0.019656328689038258,971.2906962587882,0,3
0.08056998415078186,944.4666203594496,1,2
0.013510602133065135,663.7676525467189,1,2
0.013456521190341677,298.309879073296,1,2
0.05057337880937602,953.1004832771221,1,2
0.02789469168278815,1370.4492097716864,1,2
0.01580328753102917,780.8979180202227,0,3
0.024468036708775034,1378.123652760697,1,2
0.05305860070770398,1019.0554279051466,0,3
0.0288563964844849,1425.899509330312,1,2
0.06678790690129918,782.9087888847433,1,2
0.032976637771094726,1629.4956178069285,1,2
0.01697392129306976,313.283681597803,0,3
0.0011528189624291924,70.58807797094089,0,3
0.0018666527076581971,35.17873710762904,0,2
0.015167502978629626,218.83612666586487,1,1
0.034634630385305724,767.7952017349378,0,3
0.047680955509759454,595.4013643996806,1,2
0.02287305684082586,1648.6868877485317,1,2
0.014090873429836517,812.3083771550716,1,2
0.038456839569984136,480.21803476194003,1,2
0.06774122946750995,794.0839349606873,1,1
0.045796727278105506,1178.8069812240908,1,2
0.046974026139194075,924.122537324144,0,3
0.02244789686199406,1109.232233422653,0,3
0.006353496325683293,79.33734424105451,0,2
0.06534154323075857,815.932557887002,1,2
0.018674304393308083,203.4352290611019,1,2
0.004906675476134985,300.43988030669925,1,2
0.004063603867948624,130.01706606098827,1,2
0.043199137646753386,470.60529149126415,0,3
0.03026763979399165,1744.863970554938,0,3
0.030021895038909664,1730.6973169270416,0,3
0.043006022960000646,825.9833569949134,1,2
0.02230918349580826,1123.7448319590353,0,3
0.009798759502745823,484.1923479434895,1,2
0.002692162084645929,143.09919344903653,1,2
0.06311160855849834,739.8140668507878,1,2
0.023674723445969232,257.9090865047105,1,2
0.02897409716071403,1431.7155278540802,1,2
0.010053658473221977,506.4168643234805,1,2
0.07545553816950336,822.0019534940429,1,2
0.0012507374823353765,15.61820218422174,0,2
0.05571802370142639,695.7617979508142,1,1
0.005068923684050551,269.43358833379875,1,2
0.0752463124121218,1085.650787565962,1,1
0.007833936312569812,173.66602861279816,1,2
0.017071367834422344,315.08222954125176,1,2
0.01772133772972362,875.6757548391687,0,3
0.04039174628472119,1039.6828623827212,1,2
0.08103428986904926,949.9093575917781,1,2
0.024391195292053563,1373.795680919069,1,2
0.0015085204367761072,48.26587621634525,0,2
0.02945653837391421,320.8953600216445,1,2
0.00809559254223879,583.5292311747685,0,3
0.02784386526598599,1367.952138876114,0,3
0.021291175683336005,1303.6766554060152,1,2
0.030609711241941128,1724.0438033005541,1,2
0.02824767888151365,1628.4175927699152,0,3
0.0014455948493723426,28.43926505652519,0,1
0.02759808522295117,1363.721773057162,1,2
0.02905096025851811,1674.7250267982229,1,2
0.021974398909265176,1085.8349773297784,1,2
0.004725643662484595,238.0372927765295,0,3
0.05552564302697519,1024.8237617125303,1,2
0.008167165581152982,88.97194593107292,0,2
0.024724738847223846,356.7275437344504,1,2
0.011051453010531984,284.46421252711,1,2
0.05588129619717556,1099.3557392264422,1,1
0.007863967756280668,388.5872503553577,0,3
0.02488447936496041,291.703670702541,1,2
0.0042698445319950306,261.4461841546722,0,3
0.012626714092785898,727.9027580926177,0,3
0.08400485417041474,984.7312438791153,0,3
0.05511147286388408,600.3765853777466,1,2
0.004247564389702002,244.86290033339233,0,3
0.007463495269041214,344.76074956456443,0,3
0.014244161409423084,821.1450976433621,1,2
0.054450109530522116,1207.073162507712,1,2
0.027568070414513573,882.0543903230442,1,2
0.030140661614301248,578.8883311852256,0,3
0.04343729078485623,1118.0751260173365,0,3
0.02915966900393649,1642.3724567401011,1,2
0.010357160914689441,229.60194364508146,1,2
0.013136459632109299,606.8116219188609,1,2
0.014160235355285726,752.6732026821552,0,3
0.001155704493995731,57.10756267870727,0,3
0.03212672640392314,1484.0277747633768,1,2
0.061077035903028834,1127.2845171371464,0,3
0.036607537253918535,703.0926003185934,0,3
0.023627977193011084,755.9891100167854,1,2
0.0175859933756024,1076.805215779679,0,3
0.05054585674573831,631.1759432967626,0,3
0.01105769452313707,284.6248689554088,1,1
0.017962807191719117,882.5017749295332,0,3
0.050480668205237986,728.3330629374991,1,2
0.0177329102423783,456.4448080360833,0,3
0.00799208009451811,255.71065472438127,0,3
0.0598893679245326,652.4262979464917,1,2
0.005914570828552014,333.128891858853,1,2
0.05052054985472975,932.4459317068452,1,2
0.01279624160630532,632.3088413868036,1,2
0.01781318611292468,1003.2996682748108,1,2
0.028405432480958497,1395.5415940579264,0,3
0.06491664549535067,760.973275870644,0,3
0.0010154031416941673,49.8861377985078,0,3
0.015202107734032964,1095.7658987890547,1,2
0.02910887056566641,317.1079161244888,1,2
0.016638895572184936,838.1244841283456,0,3
0.006287519113726653,334.2068143300585,1,2
0.024866681836641136,1792.3871116653313,0,3
0.025512465219226895,1260.6637026720089,0,3
0.04965054530660046,619.9960152368853,1,2
0.007130908412400706,329.3975866151178,1,2
0.05982408000812015,1176.9223367476736,1,2
0.0010828816938312214,15.623773791195644,0,3
0.02182216954249972,1008.0300525954104,0,3
0.008491080061300447,218.56025636091502,0,3
0.02572881573992127,662.2592795478488,1,2
0.016060564073222667,904.5859906712119,1,1
0.033817872515030635,637.3280052924644,1,2
0.020894158672326496,1032.4563780775156,1,2
0.022915949454240955,450.82670350828727,1,2
0.03729613803082575,465.7241289102786,1,2
0.024387036072179402,1493.2387997121275,1,2
0.009880948470842817,194.38842957566945,0,3
0.004808892802769163,153.86296340284767,1,1
0.005156713754413253,297.2733948792034,0,3
0.028059002360999622,1580.3791406236508,0,3
0.004291590174103988,309.33724761295235,1,2
0.031654832639348866,1682.581091714176,0,3
0.04076142379109618,477.81819215664177,1,2
0.025943943918860006,1870.0360189356902,1,2
0.034509841614192086,765.0288312373879,1,2
0.03300306430122315,1055.9497753488763,1,2
0.01355474619397173,977.0242986006422,1,2
0.00375301989567142,73.83336183146619,0,3
0.020629128126195592,952.9199683627959,1,2
0.005800201374679162,114.10767293985793,0,3
0.018987665282674256,932.8524286255629,1,2
0.011992090361068972,675.4356129728116,1,2
0.012756429370200911,919.4817283714291,1,2
0.018097861929855755,261.1152284752063,1,1
0.03211776168321077,592.7899894825894,1,2
0.007411876933031436,366.2477983939732,1,2
0.03649694056812175,1167.7381179541298,0,3
0.007729700651675765,145.67311103472926,1,2
0.03145786779187856,604.186889515571,0,3
0.010991461852680847,553.6553345820911,0,3
0.020291568979312332,1002.6802295532749,1,2
0.014388814414375478,1037.1438247329334,1,1
0.01821568854768654,198.43913294742265,0,3
0.050922881505271994,978.0363241841629,1,2
0.007478735726107582,457.929300057786,1,2
0.012509070300097493,721.1208478869141,1,2
0.04634065332866031,873.3309919711229,0,3
0.05114044036161439,737.85222923579,1,2
0.028144958227027648,406.07433222549935,1,2
0.024457464720765907,481.1530160794877,0,3
0.0057079698937899095,321.49241941658244,1,2
0.023981617268036496,281.12003807160295,1,2
0.004676872877243221,269.61160612157227,1,2
0.001127220727444649,69.02067643965457,0,2
0.02944990543528294,1565.3803829176363,0,3
0.059549447992134366,859.1770551850218,0,3
0.01098445637875482,137.1650430487019,1,2
0.03998488138006819,786.6247173716819,1,2
0.030409528590636947,1712.7688305711033,1,1
0.010240683808236027,576.7903957538288,1,2
0.005242652825330216,278.6679877548067,0,3
0.01436883401365386,809.3019579992356,0,3
0.0014431488637217148,20.82169411695989,0,2
0.05831651427166255,728.2096550534606,0,3
0.011988139657479592,637.2176198913221,1,2
0.07820419930325619,851.9454788634126,0,3
0.03299766019311513,1662.1383797269302,1,2
0.04299439947262879,1375.6276099095326,1,1
0.01513522216640868,926.7424263552475,1,2
0.04105629341647775,910.1533562075307,1,2
0.029480544998589046,758.8287268562507,1,2
0.019786394621426246,438.63320269213693,1,2
0.044564012924222365,987.9139725939839,0,3
0.05698490992431156,1073.931512329475,1,2
0.0252404206579656,1421.626962897979,1,2
0.028941248651782887,1772.097079409306,1,2
0.02634334261819417,1326.95107955359,0,3
0.04542906959793142,1169.343478789561,1,2
0.059289805512694686,1117.3693278543494,1,2
0.03558554270373629,670.6413284437658,0,3
0.061941736549503565,773.4785106668271,0,3
0.0068290807631843885,362.9929842573138,1,2
0.04378186583112123,476.95344985745817,0,3
0.034355704642873464,429.0063653420795,0,3
0.008875819618239297,511.6718041584708,1,2
0.036917875122532036,709.0530192756879,1,2
0.023939173038571796,1272.462892629694,0,3
0.08277094947173891,1033.5769432733625,1,2
0.016107038797714395,1160.99320921767,0,3
0.02439449695870796,351.9628269681204,1,2
0.013135133737361707,739.8157318907926,0,3
0.013067072341844246,250.96913260383315,0,3
0.008513575717656019,479.5137511733067,1,2
0.062105689019869445,775.5258170496148,0,3
0.05397941116001548,632.7635851570196,1,2
0.0018486086228532057,90.82101552423677,0,3
0.015951462639814937,847.8841044186861,1,2
0.011136933191894174,356.331824060963,1,2
0.0050263692617056556,246.94245991525145,0,3
0.008771082448603898,95.55093081191089,0,2
0.0003803885638736605,18.688258421888353,0,2
0.03924344502699408,1255.61392063326,1,2
0.021379387134651963,1050.35626624851,1,2
0.0351306335342957,506.8633763115177,1,2
0.01654339927331734,1192.4460141254165,1,2
0.019679535326961428,1418.4982827758247,0,3
0.07597771181265463,1096.203388879695,1,2
0.042810223241412836,790.1382429862858,0,3
0.012795691512786683,632.281659265199,1,2
0.005609136657523011,343.4521712729166,1,2
0.05631489632879713,812.5090730852218,1,2
0.0046536679252466165,247.36108218759998,0,3
0.007844772511385422,147.84174298463842,0,3
0.01176162604741324,592.4495842126539,1,2
0.007047799981818618,132.8220840065065,1,2
0.02408138203089579,1213.0129553479605,1,2
0.058205238231521586,1117.9029066202256,0,3
0.024865527838871856,310.5006819494678,0,3
0.04489356548921964,846.0593294564629,1,2
0.031994485848308794,1700.6350196450924,0,3
0.02898131778262175,1459.8295848748971,1,2
0.026931322519403313,1323.1194696299876,1,2
0.03329356263780599,738.0658421235635,0,3
0.0055411416244248906,177.2916357124728,1,1
0.024287161344949636,1400.102322688191,0,3
0.006604471921431944,332.6765047641569,1,2
0.04355695187956575,836.5646218301019,0,3
0.028319400498417763,533.704390266215,1,2
0.010777243003547855,155.4936312428065,1,2
0.03614237951316086,694.158676049415,1,2
0.011263441236031301,634.3955979634474,0,3
0.03482256741563913,379.3521209408369,0,3
0.040540538209917654,898.7198756575359,1,2
0.028227581819360345,1728.3986569734318,0,3
0.03587146742837357,1657.0083523581634,0,3
0.021648483404732848,1219.3167511376269,1,2
0.0233151291655781,1076.9942389676023,1,2
0.018688709684823626,993.3797440183421,1,2
0.03406916463070439,628.8065756983631,0,3
0.008852867933602489,498.62385116043515,1,2
0.012508757488459534,240.24601186123985,0,3
0.020546784107671797,1034.9703053324454,1,2
0.03175949126105786,586.1774763854837,0,3
0.041362205621788134,779.507699418835,0,3
0.03008778588567713,567.0311919728993,1,2
0.08521706399432835,998.9411475749583,1,1
0.00846528532528866,418.30053860537174,0,3
0.038077288558007356,731.3209746843899,1,2
0.01971084518279485,968.381816579134,1,2
0.000578261693984731,29.127851777153342,0,2
0.06739598790819354,734.2023536263994,1,2
0.012736708449138425,918.0602470103539,1,2
0.059183617640143606,1164.3224862089673,1,2
0.0831531877057065,905.8590580826741,1,2
0.042312580896450666,797.4183701096285,1,2
0.051548809077069394,971.4833376844953,1,2
0.0142349414067298,703.4002314916586,1,2
0.03744813907992698,1198.17219661075,1,2
0.01640315187146646,810.5393969607469,0,3
0.04445578483480152,1144.2911455403012,1,2
0.04134866444013927,813.454494706459,0,3
0.011956522963788675,689.2676890111849,1,2
0.019738601581234007,364.3107368175418,1,2
0.010436746853262766,205.32268098261923,1,2
0.031447567397867957,1544.9998293489755,0,3
0.03579389715377221,704.1752597583695,1,2
0.04062092048547799,749.7307958402031,0,3
0.025879809111361538,1457.6395110813407,0,3
0.014556883245994101,274.3374633729915,1,1
0.003367450926851685,242.72541387330173,1,2
0.028910537003327,544.8448855579253,1,2
0.023452393478762913,1181.3299206482136,1,2
0.054830290665267685,791.089241917841,1,2
0.026021739408838243,1593.3330645950396,1,2
0.030927430489482908,1643.916755137798,1,2
0.03024823439999426,595.0751387685444,1,1
0.013977564179605316,359.7822642515283,1,2
0.028634548819322838,1753.3175898338175,0,3
0.019413401712251574,1188.6989704420137,1,2
0.0670657103005,967.6213873130499,1,2
0.0026780185974137134,59.36745408790442,0,2
0.021635974312485994,556.9096108170341,0,3
0.03662961809076939,942.8457466569745,1,2
0.031369181523313125,1541.1487790824042,1,2
0.0036956884226108707,118.24542484895139,1,2
0.029733834485973862,1460.8051753419504,0,3
0.025245564343752313,1545.8072103204565,1,2
0.04758417104329669,1054.8661209642432,1,2
0.029005983176392965,1541.7841375193639,1,2
0.010505609685585091,558.4152162574311,1,2
0.012023570324417027,736.2133580459468,1,2
0.038335121417646244,986.7453732834498,1,2
0.03007051674635407,1693.6745220765968,0,3
0.06835698112970952,744.671277770922,1,2
0.017132995483111712,846.603624463733,1,2
0.01796783836109681,574.8900983173833,1,2
0.004465008750057318,55.7554326128489,0,2
0.08533713142653201,1000.3486156674977,1,2
0.02025731080119458,1240.3722361603102,0,3
0.008745662567745154,193.87756360629373,1,2
0.026451764115206958,498.5071149144216,0,3
0.03331425191139905,857.5082775879911,1,1
0.00728400094218256,137.27350202075348,1,2
0.01759810047736036,1268.4687363045798,1,2
0.013900604695102424,642.1097249117518,0,3
0.010329841112461427,477.1656759249953,1,2
0.06821783802197721,984.2442400230627,1,2
0.0649938760416159,1224.867630434712,0,3
0.030049193577052387,1692.4735281302403,1,2
0.03863857404797843,728.1784303373396,1,2
0.006533261489808775,322.8322135667123,1,2
0.025365909375159226,487.1833649535504,1,2
0.09111801869777678,992.6267996369684,1,1
0.018756803092037134,944.8064534818302,1,2
0.012387420723238538,623.9717388875791,1,2
0.02771770437350568,1697.1784306615975,0,3
0.027409462635819226,876.9796540272794,1,1
0.005147649622200738,296.7508672612719,0,3
0.02660332325974091,1917.56399392075,1,2
0.027122540373130062,295.4691161350006,1,2
0.0011636910145825482,13.641150997728882,0,2
0.0694345258250895,1001.7985630101645,1,2
0.002552168937057516,48.09790258394621,0,2
0.009024138217661825,443.350413401271,1,2
0.007998260919969932,425.139590654764,0,3
0.019513117394445365,1406.5029003861948,0,3
0.03463555789571916,406.0088711053381,1,2
0.00536413689947928,138.0727925589338,0,3
0.03243932378588674,1593.7242165443,0,3
0.005280222434947612,103.87809935134028,1,2
0.007744062739478004,382.6623073460292,1,1
0.0012321616034705702,22.74171753207776,0,2
0.017883264122576303,343.4699959987197,1,2
0.01088939660625039,627.7501625052795,1,2
0.004230671395345188,259.04757993811876,1,2
0.0831914861812709,906.2762762550375,1,2
0.017206455291935263,1053.5657786122122,0,3
0.024381419193114894,479.6569683326592,1,2
0.03487376848710413,408.8012503586111,1,2
0.03228402919393858,1491.2940522700133,0,3
0.04422626590265563,518.4341579368945,1,2
0.04719321830523377,871.034154208606,0,3
0.016737560851471597,773.1570553775066,0,3
0.005224086393181613,376.5514507676564,0,3
0.05865920293650482,1105.4850592080368,1,2
0.02037632257284037,1468.722614566081,1,2
0.0641965450923302,699.3480764118598,0,3
0.0211947597881941,1297.773028777968,1,2
0.025578726679824852,1288.4363033701643,1,2
0.03168576140335035,1684.2250793508158,0,3
0.04564035570479508,1174.7819795866606,1,2
0.010577921933535517,522.6935976871638,1,2
0.08681382738299911,1017.6589087500043,1,2
0.020835320017943543,1173.5166033680498,1,2
0.058675833430928824,1300.750805332087,1,2
0.023130838618071553,1302.8080751702803,0,3
0.030493250264506493,1620.8383378463602,1,2
0.04103448763242282,447.02390060099555,0,3
0.014721688764939268,727.4521889012359,1,2
0.054626096256307176,1210.974511017097,1,2
0.012664211976893878,622.1850197693453,1,2
0.012271397910906116,235.68723038858852,1,1
0.0077689565242123615,559.9853505411417,0,3
0.004114395803732893,75.93843771799885,0,2
0.04356066590700785,856.9713182818969,0,3
0.032390094034983274,1591.3055888716901,1,2
0.06003787050946095,1131.4672807047618,1,2
0.0016413855454572499,31.52482023786944,0,2
0.0008768178025460871,46.60637673403814,0,2
0.019764580630310953,508.7399692666599,0,3
0.04391621843318001,514.7996842711354,1,2
0.03693703661024815,950.7586941197593,1,2
0.024529088788646115,471.1112004129364,1,2
0.02159351766912783,478.69427421315885,0,3
0.014188124071489101,714.6756896560198,1,2
0.01914185142099581,884.2182926450511,1,2
0.0066529896942399995,307.3211184772627,0,3
0.04650721811475556,1197.0950032753792,1,2
0.02850814975036642,1408.691371523763,0,3
0.002527792101486344,48.54934407008199,0,2
0.020650443414819843,531.5420622730946,0,3
0.011969396714970956,690.0098329231893,1,2
0.003678559541895388,225.24130520624485,1,2
0.03736227990381587,539.0614809225284,0,3
0.0022549832569797802,110.7859537477216,1,2
0.00779083855276466,477.039619527721,1,2
0.007088124922627639,399.2274789293781,1,2
0.0020267892147895917,52.16951991689349,0,3
0.020999889864359883,970.046541121487,1,1
0.011431386019592758,561.6170314874806,0,3
0.023187014417649775,1305.9720886558305,1,2
0.07313698178843923,857.3346357341626,0,3
0.003972355956078969,78.14837191959194,0,2
0.017022592079408056,1042.3076789410286,1,2
0.022654433320671748,265.5623716456411,1,2
0.006229685071716495,307.83139855383376,0,3
0.007143147756303476,329.9629578287369,0,3
0.013320005317292997,262.04517948946415,0,3
0.003806557234333603,214.398344364962,0,3
0.024324435165362483,539.2344135654919,0,3
0.024576481219298892,1214.4133287919599,1,2
0.05230455320198007,1004.5730217851767,1,2
0.019347380218630403,498.00123776577993,1,2
0.014963873706111321,691.2252409012584,1,2
0.016886059623045784,973.4448156986421,1,1
0.017874301302896106,1094.4585534803055,0,3
0.013065629708113199,336.3090864655746,1,2
0.015520705163581115,1118.7303590368376,0,3
0.02607953820865475,481.3439159585218,1,2
0.013584226676150906,979.1492478259053,1,1
0.01973010404167799,993.8329860891414,0,3
0.04034889429049033,439.5551437669374,1,2
0.03422203782669799,1580.8163584827919,0,3
0.022747794649607023,727.8272232752844,1,2
0.028668183077137307,413.62339944735197,1,2
0.029771355310911626,371.7607036737399,1,2
0.013916437821406938,1003.0949828869898,1,2
0.05840762433339595,1149.0563282378955,1,2
0.02093095221614349,1112.5639118583695,1,2
0.03601171463007418,1152.2130680497248,1,2
0.06547528339552564,1208.4619388558558,1,2
0.044232779139078394,870.1938379686205,1,2
0.0382747668602845,985.1918480034736,0,3
0.005638542058838665,61.42547915849304,0,2
0.008028038697764505,452.1666428062727,1,2
0.026762832693945377,1314.8416671441523,0,3
0.08358005365129378,979.751598979716,1,2
0.013800382546344464,994.72973413248,1,2
0.07228355260998531,787.4467917440662,0,3
0.016632677051300733,181.19402975155705,1,2
0.030584916360744677,576.4000596893434,1,2
0.016882982330764646,897.3981055321558,1,2
0.0038955459063829668,192.49309245774077,0,3
0.03958759857638244,746.0636450087394,1,2
0.07722195147940236,905.2199314675524,0,3
0.01945240526947705,366.5979473731303,1,2
0.047486861237739715,912.0433455281606,1,2
0.021678455349186845,416.3612929388953,1,2
0.0016790977097004421,33.032979359817624,0,1
0.00842504365775691,485.6855449855917,1,2
0.01791168280823121,1291.071708908294,1,1
0.023727868202315164,1452.8773947471448,0,3
0.0017448090274181898,87.88847550987543,0,3
0.02891140008914719,1420.3994744280512,1,2
0.03388317284501595,488.86506335291523,1,2
0.021912524881571367,1012.2038308725556,1,1
0.0017509475061605164,38.8157482486133,0,2
0.029740217611317184,323.98572148440576,0,3
0.03450045381990216,764.8207186249392,1,2
0.2436244976818218,790.1502824450349,1,1
0.2555766387368481,765.5669902676698,0,3
0.053396382278423464,283.0834289106779,1,2
1.3251986589049702,2928.6223088075762,1,2
0.6011817056616489,2645.929154459962,0,3
0.5536018941396069,1372.3759070349215,1,2
0.4843043069354741,2140.461131548585,1,2
0.15983963564949913,627.6866059762183,1,2
0.42673316382749243,2418.647818439169,1,2
0.2622192656837053,1070.6798953799578,1,2
0.27355752863510546,1317.3197732292333,1,1
0.1628453247730779,852.3760493378918,1,2
0.25922063960362757,859.3257475777757,1,1
0.16712067343011283,793.5798612972262,1,2
0.11083948341343362,527.6386484325287,1,2
0.11571092057313616,655.9113683189477,0,3
0.5072957162620979,2251.2280752639126,1,2
0.20743051148889763,985.4049609671464,0,3
0.09792697298766957,431.40901662310415,1,2
0.8425049374501886,3789.4985721735875,1,2
0.5093106075755631,1503.8926569014232,1,2
0.6358653454644636,2881.7360856409555,0,3
0.43240119074799105,1300.9613876049007,0,3
0.5229859467508577,2304.225283973326,0,3
0.1250437871036305,368.9071515173752,1,2
0.333303436063262,914.3186066405336,1,2
0.021230987746963508,152.04806704604417,0,3
0.8242726725043902,3074.3334004103103,1,2
0.3677601957739983,1501.6961432000037,1,2
0.1769989057948481,918.0052506996542,1,2
0.06803187445351341,260.3890560417835,0,3
0.035996968719988615,178.7120992048585,1,2
1.0517764151705944,3205.4179736892634,0,3
0.4033677430437686,949.3986646180073,1,2
0.019468161390538773,207.14946594705887,0,3
0.26878732994350996,1634.1953515090581,1,2
0.16501011650723435,553.0323968622829,1,2
0.37198226311106025,2318.450158856254,1,2
1.01260711122778,2169.421091423178,0,3
0.26196644012158815,816.5714705817884,1,2
0.5746550415256814,2159.5225220385464,0,3
0.6279509492182939,2803.815287270333,1,1
0.4211919144906704,1582.568510461689,1,2
0.4678307638777007,2559.6458956022016,1,2
0.6560589326148748,2989.161661049898,0,3
0.28793134765961215,898.772670390584,1,2
0.9522080063641936,2016.3554475294814,1,2
0.34500317399473834,1046.03159697763,1,2
0.2712354617368073,656.4029360339263,1,2
0.2722625251117917,1210.3601114946823,1,2
0.6326297075430108,2909.2472448633416,1,2
0.40897472111911837,1215.0724215506189,0,3
0.2240976140760941,758.1038784208282,1,2
0.5759761944270393,1711.3196680750507,1,2
0.6642470892745108,3684.141022537241,1,2
1.328351930514131,3708.0452533392486,1,2
0.30764311240560216,901.9351515219105,1,2
0.19615519990671515,1140.436195474175,1,2
0.05481031674280965,436.1702041585679,1,2
1.2804939411451086,3784.0770653806967,1,1
0.03836148577820497,214.43848438355295,1,2
0.0335969121131714,107.6885685699945,0,3
1.0690716364115875,2303.488518264072,0,3
0.9804405645359886,3693.0558362873653,0,3
0.19956724545013452,1151.4276263717593,1,2
0.6952969445646833,1703.0004304509953,1,2
0.46065635719535086,2149.3759198333855,1,2
0.4489684368595249,1023.8240567265086,1,1
0.6381520759350462,1421.312797405962,0,3
0.555394073195455,1367.7844609764359,1,2
0.7060391901450013,3129.2502153021946,0,3
0.2599186391700997,1164.3730353598653,1,2
0.7707524774564671,2063.5347575451174,1,2
0.43861773384148606,1223.1986127457694,1,1
0.6193165087418874,2288.9721247441826,1,2
0.1681944021335282,924.3099028424145,1,2
0.6652381658858174,1987.373376900732,1,2
0.14988753058004942,475.61226346671157,1,2
0.7427946367329433,2793.876456045146,0,3
0.1328724176442939,685.4072847413601,0,3
0.0493822000704395,346.48828780780985,1,2
0.07660673415528964,400.1704312697381,0,3
0.24164565911908903,644.5354309476021,1,2
0.2788118211041573,620.9272606528608,0,3
0.06531824436116869,414.21946018415133,1,2
0.8415303015818073,2763.3527916367543,1,2
0.9068797865599755,2503.6375086899866,0,3
0.5424750819032316,2501.152499610325,0,3
0.1392760871004276,524.3793284081196,1,2
0.20636402514783314,624.1680980523729,0,3
0.24583799109483515,1085.2988072913577,0,3
0.8027810456810017,2227.3379607783363,1,2
0.6106420068127829,2089.1454638381897,1,1
0.6056674211532641,2315.2548202568787,0,3
0.6460089060746448,2273.885827832898,1,2
0.775948752651686,2064.901014331712,0,3
0.36013104323641043,1732.331285909397,1,2
0.5057210782175214,2287.344470110516,1,2
0.03281422920789005,133.27503192042698,0,3
0.34187439729807345,1364.568630667594,0,3
0.48412397377206845,1764.9221790017134,1,2
0.3931472430467733,1528.6766962487718,1,1
0.266942653522644,995.1818849240287,0,3
0.4764945581474517,1453.9759011919402,0,3
0.12593526064336094,572.4352972580992,1,2
0.3358420543614481,1350.7738078788627,1,2
0.482524815648374,1259.5805024153606,1,2
0.3141684387418357,927.0629205125413,1,2
1.061751385571965,3042.1249840135024,1,2
0.031952713146379305,222.37690633373853,1,2
0.24253330248851346,842.9364951903631,1,1
0.7089675264988983,2534.706644876677,1,2
0.44215201722729663,1768.098879245472,1,2
0.5502405165874232,1897.7942809738445,1,2
0.2521058611256952,1172.7852948240122,1,2
0.6723049071566597,2153.5131926678173,1,2
0.6072628136064336,1976.1394167090175,0,3
0.15333240712452684,582.1188431081143,1,2
0.10835114073316372,402.9386896856615,1,2
0.44036041234199313,2174.2137568833564,0,3
0.4660131328629424,1796.7435297221884,0,3
0.4187337820092845,1616.0156979351048,1,2
0.8520988884570679,2629.07564927379,0,3
0.7304397864916159,3259.2415261292613,0,3
1.0745645235942012,3223.868346198197,0,3
0.4257956922752648,1459.429358904944,0,3
0.8145484307446692,3079.404676754914,1,2
1.1504978752321373,2531.9278915738555,1,2
0.717563790343485,2752.2877193395375,1,2
0.7725533853026249,2241.2025129140825,1,1
0.7605205984611841,2803.7219743779588,1,1
0.814949198818256,3102.1344820460863,0,3
0.5674628826956807,2633.170153648863,1,2
0.10624970227319146,777.4137700060218,0,3
0.258539663986515,1494.3843836116248,1,2
0.46142682229848975,1619.8828380875602,1,2
1.348221900012027,2963.737541856256,0,3
0.9496005356641389,3639.4467187537116,1,2
1.261860479818222,3510.2603018438485,0,3
0.5861714708115523,1762.407339494752,1,2
0.2562843131702779,1569.3111659166718,1,2
1.1059798819629743,2354.706208152558,1,2
0.6488990503507408,2952.8369969327837,1,2
1.2733989076180847,3584.565514387811,1,2
0.2770766915090091,750.7628895004118,1,2
0.1398064140035973,453.912523792787,0,3
0.21529022698237782,882.9429238321358,1,2
0.3292726991138337,1526.6951042584656,1,2
0.5448324259786821,2432.1790516488095,1,2
1.1699704976785819,2572.9073418217745,0,3
0.6137362167813466,1852.3091337241592,1,2
0.27772206643841746,1714.1062504957035,0,3
0.7021227329301075,1524.0030358389242,1,2
0.014545198183432726,84.91302362496496,0,2
0.41398634859973804,921.3467666929896,0,3
0.035723570194848564,242.01431481737407,1,2
0.35451127127199694,1596.9905843201593,0,3
0.02377335024495224,169.4512983025016,1,2
1.10118348666054,2375.8211222567143,1,1
0.24015377909498528,1403.9735275851922,1,2
0.9244143263549056,3046.856636357942,0,3
0.10755432975226134,458.3810708108671,1,1
0.2999916140459534,788.5731952382082,0,3
0.5082569050281648,1368.2343437538855,1,2
0.11435902612107073,608.6825352226058,1,2
0.2810729003554067,1137.7250681291832,0,3
0.23589530454788413,866.6199652088206,1,2
0.8709263425739291,1962.2656911089155,1,2
0.37993768137773537,1317.4649273155546,1,2
0.5942270755585598,1965.9504930892165,1,2
0.6786064361015314,1449.7717983399916,0,3
0.6611693061512022,3027.6424464384186,1,2
0.21861954497159405,777.1456697390472,1,2
0.4835819164256759,1479.4127326082416,1,2
0.14334334927463496,970.2937253276118,1,2
0.3833600382801583,1315.6351121872704,1,2
0.26482020533794903,822.3125012198067,1,2
1.0422107283977053,2518.906545925178,0,3
0.12664489908883297,804.7233247439607,1,2
0.6904330165924728,2573.1673255775777,0,3
0.1171558903102943,531.5771937495603,0,3
0.22497491016065868,565.9945583437267,0,3
0.5834876865150023,2176.8728537488096,1,2
0.8939393527101575,1899.5387078714323,1,2
0.7932598990350387,2394.4514334866117,1,2
0.23342263044577732,1451.7424380117316,0,3
0.2154579488852899,759.9469412788546,0,3
0.5224619397091693,2096.890888140103,0,3
1.805425484416031,3813.06947175777,1,2
0.12726817696615955,477.15845135693246,0,3
0.523882092329233,1993.4470778400312,1,2
0.4428359720582931,1983.0871188312842,1,2
1.761724405451174,3794.7235958694196,1,2
0.47052201394356613,1792.3239208321977,0,3
0.056891759427320804,264.6562787480562,0,3
0.4329716541045989,2065.575930691241,0,3
0.17597396424328907,1148.8277695969039,1,2
0.48595419412940216,1882.1489159849084,0,3
0.3145667162323703,915.4569765125352,0,3
0.1074429196798349,468.9003117582691,1,2
1.5853289991656503,3416.101500270799,1,2
0.1551308057659275,496.9831177551842,1,2
0.31156466150714696,1122.4822889765078,0,3
0.13173978652084187,542.993828953561,0,3
0.5158018191800157,1103.9589736025343,0,3
0.25369104053449776,763.3007449420504,0,3
1.6765253216685276,3573.5568483759052,0,3
0.3051226781278072,892.8446194245357,1,2
0.543968307686015,3038.8927620837185,1,2
0.1682746364581385,509.48056249627103,1,2
0.1650374058546073,559.7545771480136,1,2
0.8536515891507787,2446.3201428228167,1,2
0.4640711235559169,1180.4464473002708,0,3
0.6570178692822186,1941.3689067468695,1,2
0.38074116181106543,956.3371499751134,0,3
0.03197331828471677,168.98888475276317,0,3
0.8895947509460774,2661.6875091166453,1,2
0.3556552644672412,1604.9351084043622,0,3
0.8322018964197356,2309.5271046381986,1,2
0.2551110858574445,891.8962651944304,1,2
0.6895282319390892,2085.7611364698278,1,2
0.51022894758966,2254.58313382195,1,2
1.0078514342747398,2520.3195088812818,0,3
1.1154706111117285,2640.678341656125,0,3
0.2692356761841666,1271.772737982814,1,2
0.3918421907935486,889.049285468761,1,2
0.311443294699255,1153.2379753677499,0,3
0.34041125968417446,1344.907396300589,0,3
0.6247866333140404,1696.2066065199888,0,3
0.82052202333378,3056.196378266887,1,2
0.2797676182838443,842.0997939040384,0,3
0.5252157436122046,1730.088865265041,1,2
0.7186741414773523,3248.171583109961,0,3
0.7989048962901603,3525.35372728873,1,2
0.37606524692601645,1349.9387561058797,1,2
0.652770384752387,1672.073282059956,0,3
1.2452120166359884,3458.816572855075,0,3
1.147830576074859,2769.7608255649693,1,2
0.42441613115560056,1950.7858452106914,0,3
1.430150380564761,3030.4738076810504,0,3
0.4001335453283877,1566.5283400041446,1,2
0.21316952904326048,673.3069943417903,0,3
0.6759634732511438,2105.3462124995294,0,3
0.8562004553093371,1904.5055866010614,1,2
1.063173939005165,3509.0279241749595,1,2
0.7303447933592823,2615.587728323381,1,2
0.5286506609523505,1575.6290124002446,1,2
0.34318092824591945,1129.8315223283078,1,2
0.486084652517752,1158.062862125243,1,2
0.5128434480293618,1570.2542195656947,1,2
0.6736419540518066,2014.3202861345198,0,3
0.4639035677042269,1717.7680569714557,0,3
0.5232100454052627,1346.3343275380564,1,2
0.5707684081799144,3186.0272200614336,0,3
1.0371348533385663,2624.78467737315,0,3
0.5228320733852695,1973.2039217295269,0,3
0.18448891892513808,1032.2072804408483,0,3
0.49953780388560753,1316.2522424494014,0,3
0.23702650362955455,1480.3789351135638,1,1
0.5462463396391947,3032.874471686111,1,2
0.23702464337529974,777.6732515830871,1,2
0.47174705693050606,1348.1560380257447,0,3
1.08663923898483,2405.883092685582,1,2
0.15545394413685207,670.5823919486844,0,3
0.665366707553599,2540.6713285078167,0,3
0.37301714780534645,1630.0470002930135,1,2
0.5235580748041836,1757.4887960421738,1,1
0.1225312962449945,798.1045326658317,1,2
0.1649884613200756,1068.703588980111,1,2
0.4823531606619568,2751.6443705305473,1,2
0.1940894783195564,1262.1396105936622,1,2
0.6243806466358939,2197.7952813890647,1,2
0.5644873401726753,2063.294985799115,1,2
0.844862985483085,3121.5117928642308,0,3
1.240540511003361,2964.6891254246666,1,2
0.4746901997508153,2712.332296393938,1,2
1.4714018909314757,3133.3176646694837,0,3
0.20451944057065435,847.4797104291391,1,2
0.8345307520823994,2793.7410583710143,0,3
1.1226807216365962,3356.9607469260623,1,2
0.4182560696251055,1614.536326659016,1,2
1.141913870956375,3370.9292362666065,0,3
0.2564288478974303,1493.0628389174851,1,2
0.08183169770635973,418.80571601092674,0,3
0.554593592805683,1793.3477443812978,1,2
1.2310867385454716,2728.3652385882187,0,3
0.913182904552494,3055.4399425203987,1,1
0.3563930259701346,872.1945472158259,0,3
0.8297218058916239,3674.5175583073155,0,3
0.6439518855270332,1941.3036964164996,0,3
0.9748660070380122,2181.6436620891845,0,3
0.32806056042074067,1324.6252940781933,0,3
0.4236123183551165,1989.1828888814282,1,2
0.8080715770150076,2114.088498746961,1,2
0.9692842464885991,2520.2085612752844,1,2
0.4866769004922845,1895.8075715139962,1,2
0.44279835789079586,1579.08659281311,0,3
0.23214154991931896,646.5780243439659,1,1
1.4181824799570208,3028.4026023387223,1,2
0.6374083147906826,1805.8116298502455,0,3
0.027291575615606117,271.3464458064712,1,2
0.030199703140455156,250.10321559094194,1,1
0.3288464354575677,1827.918463171228,1,2
0.18493809860491728,709.9129166762532,1,2
0.6058377702751141,1968.5652702648702,0,3
0.1455782848490555,569.5852642587699,0,3
0.35924787218844173,1292.7314545065126,1,2
0.431871248631931,1281.7947914032775,1,2
0.49861760718140047,1673.9063289097612,1,2
0.11790066547382158,453.48178871262,0,3
0.18407224315685836,778.3981590415327,1,2
0.1870815510209853,687.595322748344,0,3
0.9875257971630033,3259.18432982025,0,3
0.30091454418078845,728.8648141101263,1,2
0.5260282960674292,2047.398127248191,0,3
1.1428550035335419,2704.258277460534,1,2
0.3976410287094793,995.3182557732916,1,2
0.7440642643376403,2889.936565830032,0,3
0.0894685156961196,299.76316851395256,0,3
0.02578037698667556,236.69665799117044,1,2
0.624308872101994,1539.2631408080672,1,2
0.06360120839887463,293.80281618738843,0,3
0.43471715760074453,1092.2782745496954,1,2
0.7709208446517097,3350.9938487602467,1,2
1.0355419069625782,3079.042657105242,1,2
0.11647184626636069,387.3035706603903,1,2
0.29631806810980194,1791.076109715386,1,2
1.2310020016076575,3047.0850595841794,0,3
0.36112991909041325,2072.129020151675,0,3
0.4904016231519036,1785.2988259085894,1,1
0.4766297066058119,2159.6091004757723,1,2
0.39043787647094313,1507.779585148998,0,3
1.0067233216313871,3733.7746485884504,0,3
0.40298609344230707,2292.196630086981,1,1
0.22498945213589921,1026.4917981861158,0,3
0.5241402270135128,1415.2882036037163,1,2
0.4905033121311358,2319.8093693940696,1,2
0.4699565366465891,2179.8275696966316,0,3
1.218818586960635,3027.3664812447005,1,2
0.12996858400359917,588.2004186911548,1,2
1.0184267609416855,3147.10022998225,0,3
0.7677162482973923,2499.763151869,1,2
0.8456236133714489,3755.808923982745,0,3
0.6614447863726912,2527.9862627130815,1,2
0.2445978140555,768.625846965338,1,2
0.017862717658222727,176.84421793308624,0,3
0.4006162237200782,1320.7505594457664,1,2
0.12274612613237756,547.2770001896388,0,3
0.6419577740320831,2445.198979730117,1,2
0.29743618891502677,658.0852100176418,1,2
0.8901287278952058,2905.135215197808,1,2
0.5279426505309928,1898.7260793824712,1,2
0.17837695842717236,738.7779848224982,1,1
0.12074456721910334,579.5293530068132,1,2
0.3898453110522643,1405.670580703836,1,2
0.3057644312427122,1252.9202923991004,1,2
0.08843979974853396,600.2179837335507,0,3
1.044984794135821,2278.9936511905385,0,3
0.7392081263214301,2178.9267743689434,0,3
0.7162374956725831,1620.0819226099054,1,2
0.6258683368351764,1663.160916885617,1,2
0.4754376377763791,1824.1515863958957,1,2
0.21615953926413708,1361.314421998682,0,3
0.6534309442254,1884.429017891485,0,3
0.8032985199422469,2673.986586395475,1,2
0.16882858806611095,620.5698300744069,1,1
0.45446511342706253,1674.9628230412538,0,3
0.6009282445070816,1997.2704511238214,0,3
0.1129309134811801,530.7421376281327,1,2
0.5139365043200778,2261.5443255059627,1,2
0.13740189010448522,509.4365550444617,0,3
0.08308888221773497,348.68876039030636,0,3
0.04834304139886515,144.74578530594238,0,3
0.406756151119796,1806.8938335909793,0,3
1.0233204972406456,2932.7559577070315,1,2
0.34439965835341335,1414.446820478158,1,2
0.5611425517597507,2160.662992813669,1,2
0.36476925278066213,1520.556532724223,1,2
0.42720377438682927,1555.752320193984,1,2
0.25387502216643304,684.7568583989332,0,3
0.583540806454919,1781.43405634895,1,2
0.12151769460212584,375.6373347390805,1,2
0.3112802963849585,1078.6808636107353,0,3
0.198860249999778,994.116488352412,1,2
0.6164121777887257,2259.739835446012,0,3
0.27499847407858846,902.6852937806701,1,2
0.49792378503024104,1347.4558359528544,1,2
0.2370293150101356,930.5650278774222,1,2
0.6013082562959428,2654.705274865522,0,3
0.43263044592588523,1724.72865483108,1,2
0.7506564624322472,1883.426586627051,0,3
0.4671348895892483,1516.2795208586724,1,2
0.517316124088006,1716.7291497946424,1,1
0.6651560405830577,2371.0441629772,1,2
0.17705772572054024,864.7065606782993,1,2
0.7708976387727564,2312.0802450536726,1,2
0.46726761369868225,2566.487713176862,1,2
0.9601016866703351,2832.0651319251792,0,3
0.3036978550611026,1093.3174486440118,0,3
0.23180029693860815,958.1092713947173,1,2
1.1012102133816666,3297.995246229311,0,3
0.6644284418033175,2040.91889455233,0,3
0.4011407773514233,1315.562560292797,0,3
0.04604526832745472,245.41131570914365,1,2
0.8316372765243522,3219.5234372685104,1,1
0.14787200702399383,854.0754253405944,1,2
1.0505889953396497,2935.502392990528,0,3
0.029726655231550214,201.70989941669802,0,3
0.9569143649943445,2542.0176597798027,1,2
0.1281956836658246,654.4731923554408,1,2
0.6430343420224431,1971.6134165247872,0,3
0.19299401933174468,1395.5549686413633,1,2
0.5548629211616103,1786.1529363420523,0,3
0.3330084173037685,1276.0210615867893,0,3
0.6499337795354344,2592.1751622768206,1,2
0.11628595775207896,619.4314000358467,1,2
0.09196979830425929,394.4179567467608,0,3
0.6864389565425761,2466.171887817773,0,3
0.9553051450325607,3052.940859942085,0,3
0.11803653686209839,792.3563043215947,1,2
0.8268354679239883,2913.6202851409007,1,2
0.8768385478484861,3284.0176002931566,1,2
0.060786017582657316,458.84046239726723,1,2
0.414309048705801,1286.0646394940725,1,2
0.10901322022165791,480.26074264992883,0,3
0.20579614663198903,919.4567280375942,1,2
0.6436917971435319,2523.4575024604483,1,2
0.38068721962723145,1412.4193741371882,1,2
0.14972734947605948,701.1016136727974,1,1
0.8117833592086676,2697.7812471979887,0,3
0.6954963441060233,1866.0412732877494,1,2
0.3952477959922789,2415.777132061122,1,2
0.6021528249524404,2133.278893243068,1,2
0.554891049993082,1839.1321162829304,0,3
0.24162559072001263,817.4562686154399,1,2
0.7966914214831565,2403.9370819088695,1,2
0.34522994382725924,1646.5659596345824,1,2
0.42566170194098457,1341.5498431639858,1,2
0.28879364911029937,1384.476899304122,1,2
0.37980396942115546,1073.4645608737871,1,2
0.3534156598419625,1239.2607689691763,1,2
1.2984432843749891,3301.721606690064,0,3
0.11235859656283988,766.1823888146309,0,3
1.0231533998081923,3115.619171003836,0,3
0.3530587955493889,884.0761662688188,0,3
0.3521251280783341,1195.9522028116444,1,2
0.799304708952245,3015.35876606084,1,2
0.8001475146240075,3041.2507373134727,1,2
1.7112720429019956,3833.2729092890645,1,2
0.7431952757325756,2176.284931006847,1,2
0.20995120252963836,864.2460787678456,0,3
0.24161246010165163,1273.172921920805,1,2
0.3976165388948991,1296.9461025801604,0,3
0.8201667161426847,2214.2778786826843,1,2
0.127363963048685,393.57072094771826,1,2
0.45105427063977915,1784.7887526109935,1,2
0.47291628128356783,2028.054624336728,1,2
0.9310124067856995,3532.303530267217,0,3
0.05097808298751739,543.2002961004025,1,2
0.040010555290704033,282.8392617966487,1,2
0.20338477784791958,1011.7948834007835,0,3
0.44682743484151555,1761.6372490933081,0,3
0.0533650814779537,190.23427528516794,1,2
1.2538010914279012,2721.508862383009,1,2
1.217761489966024,3469.7990494587752,1,2
0.32765235509617485,1392.9710709243718,1,2
0.1483629454680694,835.5645537515786,1,2
0.9476363806986615,3239.43332573762,1,2
0.3342834332894693,985.6110751195098,0,3
0.11865260569486863,296.2213091300293,1,1
0.05885264087609413,391.6728003710841,0,3
0.5125709185954853,1126.0563693609556,1,2
0.312822151296848,959.0330890405304,1,2
0.08609911505828441,451.86700032293066,1,2
0.7501945304824741,3354.82309318505,1,2
0.06737768461966501,426.4803150443904,0,3
1.080937750561794,2288.8833400602584,1,2
0.3721370651996431,1824.5315843866495,1,2
1.8856978127681063,4017.993375602497,0,3
0.2596737245186795,835.3360485956174,1,2
0.2786777627069044,687.8066294576121,1,2
0.08253952971125958,443.9902742419116,0,3
0.8863552849137201,2230.8359624432856,1,2
0.5188832646593295,1464.8061975005003,0,3
0.3318335454191877,1476.1785134919965,0,3
0.954846593792837,3720.124256697087,1,2
1.4210073381008097,3173.4211766037347,1,2
0.22698341025649763,599.7639792532815,0,3
0.15534400616525523,733.1846834911039,0,3
0.5684182859014831,2014.6602452303202,1,2
0.49063472338927866,2000.5307329555847,1,2
1.6520953528285844,3647.186217556088,0,3
0.73568689299383,2438.4523458910517,1,2
0.471934651462935,1823.6123580917122,0,3
0.2525942529293659,1524.9531614968437,0,3
0.5433263051796011,1459.218648034738,1,2
1.2818590965428749,3036.7934860988003,1,2
0.9983752901147123,2512.591702119513,1,2
1.313143042211632,2844.9339076035208,0,3
0.5571504520402367,1913.0879156142448,1,2
0.6497167256260115,1416.8427249707324,1,2
0.4872341105188203,1221.8993958049675,1,2
0.19325937470453836,1196.4332630730178,1,2
0.21833453237897826,1157.3779887688033,1,1
0.6686685845198308,2201.170016176112,1,2
0.19940047780410347,1262.6178266928641,0,3
1.3068448214257928,2885.4344759710475,0,3
0.08874787274121042,539.765787105552,1,2
0.53969689458608,2565.715319392405,1,2
0.9922543135709632,3348.51028368131,0,3
0.6542620619184034,1449.2983740562831,1,2
0.35256470813806084,894.4234280521155,1,2
0.421590747994595,1024.9863074883472,0,3
0.1277598121557313,564.5788752824525,0,3
0.05942432891372826,306.9146920553055,1,2
0.7036887189597786,1769.2397015946808,1,1
0.30965491745541535,1110.4185420969636,0,3
1.12326603114246,2442.551107105002,1,1
0.5057491440375899,2284.7273125863,0,3
0.5728108196472906,1616.525809266963,0,3
0.32514432239689983,1348.3605487585814,1,1
0.10655687517976654,811.0726526058758,1,2
0.2907082860025226,1470.3026231538365,1,2
0.5373665995664355,1697.154534236907,0,3
0.32099812724211996,1084.5705967362514,0,3
0.5625239623531674,1986.2408887848658,1,1
0.5999052677398239,2727.4303503970996,0,3
0.3495437494935931,1020.8470472506765,0,3
0.2843313874523693,1269.370471296257,0,3
0.07382885909138981,261.0628561959867,1,2
0.5240707621665155,2046.6215927242547,1,2
1.1567980759125125,3313.3333889089326,1,1
0.5398040890531893,2052.84953669338,0,3
0.2460469644140942,1158.05132790514,1,2
0.49274796420900147,1586.0822883535552,0,3
0.39290442440484374,1441.0964413976658,1,2
0.7228901788144007,1673.200320346578,0,3
1.128918107150866,3149.802529285864,1,1
0.048939696431815984,236.15755663798265,0,3
0.65871548429357,1639.2581228802753,1,2
0.8021872330194,2968.6991535568905,1,2
0.14666757919271373,694.9905171801311,1,2
0.3878738336838767,1210.2808299435349,0,3
0.31169982239415434,1229.5572374527296,1,2
0.6609072132740024,1977.7596128361522,0,3
0.15129775457114622,707.0208488445556,1,2
0.1457030638133653,377.24599794533503,1,2
0.40068651514971126,1059.5558356851254,1,2
0.8103707354071733,3080.829671965055,0,3
0.026619609521356294,165.1134324550268,1,2
0.316929991721987,1071.0203247291458,1,2
0.6940863271920319,1993.8481205703222,1,1
0.6830918855832426,1903.0717589723617,1,2
0.30965155928179533,792.3841274136192,1,2
0.42255097620456117,1563.0352947626968,0,3
0.1285045318965562,750.9530347680967,1,2
0.2498405969741,1059.203720944599,1,2
0.7578859764182531,2504.5836646337307,1,2
0.3351730996201819,1083.578228137968,0,3
0.286297999371156,951.2039725176892,1,2
0.5078279459450475,1440.5073900494572,1,2
0.2625495598493595,1081.5717437014935,1,2
1.8639782811355796,3988.772280905634,1,2
0.8669532925928936,2594.1597218899524,1,2
0.34075108221833017,1007.9410327252789,1,2
0.8036458597912403,3472.179175170942,1,2
0.1873833277857344,663.8995515622779,1,2
0.11034183550313556,479.41722302287315,1,2
0.6090250706292754,1780.713637764749,0,3
0.3620189765760378,2180.6626980278693,1,2
1.2194905709928605,2634.994920007585,0,3
0.15792045965563256,743.3254988954267,1,2
0.7402868412898569,2757.260343781941,1,2
0.11450962857146608,377.2990956786572,0,3
0.015474509674837074,176.9823919325663,1,2
0.6749450313599068,2203.1618280334496,1,2
0.4284776384564245,1710.6516745734712,1,2
0.9968941112087008,2539.134442903757,1,2
0.9277242929108463,3498.13362446709,0,3
0.7709950157503044,2306.087043128279,1,2
0.2070607122207234,810.1990486779283,1,2
0.7309687301915674,2711.728283598604,1,2
0.2806026046763522,940.2391206496484,1,2
0.8211002532321345,3649.2152466455104,1,2
0.31569279278934465,1562.633420014341,1,2
0.4477478281005442,1368.5346121342807,1,2
0.5172593940722531,1986.3814736249046,1,2
1.360873119187598,2881.1322658877593,0,3
1.1705042388291138,2558.0680018321846,1,2
0.1345172626589968,610.5958878114966,0,3
0.02993588856735932,219.33737266589355,1,1
1.0675169748147975,2669.8601326157805,0,3
0.24687115157749262,967.1495273923542,1,2
0.6625664732431199,2305.7753380263284,0,3
0.12163342202920564,661.3894036179971,0,3
0.02973720048444199,171.5581829714952,0,3
0.4158661361693682,1471.3421737817782,0,3
0.32554429279224373,1100.135186049865,1,2
0.9626980591415055,3681.970991316452,1,2
0.04595904948850436,233.40253678110727,0,3
0.3623039208970371,1230.8922194425643,1,2
0.8404878462770413,3164.386704207982,1,2
0.03147236981665467,160.52755831896022,0,3
0.5493386657250995,1360.2884452818535,1,2
0.47380477587907793,1890.6630878483816,1,2
0.2845789378694869,1018.7815772260625,1,2
0.2036217922547854,633.2361644178886,0,3
0.20834517684892806,908.977479877665,1,2
0.3573685895557976,1010.8178278838986,0,3
0.5152475901336929,1516.4286988037043,1,1
0.3607977461721542,1644.7910826797274,1,2
0.8300374167248359,3092.626827979559,1,2
0.09021435492157619,213.5335058226127,1,2
0.6180630380417148,2339.4926972469198,1,2
0.29977589517111525,1042.6323290921314,1,2
0.1983320131010988,791.0025461370724,0,3
0.6802134239925242,2019.7886391267552,1,2
0.42990328311972775,1351.9651105585883,1,2
0.46451247912440896,1422.6368229895863,1,2
0.322630501316283,1574.4140919596887,1,2
0.7197722864288277,1996.4490204489882,1,2
0.7174052418209222,2667.796192227231,1,2
0.2569769520724734,1329.0034335049272,1,1
0.7630162156985558,1962.9574923693917,0,3
0.4294271034999532,1528.1136126715348,0,3
0.2410699066090663,1032.2662652913186,0,3
0.8349657005559301,2880.77704967827,1,2
1.286964217691798,3843.136890118181,0,3
0.8753715159923042,2999.5132285027958,1,2
0.41339412731644787,1624.5231713585727,1,2
0.5915165040595377,2654.020446799414,1,2
0.35490735496997755,895.2712409087984,1,2
0.02867522128734077,258.9332580397838,1,2
0.9829019634597312,2897.0545754512855,1,2
0.6597164145803349,2233.3223084307115,1,2
0.2407867813641183,1031.670985160312,0,3
0.8138957958500641,2313.276536500653,0,3
0.23173628940559243,948.4886184783934,1,2
0.8627336473463292,2874.6834125758187,1,2
0.08328957802047812,442.16492010698585,0,3
1.2344564987138895,3799.499547361073,1,1
0.12804097828546615,952.9416845071116,1,2
0.35652921517078523,1660.6633086310692,0,3
0.13530043778055026,546.9694862996163,0,3
0.2681848166160897,1300.8839628959759,1,2
0.7862542405217272,2896.79243162274,1,2
0.19703325046851172,1002.107015617143,1,2
0.2805527567808797,1303.9720205529516,0,3
0.6428263272289025,2574.0384076994715,1,2
0.692272604387315,2591.037992009295,0,3
0.6479565181875484,2188.4531013429564,1,2
0.8113422836531536,3246.3678619025504,0,3
0.7171504962092852,1703.0801379975878,1,2
0.6720340204165559,2602.9482330185197,1,2
0.8004613490421318,3070.7652405941058,0,3
0.534760291006049,2650.385411432038,1,2
1.00007847969631,3395.988088601894,1,2
0.4224220127399047,2115.8024482251094,1,2
0.31954494030915515,951.2972557842197,1,2
0.5139168504747456,2008.4919253421463,0,3
0.2933284093851607,1236.7880626475037,0,3
0.15419886089127988,1133.372377439479,1,1
0.44009194424149156,1357.3968825084974,0,3
0.6712920373203665,2234.4096125912415,0,3
0.7397095074952303,2160.889459559869,1,2
0.29413135665594453,888.8615635889344,1,2
0.07860333916719145,660.3060190704233,1,2
0.3149104577440341,2080.558597852683,1,2
0.17491161479202902,742.1102745727579,1,2
1.0527889134500608,2759.091781888103,1,2
0.7504879801489046,2096.379608069782,1,2
0.6064760193518665,1772.8202775008538,0,3
1.0296609894491162,2917.5854590068975,0,3
0.08978641979969045,749.7419485868202,0,3
0.6531133958203621,2605.295391281683,0,3
0.5658291504032006,2212.4247552011234,0,3
0.5590750073605071,1832.0030948131882,1,2
0.678161034055731,2323.3828652310835,1,2
0.08454448492387913,622.4943577779784,1,2
0.1584312432183242,1066.352719311346,0,3
0.41745260986885047,1587.690871417043,1,2
1.3048513371637764,3828.1542576588054,0,3
0.856212068246947,2739.3327731240656,0,3
0.1903237983208506,911.7844081239244,1,2
0.6999918443690734,2458.9106301341562,1,2
0.5454589507703467,2764.507613322534,1,2
0.03526788203983581,251.28958126442518,1,2
0.33135486312334095,888.2623916153871,1,2
0.0993510351276846,798.0341423357391,0,3
0.22997592171644649,1372.905557857087,1,2
0.5763137381260642,1432.8631372077896,1,2
0.5682142966706095,1837.9014489622123,1,2
0.5540636930532155,2111.1097685467057,0,3
0.39145265918563227,1266.2130934852205,1,2
0.6422370521526192,1358.9411850322203,1,2
0.7240784873439758,2833.221951674345,1,2
0.14418985618865268,740.6579444234737,1,2
1.1289577668462443,2731.554987494175,1,2
0.7208756173325148,2704.6671736925664,1,2
0.26006515722055373,841.5795896779022,1,2
0.6716314376551468,4384.01983002892,0,3
0.37974382373310794,1086.7142227111497,0,3
1.0877632455464945,2820.9709876220763,1,2
0.5027183202099046,2016.7885121666927,1,2
0.1987525455967856,691.1126953044521,1,1
0.8788374723164128,2719.2312055276975,1,2
0.814807173178006,2434.7409771979064,0,3
0.3094395433442653,1430.5716591714215,0,3
0.4805901730719555,1538.6815342008001,0,3
0.1997303489047461,950.1274403722708,1,2
0.6008979726892292,3021.4599333897613,0,3
1.2001230687543112,2843.140646490557,1,2
0.5768711479961552,1722.0303340663402,0,3
0.047311295670536796,611.5545033242978,1,2
1.1065452302118348,3018.606378316111,1,2
0.2018566031060385,1577.6113877130492,0,3
0.07045531260185861,874.5721164081402,0,3
0.2258718832505865,1257.0394719588744,1,2
0.22512630933409183,1461.2705215399228,1,2
0.7665418419745729,2590.5540119747097,1,2
0.38987453616299145,1819.3155886835843,1,2
1.3213242034736319,3683.67979876798,1,2
1.2592850756101444,3795.7377268066384,0,3
0.06119451426217879,321.0999391461432,0,3
0.9056709138322517,2498.624544930314,1,2
0.2510206312044919,1010.7550850315798,0,3
0.6358295709874583,1862.721415471875,0,3
0.7925759409035672,1993.3892870535283,1,2
0.8891316368901531,2254.7744075631826,1,2
0.23878143877422112,1036.8823281860707,1,2
0.3485463589935125,1696.3277654066226,0,3
0.6994932936779306,3115.5117793857735,1,2
0.35021978948494525,2004.9929370127013,1,2
0.45137253442822356,2067.650792717079,0,3
0.3499982965437744,1107.0557331454897,1,2
0.4851363807861741,2239.945289272422,0,3
0.783493675008024,2774.6603825823395,0,3
0.09967893319633396,598.1289106505917,0,3
0.7663044805559793,3626.508543304089,1,2
0.8067946403877834,2783.503542303754,0,3
0.4602657313893141,1868.2577256397108,1,2
0.40672309815442126,1368.2257834990178,1,1
0.2786250488973314,1092.5393261793631,1,2
0.055847535711210775,526.8550563559616,0,3
0.11157895425850654,474.3167482584335,1,2
0.22232634015293343,1407.2427406034813,0,3
0.6351966849266838,1676.4715158322522,0,3
0.8470618475017453,2332.122005523533,1,2
0.4419835398282713,2033.2750544640926,0,3
0.5642424618091361,1951.5091190429555,0,3
0.6322871672379103,1511.873573224975,1,2
0.9396947936883328,3088.5586762768467,0,3
0.7700490670563999,3546.603558196164,0,3
1.7368051189289329,3873.6619594509293,1,2
0.48003192461651156,2491.242679382667,1,2
0.9105347107493302,2846.141136668376,1,2
0.2443418138110858,2012.6986275405848,1,2
0.13119790564228279,1766.050550600843,1,1
0.16929742771664322,1006.3615420548743,0,3
0.6761697532860688,2787.1949829139194,1,2
0.45580231886089806,2422.0200306669567,1,2
0.17684162105414866,1230.4027740797187,1,2
0.16123943471437852,1377.2240270104255,1,2
1.2669879307489171,2727.5505958635536,0,3
0.4291933322502363,1355.521903216969,0,3
0.4274887401719493,2160.8292947787745,1,2
1.794572259595294,3851.264551463443,1,2
0.5398141661454252,1281.900379194836,1,2
0.1568696400301552,1031.886430863701,0,3
1.5895432023045273,3560.798178816713,1,2
0.6236904568122751,1641.8760523511228,0,3
0.3135169158670812,1020.9298388315701,1,2
0.7516327298006368,3056.970259820478,1,2
0.16502322567704192,752.4234788188537,1,2
0.21372278193284971,1310.221627901023,1,2
0.4219872213150809,1702.6126506603978,1,2
0.4063324108649991,1192.7979451562517,0,3
0.6113574105181512,1987.5376522521287,0,3
0.7472539584972516,2995.368890618981,1,2
0.37176357144164274,1379.5886050655063,1,2
0.6182546109984042,2105.1489753248443,0,3
0.47170705335762486,1733.7687417398286,0,3
0.06022219791595261,885.8350061467097,1,2
0.6163411620847508,2790.330755794704,1,2
0.8391494118080913,2852.070488623479,1,2
0.6037872156661112,2671.6208075675645,0,3
0.24812577362786023,1300.7863767099245,0,3
0.7300672645043588,3582.3538600100314,1,1
1.8164371303055673,4640.778246536394,1,2
0.2432384007934801,1125.376564131725,1,1
0.31523749458816996,1390.3151470388027,1,2
0.5762068037908009,2605.26503148642,1,2
0.7995341017597172,3639.996264501348,1,2
0.1152624781856804,512.7225240593333,1,1
0.7016212766880283,3378.2756852474245,0,3
0.9121964097006686,2619.209768232466,1,2
0.08164501790650347,438.44349770744464,0,3
0.44864560866286757,1763.749313914187,1,2
0.19823960518412875,897.006445149108,1,2
0.019374807086876663,764.4758297261127,1,2
0.1974157648317842,1164.9006584959377,0,3
0.8354665208499614,2633.4705322764694,1,2
0.8308478362405405,2072.9930431440816,1,2
0.7372194878147059,1603.067131327917,0,3
0.24841031099233846,1269.6245394692555,1,2
0.10465088210615044,772.7958476888813,1,2
0.1218526874673536,419.337996098728,0,3
0.690511627787078,2002.6496452752683,1,2
0.0853540183398625,450.5888412244376,0,3
0.5983449045550623,2166.375885670465,1,2
0.2927598570275382,969.231085218144,0,3
0.6877166341006372,3323.0729739412695,0,3
0.4576462750275606,1754.345747395926,1,2
0.6064194307781616,1785.7805249721675,0,3
0.20076052474169875,866.6107708395492,1,1
1.2609081611292827,3743.7908432341483,1,2
0.566574542671612,2135.5596812812196,0,3
0.41719578805883384,1736.5737917877873,1,2
1.0531906169565333,2239.6662420115663,1,1
0.2597555262509262,1583.768620916436,1,2
0.6629606262356761,3481.687396499893,0,3
0.08176235638212152,590.0997895055971,1,2
0.6719460346844516,3116.478811684654,1,2
0.23370335583314122,1270.5524601383893,1,2
1.0252359625544116,2867.320519121452,0,3
0.49852536216660076,1455.8194004907627,1,2
0.41923000765056906,1762.3880348982927,0,3
0.9449340354897873,3609.95244954523,1,2
0.26888779337703556,1269.7936881350122,1,2
0.5363059591762309,1841.409133219213,1,2
0.09473947370724985,630.185492082632,1,2
1.0108351491116816,3002.541584546826,1,2
0.7590092273646387,2041.8569900343605,1,2
0.2130737164364521,1393.9616268337277,1,2
1.4365624670214119,3459.1539881151425,1,2
0.6899979386295292,3171.5715474297326,0,3
0.14711908351279837,775.548179266824,1,2
1.209726128065224,2890.837699771135,1,2
0.7533449229922891,2132.9800970707647,1,2
0.7215269253192985,2612.0723299392644,1,2
0.3654146309784763,1831.4664827197696,1,2
0.512067253727662,2443.4376820264897,1,2
1.1775909807632388,2762.3846971242992,1,2
0.6999401041056043,2086.681633255492,1,2
0.52005206721872,1211.1156578610003,1,2
0.024192780437803922,124.84072505595113,1,2
0.9656130685636206,2768.3790980438584,1,2
0.712158931167455,2752.64798966915,1,2
0.35410827092645153,1669.472937216767,1,2
0.540295493467789,2596.1114246195457,1,2
0.6430598117106817,2883.403093395956,1,2
0.46045984728742345,1764.542622588498,1,2
0.05669473839919146,185.80621079812383,1,2
0.44943794604345444,1865.6239793318696,1,2
0.19874642338825255,694.9061523391217,1,2
0.7692411457046405,3452.2468614835057,1,2
0.3166408778236307,1542.2311773902277,1,2
1.0499315884946254,3464.1598588665383,0,3
0.5391113875615119,2223.2889437785284,1,2
0.6157593410794312,2409.6500858704167,1,2
0.47546176059709006,1831.8303203441428,1,2
0.11054167428185742,319.9746106571861,1,2
0.4473074264849763,1397.542347869241,0,3
1.1474288298198396,3391.7643945054165,1,2
0.05562389149232944,494.0948606735357,1,2
0.07839525070598603,221.85744334755992,1,2
0.1814437340902788,711.5227751011178,0,3
0.9002384457651258,2707.723436201276,0,3
0.6644977696772589,2163.819861841399,1,2
0.21085817412058563,790.3550303780304,1,2
0.7092490779054865,1644.0797003803857,1,2
0.5898029880861553,1695.4652584498965,0,3
0.3939335420480053,1210.8141815671236,1,2
0.7122574740204314,2749.856676961104,0,3
0.9451098206094403,2782.1901663069743,1,2
0.3426724462193376,2091.742126053591,1,2
0.7646114035688443,2972.3981977225358,1,2
1.3258454961749138,4049.8525587653685,1,2
0.21831545695518295,992.9879326925717,1,2
0.5578082054318748,2075.3687723522376,1,2
0.4212271456683724,1641.8349141168817,1,1
0.7225010777764583,1806.4673872711267,1,2
0.39805629548387206,1728.1794936969175,0,3
0.4121752606158668,1518.658795021182,1,2
0.08684121023240308,396.5753238356202,0,3
0.4315491540669295,1635.4575205331153,1,2
0.6840109996496344,3790.041560306858,1,2
0.4878437866135556,1072.8612707576774,0,3
0.11974450268273679,728.3428312233226,1,1
0.2549186106110736,1310.4367055885375,1,1
0.3679801912343374,1457.1080609637954,1,2
0.24489956784813957,1633.5297831235255,0,3
0.342930376645167,1545.0211691839982,1,2
0.2682582152401044,747.1178363407776,1,2
0.05112991109025876,359.52158514659425,1,2
0.5837544305338295,1447.4898542318697,1,2
0.17679626527001893,731.0343499451394,1,2
0.0376858330689274,376.14599711372193,0,3
0.5516976001052344,3081.535547847665,0,3
0.6243454493291419,2047.751135142513,0,3
1.160406344858119,3510.4025994115364,1,2
0.18199835170321446,763.8565372166765,0,3
0.6722666949583257,1868.9292315584257,0,3
0.31203819653916187,1015.8650122742064,1,2
0.5231490035680674,3010.2390275773037,0,3
0.5909713692229948,2838.04071185106,1,2
0.2524987530807957,1455.376919823974,1,2
0.6354532245488691,3594.042278542236,1,2
0.7092202539995323,3357.966320251083,0,3
0.24984298495829127,671.9403190426409,1,2
0.59325490969931,3441.221639695668,0,3
0.8883275351214381,3032.0386120818125,0,3
0.5842720672805629,1981.2804705957565,0,3
0.2829956078380256,884.9541161174212,0,3
0.7928239338993474,2388.620512809022,1,2
0.08272699815379876,443.2370905231883,1,2
0.7911808477865149,2099.6496360688666,0,3
0.7662085993777671,2676.396057556603,1,2
1.2307489510119087,2917.8912545781723,0,3
0.7707153768032285,1790.6739289688715,1,2
0.36086071500253736,1646.358888098488,1,1
0.09694085347410486,676.3026637661663,1,2
0.31875803522754215,2057.300482392227,0,3
0.8628907166036989,3705.2334922951595,0,3
0.5276382669989209,1474.243834218618,0,3
0.46613821244636183,2099.409262114229,1,2
0.22703627114855993,700.3062792953908,0,3
0.24761027129211474,669.4698925231779,1,2
0.26722369729363543,1110.0946149311048,0,3
0.31866247732729935,862.4865450899723,0,3
0.4265385222687101,1974.757758768518,0,3
1.3146253104387429,4051.849657973854,1,2
0.25949055278592514,1292.5791201813813,1,2
0.8089184002473692,1773.09040740008,0,3
0.06630186629339295,293.9860099381537,1,2
0.08629628905369076,272.24185145476207,0,3
0.06577550353411146,429.23895823130306,0,3
0.41705148784075136,889.5246763561316,0,3
0.5559163822923976,2066.4099826161887,0,3
0.5702478735620933,1930.7120715210394,1,2
0.012752849581096496,215.28653022238262,0,3
0.04970069994036027,247.96106485429786,1,2
0.7007223312782431,1878.2222548701293,1,2
0.4918161746235104,1643.5209243526442,0,3
0.8154456985951023,1948.9658639932009,1,2
0.8899133935064109,3024.9715824100826,1,2
0.03891702220248541,224.20780712094972,1,2
1.3078795000394743,2860.013738565831,0,3
0.5096707852216967,2217.8152957274147,0,3
0.0449702269252348,418.26439495943384,1,2
0.6798833875743551,2633.9357844769315,1,2
0.7844216870555009,2415.8443576220134,1,2
0.03432977865972089,217.90084973861258,1,2
0.5898986750801166,2594.076643944014,1,2
0.5179678800049862,1580.8256957389717,1,2
0.586080337263703,2029.0801405829409,1,2
0.5301997752339911,3146.1506825405277,0,3
1.1404195492573317,3063.6655298154756,1,2
0.5790974864830353,1979.6435559873144,1,2
0.4461527467892567,1404.6822376427292,1,2
0.05268685541297531,383.79490160475996,1,2
0.5236639033366756,2147.2605885723633,1,2
0.40460904775466683,1786.329920882195,0,3
0.9084288990469582,2397.249581559863,1,1
0.9421600191688111,3152.4599221653707,1,2
0.4778716943360547,1019.2504328524965,1,1
0.257121264945758,1128.318094737495,1,2
0.10335041935335036,485.6305325908008,1,2
0.20324149374430123,660.4143986505653,1,2
0.7521411849554919,2913.349167733232,0,3
1.6895994235057907,3614.7093681678616,0,3
0.23027782011989148,1068.8540327024352,0,3
0.5158590749735036,1957.3156590481865,1,2
0.3009320544849759,1327.099879498274,1,2
1.5780749885744219,3633.028610196015,1,2
0.4509193153092971,1597.8860211446179,1,2
0.12000954203770717,865.8225412996142,1,2
0.6752756923198124,2265.620804561292,1,2
0.2541394236740009,1591.7378226561261,1,2
0.8643802498032908,2710.5218190104843,1,1
0.5822879488621793,2053.3671937691824,1,1
1.1620622792506756,3495.371760537842,1,2
0.6418838789964908,2610.132507573324,1,2
0.04343790135483649,713.9793398144433,1,2
0.5033128622744172,2482.9535852773834,1,2
0.3727966721757293,1832.8623676472093,1,2
0.08643088806729042,351.50134801054764,1,2
0.11586644001296412,1384.7700588204623,1,2
0.07376724354153266,482.7992451431289,1,2
0.1823617229547668,2096.175037124241,1,2
0.6167471310680832,4145.554927004927,1,2
1.0980020624067472,4065.1688547494045,0,3
0.34960878983272986,1400.3325998911303,1,2
0.0959910116663179,1354.239021110852,0,3
0.1120612934603256,1545.7330858412738,1,2
0.26100237203902904,2348.922953839891,1,2
0.9355018425717566,3482.707246285493,1,2
1.2758084213874394,3394.0774730841804,1,2
0.8795587875518424,3497.8624606955836,1,2
0.06578292996537287,1944.495507182556,1,2
