energy,time_ms,violated,priority
0.013582284872222294,294.8106287543733,0,3
0.13021451883199398,1276.3166317928408,1,2
0.6422921689638152,1640.4969918139172,1,2
0.014957224434512518,298.5924369046335,1,2
0.5789111209773826,2975.6728184150584,1,1
0.02177263385420858,1462.6979945148837,1,2
1.248945557839995,3078.9806582525703,1,2
0.9634781163031868,2022.6917086585229,0,3
1.0608797635127356,2660.7852302551933,1,2
0.7970562672069151,2671.145228370319,1,2
0.006014280757504466,230.30565429677435,1,2
0.20293630874599025,1111.311495405945,0,3
0.1495857412074824,1322.1767342900225,1,2
0.12464707966102244,799.1295073952374,1,2
0.41671497660364876,1663.386752456008,0,3
0.07867557798130848,861.9949329082699,1,1
0.32941976467875267,1278.4272698185005,0,3
0.39968773526319074,937.060343103983,0,3
0.11547584299591905,1164.4942835930947,1,2
0.04833217518752117,715.3818347392897,1,2
0.029078394695841774,318.5922433372818,1,2
0.1441106004966049,1263.0957706429972,1,2
0.5208803962657195,1742.420350919229,1,2
0.7667838739240038,1902.3218733670183,1,2
0.17451952398436765,1355.4949423010496,1,2
0.006088204486328563,64.03607294474612,0,2
0.04926286522717878,370.1446333244873,0,3
0.028698576098699836,533.7087242443787,1,2
0.4531443919070085,1019.7544015157894,0,3
0.28104660029489276,4236.779602613618,1,2
0.03683421733467255,680.192133799085,1,2
0.3255073494799049,1818.3204237588752,1,2
0.04507708865676799,540.3573598540395,1,2
1.0147316688301153,2498.6387988371675,1,2
0.3506014147814858,2163.9666004609694,1,2
0.03100904984279162,613.8896157495509,0,3
0.23351161446848803,1805.220897699854,0,3
0.030248374879510705,524.4888395851426,0,3
0.11102771153653264,991.8979440204864,1,2
0.4779101927098779,3547.921460160139,1,2
0.04817042336502467,953.6352400337203,1,2
0.13555926927528472,776.3575102291006,0,3
0.7236061810897523,2429.458335177146,0,3
0.663735436483014,1625.906859671577,1,2
0.22113957676655313,3664.8345067730556,1,2
0.036937682130795256,1227.0739397341956,1,2
0.8967632640901961,2004.167774520114,0,3
0.7019428486960083,1772.972304516855,0,3
0.1471226989671071,1445.9603620605458,1,2
1.2740800170179805,3376.643596980347,1,2
0.029860562666626945,1754.3877543145134,1,2
0.06904000950327088,165.89109975753823,1,2
0.3392024347833529,1580.2646913523524,1,2
0.21165197891971033,2554.5464831631616,1,2
0.9764783560446927,5921.616918180859,1,2
0.018387167704935748,557.3577105102402,0,3
0.21543256612910142,1221.5006266216901,0,3
0.22293999318833638,2621.289976701086,1,2
1.3299553091397358,2927.800987957879,1,1
0.315577989440574,2431.9221532978845,1,1
0.0064597233941017665,433.9679120561311,0,3
0.7854987899024025,1768.5406264599414,1,2
1.073263304848092,3367.9551546793887,0,3
0.6548627298764451,2423.853980627994,1,2
0.11905854223960562,359.80899149453296,1,1
0.08899679380935796,936.0732204416003,1,2
0.12851961205866258,1067.3145017261006,1,2
0.1997773204834583,1321.4335168287,0,3
0.28163833698617236,2259.7965662379042,1,2
0.4883769487490498,2959.8125571554947,1,2
0.024511834001185614,485.2635096074244,0,3
0.07030381506764276,314.1034921529591,1,2
0.09078890991458718,1522.3016417360604,0,3
1.048883865975977,4382.118363202994,0,3
0.24758255812776997,2655.4729959015185,1,2
0.021218756013284275,1622.1258002473996,1,1
0.09553835604854088,849.3810226947132,0,3
0.12753301979180517,907.355468023902,0,3
1.2919646025570692,5362.641565691501,1,3
0.4824369499320664,1209.3466371264487,1,2
0.03757799265950742,743.9357088120204,0,3
1.0558175697861325,3142.6046640728673,1,2
0.42900234728235387,2491.592451662216,0,3
0.31543536567080477,1904.3944366283094,0,3
0.1511847043778408,413.618201568224,1,2
0.05532794876882266,1021.7031405840919,0,3
0.4316731171243508,1386.9739760456662,0,3
0.44300533583082435,1879.462334087513,0,3
1.1522460527872656,3054.8231874867183,1,2
0.16154515462638813,1025.4270760068125,1,2
0.032468783373031426,664.717520308798,0,3
0.22156783079560216,676.381726660045,0,3
0.7436399699308509,2176.801056880251,1,2
0.8309867610795907,2073.15965194364,1,2
0.16693329565818135,3005.6994720996354,1,2
0.045479275317691206,1406.2136119570446,1,2
0.252884474962239,582.9419999369971,1,2
0.6773901119431043,2032.9056755085762,1,2
0.03424349914058649,700.2678843495739,1,2
0.9346632575099573,3633.973807201215,0,3
0.027066255158555652,499.81390083504334,0,3
0.7003683894879847,2210.2521271756364,1,2
0.13881029600303296,517.4829072386461,0,3
0.5759586609195432,1839.2741413390468,0,3
0.5892804897129856,2915.124932210302,1,2
0.011878743499157934,219.35657853488834,1,2
0.1261560603504878,687.1712940341222,1,2
0.20577531975760008,661.1867633776606,1,1
0.15845693131269153,1451.1308931938975,1,2
0.21845186491661056,974.412613399979,1,2
0.054324017605961325,1063.2892292001761,1,2
0.2026109935082123,1176.7744442198082,1,2
0.3090072449951137,3662.25307334383,0,3
0.036009622991902177,437.6545082203074,0,3
0.09760779753698239,1126.9250806236096,1,2
0.006229800484672815,309.6327332450544,0,3
0.16891757685891623,1424.264212595537,0,3
0.7376818771552465,1546.7783718487592,1,2
0.323235247955729,1389.912350250687,0,3
0.9844824260403165,2713.4262110411382,0,3
0.028660862263964852,952.1170562324429,1,2
0.3261190479880932,2580.0031421750405,1,2
0.44108719433962973,1099.0526373103796,1,2
0.8634616107421876,2188.466456649012,1,1
0.5327177667086755,1894.4015397226315,0,3
0.06147016041875635,673.486845163247,1,2
0.5183667569212216,1285.9613305310324,0,3
0.4212979362007426,1008.7269162588466,1,2
0.274965908083755,807.4744765792121,1,2
0.5388159015300988,2495.41952701905,1,2
0.013637999327931607,522.2417251803737,1,2
0.715470828390412,2498.3954769518473,1,2
0.9958887558054993,2285.5460353908843,0,3
0.34690433900686557,796.6774564358013,0,3
0.04494081538590059,697.0794029900837,1,2
0.0050233043535261234,249.66761948970546,1,1
0.4414754994909674,1424.4079967428381,1,2
1.0168955079509785,2639.593271063205,1,2
0.3827130915162351,1914.764519430897,1,2
0.5040731736348149,1903.2821755038535,0,3
0.0374052780647177,765.7799615088818,1,2
1.220237887764258,3723.8835606854977,0,3
0.4160690660071829,1568.9023682050524,1,2
0.6189467627089019,1408.036038086263,1,2
0.7173935338972477,2194.305458241826,1,2
0.004848014437966622,222.02447417282212,1,2
0.6216432790493217,3497.6778765327945,1,2
0.06938052009164505,435.1627488841094,1,2
0.7648496945833541,1612.6903626942863,1,2
0.043150525501632724,215.88917959349624,1,2
0.07899525712532178,857.0539951875926,1,2
0.11595440634698623,976.3865578766384,0,3
0.4798887028163752,2134.7360047588413,1,2
0.765811252828576,2456.6608741552727,1,2
0.9344869386592062,4234.762641385865,0,3
0.04529177680453525,983.081810075677,1,2
0.10251503269116564,558.0889310296861,1,1
0.15494336399075842,1487.0391107936832,1,2
1.009378261844639,2555.778823419833,0,3
0.5413117711489807,1606.7570805568553,1,2
0.019065591332877236,1081.09071048904,1,2
0.46560144767113254,1755.9272344735548,0,3
1.0997403909761188,3373.0535486128456,1,1
0.25821008679276297,1245.701429146147,1,2
0.18324605655748474,4439.401367093784,0,3
0.013773223152445833,298.9550444381514,1,2
0.10661191725590921,446.14457575995516,1,2
1.1298236107779633,2827.3207847564136,1,1
0.2589008787446432,1383.8362318674822,0,3
0.15865999628220773,1451.9155964659085,1,2
0.009117598430029083,453.1616910471556,1,2
0.2737542166808669,3513.112269665238,0,3
0.9135342289472647,2097.6417307415663,1,2
0.6193723040844891,1574.525471731984,0,3
1.1078616541878834,5503.915837172438,1,3
0.01058497789846044,446.6217470996087,0,3
1.2559683945717206,4435.825348020593,1,2
0.4465856459142545,1362.7718260640306,0,3
0.05537271473071715,200.6586408704721,1,2
0.4316698462546494,1196.4735420511308,1,2
0.05274074078694628,572.2072975709857,1,2
0.48871721264296736,2931.2879255716366,1,2
0.17710398994422766,1927.9936172869232,0,3
0.7244263317891072,2285.5070170245494,1,2
0.2102716742817788,1856.0777689105782,0,3
0.02273245866977237,1335.5926196354715,1,2
0.5594568662998495,2800.9569720298236,0,3
0.2833114385411741,2207.975581168492,1,2
0.6621711111970009,1892.3860297425094,1,2
0.025260588179006168,410.85005397625315,0,3
0.019894306995471296,393.8498128439913,0,3
0.05379091356149489,1418.2960599022315,1,2
0.01379701889512128,141.86110863283898,0,3
0.06555004288865242,739.6805846391952,1,2
0.4625131476155996,2125.710604702516,0,3
0.027399158790516076,1609.7737071218462,0,3
0.40530249912221933,2350.8437018597133,1,1
0.34460353617469447,1430.747918932592,0,3
1.0811315473139653,2456.162162604171,1,2
1.2691509983838907,2999.058890408347,0,3
0.041035694832068946,1268.818648623536,1,1
0.2982715738662448,1428.4775575267158,0,3
0.2713581353577518,1803.527185908063,1,2
0.155346411797486,502.99926983412456,0,3
0.050311880810966894,203.34042154874734,0,3
0.011070519355063126,120.10889244915252,1,2
0.933826485034575,2478.2972724640117,0,3
0.22279276131074532,2369.6700760033273,1,2
0.03996330599484761,235.6143539177154,0,3
0.15104855396501793,610.393211818611,1,2
0.002660846916850911,150.88002431272116,1,2
0.6763126206652031,2644.304604617005,1,1
1.1002018782841378,2466.404055037328,1,2
0.8753085422593088,1812.2535991351613,1,2
0.18189996321788732,1414.6771806074275,0,3
0.025211358866383468,265.1744728727854,1,2
0.9124006218526463,2468.6733591988686,1,2
0.6537355297793973,1823.09719301963,1,2
0.8848601713881624,2083.0994000317455,1,2
0.18495450084722106,1575.9505876343817,1,1
0.055039705915507976,603.0327177157924,1,1
1.1823661237245475,3281.46325096918,1,2
0.33401034467737684,1918.6107433289644,1,2
0.6256473379543458,2076.8553327249997,1,2
0.18808439723738524,4037.8758538406964,1,1
0.0008240277899789918,16.869917881657745,0,3
0.13889903457421698,729.5378498794012,0,3
1.0880005108549242,2569.0449748527094,0,3
0.08305192241621015,802.6045649507869,1,2
0.3694285284175847,1279.9433463694759,1,2
0.037092992778364864,1565.0988975835317,1,2
0.1266228339788178,613.8544007320836,1,2
0.9481027916574764,2887.55024080204,0,3
0.8645045123247103,2044.5614233365145,1,2
0.2327305565814665,3626.7189881335526,1,2
0.013026980639393552,738.6787804836259,1,2
0.12207324498615173,2348.91035136964,1,2
0.3957971158831594,1803.5694895288943,0,3
0.2527411813342842,2283.1727527667686,1,2
1.2226566679819413,2701.5434726846984,0,3
0.01029469007174269,203.80512671116045,1,2
0.5841923552808979,2456.2493908248025,1,2
0.34386583911675106,1173.056073264797,1,2
0.23524337038195578,687.651694187295,1,2
0.3530275283987923,5852.158727178355,1,3
0.009961795331131985,669.2391076882938,1,2
0.6419083575173992,1621.726317167646,1,2
1.259620246487032,3032.1304142543117,0,3
0.17941438712246838,577.91380509275,1,2
0.22203814751146195,1361.8893091024165,1,1
0.03755589442113318,693.5188477317711,1,2
0.5798743861094677,1834.8186571084573,1,1
0.30891764532493626,1184.3678755005494,1,2
1.0614076583782928,2767.3214475032473,1,2
0.041758029773564624,763.0375556753249,0,3
0.016034241185169974,734.3200011984128,1,2
0.6030857136997047,2311.7855228137773,1,2
0.15561563493632516,1050.3603523116926,1,2
0.006367181516734509,70.8560450400629,0,3
0.19208012856779347,1448.0427212019133,1,2
0.056536865846816255,1119.2666343001165,1,2
0.39545696231939337,1205.9792864408635,1,2
0.1079045398217413,965.5708087047456,0,3
0.6224769630268675,1389.3787775474916,1,2
0.22779641819953697,1206.2271606270551,0,3
0.080805372639946,849.9153976050804,0,3
0.23744202944943515,2658.9303563178273,1,2
0.6677603723462837,1694.6599826176898,1,2
0.20590258426208385,1037.2315986322908,1,2
0.16204981372878519,1240.949479940365,1,2
0.06539963077307807,716.5393860069039,1,2
0.6538745961421397,2409.856503265655,1,2
0.34927413072409835,1327.1989458563626,1,2
1.126492327195807,2931.2195914270224,1,2
0.5363923368276728,1331.5409183792779,1,2
0.08995736424040479,975.9866759655205,1,1
0.05282353763820735,637.6966904190408,1,2
0.6972971027253764,2108.546407399484,1,2
0.12052799881033266,491.3355594132652,1,2
0.20394958611673591,1502.915555525155,1,2
0.016545751186714308,501.54010384229554,0,3
0.2440968703934409,1063.293650601159,1,2
0.9649587143436958,2457.714037159013,0,3
0.37894600020873326,861.7296397508743,0,3
0.13622047257851813,1756.419705781923,1,2
0.021893697875873013,1241.4549844590624,1,2
0.30153008125547387,3229.3218533835166,1,2
0.23170409780487375,2304.581428721017,0,3
0.8133036797010261,1771.421615672788,1,2
0.4926605453328591,2002.3661817525146,1,2
0.017817585595923613,815.9918093444066,1,2
0.6066631340812492,1381.6186967612632,1,2
0.6787416935085353,3023.7786872505912,1,2
0.030189819227538318,168.04781317846724,0,3
0.07910553582073174,267.8410789844136,0,3
0.015688318288002823,521.1676916081901,1,2
0.538507880596522,1826.4783595580861,1,2
0.4280694522630445,1372.1511028544908,1,2
0.7260797547316585,2231.079917705115,1,2
0.10976211824864554,394.1258567452246,1,2
0.0679885000366882,737.636887374307,1,2
0.5072863118914844,1385.82233234418,1,2
0.4349368595177719,989.8654259029814,1,2
0.07853918099755142,765.0615293801668,1,1
0.29448957259646236,6462.441980786125,1,2
0.02660217043556701,1218.299363252273,1,2
0.39444684172925165,1196.4949931595806,1,2
0.15538797936026622,1756.4442540131984,0,3
0.8912270111677923,2246.361064014003,0,3
0.274979148350173,2148.103118674575,1,2
0.024890790927009965,487.18984834543727,0,3
0.6884832926875857,1868.7008916810482,1,2
0.2682560951546629,1746.0542516163375,1,2
0.5074857350900406,1619.9953795111949,0,3
0.24838152824963508,3143.7200414166027,1,2
0.028749630084746812,624.0258249238949,1,2
0.7013497186198769,2071.9993056186854,1,2
0.42721731633100557,1064.0430206905119,0,3
0.32373449954294425,813.0660857159286,0,3
0.8484737664489439,3671.5462919415945,1,2
0.019773861752024374,757.2031224334729,1,2
0.3473862089439255,1088.930861828137,0,3
0.022814997495012933,182.98151284217707,0,3
0.09853822109480415,460.7175519647759,1,2
0.20659386945596328,5175.902102503124,1,2
0.04704174605024877,1021.0658119194853,1,2
0.5228692042195225,1555.202035872791,0,3
0.16159591903730758,750.8504505128197,0,3
0.6185711639553713,1753.2389931323892,1,2
0.5674782437440224,1772.6548536276541,1,2
0.046855068391317006,959.2408966220996,0,3
0.25753428472624645,2208.4236413169815,1,2
0.3375419785759951,1242.2832593246405,1,2
0.695225832072722,2091.855946553588,1,2
0.25167139724210097,4131.25784870532,1,2
0.02334871445893167,1160.4747685682948,1,2
0.015717594808944305,130.79111168636186,1,2
0.4599961090087815,2178.2701374600983,0,3
0.22965202540542048,1725.3298428723072,1,2
0.8391750174245891,6752.005345445645,1,1
0.04737256034688904,498.26722094581464,1,2
0.4088067224370956,1255.930784885213,1,2
0.639009890724383,1751.9564011578996,1,2
0.1184328056775858,1090.8852693310625,0,3
0.6159614601590037,3729.990583457813,1,2
0.010734066311788368,533.5031674176075,0,3
0.0905985969765153,1173.333393406296,0,3
0.5471863161449649,2572.0994392738494,1,2
1.0615635812368878,2636.424651972192,1,2
0.5253959101338238,3734.995492358407,1,2
0.02610219613320467,566.5618801471194,0,3
0.5558167822704982,1426.1602626307645,1,2
0.277641728157278,3141.11663095125,0,3
0.6384168385752885,1894.720971825886,0,3
0.3147540336540709,1034.9098711337138,1,1
0.024423347702098645,451.0091482891322,1,2
0.5221254855730071,1735.8151935050016,0,3
0.6473909755952181,2116.6680571406077,0,3
0.20232991755005386,1999.191605771884,1,2
0.6567974888004231,2562.7267505796135,1,2
0.013066155808435835,164.4511662159689,1,2
0.10771213004187911,941.0039735644652,1,2
0.44971741981388563,1504.3466451363108,1,2
0.11857008564551139,1032.6140675988163,1,2
0.6828084773523994,1920.7459363480962,1,2
0.017434778792180743,735.6417216129977,1,2
1.308397935935177,3117.0621472073917,1,2
0.11905164390497049,1515.5960297933639,1,2
0.5602544113921348,1614.6481827080775,1,2
0.6095987581913687,1766.6706386230685,1,2
0.011762821903397632,899.2410714968757,1,2
0.17990595242559834,786.36315537912,0,3
0.1564035074028138,1149.5390467558066,1,2
0.8033004335584418,2580.262260988149,1,2
0.9304113940393869,2480.580054676292,0,3
0.09235059756652782,1011.8228451058891,1,2
0.3765009078091652,1647.834306728734,0,3
0.2747067016689873,2956.4924424249048,1,2
0.7507685238193509,1538.0976026268695,0,3
0.21716086252272668,3294.390064838507,1,2
0.011640038869115578,491.138908923739,1,2
1.1155421194106647,3353.325592932618,0,3
0.3712217173803429,1092.211345306231,0,3
0.16538753921866245,1394.649970605106,1,2
0.9157149857539159,2868.272821563164,1,2
0.0852650941036066,925.078190904672,1,2
1.1387293572391548,2861.5404528179424,1,2
0.22293715183097165,615.7811248822468,0,3
0.07884956364650403,736.7390052908356,1,2
0.2448607607716495,971.0702531999009,1,2
0.01570672883475232,890.6305783518817,1,2
0.3400059990974963,791.1500276890315,1,2
0.2389413592561357,1314.466592004188,1,2
0.22900222152418728,2095.971459573196,0,3
0.6796125779934362,3367.2801099270746,1,2
0.01071524429659566,209.73050873116037,1,2
0.5349687339731372,2098.8825432833632,1,2
0.6874632752278362,2160.119154121981,1,2
0.026321245388530843,146.34922239374066,1,2
0.5778459523536535,2566.1126159633327,1,2
0.00483977860570794,240.54604664678777,0,3
0.1596843108946372,1026.2551073923646,1,2
0.9211611557610369,2195.099151878218,0,3
0.07632517277780355,446.2554248197277,0,3
0.20231748734031138,1573.9181066632245,0,3
0.04160964435334732,1261.2848527890255,1,2
0.07652143744355236,846.4160282136478,1,2
0.4117746158203851,2201.209233470521,1,2
0.05990953530032172,397.2516813797443,0,3
0.4049919389860042,3773.959708779393,1,2
0.026571445207774286,279.47993655489915,0,3
0.5623741549356605,1708.1320642759192,0,3
0.09853379222232288,1080.732849678048,1,2
0.15255672596333783,875.8595222658457,1,2
0.07515081023828167,387.381322161963,1,2
0.020832396266745202,631.4782610351873,1,2
0.3280383745847824,1053.5860473459195,1,2
1.3683228128788725,3021.4657198560344,1,2
0.08739611089778584,771.5188055747622,0,3
0.4066172297675165,2110.5044787763377,0,3
0.03388749777272196,371.2823231621691,1,2
0.610648528354969,1675.3170587032603,0,3
1.045549981510572,2419.6082934283368,1,2
0.13228654198142428,1158.2428618783517,1,2
0.3393842931830404,7102.3418370348,1,2
0.02252401665718884,445.91046810266687,1,2
0.05802496752347504,388.325735242796,1,2
0.12494764463166451,708.8301996134322,1,2
1.1146646377228966,2443.891145915768,1,2
0.6143741797241187,2239.2700347879622,1,2
0.003265683417257376,66.85673923452013,0,2
0.007809582304775715,143.0932133059361,0,3
0.33481043514800307,2584.1140614192054,1,2
0.4879603260342011,1190.7744650192521,1,2
1.2201840123748557,5425.493473038013,1,2
0.025401141872268298,1706.463238381841,1,2
0.5177750801548773,1328.3052568653636,1,2
0.027071086004619698,448.87184593158014,1,2
1.048526918541431,3136.3090955565267,0,3
0.02267356088413344,471.0400251778359,1,2
0.0023298231778255897,70.62234560127435,0,2
0.5807643399432765,1482.1698956029509,0,3
0.10847508976612842,300.55878720938125,1,2
0.3660194105044112,1984.4941081441182,1,2
0.042316122218795084,198.3927437371402,1,2
0.01636294131656511,626.5882917801998,0,3
0.12072765034657963,407.2623882643159,1,2
0.8643359217127117,2133.3311953084262,0,3
0.6081286722724558,1432.8128409169617,1,2
0.2727722722306349,2709.3401638952528,1,2
0.007443711251274816,285.043026629911,1,2
0.6611535058355293,1587.3110995243685,1,2
0.6093012100903622,1524.6385559057467,1,2
0.6932423594058033,1790.3065852844445,1,2
0.5133497449157003,1467.1655887643956,0,3
0.01949071823768996,1490.0212292801502,1,2
0.6421374249619433,3088.2096467415713,1,2
0.09472504507812221,441.56789753156596,1,2
0.17050114147526374,1619.4779349447083,1,2
0.17752432013988315,693.1723238662483,1,2
0.051983870961579186,1029.130487117987,1,2
0.07057835136621977,321.0157468117154,1,2
0.19917748879405847,1970.8902026233832,1,2
0.5260765580076519,1689.8354473091817,0,3
0.3462584454023072,1043.975024320489,1,2
0.02850087133283747,618.6263855255554,1,2
0.07247113415627214,838.5205890534712,0,3
0.2072686749530326,671.4979263360073,1,2
0.16090040301052372,1578.334061569669,1,2
1.3812127411158703,7255.154086017672,1,3
0.0039860628921938425,50.168749006364976,0,2
0.7901253546903522,1785.4178153626099,0,3
0.38880954238533266,846.7362795589737,1,2
0.07395677502319856,210.48378753087889,0,3
1.5100267226039268,5897.740460320006,1,1
0.011854822630071407,124.68968287628428,1,2
0.21780254622807188,646.362003823769,0,3
0.014763835988275152,233.6470458066464,1,2
0.8958385841358127,1948.195159299771,1,2
0.27858258273688424,4802.59130463824,0,3
0.060190265250474315,633.0845530563513,1,2
0.14344542228851417,1415.5509639183022,1,2
0.12952797410792424,755.7400862150603,1,2
0.630031953741218,2649.9424354948137,0,3
0.28533738750801435,1458.8713867708823,1,2
0.07535901523416845,817.6028211084025,0,3
0.3417658271641081,900.6605031236321,1,1
0.48615448576067083,1414.920333513442,1,1
0.03740346733247481,163.30829590847074,1,1
0.6993970526787393,3530.3771488825923,1,2
0.03758428174520494,744.0602145425036,0,3
0.5920283904203862,1547.6003663306258,1,2
0.3907181367620098,1299.5872314058895,1,2
0.18022686213955755,1688.5869706624173,0,3
1.0315819964706734,2232.3676874360967,1,2
0.035890593276993434,393.22888166376106,0,3
0.5853763090706063,1726.3161998867492,1,2
1.0749344225128388,3378.9628956193396,1,2
0.6336376662474191,1734.8904167781184,1,2
0.16579809295682987,4863.613925874646,1,2
0.06364103010833087,697.2715915919541,0,3
0.09862238932385689,860.3146347344981,0,3
0.24166067051041076,2202.697064842785,1,2
0.14392377891436864,397.5537019667411,0,3
0.2616153877584107,1065.1616911688513,0,3
0.018394536174627052,231.51437731717763,1,1
0.7926720751348536,2497.966582737857,1,2
1.252775352849396,3110.3316396251084,1,2
0.06965653098306808,346.5727569540016,0,3
0.8070952244161888,3575.1195572054135,0,3
0.03975305986810692,786.9957567556368,0,3
0.642442326367615,1870.887034117938,1,2
0.24781725918380582,2130.9504036571543,1,2
0.2192512905082399,1883.469835099925,1,2
0.12662438899691372,452.95295351993855,1,2
0.0037319477590982957,39.252833814015766,0,3
0.618490726439647,2632.036247927185,0,3
0.24857918378608704,670.3801865596442,1,2
0.5241380520784663,1292.9629851479563,1,2
0.17773358210299509,533.5315994184834,0,3
0.034769102597897804,1053.9321624427248,0,3
0.12694473921540497,693.2027372854241,0,3
0.5746749715324184,1778.221080744773,0,3
0.9793579371048519,3052.233305524692,0,3
0.1906389907271886,1190.1423170346627,0,3
0.024558240104593617,815.8274883457942,1,1
0.3549095184314495,2061.230934225605,1,2
0.2093316660306491,693.9276796893572,0,3
0.49715831321592846,1062.164972557748,1,2
0.6553337768065347,3504.463532999201,1,2
0.05318299366737783,559.381681339996,0,3
0.2194018480915158,1256.408205694663,1,2
0.11161346866046422,960.8104035462819,1,2
0.6878949486418722,2123.510938915699,1,2
0.3891089724447329,2081.8307033458827,1,2
0.05140088326103307,949.1847253550601,1,2
0.6382107633759164,2092.824463899461,1,2
0.46859426391134534,1941.7808988982338,1,2
0.39901421388144204,1094.3977704920815,1,2
0.36555008174188086,1512.139915980943,1,2
0.023969068066319807,1610.2557010675966,1,2
1.1920383210178989,3684.4254546161405,1,2
0.33564221281477885,1880.3061673702805,1,1
0.2058316597862695,1566.1661822476392,1,2
0.8635162799282349,2026.8381510466668,1,2
0.01602751186346538,908.8201821448785,0,3
0.18826753788156533,678.7116005303633,0,3
0.1790371897208365,1019.8613360821098,1,2
0.3355699527180777,1128.200187527299,0,3
0.4624785014013734,2497.536128498989,1,2
0.028998170450123054,314.61379761041593,1,2
0.10826807277047173,1094.1463673793573,0,3
0.39942305014647933,1022.2233592760721,0,3
0.19114554431067934,752.5119029290962,1,2
0.3224187850252612,4376.551091872639,1,2
0.0338106237572592,669.3526867744847,1,2
0.25462437005385613,620.2592562851612,1,2
0.4342958131334483,979.7732260015214,1,2
0.8857958974583683,2025.4246059638551,1,2
0.6364624331826277,4265.368215672198,1,2
0.06001265125699007,1108.2123163509673,1,2
0.41413406212050735,1562.7489368267163,0,3
0.12217808393567003,785.7772008918406,0,3
1.2468613210332562,3055.320750664549,1,2
0.5386319909059007,1435.532482169288,1,2
0.022393549236261127,743.9162151179362,0,3
0.14696321974875257,1717.9652318220697,1,2
0.01758493302484584,187.3368760294423,1,2
0.6601409891823926,3190.537889883479,1,2
0.5338018274201424,1352.183260531701,1,2
0.009510296185893672,364.179038851053,1,2
0.22378095755588162,2210.625108209028,1,2
0.2520156034126688,682.0368019500146,1,2
0.09926602114662844,738.4768767718956,1,2
1.0552909875314767,4330.495021893748,1,2
0.03324232118493381,1402.62395516394,0,3
0.10491262733361101,424.08250540929157,1,2
0.8382704801437076,2535.895707522544,0,3
0.10468188956351723,603.2308121237497,1,2
0.5831783628961522,5574.689859243891,1,3
0.036447172012924155,721.5487264397103,1,2
0.1731037933601356,1370.6133844749686,1,2
0.1561973983174781,495.564199329692,1,2
0.4076699754237985,937.959914009105,1,2
1.006481372826852,3797.8605185890915,1,2
0.012859179897410434,983.0551550031021,1,2
0.5061426610403127,2531.4409469465354,1,2
0.1957707753773005,1704.553537832513,0,3
0.528900185215059,1528.1585357913877,1,2
0.25791911542429363,619.3264579412075,1,2
0.07447086931462502,937.2933774446684,1,2
0.08214715891505299,926.3785115553774,1,2
0.45744525712269735,1390.2946041991895,0,3
0.09309990162514528,766.7414412466911,1,2
0.16547924411548834,2537.627307746071,1,2
0.0007562298382838415,44.43052137176232,0,2
0.3744004464174575,1391.4935190265153,1,2
0.9727401494439045,2411.3429163462033,1,2
0.23068911066215453,569.6096199944809,1,2
0.06098428699219104,998.8416489653351,0,3
0.023023286917434806,471.3444915163266,0,3
0.5451605284412503,1555.6145531081008,1,2
0.745145877179843,1631.0243131150726,0,3
0.47779523049087824,1172.2720153986695,1,2
0.3172342489533997,736.7587163417587,1,2
0.00909318613661856,197.37238230068496,1,2
0.6428674581948058,3341.835771975364,1,2
0.08411586744292021,798.2556858348814,0,3
0.25507679335573785,2510.130082422042,1,2
0.1234328033499158,654.8865236834541,0,3
0.017827021938828017,364.96390029540987,0,3
0.3812788694717755,1255.3269695230642,1,2
0.17343225408207774,567.2960545293816,1,2
0.33034727671856795,737.5511884388884,0,3
0.09620935279605611,779.7792499778442,0,3
0.009087140303424538,167.805964138126,1,2
0.26555805914363195,961.8113368896222,0,3
0.24743361280407467,1929.1470230688838,0,3
0.0891143559123944,407.65426466376607,1,2
0.028135633323226193,667.7517517949999,0,3
0.036656613397261055,1111.1469937086658,1,2
0.15220802517963278,1644.864326814424,0,3
0.13554047538030378,764.476897726451,0,3
0.7389722103228235,1744.6980983465683,1,2
0.2710931368289595,856.6656839142114,1,2
0.007011747512487523,152.19366345723986,1,2
0.1712398738786607,627.2129742733104,1,2
0.1840977386997964,1672.2406223504822,1,2
0.9307032070314936,2473.9109924504314,1,2
0.25874824826900333,3851.728075872525,1,2
0.06540186550359547,1207.7312257550334,0,3
0.4247806000151045,1514.9553429905548,0,3
0.9433340044603815,2841.264953441726,1,2
0.31503794176408445,3311.289776140753,1,2
0.5481534674465576,1808.4061732647303,0,3
0.034907045613114945,1336.700148137342,1,2
0.21271479332308985,1640.3323695895579,0,3
0.4204827941255005,1294.608776112873,1,2
0.7686924814145528,1607.0990624988879,0,3
0.3259121230225889,6270.582144191564,1,1
0.03419903037176769,374.695574500176,1,1
0.15374271086429853,765.3883711033619,0,3
0.15805313764276394,756.8008371974117,1,2
0.20238031594954053,1910.5122539715467,0,3
1.1193016202700279,2585.4317910525256,1,2
0.029863593076706656,1484.2764180985484,0,3
0.08076397519340972,1170.2859163577916,1,2
0.09247699353118365,922.8096617156057,1,2
0.23987115742452822,1096.8198874303957,1,2
0.3648035332761267,2080.6957689297255,0,3
0.04581014238038737,906.9084943234906,1,2
0.2744253619195346,2566.8425094121594,0,3
0.2558170104702838,2270.491241926776,0,3
0.4316780625562399,2130.9218280325863,0,3
0.491210515267089,2229.0643450950333,0,3
0.07567187917712877,820.9972184687263,0,3
1.2046107054525026,3304.009196536826,1,1
0.44342832713164826,1969.5964024454797,1,2
0.44805384060550635,1288.335473817791,1,2
0.7491003658260172,3282.840762512444,1,2
0.025458028184845268,1074.1740922558213,1,2
0.11621743397182438,402.22500460220033,0,3
0.011193243600643906,197.98502379290073,1,2
0.040724524472221496,318.97298121490627,1,2
0.04971539865238862,588.890935326128,1,2
0.042447644327698895,446.4666807110383,0,3
0.15725954707322107,641.0273288793359,1,2
0.19859051301602026,1233.266947811808,1,2
0.14245160299559836,498.162956985661,1,2
0.8183197314049717,4552.342371036868,1,2
0.02279195793900531,757.1513968699908,1,2
0.0626459922596387,884.2942222249748,1,2
0.4105555080147033,1266.0160473582014,0,3
0.01447689574705381,164.08087622044488,1,2
0.5043155685478811,2061.3014323637926,0,3
0.017697549963831067,1352.9375793531449,1,2
0.40670455277887846,1146.5769901673327,1,2
0.24382739932553338,2461.3028551448956,1,2
0.34585834044357167,2595.947595883016,0,3
0.5710983019472246,1647.4390916443988,1,1
0.03786346121577602,1449.9105646770865,1,2
0.15127943259647747,369.8200569884473,1,2
0.3377606053041524,856.2112892549419,1,2
0.6266112903405888,1853.624868417805,1,2
0.6532168183924967,3144.461170360315,1,2
0.00662933682367143,220.2273121860433,1,2
0.08265911828368483,622.2742801379167,0,3
0.05628645362816431,171.37682977372415,1,2
0.01542799088992799,216.15029924203682,1,2
0.4089946932569071,1102.5051474683469,1,2
0.004884689062956378,206.10419636806594,1,2
0.9387483848319458,2843.501122444697,1,1
0.140585602292612,443.15263317569367,1,2
0.04357762367310082,222.08995002104845,1,1
0.3504067346072627,1201.7410293601324,0,3
0.020177571389602238,924.0720577845484,1,2
0.9303965936408032,2883.251028637001,1,2
0.8885371554989377,1986.5386382927343,1,2
0.1674929228329489,1428.9928468387059,1,2
0.8419159433361042,2604.1249055551234,1,2
0.003028920584333976,32.86208036250882,0,3
0.054825626622595526,341.40247862697436,1,1
0.08876665988778255,356.33490754298424,0,3
0.11347359129865832,1120.1386608737123,0,3
0.3499524566434373,1247.1509110837035,0,3
0.02365202105686452,1083.1913983485165,1,2
1.2163567326781983,2985.6026044474847,1,2
0.4723060715100941,1491.8713560791382,0,3
0.3483637159837702,1440.8791498058326,0,3
0.2316660758845035,2492.5216050412896,1,2
0.03149028136623784,1046.1106758832752,1,1
0.46029550708379324,1173.2113582149032,0,3
0.6753853118431129,1444.1591764611915,1,2
0.1430052282966454,549.7450992713266,1,2
0.0795145946125191,1225.2108904357585,0,3
0.024641958972511736,1397.2917214214801,1,2
0.07725200290252505,521.1153277070817,1,2
0.10298680609326882,1053.7433367256444,0,3
0.7542608986800635,2624.1163645634597,0,3
0.29581246986323645,2189.783830032095,1,2
0.016228825245783535,684.7578099998021,0,3
0.17039573302356179,912.2674876512164,0,3
0.4804557908899662,1143.9971959489312,1,1
0.5306698950159343,1240.2222016807175,1,2
0.12687451231321495,1695.4043054618803,0,3
0.007451478191046957,569.6486172945636,0,3
0.7092825992744612,2120.4128434643335,1,2
0.49391963099912944,1164.2153085374887,0,3
0.14564752034133802,1924.1069721040808,1,2
0.29912055476907884,1039.7877946134574,0,3
0.02468216100911986,310.6506781481573,1,2
0.8999902201802057,2442.72811686702,1,2
0.4205256043591789,1211.27283417969,0,3
1.0892831111905328,3566.135305250028,1,2
0.2955067179734301,1393.9991372445147,1,2
0.010326872956861265,513.2648962634192,1,2
0.4106490249312647,2217.300799226938,0,3
0.2546042996020628,832.3380809066604,1,2
0.8994957663970019,3627.476867736436,1,2
0.09699103871345548,1051.3145029966565,1,1
0.04879170624355944,901.0028496048636,0,3
0.36007109798962356,3172.556364634052,1,2
0.6698786717078181,1526.2296753480366,0,3
0.04313085125179503,1039.403220488127,1,2
0.08184924891885226,1247.999309772259,1,2
0.05070352710349973,1003.7833770630687,1,1
0.3684058603935467,3336.7222162114963,1,2
0.24066411264162907,1198.8283049202835,0,3
0.02754053551570508,775.5690208067829,0,3
0.7416171054571011,2065.826688275865,0,3
0.011704234666202011,231.71003814383496,0,3
0.21221283495423973,699.589717857823,1,2
0.2841158767712186,652.0977418944556,1,2
0.5935515844363936,2228.3953918513644,1,2
0.5256977682997713,2230.74786459258,1,2
0.08459920636685328,917.8536844482217,0,3
0.3468794717830939,1067.9900086963926,1,2
0.3582329655955264,1426.7750574855456,1,2
1.1219446530486057,3573.7915657483754,1,2
0.894332171146225,5461.335941728607,1,3
0.0022004948436511237,73.10068530024554,0,2
0.33332853071955876,2474.316722190516,0,3
0.4493485374420853,1013.6560833640615,1,2
0.09514785030879795,619.7012831228897,0,3
0.10649103798215262,892.0354846094535,1,2
0.009898524001856772,306.0611474668753,0,3
0.06811263139922152,1052.5269659705211,1,2
0.3706426022547668,2006.503875514818,1,2
0.5453948675608221,1981.7107652971645,1,2
0.9321218364027644,6900.031811689939,1,3
0.03365990077953252,1118.1856759270847,1,2
0.3089534929630282,2711.49396199518,1,2
0.3901934537948381,1230.2222711404609,0,3
0.2542960165769586,3104.9077089259154,1,2
0.8880302681108238,2066.9879127672407,1,2
0.04680393864797139,1447.1720395768386,1,2
0.01750819963331907,364.86663041547826,1,2
1.2823839504624375,2866.8701148880277,1,2
0.6421419605503101,3542.1630905697584,0,3
0.7793850784937191,2187.824700013073,1,2
0.034200724910173994,1036.7033161180234,0,3
0.22613168705355405,1072.4687036642586,1,2
1.0050032617324824,2152.1894723129076,1,2
0.2356196600148288,836.4886026080575,0,3
0.07515021206646315,1248.1170573797156,0,3
0.011452412577665704,347.14919429341995,1,2
0.15389656357452647,984.5050604758296,1,2
0.050639032661655065,227.89795380168727,0,3
0.36637364532268973,1819.9744513875867,1,2
1.1461918255379848,2817.711602352167,0,3
0.03716042773255876,1148.9958654495767,0,3
0.7777994361835989,1855.1749090422625,0,3
0.028810268191349006,156.662052295221,1,2
0.814181354490228,3198.94948280388,0,3
0.6294311450971956,3249.4409353212973,0,3
0.01855593015946705,562.473292028127,0,3
0.9144449651586499,2926.8999204182596,0,3
0.5601395815468719,1466.7474013511035,0,3
0.9980877427552567,3735.6005544171608,1,1
0.20367846588962554,1048.0348106903366,1,1
0.0808884137557204,1018.064851706407,1,2
0.34009788304188504,952.3924584469935,1,2
0.34240880656777817,1513.9406524568901,1,2
0.41688063575257356,1722.370718783238,1,2
0.7869831662768498,5369.760320567689,1,2
0.04862597959723379,1055.4524333513184,1,2
0.36121788647608605,938.392349154329,1,2
0.06679995601871468,410.4993446951448,1,2
0.3873340204606504,860.0021183204923,1,2
0.49651299288506856,2118.406052456002,1,2
0.025354395959084577,1437.6895771472837,1,2
0.10691907762632201,1077.6018298901372,1,2
0.3214896503418033,979.8342968679485,1,2
0.22707559901208618,936.600628590074,1,2
1.0344420362578313,3745.9639145664532,0,3
0.010764017053912145,534.9917753063062,0,3
0.08799610680370103,344.0198327519447,1,2
0.9733285445742358,2219.140598592204,1,2
0.5840429859996207,2899.7296563493605,1,2
0.23508078706343813,2189.0725266972936,1,2
0.027513106527610562,1260.0174953719131,0,3
0.11416523567912895,605.6922409479411,0,3
0.3140336236436494,1612.994442422439,0,3
0.11951149035802724,439.14773217931395,1,2
0.5373441880577982,1471.851491723323,1,2
0.062267628513014005,682.2241620542577,1,1
1.1468555839424137,3493.3653396597774,1,2
0.2293401878446292,734.4861006978575,1,2
0.13081635581335646,315.2263869401339,1,2
0.18428282176853444,2355.79843866247,1,2
0.035556159520198104,1077.78968369309,1,2
0.2923755756425899,2882.86417487713,1,2
0.04331075315294142,310.21298545289847,1,2
0.16375407343471415,1591.8563898593895,1,2
0.8005749956739023,3250.0579416478913,1,2
0.01649362268691797,631.5924909050847,0,3
0.6301567884350443,1625.8090955753707,1,2
0.17623499388959388,1869.2306351770612,0,3
0.20951752020519188,1232.6094846304118,0,3
0.3008781508871303,926.3340086358133,0,3
0.0024858657208441355,113.84517034692516,1,2
0.35919147896289844,2191.7761023169764,1,2
0.3573960483565906,1003.8398211159931,0,3
0.0258510224878928,109.02567194101206,1,2
0.7064925247421489,7440.82276665597,1,2
0.07190226933365988,780.0990773117443,0,3
0.5949031799272229,1595.7369216376221,1,2
0.5741431400109878,1465.9137562431642,1,2
0.47743269839592967,1844.7821536377721,1,2
0.41048743008426936,3114.33170242849,1,2
0.02251348858729891,696.1143044375686,1,2
0.40877102941512833,1918.319546386884,1,2
0.21173813419154902,2113.58961569049,1,2
1.0569037778332129,2420.4447095354526,1,2
0.3051801481402754,3698.76961097656,0,3
0.039600957037956526,1315.5482306047918,1,2
0.2501387220845135,816.0449500078561,1,2
0.29136646653972204,2861.549610622977,0,3
0.3359850328731159,1675.5297908153377,0,3
0.062095284000969884,345.57799645209866,0,3
0.006337057013196825,359.33495841760595,0,3
0.2444554445142326,1216.3498775092405,1,1
0.07850554039629584,236.48176249963572,1,1
0.19114267631013518,1458.1097972308123,1,2
0.30332453275500443,3246.1135922882886,0,3
0.037307156499409695,730.2165676633354,1,1
0.290082292130589,762.8284126278437,1,2
0.2515887586384006,745.3527216374401,1,2
0.36456780517766246,2069.284031992158,1,2
0.5886957981833831,3624.220180246308,1,2
0.033869919322187886,1125.1625154494136,1,2
0.11370312240297457,2716.775587827135,0,3
0.1480386735274469,1307.0036576358375,0,3
0.2145110025906468,2379.468476220168,1,2
1.4772497367319892,3988.646452529008,1,2
0.035972041885375776,1112.251120884226,1,1
0.50698881650968,2150.1835759733744,1,2
0.29722461032475234,682.708106939757,1,2
0.21911856501107832,1276.9395317450897,1,2
0.08272297041674109,258.6557091139622,0,3
0.014791101485213986,457.3390428728992,0,3
0.10406585434171974,1707.5892200357769,1,2
0.08811718836055221,332.43963541339167,1,2
0.2053642648781977,843.1816307346301,1,2
0.26773220470974235,2543.044624786175,0,3
0.0010275472145417355,47.05857066136643,0,3
0.9501773648507246,4019.812514049088,1,2
1.2403060139540831,3034.6661213185666,1,2
0.2880562455708302,1385.493537177217,1,1
1.2313486731019812,4650.140851006669,1,1
0.028141452308250235,576.1261880777985,1,2
0.39852594624913246,2664.726122551911,1,2
0.38537251557402136,1619.148857518648,1,2
0.45724865046681606,2839.9812307141206,1,2
0.04202357768314403,526.5208902248463,1,2
0.030202091303975,1003.3168576564011,0,3
0.22394232182448218,772.9704218316914,1,2
0.4377947934050056,1306.7831122493265,1,2
0.4608413594273807,2648.1072107835685,1,2
0.17281259806694324,4287.558199183354,0,3
0.013446294417970087,275.27940853734003,1,2
0.2581272637258858,1721.9512192517684,0,3
0.8911586852807826,2553.4067829272185,1,2
0.2027129875825496,3339.0569501661053,1,2
0.6817976400827666,3851.5414669710835,1,2
0.02314868238525391,1312.617324572779,0,3
0.8780454865352046,3175.8391017768404,0,3
0.3946296959406835,1252.5947251481364,0,3
0.1663428270434746,1231.3339862343819,1,2
0.7971668582089424,1850.2200406309987,1,2
0.010189221756709893,506.42337422074814,1,2
0.5292877410077452,3970.572501656056,0,3
0.2117706810835644,622.6118656751785,0,3
0.033793960038523176,327.8554116088876,0,3
0.2170408626323531,735.3787054952226,1,1
0.007094853565395591,352.6274889270761,1,2
0.8448499557643169,3269.9966246550916,1,2
0.6885400323417211,1984.2960191255634,0,3
0.3547546912954961,2350.4939505078682,0,3
1.0327598748089992,5020.469646022778,1,3
0.037398005639325216,765.6310767010348,1,2
0.33851637116463684,3224.4195375235167,0,3
0.02644983609424104,167.84327127869275,1,2
0.32785449163855257,984.1517304030184,1,1
0.36609848559661684,1250.4664555893144,1,2
0.026323079070130446,285.59056459432094,1,2
0.3484791256926395,1202.3302036130124,1,2
0.6166607336575547,1341.776597924841,0,3
0.19214408279675624,1201.7722369398364,1,2
1.0330324733395253,2465.819883574123,1,2
0.02299816616055849,711.1004755268606,1,2
0.12645402762048677,1134.8962518532992,1,1
0.11020856595605884,1050.671006741142,0,3
0.46515063124650496,1259.5823943048008,1,2
0.1334023846639784,1059.3448845586786,1,2
0.010049002308284122,768.2234481987567,1,2
1.2246455031498433,3076.585306929984,0,3
0.025964190682347305,347.72617237236426,0,3
0.037598973360952886,383.46324735574177,1,2
1.2430368139700567,3169.1291230802103,1,2
0.0011673509639648254,68.58498478516694,0,3
0.21693572385459958,679.6266589416338,1,2
0.14488961752491192,1387.2202113685953,1,2
0.12921468570159697,1581.0973800954073,1,2
0.057600655553202186,531.8237026758679,1,2
0.027092121097391824,588.0487215627726,1,2
0.5775930869453837,1437.3677631759474,1,2
0.12587499439245012,1267.018318369269,1,2
0.08134767757407751,891.8088773510482,0,3
1.1420184721826077,4940.221665318035,0,3
0.03470286318797972,1152.8330040132453,1,2
0.06737919301652413,945.4813557737214,1,2
0.42849156106357245,1253.5180568071248,1,2
0.4361099363905328,2191.4601686268315,0,3
0.12101623913335059,2480.576205459378,1,2
0.015303126627398559,508.37158147716565,1,2
1.0021577291733168,2426.715833325516,1,2
0.4387713795418022,2121.086596711382,0,3
1.0811542015397293,3363.8534014098473,1,2
1.3772724165636139,5732.306511471103,1,2
0.015247970059774844,506.5392741196928,1,2
0.18350275889859563,988.3708163621629,1,2
0.5594437517890157,1283.2527954555605,0,3
0.7060965653528599,2583.9817424764824,1,2
0.28623375651624167,1188.8048978134682,0,3
0.02778987980029626,568.9286160896216,1,2
1.2301779165905433,3056.586977681734,0,3
0.5314196732968701,1526.4207204950326,0,3
0.029187676307030386,281.63861721409154,1,2
0.17105924705015638,2757.119279739325,1,2
0.028535164009427245,619.3707260869716,1,2
0.3223239447349169,978.3620300676266,1,2
0.4120028779493681,958.2939046496118,0,3
0.9691485731974909,3072.6479419930447,0,3
0.6309996751466487,3036.9194784803467,1,2
0.055359021364018206,606.5312404553463,0,3
1.02211161738454,2221.4204033321735,1,2
0.44009137107702895,1333.868854468222,1,2
0.01716493508038542,335.9620537528685,1,2
0.6706848744507196,1497.3938031310752,1,2
0.05045279565515456,931.6770442277094,1,2
1.2701295976480174,2981.4386978355105,1,2
0.17915434030764563,1351.237303163713,1,1
1.2692304925222773,2919.273116544348,0,3
0.44310610830135705,1990.465398782551,0,3
0.051934120841738166,1016.5115496343705,0,3
0.050644921486206654,360.3410750891844,0,3
0.21366734651962732,1192.024511714955,0,3
0.058343575847517266,220.59894706770106,1,2
0.3361943095766878,1033.018714233064,1,2
0.023455830543578065,898.1972438969564,0,3
0.8983790877291212,2328.676393331885,1,2
0.1660362476032951,567.6924872521573,0,3
0.394413601888747,2027.9585439911311,1,2
0.6695667711439456,3107.4493423299737,0,3
0.0119126554301801,456.17290144566584,1,1
0.13769779322231848,620.6168242338923,1,2
0.03385010551220736,352.8283399335316,0,3
1.2781394605940033,3157.5255467983084,0,3
1.2355205447890463,5111.907614073151,1,3
0.032507476754766666,726.6406545941761,0,3
0.09228932120309268,432.3577858942926,0,3
0.33584949792378543,1481.0614073367706,1,2
0.42963023564284747,1364.4170787067962,0,3
1.0814030238763643,2870.324986362462,1,2
0.06808400377153774,883.1009490367661,0,3
0.532435747354521,2722.373436308025,1,2
0.04056852896289824,859.0218096761064,0,3
0.5217415584428248,1091.5859641029997,1,2
0.5669307209192063,1648.2861055660437,0,3
0.046166715485487765,1056.1300523255863,1,2
0.21178603688959716,2545.7142302006137,1,2
0.2544412129479733,753.2884461640881,0,3
1.4137069318014197,3558.8194972966494,0,3
0.08838264534417369,380.08080830654364,0,3
0.003708305427391051,221.16637651223374,0,3
0.9455094627598479,3748.541704623098,0,3
0.050378463604481574,550.4520961359433,1,2
0.058281291243366944,590.088813187553,0,3
0.1097271577363338,397.74443886680893,1,2
0.029960539057965016,728.0316378069995,1,2
0.7539030443442368,2427.05157549723,0,3
0.09333021031735739,576.6580794582288,1,2
0.8374752778582428,2310.101437813652,0,3
0.9484756971642537,2465.6168360994893,1,2
0.009896694773565418,469.90072752110393,1,2
0.7941327957340976,2755.6546601456657,0,3
0.06836714697368039,375.72403846811704,1,2
0.9485365469147891,2330.7699542599416,0,3
0.336146403756335,1033.5460538827153,0,3
0.03790766529100328,921.1442956301461,1,1
0.12922802066250336,468.19068964935684,0,3
0.36631432070341635,3365.1365988302264,0,3
0.46477128636157916,1340.036401009451,1,2
0.9999539080408443,1882.3710514828965,0,3
0.0062943211219591184,88.44739890104199,0,2
1.1158578414656852,3720.1729405836954,0,3
0.37326979494971724,3249.053467510358,1,2
0.13834137049703746,340.81010049009336,1,2
0.4275519471363353,2015.4475642979048,1,2
0.02850963764953712,553.1404874158159,1,2
0.5160795491176771,2118.039547367506,1,1
0.7016341582567038,1967.457745218796,1,2
0.09794753883813699,544.2088850424403,1,2
0.4090232153090042,3429.397672715711,1,2
0.012221260899429025,159.46120031744564,1,2
0.5495979105022902,2533.193625269047,1,2
0.8240686923285335,2335.4018270395413,1,2
0.7230132178559862,1970.4631967869961,1,2
1.1885118501164236,2410.5227758608567,0,3
0.030392027504916964,1649.7263830293207,1,1
0.4282399769228769,1805.7297496086314,0,3
0.20831774859353921,1432.8280388237506,1,2
0.7242224303853153,1722.7290984249837,1,2
0.4182764137207863,2256.8109393310415,1,2
0.030042327140600008,1310.831256575056,1,2
0.6575525443018678,3298.33783202898,1,2
0.5925223006159457,2186.7034054808546,1,2
0.1425684945441317,397.2553634536089,1,2
0.5378913874373287,1258.8070251787208,1,2
0.020534389127749755,374.02585297594595,1,2
0.16564340357442514,1237.6356123481162,0,3
0.7835573231880455,2102.7882463053884,1,2
0.3058962837637494,2810.9121908285697,1,2
0.10212165684868652,319.3285229520055,1,2
0.039619632625004425,1527.1614129033246,0,3
0.19198515927773765,992.6808629562889,1,2
0.7777430810723146,2178.3532738189765,1,2
0.023213433537662757,211.34419340305985,1,2
0.3728575820266006,6576.75843956109,1,2
0.05820949876448248,759.5089098617398,1,1
1.0141244012682875,2987.7582251010454,1,2
0.7232390516851043,2212.84790948339,1,1
0.1835464206864933,593.4833060678114,1,2
0.11843876969046459,2057.37741778745,0,3
0.05992550403196575,781.8990921805483,0,3
0.5113653249089651,1441.126979823391,0,3
0.2648551598796359,646.0590074643046,1,1
0.1360587199578429,1128.8876851957668,1,2
0.03400546405037351,126.80498802602591,1,2
0.026386301393604695,589.8138284189249,1,2
0.05649269793890752,469.9944606402319,1,2
0.6679375124291007,2175.531089367803,1,2
0.4603733585695658,1289.325901836598,1,2
0.03272832957887831,143.46533603716904,1,2
0.017343424820974066,941.4279943849592,1,2
0.0705089587587749,1048.8133777050477,0,3
0.5172625201059382,1618.3737481992016,1,2
0.11380704593414387,449.1277540269549,0,3
1.1174465237238653,2304.006949191353,0,3
0.0016067172221199825,39.042721108909674,0,3
0.3346047461886065,1064.1025102364424,0,3
0.4469192701681673,1510.9646232318726,1,2
0.30775536424159994,1366.4553567758537,0,3
1.260629084805093,5193.207195795299,1,1
0.024365003901718328,1453.1488120817144,1,2
0.6242038565475262,1703.878029930945,1,2
0.036898660797964764,510.70547321744107,1,2
0.3995636317953276,1304.0074117569734,1,2
0.2668763386208926,948.5894390086012,1,2
0.005392401246557395,98.2204760650313,0,3
0.1622502691540645,634.7077928708405,0,3
0.5698916268117987,1359.635351059392,1,2
0.7334251106334222,2254.697206992406,1,2
1.246365253271098,6205.338367441609,1,2
0.012418993641126341,541.8756331294694,0,3
0.25230994499520915,1398.1970914808699,1,2
0.8325466204429565,2584.3817679852978,1,2
0.6421700762261111,1791.8706490929264,1,2
0.1310817056366109,806.5655714033986,0,3
0.036207346070215786,702.4904805704346,1,2
0.7503855240634063,2289.7029487943714,1,2
1.007491262174791,2330.213515927286,1,2
0.04096389979354545,515.8696936414658,1,2
0.035738094666965356,189.70733498303804,0,3
0.037941615245741564,1049.9180109809222,1,2
0.3844323237038794,1579.835064148034,1,2
1.1562731851562087,3246.3039283062835,0,3
0.0544747607576886,629.6708266145677,0,3
0.4944622434734308,5718.586283843883,1,2
0.016236088225088884,354.2832080924907,0,3
0.11683622364799007,555.5703771827235,1,2
0.4018718451924038,1181.8322426282432,0,3
0.40909985625545925,1484.228111667446,1,2
0.01665390336558301,157.15054606081813,1,2
0.012198937036120138,390.352581152014,0,3
0.09046729641316957,672.3613077291421,0,3
0.7037849041296018,2046.0401806899954,0,3
0.640012950247135,1902.0030429043497,1,2
0.03960238815316649,556.7863484503952,1,2
0.0249184802353363,301.1695806323897,1,2
0.7767953438078736,1819.787500554565,1,2
0.08175641523138068,694.0742755415113,0,3
0.08375432805501228,296.7848754311216,0,3
0.8968477348007665,2568.126710881555,1,2
0.028918323307547903,925.3545708339861,1,2
1.0710160058351728,3297.368697415373,0,3
0.6542638068087201,1385.807747148426,1,2
0.2761387287021851,2435.6097160983118,0,3
0.15276940671277264,636.8089626717135,0,3
0.032971393271312044,463.3119150557709,0,3
1.0262524009403107,3334.169691130601,1,2
0.6148794037369602,1879.160629708388,1,2
0.25692608345901224,2288.6491810409716,0,3
0.10832936874182929,424.84469724022637,1,2
0.013431552481636912,801.0688039219802,0,3
0.09308950986223588,577.5758056707289,0,3
0.3803930034459621,3466.626779187504,1,2
1.0142376027656896,2121.1656005705436,0,3
0.3800959885757711,2781.683975934988,1,2
0.036890063088504156,804.9679033853661,1,2
0.5283054000833153,1899.662409892727,1,2
0.29077271548869343,2763.4568594309458,1,2
0.18144421713208986,590.2410724419248,1,2
1.204830906405323,6729.468303470672,1,2
0.023939037485573418,662.439552424483,1,2
0.505956893111826,1890.5336893339006,1,2
1.398456395991826,3766.1561978128784,0,3
0.08025819857954797,349.8292567105455,1,2
0.9138493234990521,5274.759526706378,1,2
0.019857722680309078,454.27398230256034,1,1
0.16760001901718796,627.8121359124659,1,2
0.7492270749052201,1637.2723854955038,1,2
0.43763225959429364,1502.680253122712,1,2
0.8370996467372642,2810.828944453733,1,2
0.020708321470439037,798.2141019574485,1,2
0.4171839794700349,1732.4310859061586,1,2
0.20067749122769218,1872.020668106784,1,2
0.5558451272331691,1369.509474719052,1,2
0.29802345982105544,1044.2127872908713,1,2
0.013462465685296165,327.133664812385,0,3
0.788756259894689,2331.412275759652,0,3
0.17580842353491055,658.9007607492423,1,2
0.6688319098608814,1805.96134401494,1,2
1.418702248036522,3871.798309057438,1,2
0.02418849900443445,1055.4122653766578,1,2
1.1721827507080635,2663.505345172152,1,2
0.6324616282064243,1827.1672379703343,0,3
0.42939391741326033,1210.3838514001084,0,3
0.6868015187567829,2040.0912932112046,0,3
0.046101006205543055,647.8083984904706,1,2
0.28017027891399593,1463.0995827798636,0,3
0.30426210466607284,1003.2923953326813,0,3
0.8094512480525361,2244.3420191698556,1,2
0.2561175387046687,879.0935556644707,0,3
0.006134045642707817,196.28272057192376,0,3
1.1971617565169594,3721.6815170703403,1,2
0.362361857038361,3359.798092394861,0,3
0.7481679985364262,2101.334997735507,0,3
0.3542640538986204,7270.289291557365,1,3
0.032575564286614934,593.7530829086699,0,3
1.212414373987827,3793.7576612600783,1,2
0.31436544805042144,1508.647549308426,1,2
0.13804943001941733,462.09006763515225,1,2
0.8498692338042024,1916.748797033658,1,2
0.01965306868163166,628.8766033235205,1,1
0.07019245499189825,2441.5623182982913,1,2
0.42360654618518545,1185.4239943628388,1,2
0.19311475480306636,1706.7570274864697,1,2
0.4490960181585218,7152.4124194523065,1,2
0.06243454913439911,1137.2208518053567,0,3
0.8823708364814615,1921.9455455289942,1,2
0.3370947182498037,890.6992114504245,1,2
0.9553455558598801,2261.5391540865853,0,3
0.0879099152655711,633.1585195613999,1,2
0.06617938086546588,799.856820862597,0,3
0.3817799696732678,1761.4206710077472,0,3
0.7927188953067139,2197.9481084719987,1,2
0.5819839798031808,1519.5787199935528,0,3
0.24937349248393642,672.8764420306148,1,2
0.02889400261587897,291.41676456862655,1,2
0.24898115579513402,1412.396396671982,1,2
0.7186405713568075,1625.9011474523252,1,2
0.4089368648712713,1359.6006644884544,1,2
0.11640737865020943,1938.6238627036066,1,2
0.015887413536944107,754.3434803485529,0,3
0.8450024390268107,2975.9588042978835,1,2
0.7999700841900729,2063.216334250922,1,2
0.24160678278888484,2178.488467047869,0,3
0.36629005582051827,3114.866424931858,0,3
0.026307711407265448,341.2308857261076,1,2
0.8661072730290172,1938.1359243692411,0,3
0.6572095183295762,1929.4897922885696,1,2
0.02153614161864236,217.07216612594434,0,3
0.14403263930719407,1238.5472651967907,1,2
0.016479754547488148,635.2215700041256,1,1
0.2524995494009188,2543.1160075911057,1,1
0.9690685254180282,2193.9597582174038,1,2
0.6321277579500159,1387.4637537276858,1,2
0.1718737629714247,686.7970990639255,0,3
0.05011633800612608,1146.4833511367026,1,2
0.15471265665441833,1442.6711938541441,0,3
0.6806667970948211,1893.3019657900716,0,3
0.21885640108895663,671.7600540040717,1,2
0.5414426071111634,2420.051717258123,1,2
0.05040379585908935,1224.7963222553217,0,3
0.3369951169612256,1068.260749751862,1,2
0.15532989592918522,446.27214101165976,1,2
0.0628705871409351,649.2397619385209,1,2
0.1793942841815158,467.8253539736161,0,3
0.03751369252630297,486.58092410394903,1,2
0.5664864976425694,1586.7020658797098,1,2
0.604391037784221,1677.0217279290007,1,2
0.03918761845182664,359.9999765793721,1,2
0.39646270948496565,5443.295023196849,1,3
0.006533515819598991,119.005430945836,0,3
1.544019168949473,3483.7137695913702,1,2
0.5794931155832866,1301.9904251750015,1,2
0.17077785345978114,442.18073011332035,0,3
0.912031564198279,2186.882986185691,1,2
0.008435150407136754,457.8730448050126,1,2
0.46010245441164055,1128.309002436212,1,2
0.38976656340748467,3295.580608888146,0,3
0.6079596363084786,1403.370043800849,0,3
0.22791530129062065,909.3365509692054,0,3
0.009765665947992113,376.4231826234874,0,3
0.3748653016555382,1427.6371421771587,1,2
1.0344205776285593,2752.009093163461,1,2
1.380072108828939,3470.929282173625,0,3
0.739163079946909,2972.744141447031,0,3
0.019409258301663127,471.6388474399728,1,2
1.1944872295229179,3125.4630527840663,1,2
0.39802175447902705,841.453216466338,0,3
0.24523006073872133,2298.2440827228647,1,2
0.15153808708403277,675.0885325227414,1,2
0.011526874243543022,223.64299805675438,1,2
0.3770428989996748,1305.9492098844291,1,2
0.7352430220036595,1610.0712800768017,1,2
0.1214502072603378,397.9546959423276,1,2
0.346945996709992,1157.9174295432078,1,2
0.024477824853381396,1328.6942917270314,1,2
0.3215804709210154,3150.389579853102,0,3
0.4629694030242083,1252.2306116479283,0,3
0.9656532280835685,2181.876975292159,1,2
0.04992821838980394,235.7862586670399,1,2
0.03345009853091853,609.2804396235413,1,2
0.25105966035776717,836.3707837619395,0,3
0.4015244324729189,851.6443578964248,0,3
0.009828282578852127,207.44146890488992,1,2
0.3344085849554792,4957.324938837095,1,2
0.07876707470875391,1106.8299093810647,1,2
0.33834815515141126,750.2986654435583,0,3
0.7557175250835466,1600.8742422484222,0,3
0.6181313067000079,1734.687047027808,1,2
0.6337296427624958,4799.820827434303,1,2
0.037590972024323155,840.2721849083608,1,2
1.570347665709414,3345.653059147092,1,2
0.7421798996114591,3303.990924498064,1,2
0.10927732007803996,471.2378145861095,0,3
0.1459759171469794,599.8491431155858,1,2
0.022344927933220845,499.4768798188695,1,2
0.25903959484667094,1245.8122559976982,1,2
0.9389657786611182,3082.9116497327627,0,3
0.5180749182821659,1296.7300600881995,0,3
0.689070907205302,2108.182496549377,1,2
0.04016369454873476,876.4009135885767,0,3
0.9379210428801432,2591.2019791390153,1,2
0.774039077271497,1745.2638030180751,0,3
0.4939109834447185,2329.4633511743173,0,3
0.10491545842644885,315.744914215133,0,3
0.019772164600233698,1179.2281099978572,1,2
0.15340603470462108,477.5320873323287,0,3
1.0909614276190556,2993.460605438356,0,3
0.5817260036388573,1413.5900412322771,1,2
0.4129260089116279,2207.6519105068346,1,2
0.07268908000240062,1021.422315472998,1,2
0.7273343971245777,1725.302115745832,1,2
1.000940658619597,2622.47226038819,0,3
0.15240752046242592,463.2114782595268,1,1
0.42977126398249205,1606.403762053106,0,3
0.04740149470937582,572.9036501482485,1,2
0.30037871872482064,2748.7420306521713,1,2
0.3958140391000438,1919.5576069475044,0,3
0.031795242589469364,388.49841292550644,1,2
0.40591185185563833,4759.216995867215,1,2
0.06763027266480863,950.3362774584249,1,2
0.7963725234022819,2381.9048983904095,1,2
1.3056538462470606,2802.911438015827,1,2
0.703018085472704,2326.392307785432,0,3
0.12378861691776202,1691.8765508803199,0,3
0.044371884856092406,578.9577751204504,1,2
0.6534038856150708,2995.446249298997,0,3
0.20311642740679087,762.5175419099082,0,3
1.3036800986369805,2843.2481114681427,1,2
0.638926058063467,2783.945767866231,0,3
0.026601197928084783,345.0376275554329,1,2
0.24207679951637287,757.6573425411042,0,3
0.7335215612845114,1883.1271393022337,1,2
0.3518382866289033,978.5401818902964,1,2
0.07199926819633119,530.0112028638497,1,2
0.01245411092733205,125.60865174239818,1,2
0.24638466477588072,1326.002234585188,0,3
0.1529029305791457,501.2977741619339,0,3
1.0201516153889016,2229.38863873707,0,3
0.3596973689114206,970.6041801772923,0,3
0.05453898965767321,1247.657872023608,0,3
0.17311742183444412,707.1352751084041,1,2
0.26311440935883235,805.5869076208872,0,3
0.16079338250490283,500.11480273918863,1,2
0.6518402066144738,4982.360467225806,0,3
0.05120824866837958,664.2096600150537,0,3
0.7386739264238779,2107.741323763621,1,2
0.9803310627879912,2833.492025190663,1,2
0.2859909807564407,1313.421450310577,1,2
0.33244094148967174,4749.231238855523,1,2
0.015540997404513961,926.8778288741332,1,1
0.3363716406731215,1026.2188596863512,1,1
0.4039041980115782,1212.3601589659809,1,2
1.277782505253847,2643.3875544302364,1,2
0.7757758623728832,3630.430454091309,1,2
0.014100346724526746,342.6339726278951,0,3
0.9826433014105317,2193.071419331495,0,3
0.5760565230532354,1327.5208744664328,1,2
0.6706662936813841,2196.3103980266706,0,3
0.6584159466995915,1562.1240124113256,1,2
0.005933463650088295,322.07760817248766,1,2
0.09034633285871543,439.33178811916196,1,2
0.10496728955903428,635.7395610920734,1,2
0.03463960765528827,173.464219159839,0,3
0.3382782585193096,3333.4941159552704,0,3
0.011260092079969242,434.0266931050434,0,3
0.6145176805750453,2097.2819513982304,1,2
0.691325386575775,2035.557648518819,1,2
0.06685301693116194,339.69864806341246,0,3
0.4082734105606031,2060.8486101317967,0,3
0.01620377659551858,362.203530009105,1,2
0.37305991935496896,1157.804555244451,1,2
0.753259025500461,2406.285344949448,1,2
0.6956275117356837,1513.0430676497926,1,2
0.27296673516355874,1508.0817218621282,1,2
0.04388631118323878,530.4184609065986,1,2
0.37703103209410666,3165.8271199690507,1,2
1.0995820432539842,2309.2151374601062,1,2
0.15777450951039465,1421.2782224723464,0,3
0.6926592691917266,2583.213961482964,1,2
0.0065557453472358486,390.99002824186493,0,3
0.6204652331016637,1689.7916595664656,0,3
0.6273793396758943,2169.8351602220064,1,2
0.7668794329727576,2443.7703648869838,1,2
0.543971791800086,3480.8763839141207,1,2
0.02582376223462477,1540.1503552428792,1,2
0.4131075666430942,2056.7434995747244,1,2
0.5340866670774396,1730.844676004559,0,3
0.02651297264037833,266.0396732852943,1,2
0.6741085421566836,2049.1289723741024,0,3
0.04085172665727086,913.1599362041818,1,2
0.23867683811185872,745.7053730161077,1,2
0.3263897321261217,2839.805644134378,1,2
0.9374701007744732,2997.8621080055486,1,2
0.5670473912104195,2391.3466720733304,0,3
0.021506340411623727,1167.397508235516,1,1
0.43431407689196866,1502.897521389254,0,3
0.44816467865463433,1066.6807348422753,1,1
0.09852485496467328,369.82735824284117,1,2
0.5579881490251325,1292.7880249368668,0,3
0.0009114936117845008,11.893033510448248,0,3
0.9632335174591599,2387.293161259656,1,2
0.060855338291129636,694.4094305595283,1,1
0.8935494145167752,2011.3210920614852,1,2
0.2943226452138504,1077.9493006399919,1,1
0.017007340789366405,1014.3317507531253,0,3
0.11472830129319556,306.54543575357843,1,2
1.0483571634619013,3051.9621768076886,1,2
0.10270817597472381,265.6424640665009,0,3
1.1127381691073306,2661.2535964090794,1,2
0.031678317822031454,382.87028757361975,1,2
0.06297976312171684,313.15397865900053,1,2
0.6774184878297985,2266.3650442712096,1,2
0.4027287392940537,1132.4727452811387,0,3
0.07246334351289356,502.35949845002983,0,3
0.015359208658022368,154.90864844718763,0,3
0.8745932106515576,1902.0586416975177,1,2
0.049618839852679224,628.9658370602626,1,2
0.603260134616879,1390.3682436559552,1,2
0.5203779513931158,2423.3003599036,0,3
0.026249850302012653,586.763732858986,1,2
0.35304284221161475,968.0789385077759,1,2
0.6357078878351854,1750.0556901811954,1,2
1.4604403868246005,3084.7692138348925,1,2
0.28807638941054964,2231.6544358309184,1,2
0.031965647563934836,697.5135889077583,0,3
0.10289161346973055,978.5700977277463,1,2
1.2294676469170618,2610.56428337374,1,2
0.1335666277271911,1179.2829906856111,1,2
0.0870086743361846,263.4821908832419,1,2
0.007541566125313711,91.14882953621321,0,3
0.6078973816624605,1682.6369591772236,1,2
0.1619064958406582,481.49536916149987,0,3
0.5826646726144368,1996.337541000197,1,2
0.8610501845360283,3628.804879875022,0,3
0.03146764295887316,1373.0217958212106,1,2
0.47959995825627005,1324.340431903717,1,2
0.93337395917135,2328.634518228036,1,2
1.0748561360056532,2257.2931449835423,1,2
0.01269011926048933,134.9259849178247,1,2
0.0362417698154156,1581.3303824737047,1,2
1.4300660222209474,3107.6378905542024,0,3
0.23348730092004893,617.177164874697,1,2
0.7037116973866517,1770.5994235192118,1,2
0.10137282679752838,457.3165831978294,1,2
0.032200475787123636,1528.897005019377,1,2
0.774942622200988,2483.9590893072827,1,2
0.7163114181081952,1943.980777883053,0,3
0.4755689125676616,1277.4881202393342,0,3
0.2253403985720608,2185.382698019576,0,3
0.02532129344172038,976.0237464845263,1,1
0.6968236582999398,1453.9641574641325,0,3
0.2539224386692378,2400.7576256851175,0,3
0.3464478727883652,730.8194787238955,0,3
0.2719793609988495,2708.8494837038447,0,3
0.05244374114724608,684.2781592910743,1,2
0.03610625519427355,365.5159892130525,1,2
0.061668576288388746,254.91458251033694,1,2
0.09372084130009219,392.1483600126824,1,2
1.2565276338353704,5796.159113166578,1,2
0.018208729590414485,503.87082970072396,1,2
0.869741380018828,2194.8338709594373,1,2
0.0678839314966592,266.5828298260759,0,3
0.6751679657335194,1773.0450096781465,1,2
0.6163114196249003,2824.600450427744,0,3
0.02504376632998396,546.473125490598,1,2
0.44966404065899857,1318.200623966603,1,2
0.03929015673543887,238.8979891418479,0,3
0.29021877297528215,965.2924736069309,1,2
0.2777428491363058,3357.657263316487,0,3
0.01749372703409265,318.64138421398894,1,2
0.982516109567816,3078.5913730220377,1,2
0.1425772927221946,1280.4161144697707,1,2
0.9708735475816055,2010.7042530911965,1,2
1.1185950137212135,4995.257291817806,1,2
0.01570300125021746,852.3832590976372,0,3
0.1998535072438409,542.2376428543413,1,2
0.38333059505197986,1233.3865877021085,1,2
1.105299768138727,3012.962388414761,1,2
0.2663649242021177,953.6061251494984,1,2
0.018048648078125566,372.633434569364,1,1
0.38476609729838623,865.6530922751426,1,2
0.42924760037156434,1435.1086522164871,0,3
0.03814875146420966,477.47044870391346,1,2
0.30230152724171505,878.2834926687913,0,3
0.044558471676316415,577.9570302155593,0,3
0.5203713364122041,2337.1149520116132,1,2
1.1061999485272558,2321.7474487525074,1,1
0.9971824997590502,2244.861390971252,1,2
0.12452090703185369,632.2232456554798,1,2
0.05897029977193286,764.8893250803059,1,2
0.2806859304836312,938.8962618182725,1,2
0.9715079051296657,2022.5166551112368,1,2
0.7091485277744776,1638.3871451071273,1,2
0.29663829354614835,4111.521693022098,1,2
0.0343081516533249,1628.9706604737266,1,2
0.20812756408033514,974.4217407989433,1,1
0.7453828402823246,2431.2688901716306,1,2
0.35823119780447443,989.2176268144966,1,2
0.616582832358908,4318.482403942301,0,3
0.08993748355556577,907.0841039103206,1,2
0.9810042771343293,2775.9207579234817,1,2
0.15601631240212693,593.9319521172789,0,3
0.7677760183780392,2142.8783114505845,0,3
0.7244130857755448,2510.853809438469,1,2
0.01928523408860669,233.08507613665694,1,2
0.22983187375987668,1086.3087006609605,1,2
0.03318155738688824,438.342511930548,1,2
0.26644582544239803,2343.8560388151727,1,2
0.9090470014798989,3475.537066039446,0,3
0.028106883474846727,899.3893877851192,1,1
0.04673086485012638,242.79988866291586,1,2
0.8581967821870462,2257.785288173348,1,2
0.7556353068580038,1577.485536408805,1,2
0.019038807214607035,142.4226601635246,1,2
0.030509704579482832,681.9843900637272,1,2
0.823162066563265,2161.101332520706,1,2
0.32425222695723654,783.3669040513154,1,2
0.47686063449893296,1527.4305367116015,1,2
0.3609785674420978,3414.506719760126,1,2
0.022179129335221523,311.6597106471686,1,2
0.4187481573014539,1404.5465623205869,0,3
0.055929075601244806,162.93987535033688,1,2
0.400410828084703,1091.6297423047258,1,2
0.029610863108203867,124.09892096603502,1,2
0.014049445049960339,183.31507607086098,0,3
0.707072524558163,2074.0878561777113,0,3
1.1023170276332959,3058.0396786424176,1,2
0.04672829139496301,145.1405586219071,1,2
0.6432751446025543,3056.0870255639657,1,2
0.01880812448980551,820.6513877373164,0,3
0.14450410988581439,1215.7169111465294,0,3
0.8618535988236752,2746.6318089546367,1,2
0.29451292782211536,1007.2388748994174,1,2
0.6800553500428587,2898.099903157023,0,3
0.006013663473609174,231.80010006670463,1,2
0.4514059579351555,1251.2696935247814,1,2
0.581994555642846,1612.8698885275805,1,2
0.7986645061053592,1663.4408538135513,1,2
0.09554724912233563,346.00761200156364,0,3
0.016382868308641194,165.23299109256584,0,3
0.26996420853175057,872.1845079800858,1,2
0.6906652750525207,2192.3329321998417,1,2
1.2304297667186503,3184.4739820751474,1,2
0.1968959543641884,3382.4541025816407,0,3
0.039499487501833574,719.4676896923594,0,3
0.5912087400286209,1960.186183046615,1,2
0.7271473965920958,1959.3776637969838,1,2
0.5050405311590731,1110.865299471635,1,1
1.1674153928109312,5159.150500495359,1,3
0.010285324978966864,613.4252157458517,1,2
1.2107035269777715,3235.6151426976085,1,2
0.2352961811201012,591.2095102173826,1,2
0.017629774201080473,205.70116418930385,1,2
0.22580519045203465,2810.218148517654,1,2
0.02195627420208299,533.5305294926752,0,3
0.18906092461441218,605.5138068112881,0,3
0.8030506442591203,3604.076884829359,1,2
0.10728625928284861,322.80826508971006,1,2
0.7409531557657112,4278.4824925187295,1,2
0.029486332503208423,943.5302409753809,0,3
0.2925109415365217,2634.3564519618594,1,2
0.4130167184322768,1309.682797569138,1,2
0.025736952594839282,163.90259226100767,1,2
0.38189444805314876,1083.1465099543839,0,3
0.054729089218903196,1194.2283778977817,0,3
0.20142457948988554,1796.156390766266,0,3
0.12431111087091833,729.4803495139502,0,3
0.21619646261672287,1842.385178906486,1,2
0.9307534893835597,2587.5896242488075,0,3
0.01118303507222508,135.16032884394238,1,2
0.3313496853054505,1055.4369220792942,1,2
0.1270653489122815,652.3699806149721,1,2
0.6091374256703334,1630.8014517982338,1,2
0.3701371133007688,1574.5121385302627,0,3
0.019044580785064658,462.7772989489088,0,3
0.012181662544512565,113.48636021789338,1,2
0.9669041729293091,2941.4710445640662,0,3
1.428986590061511,3604.6199985249614,1,2
0.07283180694418778,609.5804151137984,1,2
0.0031265422290533878,120.51435946454711,1,2
0.4360025390348849,2031.7301337921601,1,2
1.0659941822729682,3086.9829307604446,0,3
0.37356891138584464,947.3208911375784,0,3
0.9817322120301515,4819.594464026081,0,3
0.017951903311802714,326.9868856076616,1,2
0.15626143210356264,553.5173986187966,1,2
0.11665289829139008,1138.5293027862585,1,2
0.8010719569742222,2251.9458259351636,1,2
0.550244225599988,4265.836651779713,0,3
0.002702677688558912,128.32468224655142,1,2
0.9010210301333972,2839.759492908099,1,2
0.17244760588450642,424.1503023105956,0,3
0.2081872629058507,517.9908944013192,1,2
0.5086013882603075,2783.668605116776,0,3
0.024150088539907473,243.57098460557506,1,2
0.24556861197727606,800.1680070883491,1,2
0.576295846366401,1875.9757085565172,1,2
0.9475664801711753,2644.677041090428,0,3
0.30817864469071266,1150.91145108804,1,2
0.07779511431117754,1015.0591177930614,1,2
0.4877801042323566,2174.723232317211,1,2
1.1322785982963814,2433.164166800268,1,2
1.123019795809777,3442.86465008473,1,2
1.167206618735323,4148.878752662145,1,2
0.0028995509995385802,52.81418546725081,0,3
0.18474381883126276,1757.6136451434822,0,3
0.9249060763448078,1957.8399709331486,1,2
0.31238792429887247,834.1113780409364,1,2
0.5463777299108767,1754.4716837942804,1,2
0.06102899364568434,791.5921394416159,0,3
0.48872438023737835,2285.11323383525,1,2
1.1520812232066948,3218.0939705663927,0,3
1.0308660980576185,3127.399490245443,0,3
1.1158314085218515,2724.641147021841,0,3
0.024518281951585612,344.5293340014939,1,2
0.6940079816441036,1624.872014772536,1,2
0.2668777431782437,827.6017822685719,0,3
0.10097808393356596,533.9262333862354,1,2
0.23743906361696318,1354.4429826979137,1,2
0.01821679279169986,988.8357622005818,1,2
0.3458839857825464,3326.7967635919504,0,3
0.8994016643291004,1905.7082098312535,0,3
1.2949627516795,2775.4407643099403,1,2
0.41964599004535796,1091.7086561567319,0,3
0.018692049244934242,188.52273901029648,1,2
0.11429154190050211,1177.8749888246648,1,2
0.18493260725631852,1581.257567335121,1,2
0.3624579125927169,946.477881838319,1,2
0.020981783674758617,198.44429723139433,1,2
0.014746979150592456,329.639690712134,1,2
0.5922066106094424,1497.7914642574779,1,2
0.3643694976726004,3499.227006583266,1,2
0.7515246783540599,1609.4936700015407,0,3
1.1409766654662707,2363.816500890582,0,3
0.06599067924042715,855.948948894869,1,2
0.19784553976264685,672.6707205049375,1,2
0.923443863592251,2517.1406705562463,0,3
0.6421275435423253,2121.677466255464,0,3
0.3173708931194273,1243.9763303986713,0,3
0.050193072380490346,1219.675808270176,0,3
0.15526403521342144,849.8876848914747,1,2
0.13835760351293325,504.58843967214204,1,2
0.7945122963630917,3555.467086727262,1,2
0.4052199359539184,2893.023010018696,0,3
0.05049970190195982,1397.424601789614,1,2
0.023679167752387636,109.96419978561704,0,3
0.04774796975555808,232.6410440225855,0,3
0.7560449324808084,1632.6905748512665,1,2
0.6889906518110592,2786.5494917561077,1,2
0.024083580335178288,1050.834368650629,0,3
0.871357883851849,2744.9343781048865,0,3
0.1865283727296817,1766.4892127518083,0,3
0.7549124414900992,2015.4498169992623,0,3
0.13935616550606184,549.743890152639,0,3
0.049834660327483606,1210.9665085658073,1,2
0.7043071512938065,1454.670698858352,1,2
1.045413520884036,2845.6048378975993,0,3
0.6607451057859666,3003.6222474830943,1,2
0.379227271366915,2217.415898601882,0,3
0.07842992666795269,1023.3420553083257,1,2
0.3921549602190488,965.9785865706845,0,3
0.40692692168112043,2079.3242462504295,0,3
0.11723159465769395,1047.1351225330309,0,3
1.0340383790817433,5493.6235452551955,1,2
0.07268978157503363,733.1286442175075,0,3
0.31600331524393843,955.797142892745,1,2
0.032123442702813976,167.0093496552197,1,2
1.0491238835029286,2720.4715973268694,1,2
0.5920391102706427,1893.3373067840316,1,2
0.007568689198567065,76.33566548719675,0,2
0.8561780228416023,2020.2857878204825,0,3
0.1701056549975113,1545.5124806718795,1,2
0.1474638890030659,1416.6747676912257,1,2
0.6194518862014279,4606.646183080734,1,2
0.020469694408955366,397.15049632720275,1,2
0.8183962696734626,2071.351144208559,1,2
0.23254269261635607,564.5395153862106,1,1
0.07828971441676189,664.5062449459656,1,2
0.24355889856449578,716.7656556521941,1,1
0.011226546985755377,359.23716798752855,1,2
0.7336401209235557,1994.0984621568803,1,2
0.6534483485352238,2105.808272245681,1,2
1.2765336218482999,3280.8908139045648,0,3
0.3880777724516509,1543.109279276878,1,2
0.004921534825924191,233.6772880375566,1,2
0.8224508229525195,1740.6187857644034,1,2
0.7791411583657469,2070.9545557306933,1,2
0.27646330791395346,1264.3262932448968,1,1
1.1748991435293379,5098.808039593536,1,2
0.05183344195330019,672.318889094728,1,2
0.1463499267104378,390.5236584564456,0,3
1.152542251494371,2424.405221326062,1,2
0.011211001782750932,123.57393021977005,0,3
1.4761840976013063,2642.4698913228613,1,2
0.038315699050935556,698.378214883038,1,2
1.2727822973140062,2774.793773737572,1,2
0.408706732327984,1101.5008942691202,1,2
0.460959502301373,1265.281288608212,0,3
0.6974418453038181,3454.2664802521713,1,2
0.068269758801965,688.5495406238973,1,2
0.15647511497006952,489.4271223981928,1,2
0.6741576281128561,1935.0850908797638,1,1
0.24348960255887603,783.512147966896,0,3
0.3814657204206877,3048.065602206905,1,2
0.0877155412628626,884.674220357465,1,2
0.3832079216329229,1356.1747133332742,1,2
0.2731498773252802,749.4169571181372,1,2
0.12466617451575704,267.9630929027361,1,2
0.45329137531069247,2392.132506241725,1,2
0.009974449285877676,473.5925562315509,1,1
0.16848681149950903,507.41698068190686,1,2
1.22359696827126,3195.214128654931,1,2
0.5780984908968868,1332.7210677978958,0,3
0.2118882787348385,1778.1210633006338,1,2
0.02160343050897637,261.10324727520754,1,2
0.20078062286379983,466.4857210111496,1,2
0.1365668108572518,387.5080960830343,1,2
0.07706189498828582,710.1497696516462,0,3
0.25804323246061533,1862.6428699862863,0,3
0.058456472635921346,1306.6793790817346,0,3
0.025055825745398386,132.25931527935103,1,2
1.1042568700566047,3055.553579823546,1,2
0.09916281380764114,270.57301732336936,1,1
0.848134172790809,2113.071227608264,1,2
0.07777193716464269,1092.8463000894542,1,2
0.42124494939346147,1210.6818579163084,1,2
0.6780104850250303,1670.5895077021646,1,2
0.7112441840143309,2306.365345762335,1,2
0.9325941373645914,2248.194146801089,0,3
0.017188346950479477,417.6714029524699,1,2
1.2059230031152788,3280.439702588178,1,2
0.3616603180716502,1022.5459412009028,1,2
0.24477239792398625,1226.6300406631076,1,2
0.6672046720420598,2090.061135052004,1,1
0.004755823389420282,225.80921426612503,1,2
0.06224904670172445,273.94229808230966,1,2
0.12119017475402881,637.9752063732919,0,3
0.3536038846225164,1103.332293352344,1,1
0.15056754601943612,1285.5933701312626,1,2
0.025733489058312495,259.5407158409524,1,2
0.8593531793516247,2397.3955264600318,1,2
0.7480800596313798,2436.868364208929,1,2
0.24570231733026748,923.7236891560938,0,3
0.1955179182614317,2226.9948672386067,1,2
0.035500338766933655,647.0627922731028,0,3
0.05850380236263672,148.1965437767749,1,2
0.9542909043110828,2658.0451294995123,1,2
0.6580172047006505,1905.9236333063493,1,2
1.0046782219194952,3284.598099443307,1,2
0.035501145131192936,982.3854741627155,0,3
0.7425533144531584,2006.974803251909,1,2
0.3681696904890597,1710.7203189911336,1,2
0.9368287913754334,1960.643561099968,1,1
0.3151177760963234,646.4240749336234,0,3
0.023005159491536677,1372.0465763815973,1,2
0.04765363414263645,166.60250264050546,1,1
0.143300436114006,725.611764137393,0,3
0.3146513489057925,1047.4582828852674,0,3
0.3160053173765033,2869.0986538957445,1,2
0.012988947536047282,705.0602147071015,1,2
0.04100105468024898,154.08617161510048,1,2
0.02831412761259613,393.0016946438236,0,3
0.8593003102381085,2488.699531760876,0,3
0.023227907833195297,158.05541073658088,0,3
0.040007693340036,728.7244599297629,1,2
0.16395119714895393,1493.2469380871148,1,2
0.16423346329786667,606.0292800541904,1,2
0.043598805069335764,453.72507177342004,1,2
0.5877322795283851,2052.7620033234693,1,2
0.004339770908325954,94.69694537704845,0,2
0.5149196244045434,1324.4229414838162,0,3
0.22763812755503102,2056.5188256109577,0,3
0.2781684335546444,1302.534260589177,0,3
0.07415565294586834,333.377863357424,1,2
0.008807197574174927,525.2684852547333,1,2
0.12570513329106098,360.9917483286279,1,2
1.0246355253660977,2327.1922312322927,0,3
0.46914090781987833,1043.6300016122602,1,2
0.25538252611718926,2616.7757958654174,1,2
0.05502220930082465,1258.712216731468,1,2
0.7014312050859067,1679.5568937753412,1,2
0.24697001999972637,2306.5202474563985,0,3
0.5746240443614847,1827.5982649106995,0,3
0.2520658995974491,1505.0239489745293,0,3
0.003464938217987147,110.87421575492607,1,2
0.7851009465612349,2217.924064922403,1,2
0.5025530432374113,1179.1049831302055,1,2
0.5697424296311675,1792.12920498745,1,2
0.5789762037049242,4176.838585903431,1,2
0.026530282958793457,320.6501406706124,1,1
0.05859516058419451,155.17037762825868,1,2
0.8942559055749411,2492.2038495596603,1,2
1.3499318025077314,2882.063475682797,1,2
0.725343376624895,4533.592966007862,0,3
0.05734778576634058,1251.370233804503,0,3
0.20403566793169128,1802.647225444364,1,2
1.0884196094521033,3342.3288161707555,1,2
0.09437432200322085,912.459356101433,1,1
0.25439401067428397,1288.4509034858004,1,2
0.00908925434937482,290.846152047529,0,3
0.17042744042193678,1524.2516668209114,0,3
0.7113327003946881,1990.197340590569,0,3
0.37448807436424114,1148.768544116481,1,2
0.7308147741135679,3352.14397393788,1,2
0.04109916850728262,940.2026228133757,1,2
1.1482180634952774,3195.646319194163,1,2
0.7796633051075633,1718.8928013867514,1,2
0.7518296139849532,3317.1948140255463,0,3
0.2787795837555926,3798.5214657938013,1,2
0.03415563090533834,412.8115735328113,1,2
0.7597064999714654,2040.4770602979613,1,1
0.46631208067482693,1369.1985244520438,1,2
0.6117292184109656,1651.323776713422,0,3
0.4876887696982143,3307.510100947052,1,2
0.051649747944289344,1154.5284470705453,1,2
0.9777181731238453,2295.8438925728533,0,3
0.6575151790901216,1729.9548076896797,1,2
0.4446347621449768,2066.7941654861393,1,2
0.3536326229008907,2715.7107539137346,1,2
0.004552708046503291,175.48673705889829,1,2
0.7016061489049342,3255.0613505932556,1,2
0.6889826586856035,1942.0698063056252,1,2
0.3635992482236465,846.1001907057886,0,3
0.04105220229640715,221.1827372176869,0,3
0.07750744041806074,781.7181931109113,1,2
0.8671135401195286,2107.447828507173,1,2
0.3708194012832858,1304.5854498725757,1,2
0.03078755257549477,259.1235368714127,1,2
0.428036120562556,1009.9109412533513,0,3
0.031026704469439868,1473.1656716052921,0,3
0.8533478079933715,2615.210617405295,1,2
0.22409550758240634,731.7582537560147,0,3
0.3635091736146152,3110.161551310642,1,2
0.4979892653901043,2549.507541110399,0,3
0.030761799892703126,1669.7982016583308,1,2
0.4251332988999267,1396.9527863623937,1,2
0.5335523103077169,1204.2217790942932,0,3
0.6465456207721237,1587.8331338494952,1,2
0.2711201520426087,789.4285983635563,1,2
0.004255830924714064,42.92311090017359,0,2
0.2686172118857213,2294.1711861324447,0,3
0.968195026834898,2499.9969908998105,1,2
1.0604766404144599,2729.102890053074,1,2
0.6142756593139977,2605.035691402444,1,2
0.050610204265234354,1229.8119813425014,1,2
0.31088491677457475,2927.011489239523,1,2
0.6938823671868829,2373.743041887403,0,3
0.8729655091408494,1909.6167913574768,1,2
0.21187905002740665,769.0311751663012,1,2
0.025838980873558758,337.14319160551594,1,2
0.4777787349725389,1683.8492283520873,1,2
0.28351245494028676,2675.3494908143784,1,2
0.07131712212021211,213.5157186330346,1,2
0.44473933679903244,3569.618345118871,1,1
0.006223633012285693,142.37456119196327,1,1
0.04649692021865643,443.07518334722647,1,2
0.1976668277390876,929.0982617999695,1,2
0.09699177089071576,286.2598076131586,1,1
0.30816607073261576,2235.045061725226,1,2
0.020094997935266912,1198.4821548236332,0,3
0.9939854821868218,2349.303839737272,0,3
0.4495984128152694,1489.2890801277142,1,2
0.5361068102012025,1429.950578016967,0,3
0.4291792788344542,3246.3634440944884,0,3
0.03326729311121636,431.50191661732083,1,2
0.8571980583992627,2211.3154765641766,1,2
0.557279754053463,1781.2832655247596,1,2
0.11628259045849636,278.5854550556269,0,3
0.9011133561852963,3028.0413673452454,1,2
0.028125840506641533,512.6482035209989,1,2
0.4335936602150732,1357.6678197066165,0,3
1.129177124710473,2473.7833254512725,1,2
0.5919337110615343,1509.69368142291,1,2
0.6230580423125811,2749.1669878528423,1,2
0.008035954868136049,479.2709378450223,0,3
0.732904735643921,2456.2654752679878,1,2
0.059597696925631355,300.53690192462625,0,3
1.1350522876549933,3169.8457961558984,1,2
0.6124668071519024,1600.2669937975372,1,2
0.012780068596967264,557.6303493293038,1,2
1.092984055832447,2330.8567358768273,1,2
0.553739287102168,1553.3911538602988,0,3
0.7875671820416916,1716.969595067181,1,1
0.6649935351596424,4432.621844392599,1,2
0.02343521160292633,483.8447373818584,1,2
0.3461359712975855,1569.7303162906956,1,1
0.3322786193844523,2854.508062825971,1,2
0.3151603762532549,1465.189982745228,0,3
0.5285469350132342,4313.598568493465,1,2
0.0033667015534108347,200.79284135175487,0,3
0.341349841102245,1587.6129108927823,1,2
0.6631503891295635,1687.8807685147149,1,2
0.042636727057744614,132.26820338743792,0,3
0.7630777969085244,2714.7749502326456,1,2
0.04325837780615535,943.929144358774,0,3
0.39853484087804714,1918.032863484435,0,3
0.19437390948108965,414.400812920543,1,2
1.300204052209931,3363.1474780765393,1,2
0.6363989878107155,2479.9926807794245,0,3
0.008699662579772862,379.5907546659814,1,2
0.10710808425231047,1208.3474801677169,1,2
0.050188234545493746,605.5510379626126,1,2
0.5826427098153102,1827.6149670335824,0,3
0.22520015110854,2094.000796201237,1,2
0.04025051019320108,1113.809607980675,1,2
0.39749191702580844,1067.2133117184374,1,2
0.10529394673361643,948.5892776447832,0,3
0.12812215719338826,444.8335820173414,1,2
0.8035701069152286,2241.800458707663,1,2
0.024774945815609326,566.762537586804,1,2
0.13979498525305223,401.9357375700066,1,2
1.4174071193997848,3630.017523760237,0,3
0.32439257484192235,851.8804081616372,0,3
1.133123447609886,2886.3878315080883,0,3
0.002025247046517097,36.914070526640174,0,2
0.348218456577432,1325.8036938458688,1,1
0.19313995348728483,577.7767290583784,1,2
0.2979371083263747,1069.8344496225218,0,3
1.1734465788452582,4036.7898013827357,0,3
0.06265696927065283,757.2842717823303,0,3
1.161643556944292,2989.156623589782,1,2
0.032329167822915,179.79835929130587,1,2
1.0186407610274224,2779.2481152952723,1,2
0.25842684472423627,1039.4129453678,1,1
0.03916643628995471,895.9885920695269,1,1
0.3215368580185423,866.4064782870188,1,2
0.8374838325357069,2845.641873039865,1,2
0.1140782878255871,378.62206601974293,0,3
0.272628733197193,1931.8701303968671,0,3
0.021918068895304656,956.3470119098447,1,2
1.1727815691059207,3488.214019136077,1,2
0.1098227881196867,1170.413080568326,1,2
0.259713922008832,2240.4720061713915,0,3
0.9233006420994537,5449.859086223248,1,2
0.053995135331423735,758.7361974134118,1,2
0.6201441122662236,1806.0919088186256,1,2
0.1952042568182706,818.3582235561446,0,3
1.401212656047173,3033.77828530902,0,3
0.7226360043261186,2746.2944060818077,0,3
0.017000263906268777,238.8866239911086,1,2
0.1596373008829187,577.586188056493,0,3
0.13227605908230133,1415.4363454978297,1,1
0.3634467595769592,3088.4061310196353,0,3
0.38003868733612733,3034.4509677236324,0,3
0.004508986317601475,63.359988113874344,0,2
0.7741173340644283,1701.9498301640542,1,2
0.6812297576491319,2173.406695954511,1,2
0.6934194606845026,2111.903687421138,1,2
0.677787841059046,3655.889810574987,0,3
0.039857363803852346,725.9862663244521,1,2
0.2832640056168617,1252.9683889786536,0,3
0.7763952781293437,2859.2580985086934,1,2
0.1197011838409945,992.4879802822663,1,2
0.6025632847775538,1440.455457491792,1,2
0.04360650867038808,612.7558782465009,1,2
0.1146996098789147,380.3324376531002,0,3
1.0339937089738278,2478.6456416509172,0,3
0.7666888986118056,1659.6180545238574,0,3
0.7021512340883871,2765.2933721879326,1,2
0.0029806109275884196,61.53786600827773,0,3
0.09462264135527429,398.16764093232257,1,1
1.181202375776481,3755.088088419682,1,2
0.9790499912357417,2139.339448519517,0,3
0.48052408306679495,2712.0448108699643,1,1
0.012106699056346109,157.96641437359636,1,2
0.5907862276177923,1394.5066099241299,0,3
0.43846174660042253,2092.2441085855407,0,3
0.21339183096758974,1810.1428644449772,0,3
0.7637189990902337,3473.051245513119,0,3
0.04121829847224497,799.7123635052001,1,2
0.3899447753371767,1380.2670334702975,1,2
0.2015474500541141,811.2999703020893,1,2
0.7264383678250562,2096.4996042811,0,3
0.8416793484599915,4098.910106696018,0,3
0.021173661838299926,462.02464159727583,1,2
0.1501258695839161,785.0008656409653,1,1
0.4018327923670709,5286.252801291349,1,1
0.8329810968461351,1800.555993747888,1,2
0.48585947705538646,2291.0660645350395,1,2
0.006735473789658621,215.52776043437945,1,1
0.5970109965436508,1646.7058651839075,1,2
0.5283292979188325,1639.854580147165,1,2
1.3864251829857048,3552.632900016678,0,3
0.18142903812793804,1295.9317889971521,1,2
0.04633122792063417,844.4768345616706,1,2
0.34684327320491215,3199.447870809244,0,3
0.24101302796477392,1354.5379873522947,1,2
0.3381095362785327,1280.9242306231447,1,2
0.84559849631835,2652.4546004439253,0,3
0.01137073546943825,254.17040907422262,1,2
0.22336281137787156,2087.19206430786,0,3
0.23170465839885498,2302.5589105748363,0,3
0.4246734167566116,1383.4951382997738,0,3
1.3450441267844253,3549.4633684086184,1,2
0.011890538140611681,288.93632187885265,1,2
0.12441093001080691,1238.684751824426,1,2
0.6641372238641676,2415.057686830386,0,3
0.08620136714328765,349.08301480862383,1,2
0.4483218435367664,1513.6273650723338,0,3
0.028751133482988973,375.140527103772,1,2
0.33241921654027556,1080.801502275512,1,1
0.09859610473565816,699.9949573965573,0,3
1.2743376792209782,2794.7611712552807,1,2
0.03638964120799327,161.0413666526657,1,2
0.023222360601525188,1512.931388524316,1,2
0.2990221822334241,1461.348401857667,0,3
0.25017889050498204,1038.869669934753,1,2
0.05983372437856141,450.3989247204396,1,2
0.054197756829748034,541.9197094668771,1,1
0.01393793254026703,264.99984818798004,1,2
0.1402321522456115,718.6076222809385,0,3
1.1073226801441827,3784.32753297222,0,3
0.403619889661348,1521.2555429167028,1,2
0.6072651769987272,2737.478099893729,1,2
0.03448035876588212,1525.5213973359705,0,3
0.0666041479531055,512.661942998223,0,3
0.768272996262392,2432.8316919071713,1,2
0.13081100640074977,435.07799882139517,1,2
0.08367701427744959,390.60956258320186,0,3
0.028324356159568066,1395.0149265739085,1,2
0.22651833059821352,846.5701009624677,1,2
0.06401336734800471,749.9013013824184,1,2
0.2783266767097723,883.2757931468097,1,2
0.19341697078338269,1210.8068540670477,1,2
0.0077071097492109435,472.37975389012024,1,2
0.218651499360286,808.6733690017232,0,3
0.6893561343914069,2552.144465809981,1,2
0.23118174261204547,865.8660065291397,1,1
0.6411729136545308,3488.408891277652,0,3
0.04865959826923958,826.8879126025987,1,2
0.936536534610024,2406.308693541482,1,2
1.230406397435793,2756.9096294275378,1,2
0.12455859764118805,847.9793136898796,1,2
0.8336946241524016,2560.3124029414766,0,3
0.0027384354308737074,109.09543184775802,0,3
0.6256852068931013,1863.0510256444643,1,2
0.5181924827743263,1882.4740310097686,1,2
0.8960520524168695,2964.848294381098,1,2
0.2665472669819377,1069.1167551484161,0,3
0.016273781773025568,997.4433061097102,0,3
0.20766391465943015,1275.0197227936524,1,2
0.5130033521106425,1938.7575591289888,1,2
0.22562373160316454,680.4450502547759,1,2
0.22130777857889086,669.6130252762458,0,3
0.026919369089154866,1475.118991177681,1,2
0.7746914003375525,1757.755255537519,1,2
0.20681994629441905,1690.9832576423596,1,2
0.7961881037274079,2128.0875141591146,1,2
0.320414895453258,2506.8791611973998,0,3
0.015157132499658799,929.002278785741,1,1
0.027052811573597332,294.65654230717195,1,2
0.7700773878981798,2597.350451120925,0,3
0.03748628749965272,546.1723206598039,0,3
0.13593120866361366,663.9940646668948,1,2
0.01342036798868481,390.26112181130577,0,3
0.5000439164447225,2340.7456422016426,1,2
0.45329416930468397,1640.8301489437538,1,2
1.0816791958418228,2582.7495114897365,1,2
0.22601262938251795,2060.0681056040094,0,3
0.01605688198023129,790.8243319095396,1,2
0.1652459386776368,780.3947400996416,1,2
0.42230758684947,3019.699821146223,0,3
0.47124627506778477,1869.3815619685063,0,3
0.2021949202152679,1503.1796449600665,0,3
0.006853832562969005,237.72232650991668,0,3
0.05787771203665151,306.84925957802056,0,3
0.4965154933500414,1188.1720793321092,1,2
0.05952883096630778,634.7473086099621,1,2
0.4148671626831845,1522.0407456928062,0,3
0.026914682368087407,511.72487174587957,1,2
0.49180309720279897,1275.456504370212,1,2
0.2859215091240128,1039.191603076814,1,2
0.30189630198586676,1941.5996367569005,0,3
0.0430148678928618,305.874393642452,1,2
0.012750360232596706,307.2745995570271,0,3
0.09213508072590616,385.5903791662142,1,1
0.7787057951513767,1790.3475668690012,1,2
0.16862789277746137,1268.5324373419899,1,2
0.02342550780938098,262.9496516762372,1,2
0.02168815720063685,752.244695224182,0,3
0.11651833325259955,403.99876586270904,1,2
0.9666230640111642,3411.613766529245,0,3
0.6117422288736596,2191.5557890179775,1,2
0.27338883286604393,2305.429827582119,1,2
0.02878056027684368,912.9767143879126,1,2
0.5834020795461944,2075.049961104821,1,2
0.044624988864092274,286.3792095150994,1,2
0.24887426313716637,1762.240740767949,0,3
0.4872831973626578,2970.753319865946,0,3
0.010948173515645343,599.9345162269547,1,2
0.3289989259461031,1412.477941653705,1,2
0.1837939485707181,696.1619500465313,1,2
0.3696499899155114,2193.2955559731217,0,3
0.35732660139921124,3270.6193259763777,1,2
0.002637060817417431,161.62922035104796,0,3
0.021810189995315855,125.40339291826302,1,2
0.42280163302995755,2276.193421613173,0,3
0.507454246610356,1821.9545082121817,0,3
0.38311405055172604,3791.475161664913,1,2
0.007755924845368681,361.16332597073455,1,2
0.5526136408329212,1730.0809802126444,1,2
0.32685650291059204,1499.1227640285786,1,2
0.5853643068581141,2129.969159916665,1,2
0.452381885056118,3164.777923811831,1,2
0.029756787226987585,1316.5354786174864,1,1
0.41698221340599767,2048.344501340257,0,3
0.25552140051095046,1726.1394898016763,0,3
0.4675888444528951,3203.960964579994,1,2
0.8702634291923419,3745.4462535650755,1,2
0.03349008278684176,444.86445934442827,1,2
0.19780251430770832,1279.7314684711955,0,3
0.5058644678347632,3461.198417619275,1,2
0.564861301194188,3266.922681061331,0,3
0.6455250849274122,3008.6580377305495,1,2
0.012232737473617396,541.2154464721528,1,2
0.09356203065673593,486.9977189188212,0,3
0.13926993665211365,730.9499121771594,1,2
0.1716292027913524,2312.473046979748,0,3
0.32618626049390825,4448.771145224879,1,2
0.01790705314955056,833.8619832924603,1,2
0.3086779820538362,1193.8793171833363,1,2
0.3222375220791931,1642.1908523787176,1,2
0.10194029489764678,709.9196969508636,1,2
0.022274563816675683,242.9348096941668,1,2
0.012055711033190957,533.3832303227092,1,2
1.0381398441703682,2519.058834007956,0,3
0.5536623589756429,1912.833205749104,0,3
0.9561611808613134,2939.886175302496,0,3
0.7957305443804628,3778.5349878977345,1,2
0.008151156074704567,282.71945193023714,1,2
0.0606560973271538,230.9149941002584,1,1
0.2394554404350057,1634.5293191402325,1,1
0.3865601186074793,1950.8000867922894,0,3
0.7335324415066545,4319.064464608929,1,2
0.019597177495508215,912.5645161637885,0,3
0.528401775569626,3664.9541341009817,0,3
0.5207513540363141,2333.8004382934882,1,2
0.3904529443017413,2786.6245198169627,1,2
0.05402003801650424,419.35946616654866,0,3
0.041838968465840114,565.3827174895957,0,3
0.3668134936033497,2363.0326035923003,0,3
0.6447015359811092,1967.9750170810748,0,3
0.14187167089107278,1287.236158220598,1,2
0.6796349045991198,2617.803773083389,1,2
0.06530460989176845,882.4810734841955,1,2
0.44744730333856314,3073.706773746956,0,3
0.7493255366810764,2840.320892863071,1,2
0.20943636948089894,777.2109819433557,1,2
0.02866734765626908,255.8815992205824,1,2
0.005051494385726888,223.49427470499649,1,2
0.8618403189293312,1772.195786204438,0,3
0.36873670695425936,1049.8698617643252,1,2
0.20133978590164975,895.0334324106901,0,3
0.38168939607906927,2173.3114127212098,1,1
0.019921816512122555,480.10158768387566,1,2
0.3692326482123195,1279.3313882088191,1,2
0.018877056258775303,628.1642008714514,1,2
0.4240103065484792,1436.261320242259,0,3
0.7884361158078012,1806.852553674051,0,3
0.022454679825781854,1666.869292718958,1,1
0.8954005804359577,1963.1340748104913,1,2
0.5196405349510732,4026.660669676814,1,2
0.22326859380221373,773.3768762255361,0,3
0.0808756484584135,934.3495984819621,0,3
0.02137600318809179,1567.7782060174811,0,3
0.1609234653738302,1262.2754397248405,1,2
0.3436115456443857,3222.9970868249698,1,2
0.01397864802593262,249.77218674422136,1,2
0.13880224787352546,1579.8127041317173,1,1
0.0025379955967184953,139.0762722501206,0,3
0.43736122113521125,897.8185674023656,1,1
0.5696520570887106,1777.4942862750536,0,3
0.051420774557103185,385.72273308259764,1,1
0.5400797223323333,3584.927950129893,0,3
0.00849861239065161,376.0058048593206,0,3
0.16756531404933261,1218.7048406979234,1,2
0.4839386002344928,2263.477037448424,0,3
0.07347299258414237,305.5359401431358,0,3
0.4153083552773735,3531.612280276339,1,2
0.02670834754243288,847.2419977744441,1,2
0.25292826537190005,990.822035398307,0,3
0.39160675282602336,1641.037413880392,0,3
0.47629582203227944,1546.9314013689784,0,3
0.03997199687445392,372.92930697824295,1,2
0.028250136970993243,381.7527007902713,1,2
0.26476309909929596,825.5296917249848,0,3
0.31869238674203093,2222.619192065421,0,3
0.3134322547067323,1879.902666872658,1,2
0.37693805334306574,2816.388677896485,1,2
0.020395529803865827,275.6714161974492,1,2
0.7553673176252224,2661.1450487787865,1,2
0.3627546143456534,1965.2299821072356,1,2
0.32376693694679504,2193.168174858628,1,2
0.021625741688351994,237.58468083808282,1,2
0.04880534752852819,1419.247944090141,1,2
0.250205317358936,1777.047471069769,0,3
0.6120744484768258,1633.7821313043662,1,2
0.4164728489771211,1028.367552563815,0,3
0.11094568100466529,1016.7668441566806,0,3
0.017539499344953594,510.0444858249419,0,3
0.5206535613865189,3476.524915138375,1,2
0.04013316907465628,840.189572404626,1,2
0.20411977764672665,1433.321195802276,1,2
0.5303131628776295,3022.565950683296,1,2
0.00949992372877375,341.8090322669893,1,2
0.4393998265572656,2993.523023762851,0,3
0.4569134116087838,2533.507056231189,0,3
0.541195991731332,1926.347453376099,1,2
0.4507003643976515,1750.0103911506035,0,3
0.03465146970476836,835.0757377328396,0,3
0.4865555248862669,1648.8781577714676,0,3
0.6113931241726186,1937.559262731016,1,2
0.8412716672212297,2396.1131980374385,0,3
0.588530886087255,2819.7507056377067,1,2
0.020439178191733152,648.3714552732841,1,2
0.01582369183567046,70.46423909921441,0,2
0.4068028435383666,2464.27195240641,1,2
0.2520278462286382,772.040764563238,1,2
0.7994373788209089,2764.1773548083124,0,3
0.07673631994778937,1019.3244878769574,1,2
0.09315886500063762,423.9228471418642,1,2
0.8610589478413373,2196.232452930911,1,2
0.13311589901061097,682.4932472229748,1,2
0.32765675740177885,2966.9780843667136,1,2
0.009285539812985187,410.8219919260331,0,3
0.5048435282738407,1928.3957170870344,0,3
0.11691813335394956,2440.9281070118614,1,1
0.3573314080350419,1564.0446268737448,1,2
0.33328394727931065,913.8180247664527,0,3
0.059398532157675855,1009.3780058716148,1,2
0.4587205446107036,1979.4270708043346,0,3
0.04627995577969341,1167.2042164121435,1,2
0.07435896146104587,522.5503409379472,0,3
0.6024518542815432,4689.683989901734,0,3
0.026059601424051924,1697.7769677855958,1,2
0.5530082869733884,1925.4923792691145,1,2
0.2284611148662267,1203.117060511274,1,2
0.1823320006286256,787.9757463645487,1,2
0.17361993982299692,3502.280203353175,1,2
0.030153704257637817,1404.1410066691656,1,2
0.514195655732364,1754.0051376321173,1,2
0.33655872507185985,3005.8925554591065,0,3
0.057075383746606013,366.979643328364,0,3
0.08018916116004153,884.8322888697664,0,3
0.015180571604930491,288.625960779422,0,3
0.35067119537265734,1546.2579593181747,1,2
0.5663319707505854,2683.3106828082214,0,3
0.45255371987413806,1910.594945142701,0,3
0.04742226165245266,373.67833138844367,1,2
0.07602852670101647,1009.9225385877493,1,2
0.35204264679041863,2465.2082886906874,1,2
0.210682307284071,1746.2191491086667,1,2
0.04990814094308688,396.0388480711572,1,1
0.2733702731822277,2752.065811860019,1,2
0.02656532389594501,640.2053834809027,1,2
0.3813632726094363,1899.4851724931573,1,2
0.7378134388396543,4318.470510623943,1,2
0.22135532460531931,1528.9192076846384,0,3
0.2369366745546192,1334.2906050042127,0,3
0.05493134308086317,742.4666721753537,1,2
0.4848048710032952,1684.3745544650324,1,2
0.04772377029259655,1318.7542862873554,1,2
0.3561792156886991,1847.6125838973674,0,3
0.4591967395892837,2814.868594751845,1,2
0.014764249760034119,465.26014440371296,1,2
0.5729353400915791,2465.162504723422,0,3
0.0239872943138075,1421.6669104997713,0,3
0.40838699955653107,1810.3948664770753,1,2
0.5032121962340937,3130.2397269316853,1,2
0.06273116656348625,1192.6983839211682,0,3
0.3958566456359862,2731.6098886402015,1,1
0.04772670304233245,507.5076336424874,0,3
0.09081718646111418,414.83094003809475,0,3
0.15427050786951021,1980.973070390643,0,3
0.025239192891303892,1005.4940923281712,1,2
0.04261947956759863,128.58972936052777,0,3
0.4478720774173112,1740.518470328694,1,2
0.908654985749014,2204.931273672554,1,2
0.5505896047617064,2937.801655507539,0,3
0.04228850191399941,561.7379825602775,0,3
0.02678501469270219,177.48692949150978,0,3
0.14373178799784803,987.9384330118479,1,2
0.4104226869472932,1245.3630214252719,1,2
1.1049058414748345,4170.059452883752,1,1
0.023625909152683533,1163.6097122984083,1,2
0.06322121052036705,268.1359890602082,1,2
1.2081134004100456,2523.7738175076065,0,3
1.0272252497187095,2305.8906852105483,0,3
0.5041455734864578,3052.0559506614945,1,1
0.04609210541755094,1110.7869092757278,0,3
0.919328483002789,2901.6788305557384,1,2
0.19015239305092324,1217.899862079578,1,2
0.43902252991820157,1462.4563562976625,1,2
0.6499571560122657,2646.4460018264044,1,2
0.06523538798088294,881.5456567298786,0,3
0.4837408533205003,1586.152044703867,1,2
0.3143961691034798,1064.014035709633,1,2
0.13982458928143715,1018.9679027509786,1,2
0.03847591891681762,371.81211888617565,1,2
0.03300182021906236,1314.7462919773782,0,3
1.047545025187598,2682.4422346745305,1,2
0.48775294235515326,2375.302882662965,1,2
0.55742868260598,2133.1914219530477,1,2
0.03930322766189972,438.1328160322837,1,2
0.015374630768921411,680.2228588566011,1,2
0.5318483431812775,2292.402994008415,1,2
0.49824942259548816,3744.0992204598892,0,3
0.5715673086200908,1885.069702283563,0,3
0.1548106314057734,692.9246544717566,0,3
0.03817732730564966,1110.1876337982849,0,3
0.3430211365396138,1609.2101585099813,1,2
0.40602963084285476,1328.7440262660132,0,3
0.3239887526927692,2054.5392374369303,1,2
0.5541448417609957,4945.415800513525,1,2
0.020066421285562908,271.1636594479031,1,2
0.23238557044846098,1547.968023454344,1,2
0.3802162530359667,1589.7087058693414,1,2
0.11872939432831725,354.9561510953903,1,2
0.2760463274725061,1571.507423210439,1,2
0.030526590360509212,412.51510844030173,0,3
0.16544273763603215,1105.7768910612533,1,1
1.1175954440962146,2948.9565298315865,1,2
0.48766063765769313,1232.5853438159345,1,1
0.13511576888025023,780.4219639307756,0,3
0.008576188508957848,270.2581417250402,0,3
0.2665961211106113,1806.6299513409042,1,2
0.4948583094459324,1626.5008473430398,0,3
0.06834449483047116,507.91807905672914,1,2
0.5201848250454436,5573.516188481042,1,2
0.04024782711020298,534.6307431107119,1,2
0.26380020201785204,540.0666782308166,1,2
0.5387976771964321,4089.241017398009,0,3
0.029215334353571435,168.08422738127098,1,2
0.3191474170542082,1894.2282347335374,1,2
0.022153890028680928,299.4378815955762,1,2
1.0444713291788474,2230.002793968757,1,2
0.03372438736736355,1632.6029492301423,1,2
0.49640986785940144,1315.3124978762412,1,1
0.04642596836758292,323.89768129702765,0,3
0.006984209975195633,221.55305575756105,0,3
0.8578018325188336,3052.5536917658987,0,3
0.25926983508811036,1108.4895816916164,0,3
0.13648040205974873,649.6025003029962,0,3
0.46509222072388384,3065.516040466814,0,3
0.0032254703855659306,158.8590154613841,0,3
0.05270713184468822,287.85494954519214,1,2
0.37432362317866136,1259.141850195959,1,2
0.59322422363098,2060.061140075669,1,2
0.5467530980994368,4267.352741940633,1,2
0.01973480836625706,786.2071228251115,0,3
0.26215970513464454,1893.3586059371125,1,2
0.2616451809987492,982.7260917795772,1,2
0.18407519213017773,1381.1123869166847,1,2
0.48585361020187184,2075.748570623421,0,3
0.022822775904054463,1124.0542546719912,0,3
0.6402199846080883,2231.732740751667,1,2
0.19262508484179017,1156.0489047155527,0,3
0.6969315478007492,2281.159228000957,1,2
0.22745658628580265,912.94340482817,0,3
0.010841902881831006,594.1111319706285,1,2
0.8488514127197123,2931.5911051015314,1,2
0.3297947433802878,2443.7360598193663,1,2
0.04690302991426709,291.31895769989535,1,2
0.25511542221669864,2092.954043971987,1,2
0.019758464311957262,1287.259351430204,0,3
0.2512561566731561,1393.9697719970634,0,3
0.2555783589682044,1847.07154065483,1,2
0.44457593460642225,1412.088906659821,1,2
1.1032252496786996,2891.1460517202327,0,3
0.022054184245328082,531.4901311741181,1,2
0.16934685163828198,906.8353965644594,1,2
1.336251643431613,2807.276359471393,1,2
0.30151606568804445,1315.7300780356722,1,2
0.13834115790441667,1298.486593953767,1,2
0.01732569556696449,234.1787185467315,1,2
0.16355434939221045,639.4980172665142,0,3
0.3649126678846267,2302.799340698813,1,2
0.13529201929886478,1039.3423638416666,1,2
0.07922794886336681,428.2446181532185,1,1
0.012907692834130687,406.7551775087647,1,2
0.32149406417361986,1186.3691158323215,1,2
0.025752740451310135,120.97434383797564,1,2
0.29211584643979077,2116.0801860300808,1,2
0.39088422279935614,2227.318956863776,1,2
0.03153238747824514,759.9080777878174,0,3
0.19046887466420595,830.5769031417797,1,2
0.39710897851523197,1934.1269013708675,1,2
0.20945641494071363,879.9657322619418,1,2
0.171256305923033,1180.4917407448368,1,2
0.024992212582775238,1163.7903666836883,1,2
0.17573704385482927,1135.0728035125665,1,2
0.4026040383229747,1751.8768651409905,1,2
0.07804903471798004,439.1708191850139,0,3
1.039986471884412,2861.533160086617,1,2
0.014692077736524298,900.4984087613917,0,3
0.6224272470477854,2101.536645347037,1,2
0.3802771594771623,1093.9730088922236,0,3
0.37024364979226343,1041.040050695066,1,1
0.4409698008028061,2624.2186415124766,1,2
0.03465090486998753,1099.1957409607019,0,3
0.9116045053192218,2808.583701164677,0,3
0.6229409493463429,2378.6723137927524,1,2
0.15602306543989114,1109.1453082288303,1,2
0.030320254166904075,285.74394655200575,1,2
0.014404678824252323,194.69747780704276,0,3
0.7606653438310702,2346.8458602846695,1,2
0.6095843746410824,1968.611635231532,1,2
0.23952244737897138,623.5508620394047,1,2
0.23609410604398287,1661.1709665278654,1,2
0.008890527012393406,280.1637705160108,1,2
0.0819566097012893,730.8778297088279,1,2
0.1401732626909587,735.6533645115164,1,2
0.050289477663900746,310.86571548826504,0,3
0.33811933854518583,2816.125721863549,1,2
0.03626906797528694,490.2223883889394,1,2
0.9459618074795869,2267.181890755204,1,2
0.5634121936404423,1942.6053121429459,1,2
0.8478866738644768,2189.864659773868,0,3
0.25604018072004364,3399.183248500439,1,2
0.009569070162163488,344.2969338708805,1,2
0.15093552311177416,731.644103266281,1,2
0.13604689495257605,796.3121730197732,1,2
0.2883894268298152,1273.7890387736884,1,2
0.05167294537782765,1203.633717699477,0,3
0.026646365529404303,353.9561568175608,1,2
0.5403287865665068,3686.855723716586,1,2
0.12209635845927078,1073.601197822422,1,1
1.1223596682810826,3918.7701788037275,1,2
0.3996744826794659,2369.9421265545443,0,3
0.052695817913476925,895.4766670341954,1,1
0.3393092410488879,1467.6641298943114,0,3
1.2158177789451317,2556.973791174687,0,3
0.8171098474488325,2342.4292510347877,1,2
0.5482177395633479,3762.2277484106744,0,3
0.0023567101055282187,172.84796923152638,1,2
0.5172345341214228,1862.725063595749,0,3
0.84127166548309,3107.1458085490003,1,2
0.5987007541514372,1798.8199657088396,0,3
0.2970380241719574,1672.6066018179379,1,2
0.026338493289788947,1226.4814354510252,1,2
0.39216968899270427,1395.0444339406597,1,2
0.13525912978263846,1320.1121891704158,1,2
0.5963251588836308,2120.1298204788104,1,2
0.36703393454366307,3870.845899506033,1,2
0.02339782207450462,1282.146382405492,1,2
0.2571121813057129,941.4166032603206,1,2
0.19266951466494114,1473.8459570147168,0,3
0.12262847623363894,967.9381310519951,1,1
0.25541932719806043,1762.7554640968292,1,2
0.01830437636421065,580.651287923764,0,3
0.5834580710878131,2605.606452991029,1,2
0.11252148606175917,698.468619915324,1,1
0.3458161139253502,1585.7289442916076,1,2
0.4309551201718292,3015.106174511491,1,2
0.023477141007745506,446.3674067130452,1,2
0.7375179390915734,2340.1694014424043,1,2
0.5298739020125276,2355.685409645948,0,3
1.1378540503334964,2460.811698840859,0,3
1.2418303462241769,2912.2610760725574,0,3
0.04703082717120382,635.6811936685164,1,2
0.5070901930401231,1297.8559386951276,0,3
1.0865503964061891,4436.741861283089,1,1
0.5490078101947564,2004.6509749142492,1,2
0.08798870459896421,609.3847425142616,1,2
0.03791130635064256,512.4193199235285,1,1
0.4539241674436098,2815.182201803202,1,2
0.1999870629895582,1486.3526618901303,1,2
0.2987439910634993,1130.5077762755902,1,2
0.11048457979148392,826.7102770929608,0,3
0.009975968141356352,346.0122980776071,1,2
0.28091096321112624,911.7558128554955,1,2
0.09500653337367734,521.5726835050511,1,2
0.21297527902394303,647.7189685111524,1,2
0.07930428350687248,562.9290045602548,1,2
0.04056036816801615,689.2551390019498,1,2
0.19964747636912406,943.8223883262178,0,3
0.15097739201884974,1007.4577470621177,0,3
0.4166737711625917,968.9009711097934,1,2
0.4657573373015159,4409.558791197622,1,2
0.02266295707618265,1389.0449772258085,1,2
0.6009162544138952,2012.1309874949823,0,3
0.6026936175471114,2308.606216954432,1,2
0.6828295970897957,1536.8384396977883,1,2
0.6420568484255164,3008.298541923485,0,3
0.04673890994099024,631.7355625895847,1,2
0.6819925378591865,1408.9188413682896,1,2
0.8797643244224992,4048.001523366216,1,2
0.25490350659342675,838.8422032370979,1,2
0.04247214730674011,366.48051217363314,1,2
0.07009298339284463,931.077936097165,1,2
0.14199722037324158,435.4649128294096,1,2
0.1905078249498153,1075.4714148114429,1,2
0.021100508618814153,133.01250337104665,1,2
0.3508340846508423,5041.788311118788,1,3
0.02638084437147037,356.5705229676997,0,3
0.2701526379350719,1236.5314232828887,1,2
0.1369435489394765,1311.4715483282869,1,2
0.02380300903206929,162.38335411263606,1,2
0.34786944219700444,1770.282662211104,1,2
0.017948045480059148,622.5204786702855,1,2
0.2099729357380808,636.7891648825885,0,3
0.7575022054201517,1899.8460324663486,1,2
0.0647183631651095,343.22086977790974,1,2
0.07645459446904714,507.4496343763363,0,3
0.027791724120116212,808.176753523566,0,3
0.33200546235951794,2267.908061581207,1,1
0.9659746135593813,2411.901996434767,0,3
0.2694098283317337,661.5615021932387,1,2
0.7618076373751992,2603.841323757286,1,1
0.025095588007914883,339.12432034500745,1,2
0.1500417129069215,654.9263203665425,0,3
0.6106088830922424,2691.3502585682745,1,2
0.5026154032170457,1805.6647725417058,1,2
0.4509661554475745,2160.7868304724775,1,2
0.003743668964182115,165.63189345504767,1,2
0.502644004574132,3199.141190855029,1,2
0.5912897022832516,2210.9783058933644,1,2
0.5445025172576111,1643.9279421992849,1,1
0.3848405987611799,1282.861331812475,1,2
0.00438422311469271,193.97205863114738,1,1
0.14053709576016765,492.03251319432707,1,2
0.020166306490622378,331.932790544809,0,3
0.11307832091192274,455.7190255582215,1,2
1.0498471567006804,5956.562737211575,1,2
0.026915681923672448,968.4312689028413,0,3
0.3818213160004525,2586.563268512584,1,2
0.24534442572498935,1173.560611847556,1,2
0.9771323572620125,2148.416660375873,1,2
0.6576342655074615,3004.4814184355614,1,2
0.022876740587474912,1698.1999609264806,1,2
0.4513527046002936,1354.6471040108158,1,2
0.6464721729982407,2682.467235290188,1,2
0.5084857064955812,1587.0353740513933,0,3
0.9055382295008187,2447.85444897857,1,2
0.007244339695759025,471.9670451645076,1,2
0.5344280844612755,1925.5879935806934,0,3
0.5838491295194039,2098.839727288048,1,1
0.3897939248090304,1058.929705496092,0,3
0.5240008015923495,2255.321572819999,1,2
0.009056996896150952,120.30833286185258,0,3
1.122716601982648,3784.789492909846,1,2
0.21899980589703089,1155.558711673624,1,2
0.1375824487479696,856.4077367135142,0,3
0.08898241488639125,603.9903866663719,1,2
0.010610320497359133,778.1917455872705,1,2
0.14400217230605972,938.6483111810525,1,2
0.484246202486321,1516.7253381289963,0,3
0.17445475578516315,663.6611628373976,0,3
0.04967540278205258,448.20334986038586,1,2
0.02181498317212481,1074.4190256834006,1,2
0.5847165659349438,1679.3932009274467,0,3
0.021436148220433736,605.3453538291201,0,3
0.8675592606780433,2644.254218706646,1,2
0.379224264056607,1411.039348740642,1,1
0.02201943411855643,877.2234127283164,0,3
0.010894601595531081,277.73552066180275,1,2
0.5631427404532446,2405.689681869303,0,3
0.6183104014158605,2094.2050289577887,0,3
0.8065708424197818,5195.84186871266,1,2
0.007251829601317715,320.84414497424183,1,2
0.17555007055584723,908.5615610204276,1,2
0.07169916379374149,907.041616456502,1,2
0.12187241638716885,792.6905195798355,0,3
0.46958875056606597,3242.3094635430048,1,2
0.026346625188361884,947.9565011515614,1,2
0.13926991465470145,551.8368637518992,1,2
0.5149699558352036,1990.2368226537126,1,2
0.5050050534205566,1596.2901258684637,1,2
0.5433685663300479,3554.82731241647,1,2
0.014101342654493532,623.8885185812524,0,3
0.29205066572899163,1058.6224997900897,1,2
0.21892483445403496,601.5796426290074,0,3
0.5717452524858228,1811.982455585651,1,2
0.09230397924842171,319.8067392428633,1,2
0.016010582849185898,1188.5072117215784,1,2
0.48634716985615684,2978.5742118764792,0,3
0.57117717593635,2324.254998822062,0,3
0.9685271263894433,3281.132584533984,1,2
0.2939666623374167,1924.6010775268553,1,2
0.019317185712699886,367.2747924769633,1,2
0.26938017482182636,851.0969959849821,0,3
0.08662447674024057,749.8038201187679,1,2
0.3844064469445104,1617.215988414696,0,3
0.7920507938969075,3419.492705813756,1,2
0.026758340380958107,1066.0148004506873,1,2
0.21685037771093213,765.919307945538,1,2
0.6727731960205123,2527.7283042478393,1,2
0.7076540824070907,1796.2110810225072,1,1
0.739791529679899,1727.8849599787447,1,2
0.04644275018951383,1350.5441731734604,0,3
0.12907625524052724,363.20534511731614,0,3
0.17105835062066196,1075.351536948752,0,3
0.40254617509730245,1870.7424975674157,0,3
0.40395136801593085,2150.011253832175,1,2
0.05224739749157527,694.0266581358,0,3
0.7430211894960584,1979.1198621403785,0,3
0.5809649401871366,2640.798779740471,1,2
0.6550683480548685,1991.683269310021,0,3
0.32134132320454056,1576.2305730776834,1,2
0.025500753742594792,433.3423575618977,1,2
0.491934007386023,3172.577624441506,1,2
0.42160364443487514,2184.87055281516,1,2
0.6916002794981683,1899.4211898898718,1,1
0.7740738133093671,3254.178489863593,1,2
0.03539734902946141,601.5183250935289,1,2
0.633019734023601,2166.3755345772233,1,2
0.6948099489793412,2054.1210077740966,0,3
0.33535829153150115,2179.2159227819393,1,2
0.6698985181203628,5639.029242846299,1,3
0.010842039831268005,533.985920595004,1,2
0.08431483189092578,381.5672692103808,0,3
0.44768138696770615,2107.8279610063737,0,3
0.2518507864127003,1350.9408219654092,1,2
0.5592255247698449,2558.800396719683,0,3
0.036504112910204355,1313.4248088550128,0,3
0.20784876387374662,593.9041065747414,1,2
0.2434420451876252,1639.1865254617542,1,2
0.8654868304233004,2636.3052586854014,1,2
0.907536041975715,3014.6729605121086,1,2
0.003347918233893585,245.54605444440205,1,2
0.3037775299404899,726.6548292976005,0,3
0.6291750658442309,2452.582204015935,1,2
0.5775577431021415,2223.3026055861123,1,2
0.1697538681044832,777.5982313860752,1,2
0.0813758197458661,1099.6562246372162,1,2
0.4355159173839559,1640.1863748469152,1,2
0.16939200162511017,1223.5854603712696,0,3
0.1677751517703996,1067.951394042336,1,2
0.39648226539910003,2130.953445475223,0,3
0.0019002823292901708,55.25975995682517,0,2
0.7851822987371249,2496.8630618309985,0,3
0.3021280447782466,1671.0600392893823,1,2
0.1430155849393005,645.3445542542903,1,2
0.4035851623933363,6362.2447191878055,1,2
0.0024632684151947846,85.43743855698094,0,3
0.6114667322099986,1950.7110726573283,1,2
0.3448659406229018,1963.4636374581003,1,2
0.9940990650114382,2227.536781563182,0,3
0.1360254007788237,1350.817711930942,1,2
0.001282547402462694,40.41642476745943,0,3
0.11279502162012228,701.9704542192438,1,2
0.75583016721502,2742.9747043411585,1,2
0.6295584173351467,1626.7973383962858,0,3
1.1969386828069444,2606.2520620879704,0,3
0.024339695695011255,328.90971741214884,1,2
0.03345814859632486,278.19797798836225,1,2
0.3223896878860185,1406.7581106283862,0,3
0.2515379675622047,650.5830257697698,1,2
1.2404288860890644,5872.196356591531,1,2
0.0019472875142143922,46.92824204471651,0,3
0.4104866100516195,1398.248047491667,1,2
1.0050681459488602,2933.1922201704683,0,3
0.1745167242995114,639.8450038305747,0,3
0.3728938461263984,1851.5862931705105,0,3
0.043174954531760096,583.4363038989927,0,3
1.033559187091597,3631.0963185404376,0,3
0.5154679708839619,1579.392194824157,1,1
0.21225652565478634,970.11965967629,1,2
0.22862085932471723,1405.518395315476,1,2
0.02459874617809436,780.3212393265387,1,2
1.2783361558034065,2758.2844653600664,1,2
0.011096146040426188,243.15168649591502,1,2
0.0965799165931498,579.2172971395371,0,3
0.7839259850313062,4320.471045571652,1,2
0.02816274321795548,1311.4296762597173,0,3
0.3043233891745401,2167.781009302849,0,3
0.604344470779379,2798.358716036545,0,3
0.07843231523974664,255.11483194750127,1,1
0.7530984797427248,1816.4845620884787,1,2
0.008022191114942607,319.59285736040914,0,3
1.2198898679842507,2516.6146106908004,1,2
0.5653173749634315,1880.5277013845068,1,2
0.5971706540489494,2012.0526903960529,0,3
0.39603278840099737,2242.9290300699786,1,2
0.007149245916194482,247.9686155701844,1,1
0.6927894914209013,2364.040604873575,0,3
0.24410840085447166,1250.4304734458287,1,2
0.2916723277156003,1372.2372531424578,1,2
0.335045558535174,3358.0737063567303,1,2
0.0021492443104478343,77.33021220311767,0,3
0.5714842073621641,2190.772646815608,1,2
0.9187950154540199,2997.653585370326,0,3
0.9943297676384594,2370.2544485218536,0,3
0.6219957038625263,3285.1798782629794,1,2
0.020496213692545177,348.29862882775376,0,3
0.13061751097857574,457.3551668187955,1,2
0.9436040644109409,3205.4161323100434,1,2
0.35046907224539803,1210.9571716790838,0,3
0.18532309487413917,2089.381247271766,1,2
0.044457087593622054,1071.3841443380009,1,2
0.18863341715118873,1355.0172477768137,1,2
0.06696004103452742,608.1334410654084,1,2
0.7788365607488936,2301.2396213132597,1,2
0.27484130637272164,1930.7896955469103,0,3
0.008950639301356195,310.4491945084466,1,2
0.2262119997830889,843.6140730309534,0,3
0.25191990989561264,1177.3048830816515,1,2
0.6900431243852326,2431.3102011405003,1,2
0.48484831388987326,2553.2922172460344,1,2
0.019211864892880952,849.994374357196,0,3
0.8596822859845674,2069.0252847303304,1,2
0.44568632739115144,1577.2908844892693,1,2
0.4909291960526736,3105.8584981552044,1,2
0.024184185495978287,291.13713733409975,0,3
0.05097178892597638,1228.3838060428627,1,2
0.9355550265243718,3186.66282909035,1,2
0.05642321112557744,690.8903835596748,1,2
0.39341546729976884,1914.564002550161,1,2
0.059603870591703766,717.6248227946253,1,2
0.01970424349952073,708.9623658477161,0,3
0.06298223790557274,336.4318117987598,1,2
0.2911192337101729,2085.106328077938,1,2
0.37051251277094066,923.7827077737676,1,2
0.05080686619354433,533.7750043224978,1,1
0.0076216239791428615,496.5470284195614,1,2
0.9233609412565412,2346.323058360081,0,3
0.49594298913148693,1865.2575598954124,0,3
0.5017990975432521,1905.6162200260148,1,2
0.6077571997614378,2158.5611921881145,1,2
0.02107220853743397,1564.2448528920825,0,3
0.2931999016449479,1398.1961488372021,1,2
0.14603098864541386,1844.7381630759269,1,2
0.3086213673504489,745.8451520025591,1,2
0.23168603596520126,1058.1866413904618,1,2
0.02837035472360844,539.4013547615681,1,2
0.1316318561795529,418.744037481799,0,3
0.07806710459940773,332.05689010679964,1,2
0.090434240465738,691.5935568575931,0,3
0.4208275624890338,3191.635516481315,1,2
0.017550736057437687,510.37124676199,0,3
0.4047048321973977,1719.1267824018516,1,1
0.4338774301582957,2056.6982406360653,1,2
0.04415922515619967,318.05184218404605,0,3
0.03457726963953366,219.21596542593778,0,3
0.022611516826883452,1000.4058536584828,1,2
0.09032609136018947,742.7893817506881,0,3
0.12437853207965811,550.5309476711275,1,2
0.35913413592428484,1438.9776205729459,0,3
0.10271685390143294,543.5003229757707,1,2
0.022440528074654246,778.3403654826099,1,2
0.17253018531461706,1084.0893098930776,1,2
0.5845374916841443,2129.708306750672,0,3
0.05831921454738457,442.5038607216747,1,2
0.46682388543840875,2106.225617215623,1,2
0.017124478662918923,1049.5837323601675,1,2
1.0193599903059958,2448.291119206051,0,3
0.04829227915370309,367.65299565728407,0,3
0.42788663990376063,2612.434642802237,0,3
0.2368945306287941,701.7620554155633,0,3
0.019463379661912337,330.74735413515515,1,2
0.4826695987972765,3320.014597097285,0,3
0.48268530276649213,3601.9887516995755,1,2
1.4082429628481365,2966.7267600262603,1,2
0.18108798733247264,2845.5132181909034,1,2
0.0005293336696491046,16.791518646006555,0,2
0.18921835658179276,696.479453690131,1,2
0.4024579958011913,1827.8038012119086,1,2
0.4207082900807408,1025.1731722705276,0,3
0.020004724786114293,218.32102377006456,0,3
0.026060508248032643,1934.5393160056874,0,3
0.7184364854106048,2385.2347582065563,0,3
0.44691565759834445,3493.9940425208197,1,2
0.07764714563596412,425.9084896083556,1,2
0.10263457129810251,970.6605118686565,0,3
0.01708855968742004,680.7842820527896,0,3
0.46613744899495363,1331.7747531341417,1,2
0.13229737199459318,1800.2124183298722,0,3
0.7395482061455321,1775.499566057262,1,2
0.3552223208722946,2026.0029001774767,1,2
0.002456894971046821,59.209418762307095,0,2
0.34026874320046857,2139.61555459577,0,3
0.7842128015757097,3007.8323952726037,1,2
0.315621503311209,2093.4738117402185,1,2
0.45916615311423975,2199.9185549145054,0,3
0.026690073082062366,1738.8520495719115,1,2
0.40656250511805486,1450.7242821351601,0,3
0.26996683088997786,909.4798298627146,1,1
0.07862176844635445,372.4560145032093,1,2
0.03249551337289269,471.5013570738148,0,3
0.020134162456691574,382.80785037528767,0,3
0.3018137671570399,1101.2253029199037,1,2
0.8458395277516572,2072.3794876634024,1,2
0.01650110602419456,351.2303041507235,1,2
0.0238026480137712,289.52512559444614,1,2
0.013401632044568868,821.4051509500727,0,3
0.4405730938443753,2982.817927017547,0,3
0.13021397466061144,1233.5767261885437,0,3
0.2665434130011149,938.9922827666828,1,2
0.41582160456814243,3596.9443291969833,1,2
0.06545387813358147,1112.2784113866433,1,2
0.049426885072481164,292.53786918147415,1,2
0.6097382720814429,2881.9998501156106,1,2
0.22106821426671291,1586.7792729912517,1,2
0.43100568219616064,2654.362981459618,1,2
0.00047099617143146305,21.932464172244483,0,3
0.11572473103545694,408.69409508755786,1,2
0.9642470784580698,3229.6011436037393,1,2
0.5708398798999544,2245.7999228636804,1,2
0.0955333408203165,720.2697257059633,1,2
0.005185257756411829,255.38133779906352,1,1
0.48707303790275025,1433.3146742336207,1,2
0.1689021268225162,721.7691931812465,1,2
1.016207305300498,2568.5981808434276,1,2
0.35508956790327934,1163.488740211485,0,3
0.05012440570578428,851.7798477325873,1,2
0.011510055524332197,133.14579079145187,1,2
0.32576517582959685,2758.0323708395226,1,2
0.3575450498573985,1175.239620771789,0,3
0.5663670153174083,4678.682459400032,1,2
0.021274441325832276,1579.2571188240606,1,2
0.16853198531177316,582.950071108609,1,2
0.14673901281298538,1210.6961855000225,1,1
0.22286814260984017,958.7620811085947,1,2
0.049000049184822814,555.6741613192848,1,2
0.02692312574023508,1191.1652276813168,1,2
0.642187308326603,2070.5127475807153,1,2
0.16630543151381857,630.2678559599398,1,2
0.47226710653181914,1411.8682880663216,1,2
0.6404867607825255,1595.1641410581678,0,3
0.038934294117517754,740.2519707022991,0,3
0.22647651858721188,709.2662872983005,1,2
0.01782086879581384,593.1565501081964,1,2
0.785123346741415,2440.1686109457232,0,3
0.06683286299369863,476.5229633141147,1,2
0.007769067562836487,382.6376548388717,1,2
0.15985781228539372,571.5712720213959,1,2
0.6265656958184201,1976.4411394668755,1,2
0.3436732194698739,1618.6282024812836,1,2
0.10711942873968719,592.6810754374594,1,2
0.04520028956261458,1089.294782409884,1,1
0.7543028078968724,2378.4602201968505,1,2
0.6165405288253182,1655.0010837111943,0,3
0.46004076124897586,1821.4005864964804,1,2
0.25473558326272555,3105.5195382414067,0,3
0.026349118046199674,948.0461946427348,1,2
0.3944157906284835,1539.7987235281444,1,2
0.05109284407181161,341.9350326335274,0,3
0.45520061336649476,1378.4338774966839,0,3
0.23575033516746668,1437.0735088810154,0,3
0.026718838726898314,961.3488138728164,1,2
1.242024984172725,2599.43064979103,0,3
0.18325967125767867,935.9676998510078,1,2
0.46014534563408316,2913.6845258938993,1,2
0.6309418906813214,3459.5670799916347,0,3
0.05174921419956404,687.4090560753453,0,3
0.022591737512494055,128.75406622360984,1,2
0.0850439521229406,325.8838148737193,0,3
0.06658405202230962,543.5842611917443,0,3
0.3304611473823285,2166.723670903982,0,3
0.003147112458861905,42.527888699967725,0,1
0.3090231029389404,913.6072289303661,1,2
0.4557743041463722,1850.3352681338106,1,2
0.18635706843446995,881.689958895601,1,2
0.6752896073167179,2512.761942658451,1,2
0.0678568054480393,1153.1121137159098,1,2
0.7608554876069656,1968.2710322525443,1,2
0.2252171591117787,733.610352824324,1,2
1.2585777887557617,3123.015919225865,0,3
0.28263239441479593,2502.190208842268,1,2
0.012580172977655069,689.364301599309,1,2
0.12788658160170108,924.9469935282,0,3
0.4503769820125672,1582.91645982951,1,2
0.29855682466002537,943.6298542143662,0,3
0.17846438070483736,1208.820239227724,1,2
0.0032859012581084265,62.47435421600506,0,2
0.03146864853373435,325.04018020113443,1,2
0.8341028757561063,2816.9652259474324,0,3
0.28413782121496495,1281.2919679799356,1,2
0.6796751920287086,4787.964178379085,1,2
0.005823611480935225,356.93745744278584,1,2
0.5421977618505184,2407.444940170696,1,2
0.6721691158686278,2650.1848906332575,0,3
0.04744978111424076,663.7985930174484,1,2
0.1394464196545572,967.5912268443249,1,2
0.014994882526974257,1099.7682691532739,1,2
0.3899468885965699,1329.0750451168274,1,2
0.3225251415264334,1180.4726068544671,0,3
0.13079243761165535,733.0702691383893,1,2
0.11468033103433117,709.3432768439213,1,2
0.005765430838789729,353.3714828670802,1,2
0.35866249734829636,2567.671185792883,0,3
0.06194028668623547,313.2010499301803,1,2
0.6292091515254535,2332.222616595068,0,3
0.07826000231497013,600.1666759098256,1,2
0.04499884046262545,1427.452875192572,0,3
0.815423843941491,1660.1758051746442,0,3
0.5454084726489703,1582.7476767100102,0,3
0.8720029219847983,2729.5953663978107,1,2
0.12036123985509366,888.9606698663008,0,3
0.0014557094023796586,46.178002599813354,0,3
0.2117512141917779,1031.4900398751922,1,2
0.08889393418937713,811.6273547730156,1,2
0.19985810073555044,691.7690180185693,0,3
0.317602441830522,2145.6343404037425,1,2
0.02710305557063505,1199.1258990930594,1,2
0.36837130667887796,1394.1776246021172,0,3
0.42609834764136356,2189.1541147426974,1,2
0.41208090981533424,1279.3417610252918,1,2
0.1444679633117609,1775.625991158815,1,1
0.011229118826199567,833.5666997216994,1,2
0.7854757664684476,1878.2997119619852,1,2
0.21205026105610522,911.1573090187209,1,2
0.6423463988427642,2970.9784694182404,1,2
0.5884644292828961,2616.942500606977,0,3
0.04194162562432871,1509.0675331355162,0,3
0.6445305800459374,2127.758383831012,0,3
0.05606579041810772,480.1294927910055,1,2
0.04884026332651758,309.01606724145904,0,3
0.2648349566834862,4239.273912884889,0,3
0.02659464576050432,838.0668796589932,1,2
0.13486669850428376,619.5510694071543,0,3
0.5647842453235017,2330.6256057163714,1,2
0.16665537803628416,651.7098092339318,1,2
0.41504163094895286,4471.610245107432,0,3
0.002698630382522366,97.09722581270981,0,2
0.10589043110925181,694.1966913515236,0,3
0.09422503526417507,665.1682879404715,1,2
0.22534166576117887,1487.7471499832802,1,2
0.08571710196248448,417.179515811455,1,1
0.008898683379898678,320.1762920812549,0,3
1.0327213570898106,2671.641673970429,1,2
0.22281637667315837,1752.0763055257498,1,2
0.72763963187111,1860.9275606823362,1,2
0.06903402042367428,538.7934842814318,0,3
0.007093577892491984,526.5747388180914,1,2
0.8695957901381084,2112.3565175969984,1,2
0.2440098439900271,1914.6600580149498,0,3
0.5163267949627655,1784.907985065163,0,3
0.07417880859421033,507.5110552597152,1,2
0.04519553771226688,859.2960683317666,0,3
0.039383417307344085,187.2352525440804,1,2
0.6195141845058014,3582.770512129991,1,2
0.1859375853973603,592.371516354322,1,2
0.18013932210043604,776.3374755840872,1,2
0.010021062800790575,360.55971353225675,1,2
0.5780580988744958,1336.1947953732965,0,3
0.12458952802677663,2253.9015269947117,1,2
0.39000431044946104,1258.2560023685776,1,2
0.30254862381593345,3470.001250393904,1,2
0.012412604569173674,360.9556003121628,0,3
0.0985819714420793,305.0260609372323,1,2
0.6218060806783953,3552.4336099360294,1,2
0.34348586368965395,2444.6813910000483,1,2
0.2901478015389814,1524.905559602676,1,2
0.019427328016025626,564.9420963510686,0,3
0.2852318819468616,1081.5336717730422,1,2
0.22102408213222818,2097.423045614535,1,2
0.055424740197354654,347.8416030651438,1,2
0.3597870290111016,2351.773466963491,1,2
0.013867793427691224,849.976847292526,0,3
0.2751314120778896,1841.6642683457267,1,2
0.3038798542254599,2156.941119456011,0,3
0.3883365865324448,1633.2094593700153,1,2
0.3735865595268974,4615.778092007065,0,3
0.0043713455466972626,324.4963507022404,1,2
0.763692783641136,2588.768178622438,1,2
0.5320032391920486,2143.6867896330277,1,1
0.47977011363961575,3076.822788916826,0,3
0.29597102003937076,1671.4294820123373,1,2
0.030208537632882324,1406.6943841931022,1,2
0.2823305219846148,691.5098369631899,1,2
0.33726665986657917,2347.928227688527,1,2
0.1577272050220591,463.516475560244,1,1
0.6024308718752818,1941.7196387063234,1,2
0.005266044371586815,126.90791836548235,0,3
0.19748396635111604,1458.7441800418214,1,2
0.5416633607070446,1890.777380689403,1,2
0.33043662296687404,1438.6351713076967,1,2
1.2920564655194835,2599.2120824590165,1,2
0.008854137958865837,391.73539355917757,0,3
0.6178593117179917,2095.759054276351,0,3
0.39204319114598185,1182.9336575787272,0,3
0.06505356478122604,238.57028470812048,1,2
0.6132185404682201,2501.82023324768,1,2
0.042353362264018105,1469.008721823546,1,2
1.0990681446412303,2413.4904476647134,1,2
0.045345002000289854,233.78048058760925,1,2
0.3224625708351488,1996.0369134783193,1,2
0.2663603264293714,3862.15275843336,0,3
0.02093444149855748,278.0819939505317,1,2
1.1349667219341293,3885.9371561629646,0,3
0.31982636392069375,2411.1640406629526,1,2
0.574742013014538,2139.6466897919104,1,2
0.32215967448550276,1364.9762756093112,1,2
0.021752180826191413,1595.3681674061595,0,3
0.1762642948711422,1306.9382825965147,1,2
0.05264334583413796,678.2055051335932,1,2
0.25006703701770305,1628.7766432533535,1,2
0.6760061293653163,4578.629194857005,1,2
0.007569680226040111,463.95650231525843,0,3
0.08979287267422184,434.8565898046465,1,2
0.21924857887257565,1071.091482995365,1,2
0.4954784426202548,3056.783998044468,1,2
0.3308947933371974,2303.9121560334124,0,3
0.012881588430442693,789.5309357842381,1,2
0.32671894460936607,958.5481163718634,1,2
0.4527473138526141,3180.366263612506,1,2
0.47197030903620674,2074.1434549801484,1,2
0.21754857964844812,1338.016031110252,0,3
0.006819562752946697,301.71927649400226,0,3
0.4232840645972888,1546.6454589606915,1,2
0.17458540410484677,733.8134551562831,0,3
0.4468249421930626,1382.64940077821,1,2
0.37513327329471824,3638.183618648501,0,3
0.021992126924973265,1346.596491487006,1,2
0.3892415529394737,2918.8312600916274,1,2
0.6001522313537935,2006.2941860688595,0,3
0.5179616794537119,1457.128834830577,1,2
1.0340092030979482,2402.5681080568515,1,2
0.011879798219438919,727.4100707241838,0,3
0.11217157385125413,903.9053352758268,0,3
0.49252113907817774,1723.7173728625833,1,2
0.531646937565618,1894.973091006272,1,2
1.1186562253839363,7544.21769913567,1,2
0.0020103125286974194,38.610514918034234,0,2
0.3219947948549807,1303.981429784409,1,2
0.7606528958345787,2123.2724611985705,1,2
0.6024625035199893,1582.9501117923462,0,3
1.1324930493411374,4236.740550578502,1,2
0.06751192785691522,974.0593963797893,1,2
0.4947526444164604,1915.4997690845644,1,2
0.26898279110716145,1930.9143934365923,1,2
0.7565048707431277,1748.3475320388002,1,2
0.9045717777800723,2338.7426991574566,1,2
0.05733250054915189,1270.9712312616596,1,2
0.5348059562024985,2303.3094943453834,1,2
0.18650519095532397,1670.9240617931225,1,2
0.23770546927460928,1065.3149637609567,1,2
0.03709117403888215,121.03675512804699,1,1
0.009785146284386325,480.7382761363154,1,2
0.8943811428290351,2877.754599182947,1,2
0.37205517038789,1769.414795231897,1,2
0.17528152738927041,830.7799830194192,1,1
0.025328090189718218,285.4327584995359,1,2
0.04294047927981916,536.2061157928654,1,2
0.4346552591158853,1758.463344242075,1,2
0.08217801909410166,741.5315574158301,0,3
0.18209270689271814,1852.2079221947804,0,3
0.5478302329759042,2451.776978673975,0,3
0.007466320599364596,146.8853258674223,1,2
0.4947440802561238,2348.857767237496,0,3
0.2973804289236647,1589.1342857249908,1,2
0.2065777812204987,1705.432648017121,0,3
0.5469545587580983,6625.872654623282,1,2
0.06327607191740803,912.9446362098129,1,2
0.32655621784479033,1586.9351945344083,1,2
0.6213318033788717,2497.2613916500195,1,2
0.2877516880081138,1485.343155760005,1,2
0.609992083168928,2136.999258208961,1,2
0.01365155250072507,725.6346723410087,1,2
0.7130438509460644,1746.4420870404,1,2
0.07857380409116954,552.1795761353603,1,2
1.092344712472278,2976.9096978286148,1,2
0.3564074010859083,3301.701930835395,1,2
0.0034814861143900398,171.04329198378986,1,2
0.20621514387090575,579.412401441458,1,2
0.17887857666604542,888.0681889371521,1,2
0.3688594051976113,1494.3219336008203,0,3
0.16970965193970447,492.34804212969283,1,2
0.002527736502198833,127.32562944017484,0,3
0.24516681098711243,931.1694423678888,0,3
0.6762961537260657,1936.3054288106207,1,2
0.014178702853562068,400.4076476072413,1,2
0.13305158756632113,742.8820941178965,0,3
0.0020792301167354495,117.10936343241097,0,3
0.5537980065570648,2375.144256109195,1,2
0.3236477028171644,1868.8102721859173,0,3
0.07956287501012789,853.8279339245009,1,1
0.36135491666458824,1359.087528144701,1,2
0.0377569379371409,471.4782269563869,1,2
1.0207686002946326,3299.8685209347655,1,1
0.4112517877193063,1763.93956299364,0,3
0.262802775757849,1012.6947245873323,1,2
0.5350508197478353,3690.7048732849726,1,2
0.025501585306184054,1838.1508691073675,1,2
0.3808111877385584,1826.1932305047314,0,3
0.48096598006839836,2166.9817126343337,0,3
0.26317433889212083,1171.419969362375,0,3
0.8832352554928318,3500.661591486839,0,3
0.0603498242291722,707.4395648675322,0,3
0.3668138272583575,918.3453020902223,0,3
0.3908997129021077,1995.042940553129,1,1
0.10387541448446479,547.8463213424903,0,3
0.12269419028688008,309.53384974464717,0,3
0.0208327329650469,260.14238806569807,1,1
0.15234915826857906,367.5097497706564,0,3
0.6154915930943471,3299.930880895089,1,1
0.755548838525762,2490.073874064093,1,2
0.16257675066584276,586.3801545141206,0,3
0.02836769026804155,544.8362444391101,1,2
0.8483494498788349,2741.379071737381,1,2
1.0393036793225083,3576.556128736987,1,2
0.24510973568384936,930.9712335906064,0,3
0.23684912007763798,1732.349958996497,0,3
0.001605318523698522,115.71114517398377,0,3
0.6015600379527852,1684.5767973593665,0,3
0.22332262383709964,980.5302251540321,1,2
0.13601370263077422,873.5860265589581,1,1
0.21697606818612117,2858.681664159775,1,2
0.055013647025882996,793.7347001592627,1,2
0.10876288571020468,527.1522258152474,1,2
0.563475799730276,2707.453314511599,1,2
0.43507730721402327,1654.517813071667,1,2
0.05000512466206791,448.0059638478981,1,2
0.014389199455834424,276.3622035465546,1,2
0.08693034415732817,304.5578470514545,1,2
0.32953939673260235,1544.374597129157,1,2
0.12960948900382155,970.651553569604,1,2
1.2684562458455584,2668.1622237228685,1,2
0.008512015875942653,106.29119765208259,0,3
0.4893869779359038,1136.0872605536567,0,3
0.40112485037594753,1799.709878280121,1,1
0.4298256894956213,1436.3110596528252,0,3
0.14690347488854108,951.3948694449589,1,2
0.03411222151594119,1675.9126629431032,0,3
0.48302502326377184,1669.8460072653647,1,2
0.5096147491174998,2175.612512508732,0,3
0.43139116577007136,2172.479198034235,0,3
0.5932072886107265,2764.079306538933,0,3
0.020732661816178524,1102.0239832019543,1,2
1.1347956939364918,3543.698352391979,1,2
0.4533370528632139,1909.45343177851,0,3
0.6225338129413885,1842.9029357495574,1,2
0.1198277575801037,572.0554758509422,0,3
0.0296456314206255,1456.471812472029,1,1
0.39079538959082344,1856.1776824992835,0,3
0.9602425165312275,4965.757697351959,1,2
0.08220753227170595,976.8569358345907,1,2
0.5682083647454335,3160.3261409109923,0,3
0.005977116717820215,276.10056221490817,1,2
0.6168861248007195,1928.7662800416974,1,2
0.3303878386889257,2593.1397485054204,1,2
0.926661096155136,2392.419980150344,0,3
0.22797505330765336,2352.0896507515504,0,3
0.0006782089958848478,41.52730918064996,0,3
0.10523305341054173,452.8428161834557,1,2
0.1499587988881059,1829.3475509415077,0,3
0.3249852577230224,1690.2160182030962,1,2
0.2933794323962689,1708.3325485324347,1,2
0.011710216567827265,589.8600166917583,0,3
0.4562499690756869,1899.498137417285,1,1
0.5565527214130138,1791.6228677512236,1,1
0.12588502932503698,642.3321577716856,1,2
1.0190726456354284,5415.36695947491,1,3
0.032299186118148915,403.32621857397226,1,2
0.03759276103713801,218.68000040283013,1,2
0.4847753171445345,2110.7441061152176,0,3
0.08242799037503155,783.9090795125816,0,3
1.0641671486674997,5574.8090489348,1,2
0.0006634971293713778,37.370431408482936,0,3
0.944278854897174,3833.7857144487807,1,2
0.2883430086811885,2244.1339322947974,1,2
0.394735226062993,1593.4013471900844,1,2
0.0734588469472219,618.9402691287139,1,2
0.0077917083329619085,200.5584399684505,0,3
0.5268658325865815,2255.66508309103,0,3
0.42114858677380573,1448.4424275413294,0,3
0.44567293715955636,1147.8150962434845,1,2
0.1883226125867226,1994.3303802366922,1,2
0.004665374736927686,262.7698883436138,0,3
0.2775630044841293,674.0097183018976,1,2
0.3286062359206811,1010.4251099499178,0,3
0.7611710034037605,3185.827030762741,0,3
0.5684894591611129,2846.605105139029,0,3
0.0025595807536938063,156.72528966208375,0,3
0.327329353877695,778.1678096466311,1,2
0.6863676675705417,2082.7740744429916,1,2
0.12189400259352,820.30003661911,1,2
0.3164759525908951,865.9552079432306,0,3
0.022234206971743255,572.308109291528,1,2
0.0879837765402464,449.34357432903676,1,2
0.8826619555369538,2591.8960528971256,1,2
0.2715996648228675,1841.733890000552,0,3
0.1849393252862121,870.3418996694476,0,3
0.07869737688655136,922.5153307725175,0,3
0.1544576913990583,364.53902432966936,1,2
0.18793937377360878,858.6817038581742,1,2
0.7635966126673458,1968.3483983846709,0,3
0.3063894647598462,936.7671298275195,1,2
0.033496259788045,1071.729815006991,1,2
0.6640351929503422,2327.7085117673496,1,2
0.2650578894755922,1150.8039033971718,0,3
0.05120834434189546,449.22973111425847,0,3
0.03954774259622024,458.8488650843169,1,2
0.06550479350017654,767.867731222025,1,2
0.018989830670850822,362.2417039594399,0,3
0.15888426629759828,734.83254721703,1,2
0.12303180816691482,800.3689787462889,1,2
1.4242099049099572,7509.637413336229,1,2
0.013437969976911325,258.0926760665504,1,2
0.5793751535955973,1731.995344718511,0,3
1.1121220316084734,3813.1213830366,1,2
0.1695021162075744,990.9596218694847,1,2
0.1890298885891953,1165.2272264315502,1,2
0.028445632229859012,309.8826915632231,1,2
0.2895518406299601,1440.8321296882912,1,2
0.3294099556103158,1728.705726617922,0,3
0.3045663288002582,963.6148046150751,0,3
0.04918342394616042,445.28040759563385,0,3
0.007766718124966987,96.9845196908136,0,2
0.5501387020031147,1585.286052739357,0,3
0.20318863202512483,1310.0218601398058,1,2
0.3458343892518906,1425.5301502846205,1,2
0.6134379394748467,1878.6523354771825,0,3
0.011503720357649462,531.390603238616,0,3
0.6203011357872342,1601.1753179612615,1,2
1.0020108621472779,2534.7937556212773,1,2
0.8109758200507012,2155.4100972656124,0,3
0.6318144838350558,7274.4226518037985,1,2
0.02120385961943794,678.4282391876194,1,2
0.6747508935975064,1680.139928695787,1,2
0.28802941049028985,2205.9042756001977,1,2
0.30392683526494935,696.5375104161172,0,3
0.24156572641770174,1792.8219702194694,0,3
0.021693904774957074,270.8960079359649,0,3
0.4063123079107116,1580.6359395866273,0,3
0.25413135664566405,1938.462012232427,1,2
0.3546758724913229,1081.8945545881475,1,2
0.11489806575371592,698.0793022250793,1,2
0.02487037991483157,270.9343988536172,1,2
0.9451348868883075,3080.5108534378896,0,3
1.0099288941878555,3281.8291155203224,0,3
0.39960183132567434,1357.0589091459283,1,2
0.4508455143716613,1482.6439283664138,1,2
0.011501668320215834,647.8133634895705,0,3
0.41472726082480676,1814.6781458355365,1,2
0.9672663927631993,2705.633320765503,0,3
0.5911597976023857,2492.889314941068,0,3
0.08237908761638278,1522.888571790277,1,2
0.008558177061815784,189.72130525313713,1,1
0.26769891179519467,759.1251765016771,1,2
0.16838490856299285,830.9362428488047,1,2
0.06322145776574754,718.2610370330989,0,3
0.8951963937854106,2552.1616180496303,0,3
0.017266918360739247,797.6096322337912,0,3
0.3273072885906231,1351.6892229282134,0,3
0.17098415231593028,422.028751350329,1,2
0.3153814616078212,1364.2292581383235,1,1
0.20720480597677937,973.6105738038849,0,3
0.010336914150786435,510.78452652675486,1,2
0.32566291306110623,1032.4528466938812,1,2
0.16223183941677172,847.8683691669015,1,2
0.3990822643123608,1031.6495123888678,1,2
0.08468882646890609,988.736330675804,1,2
0.05081969477542626,595.7243988334563,1,2
0.3684784109413463,1098.5471850717308,1,2
0.03764312947748567,198.52693474483718,1,2
0.5329388997433276,1426.6809195212973,1,2
0.48330317489450536,3218.4154049239382,1,2
0.02424095393013287,1221.0508155021544,1,2
0.30703046636410086,1333.5344555704198,1,2
0.8252633305118333,2268.0800367758907,1,2
0.786604390873669,1956.562904765566,1,2
0.24518889114766335,2995.7545922285963,1,2
0.05380307793794547,1192.7294912565808,1,2
0.29833626374044475,1577.9754171006145,0,3
0.05510576234235142,255.9812295112243,0,3
0.514978912273474,2368.739302405886,0,3
0.18939815043508546,1304.6348235974147,1,2
0.013007189297548558,245.1320971117749,0,3
0.20517320432215155,831.8831405176246,0,3
0.07107997802803515,397.4570943209268,0,3
0.04755923528182964,353.8429308590381,0,3
0.03850720375087031,208.60247749111832,1,2
0.05640667430392914,1250.4471216980742,1,2
0.3527631804687947,3274.59095683422,0,3
0.6786389760688406,2203.967126338213,1,2
0.8605933130516754,3541.2964217408803,0,3
0.6537773547991506,2534.8216610172617,1,2
0.02493031324401167,1796.9736550255323,1,2
0.45573348983544176,2173.4652595413404,1,2
0.15021405269020405,1096.0644468179598,1,2
0.321979797378172,1381.5898997861211,1,2
1.053150249221554,3382.5054006904647,1,2
0.009600759224520092,540.7476508741098,0,3
0.11876081635667708,499.1889243621866,0,3
0.5374505533451711,2302.670666368774,1,2
0.9424793301746761,2762.2995047169857,1,1
0.32129493748508875,2483.3610703774884,0,3
0.022184324802789368,1358.3649297477236,1,2
0.8339897596907526,2082.3707445092077,1,2
0.519380930285846,2588.5743099226675,0,3
0.09806243872028629,380.21782098294676,1,2
0.09390228013129376,1353.8302674303698,1,2
0.05108655188669091,737.0747284737462,1,2
1.0746470869781561,2936.7786647539956,1,2
0.4719417275036379,2081.925122393129,1,2
0.5109670389370125,1879.5916964665223,1,2
0.7749611463986339,2755.1121185621346,1,2
0.08413162679389757,916.5180350296182,1,2
0.5301329158828436,2480.252825389792,0,3
0.6217562342979364,1515.7104095452992,1,2
1.4380865484266145,3821.2915191117386,1,2
0.04340793786612406,493.384050837597,1,2
0.03572047357946839,1650.0335033562328,1,2
0.01576449639930676,355.71554736490873,0,3
0.5589765547670333,3010.579365953911,0,3
0.31816044341665145,971.3274161580539,0,3
0.0334009864727591,314.1606442551995,1,2
0.023249810685084676,253.2801470261128,0,3
0.7402755426906845,1678.1017330836733,1,1
0.5463847339768946,1812.370475287264,1,2
0.6255782494509414,3163.633606811835,0,3
0.051800437093516026,605.3016290677964,0,3
0.008127067573430563,401.58796929060793,1,1
1.4180453548230152,3800.6461182689877,0,3
0.11814062869981592,699.0891479052245,1,2
0.5942976841362404,2874.4446076430895,0,3
0.05333012344892755,920.5582526847661,1,2
0.003726096336606581,95.90965633051341,1,1
0.5613453481984003,2375.9152990781395,1,2
0.6190616438767057,2034.3264074500173,1,2
0.6809947893843726,3423.0727778357204,0,3
0.6858003699024576,2775.786744071477,0,3
0.030485579813302566,784.6983058932653,1,2
0.496096466046452,2291.6143546747844,1,2
0.46765057231180945,1577.292222252378,1,2
0.20318842917591665,782.5275692455107,1,2
0.13694715375900132,1618.1437603578654,1,2
0.026211153744051863,838.6391534752318,1,2
0.598593394339403,2580.797416654543,0,3
0.4550570759187978,2295.2666945526153,1,2
1.0290274285094878,3093.4630432124386,1,2
0.6921058688337384,4395.0511926560985,1,2
0.058325892722229496,1120.220223926318,1,2
0.12581371389157642,373.747467318367,1,2
0.22409809029380012,1125.0393702475772,0,3
0.574076729992113,2473.237551246738,0,3
0.06447581579836542,707.6850140376957,1,2
0.030566217811642163,1501.699661069252,1,2
0.20948999372427274,858.7685597155182,0,3
0.5865908007453428,2506.919954910548,1,2
0.6320843603329449,3191.812403925024,1,2
0.4834863739637763,3107.7798486577926,1,2
0.0028007775851749722,161.4587701971983,0,3
0.2320497511455871,1102.4399788447388,1,2
0.46604266149473833,2187.161029045394,0,3
0.6114352697005246,2126.092629071103,1,2
0.42967155261427964,2172.577295345493,1,2
0.0029677851130273237,167.15582493413686,1,2
0.2437241418025828,2333.0124601134967,0,3
0.07322974096852729,713.4453357466215,0,3
0.38047291645700604,2095.3958037302127,1,2
0.3112537594835981,2340.680444997204,1,2
0.002870493173326712,141.025580987795,1,2
0.8702944337659452,2478.572361376749,1,2
0.25112268723265463,1294.3471203693377,1,2
0.2813400460182827,1544.272148608041,0,3
0.26831589745007656,879.2901707606208,1,2
0.020563969077680933,394.95621875383557,1,2
0.26695817037976477,1278.8338725335302,1,2
1.3634011649054865,3717.95522014285,1,2
0.19716795143701066,1403.0069984932063,0,3
0.11174808129773806,1413.624753813891,1,2
0.024532344172827913,1205.259124847893,0,3
0.04065599447104633,519.1740485839063,0,3
0.7273077098158619,1671.3577053082602,1,2
0.2737894001702329,1383.3090833218287,0,3
1.3674341785013924,4015.5971597154085,1,2
0.044265418039710736,1416.2944933881279,0,3
0.20448953063680975,911.9815807791433,1,1
0.8824772044143289,2467.8785053333263,0,3
0.10726781669742905,890.2769151802411,1,2
0.023434367329559544,167.55358419206954,1,2
0.027655218687380287,301.2720382997592,1,2
0.6009638244972244,3045.7469155180893,0,3
0.6171062492313099,2240.888074169226,1,2
0.26277951968126545,1077.2497915644221,1,2
0.12822983927757234,542.9711286500724,1,2
0.050110259561019825,722.9888218255333,0,3
0.6453129343404378,2640.573139784111,0,3
0.5626025089492026,2646.4549364333247,1,2
0.11131990411375073,3252.1229847183263,1,2
0.37815702299244475,1154.7377007165485,1,2
0.04103601400259364,757.3920794648933,1,2
1.1757734821915302,3907.1811869893836,1,1
0.5347067486153979,1428.4305007403796,1,2
0.512630987604955,2597.6846802533605,0,3
0.45147510176054567,4341.122613797995,1,2
0.014953285499433117,753.2179429136544,0,3
0.711674706670053,1960.566636070538,0,3
0.26746330105459076,2353.214834751962,1,2
0.30806913625165927,2578.3996414449807,0,3
0.684226704760365,1969.3268562069404,0,3
0.029789203261370155,953.1206619047196,1,2
0.05608350712303124,194.66617010934604,1,1
0.7869314084402376,2165.356919360786,1,2
0.16545562550547283,2067.5109965618385,0,3
0.1497023684611922,645.1542763429098,1,2
0.02491064213194487,1150.6956652291417,1,2
0.8247793006884944,2057.558666441292,1,2
0.4428875286211697,1778.0358354304265,1,1
0.0351828072987726,1361.0861386548438,1,2
0.5194540519206854,3717.1814980094828,1,2
0.06374852442371493,1176.5915537762592,1,2
0.027705408019807122,335.50909768788466,0,3
0.14387563783883978,762.6682354161902,1,2
0.5735485018423379,2624.355538178752,1,2
1.2421359482104282,2642.451611747064,0,3
0.012503788499514586,614.3035120508381,1,2
0.4494865407304487,2105.7264205690785,1,2
0.1818092931954883,762.8952209696822,1,2
0.10341039442037692,708.9367251349679,1,2
0.03704389070422339,466.58913894014063,0,3
0.009059548539200964,447.66524551138497,1,2
0.06272909976823235,343.28128480237297,0,3
0.40609820905145394,1122.7693175728702,1,2
0.2719472874487586,1483.8192239144132,1,2
0.6154622494343216,3887.21773484835,0,3
0.031139721401313512,365.02957944975583,0,3
0.19220662285411363,1045.0455980131953,0,3
0.29761958694342966,1034.5887450931223,0,3
0.6617984384603497,6080.375961604105,1,2
0.09579843283943576,1036.6184446876355,1,2
0.059706987915915735,650.4394759451092,1,2
0.6005540633605482,2474.719458320667,1,2
0.5284039385098819,2238.9015681760743,0,3
0.5319507271183601,3352.439226988241,1,2
0.16009213768010044,624.858915433509,0,3
0.015306004821312065,862.0866285505689,0,3
0.07552121873022243,543.9032985598595,1,1
0.054249450424699495,309.99608046780037,0,3
0.052464802077965784,2736.4515496667045,1,2
0.15806059845632556,536.2784073400893,0,3
0.01402205941603376,808.3413980919225,1,2
0.21517042923423801,733.5358519663745,0,3
0.4088374281780699,1739.0063750039633,0,3
0.10400615749525673,929.6397467498458,0,3
0.3185474562138318,1901.369522889753,0,3
0.08996989667763869,980.119320844849,0,3
0.2530529187734719,1915.0520327291767,1,2
0.9665893093751322,2781.54523658102,1,2
0.6247397033151281,4379.794344416477,1,2
0.1884522251846525,492.1939677268749,0,3
0.01589454651813648,508.55407461289724,0,3
1.0088943814026938,3362.210714889425,1,2
1.374975732317658,4031.7120870214076,1,2
0.2984973942784152,1320.41307305912,1,1
0.20856249863308723,1005.1341011388142,0,3
0.005815051587628971,268.6142982395322,1,2
0.8859033511179225,3853.337375319433,1,1
0.4619350180636937,1374.2006726033376,1,2
0.6550797639126867,1588.675196394786,0,3
0.8120211472031487,3223.0899785035563,1,1
0.04210264103898445,525.7438667375354,0,3
0.204099695801955,1215.0323184502474,0,3
0.6367088769052014,1684.3937613861008,1,2
0.38927846708927866,2797.244830063819,0,3
0.25867083369673227,1496.207556058261,1,1
0.00927572224813764,182.48178161400486,0,3
0.6101391270493413,1561.7733350498015,1,2
0.07298397965648952,905.5429885581087,1,2
0.6613656508213618,3052.7144955910258,1,2
0.19219692216955092,1480.2379199718541,0,3
0.06902024958701675,809.0770098926824,0,3
0.2459579007346484,2702.2908128273853,1,2
0.5340975399121671,1481.5407725290167,0,3
1.1817768639465522,5444.835261047631,1,2
0.5881193457203377,1629.2201078532548,1,2
0.04857406795733607,529.1590215735843,1,2
0.8376928031387212,2619.8374349387495,1,2
0.20906752665094094,1815.8161764031577,1,2
0.46017070224348655,1973.9370836683431,0,3
0.30069601730982193,2101.3032336439987,1,2
0.023305382895598373,1427.00826286779,1,2
0.6626495475836325,2969.4354199910986,1,2
0.1866825938741022,1004.9955766426937,1,2
0.6812249182434028,3420.9199813733535,1,2
0.6400995843532185,5533.803585127362,1,2
0.0025676716151004663,136.48202656831714,0,3
0.02097981165739259,261.65781030836047,1,2
0.19180282882694735,1490.6957500636272,1,2
0.6350204059315193,2264.9935692248764,0,3
0.04973646076435095,283.4091848176431,1,2
0.007073413598992189,135.85357370392273,1,2
0.6724066650031506,1724.7844782394454,1,2
0.9379669292605161,3873.8155380102057,1,2
0.8552623024872218,3282.821043389783,1,2
0.11123507579368727,531.8964605920253,1,2
0.021782084612119033,1076.3320284052538,1,2
0.16317651313895867,449.43433996055046,0,3
0.4084327662451021,1545.6224559572772,1,2
0.1535070012777828,1564.3387356407118,0,3
0.19773770215218375,1572.7263054299058,1,2
0.029876901622703993,1476.326380081067,0,3
0.10692903667034394,817.2818501878941,0,3
0.3411887609218832,1077.5301417733583,1,2
0.5323729949916861,2167.40362217037,0,3
0.361753214341189,3873.3737338024066,0,3
0.02856624026314336,412.1525726021365,0,3
1.370580100496701,3841.063963740096,0,3
0.4464976600799073,1351.9727552454174,0,3
0.2686554931753816,1478.9998192832588,1,2
0.625540074959733,3631.128831693228,1,2
0.043586762976415123,821.4314691903653,0,3
0.4815657140664445,1525.293083512426,0,3
0.16780727250803748,726.1620324503237,1,2
0.28336561048614634,1664.7096153187065,0,3
0.056490658494970196,251.72518270782518,1,2
0.02349586787975082,1183.5197871416176,1,2
0.23848897695140825,1074.2521784940368,1,2
0.3626755422537972,1163.4066133155368,1,2
0.4794039766999619,2912.0703262537136,0,3
1.3533519963494585,4881.661012233575,0,3
0.00882395340551353,508.68182917230445,0,3
1.2760644346559378,4803.8269595320035,0,3
0.5478338410522938,2429.687542115121,1,2
0.5922997801259152,2250.965379504714,1,1
0.42980488330643174,4762.514310618134,0,3
0.02594215033658739,830.0322530647851,1,2
0.3697472787940188,1716.147373347071,1,2
0.8687752709809783,1974.9122968191532,0,3
0.050886635383809546,808.4837494609422,1,2
0.3605140285887271,3064.8031927595375,1,2
0.052558571017417274,990.5132031195882,1,2
0.1609899951635029,1405.9726200925845,1,2
0.2517732378040354,1955.9281715188204,0,3
0.22445609683611506,1548.9783846981622,1,2
0.3621961607945826,2616.141701368294,1,2
0.08369275176848702,981.0726816507413,0,3
0.9637153131813433,2731.078678001068,1,2
0.26485651700997476,1189.3674608604615,0,3
0.33498405832324113,1811.6994837635723,1,2
0.6097247120343123,3431.9143635404052,1,2
0.028404215401425875,354.6889617438522,0,3
0.8485347369709623,2530.5231217000814,1,2
0.38386678682396735,1042.243898560406,0,3
0.4407934188477055,2115.204075384519,1,2
0.21252184832553772,1750.3482263874757,1,2
0.009575217984191973,212.26750053460353,1,2
0.13056971080284124,1934.9424123861568,1,2
0.04256297982981358,255.67023638811764,1,1
1.1340328034097231,3313.150871894759,0,3
0.5723006367248722,2520.288663773344,0,3
0.038721515098230824,743.6941346218692,1,2
0.15727353963720256,1285.435065126768,1,2
1.2085186257754146,3827.6098746200723,1,2
1.355897480908507,3851.7064306536267,1,2
0.5831692726312308,6251.72386802608,1,2
0.029407790558684973,1563.1418086104852,0,3
0.670986267929599,3490.8098734508476,1,2
1.350221280919418,3626.421764727418,1,2
0.7399537416153759,1983.3888734398233,1,2
0.6951277400617307,3444.0766847962414,1,2
0.03337178242431704,656.5248666913235,1,2
0.8298687200605406,2222.26072933285,1,2
0.8421169734698141,2333.4161459621255,0,3
0.1562048215555662,411.4623138186329,1,2
0.9001536172372029,2672.903609490572,1,2
0.01643471030225388,947.4255035439967,0,3
0.43896424458259725,2079.05792630472,0,3
0.6777680820121555,2400.7127345974245,0,3
0.3859878749462659,1231.7710539682607,1,2
0.4061991550944447,1261.57739321877,0,3
0.01586334852369086,799.0590926114371,1,2
0.6413980013591528,2971.87713566146,0,3
0.6578724675685383,2582.40413998083,0,3
0.7849957264206665,2552.5526193266887,1,2
0.20521582903263494,1861.764272659,1,2
0.005008049171192842,288.7032031918306,0,3
0.6725617937942593,1867.2545260977554,0,3
0.23137623334412172,1047.0094983217946,1,2
0.7376708219822857,1680.8363339719524,0,3
0.28765013743463785,1681.2543879661814,1,2
0.012789705827604232,644.2354032700067,1,1
0.14324367304665883,637.0512914066246,1,2
0.36943424268680036,2761.9342308592077,1,2
0.8339185551416107,2850.2946263391136,0,3
0.4344422940895518,2612.0578744427453,0,3
0.002415847160120384,136.06878853596996,1,2
0.6273761745834564,2722.365387946906,1,1
0.3746185630548954,1366.8294400723146,0,3
0.3596147347009622,2306.2598805047683,1,2
0.16308844183390908,3399.6044379442433,1,2
0.05697566710026474,1051.5865157186458,0,3
0.7740270056285372,2225.700134832384,1,2
0.11955723380889856,678.3949019315659,0,3
0.32431149733861303,1330.6992020279026,1,2
0.29079135413223023,1453.571066329073,1,2
0.03233773302447048,1493.7747898066832,0,3
0.38889691559096273,1292.9776700095251,0,3
0.20294656172939643,698.995507659212,1,2
0.23696565158009142,1037.1939404287189,0,3
0.2711379768694415,1687.9475181753148,1,1
0.041364180416684646,763.4489699504851,0,3
0.05603499663465006,305.424936289044,1,2
0.08056894943947009,328.78481719856865,0,3
0.3568961020680341,1160.6720101786036,1,2
0.31315568426918156,968.5100491406455,1,1
0.07340348561894863,799.6471834380767,1,2
0.18252964089894202,802.3939198499367,1,2
0.7307494665392328,1685.1011552721359,1,2
0.5781140497213452,1362.1091416693175,0,3
0.7035517289751411,3299.3630986764606,1,2
0.006923869307679649,348.76499864402126,0,3
0.49993014729232915,2147.9959793800735,1,2
1.2644042535795366,3430.5279158681,1,2
0.40771774309778336,1889.1052105893075,1,1
0.2080922330031859,2304.868391594117,1,2
0.027336898615420494,703.6513054127987,1,2
0.767998306674968,2280.5442722869793,1,2
0.423455930031699,1508.3659556379662,0,3
0.33543615414568706,989.8237893662541,1,2
0.2666092769882433,1140.4053881074626,0,3
0.008681338906664197,277.76383988318844,0,3
0.9374857708668424,3854.8858391546914,1,2
0.3051148952967681,2317.1891426470797,1,2
0.03783585226806565,417.09517299329866,0,3
0.9986324909061647,3986.293164879831,1,2
0.03563248818605511,671.5260579781399,1,2
0.7976545517457675,2160.238000295564,0,3
0.10154611239713761,280.5973061457485,1,2
0.4587008540100667,2004.43052707874,0,3
0.26818574225700154,1158.9133290911248,1,2
0.0510817602720023,1132.4021650208676,1,2
0.49544042717047715,1906.148850757374,1,2
0.6086107141561521,2011.7380853971767,1,2
0.18668625104497652,1717.758115897193,1,2
0.1446673677773713,377.58388238477124,0,3
0.006589109819491181,304.37031959462036,1,2
0.2913492398425209,1487.3036324036036,0,3
0.31946229047369323,2010.5966377062682,1,2
0.17209211487318293,820.7094829596543,1,2
0.9538289691112181,2202.7174124417497,1,1
0.05771771540808217,720.7323371900683,1,2
0.0863599888045392,437.430998078816,1,2
0.042126955125267984,449.0353087960174,1,2
0.4163282404052768,1948.4793973763456,1,2
0.34477221263201774,983.1600424915672,1,2
0.026104752839595558,481.80929648402775,1,2
0.9426209047034608,2664.5795025937746,0,3
0.3373715793989119,1509.00797431402,0,3
0.42530119496861496,1146.1285288016527,1,2
0.14860857351784926,581.1690784639691,1,2
0.008253716232810548,158.5227317578534,1,1
0.27402309761593124,1227.8971488080456,1,2
0.12566646979363566,1162.6916344529275,1,2
0.1856155249505974,531.1094179463439,0,3
0.2600683738295921,2087.8580826200864,1,2
0.05537174625570584,1043.530002516408,1,2
0.5942395216211763,1797.1263796313424,0,3
0.3374245080912833,1012.4525346282725,0,3
0.09428024565330212,891.2262230309003,1,2
0.8751658537149682,3089.3043521329464,1,1
0.015792273792575848,780.3536891431024,0,3
0.5344471405019438,2261.0967114406417,1,2
0.5312471357103016,2161.285092386201,1,2
0.025595531875032333,233.42508405952373,1,2
0.45676975782433965,6466.884112479931,1,2
0.004609083282514945,232.16598311489685,0,3
0.5371204244860168,2387.688357932614,1,2
1.2052302126140568,3799.5495687565467,0,3
0.6356606687735524,1798.1664457561499,1,2
0.1842867521290703,1460.711429742138,1,2
0.018064988095282238,400.4723314397236,1,2
0.349611016817884,909.3342601991081,1,2
1.365633443935045,3659.9949655365385,0,3
0.11356889593181928,873.5387198409634,0,3
0.4165318157510357,1184.072803855683,1,2
0.06906745197062224,996.5024361114189,1,2
0.5217288421115677,2106.6556973356064,0,3
0.39643406870144626,1728.891166649171,1,2
0.5893551378215851,2288.3768284372413,1,2
0.6242621758936996,2699.2258431967684,1,1
0.023701280725649008,1451.24942111284,1,2
0.24388910457336188,2164.7935122972062,0,3
1.0926527068615393,3456.381163901692,0,3
0.42878931307150076,2576.495026258511,1,2
0.09538727698289436,597.7438696383862,1,2
0.01475817054313623,472.19514913369846,1,2
0.04898002962910096,375.1133659700955,1,2
0.08403403270506077,323.96317204766126,0,3
0.3356150695849804,1300.7288405729255,1,2
1.3588574954540684,7410.0845253228,1,2
0.012186960197641258,239.7547220402218,0,3
0.3641337684298808,987.6920317655209,1,2
0.2681174250709742,1059.4220886408468,0,3
0.21950525115533867,2160.997657561751,1,2
0.41120135768598853,1702.9120830657005,0,3
0.015074852816482562,217.49937383002927,1,2
0.4491646558636086,1805.641570684161,0,3
0.4512529418618231,1879.310504246337,1,2
0.3759432328983655,1385.793153468246,1,2
0.08397797916447437,650.4984313103718,1,2
0.0006344319947301198,14.064358012828015,0,2
0.5159632136592828,2019.5101916386795,1,2
0.4312774776688772,1423.324807073792,1,2
0.10760482767641073,2241.9264990605957,0,3
0.4600845108098878,2301.4119729606255,0,3
0.028012996084714633,1489.002897959205,1,1
0.022575753184250907,351.2872299888004,0,3
0.6963445141654397,2823.927408519428,1,2
0.07196394542587636,289.30707349309137,0,3
0.08216330001761372,539.5350712150992,1,2
0.07091200601772708,1023.1155881683529,1,2
0.5023551262003776,2178.8739119355164,1,2
0.6310272122789492,2505.774178566574,1,2
0.31617345389737755,1282.622608656176,1,2
0.6641859857236603,3669.4463862928897,0,3
0.0546224542623856,1049.0911512768653,0,3
0.2222247879773763,760.5768635716032,1,2
1.1770641552105547,3717.383787447189,1,2
1.2787209241798714,3724.484193305653,1,2
0.7372196611229148,4640.349360888481,0,3
0.061199801534878195,1129.5503735916093,1,2
0.12428357025578089,736.5263226035786,1,2
0.5618830789405608,2038.0174404839338,0,3
0.5821400133109664,3880.1170734354446,0,3
0.7242914625882285,2855.718446608515,0,3
0.014909373664445263,280.98046006583013,1,2
0.22427231984524598,1161.4758924266778,1,2
0.14412726237936613,1147.158025323406,0,3
0.8411924362352231,5106.009507130431,1,2
0.8308453771085346,4653.92157346246,1,1
0.08600879162885043,936.9676030639127,0,3
0.20765573780748942,595.440459566985,1,2
0.31306303825440496,2715.0344912542273,1,2
0.2077792579715541,1668.6182874073377,0,3
0.136160776723162,729.2161279819146,1,2
0.026507563150759455,682.3042246578265,0,3
0.3716582812805083,1306.3179278475457,1,2
0.029120865336879014,147.03791256156484,1,2
0.10310571089382113,2505.43843125356,1,2
0.1303507087094272,1832.259039851204,1,2
0.015208714045642306,931.2423961429085,1,2
0.5609839520851665,1636.569353458921,1,2
0.3644549849249409,1312.3296131162624,1,2
0.028221837465714397,1832.138913505356,1,2
0.5460545472994333,2510.557468210408,1,2
0.030186015078608415,376.9386408356282,1,2
0.39651691889879326,1718.4800276161939,0,3
0.2757837314150808,1273.166129451189,1,2
1.3505010301100968,5502.813039285514,1,2
0.545393722105937,1802.8024441901246,1,2
0.01844074905516974,216.16824330557924,1,2
0.4699352525095274,2086.3979384415575,1,2
0.33118060526100584,1438.3822790007962,0,3
0.18602028951805694,2267.007971371138,0,3
0.5465842439334032,3689.1187052905475,1,2
0.005993180834334521,154.2643727432789,0,3
0.9574640118967768,2682.918945122392,1,2
0.22827106431875557,989.4521104123013,1,2
0.4149968601682011,3126.51303557821,1,2
0.23888335268953856,1582.7671844112265,1,2
0.02880113700775696,553.1611200845895,0,3
0.6048078314113136,2027.2926017723698,1,2
0.6182301420850406,1704.6911340650552,1,2
0.17348353543517014,834.2929650322939,0,3
0.1247521464255822,1580.7290706002173,1,2
0.05289229571065728,1172.5388838743806,1,2
0.3763300609698626,1399.769174935532,0,3
0.5039246677822321,1378.0127124185983,1,2
0.48080396469199327,1426.5361183609225,0,3
0.4150135907780546,1493.1538346260425,1,2
0.050973002236659515,597.5215169701048,1,2
0.009796636782695921,122.30007887830958,0,3
0.3065876690069986,1248.673470612275,1,2
0.13576155132554915,2654.909560319594,0,3
0.21915082544241166,477.8736427154891,1,1
0.008232898111899848,380.3017248394272,1,2
1.334513825584055,3638.7019683638364,1,2
0.5864761016151842,1648.4859416974411,0,3
0.33328916601391867,2390.5635906592747,1,2
0.2683049197498546,2577.3943479161558,1,2
0.02450245769034051,1203.7908201692294,1,1
0.017804057078387857,208.51975559459467,1,2
0.6032142671987576,2409.433387357648,0,3
0.3342416657623581,2852.0520366302494,0,3
0.28812360123951025,1573.147802207163,1,2
0.018333375399525873,900.7075652401187,1,2
0.15165524798094124,1332.0898798868882,1,2
0.6591147766171005,3141.5044557616898,1,2
0.38228411524566397,1792.2010094277878,1,2
0.2647794392013281,1243.7481380454933,1,2
0.0637448911220975,1201.3293943424433,1,2
0.5147228784576826,1373.708443347332,0,3
0.8846817115934997,1991.2069318975205,0,3
0.6035189300988565,3021.197919186294,0,3
0.17725355708081436,1662.0583494815842,1,2
0.024742621225533067,1246.3205000997445,0,3
0.03144365239492962,329.4051234603244,1,2
0.8613982322101075,2774.9318071837265,1,1
0.3263102479619239,3191.876431164153,1,2
0.4776312871199265,2722.3847681049015,1,2
0.06887731185731608,807.401449000929,1,2
0.49895547944999885,2186.2853999824147,1,2
0.49890535835066885,1769.2229047614117,0,3
0.3967201988527279,1758.9786525365116,1,2
1.1565881187123157,2789.462653755477,1,2
0.04413688691204765,868.3073450397255,1,2
0.25168006680074256,959.3894147611314,0,3
0.1296291032589553,1262.863655896539,1,2
0.577860530315928,2063.589900820531,1,2
0.6533270234587168,1741.4460694895367,1,1
0.029358351284845343,1653.5629234687513,0,3
0.8117503748705116,2450.6381015179913,1,2
0.6762670592027276,1864.665944289109,1,2
0.35793812751170706,2817.2557337116486,1,2
0.9879617044454803,5696.272378659562,1,2
0.019288940605649375,210.13098896805224,0,3
0.33695423512475525,3211.376297753422,0,3
0.8688744788852804,2368.752279213858,1,2
0.6587734681417595,3856.0437039691806,1,2
1.1575764886540543,5033.2261317806715,1,2
0.007211009264906493,406.14874607737516,0,3
0.6956591656243785,1871.001842877914,0,3
0.016512994270936,150.2332725394389,0,3
0.29431363716714687,1996.499974530245,0,3
0.5573647743074335,3831.875192445528,1,2
0.015569764871646949,827.5953398314232,0,3
0.634182750413784,3171.5923585921223,1,2
0.059056227140564306,180.1461165913252,1,1
0.5536258066318976,2779.9641847893135,1,1
0.6947333972304807,2020.658901204325,1,2
0.02566353740283343,1185.474107310006,1,2
0.07196704426520698,674.3989503893514,0,3
0.06068076800618224,257.2137457289339,1,2
0.7695995635958923,2434.5810463350263,0,3
0.3004663746828889,3499.556058788664,1,2
0.023184454294871475,1070.957983198681,1,2
0.9662675503054079,2635.4580086201618,1,2
0.46467654989237195,2033.8714292647576,1,2
0.26396709691988673,1356.4304416701711,1,2
0.07296547307602154,1459.7071376579377,0,3
0.002043306056464933,117.79217484443872,0,3
0.9287948766146737,2227.9776536864806,1,2
0.2106438140660504,988.9423507006352,0,3
0.10914132542816186,1382.9462251919251,1,2
0.02030601128340283,304.4595726690622,0,3
0.015705077501598535,771.580890594648,1,2
0.028402938255273544,147.99579920845508,0,3
0.8479773284245966,1989.3108310071473,0,3
0.44533003569651103,1287.6225931766703,1,2
1.265148277684904,3637.30086790458,1,2
0.028227177176470455,1303.8961519569473,0,3
0.31659138861907654,1383.0246772321727,1,2
0.40758382835259394,1578.0752457596486,0,3
0.18817879775982055,685.6131337566438,1,2
0.6497575946796221,4130.779218430058,1,2
0.02940872675236917,1800.721158028171,1,2
0.07440831688659542,228.28435296867696,1,2
0.28198866038741627,989.8462728331859,1,2
0.3438343878957801,3813.1519683722113,0,3
0.14885531723242074,1296.1867047671867,1,1
0.02404367765803129,346.90122012170156,0,3
0.2546898632600817,836.8097982907574,1,2
0.1932543943665271,1022.8552345085993,0,3
0.2626066406205273,1457.3666588100266,1,2
0.1607419287574463,489.681773849361,1,2
0.019709421692446605,630.6129400118742,1,2
0.0278696091686774,70.40354593362574,0,3
0.21945424938548277,698.284081353232,1,1
0.2336495020766978,1934.9211079830875,1,2
0.7894386215636114,3605.1826632538177,1,2
0.008771829265792822,126.55960199941968,1,2
0.7925964213556281,3197.7237078803564,0,3
0.3071884683559833,2651.0027836033846,0,3
0.16823013873618214,987.0095594258023,1,2
0.20746093424120512,1331.1146904190693,1,1
0.005159005602487581,371.8604360507235,1,2
0.060780511033772966,181.99713541469842,1,2
0.41812399634405273,1605.1657583547371,0,3
0.13064260509842188,1448.7963394179303,0,3
1.1986916832539207,4719.754640146822,1,2
0.04303667204429629,504.48936568147593,1,2
0.24952200426269783,2194.0757670049,1,2
0.3053632631172585,804.804740112137,0,3
0.7438747347112307,4519.0026298490675,1,2
0.30730489020398893,3347.9575744365843,1,2
0.011856748986795335,667.8127231061821,1,2
0.23694949266379198,2124.4469470902145,1,2
0.5662149567294882,2402.7031611033935,0,3
0.5779319307493787,3321.9898784193065,0,3
0.4349833701237719,3107.4526912548636,1,2
0.08234523179558267,965.2766299561788,0,3
0.5182097768025147,1279.3830005172215,0,3
0.6212317622800853,2464.256480702112,0,3
0.566255061481988,4621.495391262396,1,2
0.6140075539251338,2081.974259118967,0,3
0.01698792179222767,902.9760580566262,1,2
0.6213026447615159,1683.0482862538088,1,2
0.24738035997972269,2224.4888897079218,1,2
0.21215219095746746,2101.3628706598197,1,1
0.08020078365844886,1629.3027296332662,0,3
0.0187238101735249,1349.6097411293135,1,2
0.41238886562354726,1203.196677460941,1,2
0.9100177097134285,2929.7109039998772,1,2
1.1594310790900606,5419.61053137539,1,3
0.8768104376809829,5457.927461853179,1,2
0.01346665995710356,430.87261311902455,0,3
0.34673832610799427,859.7722963486933,1,2
0.022016537017619475,194.02565033286,1,2
0.4378482964701087,1847.664924383707,0,3
0.188647263875169,1524.867170568338,1,2
0.01414997634524716,1019.928408551035,0,3
0.34320190423458097,2041.1350190550727,0,3
0.2236701793935423,892.4210414333841,1,2
1.4402107738553143,4403.99297517778,0,3
0.47796659444642653,3050.771495156415,1,2
0.024457358552163348,782.5255871112143,0,3
0.46976103164456356,1949.9860609581638,1,2
0.08251094890928626,752.4219739616523,0,3
0.48514371740888335,2129.249715068138,0,3
0.2136878973423842,1798.7732795390132,0,3
0.030736210578556758,1518.7879611441217,1,2
0.18249820494578942,452.4417207119882,1,2
0.23349825467376992,691.1333373073818,1,2
0.832538418699285,2931.4340436256653,1,2
0.10471819617170221,427.2890261359486,1,2
0.04865916352871659,917.0253870101764,1,2
0.3357337297486507,2991.9036239245615,0,3
0.11726443128719809,589.6436014047102,1,2
0.6457907697458786,2040.580222080962,0,3
1.2797927119647985,3464.9573768640694,1,2
0.08200192759471035,1023.9740175362244,0,3
0.09437283115981783,400.761490512407,1,2
0.8204526001762614,1851.2831934798567,0,3
0.07030552288471015,341.88843216546235,1,2
0.05795396134975439,306.1198014197365,1,1
0.062012802555958764,1144.5557426297514,1,2
0.4316168022406699,1446.70619285116,1,1
0.41747675047847316,2050.178257798502,1,2
0.2841296874892251,2200.7043667700395,1,2
0.6726740071378677,1947.4624741461096,1,2
0.025761842432485634,1856.9101680748174,1,1
0.5283869891086038,2257.0894366040316,1,2
0.022090882267424346,168.63601008859715,1,2
0.020397085250152845,220.2829547601654,1,2
0.47544039439346025,2987.4665941920057,1,2
0.01985620145179015,381.3626744228631,1,2
0.28131768137486496,768.9447581452939,1,2
0.3245526015310009,1214.9884874284105,1,2
0.33733021931178386,1049.0396140840655,1,2
0.885692830716613,1856.2239312254167,0,3
0.057528446626185115,1275.3150471497227,1,2
0.5057819209105446,2467.4761185671214,1,2
0.7255425437219922,1962.349007630953,0,3
0.23509336790660454,1227.5253320742122,1,2
0.21769948637350414,1537.3968160598658,0,3
0.03453918382624603,1595.4662629289203,1,2
0.2936900702860119,743.2894929569453,1,2
0.926387770545482,2455.3811396268675,0,3
0.245878619671386,1944.63041191643,1,2
1.2230613720256267,2607.665982854553,1,2
0.04815150101513705,924.8085666935216,1,1
0.661887466860034,1858.6670006186382,1,2
0.2815645541171711,860.9277989943429,1,2
0.5737912795750324,2183.4838056006392,0,3
0.9049461545719637,2529.1195697081325,1,2
0.0006838359952203293,34.44577725943203,0,3
0.6162918403959231,2605.2762256549354,1,2
0.4410649318181946,1108.5781165613557,1,2
0.5782848426448218,2620.428367283757,0,3
0.11977763670253504,450.3771041084965,1,2
0.011680290386813032,229.7869796589179,0,3
0.37039008944151536,2807.8883527336825,0,3
0.31540605266615074,1242.269479031029,0,3
0.8152464116372966,2568.238627663706,1,2
0.25774832978706,840.6628810638807,1,2
0.06496475858296591,707.7168854525491,1,2
0.6290520757364387,2677.2740120863514,0,3
0.3890222481919176,1741.08932254637,1,2
0.5002300378263147,1550.6637597071976,1,2
0.5906801262229119,3433.3390527300876,1,1
0.07603370661556755,891.2909525489853,1,2
0.07418571858269968,601.4601562655413,0,3
0.20122476828056496,818.282154993544,1,2
0.5126535213046125,1612.0184170548532,1,2
0.3126933508648836,1006.3532953227234,0,3
0.00237335590860262,43.80447298836618,0,2
0.05818391332810246,502.5954588926419,1,2
0.3996347833265751,2003.026718778028,1,2
0.5402085966962419,2461.9423013871406,1,2
1.1338622715925357,2218.6284045432735,0,3
0.046488476602857154,1196.6125970778714,0,3
0.14443703162078453,442.9000405078346,1,2
1.112244094609273,3522.9522197032825,1,2
0.7681796728719001,1754.7838654247,1,2
0.033484257012287064,132.871390517146,1,2
0.04914798506865828,907.1128255855427,1,2
0.09911319377189176,342.6467833983895,1,2
0.759490028992714,2640.707235883106,0,3
0.17506268328679367,476.73446888974627,1,2
0.23908940227267755,1847.11751208282,0,3
0.0329403979359116,1627.7048757358034,0,3
0.9051135581807555,2441.566255237196,1,2
0.37082480488924874,1844.5742073648778,0,3
0.6760095318827287,1584.1305851135062,1,2
0.2453344311822576,681.4646670202487,1,2
0.04914244576354478,926.133272273492,0,3
0.42030120168146606,1770.7821129989607,1,2
0.5230253639927982,1507.8579733472632,1,2
0.734859827173265,2679.812124904292,1,2
0.12865011475810365,851.1404783511044,1,2
0.0569208255332069,1093.2341872339293,0,3
0.8897581388747173,2035.1911225812694,1,2
0.16961471306433473,577.7055602103737,1,2
0.6375907340753746,2740.19632460386,1,2
0.994793826014486,2784.3498891939294,0,3
0.005916284005873079,333.2253838747689,1,2
0.2238332488566999,635.0850340547619,1,2
0.5914451750514088,1384.0894139919494,0,3
0.3190117361637421,2506.4313386101,0,3
0.6791428776831406,2361.3508210930104,0,3
0.012861626339358976,136.16069181071984,1,2
0.2825997816255538,1258.8439121255092,0,3
0.5964165464550358,3018.40083105779,1,1
1.260164983528659,2700.3654203638757,1,2
0.9042969916979823,2867.0369737880674,1,2
0.022352060048483134,507.12912948171584,1,2
0.286901094848606,676.3701446326842,1,2
0.16984117434446,851.8737840942101,1,2
0.9898335931354624,2272.900913206616,1,2
0.7659957794236538,4110.012510941999,1,2
0.02868898109141928,593.785275347793,1,2
0.7135548039346791,3314.3170456215826,1,2
0.8414697143092512,3116.0593857640156,1,1
0.69084211759019,3313.0859930014653,1,2
0.9187970229410561,3881.9558602243187,1,2
0.030438548929171975,432.2209906409085,1,2
0.058878952949332014,225.5825703803169,1,2
0.5152206604976678,2562.1490785655656,0,3
0.8947990339815216,2506.2601281865964,1,2
0.17295661071963161,659.5080637916241,1,1
0.08019537084112285,1064.9097502663856,1,2
0.7017019230353153,1883.9936848414175,1,2
0.5816599733577557,1865.1034383524852,1,2
0.6203936002481735,1670.9143095379284,1,2
0.07458079580965324,390.40531530583684,1,2
0.05968243416920111,747.5747728830087,1,2
0.19628268311681246,737.6889691923383,0,3
0.8048603683406659,3100.194552360979,1,2
0.1799931402674245,718.0064281275678,1,2
0.7717848323607006,2460.057211453837,0,3
0.02664345123261036,1033.394630881436,1,2
0.5509932214427725,1908.5383074421209,1,2
0.049458330392836446,403.61683014065454,1,2
0.6684399396279812,3021.0148557518532,0,3
0.636241786166234,4361.716933969648,1,2
0.01632523218119569,216.7818259679794,0,3
0.09378627876743055,344.1285911302144,0,3
0.37902098932314865,1814.6676832122544,0,3
0.2032784758523137,666.0275632139897,1,2
1.0856979090793153,5704.102277546039,1,3
0.03312419324130616,1284.7571115692604,0,3
0.018664676676963164,143.87442377664988,1,2
0.6171935284597495,1962.5133998726824,0,3
0.4199660561459458,1276.37947709025,0,3
0.25871901887773135,1379.5717862614908,1,2
0.03191579413800043,1426.6373241683273,1,2
0.7692628560921527,2498.300661535914,1,2
0.3813648019377671,1568.6174269905418,1,2
0.8481360524782985,2913.1848952901296,1,2
1.155580669333755,4056.891798824068,1,2
0.08147853623616214,1081.9488302787329,1,2
0.49406931966067374,1714.571497704353,1,2
0.22610802997540086,908.0059062399469,0,3
0.5570215029956052,3128.0383073962316,1,2
0.9393690409951098,2442.3439073932695,0,3
0.059958176841955806,795.3017447681482,1,2
0.7905143030738743,2331.639095721068,0,3
0.20399646250129946,1423.688758824568,0,3
0.5429469886134878,1466.8139799839412,1,2
0.11669536040795894,436.3072095891303,1,2
0.016876316747850367,298.1085619419515,0,3
0.21275481989098813,609.6232537742511,1,2
0.3354403162301193,1293.7110349430604,1,2
0.10395169235384855,470.4911228228561,0,3
0.9109907112493747,3808.7639025842636,1,2
0.048926552562757464,869.0842709877444,1,2
0.6076753336983712,2885.937841432252,0,3
0.041548773341537865,384.6964157871104,1,2
1.0478745081065872,2247.1696245756475,0,3
0.15437715155274273,1120.6734886890347,1,2
0.02907200339934016,1255.0277682708665,0,3
1.4253787218190248,3027.8888078827276,0,3
0.28142220797324013,1091.5982290429095,0,3
0.8626841981874933,3298.8555069554563,1,2
0.7856309890878743,3650.395281461788,1,2
0.013893350388637867,621.0333396836829,0,3
0.15491414984798002,715.2274154166145,0,3
0.771294852264147,3027.472429317607,1,2
0.35224598778276023,1244.6911875985309,1,2
0.6922231675213594,1347.68083024445,1,2
0.010338005367276347,213.96909649716198,1,2
0.05014379802912438,437.79108456440565,1,2
0.2323172179627265,1005.553743862073,1,2
0.15844019424581057,610.5982495423364,0,3
0.38786069948938107,1530.9842808288618,1,2
0.01146489606802848,494.93537573134,0,3
0.6392672334919024,1849.242122188795,1,2
0.9096983853021329,2195.2910548280934,1,2
0.6806797068418345,2609.3761364721067,0,3
0.6259757241011616,2547.2662292613654,1,2
0.022881818358982852,324.91700645119863,0,3
0.4190739131134498,1085.1524566910728,1,2
0.5390743179269292,1368.2647434701564,1,2
0.6949455474384757,1690.5683634507575,1,2
1.3504214329670317,2235.1203986637342,1,2
0.021037134361365367,405.3335493406206,0,3
0.09773859217472758,414.90093831298225,0,3
0.5090492773267828,1651.7034196731124,1,2
0.5164938893318543,2021.7188065968296,1,2
0.6605149597053623,3528.3708230216957,1,2
0.03551298813488292,471.57494166158,0,3
0.5945639795647231,2307.938072514367,0,3
0.24519397010951047,807.1514705417892,1,2
0.23343342498774927,1029.9241995791797,0,3
1.2352173392851913,4903.306507239594,1,2
0.014550686500968803,628.1478216439111,0,3
0.8897459783901056,2634.5456293979587,1,2
0.6994211247632127,1914.642015014694,0,3
0.2677610025495381,1218.1388572518283,1,1
0.49868723716740965,2242.764639345321,0,3
0.058377234291318164,839.1534747772122,0,3
0.36861791797646504,1427.5061636894086,1,2
0.44057596214658185,1379.523611499365,0,3
0.3189187787438204,1397.9820617418268,0,3
1.611575674464833,5051.521685737612,1,2
0.014836067112046995,861.6928768033058,0,3
0.16404002035596155,539.715373683366,1,2
0.13059790317772693,512.8865064339618,1,2
0.32581369810208666,1885.6441363789631,0,3
1.0827877387051046,4814.503095862656,1,2
0.03745983946737078,416.3820676112429,0,3
0.7857870543622714,2186.973183171444,1,2
1.2344538862464367,2817.830684632087,1,2
0.2576355513222781,1082.5659217818934,0,3
0.5564823943532886,3194.9058887502433,1,2
0.047320001282372084,840.547037620909,1,2
0.7336907349753539,1941.9529717624202,1,2
0.6936955073930618,3419.884636489461,1,2
0.6389556676637602,2652.188708273645,0,3
0.10129517101202186,654.9052960039271,0,3
0.03830503225560461,508.65033611571755,1,2
0.25807424613426694,1005.8446111446468,1,2
0.21463432563420248,883.473319561072,1,2
0.3459796600492156,2050.4649959657613,1,2
0.14292002720485494,1817.6579658647693,0,3
0.03577777250065143,514.2936707807559,1,2
0.13607708921148123,766.3322570828718,1,2
1.4560383102005854,3329.8187919782717,1,2
0.45655949900566156,2092.801071662569,1,2
0.0907481868478515,467.55323276737425,0,3
0.00818507415573324,365.8731548763583,1,2
0.9062400272090795,2783.4631083327313,0,3
1.408253926182525,3030.606634122636,1,2
0.4277189245126822,1538.1766396591916,1,2
0.10530359427152305,544.0885653943475,1,2
0.00735924158495591,97.72294879602642,0,2
0.995435046062836,2440.972161195665,0,3
0.5122429040287404,1587.0502799041183,1,1
0.9468732095348588,3991.273581157738,0,3
1.0465792297476804,4231.824305739262,0,3
0.013687781833933358,144.90685662039368,0,3
0.33645851393997656,1428.9171135784015,1,2
0.1282462656450854,704.6534144914759,1,2
0.3829207183559143,3343.442463146145,0,3
0.7727590534694276,3138.925150728065,1,2
0.05467610444934627,684.8661073368354,0,3
0.5388596333786528,2066.7026613370535,0,3
0.40591470616292086,1492.7462579208434,1,1
0.62944086643354,1619.8966287419655,1,2
0.05218478904791848,404.7370247919898,1,2
0.006559398491915026,87.10187803434982,0,2
0.46061755315026753,1369.518242959146,1,2
0.7355588479074657,1985.7681931187865,0,3
0.7619319838169721,3192.061422869456,0,3
0.6717934357131679,3500.263042271825,1,2
0.056679782752923485,1285.9650888712376,1,2
0.4468424104794263,1658.6546111326231,1,2
0.4864370692173867,1661.5657543463174,1,2
0.03840704693844458,541.6603078421999,1,1
0.7752885162045765,2005.0312542919326,0,3
0.012025494005290828,248.89560372921542,1,2
0.030057734263533257,179.94492122859185,1,2
0.49987208197069394,1376.6500687884516,0,3
0.2958936865002729,1785.4480792952986,0,3
0.055792886491917416,450.62216627499487,0,3
0.005981644970285533,79.34218370233762,0,3
0.6745037469724603,2210.230062858441,1,2
0.3257574378114289,1186.0763229775441,0,3
0.9692886502519443,2260.195692611517,1,2
0.11886639724550914,391.15083450833265,1,2
0.014325824820088819,205.92900336518687,1,2
0.03362068446465318,159.5488650359384,1,2
0.21502613436458978,840.1690751516118,1,2
0.6915501015362268,2950.0543920083064,0,3
0.3255807601470013,1632.0584867413256,1,2
0.014727391569513174,195.56419172169208,0,3
0.29908927131098373,1152.8558949355076,0,3
1.0830095901327594,3734.3985702124664,0,3
0.5765491131156281,3458.0599640127393,0,3
1.6843933713925068,4266.982162916919,1,2
0.005673367856207998,253.59977891843454,1,2
0.09847831642404972,675.9849772543291,1,2
0.5788215838402536,2140.6624953063783,0,3
0.40223893435927627,2931.6421858342965,1,2
0.471136691270414,1575.6428033217576,1,2
0.07214675973089446,1024.4688087786287,1,2
1.2090353021076141,2621.5662845325073,1,2
0.20917550728272502,1808.427465705524,1,2
0.8755690024851545,3453.686090954809,0,3
0.8223247527261194,2583.4857152251016,1,1
0.06514106379681764,1121.2175857811308,0,3
1.2558229932873173,3702.9351241816007,1,2
0.09660924304488423,685.8657035064228,0,3
0.24332705196453897,1043.4265244286098,1,2
0.36694908254993375,3671.7147986391756,0,3
0.051764008552310406,687.371313855952,0,3
0.4534611464665449,2047.9346417656968,0,3
0.31203253880017523,1192.9529098526605,0,3
0.13978912369182062,406.5631135216025,1,2
0.6139251020913993,2133.5851711618197,1,2
0.03715744864277787,1441.1912176640833,0,3
1.0727413238915806,2740.3253637715293,1,2
0.03955382605185323,180.6909557263709,1,2
0.7164782080556095,2929.4488727091275,0,3
0.8698776338681483,3839.7509334790584,1,2
0.015373801783600021,348.8046604398157,1,2
0.04326384203381512,272.57201861976205,1,2
0.7641397489122173,2807.686422431121,1,2
0.32172999455109036,1738.8021876735436,1,2
0.17769434647714571,660.2454648264076,0,3
0.06528912542746211,866.9705685607616,0,3
1.3324170865969014,3832.9562093255836,1,2
0.6035623100463131,2097.8213863402543,1,2
0.24043072611050448,1489.8617356951936,0,3
0.7058047574006239,4964.018304431976,0,3
0.013696095703486698,751.0207590318727,0,3
0.6242800738178237,2321.4380832521915,1,2
0.2278751435086309,1323.7912732079851,1,2
1.0321444353204807,3829.9279345323266,0,3
0.22038670585731296,1708.2373382154883,1,2
0.07759874203868193,821.5056261815739,0,3
0.45318718803549873,1647.9653548640317,1,2
1.7953694002286766,3797.315202850145,1,2
0.019951381908275424,1306.0603991507116,0,3
0.22192019464479965,1093.15650929365,1,2
0.027261217314325823,484.2420717353738,1,2
0.20571715916299027,497.03213747757997,0,3
1.4630006953438617,3231.897247527769,1,2
0.45160267733050924,2335.811964333227,1,2
0.8347808572589931,1792.6533343721057,1,2
0.02963053095795465,526.3282828591445,1,2
1.0600387168153902,3178.15337927241,0,3
0.018898469391457066,397.6275518090123,1,2
0.19120974300136803,1246.4054026180117,1,2
0.17191710350378514,888.2631589330726,0,3
0.020494524240735678,394.8787943190959,1,2
0.7488231323496157,2183.0345142946912,1,2
0.26393673129631573,1791.576294553508,1,2
1.1404586509176637,4151.785229272972,1,1
0.8729476027113492,3533.62722550191,0,3
0.05411483448600025,1120.032523751099,0,3
0.7381745369745402,1970.6979523730438,1,2
0.7521272435356017,1927.3300018906755,1,2
0.45804681426247174,2154.5562014263214,1,2
0.05099480029953224,248.04483197742275,1,2
0.03324693729670389,688.1227937055846,1,2
0.6231321500759971,3509.778824735845,1,1
0.39672102316709806,1215.4478003535512,1,2
0.1041694873268421,1046.2920039517344,1,2
0.4766179935919335,2038.145228386195,1,2
0.02264905591885594,1241.9532935363618,1,2
0.6336080207246667,2376.229150517225,1,2
0.4337789541458281,2338.934314712128,0,3
0.6593853457973989,3780.9627434520958,1,2
0.5045529831363296,1929.6179780790521,1,2
0.03337264115017347,757.166830184034,0,3
0.4633434740616865,1197.6058654227245,1,2
0.34595531275616004,845.6198122029429,1,2
0.1461714415885227,936.056916121037,0,3
0.6748512889381222,2794.610944970513,1,2
0.012102452034208807,469.4064910533804,1,2
0.10022355028396741,547.6445893377472,1,2
0.13862426939390446,621.2798598614762,1,2
0.1833169146496263,684.2588524027753,1,1
0.5099775180395083,2651.992059906657,1,1
0.030558699665731198,1319.2079030787665,1,2
0.09080644020542848,491.3583259268375,1,1
0.2308953769529855,1041.4910803383673,0,3
0.6127906892023126,2058.9283438793686,1,2
0.21776196161851044,890.8866891475134,1,2
0.07817560507784263,827.6126353901832,1,2
0.11816732554268553,706.265573057083,1,2
0.4841123889030467,1232.839102553104,0,3
0.5948792943821528,2539.546771657902,1,2
0.039867955535237254,310.2227640709977,1,2
0.041280372359920575,733.264872330957,0,3
0.6195801494029394,1667.2576517140885,0,3
1.1888017441359564,3055.3920350502663,0,3
0.2110280800530287,744.9170350787788,1,2
0.019674518662966246,195.46842224153545,1,2
0.040733924021776564,924.1814573122427,0,3
0.9641687481800212,3635.5201520091837,1,2
1.4151956138316226,3046.132153594456,0,3
0.22251760422904465,1152.1478959325107,0,3
0.43166818913184657,3158.024715988078,0,3
0.012052914481323595,660.9174744599278,1,2
0.5402021463819193,1657.6135863469883,1,2
0.14239042886713552,519.0959483074117,1,2
0.6962759800303243,2785.0405100666685,1,1
0.5797555660538383,2235.7811308928617,0,3
0.056066136821065926,743.676655708482,1,2
0.04674684973573704,218.55837082052392,1,2
0.2050738177337234,889.145748418745,0,3
0.07039994430079266,399.767535519413,0,3
0.6873142592706696,2010.146023303299,0,3
0.0316862058090212,1367.8819314657146,1,1
0.3213808244953364,998.6878129969864,0,3
0.643520589169962,1578.3734317034866,1,2
0.2918246288128672,1172.9975386902893,1,2
0.6506952650000305,2569.8369347333733,0,3
0.06588424217207903,1163.7999559978332,1,2
0.620925271189077,1406.2145470982373,1,2
0.6620498215509782,1783.2592269907295,0,3
0.047780992589788886,200.86444028512162,0,3
0.8382035020107486,3064.7565816254123,1,2
0.07999031476686773,1001.9487681274975,0,3
0.6675602818232302,3149.804192118847,1,2
0.37921909790368913,1234.812756007631,1,2
1.002214552773801,2581.8938701573684,1,2
0.8364897770426495,3125.4975760188117,0,3
0.01649489986623462,904.4922352974336,1,2
0.20467304429517574,731.3547884382546,0,3
0.47327369782216805,1279.4161857886302,0,3
0.6818158308763764,2966.0684780795527,0,3
0.9938060030491775,2434.102506416474,0,3
0.06036279942689095,800.6687699967462,1,2
0.8772687559100635,1965.2905067875288,0,3
0.4746918610140951,1244.7024560553023,1,2
0.35494404344042846,820.6130271173662,0,3
0.25859299608995284,1384.5786815024521,1,2
0.04324576804846553,614.0808075453548,1,2
0.7876210519614993,2724.521050798786,0,3
0.15043112505447548,691.2551919864234,0,3
0.3374760641018358,1067.3402633722508,1,2
0.21141640438392317,755.8074826874524,1,2
0.052484824853505724,932.2900011649159,1,2
0.2444221289167068,974.445954070918,1,2
0.16117257063156684,975.4371965622961,1,2
0.037156599064916834,230.39419562385305,0,3
0.3691299400035936,6262.620437705607,1,2
0.009669082918143663,375.0256783898681,1,2
0.6945863532659876,3162.9196745158765,0,3
0.5680016278614054,2279.5878113838876,1,2
0.93256041013317,3502.866067198141,1,2
0.06410355147052453,252.8899316041932,1,2
0.06424207314942812,680.1041246714501,1,2
0.2795613268243282,1216.1964366328143,1,2
0.2762982735441245,1057.5442905479995,0,3
0.7308636218819266,2259.9352437739644,0,3
0.3812661961875002,1364.8243955959965,1,2
0.04433694188818916,629.5752464906617,0,3
1.4017205000377317,3093.3827857023766,0,3
0.7940911328733629,3052.831781136767,1,1
0.8888867030507976,3317.306265736082,0,3
0.1349888640043618,591.1677837062167,1,2
0.017205419054611204,999.3070892578867,1,2
0.6127601839799464,2206.609574845773,1,2
1.7104369530133445,3915.0757903492704,1,2
0.21617859519884972,990.8980894711266,1,2
0.20389965049614023,1279.6610366138316,1,2
0.0023327878744536417,30.94273983042015,0,2
1.2745055185107514,2752.986801914174,1,2
0.06384537834278181,320.8171400808816,0,3
0.6841354716924155,2165.1865854001276,1,1
0.8340761032390703,4888.041167498301,0,3
0.028317066369777235,1644.6821248867236,1,2
0.180327205882875,672.6859753273606,1,2
0.44291507013934894,1779.8296736388052,1,2
0.44325830255946846,1621.3047610725794,1,2
0.4507890925022581,5312.676384464459,1,3
0.02051344873075245,256.94891619975596,0,3
0.7905256537086529,3580.6040804092145,0,3
0.9002721518934277,3186.566598230369,1,2
0.980017806191337,3802.365403791971,1,2
0.37511174183377016,2408.9810444630466,0,3
0.02697083757152122,1566.4918769427302,1,2
0.5642303701175383,1751.7612843396153,1,2
0.3214868156248757,1199.271729211745,0,3
0.18707416249802986,500.4658120814287,0,3
0.7870195576425874,2283.393393477124,0,3
0.008757545119941281,124.35529814943922,0,3
1.2846074400726641,3825.4368753170147,1,2
1.1150898434781344,2759.7323003422975,1,2
0.16008985306448967,703.623234570988,1,2
1.301991459474396,2146.6987275629203,0,3
0.0053674036800340965,208.18046792420256,1,2
0.2854375748712906,1599.8948870923275,1,2
0.4889380490706547,2120.9918141563126,1,2
0.4437314121969213,2447.90500836142,0,3
0.12211996630404828,473.4972806903469,1,2
0.04415548136560926,490.8069785882756,0,3
0.6056677128096237,2705.4093733567843,0,3
0.32154958003088197,1611.9456194014708,1,2
1.0475651803674755,2710.0924381840186,1,2
0.12923606034185037,297.89957262008846,0,3
0.03494325116078521,620.6983400692134,0,3
1.110404240498764,3269.1053410063264,1,2
0.1421001999575507,537.57843388978,1,2
0.3172182115648885,1225.2593347857069,1,2
0.0801995907917563,309.43999943893203,1,2
0.03869315210215868,745.5213437029436,0,3
0.5365943039835197,2489.4920422235828,1,1
0.3181262540395058,1274.708419632036,1,2
0.2488199095659806,1013.9066531573375,1,2
0.03710448759963588,205.92717471548198,0,3
0.0011380368606280803,14.254908658795365,0,2
0.182836855675243,859.2799240252402,1,2
0.3624777016697315,2336.959886172555,1,2
0.3440185276018933,2169.2265966086507,1,2
0.028759335813154523,233.08563075052012,1,2
0.033201146983918864,471.4493017783353,1,2
1.1216737597664106,2692.3279298167117,0,3
0.2582716440227025,1781.2134532371356,0,3
0.10835324271696158,290.50274015361794,1,2
0.2912218490983161,1644.6675082806403,1,2
0.08066909858223974,1071.2003538909573,1,2
0.08010270161534805,243.57768804065068,0,3
0.2439343029911024,1079.087594143115,0,3
0.06016008389479542,244.4540897497761,1,2
0.5622975944238618,1853.7087408968512,1,2
0.022329009558816077,963.9351870375687,0,3
0.3049118635131453,1853.9400701591085,0,3
1.0961800318012305,3805.4782566628387,1,2
0.5508169852167827,1568.0816310904486,1,2
0.21534890736680137,712.3512136713825,1,1
0.04454081523555501,591.4549422450428,0,3
1.3235405217034704,2855.8386372905697,1,2
0.5953371256749478,2422.2729219409325,1,2
0.4216947638352722,1249.2311576896138,0,3
0.380654120330071,2979.4183695285724,0,3
0.03207101026031584,552.0109528728622,1,1
0.2706020069089155,974.0072531134856,1,2
1.263702440402896,3203.3324049567627,1,2
1.0226204515412793,2850.949963910281,1,2
0.9457436938525507,5102.807522616532,1,3
0.029327405878329563,1310.936261405522,1,2
0.162156124888836,475.1963792667864,1,2
1.2034130283015034,3407.8090326636247,1,2
0.6252005442020412,2798.5420922747753,0,3
0.5654032934544162,3179.814903918779,1,2
0.014939637945166407,164.95020932959793,0,3
0.7392321641003131,2651.8177113022157,0,3
0.6602163013015556,2624.8307444009333,1,2
0.4443328558397546,2593.5151021154365,1,2
0.20746555673938508,706.4014689732203,1,2
0.017760961048213293,793.915696877859,1,2
1.0769969488005544,2761.843928441638,0,3
0.30259629806995086,1744.8709158345437,1,2
0.02262491874917416,240.40046473519632,1,2
0.22965504099270084,755.5662482192378,0,3
0.055414546286925916,953.8033336204,1,2
0.25637447535906793,704.4687226485122,1,1
0.37389003732369525,1765.2894924033506,1,2
0.7235949817942363,2419.890074528511,0,3
0.6674025311932347,2758.287880252689,0,3
0.009933021567832823,131.90002622654333,0,3
0.7409149257822097,2778.4532485421096,0,3
0.679878451145842,2651.7716484594916,0,3
0.21853834325883514,1114.7656205252283,1,2
0.6980944972625008,2423.798354223288,0,3
0.0459400520368549,507.2292399524699,1,2
0.25911593262526883,807.5407345877812,0,3
0.1852181394640547,1279.5692936575497,1,2
0.9117052327661569,2425.2962081158375,0,3
0.10012105621025721,921.9321346680598,1,2
0.03738920730940213,412.81840932089045,0,3
0.42287143488390605,2475.8996839037804,1,2
0.20674987299340494,558.683736651703,1,2
0.8492105322425157,2115.6178172859513,1,2
0.19614710821661588,788.1067677070249,1,1
0.05766120388256732,1024.2382247610462,1,2
0.2177765463273043,793.7152876648977,1,2
0.43331769528351777,1550.1400035466936,0,3
0.5663059530755228,1935.5067252244944,1,2
0.5017627734425201,1533.424301726243,0,3
0.024575468487712852,273.16679748032675,1,2
0.9038841358860318,2948.4041997417453,1,2
1.0128818148670136,2624.1597882063943,0,3
0.6689977191321567,1908.2614167508389,1,2
0.7501136830387708,2668.366454417189,1,2
0.07880635110924832,875.9661515460704,1,2
0.8988562060267982,2424.178245585458,0,3
0.2863015138808952,1381.180394197157,1,2
0.5079579188395845,1838.827486497875,0,3
1.0617236311694558,2979.427683507991,1,2
0.0627027430895812,1079.2488505873814,1,2
0.332824388869007,2117.0673227270963,0,3
0.22889922541670304,1535.330583674753,1,2
0.6569434495766135,1409.6588899442334,0,3
0.1827883105489665,846.8617018574694,1,2
0.05029370920935457,559.0359949799191,1,2
0.5840012627052557,1524.0817736900428,1,2
0.053561486400066215,579.6034074223475,0,3
0.3218507837445064,1479.5582101402,1,2
0.6297986912497121,1663.633730949472,1,2
0.0074002896035825355,429.8158527815395,1,2
0.11520487143273235,772.5908028245848,1,2
0.41068710760690635,2376.727935912293,1,2
0.7678444053421607,2883.231856281299,0,3
0.19109203144826437,1505.8289879249992,1,1
0.0010323099856088989,18.33696273869894,0,3
0.5476263097946643,3097.7837313503946,1,1
0.652762845122784,2416.882007578294,1,2
0.6857289393367125,1638.4937186244508,0,3
0.8160727797138851,5224.6746120664175,1,2
0.015210812289325755,314.82318367110975,0,3
0.49976056286779236,1933.9321575791027,1,2
0.12367694933889718,750.3831275840943,1,2
0.4922453448973346,1694.4426483451416,1,2
0.4660483839009204,2274.9190316071185,1,2
0.048635629321370895,859.1150387114219,1,2
0.24555133022418477,1145.2890230809046,1,2
0.672315184383712,2696.2609885541615,0,3
0.8421838067251833,3074.639098818899,1,2
1.1998340984420295,4244.351988592525,1,2
0.06905161925896187,992.5942354684049,1,2
0.16086261955051,699.9650180245931,1,2
0.8509624956063427,3310.9582521169714,0,3
0.0725405380771784,403.39290929584,1,1
0.8569093612419281,6099.351940243122,1,2
0.05675904270167961,626.6829229297867,1,2
0.25771444515293523,807.4829016005481,1,2
0.4641760496967862,2059.9755653469165,1,2
0.23829198504249186,930.7691680949757,1,2
0.460209120035595,2321.3413706216747,0,3
0.015539845601852509,299.41439103853776,1,2
0.6631217951143031,1642.4790401529585,1,2
0.44049524196045425,2151.8659288128033,1,2
0.6570385491588557,3079.367038235353,0,3
0.7150101417113832,2059.544180780305,1,2
0.016262575557396245,891.7528106801732,1,2
0.7458202679865803,3255.704256463603,1,2
0.5031893809769883,1824.0356439970244,1,2
0.5638873381375624,1840.3825667129308,1,2
0.3745839004552657,838.983015751077,0,3
0.026602088824317263,457.87907150809144,0,3
0.802028421010074,2871.3397961035867,0,3
0.20871142509084278,608.1102427335435,0,3
0.3865689209423306,1675.6111469113234,0,3
0.3812837506958642,1955.176557684446,0,3
0.055016162546549806,729.7495082122291,1,2
0.4282136854540027,1428.3517055714879,0,3
0.317646897192053,1463.5587087597107,1,2
0.19482956722645947,859.5876551851912,0,3
0.4346946357806289,1780.3488737367563,1,2
0.046591902712935215,618.0078092991009,1,2
0.6930341719569005,2300.2370190902966,0,3
0.5999718898812569,1749.5911512422738,1,2
0.5741858432407161,2231.118953958586,1,2
0.14677013697162394,1347.3838274036088,1,2
0.06244331688649975,828.2653256760316,0,3
0.2053987165019781,856.9148840138957,1,2
0.5811171987874363,2106.819720845118,1,2
0.6796447200192809,1649.2427653029565,1,2
0.437920689160137,1283.2684103464371,0,3
0.07123423252111843,892.2711672164253,1,2
0.7363476589653999,2237.999571450239,1,2
0.23317067077488585,1148.908930998962,1,2
0.8193726698151386,2352.128859583245,0,3
0.11161581654133723,753.5468985948692,0,3
0.027562170672191664,1232.0301743401894,1,2
0.22604303833848552,1360.8604785709526,1,2
1.0380595895858264,2326.0707300347995,1,2
0.36619040056573376,2206.8494023833273,1,2
1.2907400864093872,6425.59720807088,1,2
0.05847131535996312,840.5058590863109,1,2
1.0898393943741194,2743.127429958811,0,3
0.6484683057957729,2825.1704248410624,0,3
0.16679908743981559,1039.0019193171984,1,2
1.080946818465064,4084.1098537511316,1,2
0.01755986454039643,962.8892117238994,0,3
0.855059153416481,1817.6632032968255,1,2
0.13323399421865062,460.7018508943425,1,2
0.5806444505508761,2127.2972851063887,1,2
0.2895712311442121,1133.198627990574,0,3
0.0034559499370932206,45.84067027332172,0,2
0.32772079435928464,1575.3897492380734,1,2
0.5355766284488268,1815.6228378543678,0,3
0.8780558146274587,3432.34484589749,1,2
0.4067085790311815,1344.791667415201,1,2
0.0659338179802371,825.8788316533098,1,2
0.8009478742504508,2590.3371575857773,0,3
1.4513701133211352,3109.9212849301407,0,3
0.08187678506260201,529.5974273345021,1,2
0.7512007293402894,1859.3948055568144,1,2
0.045081065891651444,775.9419468668065,1,2
0.26744484255094875,1574.451705932293,0,3
1.190404773439,3663.9520850151525,1,2
0.09404285129015583,749.2590977766797,0,3
0.040201384207678416,282.8679794654444,1,2
0.02587427289979969,1418.8069719502928,1,2
0.4250858040607932,1643.982577563347,1,1
0.20746941524634552,1303.529760630375,0,3
0.29056942778439865,894.7334659131108,0,3
0.2894748816689745,1920.449871032195,0,3
0.028136804370705086,484.2948215662872,0,3
0.36025000088644454,2250.0587709976576,0,3
0.08676050595863573,384.095405254294,0,3
1.0344799064994268,2313.068503890829,1,2
0.096790208000706,1058.297170834366,1,2
0.013407552220196742,178.03812036457097,0,3
0.5523100185906058,1284.546558169889,1,2
0.9729781940608628,2206.404440819463,0,3
0.5382945905288445,2604.866135678586,0,3
0.13800794392357302,296.7945336201293,1,2
0.014256221000764895,446.18103192373815,1,2
0.2219707620175945,625.2475783680492,1,2
0.37302536012670623,1784.956747142868,1,2
0.6491578755884869,2603.017659939717,1,2
1.0158733565128466,3016.018179210145,0,3
0.01761243658420476,551.2214723249766,0,3
1.070890415182455,2305.272705739434,1,2
0.23729397509909417,904.5065531224865,0,3
0.46151435875175106,1260.6755268943004,1,2
0.7242516522792602,2032.9267205404626,1,2
0.01927312459134923,1119.4013918030091,0,3
1.105905836371079,3253.412776771395,1,2
0.6876476628256021,2172.0337745501038,0,3
0.8099795630777495,1843.7769280100983,1,2
0.7698799332545674,3428.20056455797,1,2
0.027787416366740182,493.5889661292795,0,3
1.2611155955491318,2650.8401627986486,1,2
0.31407694103593625,1204.0133715586708,1,2
0.23605840122882452,1027.954522285004,1,2
0.7348313365905049,1966.1860495068172,1,2
0.006827713942342759,294.7499170849987,1,2
0.6460689006679642,2420.584722940995,1,2
0.4112576526824383,1207.5960282147194,1,2
0.640196069431076,2079.5160371312913,0,3
0.5485739895857086,3684.917223961858,1,2
0.03688818416208166,1154.500065223976,0,3
0.19170197016480672,797.7634124207314,0,3
0.4866740966258927,2164.3824097298484,1,2
0.9103555709103975,2464.1725103078797,1,1
0.203613477381377,1578.663681649767,1,1
0.011356286243461279,218.8075491329167,1,2
1.1187453140286854,2396.3270534200515,1,2
0.31221108621259774,1063.6235374331347,1,2
0.325038748803541,2235.0425312257444,1,2
0.7817215462076513,3275.240229464074,1,2
0.024270415962751625,428.72025386170014,1,1
0.6054677823718715,1755.13916125866,0,3
0.9892537147922419,2554.564679479171,1,2
0.29917681930345214,1032.113254479485,0,3
0.9001773391796902,2610.553943029149,0,3
0.015311501909522763,479.2084607783935,1,2
0.8151836378357133,3054.5981242336493,1,2
0.3895176151655095,1642.9693514353219,1,2
0.18372299027173625,892.2412851316993,0,3
0.6836627813887902,2946.5293001456093,1,2
0.09478269937783561,1003.4250396063677,0,3
1.0068208890496255,2544.9566187677087,1,2
0.09885099990241779,816.5942835441545,1,2
0.2776583918250354,1844.6096793121185,0,3
0.07073743512449923,196.20291846130607,1,2
0.009682579023477406,219.68077486653158,1,2
0.562654896535027,1472.371858154644,0,3
0.37365077745079706,2502.1528617964796,0,3
0.11769586156572757,612.1719500236717,0,3
0.5843533826856454,2585.550230427821,1,2
0.04650597408327264,660.3750473048364,1,1
0.05547181166360163,347.9972577054684,1,2
0.9917661615994616,3020.9529327816363,1,2
0.3209960828701966,1040.1087510447326,1,2
0.2354643456895215,1838.2556592800559,1,2
0.005469032290859188,60.38419568925537,0,2
0.5251681170661412,1914.9059252225206,1,2
0.3154941144156717,1312.8264384491615,1,2
0.831107243214545,3707.2026760178424,1,2
0.058141163151645,475.38931263688323,1,2
0.006233497694693687,120.10408366440561,0,3
1.793144948486089,3864.9729183107747,1,2
0.09900679195330575,471.07871540052537,1,2
0.8749938199612957,3386.4087481085235,1,2
0.4929591159437055,1600.2434121187562,0,3
0.0377303082479921,535.7624388101083,1,2
0.22975159427074998,1147.0342608699104,1,2
0.7771937432795696,2536.224340545917,1,2
0.18231953638700088,664.08907379918,1,2
0.900137473681704,2712.836008502694,0,3
0.004088517071130831,72.22085024596257,0,2
0.20435079865427563,1283.851909702321,1,2
0.8046772929296395,2346.067783580746,1,2
0.19469921142078322,795.1050788644951,0,3
1.1501570913823624,2584.653006330015,0,3
0.06096205434232805,865.6483454798747,1,1
0.09810111184837635,344.59632654080406,0,3
0.7595612965726638,3644.9293041894393,1,2
0.48916708997801484,2378.8247898077548,1,2
0.18441732303313116,1531.1485999892645,0,3
0.04164274447148405,552.9716260479615,1,1
0.5207255716128393,1982.5457146173615,1,2
0.146423539675374,1211.1211161566562,0,3
0.22151005928050288,1095.8884477155864,1,2
0.5337326868410578,2589.144756576305,1,2
0.02946235846388456,1711.2017781006177,1,2
0.032776242870679075,177.18594599724642,1,2
0.048751441885427585,440.95007656799214,1,2
1.2351288634274233,3144.204888630111,1,2
0.5850287680901951,3341.0590194298597,0,3
0.07316431076725978,1051.712818453214,0,3
0.8586653853812865,2902.226511300455,1,2
0.8627694413471414,2081.391693514588,0,3
1.081915374773253,2753.648427948051,1,2
0.8054735566267893,5089.324224778278,1,2
0.08398462359145865,1051.9809853775957,0,3
0.7815400746660065,2893.652720057282,0,3
0.8420833366127537,1803.0827135118702,0,3
0.8173415613155033,3212.7975427003876,1,2
0.45078579190568724,1646.329433193089,1,2
0.009654998515436997,137.09894754474425,1,1
0.37862966327032727,1475.930368162133,0,3
0.4063156483834341,1280.267381992363,1,2
0.3112482154025411,1107.8970227334926,1,2
0.6384317620417105,3859.940920950292,0,3
0.07424295677172758,985.8679837200376,1,2
0.7006867908049317,1807.7751240933649,1,2
0.5041775973288356,1658.7582426628396,1,2
0.012802114780161909,52.3268332086245,0,3
0.05339311306614629,302.5383561773224,1,2
0.007627375035391605,443.0051904636794,1,2
0.34537821926729956,2136.540811218115,1,2
1.1992787536967182,3927.977812319642,0,3
0.19024340516921862,565.2293623984986,0,3
0.5787990827131605,2319.221072717735,1,2
0.025197298863688204,977.3040711249922,0,3
0.5406546851218008,2483.6417982154117,1,2
0.42559364836891406,2198.1771352001665,0,3
1.1451667785286157,2883.680173008302,1,2
0.3149234140961287,4596.53257609575,1,2
0.04325148525547328,895.1902125692288,1,2
0.7176903189957455,2143.4223534630128,1,2
0.2371864050291395,802.8740523870288,1,2
0.6950176449056025,2552.4122519508887,1,2
0.48499982108150047,1607.0944119844962,0,3
0.009805450294942477,122.82185502815885,1,2
0.36394917805623034,1388.2265245991107,1,2
0.33332206023756805,2136.210636475465,1,2
1.0000142067606015,3745.38172992682,0,3
0.42986441898120037,1983.6922306816352,1,2
0.03966034918099338,764.1568393052306,1,2
0.9006851376603467,3033.484449915981,0,3
0.318494394823365,1483.5289673966079,0,3
0.2299517213523997,1017.5563179622973,1,1
0.20288276322481902,692.6313228636611,0,3
0.0869108751589616,959.5926690531043,1,2
0.051527723354449745,359.05172647365964,0,3
0.1269605074812123,630.5781481784063,0,3
0.4627052021942454,1678.4070975450727,1,2
0.031111993061073585,150.55514990195476,0,3
0.08778312735606435,975.746842207826,0,3
0.2766748114867668,604.9599156479927,0,3
0.29913413990345966,1472.242769342185,1,2
0.2134547908848879,1362.980556653326,1,2
0.5268956128796871,1447.74485552702,0,3
0.018108264109574005,702.3483084846363,1,2
0.6023325152785692,3372.0398926133566,0,3
0.6609580668584372,2069.2000667049665,1,2
0.43724681663686604,1646.7863786712544,0,3
0.796854008664791,4320.697007232938,0,3
0.01916769667680643,272.17726000117494,1,1
0.20182222754513424,878.7077584481209,0,3
0.780572218348122,3174.8660998775526,0,3
0.7358935791378571,2242.651268492877,1,2
0.39708654050921993,2465.6810878218685,0,3
0.0021908914569955134,84.97605842189355,0,3
0.7268047169268305,2377.2892460192534,1,2
0.04219607616000223,336.28056858340807,0,3
0.2584568652481383,991.2941700322046,1,1
0.40656037793220207,879.8991899875207,1,1
0.04680885347646804,901.8908371392095,1,2
0.06933495321705617,302.3291864491173,1,1
0.3634002004486728,1199.815149533426,1,2
0.792994702491806,3627.136234800537,1,1
0.2967454499920487,1749.9574014725374,1,2
0.08937131294828278,986.758637189721,1,2
1.3218631835450094,2800.52223248691,1,2
0.8221286399384097,3179.9257043461484,1,2
0.4411688858425508,1618.5717123047175,1,2
0.9192620932976281,4638.5506366995805,0,3
0.01928031768847185,277.14820305380334,0,3
0.18195730759539663,598.377899459388,1,2
1.1014121560590444,4012.3749027526624,1,2
0.7731805273402901,1976.320375195119,1,2
0.7709442285783717,6169.621683793382,1,2
0.05604996115042121,744.2842336795901,1,2
0.7084427168631673,1831.7898974202062,0,3
0.3465632751883181,2049.911730245632,1,2
1.438605995845286,3117.0087332104285,1,2
1.4121154618921754,3564.29561662973,1,2
0.06306280393606424,700.9699204699731,1,2
0.858184098791143,3337.666482193825,1,2
0.3402485709765659,1339.5474569015844,1,2
0.9443929208175037,2100.505805365732,1,2
0.19850901657111283,1461.1683236531662,0,3
0.03179879406861663,422.25437073505566,1,2
0.15107381444349405,535.7227553566659,1,2
0.8134619602671826,3187.729761915146,1,2
0.022477549574532744,68.77885318953301,0,2
0.09740601131599907,403.7898432697674,0,3
0.005109583110654344,56.41547718779233,0,2
0.06559913250028224,178.21767788455213,1,2
0.8758721590295154,3324.290634022764,1,2
1.3065940116993746,2878.5479062115114,0,3
0.39412722344702567,2238.8505226114025,0,3
0.0053615265104220225,207.95251564171207,1,2
0.5871974817773591,2038.9585874430174,0,3
0.6493245649327454,2589.8515881924404,1,2
0.669698431514235,1887.540915367029,1,1
0.4472872675937216,2407.249896584344,1,2
0.023271106398980276,330.4448147144594,1,2
0.15303967370454757,559.0498306209241,1,2
0.6520979845867976,1515.612260616821,0,3
0.17392609366044293,748.3702105418199,1,2
0.4501858433527801,4589.472025532044,1,2
0.03345148669609908,419.0091761093127,0,3
0.7755486758109995,1959.9668265524267,1,2
0.8762203747173546,2847.710180361493,1,2
0.2593397997266452,1030.4372553454848,0,3
0.5691237670953199,2132.8017790070307,1,2
0.02104146304570659,658.5406956313917,1,1
0.855413325862186,3257.2679013056954,0,3
0.6907449327648584,2661.8985931981233,0,3
1.3966914291308434,2960.134356525372,0,3
0.9704543445378658,2355.6277740511123,1,2
0.07438649006789251,986.6828588553142,0,3
0.5966541365837752,2337.1954492970067,1,2
0.2869489177504426,1961.9003607946188,1,2
0.7062660120213383,1748.4673802363386,1,1
0.8556107140199747,3824.0010992617226,1,2
0.024483782276132328,434.9063842824712,0,3
0.8920784804491304,2039.7595227352144,0,3
0.4777125030311419,2660.418999549655,1,2
0.3407778233026185,1414.2211036071708,1,2
0.7567409549841482,2933.242049070032,1,2
0.081912102433736,1026.0208422408857,1,2
0.176672311059483,910.2352849038477,1,2
0.2252266439175287,849.3355234124957,1,2
0.3743473805513869,960.845730761074,1,2
0.09320756186231756,478.8412743578654,0,3
0.0023418821043915787,48.47070398760644,0,1
0.4555789301519596,1823.3037995465509,1,2
1.5849183024975078,3456.288924419179,1,2
1.1504867791829214,3282.3923145595513,1,2
0.9590286060883446,3375.434283939878,1,2
0.013087951585709872,717.6733827560739,1,2
0.8394063566524246,1811.4036364244585,1,2
0.7989241989743496,2376.7112740432813,0,3
0.9409745052602607,2895.525881095332,1,2
0.2269205819613887,1113.9864879191007,1,2
0.044299246368076486,554.8868692020126,1,2
0.825385115024741,3094.026561626452,1,2
0.5540658067070794,1550.4367774360255,1,2
1.6486028143095142,3547.2732130043846,1,2
0.951680171750805,7543.506004732808,1,3
0.05232054063863477,577.6769264594391,0,3
1.1501941559877396,3268.291771138176,0,3
0.219986966636769,800.6768754298245,1,2
0.6707690572966483,2532.850230472204,0,3
0.8093890829781102,4124.181326527185,0,3
0.06554807957107418,942.2320088435637,1,2
0.2113930288384375,630.4586861618782,1,2
0.41196188215987667,2381.4979263715504,0,3
0.39746155744290623,2292.6263171106507,1,2
0.3563115494370718,1348.2797473452804,0,3
0.009193631831668467,504.12968089303655,0,3
0.6258541663940836,1865.4904638323637,1,2
0.8799310047136529,2859.861902329714,0,3
0.9542529549748235,2374.331242404487,0,3
0.38054979105832815,1924.0380815480803,1,2
0.017303540904036015,746.9875407509365,1,2
0.09416137718403376,663.5774278477769,1,2
0.5993298815522318,1533.477795652057,1,2
0.3593454859598535,1164.369736000519,1,2
0.26843533980043727,1082.0452484167001,1,2
0.03430578047993979,1330.5862309900774,0,3
0.18606427874678785,578.9605759472166,1,2
0.42229825140874544,1681.595375045425,0,3
0.8053426105171585,3667.5572374713947,1,2
0.5559381459468858,2288.153884932075,0,3
0.054975642359103856,1059.2446605094497,1,2
0.7029394919723315,2634.67035011084,0,3
0.5337372106596779,1142.0926003002821,0,3
0.6727734534759978,3092.3761550561394,0,3
0.7385934560043775,2855.2293540615274,1,2
0.023081425424007342,244.3534566148043,1,2
0.055618638152783687,359.23825676109175,0,3
0.4622952075341885,1408.483685315679,1,2
0.19060227858588116,556.6016390549165,0,3
0.9771281692658368,2266.5612621739506,1,1
0.06961027647219052,871.9296950337146,1,2
0.2098142331897395,776.0761640032766,1,1
0.7694243340002173,2977.0914486809597,0,3
0.3178977138294167,1097.6114302510812,0,3
0.7063346301918418,2508.198060959111,0,3
0.03929452494507568,891.5240110115095,0,3
0.511066636430745,1732.7128828170087,0,3
0.1951085714792377,1354.3216597649446,1,2
0.3705964027179397,2548.528510996309,1,2
0.1034049913472268,522.7680040570377,1,2
0.004474010818058679,59.41013418825493,0,3
0.917370891380837,3524.582140728983,0,3
0.305973047814548,1373.005986968313,0,3
0.22318816523801926,1320.3802426691632,0,3
0.513646987775369,2958.96975114123,0,3
0.0023249630249769318,25.67017614892061,0,2
0.27584797750261986,1194.2700780108028,1,2
1.0076082959267738,2578.4944208222837,1,2
0.17898549612614154,1502.984529652907,0,3
0.8072235660037005,1171.1057919322343,1,1
0.033909777056005674,424.7496643533135,1,2
0.06627153683971845,419.90322792296286,1,2
0.23820165678487826,1347.7185463332453,1,2
1.0867312980583328,3604.8862294160926,1,2
0.7679426694679018,4311.276403871804,1,2
0.06072911179220868,1256.9303961076855,1,2
0.3319731871025923,1909.8894711789226,1,2
0.598838693271084,2304.163170049782,1,2
0.5144315496385434,1358.118367265262,1,2
0.21429912358319245,1092.3010005122626,1,2
0.08073679907801032,854.7269316481227,0,3
0.7022747209702037,1665.2644581249583,1,2
0.4643463596331348,1436.0286442269162,1,2
0.6537584356523062,1563.680957532732,0,3
0.5732959356990431,2196.3482782711644,0,3
0.005347509017382583,94.98801228660298,0,3
0.3304106305021385,1436.4550476631605,1,2
0.12734811346998914,897.8473125459212,0,3
0.48698656979533195,1608.9638162955525,0,3
0.2347725311552996,1336.968578259184,1,2
0.016994164496002204,659.1367684750206,0,3
0.696457635941041,2576.516132704827,1,2
0.4063494746154698,1945.8974588212025,1,2
0.4176171772668368,1770.8065607593974,0,3
0.41491156735760054,1539.2709836003808,0,3
0.01698353302626564,733.1729175496898,0,3
0.7301434254363062,3151.516714459159,1,2
0.8358750441643263,3335.7905615723002,1,2
0.36359362686207153,1265.957892145365,1,2
1.0224627151163284,2524.7137730856925,1,2
0.07147954261264408,789.2136047750937,1,2
0.06552176212879834,266.30329727993023,0,3
0.6576798643327038,2824.2171882200287,1,2
0.6342613373617083,1651.8752178013508,1,2
0.8220491765527275,6418.121750861827,1,1
0.060619917565030865,669.3112730439352,1,2
0.11444426031986975,566.2528058728096,1,2
0.24813910903793612,1462.6388221898949,1,2
0.5435066390594063,2137.6694151858933,1,2
0.8325235586167221,3190.9327445611143,1,2
0.027985410401511427,1534.5704802727826,1,2
0.7846662562405518,2949.55786932721,0,3
0.7015327351804147,2503.2835688386094,1,2
0.10275506235615332,722.9454967987754,1,2
0.7028050574918298,2261.4271871201877,0,3
0.019562990221603935,215.99715762927764,1,2
0.39469301872668966,1463.8018743191562,1,2
1.1011299831437205,2555.7913095725007,1,1
0.19905439023805263,1064.3006795265956,1,1
0.3687489337930906,2994.490709351349,1,1
0.04142932704952571,1296.625514845178,0,3
0.060136673538500746,406.4007856388203,0,3
0.8477296018579378,2358.0173722119416,1,2
0.3867343685017123,1377.9057540244062,1,2
0.5321898988941484,1178.4223019602327,1,2
0.031850869248211434,1235.3698844285786,1,2
0.202951685402562,599.1914733387343,1,2
0.19118670758681727,707.0376388179772,1,2
0.2847653977950121,906.6299141678421,0,3
0.10208206813471336,540.1727553429256,0,3
0.030324699263394254,1761.2873512314504,1,2
1.389951701025578,3003.712045384613,1,2
0.26974073941701415,1684.6905888060553,1,2
0.07643187478076954,169.06944819883202,1,2
0.3985501861629001,2850.569672376211,1,2
0.017104126498849622,993.4239213594293,0,3
0.07920313964247815,310.44255444360937,0,3
0.2876578650441901,1280.7266550471895,0,3
0.3365120714953315,1096.2426257213367,1,2
0.03324263940420413,129.85872406857303,0,3
0.02438956449491044,1052.8885910160755,0,3
0.17439485064491975,509.12090814178856,1,2
0.041549969064864474,417.4314236768502,1,2
1.16077684285561,3246.3531349448986,1,2
0.5055323067781302,3146.906682317378,1,2
0.06606983109238297,1167.0782570021809,0,3
0.09889743498280366,349.1721295614655,1,2
0.6133970385185625,2753.5990706464227,0,3
0.5708769776591022,1450.3129938883148,0,3
0.3098813761051095,1322.382152123806,1,2
0.04690246879860531,807.2922020060129,0,3
0.5555902322776547,1519.9185381660636,1,2
0.1409510594556999,492.2898422247079,1,2
0.9357004726486006,3116.7128090692636,1,2
1.7701758894280548,3592.723214025647,1,2
0.057223945984464036,1102.5639107841564,1,1
1.2718983031864795,3079.9143097277642,1,2
0.4622295657003106,1497.3632709869623,1,2
0.21076111498223934,1310.5488474659244,0,3
0.7957785099986874,1230.8175909943768,0,3
