energy,time_ms,violated,priority
0.009744233794915286,105.71944200048813,0,3
0.11652700331189066,690.360435215072,1,2
0.14346135002951646,670.1461051259778,1,2
0.9897515347611731,3654.4145436345657,1,2
0.4819825632824381,2482.287565043285,1,2
0.01725579954523876,533.547204440125,1,2
0.09086422190906333,413.70966154952526,1,2
0.4861463134542431,2523.603810577957,1,2
0.21369862138466203,640.5852058839749,1,2
0.2327416273309732,5240.9585937986685,1,2
0.052548388366455825,1140.5903763678837,0,3
0.6027212434400929,2003.7871080398654,1,2
0.29271391469191865,2960.736072260038,0,3
0.22104044570019882,941.9712797551658,0,3
0.20273819599511483,2646.816511164926,1,2
0.07176305814108482,903.2127563415726,1,2
0.3792708420074601,1653.6056632926775,1,2
0.543091045842223,1277.0404200775963,1,2
1.1265019031227939,3780.6908198464953,1,1
0.049330350007931206,204.4064156489164,0,3
0.04001610177095836,868.5705118379693,1,2
0.6537107624777877,1882.0044500178592,1,2
1.01743199369347,2181.1441476327464,0,3
0.22880764355962324,3583.1377361134873,1,1
0.29685336805491674,3833.4303347737346,0,3
0.03137452376266329,1779.0534578039844,1,2
0.5892081614349612,1995.6087263908805,1,2
0.053086572126771904,695.6272077745942,1,2
0.5113498104957447,2593.550398885159,1,2
0.13733029847668765,471.49280393403836,1,2
0.04862649748383461,527.5700777121828,1,2
0.13207293240313928,1159.294344086873,1,2
0.042832447498696,153.22965668931604,1,2
0.6511074510153287,1804.7196060806211,1,2
0.6598051860622087,2615.170266852714,0,3
0.01621980872031891,621.107296203373,1,2
0.5614442381574686,1745.8357174815646,1,2
0.5839056449694652,2469.9820093869102,1,2
0.10311797640563673,2211.209398309392,1,2
1.0512603662088065,2312.3315755445706,0,3
0.007580020635047714,79.72707805701664,0,2
0.3291148600993492,2718.550410496788,0,3
0.9760718660877291,2105.1577691869243,0,3
1.0712621768808754,3102.828516227464,0,3
0.9675399045517533,2297.6145678304038,0,3
0.031200001253945498,964.7002101484301,0,3
0.8876223810737174,2266.731245992151,1,2
1.354203189528395,3125.864823936678,0,3
0.188221938378191,899.4919944225956,1,2
0.24612487239385403,2403.742738895789,0,3
0.0012082859020744912,70.99002165419698,0,2
0.11225286625756854,1437.4738800947077,1,2
0.5377173369585615,1724.7243372509852,0,3
0.06077614800668986,2295.3244657901914,1,2
0.3399372865338904,2282.075062237995,1,2
0.03542078896282337,384.29558682395003,0,3
0.6300330586314209,2726.2741880870153,1,2
0.779576346057859,1914.4421718874148,1,2
0.11315036682261485,1110.075942039692,1,2
0.13510658677535844,762.4405532800716,1,2
0.05129508454653522,562.0054417994793,1,2
0.7624069351722718,2342.8548511771073,1,2
1.079792616116754,2916.6840926768787,1,2
0.5381820994131764,1958.684195534676,1,2
0.14905042740576163,3524.165249563367,0,3
0.0722036891755222,783.3693126283671,1,2
1.0717404961007615,2913.5113848652504,1,2
0.12226158715775091,1285.221949517508,1,2
0.8535483059014708,1891.1624937060437,0,3
0.2948992789930334,3406.5615273797757,1,2
0.016989975445446375,525.3279558944282,1,2
0.07923384863473486,659.0272642485768,1,2
0.2639615211972184,952.519208819069,0,3
0.12290368262284207,1811.3095092282392,1,2
0.2009702119581488,1705.2026463869079,1,2
0.020211200114504297,624.9278273778473,0,3
0.005230904317419128,190.53210007020218,1,2
0.6732516602740387,2027.5970432469244,1,2
0.882093245687571,2490.4163118166,1,2
0.7668310363319097,2134.6791242591253,1,2
0.05547164728760151,607.7652062924449,0,3
0.13817654227547488,740.6498323251367,0,3
0.10465474562302417,857.9800057794957,1,2
0.038728206694530795,182.9124541068914,0,3
0.03926372023371037,447.48199692106425,1,2
0.007834233979650879,460.2821558247186,1,2
0.21018053654521177,2109.1645750684593,1,2
0.49199273019134976,2553.88242001686,1,2
0.45049208303950516,1907.8966451675608,1,2
0.8113722974928543,2572.770164237026,1,2
0.0300949637719181,1706.4975954991721,1,2
0.3192991891842833,873.4226441216905,0,3
1.1895026162543956,3030.2972541017143,1,1
0.5534616195621932,4520.62945939048,1,2
0.539388231483417,4455.330954621529,0,3
0.03423744825081367,1567.9721135678785,1,2
0.05565543025972891,466.99438967622143,1,2
0.09853866453590929,1438.8352857893558,1,2
0.30342964959583174,1416.2427123104449,0,3
1.0301264528086518,4727.407075094367,0,3
0.029235972897441218,886.210164618402,1,2
0.2361256049385122,1131.8448086207402,0,3
0.7662825291548321,2603.631358879397,1,2
0.027010627646013093,1437.4244345094532,1,2
0.3905846950948229,1202.7879661640882,1,2
0.00260271611700252,48.06256674906355,0,3
0.864031426124906,1860.5329549545704,1,2
0.12691550399350676,448.1677609412943,1,2
0.19783190877178541,2971.7546811919156,0,3
0.03434776525506351,558.2682662967917,1,2
0.0683512452371212,748.8782232571164,1,2
0.6051154971959161,1247.3255780145926,1,2
0.496067719475957,1533.696016194312,1,1
0.08090632398534932,1153.2212154501726,1,2
0.5292300728958957,3054.9808876354164,1,2
0.01535733469637949,193.28803649792877,1,2
0.19417295779586102,1132.429914312882,0,3
0.376029348987342,970.5875771782551,1,2
0.48426218293616935,1328.513664259119,1,2
0.22632192554840466,1812.9880687626737,1,2
0.022111851182072317,1485.4868086057006,0,3
0.5523837140820632,1404.718907830689,1,2
0.7971322964971048,2015.4272106468975,0,3
0.01683086470864989,1851.832036981497,0,3
0.013283289940125483,228.74421640607005,1,2
0.014157815396029567,597.3737789483865,1,2
0.9351893031518247,2883.6635721364114,0,3
0.5112548388296351,1557.9251040435884,1,2
0.17466996140559188,3287.3625178630223,0,3
0.16592163680010558,964.7696826502246,0,3
0.031700727940150844,1213.9201983264004,0,3
0.24056785727127114,892.9921794892781,1,2
0.28621448649075093,2446.6360523180656,1,2
0.5789111209773826,3047.061298766209,1,1
0.5588602296754835,1836.3847114707903,0,3
0.032003779084904954,1590.6476646579902,0,3
0.08439954271618982,803.367980163381,1,2
0.26370459185271833,2385.55403560387,1,2
0.8338814500900585,3565.1399174744834,0,3
0.15642079522506988,1160.3042069300825,1,2
0.03384271409984406,662.4067028745734,1,2
0.2995663829519555,2619.006655450162,0,3
0.2170678414848553,736.3483728343487,1,2
1.0616012123483556,2594.3710329674586,1,2
0.07907917143906633,342.43869335086663,1,2
0.09077370472303968,994.5459000143765,1,2
0.06012121292483509,632.2055440701317,1,2
0.14517103249873092,1495.232477335092,1,2
0.1920720538174027,1863.0336335006734,0,3
0.8007594328777865,4715.674341286653,1,2
0.01495967283586345,292.80711736214704,1,2
0.6862079800652094,1536.7387184657273,1,2
0.17998603827596402,774.491410704843,0,3
0.9892737787945316,2667.008324760097,0,3
1.0895651286651173,5756.984341009108,1,2
0.05791411661622952,1185.6473815397057,1,2
0.642950682187807,1739.8365595184055,1,2
0.23651674830479488,749.9883335513936,1,2
0.7764318751326784,2176.071912005936,0,3
0.118432309851893,1427.6829779177467,0,3
0.004626491982509218,211.87941224701007,1,2
0.9209062580650772,2816.540908141628,1,2
0.5591500837594662,2931.3485605828714,0,3
0.043851829331862574,306.08545413304165,0,3
0.5897161096010676,2297.0745818817795,0,3
0.02576326770955414,1460.8741426557133,1,2
0.4831751584095799,1140.6506082612063,0,3
0.19715151670101336,825.2333063025259,0,3
0.41403303267234615,1331.3073233621835,1,2
0.2417044460359852,758.6625444311225,1,2
0.04955936047483424,542.9882906946141,0,3
0.25027063090073753,2563.5726437701173,0,3
0.663735436483014,1665.8955394685702,1,2
0.22113957676655313,2029.3407211957547,1,2
0.1846983078724142,2081.128790084633,1,2
0.006720661244813944,451.49786610236373,0,3
0.7019428486960083,1604.5343468573772,0,3
0.1471226989671071,1555.3684564534115,1,2
1.2740800170179805,3342.459241296022,1,2
0.44814842181137016,1568.6830844666022,0,3
0.0031561451305342353,58.28235934571834,0,2
0.6427854057909969,2780.3896793008666,1,2
0.12819772058720622,883.3493420873722,0,3
0.5116268220206347,3163.1712630138964,0,3
0.7615576759019986,2512.953376495597,1,2
0.019654948293815255,206.73183785043494,1,2
1.15204476836024,2568.897231270924,1,2
0.35258855011258744,1896.9148177481918,1,2
0.266946608796797,3802.9978502315503,1,2
0.09431284306335719,375.3984102774226,1,2
0.05220203339084149,1133.0725596607776,1,2
0.1515458641182734,1505.7780027257934,1,2
0.16996543171697165,1264.8828839461896,1,2
0.42345185078229963,1229.4819609175704,1,2
0.6285257380760736,3736.409679639434,1,2
0.024033911328585365,1194.5303342455272,0,3
0.7271869353839374,1760.867559308999,1,2
0.5104431442192072,1192.4397394726345,1,2
0.502646800372956,2452.5894886203137,1,2
0.3656457554773453,1616.6735393378428,0,3
0.029901672116040588,585.2683085164933,1,2
0.12255320833809857,308.15227812890487,1,2
0.6867497200893667,3240.2427440289325,0,3
1.0024166789489666,2342.7014432527517,1,2
0.7238654183650126,2223.842416363909,0,3
0.03616418248534496,1525.9087471862424,1,2
0.777066039688491,1891.52251215386,0,3
0.3384309187795028,2121.274183046582,1,2
0.25005336867130046,2490.3206012605224,1,2
0.04747827685406521,1143.9444921821473,1,2
0.011116497779887373,849.8310572900155,1,2
0.36794192333403963,1215.2851383205805,0,3
0.007030999953795905,2217.3223660460962,0,3
0.9570924266524922,4030.2927868248303,0,3
1.186425229568901,2449.322308736751,1,1
0.017773820406341546,1194.0554200886547,0,3
0.29682753519972505,1000.5299557676205,0,3
0.44724725533444487,3737.312010115642,1,2
0.3152937563154952,2040.0920299424517,1,2
0.05356465364068215,299.76369451407186,0,3
0.05632452386440116,1040.1062068035685,1,2
0.2179516077702735,948.3903097416104,0,3
0.46688798126477815,3868.4866648145853,1,2
0.723553410777185,2484.396072279782,0,3
0.15264588652071925,528.831400697911,1,1
0.02507520974547676,1246.2848126977794,0,3
0.21602961942680565,814.3254340913868,1,2
0.7225185551327639,3846.5541857218896,0,3
0.906746854039234,1988.3249361072185,1,2
0.3918179226268275,2047.836957176518,0,3
0.03522425424013533,1486.2494867654104,1,2
0.7340679880871794,1884.2065675460256,1,2
0.9456233305548125,3874.256694582569,0,3
0.10956137093342846,1246.4642820143795,1,2
0.5127535389373904,2066.67946836026,1,2
0.01620420657974694,170.43674483709037,1,2
0.26800138334309265,2407.927123652525,1,2
0.343039021993061,1290.5370829377932,1,2
0.32316386761399574,1536.8783881237307,0,3
0.961680019811909,2068.018559325419,0,3
0.02475769992835296,1454.5809489330068,1,2
0.6413623534887771,1754.831797794618,0,3
0.028233322726500483,1162.8505916708498,1,2
0.3594744061101569,1178.8494127790425,1,2
0.7561727869651911,1868.7396758118225,1,2
0.02807278221454339,574.7203388384303,1,2
0.7883024450950236,2358.397175235692,1,2
0.5640200155790258,1774.4477964000187,1,2
0.048718746589809465,466.3699006623632,1,2
0.42571116525927394,2567.109998710949,1,2
0.036915447205072366,400.5117859297688,0,3
0.21411033145047154,548.7905559807624,0,3
0.02723879729370825,1077.0978095318862,1,2
0.5971043190351927,3083.617144625684,1,2
0.792878255306081,3894.043058883181,0,3
0.03900168970005876,1182.231696914385,1,1
0.476222948412011,2107.6252978415687,1,2
0.07947602693853244,1005.6363496418337,1,1
1.0424643548471735,3531.173244078209,0,3
0.9952021538961366,2764.590563868195,0,3
0.0176097616802313,674.3329500731113,1,2
0.33026117734328975,1002.4962307748242,1,2
0.629884372765754,2290.325518901699,0,3
0.9140174241813257,2360.5724280193645,1,1
0.8900276705026879,2404.0884594408303,1,1
0.033791544861063214,668.9749797401172,1,2
1.0339203705375324,3049.7364532427696,0,3
0.12050478309426622,2337.086381744721,1,2
0.4455536701975308,1108.7200997632153,1,1
0.05170637429340692,427.24258702538566,1,2
0.035406437908891565,1073.2512743072161,0,3
0.5041946161073056,2466.0846902217227,1,2
0.4918095825232522,2879.5807211411975,0,3
0.30272816833059807,3141.270750303282,1,1
0.5970647954209239,2982.355495414937,1,2
0.028887672860653718,1638.0396617148124,1,1
1.0793491870351184,3251.915951740537,1,2
0.8882924108075942,2341.1074977767157,0,3
0.36377543474149027,1400.3665100187366,1,2
0.9247574789343272,2812.558688150366,0,3
0.0939677582731384,988.3581007742492,0,3
0.4798887028163752,1929.7895651951064,1,2
0.765811252828576,4427.812011560427,1,2
0.9344869386592062,2077.7576687100996,0,3
0.5579357981566977,2269.7474204914506,0,3
0.0004594643480809661,26.994756757153993,0,1
0.15494336399075842,1391.6463273448483,1,2
1.009378261844639,2884.573755322999,0,3
0.5413117711489807,2350.6827163254848,1,2
0.8820132197422259,5035.821946356997,1,3
0.027473996540130136,507.3433802278434,0,3
1.0997403909761188,3328.974769415505,1,1
0.25821008679276297,2277.1564978443535,1,2
0.18324605655748474,1715.6084085218517,0,3
1.283494131938879,3415.2602074100128,1,2
0.020667246455670394,1388.4374368887193,1,2
0.5440745045966677,1664.0778682208515,1,2
0.2589008787446432,1414.3904872972166,0,3
0.15865999628220773,1370.562720719062,1,2
0.24192650400315777,1981.461889489524,0,3
0.043306753313610835,1438.655198164847,0,3
0.9135342289472647,2010.280153220438,1,2
0.6193723040844891,3069.995476911214,0,3
1.1078616541878834,3456.395492379669,0,3
0.10745129611951837,846.5049777859571,1,2
0.028704137422780662,870.0889975478822,1,2
0.16944528059747774,486.09099058122786,1,2
0.4882655869396249,2637.519966968497,1,2
0.8513700543123618,2822.814843869255,1,2
0.5174461422004588,2451.445241153706,1,2
0.0076638939802723335,380.909861599953,1,2
0.9850260355644238,2216.9618899165134,0,3
0.0888439623649005,1403.0186184195218,1,2
0.21615427181016933,757.7443158399591,0,3
0.9880446710039295,4794.007766863358,0,3
0.05354864507480645,1048.1127879624391,1,2
0.7744479239952561,1925.1222144890119,1,2
0.333496570471017,2572.095486395978,0,3
0.22844721453491101,886.6107038763708,0,3
0.31958545226311236,6100.90724552522,1,3
0.002474129409806574,53.70227865095723,0,3
0.6171700339816816,1705.9551052417064,1,2
0.557687557198039,1510.328356956994,0,3
1.1850476656544584,2603.707736345593,1,2
0.3536767810175632,2311.7608099229287,1,2
0.03368173711116882,1041.4351783142881,0,3
0.5195381169683114,1283.4217341483886,1,2
0.23509186200820634,1523.1038570833703,1,2
0.3026168659438659,3153.986259559511,1,2
0.5952477257622429,4994.067134847901,0,3
0.05207522862263849,961.6373969093471,1,2
0.5305897570987346,1500.150907090331,0,3
0.01700044767577935,237.641995610196,1,2
0.9625075707266917,2504.329607938146,1,1
1.0740977334107147,3067.4216859812495,0,3
0.022459980575559743,1028.5995310096444,0,3
0.530046587257545,1741.4237747553584,0,3
0.08405196904402663,853.7967469724944,1,2
0.10493117104301604,858.8092183458085,1,1
0.9688213280685313,2767.8190408789283,1,2
0.025178808384824947,546.519263956625,0,3
0.6624413467894932,1743.0299836556899,0,3
0.3016387846347737,1127.753511393461,1,2
0.16261548559168224,1243.5029551666382,0,3
0.525812006145879,1540.5326570749653,1,2
0.03101139340051698,1030.201963996384,0,3
0.5618649734663168,1321.6295298062146,1,2
0.8114105263098816,2605.762889371414,0,3
0.28145473685727385,1068.1398928074532,1,2
0.25736554912360493,1772.6404444947354,1,2
0.00631921019689639,358.3229768337495,1,2
0.8598373430093035,2143.2613628305144,0,3
0.21491431554490137,1870.4122462024127,0,3
0.42732072060016396,1883.1773451579377,0,3
0.4557621274168405,3730.094923276231,1,2
0.001420246236819911,43.913839360805255,0,2
0.825390387015531,2592.4437936997065,0,3
0.05711463769834826,358.5355334221263,1,2
1.0381331772277553,2417.600404563298,0,3
0.23637161925269726,2314.403392909297,1,2
0.003868715305695394,192.2823848366555,0,3
0.13211700924206463,501.6027813232944,0,3
0.7339099246092777,1759.6084395496111,1,2
0.2327305565814665,2483.2033669334323,1,2
0.06137035446880388,860.7733195704619,1,2
0.03793569543525988,1149.918937691231,1,2
0.3957971158831594,1737.2279746162435,0,3
0.2527411813342842,2478.347881857903,1,2
1.2226566679819413,3058.8790770851224,0,3
0.2861322756699735,1091.9421461565164,1,2
0.03517412293221001,1610.8689956355904,1,2
0.34386583911675106,1099.586870572565,1,2
0.23524337038195578,750.5441654934604,1,2
0.3530275283987923,2954.841180744691,0,3
1.198589827205814,2782.8050098086196,0,3
0.006702240284557996,512.3710776556609,1,2
0.09689344980287166,872.2645781354305,0,3
0.17941438712246838,726.4209838754537,1,2
0.22203814751146195,1095.839405535797,1,1
0.10838211475965089,422.33263533063456,1,2
0.021619348919716272,990.1011305304664,1,2
0.09732879039040905,893.2952269564183,1,2
0.19441029426395384,1438.8672920121762,1,2
0.4120202253856574,1231.4747193357616,1,2
0.257897631756529,3386.086530658971,1,2
0.024388681951201585,1382.9299620541449,1,2
0.15561563493632516,957.0225976532228,1,2
0.006367181516734509,93.18674996302538,0,3
0.19208012856779347,1603.175541265164,1,2
0.2826469564769416,1915.5595240712494,1,1
0.060855815637709414,1123.7824525114286,1,2
0.3318837754512324,1040.5168969391766,1,2
0.5807681362536368,1645.7739944850834,0,3
1.3570846282555866,3005.6940326227514,1,2
0.6756905844188686,4035.432841517811,1,2
0.04039448120449156,508.4065765141755,1,2
1.1360171834994774,2445.781793392821,1,2
0.7735308627453454,2216.254513348747,0,3
0.8942865238577131,2216.7698686239482,1,2
0.9447649997046061,3960.5840718283066,0,3
0.009951671550064975,584.6872645138374,1,2
0.8982478425015978,2185.4896724819982,0,3
0.7413235326538501,1700.421918301181,1,2
0.015615185397523696,647.7394729354627,1,2
0.6841591985867723,1953.7469121700906,1,2
0.047022479278019814,1453.929289040315,1,2
0.1537890885969332,442.7773705778371,0,3
0.365571524418144,2050.476532076504,0,3
0.25633912621934213,2431.7751385516026,1,2
0.02135833438032495,259.15927426283326,1,2
0.032200267882433145,976.0648226399625,1,2
0.12657292054927324,1214.3438481452085,1,1
1.23920540463953,2826.4839283914557,1,2
0.5521810671399536,1876.9780222188392,0,3
1.2978898646926564,4798.856481183484,1,1
0.003350371884099235,256.128336186079,1,2
0.1503822184897581,412.45591688655844,1,2
0.03471344681476377,755.0734355702124,1,2
0.12906842377491487,550.4438794651481,1,2
0.6741981695698532,2957.2654383301515,0,3
0.01962215065023211,606.7144902261591,0,3
0.9061786518126071,2630.566745259509,1,2
0.27453008593466954,2687.2471582621674,1,2
0.2378364298176146,1183.0627236052708,0,3
0.07268988738869242,1109.1219658686246,1,2
0.006512545677812683,249.38577927124084,1,2
0.12738576130999812,1250.6500754614265,1,2
0.21007875840839585,2895.2042559518186,1,2
1.1347181883945696,3570.146086732078,1,2
0.7720606848527028,1991.2253280668967,1,2
0.02055006603597369,379.48392223779854,0,3
0.9277241585802439,2035.5091937573077,0,3
1.1444536424285288,3040.1265141897356,1,2
0.45582215208160953,1311.3802576831306,1,1
0.7487593163940093,3976.105859238377,1,1
0.04736013218424232,969.5808206092092,1,2
0.02765316122031517,157.88524829351553,1,2
0.8391198912630174,2030.7216644922974,0,3
0.42443747882513827,1180.6376084264418,1,1
0.6100959993919315,2581.4572372144003,0,3
0.008341556218058863,87.73695161714889,0,2
0.2582658233887287,1272.01449205319,1,1
0.6499402861424982,2488.7185190681566,0,3
0.11050824860564051,1282.218052857283,1,2
0.21930062013787044,3969.9441978485424,0,3
0.018856608122830406,571.5875386565567,1,2
1.2083315007606792,3498.5622174166438,0,3
0.110360875595994,773.6251814072551,1,2
0.2714147853906953,2521.4160731513607,1,2
0.10698875203584603,934.7473763132202,0,3
0.030024507962243395,1702.502486194172,1,1
0.20924407898486141,691.24398889582,0,3
0.4764076179608999,1153.779289632083,0,3
0.020133155372132783,232.69803090464657,1,2
0.2317264443326644,4320.4895935836075,1,2
0.001260101711732405,25.797445981772036,0,3
1.1231709499347844,2836.3997961645227,1,2
0.05038074959540649,713.0487540900278,1,2
0.19551177956548788,1149.2496439407566,1,2
0.11780673853136162,424.4096494221309,0,3
0.07192526001679678,756.5138798061173,1,2
0.695225832072722,2095.4418629183674,1,2
0.25167139724210097,1383.5779618731885,1,2
0.01565682707201504,416.1291052877861,1,2
0.31907264148636333,2129.115535894549,1,2
0.030265755595294163,592.394549525177,0,3
0.22965202540542048,1727.1827642728656,1,2
0.8391750174245891,2810.067627657282,1,1
0.46695024468620766,1273.2821852776262,1,2
0.4088067224370956,2406.8193714652816,1,2
0.018976836311116328,1450.7361208197838,1,2
0.45395636832812924,1439.7285396841858,1,2
0.9758731445996075,2459.456513684483,1,2
0.1928393611712721,599.055080267008,0,3
0.0905985969765153,2286.2710918728617,0,3
0.03581055271172554,1371.298265833735,0,3
0.017198101712677074,256.51588191887413,1,2
0.1531092710064599,1501.4754505900462,0,3
0.4595546223706134,1117.8278831388664,1,2
0.29849487234796607,3539.8441727982167,0,3
0.05396371512104363,1068.325682599933,1,1
0.09022247287222879,1068.5906744243596,0,3
0.6268463072512228,1487.0084694469006,0,3
0.024377980394071574,583.0685836416019,1,2
1.1513229969888723,2918.6119761708956,0,3
0.015509024685673833,1041.9051482938523,1,2
0.3689762037288773,1061.0868021226,0,3
0.2269802575205849,2237.5865871549427,1,2
0.9543085448750735,2334.674527639825,0,3
0.7837207920496567,3166.02163896623,0,3
0.004710489912655804,142.7858773700457,0,3
0.010430032225026817,196.22098406300893,1,2
0.34968996448860923,3584.7505015145257,1,2
0.32243692874347496,1854.0672430974382,1,2
0.08226714980699412,909.4106298907672,1,2
0.020713347615629884,424.05423406753795,0,3
0.6001366898699002,1871.1951890360508,0,3
0.14788811251250789,2830.406839169192,0,3
1.197848149497052,3946.620206193397,0,3
0.2882726203943219,1235.077993164725,0,3
0.017042128571705905,966.3527642103655,1,2
0.17760760612814705,459.0907639302846,1,2
0.4513401727590002,1538.1955425627166,1,2
0.14118676254077808,1076.1058416064625,0,3
0.7309736859356646,2694.9251564054534,1,2
0.037176608134141496,467.90629571908704,1,2
0.6029472207610264,1452.317957654864,1,2
0.15773112875971834,2174.26861988931,1,2
0.628453628822177,2589.7929612960556,0,3
0.7322314668597573,2245.352795007871,0,3
0.017259258942493874,1159.4868866597446,0,3
0.29190647851218493,1124.938804492525,1,2
0.8415707781207474,2448.7279090923043,1,2
0.42794750348063787,2126.796429336437,0,3
0.2784374882487929,4490.63235219291,1,2
0.024285972575590817,497.194837369325,0,3
0.14473285951822837,563.9198717722949,1,2
0.2149760385270358,2269.350063841917,0,3
0.5292728349462185,1988.4121210341366,1,2
0.6352030920652026,4373.097901636039,0,3
0.021689032250201027,1077.9854593405294,0,3
0.5868335191073398,2922.074260681358,1,2
0.22030188283359253,1669.3241798373544,1,2
0.11977405151784644,1262.3923053971503,0,3
0.9019537991116161,2235.0430477647883,0,3
0.008986122150842159,113.09969735023775,1,2
0.5778459523536535,2576.2735376327664,1,2
0.44089350955659556,1232.6212689767403,1,2
0.1596843108946372,2494.1811475777413,1,2
0.9211611557610369,4027.2835044251883,0,3
0.06503290029370418,684.0196574158398,1,2
0.4609817391351083,1897.2481237963327,1,2
0.04109586830260811,1067.6833434092277,0,3
0.3265975578791932,2122.466894226785,1,2
0.11484626962483144,777.2210778264638,0,3
0.008940525930444709,600.6296452664587,1,2
0.15053673552763872,424.93075157245545,1,2
0.6648656263039767,3270.795389746938,1,2
0.18508587713203506,1616.7428903069317,0,3
0.056093618452048154,403.2665080165646,1,2
0.009701264167142858,569.9751624314645,1,2
0.07515081023828167,182.16169840782396,1,2
0.31591516186408736,2176.390915198098,1,2
0.940006705280856,2524.0278399913673,0,3
0.2787684614225377,4954.37734080458,1,2
0.0056341811650723285,237.72820874631293,0,3
0.4066172297675165,918.1030376989768,0,3
0.5144413087006331,2967.384599683461,1,2
0.2242188293143676,1615.114390724354,1,2
1.045549981510572,3395.0915606796248,1,2
0.0008567301889132805,25.969479600141614,0,2
0.3393842931830404,1990.2890255215698,1,2
0.8267852397119523,2442.1313187236365,1,2
0.44109450865005173,1009.3650801673843,1,2
0.2328955190614615,839.5691829934904,0,3
0.06090414425323192,640.5931720583842,1,2
0.6143741797241187,1837.7081357858565,1,2
0.8083374654140602,2318.4210523302604,1,1
0.007809582304775715,261.8655192768833,0,3
0.33481043514800307,3010.4804639105164,1,2
0.019896950298221777,988.9156352979045,1,2
0.6525956078909605,3123.6600277495418,1,2
0.2578332647292152,845.9378461481384,1,2
0.5177750801548773,1428.7550138982979,1,2
0.027071086004619698,457.13811041424714,1,2
0.035381436712262904,1093.9896814060885,1,2
0.909758381838697,2294.7150572654873,0,3
0.0628092964737622,565.029725342293,1,2
0.5807643399432765,1613.6598182885143,0,3
0.10847508976612842,429.92805325164,1,2
0.07907264553086552,995.2115192853673,1,2
0.9922020031822834,2063.443674826,1,1
0.5302732160187446,1726.9541011931296,0,3
0.33073550074494856,816.7082650752526,1,2
0.7828249966584135,2755.0823440849636,0,3
0.015906289086296058,314.89857782461104,0,3
0.1831870986127475,1641.8930069699788,1,1
0.07319054456918467,775.4680408209792,0,3
0.45282467782922897,1241.3531395636678,1,2
0.1212603496499979,659.667286789965,1,2
0.022881195863180312,1749.2155584871139,1,2
0.7341457692078927,2173.5444487144323,1,2
0.9701838587447335,2458.108292367624,1,2
0.33795041713155954,1974.583972354432,0,3
0.5500133331839426,3355.6672587554144,0,3
0.024705283502470535,1227.8987866921477,1,2
0.036009294845969535,411.7659363717848,0,3
0.21656794878254074,2017.138876618868,1,2
0.42223128733348614,1586.6704854970712,0,3
0.0508447043575822,278.19563993885646,1,2
0.022395805207939913,1269.9263579868218,1,2
0.11483633454763582,450.8331901508335,0,3
0.5026693709213795,1165.737200527827,0,3
0.07247113415627214,1323.230094981534,0,3
0.2072686749530326,1089.7419881696546,1,2
0.0052572932232518915,308.88000854793216,0,3
0.9345585644417495,2049.5227327259045,1,2
1.0795190792096492,3338.6104088391544,1,2
0.5593035722024116,2321.5696696940745,1,2
0.08097726765153522,385.46062851322455,1,2
0.031026429687677902,390.49990069475507,0,3
1.5100267226039268,3326.0512220653086,1,1
0.2863122533829546,669.146331393703,1,2
0.39317529894046316,3365.916340235765,1,2
0.5376289383421106,1514.2849831411836,1,2
0.017648661155892583,1036.9059470720856,0,3
0.27858258273688424,2039.947859042202,0,3
0.3183724143344754,945.6688898634613,0,3
0.03476470206451676,887.576715684058,0,3
0.5357271141409761,3839.7915755410045,0,3
0.015843533605667863,310.1070093447768,0,3
0.28533738750801435,1248.0720409303947,1,2
0.8142546663043541,2670.550467134071,0,3
0.3417658271641081,1147.420741650126,1,1
0.48615448576067083,2902.322019418269,1,1
0.0009176982874682017,53.91722371959842,0,2
0.08487512027878075,766.8133288301385,1,1
0.252123003708975,898.322852155397,0,3
0.5920283904203862,1791.0924764737017,1,2
0.3907181367620098,1084.533244432242,1,2
0.02853804993552411,1306.956819524246,1,2
0.8989461337954254,2168.2427359068265,1,2
0.07511667978849092,797.5894751569765,0,3
0.23335447916603305,1879.4162849166387,1,2
0.9014208085498936,3304.869717542637,1,2
0.07960160425822489,1001.8690152520238,1,2
0.4708100042993223,2003.6241501808986,1,2
0.9188068528215679,2745.6001187811526,0,3
0.09862238932385689,934.9446937979549,0,3
0.24166067051041076,4887.154949230436,1,2
0.015590728897302555,338.4049614769056,0,3
0.2616153877584107,617.4985831098282,0,3
0.020971168302114932,189.51524843915723,1,2
0.7458211041227693,2194.8923032063453,1,2
0.43134528683128787,1108.3553552133847,0,3
0.01285372716859925,263.14806908761017,1,1
0.19470944662802991,1762.0592532993082,0,3
0.5923766216453147,1883.4200520884563,1,2
0.48638845845784373,1042.9243726924099,1,2
0.015556904231973182,274.4931390137684,1,2
0.0330020537342448,1392.4861287435842,1,2
0.0510441004387076,216.36183616917072,1,2
1.1524156354734665,2398.2273681241163,0,3
0.618490726439647,2648.857348611773,0,3
0.24857918378608704,707.7421456602779,1,2
0.0009658850194697885,40.75447856680744,0,3
0.5465255839236205,2695.144130900069,0,3
0.10223139672714891,1126.2222013412445,0,3
0.12694473921540497,708.2808685511986,0,3
0.5746749715324184,2515.399250247713,0,3
0.047116378419904736,870.0657240286403,0,3
0.1906389907271886,600.2791628450767,0,3
0.06168019121495263,657.4686395775377,1,1
0.3549095184314495,2004.261823615349,1,2
0.2093316660306491,1138.174768410095,0,3
0.03054520118782003,564.0572021523137,1,2
0.05101047679202431,563.1550772285631,1,2
0.8588259881211437,1944.903812386415,0,3
0.2194018480915158,1226.6279940164843,1,2
0.11161346866046422,1365.70463545926,1,2
0.02256486256531333,1279.512545763807,0,3
0.3891089724447329,1612.135310028108,1,2
0.9364426194318942,2156.033967404781,0,3
1.0267477490732226,2447.399103886735,0,3
0.15988283099189274,928.6535203439515,0,3
0.013744965268806064,923.394627769078,1,1
0.43931069722764443,2152.5570909190997,1,2
0.17845018090804554,913.9093103450123,0,3
0.03400456099269116,506.09282152874056,1,2
0.4617353673735774,2342.897002532389,1,2
0.07797487612085247,854.3178179929404,1,2
0.3042449018299283,2729.3885645778687,1,2
0.10634564970137045,736.1702439615657,0,3
1.1157348800623297,3378.486748725879,1,2
0.23550904503706202,1317.505760272624,0,3
0.008203719414563597,465.181734764733,1,2
0.39529329944077063,1802.289339510136,0,3
1.0482079680060576,3483.339150021705,1,2
0.0985467312177016,284.3454596350222,0,3
1.475083464006891,3954.744443987008,0,3
0.02313324644739416,1311.7420488608168,0,3
0.41989196985943356,1267.7954116256117,1,2
0.19745602262975323,1092.717742008934,0,3
0.19763633631712227,1482.1081072111135,1,2
0.3778597968223368,942.2505584538727,0,3
0.007004473289125842,411.5315006304132,1,2
0.1366653627081354,1255.5274134767947,1,2
0.11761206375142305,1135.171181518049,1,2
0.37149909655488755,2904.2412123085583,1,2
0.13576568023659463,1819.7578442740626,1,2
0.06047173690358257,1238.0082906556568,0,3
0.18106372389294212,1021.0188949811685,1,2
0.1320868268240231,1073.6589691351617,0,3
0.2121435411475206,633.8357138720681,1,2
0.31703578054082726,1457.4437514045965,1,2
0.038211161270739924,1181.4844175122207,1,2
0.6626110823028745,1553.3037985306923,1,2
0.1956251186301159,1964.06267258479,1,2
0.18715805174520192,1678.2589690748146,1,2
0.376719832516775,1339.4876058890427,0,3
0.0116062498077712,229.7702209808996,0,3
0.7219104237384403,2066.596544568409,1,2
0.16406374303459648,1450.7158703259827,0,3
0.039563367173594044,602.0954088851873,1,2
0.22314232025798028,4517.658911805214,1,2
0.013230978335601298,750.2462168395629,1,2
0.7797969101370998,2000.4100740478514,1,2
0.3740327349763183,2276.9028637699744,0,3
0.12738283859384233,472.7434962343595,1,2
0.021251758711377702,268.7226928443121,1,2
0.03342190011555055,351.5334017701575,0,3
0.28466182412616203,602.5339851960848,0,3
0.013847071057035365,366.19060459606544,0,3
1.220767209400932,3492.6703930687117,1,2
0.3028214005883234,1426.510315918944,1,2
0.012995559667120855,282.07544993510504,1,2
0.8057463345901876,1768.5942645119806,1,2
0.8541613762527178,2033.9940060649183,1,2
0.0422956956466263,648.6214456566271,1,2
0.27102222157791367,1976.4965305507624,1,2
0.020826826522169918,1035.1322224115727,1,2
1.3138788948750475,2893.7782320937526,1,2
0.8555066568295729,2776.660821998564,1,2
0.0366847305525351,294.23745801150125,1,2
0.12193915228327307,2299.0324058412125,1,2
0.03741744775799319,1243.0118076337087,1,2
0.1216991140762133,353.9002052325236,1,2
0.6900192250230159,1722.7973101688767,0,3
0.33163882128764216,931.3731553090054,1,2
0.3359715531671947,857.9996217358987,0,3
0.015269809487311409,462.86335080801246,1,2
0.30257020865600975,2255.216611781575,1,2
0.47187070325049674,1250.3953321508695,0,3
0.03882942436332866,268.80549692869,0,3
0.9502579045563231,3170.655882965306,0,3
0.014990192845888149,880.7138384244618,1,2
0.6762764885808652,1427.736256473601,1,2
1.0762107721631944,2571.6287815759615,1,2
0.4953334915876055,1810.0246619623292,1,2
0.3650819124122844,2327.174000542739,1,2
0.05953799688504779,749.3476402284641,0,3
0.31077513820113384,3077.7366367866753,1,1
0.7088836566930576,2948.9249980400896,1,2
0.9302785187946191,2012.8081894839038,0,3
0.1991834361708337,2284.1637342550766,1,2
0.01491140102125365,305.27381938833616,1,2
0.2588701697824066,2210.4403862514273,1,2
0.2811541230071295,1164.5349395980732,1,1
0.21662816149644007,2232.811074190683,1,2
0.7063911871300531,3646.2116481847397,0,3
0.01163323927977505,781.5276680891602,0,3
0.29585149886544765,1687.1958953673666,0,3
0.6636736114277797,2050.3611026162835,0,3
0.4255058846965938,1677.130668487296,1,2
0.17193388839310011,1703.5246768128934,1,2
0.06689542118450406,732.9277467717692,1,1
0.5855955037106713,1820.0659921030826,1,2
0.38931654642350577,1485.1416830415333,1,2
0.33743625343628947,820.6200279175159,0,3
0.8830184005162702,5124.851388453474,1,2
0.08786108766115398,924.1278000941896,1,2
0.17398281588763592,1510.604466701378,1,2
0.017407907096810133,364.228209184186,0,3
0.7869107024865003,2485.3280386918545,1,2
0.2349114689158176,1519.41129211468,0,3
0.05720525819662417,601.6880830675124,1,1
0.30961587071356483,662.611188720775,0,3
1.1544494349920573,2578.052560294826,1,2
0.15267645262951926,1719.4555260085172,1,2
0.07524883084806815,355.6107801262035,1,2
0.04747122519285091,1438.9629666292246,1,2
0.3691864167021213,2720.067360159945,0,3
0.7669905837862523,2147.8483583832463,1,2
0.4094787978378315,2019.2647769295208,1,2
0.07029933506187702,304.2245180458535,1,2
0.01194942981104126,802.7695288150862,0,3
0.12225950502981021,685.9725601117881,0,3
0.3474685936438393,1098.8178576342314,1,2
1.2494273819277,2824.0104232888907,1,2
0.6407712565940229,5598.693650532469,1,2
0.02100816294774981,1044.144981845415,0,3
0.3730288461574863,2115.5160340902385,0,3
0.2246252437344574,742.5338604085791,0,3
0.5704913905700912,1710.0330013644086,0,3
0.27345295317933055,2819.9995411807668,1,2
0.04424365215788009,817.0170658140979,1,1
0.22890189594680466,2368.330110667279,0,3
0.6059985598758402,1500.2802301512831,1,1
0.029804152559963385,247.1115971496527,0,3
0.1617864721934681,1104.0311729424047,0,3
0.04372215810237673,1325.3200454557227,1,2
0.30822095029471885,2395.492417540878,0,3
1.1551423013139763,2576.183556959056,0,3
0.17503706202367436,1674.3086998724957,1,2
0.10134360837260112,384.38511954383137,0,3
0.005167866612502198,95.43143502707382,0,2
0.560946417519528,1308.1693233957662,0,3
0.15534997947713403,493.98384542294207,1,2
0.08061340866113965,387.4920634556208,1,2
0.3027997852327943,2223.073734709675,1,1
0.012442103369845471,618.3958030760411,1,2
0.5751718433922002,1717.3004156835625,0,3
0.9908632303486232,2066.7377407476183,1,2
0.16230065221677129,1855.88068095452,0,3
0.4815644035319077,2881.1158404826324,1,2
0.03172962927162991,1577.0219063031573,0,3
1.0140965347636142,2485.0718502690133,0,3
0.8575608274836387,2037.824457278592,0,3
0.3241329155063454,1756.4785906149853,1,2
0.2798242751578556,923.7912871770798,1,2
0.05144691636028266,1018.5003370316084,1,2
0.039509919458810425,267.42188614653423,1,2
0.1857314681075654,1006.6466037464685,1,2
0.16421353492814034,1043.8380488346147,1,2
0.6209646489915965,1764.5086778841953,1,2
0.03600384778209903,1196.0518580221853,0,3
0.4700134236722429,1369.8380494465239,1,2
0.3203385745689641,1565.6402105682682,0,3
0.014871326414191957,616.0788190174331,0,3
0.17275013350310547,2246.1939052675534,0,3
0.004332957937993407,54.53478410288887,0,2
1.0220648400031362,2990.1493573221082,1,2
0.23531262045676657,497.96029269348816,1,2
1.1580035453532216,3961.4472008536786,0,3
0.492846338453375,1139.2368646956872,1,2
0.046581419698930704,489.94595966821186,0,3
0.6518557430794553,2793.9395197875374,1,2
1.2593875820808398,3218.614232446433,0,3
0.12122779250631781,1223.1405562378156,0,3
0.21275475993246926,3284.2784999814357,1,1
0.004641909463587794,91.8963989994211,0,2
0.569818944718926,2396.547088827533,1,2
0.786082497869054,1838.6302486310817,1,2
0.6237753680399446,2690.5926856917968,1,2
0.6170416904872054,2827.69256318411,1,2
0.024413963648428835,1640.1440407180435,1,2
1.0976458738037191,2618.437241747574,0,3
0.9399448468124821,2828.951595097071,1,2
0.1390825292472635,1148.3333794169134,1,2
0.1275307578413069,569.3716551227058,1,1
0.029785694429891152,646.5141458430551,1,2
0.0795145946125191,763.6298272910749,0,3
0.45484080487248885,1426.2123348250338,1,2
0.07725200290252505,801.6086780517486,1,2
0.10298680609326882,1336.1910102982388,0,3
0.0027853745011202067,157.94120653375327,1,2
0.26805095847666843,758.3698337275594,1,2
0.21097498246681887,1902.1051516570772,0,3
0.17039573302356179,937.1084860986606,0,3
0.4804557908899662,1269.7253939405714,1,1
0.008362384426150048,171.19900600391344,1,2
0.12687451231321495,1139.9649795810628,0,3
0.9240207880551247,2745.0084408652388,1,2
0.7092825992744612,2160.107866600785,1,2
0.49391963099912944,1714.719108442183,0,3
0.0033799514429589286,227.06707099738796,1,1
0.1283874834667176,356.6911262055604,0,3
0.4453807289493862,1033.9811891257941,1,2
1.001342738987359,2494.654098299352,0,3
0.12538047584086187,366.17195611658525,0,3
0.010165789065503764,576.4384608703677,1,2
0.5299416642820625,1590.1822537066848,1,2
0.4619639065815888,1436.1095421482557,1,2
0.2671642287241795,2637.181412885393,0,3
0.9642097805141412,2562.2398605322724,1,2
0.032717384433671386,710.1480175707028,1,2
0.30089037674249697,1013.3649868830134,0,3
0.29823636770282397,2419.430399909787,1,2
0.2992587713562122,4374.085125749083,1,2
0.31635527225867927,813.1583170439638,1,2
0.01958858212244892,826.5191344428573,1,2
0.19769810778971958,617.4913877047861,1,2
0.7875288609259674,2428.347356873634,1,2
0.7121154352268751,2472.1984129317957,1,2
0.5129021077815424,2354.4092894895375,1,2
0.008620697878271714,168.7337499343798,0,3
0.31468222066240453,1599.1739449285046,1,2
0.30433283311194687,945.634265923465,1,2
0.3071409333682395,2034.5614277714317,1,2
0.6134182773147743,3247.718083332827,0,3
0.013865857332010437,300.9657179719865,1,2
0.41023790637564816,868.0037341853674,0,3
0.09916941223934915,717.6160163408513,1,2
0.021754714855816416,1601.5035920594948,0,3
0.3411146802105843,1209.479569308559,1,2
0.002715981593536113,114.59791943183069,1,2
0.1438704011762806,1144.23254966319,0,3
0.11415074222269908,1143.0766211077564,1,2
0.1915424148010192,2154.0114740659187,1,2
0.07030022969828376,841.1253657372318,1,2
0.0562405532197887,610.1782889586864,1,2
0.20558222323115943,1238.076212711079,0,3
0.1745449086748261,425.6597029747559,1,2
1.0929108410035986,4212.315758724393,0,3
0.45283718216554103,2955.5770297955723,1,2
0.0724088398571294,785.595081841422,0,3
1.2872325559170172,3072.9925059781876,1,2
0.21699856476276808,673.7520536700681,1,2
0.4958575945872999,1939.5040923301735,0,3
0.2542960165769586,3283.741016832096,1,2
0.011038993197729968,505.55267346756017,1,1
1.2701139171235063,3041.8520975430956,0,3
0.7585191878967533,2079.061772293511,1,2
0.4358685835270092,1730.9791888315106,0,3
0.14190241419325025,1670.2634526296613,0,3
0.03920054468847449,1501.1116802294305,0,3
0.816154386862435,2379.6988938238874,1,2
0.22415567522551028,2326.6608601994185,1,2
0.5186102490222644,3941.7926705808277,1,2
1.2679907076885564,2541.467858686766,1,2
0.017565018803822673,1031.9917356470773,0,3
0.27713904830757735,2371.581301108151,1,2
0.21017097859402656,1586.2827793683246,0,3
0.049976937961259744,1915.0562387801544,1,2
0.17334415248963028,1712.2018964156068,1,2
0.018473494312007937,1412.2567659230756,1,2
0.4339954974323315,1384.2148845641389,1,2
1.0723107352611594,2534.132716946453,1,2
1.3285950434131188,2930.4644354151073,1,2
0.1796696759091559,517.1946397985876,0,3
0.023618212027654375,730.2722176502177,0,3
0.2081718541856753,1591.0154264394723,1,2
0.44884468942859357,1117.425244828983,0,3
0.9682377426810267,2897.2687973859906,1,2
0.6916334470401125,2089.421305410517,0,3
0.01564484289748447,288.90254343410294,1,2
0.29066371404198876,1591.8260799529517,1,2
0.29648261947810156,1609.8484433524648,0,3
0.34240880656777817,1974.1155144039055,1,2
0.41688063575257356,1363.3646141664076,1,2
0.015560779460946568,481.1373914336046,1,1
0.3240131671304299,914.6753557543204,1,2
0.36121788647608605,901.9001729657856,1,2
0.06679995601871468,755.2413364222472,1,2
0.3873340204606504,1552.0080921679782,1,2
0.009341683240138458,288.8436994457494,1,2
0.7559127644773483,2185.64526465556,1,2
0.10691907762632201,1062.1199159663297,1,2
0.3214896503418033,1047.7782364148688,1,2
0.22707559901208618,805.8098956686232,1,2
0.018603655309801945,1422.2072791659546,1,2
0.28621720905694764,723.7560207341223,0,3
0.08799610680370103,304.1857926097919,1,2
0.9733285445742358,2364.0209502594025,1,2
0.5840429859996207,3479.109786033068,1,2
0.027531964800544408,1617.5764146693994,1,2
0.3719395212149802,1897.5584816154817,0,3
0.11416523567912895,526.1105030409542,0,3
0.3140336236436494,1757.5216989523904,0,3
0.11951149035802724,293.8657509909477,1,2
0.07038822808096525,885.9090895209563,0,3
0.29838366230880853,813.8560371353971,1,1
1.1468555839424137,3466.776859655084,1,2
0.2293401878446292,800.992791282208,1,2
0.13081635581335646,352.04859878237687,1,2
0.0230503029099451,1055.6345177163578,1,2
0.05664084822721885,639.4187105396977,1,2
0.2923755756425899,2614.5990448852567,1,2
0.04331075315294142,483.27025809948,1,2
0.16375407343471415,4987.6246493275585,1,2
0.06200098454564027,1269.3158296197128,0,3
0.15562166262297064,984.0954614512639,1,2
0.6301567884350443,1456.4636549442826,1,2
0.17623499388959388,2036.5423396309411,0,3
0.20951752020519188,1041.394512921348,0,3
0.054658259594873033,687.9310690531311,0,3
0.3947601321284182,1193.8463750949797,0,3
0.6364683460609641,1578.3584892150238,1,2
0.39465449721904294,1289.9444909827068,1,2
0.09111208399858339,1382.249579186269,1,1
0.0339243937243762,1048.9380910177117,1,2
0.4028342550735151,1004.0711961773192,0,3
0.08995301001518413,446.7223867855404,0,3
0.5288124754386965,1536.2735755686988,1,2
0.3776639736660967,1901.006702125922,1,1
0.026806463940219634,828.8525755490462,1,2
0.3236628179322904,921.3059844141864,1,2
0.48235997788253887,1098.7617822164252,1,2
0.07970011541523424,327.5632260292598,0,3
0.5524146414890024,2570.9300821810953,1,2
0.020583846274306743,380.10771864382053,1,2
0.24035894389800982,1710.9343894966019,1,1
0.06242176006126216,235.01806595940462,0,3
0.7369698014638534,1754.6181753528235,1,1
0.14754624837625557,3060.6208266877593,1,2
0.01590666503721793,314.9060205669118,1,2
0.964642517286536,2962.8417856440224,1,2
0.18039308353455683,1574.1982458650718,1,1
0.7172795505652942,2213.5832508735516,1,2
0.5786158797876898,2106.889387421023,1,2
0.013507036871641198,793.5744664036736,0,3
0.22538211806335076,785.0356719515435,1,2
1.1217412181848994,3292.367834302416,1,2
0.3815579758770178,1952.910692436019,1,2
0.2182801706894433,6307.1761273894535,1,2
0.017309434372967142,375.71036676703613,0,3
1.128207048067952,2745.512763898101,1,2
0.18316150036506848,1917.479653499982,0,3
0.13348703006390691,1341.196158859032,1,1
0.4533801667483295,4782.675146463321,0,3
0.013321854626820215,290.69251962049,1,2
0.5020010653757488,1654.9409027638126,1,2
0.07471425229726143,333.38732121653055,1,2
0.0705290210855206,276.0083097960906,0,3
0.7822903011635549,3514.5550831874602,0,3
0.05821519398305981,587.1420344495662,1,2
0.062366884323391776,247.87716371763284,0,3
1.2072536257871163,3319.331589992914,1,2
0.44663679197269396,1348.3541699694292,1,2
0.22050402785343146,1586.694534572952,0,3
0.02524477218482597,698.571761594515,1,2
1.009892441024283,3542.903667734839,1,2
0.4301741451858653,1341.4112827498766,1,2
0.04287945682353427,606.9365043732739,0,3
0.5755016981478069,3228.654405611133,1,2
0.0126245447582274,275.476713087863,0,3
0.6164102667944953,3026.7937983329607,0,3
0.9641889270152627,2356.8572041676794,0,3
0.18214284373441483,1897.77954585096,1,2
0.3623227939095799,1356.7703674265179,1,2
0.009503588462550814,173.22140297208583,0,3
0.14512223127369964,1186.6109353832046,0,3
0.29300815147686815,1127.2211118318226,1,2
0.07110790605756041,218.0936154966563,1,2
0.7721729284645067,3968.9181753279727,0,3
0.04330366998140573,990.6337663923323,0,3
0.2351816477315904,2318.4748172175405,1,2
0.5093050749317762,1544.1501080723156,1,2
0.6034343501265919,2403.0615975199985,1,2
0.2172679219142052,3111.4264482527033,1,2
0.017392593023470158,225.59506718753926,1,2
0.7990383342143899,3121.2354289090376,1,2
0.885445116342587,2470.296801244609,0,3
0.6201043174040023,2142.2801044996604,0,3
0.7880955418427908,2339.267572047747,1,2
0.05493978567969525,554.1071897069705,0,3
0.5614637638966467,2791.7402911275058,1,2
0.11944780161098241,628.5446169468897,1,2
0.2611721534001577,2416.237971131348,1,1
0.2805597718892928,633.874294895425,0,3
0.028577996627563232,1704.4151529189785,0,3
1.1920464349416806,2545.3887003832465,1,2
1.0599391762626136,2771.9518869227795,0,3
0.8757001295614859,3432.329209069322,1,2
0.8109290302113142,4529.7079435558135,0,3
0.01339690115876986,135.11736822467344,1,2
0.09213969365811198,472.0757641880876,1,2
0.2646248544295235,2264.0251065066436,0,3
0.10126945048485334,382.7762103779828,0,3
0.9875466841979248,2306.862555321253,1,2
0.06890143701247838,832.7561189141304,1,2
0.4041600276341443,3826.125208815761,0,3
0.19884275083431407,1187.6391383883042,1,2
0.3078263261451578,788.9195128023221,1,2
0.3767219927534042,1015.875192532268,1,2
0.02947655910394116,536.9039757188843,1,2
0.8480119752750483,2930.340866617253,0,3
0.3000941823293984,1191.5291241496975,1,2
0.36567143720488937,1168.5925109874822,1,2
0.05387154813826229,995.6970549224047,0,3
0.008241851034162721,179.84316077388127,0,3
1.3034012198967515,3004.867615681575,0,3
0.15891142871296027,1786.2491621554332,1,2
0.7410484582489416,1844.2294200054348,1,2
0.30112687574270164,2990.9250584867827,0,3
0.03173336492285521,1384.6159927126841,1,2
0.1751947810533739,1497.3180083691504,1,2
0.3045162941213603,2792.6864127294775,1,2
1.1303552204565839,3130.5421813759253,1,2
0.5840251838461354,1450.5985801241789,1,2
0.03774257481319943,843.6609668362356,1,2
0.39826497133857036,1305.768531614869,1,2
0.25368280692680123,1069.3466128121995,1,2
0.3440086460295698,1344.5550721776603,1,2
0.7264937454026964,1659.551560114132,0,3
0.020016066043510118,1086.503104509683,1,2
0.37987989795587795,1214.4828315988725,1,2
0.7316605005819264,1807.7399520847814,0,3
0.9811182213070325,3135.479752056672,1,2
0.06243637744964079,506.702088340672,1,2
0.039715147117289254,518.1973515026393,1,2
0.1625841682866238,465.4272845532227,1,2
0.10723143452616342,1100.9568498754013,1,2
0.2670936128212894,1007.3702110947615,1,2
0.20224291419350982,805.3629946197489,0,3
0.0767666887912018,1001.6403740806114,1,2
0.6493679371967934,1886.5225746029575,1,2
0.7562172125888404,2423.941186515987,1,1
0.11546516138088557,1271.4183938720948,1,2
0.5531731529053497,1923.2126056525422,1,2
0.0009445275334637591,36.407354307981684,0,2
0.44085259427310003,1988.7366070219211,0,3
0.9960920615811303,2367.0562508919606,0,3
0.10036541276112214,465.6057145183771,1,2
0.11572581517359894,401.75255213210363,1,2
0.0036499934769986886,81.58841947035754,0,3
0.4141838525542753,1291.3520478108258,0,3
0.17026786316247625,934.0271589760034,1,2
0.6529044946844454,1441.2689407823032,1,2
0.8919709041086815,2824.147369228685,1,2
0.031804308027367105,1726.387159864545,0,3
0.9083889826904062,2156.358145946393,0,3
0.2261457737810134,757.9816950167196,0,3
0.13540127226854728,373.4950054803678,1,2
0.21125420064980607,2648.339881977635,1,2
0.0008746111498270033,52.162526159698245,0,2
0.47669269148114946,1498.4512367728053,1,2
0.5649710522918857,1958.9639581755525,1,2
0.8249457076050267,1891.2077934124636,1,2
0.5789404644533235,2690.80144216846,1,2
0.002174833714054102,30.560624620706665,0,2
0.22919917225720712,771.3573189534867,1,2
0.08700509941901753,429.76696646840304,1,2
0.21831031048962796,1956.241123836667,1,2
0.136086754135725,608.7426418533136,1,2
0.023466501978195057,750.9022786718702,1,2
0.6113001414033865,1813.02873717649,0,3
0.9066048897084956,1957.7308041188387,1,2
0.22740032675328556,681.7356825981278,0,3
0.47958533345590815,1304.5254630300335,0,3
0.017581555791271603,383.6422851757886,0,3
0.3176868006011464,2765.049385212751,0,3
0.9744032275281428,2847.75010802192,1,2
0.2961892123822526,2488.6049508251513,1,2
0.29279000349305756,991.402112278774,0,3
0.05959775848541782,1230.458776797376,0,3
0.017969450694135757,283.4864615311852,1,2
0.3210384604692047,1615.6889655271395,1,2
0.6826349494626082,2413.9436642291507,0,3
0.3179634342184162,3939.4749875704165,1,2
0.015279668577308607,333.4134384533551,1,2
0.20196680823262395,587.1884688195923,1,2
0.5228359518110001,1309.6324220788874,0,3
0.04554816740994922,544.6538570073378,1,1
0.13272133740597108,1296.09440063607,1,2
0.04021223086438467,977.1445112997116,1,2
0.9680518488166792,2006.2233012485437,0,3
0.625735972670145,2525.605788562716,1,2
0.5157403124545409,1208.9623377928658,1,2
0.3915401418355861,6385.196456753766,1,3
0.020564602067728945,424.5779664980827,0,3
0.4187529671489135,1072.8180568712155,1,2
0.4011221197217495,3820.582606500047,0,3
0.6393312842743484,1779.8633306587112,1,2
0.8674909810101349,5086.993924108271,1,1
0.022778212053912467,414.8962084885357,1,2
0.7422141716518518,1992.193910932122,1,2
0.03497697811562778,429.47634564165287,1,1
0.611368489593243,1629.7119467577304,1,2
0.04288507107164531,283.17447054363873,1,2
0.06374421173054177,826.810568657757,1,2
0.3266179807299365,953.9839109174796,1,2
0.5030767896169295,1695.3879409323304,0,3
0.9411679432705816,2204.4507794862807,1,2
0.2730703350197272,1602.2418245224396,1,2
0.021767704226766518,1298.2437296733233,0,3
0.7103683286564727,1931.8113809628608,1,2
1.0501455139550226,3614.2574398001466,0,3
0.17740677666973437,1743.220639947166,1,2
0.2095529885255951,3329.509222712964,1,2
0.009893752797566787,128.32944599416953,0,3
0.5588024612355317,2009.979932304692,1,2
0.24146050707338568,2205.9874287406606,0,3
0.91240672469932,2194.718163880389,0,3
0.6362457079744518,2026.141875904104,1,1
0.0050591365421439344,220.74436110380722,1,2
1.019220390784303,2175.535024249626,1,2
0.2600403067015952,3571.096192146087,1,2
0.05665443188363157,389.57347963109515,1,2
0.4221677143269365,1079.3485839544835,1,2
0.016039835045199746,311.20290913676774,1,2
0.5151450934495245,1785.4210803639687,1,2
0.16367987551314253,485.6860688653173,1,2
0.23945197347015562,1233.9403672031615,1,2
0.49003749350579734,2034.2221298470552,0,3
0.04898433016550046,1068.8735732833986,1,2
0.46057655014657584,1429.02945063023,1,2
1.1657787711479908,3731.476271075072,1,2
0.6499315030562263,1577.4757165752778,0,3
0.23791205776807917,1478.2766701625237,0,3
0.016139000847352505,210.5792903221089,1,2
0.21492559253691337,1909.0625347612042,1,2
0.6807907265841153,2425.185057852488,0,3
0.15132330646143058,883.412119369568,1,2
0.688492798029752,3972.1089775291343,1,2
0.0466217065605882,904.5486234546933,1,1
0.7379362264781437,2104.5953491951686,0,3
0.9583133254848438,3197.3234618478505,1,2
0.2042233742130254,485.5731637168585,1,2
0.25817632783047856,1438.7274553175548,1,2
0.062471354961447144,755.0409012743819,1,2
1.001148670109826,2403.465098826885,1,2
0.368858130222008,1036.6108017122035,1,1
1.1250709739758449,2350.93585061508,1,2
0.8082132987880762,2774.9384748056073,0,3
0.0013421965429346503,32.614952138246906,0,2
1.1325500494269138,3589.445217243159,0,3
0.40915989043513723,1872.562384150849,1,2
0.24165081232373486,2191.410781498491,0,3
0.44786905912982267,3468.7333071865833,1,2
0.018083409876601685,697.0353823985738,0,3
0.05921297435508621,152.75562806130145,1,2
1.1043015273598038,3147.209649525743,0,3
0.49705197790327066,1718.8587141802552,1,2
0.3245707771939832,2527.119924254602,0,3
0.0450263712982999,632.7076973231403,1,2
0.04487021050869877,428.688196205975,1,2
0.25106648999037556,862.2129623014827,0,3
0.6116091623336131,2096.3288978124397,1,2
0.4576638045802228,942.997401890857,0,3
0.05276573908582842,1179.4742323041023,1,2
0.14340792556054802,387.3758559830371,1,2
0.029539429214367127,186.71657673174596,0,3
0.06751227502252544,322.3677006424146,1,2
1.392272602083649,5251.84714073365,1,2
0.03777369010116736,779.8777957123649,1,2
0.19654394108855894,2040.4556108109948,0,3
0.27921847287532764,1468.2172117764771,0,3
0.7451803246012466,1919.1057358724674,1,2
0.018524675333149332,189.86779010976426,0,3
0.0497265601100156,644.9910403748386,0,3
0.17916610474754785,1669.6729652249435,1,2
0.22461093531851906,1051.7222235698678,1,2
0.4184283781819073,3510.374563369794,0,3
0.04056852896289824,693.9735050701445,0,3
0.0013792166681002704,65.48599614091818,0,3
0.42352344610813314,885.0418382354015,1,2
0.17608349642762083,2270.8372794567786,1,2
0.21178603688959716,2167.466424610525,1,2
0.2544412129479733,908.2327622382068,0,3
0.009468338279883652,122.81149840752882,0,3
0.018026350360830147,351.6939098663456,1,2
0.5656643216574483,1763.2130419410055,1,2
0.6424006326079257,1759.1308494163345,1,2
0.35111807711019205,4483.72469837428,1,2
0.0155174156528615,201.27260047195745,1,2
0.038964807755776626,240.82089843058924,1,2
0.3033558651511701,1253.8326562229547,1,2
0.3883290686776689,1349.3509262338487,1,2
0.35179629102033827,681.2122644189587,0,3
0.015682884291002397,220.3748896709346,1,2
0.3948852004476444,3264.7071351429604,1,2
0.6821927499960471,2641.037631983022,1,2
0.7941327957340976,2593.352987205139,0,3
0.06836714697368039,437.6144434833736,1,2
0.05587523263341567,1084.0843995722073,1,2
0.18170625382043554,1668.980209261929,0,3
0.6483049823931458,2901.65312008825,1,1
0.12922802066250336,431.81224631729856,0,3
0.36631432070341635,3255.684076703562,0,3
0.024998552580934495,1490.9341748221646,0,3
0.03520416398731277,345.3369323186963,1,2
0.5465750185662743,2252.261492704798,1,2
0.3755319418187652,1353.646998227699,1,2
0.36771135350053424,1944.1430714516732,1,1
0.09470171405715065,955.1347896144893,1,2
0.5223795006822946,1128.137433386281,0,3
0.42740292152426407,2022.942443831063,0,3
0.5518306333834423,1357.0754678790786,1,2
0.7016341582567038,2088.9785629959997,1,2
0.03264075002044925,903.2327990369872,1,2
0.7250727910558094,1531.9701782340899,1,2
0.319352570615841,3010.7605854852236,1,2
0.5495979105022902,1576.3726541304047,1,2
0.8240686923285335,2292.802876351704,1,2
0.05596603701761775,1251.0105930495051,0,3
1.1885118501164236,3156.7197742353887,0,3
0.9592425763020124,2355.3484604837026,1,2
0.35209620078737675,1620.6115076355304,1,2
0.10719484517803918,404.355829484455,1,2
0.0005671347015416514,33.824378652262276,0,3
0.09762184342897709,427.7389915565096,1,2
0.7375153363376954,2114.3120919437124,1,2
0.047419018031135615,327.95087599290054,1,2
0.9295793328252414,2746.399586376939,1,2
0.05992303164911934,777.2469770736318,0,3
0.48584688718376406,1543.9995824500284,0,3
0.6960004095482839,2680.5539819477526,1,2
0.35472059099297465,1630.2089452162654,1,2
0.45207405510535015,2035.657860413656,1,2
0.05142589978362278,937.3371484596092,1,2
0.5310877093094529,1702.928972972641,0,3
0.5878728041163965,1370.8745991375847,1,2
0.2328259587667672,1993.270374974732,1,2
0.3063454287823034,4834.984279439953,0,3
0.046326156585568844,1125.7109755950435,0,3
0.1462017709577527,544.3922847786471,1,2
0.2682393774369642,1467.9667240154358,1,2
0.45880612061634857,1420.1521675158028,1,2
0.7550914394658983,3415.556584249603,0,3
0.030067332095238514,1158.9625224293154,1,2
0.5860498847188659,1753.9130245189222,0,3
0.2823440068150087,1316.9412547460126,0,3
0.5578277279616652,1835.3600651096615,1,2
1.1402509104969347,3534.504250630623,0,3
0.03698532424282715,1425.6204887603292,1,2
1.0944330197694536,2848.8890853806142,1,2
0.19599115231538325,1111.9589588350752,1,1
0.3243684452516129,2796.7636191685033,0,3
0.15282200601446086,820.345139899616,1,1
0.016753972806391463,374.5020832877837,1,2
1.518819894839091,3434.09295313538,1,2
0.07372014392970626,764.4897253913358,1,2
0.4944476788912344,1280.7450299986567,1,2
0.21718993621114852,1966.328479024475,1,2
0.008699698581883174,335.3348604690721,0,3
0.09690906268004434,509.7290639342922,0,3
0.31718081100805046,3447.4933880132844,1,2
0.3193194954707914,837.9801940461005,1,2
0.05483445714487648,380.73086687717597,0,3
0.07072287862983519,922.7816351376174,1,2
0.17622527363382864,552.6862574761853,0,3
0.06502613283116214,639.103826865859,0,3
0.22702523167479363,1100.3218518918704,0,3
0.11008266972215731,372.59405717081944,1,2
0.013497396611946735,373.49911732675315,1,2
0.3995636317953276,1373.7200028632694,1,2
0.2668763386208926,1162.0046540448263,1,2
0.38484998287110805,1119.4802246905306,0,3
0.2329016247285417,905.1201106572327,1,1
0.019535498946429336,1165.1131763383516,1,2
0.11346823916199368,1521.3680238765073,0,3
1.246365253271098,2832.7242216871196,1,2
0.16352459671989175,522.1315638237095,0,3
0.06582000254745535,295.619423019592,1,2
0.0062635534282238945,273.29645844405604,1,2
0.6421700762261111,2084.0150070940617,1,2
0.1310817056366109,444.3985059594025,0,3
0.2747946245373639,627.3163420863355,1,2
0.617462924463719,2526.759395607376,1,1
0.031563952803039544,1010.0118077128412,1,2
0.04096389979354545,897.0021585564276,1,2
0.035738094666965356,137.6981080187822,0,3
0.2598879067980233,715.5837687160766,1,2
0.9559634494548223,4090.8250354879165,0,3
0.05714683549178581,1108.7558820205163,0,3
0.0544747607576886,1208.404356224714,0,3
0.4944622434734308,1803.0881179271473,1,2
0.33293972210228473,1583.1121103725868,0,3
0.6591047990693306,2734.3466074319426,1,2
0.010026598331809997,437.4886948320929,1,2
0.40909985625545925,2445.602969636819,1,2
0.01665390336558301,173.0661208229195,1,2
0.26890819223261253,651.0295042762714,0,3
0.3383840322099114,1237.1271971510437,0,3
0.014702182339940575,566.7040320019486,0,3
0.640012950247135,2678.415906353876,1,2
0.03960238815316649,580.5862139233803,1,2
1.2687358283396317,2658.9881082510847,0,3
0.16271214438027415,729.1000020363313,1,2
0.05658956520584929,738.3722569566187,1,2
0.9372779959773698,3046.2633730472344,1,2
0.27084069673655586,1608.1597972979582,1,2
0.5251858840688951,1671.4256033599488,1,2
0.27710504631230004,1022.2071513942515,0,3
0.04031535528282388,1290.0470711598975,1,2
0.4386580988083652,2496.3566553532546,1,2
0.952754050108765,2385.276290920865,0,3
0.32503958197868443,3022.0272367346615,0,3
0.6841480423139625,1665.6230579540158,0,3
0.043839239004004375,1002.8856784877221,1,2
0.11536583336776236,423.0356688316718,1,2
0.10832936874182929,700.8368550515107,1,2
0.7983579600826121,2067.5420356207032,0,3
0.09308950986223588,751.4390298332808,0,3
0.06142617992149171,1268.2084717670627,1,2
0.07827079058545795,332.0931413219552,0,3
1.1487171217938357,2546.5362403251897,1,2
0.11183888685658536,459.95730519081263,1,2
0.07842095893158806,259.6644238405486,1,2
0.01643456939065746,375.9644247587773,0,3
0.035498931696748115,184.62109804197576,1,2
0.6415340077380495,2099.795340214997,1,2
0.34114705662226824,992.4205780977219,1,2
0.505956893111826,986.2015174020778,1,2
0.008882180782622404,161.78544308471263,1,2
0.25234907677448243,1022.3408071914804,1,2
0.9138493234990521,2287.782011548502,1,2
0.10120925693043009,884.4362213038019,1,1
0.16760001901718796,581.6036813337203,1,2
0.030063990572432434,583.2978518816695,0,3
0.0691448079950249,320.9090507477156,1,2
1.0491669729796858,2741.4569571194547,0,3
0.18730755215848813,563.668970572423,1,2
0.4171839794700349,3299.696623524932,1,2
0.0037248464658440265,72.26901355231696,0,3
0.4587681350057802,2133.788623222065,0,3
0.8634106192617864,2302.8120406675794,0,3
0.435739044210664,1520.3641693124084,0,3
0.9214545120565844,3214.732225318264,1,2
0.06983028541649723,905.7515408427945,1,2
0.4734114004064564,1459.581861627701,1,2
0.094622840658831,313.0055487225996,1,2
0.481530377288691,1539.799361373843,1,2
1.1721827507080635,2580.319128727498,1,2
0.0009614580988048701,11.620368885982725,0,3
0.5819308564919222,1305.3659858301558,0,3
0.6868015187567829,2070.047507302078,0,3
0.753168208795721,2159.3520831486844,1,2
0.066350416524313,503.6641194465944,1,2
0.013925044797742375,181.6919200232394,0,3
0.8094512480525361,2269.7256935323794,1,2
0.2561175387046687,817.6653417944004,0,3
0.1503598804642404,442.5916877355631,0,3
1.5231349480068115,6582.301227379884,1,2
0.006798885040709415,369.05402329696744,1,2
0.9318640412382128,1929.0887061464007,0,3
0.9761219910194299,2587.895627191894,1,2
0.14013038617370058,694.8359778977178,0,3
1.212414373987827,3141.6919004947576,1,2
0.030003738173288032,686.378687192481,0,3
0.21302137290875361,463.52938708187827,1,1
0.8498692338042024,2136.0972369960987,1,2
0.6940887764716703,1694.6091015811955,1,2
0.6293306007251462,2658.934707352918,1,2
0.012615150330759247,486.25818884932136,0,3
0.41130400452914656,910.6002916036495,1,2
0.9568175156576337,2465.492261308295,1,2
0.22502410998988692,1033.9019498366933,1,1
0.3832315319100766,1618.3108171414656,1,1
0.008376081351034561,454.6666848391741,1,2
0.9096980482618184,2953.188317356873,1,2
0.28807128504025054,2553.5324973199836,1,2
0.09368591291447981,921.0570627245617,0,3
1.171457691407819,3087.2937406276865,1,2
0.015192079726054642,585.5874071063265,1,2
0.6801848746630136,3112.465174125029,1,2
0.12103338230675016,621.9151353802441,0,3
0.8205685030495233,1782.3336904030018,1,2
0.1960134872977402,2026.0647822116705,0,3
0.05261545055764879,958.369818167309,1,2
0.3062297184598843,957.1618003903386,1,2
0.15038674953503134,821.258246342869,1,2
0.5641703264878283,1848.373119013621,1,2
1.1113590558305544,3606.5317358246534,1,2
0.0330293603117822,1568.2529162684941,1,2
0.19071914990518762,835.8672710004765,1,2
0.07127964230852653,787.3600943796839,1,2
0.36385852814907726,837.1298253267892,0,3
0.2972354529359081,838.946637615739,1,2
0.08708361091058876,1052.5093958460768,1,2
0.4644121099416648,1189.236261870209,0,3
0.17330299801800567,536.1178231084491,0,3
0.2713478015781145,2548.542878681094,1,2
0.3260135249687955,2304.325589069111,1,2
0.0408463473493284,843.3160553914582,0,3
0.18560782935783263,585.2416407382644,0,3
0.6126329437428414,2189.921709705711,1,2
0.4459509193651359,1997.6007419467962,1,2
0.7435886164797137,1980.75081550536,1,2
0.024569558293497166,447.8280361965189,1,2
0.36481791602232344,3111.1518406769746,1,2
1.1660421128533918,2573.7851763272824,0,3
0.32526567600571893,756.4424323586716,1,2
0.37432829181233845,1993.7038581137613,0,3
0.037507669098084735,911.4245144578633,0,3
0.1098616130143472,309.10698968175416,1,2
0.32426274768042224,2881.4083152878975,0,3
0.9459208167643145,2403.2362338292487,1,2
0.7076220569186479,2482.9962052094297,1,2
0.03981933490297571,725.7849058267676,1,2
0.12328246554225936,558.8281767513321,1,2
0.2845944424714468,975.520306351944,1,2
1.0321008990957696,2882.0434118022345,1,2
0.010368450737735546,108.71785033190949,0,3
0.004885552906709914,49.274309278972204,0,3
0.20428174704982027,602.7825404974427,1,2
0.2880070997337152,707.1408799742522,1,2
1.3779078551569166,3514.054909653839,1,2
0.8420210943864544,3261.9203459145506,1,2
0.0483287081220457,880.8848002749291,1,2
0.020574931201193164,66.97520527846105,0,2
0.7987325438724125,2404.517895647539,0,3
0.1523567960401603,406.51019455042615,1,2
0.3349559416190918,1067.8298055261755,1,2
0.05444409494524938,658.0218812589824,1,2
0.3765296977813731,1011.2080484215134,1,2
1.2039036505119038,3397.031693020926,1,1
0.10036332837679887,516.8984273182871,1,2
1.4539728769178584,4079.398564849451,1,2
0.0050534283676332056,161.70415513512808,0,3
0.24523006073872133,2284.7298582128133,1,2
0.15153808708403277,451.1365833004108,1,2
0.27448198333690876,927.4229533016008,1,2
0.34826806809604904,3144.723998224062,0,3
0.02908808008257654,930.786601108777,1,2
0.1214502072603378,377.78730707728937,1,2
0.346945996709992,1263.692900760824,1,2
0.05695066360077857,214.3151904873009,1,2
0.7893775334290284,3454.8859003293014,0,3
0.037887162432024855,826.7253334579349,0,3
0.9656532280835685,2149.115060136392,1,2
0.04992821838980394,321.9711900787081,1,2
0.23222702161600406,690.675336690407,1,1
0.25105966035776717,896.3481616130447,0,3
0.017689814355177805,566.0546220705652,0,3
0.009828282578852127,159.12676375942482,1,2
0.3344085849554792,2910.4741671143793,1,2
0.16523392112459973,1472.7846539912812,0,3
0.33834815515141126,878.2052845837793,0,3
0.04938638849416934,958.1886427032579,1,2
0.48278180919607083,1340.677502133784,0,3
0.06690818727538864,499.11821482927354,1,2
0.7812054099738638,2030.748008175804,1,2
1.570347665709414,5182.6793750354,1,2
0.03459681608399683,630.5943322411739,1,2
0.10927732007803996,444.9140294331398,0,3
0.1459759171469794,541.5440882121086,1,2
0.9920329710519246,2133.6721560372057,0,3
0.08220902516799702,900.6553300836101,1,2
0.0826197705109813,1078.0105165947725,1,2
0.26594651166279815,709.9502212996025,1,2
0.6807239924438182,2412.858064985406,0,3
0.18178922990274635,1507.3300331680662,1,2
0.3481571894724181,1632.6411048649252,1,2
0.006521407890087888,142.30184491174566,1,2
0.26651673812650833,2282.6667802633237,1,2
0.5721819517241136,1547.642340593214,0,3
0.10327576098592765,998.7636824475876,1,2
0.8749681263253678,4340.92581561916,0,3
0.02956177776826809,1289.86353544506,0,3
0.4702872607241573,2078.824153273404,1,1
0.4129260089116279,1329.5762078465225,1,2
0.3112527493182124,826.5283776562983,1,2
0.9572643725580082,2105.8046201212064,1,2
0.031159000073631742,862.2299069129273,1,2
0.0874980513929468,263.70111628036926,0,3
0.8082115997667729,2592.1876514643004,1,2
0.923335463384545,2902.468657509919,0,3
0.08368154506191935,315.798097605876,1,2
0.02994904086811305,1154.4029193845113,1,1
0.5471499242406699,1880.339412865505,1,2
0.029580273092061682,180.60999819689215,1,2
0.9442935591622457,2612.060360221778,1,2
1.191219927472177,3027.5581957412805,0,3
0.006692916742093819,292.0307878324984,0,3
0.5273161855758048,1162.323901109753,1,2
1.1264083782872447,2553.458595396602,0,3
0.12645719188685986,436.4227679520786,0,3
0.9530850021095127,1886.4692852877822,1,2
0.040755847457053976,841.4475893689395,0,3
0.31056371085999485,749.5070385645045,1,2
0.1389429565712853,629.251640396022,1,2
1.1739838099793258,3209.052705778212,1,2
0.8873039710381364,1913.5286365434415,1,2
0.0497307988020157,501.5708165795041,0,3
0.1504912442706523,525.2183711399498,1,2
0.18884474708266932,1019.1512588226517,0,3
1.1926089845934287,3391.9367214154045,1,2
0.22325616967622963,879.7339738757455,0,3
0.027884036295047404,363.82677154950636,0,3
0.7976917876621475,1828.9837081070177,1,1
0.5557245653605913,1908.3534482998991,1,2
0.6728376099227075,2107.6862277208006,0,3
0.45306347326345314,2074.8429284172953,1,1
0.015767786748143497,190.57252599639688,1,2
0.5775992019281568,1698.5639926960957,1,2
0.3797379552275735,1865.7054242486918,0,3
0.2441697283916314,1076.2993533809324,0,3
0.4293739104884695,1883.1602159205215,0,3
0.01659859917472589,531.1369353065107,1,2
0.3786444516927657,3228.1096010217143,0,3
0.961854856279033,2889.551635609745,0,3
0.033335784696432225,233.07597725665894,1,2
0.029115637557925147,554.7802603157444,0,3
0.013240337485795402,718.7060510192987,1,2
1.0756193882626566,2771.6005413998864,1,2
0.45322245020050395,1388.1226085839762,1,2
0.7036168173656568,1888.901913564256,1,2
0.2568525936402647,657.5138395598713,1,2
0.028658454206810152,655.6033805463829,1,2
0.7723883882683183,3490.0557568161985,0,3
0.029322870616028736,817.3320551686026,1,1
0.1436118450279294,1341.9749613555448,1,2
0.10527025159827325,931.5158823855647,1,2
0.07986583682833845,1042.0775981960342,1,2
0.10496728955903428,556.3129534979993,1,2
0.03463960765528827,424.4489450480586,0,3
0.3382782585193096,2920.2277173220823,0,3
1.3247423659374291,3504.6382247095594,0,3
0.028466273978527863,1697.7519225175697,0,3
0.29678026832913873,2531.51645122087,0,3
0.2365581959329609,725.2783438693687,1,2
1.1623758077519497,2954.9699493732214,1,2
0.039229838743542265,361.66584369251655,1,2
0.046654227247208954,608.7374402644813,0,3
0.28899253605149805,928.1580901985288,1,2
0.9679654535135895,2067.5340102965138,1,1
0.27296673516355874,685.1219212533829,1,2
0.021601446308883835,204.27543018388877,1,2
0.013286830009868134,274.32066267151987,1,2
1.0995820432539842,2284.606238098102,1,2
0.15777450951039465,1645.3265961815923,0,3
0.6926592691917266,3030.4292997607154,1,2
0.8862709705236504,2534.962135149133,0,3
0.021539207350351183,596.0316025798226,1,2
0.1324265279600585,349.73811809356914,1,2
0.24918571641466206,1717.4548468344124,1,2
0.33249132899591327,3034.8034990972383,0,3
0.08431331898821562,444.16388816377827,1,2
0.050488913464911564,1155.0065509061562,1,2
0.5340866670774396,1672.630733680081,0,3
0.02651297264037833,366.6074626785184,1,2
0.6741085421566836,1423.4516599804904,0,3
0.3809289938829707,3140.2377230675015,0,3
0.06497178556634434,1183.4356193719025,1,2
0.3263897321261217,2785.6333270067307,1,2
0.9374701007744732,3200.068399975342,1,2
0.5670473912104195,1223.9129920457565,0,3
0.02912858938788002,265.35937630001564,1,2
0.028032946456009792,897.0234844231929,0,3
0.031231389167657834,264.74204770879413,1,2
0.39415697047445425,1442.1315245878961,0,3
1.377743335967698,3497.2101549564286,1,2
0.6007165486400422,1956.6819518108337,1,2
0.005427063759442885,70.811523328211,0,2
0.040367474133658196,235.24799034563003,1,1
0.5361933990074923,1915.4982619769928,1,2
0.0572067277976518,224.11826952952973,1,1
0.7611410789178824,4505.187748580727,1,1
0.004083490178707523,41.184930722361564,0,2
0.3686043028297872,1186.793457272254,0,3
0.11143896050012611,638.9438871548449,1,2
0.7529634294898684,3278.6711571775413,1,2
0.2964785162049825,1839.181008351245,1,2
0.025255457782540063,577.75494030467,0,3
0.3539279852458499,3191.671431827762,0,3
0.19328736826563148,735.2632345098663,1,2
0.13538548934584818,449.70215145926704,1,2
0.9074102067013018,3502.91283966791,0,3
0.0791629672021265,798.4153695278615,1,2
0.05186616355036416,467.8699351219017,1,2
0.020009371754442423,490.9566934510715,0,3
0.24073367284824868,607.9788883853197,0,3
1.1670597188461356,4202.912937614831,1,2
0.01344002185524012,260.7616529986813,1,2
0.747163495320886,1969.5893836726034,1,2
0.31363625663996986,2702.5302550365063,1,2
0.481353664146944,1303.6913875556277,1,2
0.628788796191221,4116.65009062655,1,2
0.015944384006246863,441.2119999038156,0,3
0.07792038999928846,186.29741363050582,0,3
0.44743058527915475,2181.694904798158,1,2
1.1261378027068365,3448.344644907955,0,3
0.12587480101299825,715.8088965907012,1,2
0.04709057592238602,1144.286124082113,0,3
0.1227461910281907,1193.8498955138073,1,2
1.0727139685025606,2815.0309632381477,1,2
1.0121056094646856,2250.107624840297,1,1
0.09791775369850957,403.9645855587477,1,2
0.03745614741053322,726.7195707665327,1,2
0.43193982527654073,920.3461650095868,1,2
1.3153628883708166,2819.19571877254,1,2
0.5122006883466251,1692.324939070196,1,2
0.22438699103624923,671.4191596086603,1,2
0.03516147430175952,1355.3191490359764,1,1
0.3510790780201902,1020.0718177367618,0,3
0.25108499515609406,598.3812407404022,0,3
1.219527733442037,2580.7220585247833,0,3
0.4804492904583908,1725.316566406876,1,2
0.02816545061613896,1228.937853261748,1,2
1.169703303024185,3014.7775333311715,1,2
1.1768207099000862,3024.0043639053024,1,2
1.4550756122903417,3671.595569474431,1,2
0.16055043262918395,2429.3532815909607,0,3
0.012968093746406858,615.7325072078703,1,1
0.7693088522207233,2142.5253980172156,1,2
0.42124391329834526,1347.9880357033971,0,3
0.8833323526588198,2749.4323313391033,0,3
0.1856305752237504,633.9041322990662,1,2
0.006113302652928471,79.2941524512253,0,2
0.7487338011654343,2443.2895530986834,1,2
0.22989974670734456,1928.7008739953944,1,2
0.9074083405088981,1909.5389411573485,0,3
1.3721069133304276,3206.619083914687,1,2
0.03363728313230215,1467.6893008231164,1,2
0.31541505516686225,876.3354980445429,1,2
0.4970129036907499,1212.5893736178036,1,2
0.1614093713795542,473.00786017989776,0,3
0.09779150604983458,1166.8351525381865,1,2
0.002570337795403913,122.04110843767707,0,3
1.1067397441281672,3393.930456866529,1,2
0.5302839217300083,1403.6814511879588,1,2
0.397396489611324,905.954227266565,1,2
0.1120530491865861,402.0899036888542,1,2
0.04061206645822626,787.9503244416545,1,2
0.1162417198773554,572.5720914989512,1,1
1.132638987438818,3628.444835635859,1,2
0.28134549981941137,2431.1776305675676,1,2
1.3032628485037334,3429.2227393972034,0,3
0.01947018749681794,401.9826198197026,0,3
0.8770424323759355,1945.4845374217496,1,2
1.1282735880048858,2453.70214676895,1,2
0.38683768705424887,1335.5287165069053,0,3
0.6573410330043893,3311.1367914218968,0,3
0.02549041412855129,308.0820844906606,0,3
0.423130984394139,973.7437938865395,0,3
0.36785310801141946,1615.851642337005,1,2
0.167237938043611,758.1849614081691,0,3
0.5777682099980171,3415.032029682115,1,2
0.003174568735684888,77.1410177734147,0,2
0.03896019041170417,189.97534585735224,1,2
0.6309995573944691,2866.8607553107267,1,2
0.6482244567757243,2091.4658644227366,0,3
0.5514109672646959,1854.2232959373507,1,2
0.04828817203120055,1079.3870345154576,1,2
0.7295134462071403,2399.0605766962826,1,2
0.13680737505261267,1339.3666261388,1,2
0.2949737985649104,1379.7329309847075,1,2
0.2856521272879667,1324.9769233628997,1,2
0.015514724950791273,925.3109181906137,0,3
0.36821940134763725,3194.344554156467,0,3
0.3459832797954638,1136.9039950470267,1,2
0.6399685841439613,1763.080882801898,0,3
0.42162217758957654,1371.0629189767446,1,2
0.07792281800233324,941.790277650133,0,3
1.0147212574524749,2591.9462764366276,1,2
0.4498773221784517,1243.485678115996,1,2
0.3133116408929734,909.9237719270278,0,3
0.9348093236109072,3187.231062361595,1,2
0.0017938106526773048,57.399969874200515,0,3
0.14246987489588395,1265.3300343643489,0,3
0.7718413567936754,1671.8176378015332,1,2
0.15576797403664794,1318.5701130956743,0,3
0.445803531232742,1336.372824310003,1,2
0.016436202877122327,318.8931891200058,1,2
0.2544464823227456,2201.9754965820093,0,3
0.07027040007295046,622.9583655096951,1,2
0.547800627389392,1140.8866041028762,1,2
0.25797114516696423,4345.752416140923,1,2
0.018305951239167135,409.19350621228966,0,3
0.18861995261936249,589.5351162197891,1,2
0.1214643015066195,1126.32381898745,1,2
0.3303251650468823,886.230627640453,1,2
0.4364562398893018,3177.0335871603334,1,2
0.009232751491979658,179.13271025195394,1,2
0.250214520405905,2128.6615698243686,1,2
0.704599306065635,1606.7966860263627,1,2
0.37783808791121254,3480.8814161958576,0,3
0.4722592902763483,2380.8078649236645,0,3
0.05462367838354068,1191.928237100183,1,2
0.03501463576728826,134.67306947623257,1,2
0.18034902941262232,872.3934118946338,1,2
0.20009006426336062,670.4225523114145,1,2
0.5121047105408837,2235.2052021945965,0,3
0.04809325149304265,933.0993574625436,0,3
0.5042917728137927,1361.1854209714295,1,2
0.009971131321016668,152.58567148600326,1,2
0.20489824098520412,1815.5282701339527,1,2
0.37265051527298493,1238.3263015456798,1,2
0.03165291686597118,707.5386504100701,1,2
1.367194970186091,2865.035226568783,0,3
0.05350433860254089,503.7840559381537,1,1
0.5876776161622038,1683.3710231372932,0,3
0.6857532117405191,3699.8312467873675,1,2
0.005019673670846557,121.9764850282808,1,1
0.09142514077955669,502.8857243405284,1,2
0.22676340502788153,704.7651181917034,0,3
0.48231962848924503,1343.8404144199849,0,3
0.2921276157724875,1052.306153879004,1,2
0.003969512589782215,47.97629834119643,0,2
0.8416875760126469,2323.854186675902,1,2
0.24117296832525062,700.6834837170732,1,2
0.37700569617859864,3244.7385761904065,1,2
1.0721897014537243,3778.242571700561,1,2
0.03501817817555025,764.1220184069595,1,2
0.9775532015293353,2720.356843169551,0,3
0.18491543423805132,581.4357073531786,1,1
1.2868034893101772,3253.376263342761,0,3
0.627288944126142,6390.255045566449,1,3
0.0451133903855248,633.9304839860156,0,3
0.3419491461596919,2989.3920743712383,1,2
1.3140733317447293,3386.034960359075,0,3
0.08013436379829939,681.0708868578851,1,1
0.14029354207574737,425.0460734873063,1,2
0.07886806092574217,795.4410279644094,1,2
0.14617475807225097,1252.4320270385551,0,3
0.34963960480540607,1546.4968687861556,1,2
0.6406298980389856,2109.4971914804564,0,3
0.7585250363880119,2725.5910098091754,1,2
0.037107093819347556,1187.3862295168594,1,2
0.4429741488248688,1016.5318969544097,1,2
0.06014585905284314,531.138412685557,1,2
0.41245800213204914,927.4023737901613,1,2
0.5760653335368042,2210.1747430094547,0,3
0.03926482612633338,551.7468320864643,1,2
0.8699240060197575,2658.9751510511815,0,3
0.8378845758141406,2339.9092485187457,1,2
0.28565495078887493,1379.5229942379349,0,3
0.6001888024574308,1401.1708553037904,1,2
0.019698151746727992,238.07567896466375,0,3
0.35969273344563685,1080.8319228215098,0,3
0.49405225968846217,1164.6517504536162,1,2
0.23949204297805293,2046.9341972752643,0,3
1.1457565353782095,6152.793520770993,1,2
0.008261854520295271,492.743778338255,1,2
0.32928501338627586,2853.626202508308,0,3
0.3223582543823829,3015.6565887242077,0,3
0.18582082250463025,1606.8784569978359,1,2
0.7752764712101609,2662.1712081376477,1,2
0.02689073376270944,653.4363385525502,0,3
0.47807781808570005,1660.1989937892276,0,3
0.3893082215546865,1066.9619723789576,1,2
0.4564837729842638,1451.6623377401559,0,3
1.409152567803539,5331.276605246776,1,2
0.020666828713910058,796.6147399117222,1,2
0.30512114414800673,2626.2055636466685,1,2
0.7659365467381796,2565.9601286067336,1,2
0.28423729077648546,2443.2002052325206,1,2
0.8278603554915472,4055.499106072471,1,2
0.02748393869458531,1059.384145386597,1,2
0.5628464860081481,1570.3928590854844,0,3
1.0093245157266284,2142.6614721707474,1,2
0.19975467684928422,501.4128158979758,1,2
0.4267113908166918,1090.7331740130717,1,2
0.03934425450857686,396.81505901688587,0,3
0.8960796708923923,2619.7336587111813,0,3
0.25951661291793343,891.7094195742826,1,1
0.225491891751195,680.0804654223728,1,2
0.4289532456160062,1377.4719183289471,1,2
0.01158752306886848,691.0893776342951,0,3
0.5852363852567394,1510.5632069186076,1,2
0.8793562031227399,2746.884135115469,1,2
0.7487611269552112,2104.190726570853,1,2
0.7997214587712547,2490.3276268784057,0,3
0.005431983648099705,323.9679590171007,1,2
0.38618998457026665,1272.6217976782516,0,3
0.3011308600216987,1077.515184964081,1,2
0.20371013706104227,741.7468709604569,1,2
0.3590381833543806,1762.4377532420021,1,2
0.012236623174745227,297.34607891737807,1,2
0.2231021150156199,738.909677610204,1,1
0.3218631506045346,1049.5023921331451,0,3
0.16706372427200303,1490.832485480773,0,3
0.21549695103473468,1546.3838710652594,0,3
0.006689451817056244,291.87960340461814,1,1
1.0881389767330343,2326.656835879307,0,3
0.29559982452426076,942.2098864050834,1,2
0.12260346735342204,379.29123947157643,0,3
0.6562723303149292,3472.8359038930885,1,2
0.007049383857551121,71.0980982205936,0,2
0.39260977128411007,1321.1211364059382,1,2
0.39326865367826797,1063.3044468477515,1,2
0.6754070081786534,2305.6780672256514,0,3
0.9690502360778579,4010.0399098248804,0,3
0.06099981193549454,791.2136306211064,1,2
0.7185426193104962,2037.8118288794544,1,2
0.11858322368474344,1114.7378902296452,0,3
0.2608637592661021,631.5215626016701,1,2
0.14455923128692708,1215.3969238613215,1,2
0.06427981584161505,838.7135071117888,1,2
0.02795879332093424,239.08299607356736,1,1
0.6379615153144003,2047.9886722132603,0,3
0.3851491422286308,3264.755726963129,0,3
0.016744745478032393,248.02109143237453,1,2
0.02249636762851439,981.5798126706296,1,2
0.592161175797762,1870.0927126650472,1,2
0.511128058968908,1126.6674341612877,1,2
0.3933277501416813,880.2586640040994,1,2
0.37281499173568844,1453.9430586740275,1,2
0.00880012195170052,417.83482283638784,1,2
0.3959427151779766,822.6917173537175,1,2
0.09857506185432974,380.80316645212054,0,3
0.23016722184659372,735.7778801284123,1,2
0.4463867787185753,1849.104283323524,1,2
0.03952206426178804,904.1240936868954,0,3
0.06172316247401852,343.3210805526131,1,2
0.8164477110078263,2306.669422928921,0,3
1.2171137363652176,2569.0092225068465,1,2
0.37264005181062565,2980.372926601643,1,2
0.05331788155273215,1034.466988062047,0,3
0.06692418615116168,569.8263758924325,1,2
0.10158961141166466,326.0414250336848,0,3
0.8855599870146675,2460.6453716428728,1,2
0.5881337858775955,4392.9521107716755,0,3
0.03592225149373826,1384.6437412754724,1,2
0.34040899089991383,745.1845188717131,0,3
0.7371613778235666,2438.137601361107,1,2
0.6384041389558665,1683.3047647963188,0,3
0.3333759896693904,3707.0844237698284,0,3
0.03179864189606926,879.930035534341,1,2
0.6901522490225472,1918.8384362889465,1,2
0.1502908951616076,866.1224653146986,1,2
0.2692018538216248,716.3622439268032,0,3
0.1368463070961876,475.52981882871217,1,2
0.007360677565575734,103.43177162556213,0,3
0.3534613244351137,1657.7050788708311,0,3
0.8838253655056838,2121.209363932681,0,3
0.2023922478163467,543.6889969060084,0,3
0.05622920575415401,417.650600933925,1,2
0.02223182709193122,404.94402046936085,0,3
0.18165387924410412,582.5461690085149,0,3
0.8668549473757774,1901.4281843044403,1,2
0.3330387016395449,3090.1951575687513,1,2
0.18412554327239067,770.6051103508406,1,2
0.03294089368316689,427.26826952390405,1,2
0.3262680253327946,1118.087932572475,0,3
0.3207796101034676,2701.129681845055,1,2
1.3950018424607185,2960.3495460526797,1,2
0.43392337115863405,1047.6140849371923,1,2
0.013453959213597431,587.0340929093967,1,1
0.11293658677341638,446.8707492142097,1,2
1.2028039865664375,2615.6515430641066,1,2
0.03978495659690805,452.23394328337156,1,2
0.05050944760603692,813.872649063899,0,3
0.0046745224256315365,60.99247557482775,0,3
0.5112217413794945,1607.386581877591,1,1
0.49820351363374643,1666.1133678212848,1,2
1.3370893249941636,3394.496322855734,0,3
0.5124088178520286,2337.0461345774147,1,2
0.031067660616997932,565.885266415677,1,2
0.4094838711515191,1887.1022223888358,0,3
0.39206780635217753,1391.3491905473002,1,1
0.12766689758305716,425.16219450802777,0,3
0.5259338461806118,1337.5182560522994,1,2
0.0042853880910461405,98.03441941315282,0,3
0.8759202802368357,2133.704769261624,1,2
0.6594701939188072,1780.2278183717808,0,3
0.31355834342654154,1052.5951960606922,1,2
0.031134850301164606,282.5136450988686,1,2
0.02179047491924348,1182.820769927205,0,3
0.4238901499397658,1234.597710239692,1,2
0.25921368504591646,2222.9914569869343,0,3
1.2789590956398853,2688.8838316203723,0,3
0.19437140360960165,505.1777080373151,1,2
0.056370436024137806,1026.7654073069866,1,2
1.1802739334215901,2516.2264595790475,1,2
0.7926580894353931,2260.374754456133,1,2
0.5531127655210435,1856.951428026048,1,2
0.19883940981623732,1221.296778251919,0,3
0.05465220632451239,1060.3553933692783,1,2
0.8102176081307827,2252.0612267258375,1,2
0.5133547155994885,1122.5485215274018,1,2
0.38193753226596644,1109.1185224533758,0,3
0.2723305905706152,1848.10219767481,0,3
0.028967823541266383,1572.4183833156073,0,3
0.12959789415528253,426.26205507309396,1,2
0.5479345690629492,1828.6088860619254,1,2
0.9493763653614574,1991.5937607983144,1,2
0.5450171202004952,1282.9060757553107,0,3
0.01296465110675483,296.58505067496213,1,2
0.33282983044611597,3021.2175768453462,0,3
1.0423719974200143,2716.2305289830792,1,1
0.16314141192399673,805.655806307221,1,2
0.18334011034541858,2258.3408037634263,0,3
0.0451841761903092,1445.8439904141226,1,2
0.19103090283719532,1606.2571467453288,1,2
0.274215011888996,707.021680219969,1,2
0.7001446495526846,2291.968627249947,1,2
0.4037670115603372,4001.5011348466983,1,2
0.018761658549320704,890.8142772450295,0,3
0.8882275993933945,2882.5942735080907,0,3
0.9484171347070784,2105.0314050672205,1,2
0.4481814636180187,1023.0310476174158,1,2
0.5459349085217632,1605.266494074562,0,3
0.017062305960003056,381.39426400865625,1,2
0.13790119528973022,506.42588043651017,1,2
0.04101571598221874,178.2120123300014,1,1
0.1929429340408377,632.5705412230819,0,3
0.7638528843751695,3055.317027481964,1,2
0.06963591335618878,841.6331423252931,0,3
0.22065528274874685,513.0267977835632,0,3
0.5695176056919345,1863.885895817013,0,3
0.17652192846324757,601.8577917211995,0,3
0.5720950144691956,1738.714212981461,0,3
0.04904425863863579,1070.1812559852985,1,2
0.8783890819832252,1946.7563552734696,0,3
0.025774998585345214,344.99330631584024,0,3
0.2785109081451449,871.6462770440146,1,2
0.07439285870259386,728.5935005289042,1,2
0.04363521528759407,794.7983510099139,0,3
0.04267536430282407,301.1118650785461,1,2
0.02513227063553908,309.0739484322265,0,3
1.1437978072489738,3579.7518869026976,1,2
0.3620955445261024,1334.575329134961,0,3
0.04623463064564778,1033.4841590664887,1,2
0.4365223413335188,1014.7446496277852,0,3
0.20049859636219886,612.8543686626982,1,2
0.5882848163993414,1476.822106452884,1,1
0.2697821519414389,2809.4066441495756,0,3
0.03691299793539785,1181.1753745000321,0,3
0.429249821738643,1001.9150791210416,1,2
0.9190383971004128,2063.5436576830452,1,2
0.6809593572764837,3160.128334218776,0,3
0.7291750858774629,2222.7140297883448,0,3
0.03879739021547414,752.7421989033032,1,2
0.03522161743959111,387.8735732857126,1,2
0.45613062645927227,1534.0450158461397,0,3
0.39289313534751696,1224.9017165528119,1,2
0.044787526943607166,825.5224378191599,1,2
0.035325050667807736,643.8678253851164,1,2
0.7752156518020953,2005.1717288840932,1,2
0.06106833782846913,180.8361547654044,0,3
0.7416468016588879,2084.245943599374,0,3
1.0580127592386623,6505.138178652315,1,3
0.020370166214247906,286.24027626212603,1,2
0.09838333408579665,510.6823819698927,0,3
0.4350792282289704,1198.020331340946,1,2
0.6685388456697319,2462.6573489468838,0,3
0.6448569333217676,1488.8214241691035,1,2
0.01831463937106052,1359.5433206663174,0,3
0.31428385966367633,1087.6984345417977,0,3
0.2511756198985779,629.6719801075616,0,3
0.2835321991887238,1397.02306823807,1,2
0.06695434676075322,520.7647271167526,1,2
0.062366594558597034,1059.81522710785,0,3
0.9502359756606588,2822.3197731376486,1,2
0.45063736761132733,2856.592933530344,1,2
0.3640694234617416,1226.6659449902975,0,3
0.023432578766376864,228.234893515397,1,2
0.013071515172745225,851.6061713002267,1,2
0.4472493888738664,1197.550723937714,1,2
1.2312200826590103,3004.2167105027283,1,2
1.0773888490796446,3678.5188021667122,1,2
0.44411871292583166,2315.8621521455198,1,2
0.008289378562981106,261.22000981516305,0,3
0.39516356924006546,2045.0155977437391,1,2
0.01603283847092032,150.85016776288364,1,2
0.16944149876600853,1141.6089114422655,1,2
0.12273159981098522,993.5776112003921,0,3
0.007920583490996691,274.7221379420625,1,2
0.11869011434350492,416.4388969714914,0,3
0.29313560993289167,1116.906036248983,1,2
0.7157578433715867,2140.63726503746,0,3
0.2025959565266951,958.5265873039918,1,2
0.023748954307554814,1741.817338417658,0,3
0.31389642658710526,1554.728491561603,1,2
0.18375430064661544,1146.6658914355678,1,1
0.08556517714590776,425.0399681349897,1,2
0.6135754328202444,2752.251901182238,1,2
0.01208908069076773,562.9415804374923,0,3
0.2340542101263978,722.295315058004,0,3
0.3076123281176516,1449.6317168520325,0,3
0.08468462334186908,551.7524382365838,1,2
0.3255831572992539,1050.4966776772694,0,3
0.008714735175138266,302.2669581899215,0,3
0.2865460543715095,836.630721174706,1,2
0.4659609424070186,1441.8474007222414,1,2
0.6414712861025559,2198.617097234102,0,3
0.07453980489952017,562.8702612260895,0,3
0.015061609350637942,825.341259568238,0,3
0.1345363991868546,604.287651151264,1,2
0.08891563065038337,387.7698394178823,1,2
0.3049265510528737,1010.1849193435395,1,2
0.8116103100078356,4626.657190370774,1,2
0.03613005937934449,686.9354707298335,1,2
0.10242431361579529,378.1161198129319,0,3
0.5176307297451612,3424.829383165269,1,2
0.5002162844344424,2412.5508951478946,1,2
0.39773205791467986,2164.940952440979,1,2
0.005685378094086335,280.0129775160864,1,2
0.37725905986894137,2701.8363407213606,0,3
0.23158803010048315,1104.889305471026,1,2
0.08817384332679408,399.03581639002874,0,3
0.5371404102396656,2146.1439851400937,1,1
0.004265128881799751,261.41583512554524,1,2
0.11283112784402713,529.9603806156686,0,3
0.38268757115588814,1308.7489003169094,0,3
0.6760989740402213,1709.2518881637038,1,2
0.29219255301226527,2257.1239673915775,1,2
0.044548051799110366,1073.5763168967014,0,3
1.3703129280267408,2952.1618733021182,1,2
0.6307013959398667,2088.9344631031827,1,2
0.8614531823183668,2085.7818061717508,1,2
0.4974310530831367,2741.9863786182136,0,3
0.015020849752147111,920.6493147273751,0,3
0.11624209675249031,678.684909786053,0,3
0.48759005144306194,3256.637735564616,1,2
0.4323314914883682,2131.06647778057,0,3
0.5411489538559169,5012.3513701229995,1,2
0.0360020910404638,867.6247498790221,1,2
1.3205155010320997,2786.067799501172,1,2
0.20778123905210275,648.283085735989,1,2
0.3670779037877299,1005.4752718145081,0,3
0.7172114202158525,2504.7897448475737,1,2
0.030306192684553823,1660.7090690430061,1,2
0.02656874076127151,173.56236295609065,1,2
0.29023198748347584,900.521089489893,1,2
0.5614871379912845,2367.4036019034975,0,3
0.10232499600378299,502.55689597164434,1,1
0.017563840973412907,1076.5128753013319,1,2
0.20502355985695764,1396.3891575673335,0,3
0.1886899769216206,1334.713389709677,0,3
0.4229643115393788,895.5506409949149,1,1
0.47343010227444865,5895.77631642115,1,3
0.008622756561559206,310.2483935585056,1,2
0.07974333518904862,326.88153569322685,0,3
0.7971346502338078,2434.0655511230357,1,2
0.06666540007161188,441.7331214796654,0,3
0.27263063236495233,2863.3768999388053,1,2
0.002879826308529749,127.4127303634742,0,3
0.4092112049849124,1499.5054436295354,1,2
0.2847286850758179,1197.7805195789322,1,2
0.10805193313339786,339.6827709814782,1,1
0.8037826534200194,2224.815593803722,1,2
0.027097073062219285,653.0201596245595,0,3
0.4944428993800262,1892.433030613868,1,2
0.22295898942318068,1465.6181532864282,1,2
0.6955387584546938,1744.4118304063502,1,2
0.10093594500168716,737.928147832629,1,2
0.022007371962499203,1205.9529411806507,1,2
0.12384636707352274,895.2939023358728,1,2
0.48199288112286176,2307.536172246203,0,3
0.36304484205015886,987.837743291699,0,3
0.5387398875384524,3108.8314924916785,0,3
0.02794116630421089,1820.3604818212243,0,3
0.36840315698255416,2410.208786618232,0,3
0.5121032312018359,1880.0708610107154,1,2
0.7918020716867681,2714.585234398489,1,2
0.13676904139777715,871.0513572900057,1,2
0.005424015274414322,332.4456357568295,1,2
0.1606908973080787,855.6370256235573,0,3
0.2739799533113596,1360.3876263921097,0,3
0.40718076870543535,2451.456995298279,1,2
0.16292244497466282,1473.7075031247905,0,3
0.019361611590138404,771.3394860001432,0,3
0.6359757890571478,2127.1066453152166,0,3
0.3278000236536476,998.1756956847574,1,2
0.24079417319741453,1008.3822971470875,1,2
0.6721031173368998,3900.6662478877433,0,3
0.019957736010044747,1093.637644768886,1,2
0.5897936772024229,2208.7246883225844,0,3
0.17540307932068533,634.9065477330325,1,1
0.054403701728976905,307.2770024286033,1,1
0.15521824514323712,1443.8277482637457,0,3
0.023916393692317482,1775.3761152509908,0,3
0.4708871542224476,1269.9708954447583,0,3
0.34673778275941347,1072.6585886325895,0,3
0.8139004067149519,2576.9921617146697,1,1
0.3906304048656295,2273.4821371628746,0,3
0.0020730169264680572,28.01944923305765,0,3
0.14702010632367898,609.5998773839932,0,3
0.2853633744091782,981.828979747028,1,2
0.5281548527799426,1114.2463391457277,1,2
0.28373780645401675,1855.2678568585188,1,2
0.011400754965691403,698.7685397118213,0,3
0.6325463689782026,2262.0306685993583,1,2
0.5206738684914997,1765.3871388127739,1,2
0.38374906049637825,2488.1604964579897,1,1
0.14599888477283487,760.3607491061736,0,3
0.0460261659724413,1450.4049291183092,0,3
0.776454859893488,2453.1940173411863,1,2
0.677172397915795,2383.5613979887153,0,3
0.5446547455620961,1899.8121149522415,1,2
0.5002027508760083,3658.9584410892385,1,1
0.028048850256792993,675.9573120653566,0,3
0.37966872473835783,1851.3829712495994,1,2
0.21899559184500997,718.2756683949283,1,2
0.33643457968395324,1065.71231602526,1,2
0.5863821413015388,2193.2684131191286,0,3
0.013249344357877483,863.1917013244494,1,2
0.25605292688931947,1773.177951914772,0,3
0.30331066120664446,1021.815477153154,0,3
0.491936897386243,3470.2450948596734,1,2
0.5341521634217973,1356.7516317797745,1,2
0.03491392894671636,1544.703929414608,1,2
0.5582721114230187,1897.202624392032,1,2
0.14669292399613776,1076.2011586694832,0,3
0.4777958011702692,1829.9567487442234,1,2
0.3860147183268217,3939.462249699981,1,2
0.011642522397872244,542.1470934462661,1,2
0.174479714207348,584.4345472589384,1,2
0.38578367200260755,1282.660342637766,0,3
0.2888563264224286,783.6883483914128,1,2
0.3063456357922297,1559.4105686022128,0,3
0.0025494024356110083,88.42496116376715,0,2
0.48253740288706215,1732.0252131437792,1,2
0.4420684516588385,1403.3340551509489,0,3
0.7235180482580591,2153.0506008641955,1,2
0.09275612075701076,595.2263458762953,0,3
0.023113597686751187,1695.2184370992043,1,2
0.5391870942955862,2098.842198357961,1,2
0.7359818959278801,2232.9881640211415,1,2
0.4555966960129721,1434.2826521401973,0,3
0.308431617905222,917.0560551312259,0,3
0.06831638242351509,923.1800725489001,1,2
0.3434462231727658,1361.399289742748,0,3
0.18428955259174892,1320.0285280088513,0,3
0.45541060345684453,1696.067968666628,1,2
0.2990221822334241,2036.1076819121556,0,3
0.010645121323774128,652.4546755766281,1,2
0.05983372437856141,454.677775459551,1,2
0.054197756829748034,464.32860659751657,1,1
0.6249678306643909,2459.7709379170738,0,3
0.09809435845855644,1301.2213509838411,1,2
0.028030922938558606,1826.208105659433,1,2
0.3152832562072864,2244.180940151894,0,3
0.3315464347677582,1638.0271856686707,0,3
0.42834672742316937,1903.3528751466474,1,2
0.6067099500668305,2934.5743618593265,1,2
0.03234992433810105,1288.7756731884742,1,2
0.5578714310766912,2133.8978049330262,1,2
0.08367701427744959,338.62383581704347,0,3
0.5906251891637082,2123.572874015088,1,2
0.22651833059821352,1834.9982327296004,1,2
0.008679245933736427,252.39041563033427,0,3
0.2783266767097723,893.7503478589265,1,2
0.19341697078338269,724.8326797132933,1,2
0.08834256559342973,994.1902979079853,0,3
0.2965476830088168,1430.1520260225861,1,2
0.03695541040546253,1164.5616852328458,1,2
0.23118174261204547,941.5638313890832,1,1
0.6411729136545308,2693.1427793809503,0,3
0.1844509218124117,924.9610980802615,1,2
0.5233444637826171,3464.6349965407903,0,3
0.015797007508506905,1158.5984467820658,1,2
0.10624179500753668,921.0678520703443,1,1
0.8336946241524016,2946.956796649197,0,3
0.2816938608275869,1381.1428187190188,1,2
0.13016397946937855,553.0225721000464,1,2
0.07057958929210402,953.9725381931851,0,3
1.040301882531384,3619.87749182063,1,2
0.1822022530966588,638.6679389770369,0,3
0.14401639561404403,711.0822266132308,1,1
0.9349491001342176,2450.8238742585913,0,3
0.03002274513558607,1478.6630052566552,1,2
0.22562373160316454,743.6846331961475,1,2
0.22130777857889086,672.752833434111,0,3
0.26904142392676944,1140.2063600032016,1,2
0.342797666494632,1444.1703548308217,0,3
0.042261226292234576,1465.8130240345492,1,2
0.4284792735198529,1882.3852890045903,1,2
0.39385431810009836,1431.152992412522,1,2
0.3274895524161661,2903.4062835039854,1,2
0.786683421254115,7239.196292012363,1,2
0.0012033966546164839,88.26060848237032,0,3
0.08109760294482633,701.8705674425172,1,2
0.13593120866361366,415.14853178224274,1,2
0.19611158559511577,1783.3131517243755,0,3
0.22501350552321825,2098.4444371104873,0,3
0.03345509166459457,1061.2621635466535,1,2
0.49386550788423195,2033.9349578010476,0,3
0.4683655947825301,1623.1775472578754,1,2
0.46463659511760735,2353.683588578204,1,2
0.560626141783261,3863.557386318447,1,1
0.038399533161783864,1529.7836150551605,0,3
0.47124627506778477,1570.7457458205026,0,3
0.2021949202152679,1340.7009084092622,0,3
0.07432520130033081,814.7278103974338,0,3
0.051566112144730517,425.8270146371997,1,2
0.017675399728300133,1296.3651919790902,1,2
0.36894338262662185,1823.753386802134,1,2
0.4910615612070292,1778.8563340657722,0,3
0.42644437970804683,1769.3385766965985,1,2
0.4477982230767423,3098.0292987704975,1,2
0.03540712041938301,1648.7722133288419,0,3
0.06138985924934703,291.91801599281365,1,2
0.3888620389145223,1414.5254761365316,1,2
0.030314922173852274,339.2765636510728,0,3
0.44912527921441436,5255.4157482218025,1,2
0.035107194358767385,596.5876351882292,0,3
0.641024769992706,2141.456270967338,0,3
0.5710007532449776,2515.5557775087964,1,2
0.40624548835292157,1241.7023882036574,0,3
0.23284598797696562,1347.616775317622,0,3
0.026248662189234283,1292.7840389483501,1,2
0.40956184126139544,1361.5005772667248,0,3
0.1862139077857002,988.758090645978,0,3
0.1144813219354233,731.6712438733834,1,2
0.30655419389182753,3315.7170947119703,1,2
0.0027616014908479125,87.6035015062463,0,2
0.09236582264187482,578.145099412967,0,3
0.29657130416547156,913.2149569803802,1,2
0.5479807128996625,1949.7976413906767,0,3
0.6460022842790581,2209.5160241004423,0,3
0.014493184391177066,641.2248507736975,0,3
0.3895879062942838,1431.3638374176749,1,1
0.30902221662553253,1137.537796895214,0,3
0.4069017474947771,2901.194640866,1,2
0.12497135105423429,2840.8367427035587,1,2
0.007684899496443679,563.6328662540138,1,2
0.3557976866219172,1556.0872174583617,1,2
0.020826181805937934,156.4229316412511,1,2
0.49782525006225953,1799.868241483988,1,2
0.4260580803302184,3386.290572376679,0,3
0.019361043977317666,1261.3675091222094,1,2
0.5282622034411164,2486.99160532413,1,2
0.4157688617305028,1353.5661913782808,1,2
0.35434527947519345,1395.5764033726748,1,2
0.5267438153457424,4873.837616384309,1,2
0.005485950389477905,402.35554721043013,1,2
0.145559158208596,1365.4946359955147,1,2
0.3963170402002793,1812.6932467358195,0,3
0.11180650496255361,513.9464997989127,0,3
0.2524810483804169,1929.5780454012083,1,2
0.04170029616702027,1446.357396376543,1,2
0.032203878418504445,1233.328272062801,1,2
0.5284181662461952,1851.0794823117083,1,2
0.22094453894555627,835.2785176819016,0,3
0.5837082142947507,2818.744999322997,1,2
0.02128091658104686,990.9697122331108,1,2
0.18563867780350327,525.0958505590282,1,2
0.2693644161385242,1314.8570035686175,1,1
0.4397521768113058,1544.9550019278236,0,3
0.6562738783555485,2232.7152703472857,1,2
0.028174662101476625,535.680679904905,1,2
0.10194029489764678,760.0152772193816,1,2
0.022274563816675683,189.7381208820779,1,2
0.28403170347148277,2062.4887232790247,1,2
0.41099231234396233,1037.211998429407,1,2
0.019111535595249692,1401.6955707815143,0,3
0.9561611808613134,3101.7751204447295,0,3
0.7957305443804628,2271.1460110244,1,2
0.30994300225553506,1037.1372150904135,1,2
0.2482436588602566,1916.641280050588,1,2
0.023624807577133367,749.4259664281738,0,3
0.10055646622053444,1147.1297824785634,1,2
1.0796006900237949,3750.889504048004,0,3
0.2592450176233015,1839.165752265738,1,2
0.7517565909116191,1823.8199545851319,1,2
0.03515681359562136,1219.3994300039005,0,3
0.5679221942266947,2449.060562815279,1,2
0.05402003801650424,182.0483823307736,0,3
0.23958202096446798,1551.4237859227546,0,3
0.3668134936033497,5309.323472486592,1,3
0.021225321879595725,1163.0984104699826,0,3
0.14187167089107278,1948.4622306938136,1,2
0.6796349045991198,1924.7474855577982,1,2
0.4249687968725753,1557.0874825213796,0,3
0.44744730333856314,4047.709197632105,0,3
0.014588376884218615,894.1424355516721,1,2
0.718742981234028,2560.290525795087,1,2
0.2891327620149707,1989.80798743748,1,2
0.5852922789842169,1218.7569059043597,1,2
0.8618403189293312,1913.071314891873,0,3
0.05028297527192129,679.6380940888575,0,3
0.9592998951374344,3728.442617424427,1,2
0.17240550373192817,524.7402963737561,1,2
0.10029764184980769,345.66684567011293,0,3
0.3692326482123195,3333.6546375767875,1,2
0.010636221327864912,368.91290472948725,1,2
0.4240103065484792,1697.2032161911654,0,3
0.7884361158078012,1933.834822621522,0,3
0.40094830429706657,1151.8574731020076,1,2
0.9452644274062776,1969.798924554172,0,3
0.025928631818640278,1420.8288866004384,1,2
0.6875540739243525,4035.9724201689282,1,2
0.46942057655918185,3227.8894578909817,1,2
0.16572539806952852,593.0491557372696,1,2
0.23558796022018355,1558.5059074262404,1,2
0.035127150736258356,1218.3705860871687,1,2
0.01397864802593262,1924.444787124121,1,2
0.13880224787352546,1054.944481663617,1,1
0.22791543261885108,1571.6993724712866,1,2
0.2528537867280653,3775.3395086157557,1,1
0.0039043178707731264,286.354021062864,0,3
0.051420774557103185,2176.609570888638,1,1
0.5400797223323333,1654.905172949767,0,3
0.2672270903531341,1412.1017638737053,1,2
0.48254822565407585,3541.494620833878,0,3
0.02865317540853405,1334.2672004291576,1,1
0.30451504458748674,2364.677000057098,1,2
0.14352365295187924,515.2276582654285,0,3
0.6481037132643575,2103.9267431671797,1,2
0.44046441431007866,2662.628205282213,1,2
0.007964645636802433,584.1502613073739,1,2
0.434088972834688,2526.1835879798173,1,2
0.5360683524700798,1597.2513634753852,1,2
0.02971586995325751,195.10508173368612,1,2
0.12003492778308725,845.8198494615095,1,2
0.008432614516416893,335.94355079632385,0,3
0.3134322547067323,1897.8985891262432,1,2
0.37693805334306574,1592.6337673502662,1,2
0.6795732491364785,1949.0691095781756,1,2
0.7553673176252224,2483.4600605569435,1,2
0.03062322737351046,582.2348889665952,1,2
0.32376693694679504,2524.2224618688265,1,2
0.021625741688351994,123.98000940147986,1,2
0.36045360766216067,1458.268669254177,1,2
0.2825383797260157,1866.6758576661516,0,3
0.008616204675775228,472.1480324080285,1,2
0.4164728489771211,1333.2665731997097,0,3
0.11094568100466529,732.1701745264514,0,3
0.04093802219393517,240.20024748973862,1,2
0.5206535613865189,3336.123965058935,1,2
0.0047760729022109415,171.84399615722353,1,1
0.15475074397948024,1786.1551863113775,1,2
0.25254812913474173,808.510545120386,0,3
0.09376845317778655,785.8448881242783,1,2
0.21563093858608245,1002.572115014997,1,2
0.007094899039190161,134.89426519052572,1,1
0.08554495562490688,1931.1799523020507,1,2
0.4919924390308212,1606.1427833992163,0,3
0.08519383441197605,369.78748686315544,0,3
0.4865555248862669,3103.3220362182956,0,3
0.034133706243337024,453.4140112466306,1,2
0.20304571475070546,1944.391754451568,1,2
0.4330629038715672,1851.4933323916584,0,3
0.4480399090697323,1126.8549976468398,0,3
0.4591894065238588,5519.546066261025,1,1
0.019512632017373476,961.0249485506772,0,3
0.33735332117787403,1909.0098451947954,0,3
0.7385109939762401,2125.6608982101893,1,2
0.4436045331113282,2685.24950187477,1,2
0.257638362399655,3224.536527180334,1,2
0.0032523755798547277,178.22263844285564,1,2
0.13311589901061097,2920.816150923097,1,2
0.32765675740177885,1002.0985865322751,1,2
0.20982657848911127,840.0756875973381,1,2
0.4909276412457472,2106.084757916667,1,2
0.028502403173969758,904.1530168843648,1,2
0.08771943912075318,914.4845081371238,1,2
0.2389359176029047,1228.5590292775616,0,3
0.34826878181278736,2505.031728815455,1,2
0.16501906441122177,953.7956266357365,1,2
0.01825089462128111,575.1334476865808,1,2
0.5806124902858829,2677.481716481016,1,2
0.28786884915263294,1841.2229337553501,1,1
0.13413489562993502,699.7287737396917,0,3
0.5485792277037916,2002.3424515251893,1,2
0.009865890957444107,393.043276620859,1,2
0.22544082338058946,1332.2205162488897,1,2
0.1439120779813903,1064.563370770159,1,2
0.4775483428573331,1739.0035597149401,1,2
0.41258852203153085,2787.9918702487507,1,2
0.019172270762943068,763.7964126538068,1,2
0.2613768413178248,2155.925588156168,1,2
1.1332911408930588,3848.9161815414354,0,3
0.2297582842933844,1688.8846397104842,1,2
0.26849875937876855,2420.9618408495526,1,2
0.03811735166455106,1201.1774948255245,0,3
0.36942696250277296,1757.8680139787418,0,3
0.4747604894259148,2921.346735525445,0,3
0.09225417403503067,415.32917236203,1,2
0.23131524876916673,1884.3689535551441,1,2
0.041788746714850784,564.7040556799813,1,2
0.04990814094308688,815.8006747656435,1,1
0.2733702731822277,984.883985290208,1,2
0.617307210148112,2058.5396751933595,1,2
0.3813632726094363,3524.9479038751324,1,2
0.02203521803771888,1635.7315530844621,1,2
0.22135532460531931,1803.416242770611,0,3
0.2369366745546192,661.6154219558873,0,3
0.2303725466910392,1520.207398663331,1,1
0.6458083983892131,2422.8342748144187,1,2
0.0008462114763327623,30.446847161777924,0,2
0.44324854008151066,1492.1651056712717,1,2
0.4952549043566017,1767.9665042491624,1,2
0.4955976649905015,1654.4972588658104,1,2
0.38286607005818696,2221.8052728063553,1,2
0.028713606993640155,691.9774759188721,1,2
0.13241651578757513,408.8585568636546,1,2
0.44634257401996863,2128.285529807792,1,2
0.28277502710364133,1523.3725172985078,0,3
0.3958566456359862,2619.7681745053064,1,1
0.02878940182600338,1146.9294435196493,1,2
0.19141988805675997,1215.5905427003318,1,2
0.11693384327243807,704.4753443426014,1,2
0.5058253363853102,2235.9847821792096,1,2
0.312720166673277,2018.6988874767087,1,2
0.05662589933123651,765.3707460512926,0,3
0.7562772762518105,1838.9348871506684,1,2
0.21990600720683637,719.4655626585946,1,2
0.04011294152367917,319.5683756851732,0,3
0.9270603542777048,2946.13730588543,1,2
0.062446240567071806,1187.2811281282807,1,2
0.27892739068714517,1947.9869384332042,1,2
0.2815203706942523,1449.1077112544142,1,2
0.5701228132602552,2038.3091530533375,1,2
0.06322121052036705,571.2888486560734,1,2
0.021797662135530756,1618.097160533165,1,2
0.5399164569661083,2158.0639426814564,1,2
0.19568378491109645,1026.5285317291562,1,2
0.10841171118367239,683.9724301358283,0,3
0.19345983496342517,1777.2802021788,1,2
0.0463774969232943,788.1074440945146,1,2
0.43902252991820157,1934.7301749143928,1,2
0.6499571560122657,2162.569602991774,1,2
0.469250483507074,3035.5072216391727,0,3
0.4837408533205003,2286.5622472321,1,2
0.026128475459939418,1216.7017200136193,1,2
0.4659674889870488,2356.9615706591017,0,3
0.8958774105033466,2628.3595900272544,1,1
0.07219704316680704,633.156502197469,1,2
0.6947558626833598,2846.5060288384566,0,3
0.005695165489356594,265.20175879708364,0,3
0.4726524580128605,2475.94173006584,0,3
0.29385953111116975,1069.3433867652236,1,2
0.23749020967628254,1248.8268707526345,0,3
0.5855428658710056,2682.504964238999,1,2
0.05379714495688215,914.1918651123889,1,2
0.5715673086200908,2258.332700535086,0,3
0.1548106314057734,520.9481449033291,0,3
0.3836378773181143,1929.7647732690048,1,2
0.11924404099786377,460.56134864826953,0,3
0.0037089959648338665,133.45036840476564,1,2
0.18313383243402023,1112.8156044942752,1,2
0.6608584887498918,2116.3573768149195,0,3
1.2503624448498818,2990.201490546756,1,2
0.26275127425636724,1853.946407001378,1,2
0.04701447598942206,798.9318304251946,1,2
0.6174497990094768,2459.8268983550906,1,2
0.4499301732398454,1413.3921256602537,0,3
0.2410811020094881,1107.410968947107,0,3
0.4929318678447479,2334.52771338151,1,2
0.03172593966380243,1263.916997777869,0,3
0.3132216290272876,1387.2571083482683,0,3
0.299639623644809,1399.8536174968992,0,3
0.3893266670183108,1538.9214704145384,1,2
0.1221741904430138,552.1439878183587,1,2
0.020997622368200384,728.2937823014097,1,2
0.19991408289409834,617.4320520264581,0,3
0.7414801890910364,2597.8053602817813,0,3
0.0992177944571422,1000.0116790148796,1,2
0.3219828299443851,1494.8573655407106,0,3
0.0475279037042968,1382.100180309311,0,3
0.3281535103086234,1279.5262849272785,1,2
0.47451274458309084,1504.5589920924504,1,2
0.5956012386441494,2436.443725182918,1,2
0.5475542918909209,2499.0395629833633,1,2
0.07410481738924882,1001.6204606205174,1,1
0.33400241973436084,2768.328697712602,1,2
0.4416374593372438,2752.2352201744125,1,2
0.22498340857419874,1221.1724929262,0,3
0.11828856982196705,599.3687922797557,1,2
0.021026241287231275,357.30555504540854,1,1
0.7366610323538874,2097.729367933344,0,3
0.04546442727800665,150.38417676460762,1,2
0.20860605886347394,740.2622547014201,1,2
0.6569334945567925,2754.2177045171593,1,2
0.002070284153469117,65.67353818349231,0,2
0.5648346928527579,2267.596497001272,1,2
0.5916910883921848,2483.2086995106806,0,3
0.08090929405766,350.2915018497454,0,3
0.32404822030136093,1639.293830802461,0,3
0.012981636403205604,517.1702109647465,1,2
0.031028938960577727,870.7316469791091,1,2
0.21624231397041827,1081.5649998877839,1,2
0.019973737905613388,292.6490968346503,0,3
0.6514212072818646,4083.4566098110845,0,3
0.030488748699209436,1348.919796178731,0,3
0.3261531863888493,1289.6613859948993,0,3
0.2056056024066526,773.1276423589999,1,2
0.18163569292024853,627.7207016630382,1,2
0.1612038922652188,833.1777425000139,0,3
0.02655488021712171,1174.8728674771505,1,2
0.4125849685552046,1513.824834482086,0,3
1.0105609833302442,3466.5212078226727,0,3
0.7249214339471659,2242.056138133225,0,3
0.016354643830779034,178.81586209539648,1,2
0.030557847942511783,1351.9769677967295,0,3
0.3977630444519938,1653.2855666941678,0,3
0.322840339470494,1489.0737186042177,1,2
0.13375776003509565,2466.577879555448,1,1
0.4549709917491814,2789.340716361169,1,2
0.012997450690034188,575.0488059911307,1,2
0.30151606568804445,1461.3291637871075,1,2
0.13834115790441667,721.7194141885155,1,2
0.47138330364239533,3375.4860905577266,0,3
0.2952152988286157,2830.334775922931,0,3
0.02842513662112912,1132.4176279826331,0,3
0.4298786143354696,2811.5220346796777,0,3
0.07922794886336681,269.1902329204324,1,1
0.03159451430768288,966.2807756438581,0,3
0.605489521902469,1700.8907384218887,1,2
0.005794820718778,139.651051686768,1,2
0.29211584643979077,2383.6246442834117,1,2
0.39088422279935614,1257.2656274024298,1,2
0.4910694316969178,2137.7443917853752,0,3
0.19046887466420595,1277.1385187881274,1,2
0.02415100585703058,962.1422451030201,0,3
0.20945641494071363,945.0888533158194,1,2
0.171256305923033,516.5666981599155,1,2
0.10497718226905098,789.569621254544,1,2
0.4763643206420603,4575.331791198164,1,2
0.018805945210703248,1225.2029536684054,1,2
0.07804903471798004,715.5164240330863,0,3
1.039986471884412,2143.58771210269,1,2
0.29599180619216764,1103.3077938617537,1,2
0.09956413767100183,536.3279933801239,1,2
0.004353982310352012,156.65709773031116,0,3
0.37024364979226343,1370.5791213639134,1,1
0.4409698008028061,1600.798049415582,1,2
0.5370315149055961,1520.740517203431,0,3
0.9116045053192218,3129.1975101910766,0,3
0.029858720888136542,719.5739051145753,1,2
0.457339202083063,1880.421084604595,0,3
0.4139625748530679,2749.6150421565217,1,2
0.15085092061219124,748.0431166816975,1,2
0.20787097723760653,861.1888360365156,1,2
0.008060298449126261,194.24745129424434,1,2
0.6040085334942277,1697.6459060414259,1,2
0.2470314179690876,1678.4005115018972,1,2
0.10118520673861181,753.8930273075716,1,2
0.8730739113588605,2865.832624631836,1,2
0.06390687670980834,1215.0519868955196,1,2
0.3027301595809965,1560.9416340766952,1,2
0.6371890998770442,2693.3579859357847,1,2
0.027122143918692575,385.6460868408946,1,2
0.09026611899001646,549.501673219214,1,2
0.01700907217334524,1108.1370934804709,0,3
0.27169047466748764,3695.2880050415138,1,2
0.030526615873378984,220.46145811104344,1,2
0.3952073424836719,1198.9447892244957,1,2
0.15093552311177416,1464.0209598812426,1,2
0.05903507644504837,1122.4251696230333,1,2
0.13157016564087665,582.8190814130761,0,3
0.8775843149621517,2772.552976601929,0,3
0.3019275214033411,2340.0619811664706,0,3
0.7165905552154762,2603.2461329256257,0,3
0.0026883357182235145,36.32829894299439,0,3
0.19164306507103301,1177.0311955851218,0,3
0.14788795841672706,583.6113326613311,0,3
0.6318783999082509,2183.5689219918063,1,2
0.3393092410488879,1494.5085245299838,0,3
0.03917215074741783,520.3420300428537,1,2
0.8766265233117995,3389.500156338598,1,2
0.3070458621515506,1068.432334649032,1,2
0.7083266558808607,2121.3109189078546,1,2
0.5172345341214228,2034.0449390404185,0,3
0.025591404677085976,1667.2740586867149,1,2
0.5987007541514372,1837.2534843727456,0,3
0.2970380241719574,751.0520143708277,1,2
1.2283776684953598,3212.4930879883555,1,2
0.08558104834104442,1114.5454657399755,1,2
0.002217013110856491,70.32807305468698,0,2
0.021568307804136023,256.40422737964747,0,3
0.5915899040464486,2242.2008245254906,0,3
0.2822134361308117,975.9374918353469,1,2
0.5564464042254654,2477.3890061638276,1,2
0.01614021073931387,714.0945663447831,1,2
0.9423849797347927,3453.70552959431,1,2
0.561208080877076,2406.3054733866866,1,2
0.847502246798833,2021.373788686056,0,3
0.2766544513742114,1889.200101327237,1,2
0.0007772104864794323,36.19167666946381,0,3
0.08679788079594812,308.41131448823455,0,3
0.46514493569832843,1960.7254882751963,1,2
0.7432961346622617,2654.613512947436,1,2
0.2266435588148679,1495.7837576785712,0,3
0.015027291418790611,979.0245385517447,1,2
0.6913462602061479,1648.2422898112516,1,2
0.4254971068510179,1750.2566309140734,1,2
0.1317248412508602,553.0962116700848,1,2
0.26845072935438946,1348.2668818770576,1,2
0.017439683609520758,858.9292837920166,1,1
1.3870890756125889,3155.8773482701663,1,2
0.2103458798164941,936.3611703256627,1,2
0.48463642652580213,2023.8817353149439,1,2
0.4172205022742814,3493.895300367697,1,1
0.007418847403335723,295.5564889917083,1,2
0.62183039063071,1987.6789832672666,0,3
0.3503081593393929,1233.5007267434578,1,1
0.17852611096454904,823.1851510726633,0,3
0.22667532927772724,1524.9671655992795,0,3
0.027270301750511202,1776.6538122816103,1,2
0.2732716574677902,1417.3557102954956,0,3
0.06768850525518579,292.2931057330788,1,2
0.6691923256922386,2139.123478736728,0,3
0.2791473043728513,1905.6913695204935,1,2
0.015460780299435586,536.2507223036657,0,3
0.4166737711625917,1163.552456759522,1,2
0.4657573373015159,3132.152945125533,1,2
0.5467891927431667,2412.4435213892884,1,2
0.04438598971903228,625.7179030903721,1,2
0.026968621264002797,1328.2430499199077,1,2
0.20665792003666533,1086.038831779966,0,3
0.711176264369157,2554.75240092796,0,3
0.5055862362346776,2838.9591199892516,0,3
0.3469499381074362,2211.7973115659593,0,3
0.018596181344919922,740.8458171664754,1,2
0.03310790096013586,549.0267667583205,1,2
0.04386971297977296,275.8879171676431,0,3
0.11372217125480709,834.6575876481461,0,3
0.34817449925106836,1700.8909760138067,1,2
0.026805953393743587,1320.231425372921,1,2
0.5579298800731446,1839.4303831963616,0,3
0.8862432675376488,2280.8167863853832,1,2
0.05655202757763931,313.8383917906993,1,2
0.065697244451938,471.1078452675332,1,2
0.012940165800831913,572.514339200473,1,2
0.0583957179252286,860.5101437463615,1,2
1.2246033236196658,2575.104921784604,1,2
0.685380983990014,2406.0756887675707,0,3
0.5145314151344769,1477.1194135379121,1,2
0.007360029819268012,325.63126882061323,1,2
0.08004827822055555,567.1858049741858,0,3
0.1367164111064912,1027.205323376563,1,2
0.5013735656334399,1048.1206396733955,1,1
0.5676275062685848,3627.1984103567643,0,3
0.02668092980264523,1738.2563670458499,1,2
0.12546254260861042,916.2951830331156,1,2
0.6946535976599192,2191.4425065436662,1,2
0.06141455272053143,442.181015097255,0,3
0.6811314624473929,5573.037177804763,1,2
0.024685511380067797,1810.507156343741,0,3
0.2827615259226555,1704.60389685364,0,3
0.025023277083761144,304.3355147617468,0,3
0.07376802238336773,228.84177602742304,1,2
0.25656408242735135,2124.3025531341523,1,1
0.012494335312733945,814.0030377506691,1,2
0.9323254693122274,3151.684128299459,1,2
0.4494593130411158,988.713028356375,1,2
0.09945368665995968,496.25974019217756,1,2
0.24004237927354288,3125.0088886991425,1,2
0.023385926759424885,1151.7902372563376,1,2
0.1523126926373012,1230.586897494547,1,2
0.36023765973326977,856.5710202583833,0,3
0.06604601839961713,429.1130779085401,1,2
0.2904689206937361,1050.7483320406916,1,2
0.007882604671603686,106.52003654837205,1,2
0.6483071937429637,2351.253043955419,1,2
1.3056177369386952,2769.18393731109,1,2
0.60953816089702,2780.804950108907,1,2
0.4715751773097278,1836.8148810833086,1,2
0.022089951149444183,1620.141224687989,0,3
0.3232931759743171,2377.859378973882,0,3
0.17346104819355587,597.1492269723325,0,3
1.0799452878779898,2686.3849593409905,0,3
0.3540207898724744,2892.8268207079764,1,2
0.014801898379340706,469.5457079043453,1,1
0.3897939248090304,1160.4176851543366,0,3
0.5240008015923495,1602.4045102229952,1,2
0.37066810025285407,1197.1914160111692,0,3
0.07462942778949125,774.6892388408179,1,2
0.023695821465830512,746.7173406128717,1,2
0.1375824487479696,869.2023219409136,0,3
0.08898241488639125,373.0617047774977,1,2
0.5639371495623249,2304.292038042999,0,3
0.3530002214596923,3044.9740359550333,1,2
0.001307645502447729,85.19280014908925,0,3
0.17445475578516315,659.945416524089,0,3
0.04967540278205258,348.2382091573983,1,2
0.07871360991952693,417.98564346620896,0,3
0.03128599970253269,235.50854026254106,1,2
0.06024133592956538,1023.7000363950743,1,2
0.08133961662530534,472.83565634284554,1,2
0.44822395600240034,1949.7859070245743,1,2
0.4146822161701296,3809.4513337966314,0,3
0.010894601595531081,234.7627321189998,1,2
0.012426602987181998,911.4031826580585,0,3
0.638975168329434,2163.7365099819554,1,2
0.3681057832290642,1205.959911880203,1,2
0.7015247784274162,2392.127319376225,1,2
0.35505091810038214,1619.081231295911,0,3
0.016151527712568135,1052.268271441783,0,3
0.41790487798274345,1586.519278826996,1,2
0.6008913041722349,2109.788363417712,1,2
0.9790615062707971,3745.9572295664525,0,3
0.26414016135458,808.9524077484109,0,3
0.06381987523983854,1213.3978408256112,1,2
0.508265234795755,1511.122016896719,1,2
0.07479464871592731,418.015843789729,1,2
0.34646954972625,1986.5671891413915,0,3
0.2467730845692845,1150.9110077136945,1,1
0.014442288318735659,1072.0886292688858,0,3
0.0671265218697698,488.18123142434666,1,2
0.646537333470788,2101.215148530209,0,3
0.2749258443311929,3144.957116037699,1,2
0.3560333581848054,1322.5751266861653,1,2
0.06126787918892646,1164.8771176757296,1,2
0.23537232096300484,708.0246998958376,1,2
0.0516982301889081,227.9043893688092,0,3
0.6158743047502577,1726.1967072708967,1,2
0.04077980825218644,530.0712160620797,1,2
0.02400701053695008,756.5237225502639,1,2
0.2487324130157957,904.6963127126181,1,2
0.14373647597983594,572.4185322025794,0,3
0.5899481207987389,2106.4724723435356,1,2
0.32202370501717364,5303.437673442645,1,2
0.05473962012141814,739.7131505253067,0,3
0.3304029102069953,853.6067359486888,0,3
0.35290484543606243,1084.216937033337,0,3
0.4888003929322959,1164.0975200801988,0,3
0.2359876599189454,1557.7959892933332,1,1
0.0713785224141571,964.5597024185099,0,3
0.6305986195070893,2007.416767645796,1,2
0.4106865354662286,1902.1471188813796,1,2
0.5784525265905288,1834.1545833045861,0,3
0.13237903401224932,633.4474039649389,1,1
0.01834578285436472,243.69562842537516,1,2
0.10046799623552179,500.37967947576044,1,2
0.3004123669283247,2169.6857450778134,0,3
0.5931881075498175,2428.867654863718,0,3
0.16113265083574754,701.5289666679739,1,1
0.03901481473590853,1403.7603300503686,0,3
0.023966662798791966,115.51943588097056,1,2
0.4296195130398628,1531.9096285740534,1,2
0.0289509538303741,547.9594953934808,1,2
0.41319385124268077,3969.7730013964765,0,3
0.012768624586239544,594.5853029238262,1,2
0.3479072016919424,1480.560890797899,1,2
0.12367576644667043,600.5426282687451,0,3
0.008772136425868805,428.3706965409551,1,2
0.3624381937796842,2072.526334996634,0,3
0.018464545783196864,249.5170281417997,1,2
0.7071601782301786,2264.1969863265062,0,3
0.37430533058971693,2470.4368115859347,1,2
0.10193527333703446,1059.706327171408,0,3
0.20049655297585164,1609.1318138543297,1,2
0.01756069248262294,631.8369994111869,0,3
0.22155896538121128,1615.4756946688306,1,2
1.2306387642983063,2752.3645395473395,0,3
0.38998272995926087,1135.6404706537812,1,2
0.44173132189029735,3186.3047613252493,1,1
0.020803581395754295,1544.303961410628,1,2
0.21072911431129024,455.4412796875228,1,1
0.2570675129916596,1142.2200759613365,0,3
0.7234505300545098,2916.010467709377,0,3
0.5548404183679982,2165.697459855787,0,3
0.008289932449266095,298.2733197593907,1,1
0.1609618147478678,607.4778841515084,1,2
0.5363037338592174,1672.4764531247704,1,2
0.11802351939728045,1071.2226934628802,1,2
0.6269245803254173,1498.3865150317613,1,1
0.008350102576079385,612.4207936159236,1,2
0.6176293431885056,2040.9581136116635,0,3
0.06422712310675548,415.9112664273123,1,2
0.5348472797822271,1329.2566164947496,1,2
0.1390425655668197,482.30249883418264,1,2
0.015921507853063583,1167.7296639287008,1,2
0.07762043488487944,625.7774626377147,0,3
0.09846803368600479,457.6481069626793,0,3
0.022167701666321555,187.94850422038738,0,3
0.1380148253013743,421.56144466144605,0,3
0.047456592104386804,641.2953758331801,1,2
0.46715235732173116,1698.6934768878696,1,2
0.5457689703015773,1788.978228741239,1,2
0.6182932820590864,1901.0039752840678,1,2
0.16675254043513557,2372.856487588653,1,2
0.044855893679648234,852.8384666163138,1,2
0.49459960833643196,1822.1182777347062,0,3
0.6624428654985483,2172.383418934063,1,2
0.06887285921994137,516.5594695326976,1,2
0.47763970573179515,1898.488646118808,0,3
0.02380779555792236,1172.567877095504,1,2
0.2853673261029633,1922.4491166897683,1,2
0.036916821303990995,270.95932118944444,0,3
0.261575932202469,1009.9110468030093,1,2
0.17390025154534916,1781.6562893423213,0,3
0.026619775685835893,844.4323220125649,0,3
0.5607976833589093,2324.4454819336725,0,3
0.2884288252329849,763.892149479512,1,2
0.2357856754635432,1594.1176777052506,1,2
0.5493026388859098,3445.417820739282,1,2
0.04363086485534092,829.54717491796,0,3
0.08055991467795458,292.0351066269442,0,3
0.25418009067204506,1593.2468396623103,1,2
0.5228556113880914,1701.8277955130516,1,2
0.7444059449699382,3028.477131448554,1,2
0.02415651980893539,702.465873338249,0,3
0.42464477583892407,1810.6587818168362,0,3
0.9378293176045291,2246.5034577177703,1,2
0.16891100826691754,578.0315370105656,1,2
0.17271680965084224,495.81744217939934,0,3
0.00787769775452476,387.9878466676994,1,2
0.34170980181288974,2443.040917747254,1,2
0.5577544441855895,1881.1730964987946,0,3
0.030150027259493666,71.22684172856385,0,2
0.8036187997422071,3130.377809865779,1,2
0.0035170322960666515,261.07845586305194,1,2
0.335045558535174,2242.852048061612,1,2
0.8749928671161558,2441.944712779011,0,3
0.5714842073621641,2228.5080377949894,1,2
0.9187950154540199,5661.461126817452,1,3
0.02625126166830395,1161.4398114003707,0,3
0.3620166907715134,1153.16052258084,0,3
0.33072283535284824,1553.4389335371256,0,3
0.13061751097857574,463.7718032614265,1,2
0.9436040644109409,2920.4227662393996,1,2
0.04107168104544744,1294.2761443818843,1,2
0.2667498941526525,1045.4115422143982,0,3
0.4139670194035162,1341.6199586669518,1,2
0.4806998175277484,1701.7889932706044,0,3
0.38087172780163664,2517.5222514258776,1,2
0.017835166346569006,1308.0829401459032,0,3
0.9069607746791789,2720.57794479791,1,2
1.2490989349194221,2648.9962787706195,0,3
0.47888697191574237,2003.6713249593784,1,2
0.7385777269537672,2671.4860149465867,0,3
0.03951060008624476,1421.5987796683692,1,2
0.14624128434902403,986.9749652136733,1,2
0.17016901975986293,577.5284544868199,1,2
0.2834439439777707,1218.3359725624966,0,3
0.12048495794277551,467.1831663198259,1,2
0.01886043282326012,878.2571754500334,0,3
0.2841709853286267,1352.018572594429,1,2
0.438136985727337,1490.5683902720966,0,3
0.6335900053354769,2888.052956897239,1,2
0.24956498682497644,1110.5658564201551,0,3
0.013751877855241509,182.67263613472701,0,3
0.1435036368089374,970.4556363424599,0,3
0.3712050115856285,1368.5111341176994,0,3
0.14881730279613728,541.245074754802,0,3
0.7727200857753718,3341.650059078874,1,2
0.010124763744037613,751.5875493175904,0,3
0.23395553861982113,1014.5100749509414,1,2
0.08463344159772299,372.07320413148204,1,2
0.26177931595941256,960.8059156624469,0,3
0.3411259433472753,2122.2031888729553,1,2
0.04895738853471695,661.5760948683908,1,2
0.06453993078889024,710.9316471456401,0,3
0.11359767735892161,373.68807789974113,1,1
0.5823907244105151,2228.054301977624,1,2
0.7688251694285612,3474.4891989353064,0,3
0.019222766018526353,850.4766750356785,1,2
0.018154341716970605,315.16155038162276,1,2
0.24342433910164732,1703.314923845712,1,1
0.6994874525450817,2127.2430639941763,1,2
0.3542941688601652,3090.237287754389,0,3
0.017948078372429812,715.0263025383485,1,2
0.3614574902007838,2463.4465975001663,1,2
0.09438912893002327,620.4426480792526,1,2
0.2377300282779736,963.8725091163147,0,3
0.18800682092810678,934.7258157009242,1,2
0.01579574421173264,968.1437018609313,1,2
0.1907748786316672,585.9035226181637,1,2
0.3055405896531298,2190.4507340443542,1,2
0.1262562933757426,714.6667284877275,1,2
0.826315991094197,2794.8112264300926,1,2
0.04599810737529884,874.5552065324508,1,2
0.10271685390143294,479.46207541050825,1,2
0.2234222765117871,900.0610069680289,1,2
0.17253018531461706,1091.2394889368804,1,2
0.5845374916841443,4551.0784812273205,0,3
0.015977711570178733,271.5142960147161,1,2
0.2949391347335194,2007.9837206934915,1,2
0.10551507779744701,514.589959549145,1,2
1.0193599903059958,2447.663295720936,0,3
0.04829227915370309,409.65662737110233,0,3
0.02531324902427931,1879.068320051192,0,3
0.2368945306287941,718.0126788630164,0,3
0.5463816293449196,2175.6922038487564,1,2
0.18408054356822434,771.9113205254729,0,3
0.48268530276649213,2357.5221961884163,1,2
0.02521023113086655,733.1075489546587,1,2
0.09206106686277031,435.0757360853814,1,2
0.30780734291921086,1039.9514017160457,1,1
0.7170455999598749,2517.3480437241396,1,2
0.2081001306443266,2162.522959859294,0,3
0.029983191333760654,405.1719919704217,1,2
0.08754044103465188,734.8648190580349,1,2
0.10520075495431183,645.4824115416868,1,2
0.612999653577262,1826.432922030661,1,2
0.16194126582473292,963.3133500456421,1,2
0.02271956838127468,547.5254148990354,1,2
0.731519029510063,2493.275947488259,1,1
0.19826869197763078,1275.5212967722102,1,2
0.4061737539764908,1198.2824333657004,1,2
0.06834673890082303,364.6497119504631,0,3
0.06541180370191534,868.8956331881499,1,2
0.04432214548435252,222.7510320961841,1,2
0.3028914252151103,1382.6353172521235,1,2
0.44740864057347246,1435.8443496372079,1,2
0.39709327414974416,2309.5377904487136,1,2
0.020032714196835912,635.4776075160241,1,2
0.5285949789180948,1668.4192434442712,1,2
0.9440415696852251,2087.0649047707166,0,3
0.4906235595175996,2070.477274069,1,2
0.33514682493892095,4229.832959209007,1,2
0.008796879082222554,645.188681191937,0,3
0.22533618183464113,1256.6887412193141,0,3
0.03175232942399319,276.7460576013069,1,2
0.3810207140205731,2318.5496635870236,1,2
0.2111580465317196,1128.2742707498708,1,2
0.022586369865702415,711.7556175267582,0,3
0.046568740718434386,293.63018670438436,0,3
0.76100158235814,2359.967109709301,0,3
0.05411889571503138,284.06766511060863,1,2
0.2994960729891796,1389.4799412488233,0,3
0.02703103685815309,851.8187050756943,1,2
0.4356754208552246,2021.2381256249512,0,3
0.736922600945563,2173.579835118871,1,2
0.7664826639202922,1937.1937466249685,1,2
0.32968327198010805,3461.3118540247924,1,1
0.008155576089184068,598.1536556498551,1,2
0.10763202711740065,428.204205646735,1,2
0.5101852224991623,1728.297874361916,1,2
0.1595607110596009,1091.5864122115715,1,2
0.3007636021356427,2238.049400464953,1,2
0.013170755726758038,417.80261307477423,1,2
0.3346659878829256,1256.866766679892,1,1
1.0971976183207723,2391.920873624969,1,2
0.17189435848472098,471.0484818100665,1,2
0.0757309364470522,676.362674397584,1,2
0.030596349161806747,889.73458531723,0,3
0.20068278751701654,746.9578303593524,0,3
0.5343262897899623,1861.7403954577617,1,1
0.27974136834838736,1288.685910678099,1,2
0.2399570262533623,1484.828057489421,1,2
0.07033338615897405,950.4364580420445,0,3
0.8392583957836455,3027.7137867956735,1,2
0.26279846583495053,1267.5604785214127,1,2
0.16853198531177316,577.5566480859098,1,2
0.14673901281298538,1529.9552430533995,1,1
0.02942555393786836,1612.452108216759,1,2
0.5650773859733251,2057.4254250735166,1,2
0.6546969606709921,2126.9321940847954,0,3
0.26425673129814575,1376.767529940932,1,2
0.31530454874862424,1195.9369156348246,0,3
0.03238712409075804,615.7715961460468,0,3
0.1532483877206013,718.4372193899263,1,1
0.4044773906514705,2046.2512090221167,0,3
0.22647651858721188,702.9200032995628,1,2
0.01782086879581384,231.57288499403336,1,2
0.023076029218147796,671.045462927532,1,2
0.7824005973479109,2812.8684409868256,1,2
0.4810386059735016,1652.6257095692572,1,2
0.15985781228539372,529.8270531782371,1,2
0.6265656958184201,4106.9550944722105,1,2
0.0029258063407533335,56.19369513661269,1,1
1.3066616346777247,3669.7182709430176,1,2
0.8758211235798198,2689.781325579263,0,3
0.06376021931718988,640.0709546975344,1,2
0.26225483365641505,3778.0396400499994,1,2
0.00084523381824755,12.194999742073904,0,3
0.27726657102138047,1174.849130543635,0,3
1.150559536885237,3690.612871823809,1,2
0.4826267695733385,1286.3407909755654,1,2
0.7928586817745362,4127.781908658289,0,3
0.022530506210505265,1134.8931672122121,0,3
0.6485112829660397,3120.9016946783763,1,2
0.32518675989480206,2488.867491227846,1,2
0.4485135873165765,2022.2377319442808,0,3
0.8670934346765498,5924.054810882923,1,2
0.007994969311947158,147.56127220472592,1,2
0.7041456725639801,1882.3742644214217,1,2
0.6760718999934768,4091.307312195424,0,3
0.9405142776212397,2669.2159221854995,1,2
0.08781743952887495,511.6795248355825,0,3
0.030847523566703127,592.4644809473164,1,1
0.1076249890683787,527.8452040940784,1,2
0.46723267993463713,2623.801928269808,1,2
0.37509985628000675,2769.8286049919375,1,2
0.5780469465681507,2621.678502131446,1,2
0.015333963228672245,772.3932135350444,1,2
0.427960743994574,1082.2524937794717,1,2
0.3863169042720693,2186.0358677984327,0,3
0.2267479595375869,1037.6807549961072,1,2
0.20576473687416444,1124.1810829491667,0,3
0.07807841939305661,1126.5123138754907,1,2
0.17453954603687113,909.0003143527426,0,3
0.056035878491461265,689.9749054324311,1,2
0.3530397563594697,1012.2385369641851,1,2
0.08266077432687303,694.9550873866399,1,2
0.02473023052930875,1214.9811609954045,0,3
0.5277232786951848,2242.717725974397,1,2
0.4993407486471958,2600.365078356071,1,2
0.555698813060903,1407.127541494821,1,2
0.2977579600152554,1383.2920923809165,1,2
0.04694446338663353,1208.349689136816,1,2
0.40544340606304013,1069.0573565702227,1,2
0.15733218147874145,380.26066163801846,1,2
0.07242071652658848,594.5414547888861,1,2
0.6509266872233325,3016.969392069652,0,3
0.0009235345761542941,20.47330687000537,0,2
0.2731385917755925,1801.6388149069446,0,3
0.1720134705770374,1260.8680603986259,0,3
0.42314088720836496,1672.660321297021,1,2
1.0828680293415898,2394.097598896599,1,2
0.005215372893712846,277.21795016826815,1,1
0.10299844413204569,484.30829468545704,0,3
0.8832429500045605,2456.5065013983776,0,3
0.10228586834988124,1064.7069995631002,1,2
0.08934137620479987,624.0545445163721,1,2
0.042699817776760136,465.16577149697525,1,2
0.814168284090785,2921.086807979534,0,3
0.3797403827525261,1134.262051288957,1,2
0.24131969474898338,833.7065312791814,0,3
0.3717511331207563,883.7110698720306,1,2
0.024116118374237695,463.17959768022376,1,2
0.04670071072518525,126.51291705316555,1,2
0.18661679979015536,663.0452080366499,1,2
0.9459083303806118,2574.1226111381648,1,2
0.055132151399892096,581.426937594993,1,2
0.020232875308075573,1458.3829548456106,0,3
0.20795083263047023,1564.1631118693058,1,2
0.2657947326631814,1365.104249345543,1,2
0.7776167155703759,1830.3358327408428,0,3
0.3411960990007054,678.3080694056555,1,2
0.003186278021614151,147.18353257479984,1,2
1.0987874459187292,3065.128927147013,1,2
0.7828508531680224,3399.0673525679977,0,3
0.7043446206063106,1730.993234156148,0,3
0.2134155414984969,1716.6854316459142,1,2
0.0196386658233867,245.23183944668412,0,3
0.34964675757688,2243.0617652456285,1,2
0.7646993379700167,4007.173567837902,1,2
0.1711599662303399,589.4523941872803,1,2
0.3624468832155449,1691.6766389132372,0,3
0.06169544053261462,1138.6982662484293,1,2
0.3392826856818297,1062.0308409076508,1,2
0.5281032214931379,1873.0331891843264,0,3
0.282297010881845,748.5856093835467,1,2
0.34656804179775597,1063.6586009178798,0,3
0.004264426983587244,210.72084820921242,1,2
0.23768948042191435,996.8942996096148,0,3
0.11982691221607512,1013.0252182473107,0,3
0.2174711664519689,708.5844193425132,1,2
0.10827576659394393,1317.5830204871763,1,2
0.06000057149526688,749.238805118541,1,2
0.5673257897915803,1572.3845322249658,0,3
0.25374797641838015,1818.2830177553672,0,3
0.42692724005514626,2094.9668197246438,1,2
0.4616421454310618,1790.0623776977448,1,2
0.02625630248674997,307.7846115296215,1,2
0.8423616158599424,2754.6655457163274,1,2
0.22448931330571006,1046.123005499266,1,2
0.24111463994291651,1351.3729003505093,1,2
0.11486164408238393,1069.4275298969417,1,2
0.023664251716570522,1093.1212341663952,0,3
0.3002800208904524,807.5673428098056,1,2
0.050187823425206925,572.9976010600411,1,1
0.027402956007843458,389.57372769211554,1,2
0.12443132356357321,568.5930605961291,1,2
0.029940853471816378,552.6113055361419,1,2
0.10085672842348777,661.3136110511069,1,2
0.3438747147572868,1531.5936902228643,0,3
0.272750545909964,2209.8456066508206,1,2
0.17728287082717606,1420.1027244123345,1,2
0.02420048568497519,1117.8914548505334,1,2
0.6206328940454655,2629.3138642907825,1,2
0.40425951528041226,1068.3464734825857,1,2
0.06283106820217772,511.1780513649189,0,3
0.5421476443670307,1785.0781200239962,0,3
0.0169746569909216,313.2972602003893,1,2
0.6397595222540476,2741.5162185032555,0,3
0.5111433455231911,2545.4768266049646,0,3
0.32239907049444544,2367.3529627122102,1,2
0.16339377963579677,1890.1138697340396,1,2
0.01775787547236394,393.6641283307063,1,2
0.3574407396508705,2616.0233946780345,1,2
1.3659710128203382,3944.3324635644067,1,2
0.9482197199982066,2583.683690816354,1,2
0.534937173966501,1693.1517643690588,0,3
0.013062705160764564,753.0367001897731,0,3
0.2437650971505864,1475.4978730603361,0,3
0.4829541748255462,1285.4596169148565,0,3
0.07562813515191709,325.93562377811793,1,2
0.7372022605078921,3114.6388895652294,1,2
0.060496668173308094,1190.154199819105,1,2
0.07756127113028134,695.0826915839812,1,2
0.108034062048556,340.1135247951917,0,3
0.4021204419193044,1668.15912034781,0,3
0.20648734176133285,761.3317226223015,1,2
0.0015566001209589874,76.91727377991577,0,2
0.30606506771700487,1363.4559411277492,1,1
0.15433792326496332,994.1777998612329,0,3
0.28970235856977555,1131.5400243486838,0,3
0.6730568635131825,5622.451201962683,1,2
0.026944994052292847,1553.3206298429577,0,3
0.11415248894006966,533.2798712692602,0,3
0.1657380597103665,1104.5384326240728,1,2
1.2317456764733699,2894.91109551689,1,2
0.34687915038526385,5367.443631519461,1,2
0.010323617129018128,510.1274723160818,1,2
0.31548555242599513,1949.4032885333243,0,3
0.13512477299300266,378.77440147624486,1,1
0.5352177234796222,2345.77013333124,1,2
0.3288145796754529,3696.519973784073,1,2
0.0018374609537999242,26.5108131902718,0,2
0.9500658313580723,2506.6508452536036,1,2
0.6010444019247847,3112.4506302144755,0,3
0.5915250723392363,2686.909552162028,0,3
0.05685770431356622,202.47476764835335,1,2
0.026475409399327115,1908.3439799150526,1,2
0.6265868991044624,1686.710742066611,1,2
0.30759543172253867,1074.058456713527,1,2
0.41639974454002426,1316.165103382596,0,3
0.16798649593382486,3360.217557808896,1,2
0.027522314783742452,610.1263676416006,1,2
0.4363816835857496,1784.7494348456164,1,2
0.4233629000758214,1896.9455497315428,1,2
0.5074653624485328,2303.324835362934,1,2
1.4175614956048468,5039.298735300305,1,2
0.06354527355718285,1172.8402002348055,1,2
0.4129984131580559,1147.733713250516,0,3
0.7878557739665522,2091.6106628473485,1,2
0.04160088205303216,457.3601480623174,0,3
0.26399487463280136,3639.3507220328597,1,2
0.01839516461333525,977.7766481978867,1,2
0.04173683082121953,166.96142559233508,0,3
0.23784647488237515,1227.0602219403006,1,2
0.4820380866398926,1280.3320404803944,1,2
1.0660869828791868,3725.8406697553964,1,2
0.0010195392014944581,54.19259050397024,0,2
1.0942696666292742,3080.7292698794085,1,2
1.0094553827488277,3353.559474379548,1,2
0.33294569110225714,3089.443973604036,1,2
0.3031919787188647,1658.8532238922216,0,3
0.0891993116740751,971.7246768779665,1,2
0.23219858850573444,601.4370550293864,0,3
0.7583677367700205,2451.0891814886604,1,2
0.49533389974599923,1867.6986821925477,1,2
0.22714327695908926,4065.4009405117167,1,2
0.029649692839103313,1669.9722779148715,0,3
0.2270803135482841,624.2452483158348,1,2
0.4677268270442244,2263.9301822197835,0,3
0.3386672454922783,2560.6103048766345,0,3
0.6360968577537306,5191.8953096565465,1,2
0.034655812730233625,653.1197368885989,1,2
0.5061122009325377,1855.0428895958703,1,2
0.3270911320094061,903.2954573109081,1,2
1.1651192747322898,3232.8106155368696,1,2
0.04196057991635751,471.02038437322034,1,2
0.05733250054915189,1270.9712312616596,1,2
0.5348059562024985,2303.3094943453834,1,2
0.18650519095532397,1445.648980299022,1,2
0.23770546927460928,1209.6259992059775,1,2
0.03709117403888215,121.03675512804699,1,1
0.009785146284386325,480.7382761363154,1,2
0.8943811428290351,2877.754599182947,1,2
0.37205517038789,1550.190334539679,1,2
0.17528152738927041,859.0407371151816,1,1
0.025328090189718218,285.4327584995359,1,2
0.04294047927981916,536.2061157928654,1,2
0.4346552591158853,1758.463344242075,1,2
0.08217801909410166,560.8201619198871,0,3
0.18209270689271814,3268.6956311106064,0,3
0.5478302329759042,2451.776978673975,0,3
0.007466320599364596,146.8853258674223,1,2
0.4947440802561238,2348.857767237496,0,3
0.2973804289236647,1363.3919261368615,1,2
0.2065777812204987,2398.892256024352,0,3
0.5469545587580983,6625.872654623282,1,2
0.06327607191740803,912.9446362098129,1,2
0.32655621784479033,1586.9351945344083,1,2
0.6213318033788717,2458.0763068721085,1,2
0.2877516880081138,2518.067334315688,1,2
0.609992083168928,2136.999258208961,1,2
0.01365155250072507,725.6346723410087,1,2
0.7130438509460644,1746.4420870404,1,2
0.07857380409116954,446.3329753807445,1,2
1.092344712472278,3102.959545753642,1,2
0.3564074010859083,3301.701930835395,1,2
0.0034814861143900398,171.04329198378986,1,2
0.20621514387090575,579.412401441458,1,2
0.17887857666604542,617.5987745664423,1,2
0.3688594051976113,2440.856746294738,0,3
0.16970965193970447,492.34804212969283,1,2
0.002527736502198833,127.32562944017484,0,3
0.24516681098711243,931.1694423678888,0,3
0.6762961537260657,1811.6497950175942,1,2
0.014178702853562068,2307.3211164467994,1,2
0.13305158756632113,742.8820941178965,0,3
0.0020792301167354495,117.10936343241097,0,3
0.5537980065570648,2375.144256109195,1,2
0.3236477028171644,1426.8973067422467,0,3
0.07956287501012789,1259.405842358592,1,1
0.36135491666458824,1359.087528144701,1,2
0.0377569379371409,471.4782269563869,1,2
1.0207686002946326,3299.8685209347655,1,1
0.4112517877193063,1627.7354613989426,0,3
0.262802775757849,1959.109305054678,1,2
0.5350508197478353,3690.7048732849726,1,2
0.025501585306184054,1838.1508691073675,1,2
0.3808111877385584,1826.1932305047314,0,3
0.48096598006839836,1947.4584880388861,0,3
0.26317433889212083,1418.0579468093251,0,3
0.8832352554928318,3500.661591486839,0,3
0.0603498242291722,707.4395648675322,0,3
0.3668138272583575,918.3453020902223,0,3
0.3908997129021077,1896.7254997694565,1,1
0.10387541448446479,1014.5059847382782,0,3
0.12269419028688008,309.53384974464717,0,3
0.0208327329650469,260.14238806569807,1,1
0.15234915826857906,367.5097497706564,0,3
0.6154915930943471,3045.2258257454537,1,1
0.755548838525762,3062.5960949467535,1,2
0.16257675066584276,586.3801545141206,0,3
0.02836769026804155,544.8362444391101,1,2
0.8483494498788349,2741.379071737381,1,2
1.0393036793225083,3378.285243846578,1,2
0.24510973568384936,1463.6997507286942,0,3
0.23684912007763798,1732.349958996497,0,3
0.001605318523698522,115.71114517398377,0,3
0.6015600379527852,1684.5767973593665,0,3
0.22332262383709964,953.3189100696719,1,2
0.13601370263077422,3225.7883525698358,1,1
0.21697606818612117,2858.681664159775,1,2
0.055013647025882996,793.7347001592627,1,2
0.10876288571020468,527.1522258152474,1,2
0.563475799730276,2407.6874751443274,1,2
0.43507730721402327,2027.0420150047216,1,2
0.05000512466206791,448.0059638478981,1,2
0.014389199455834424,276.3622035465546,1,2
0.08693034415732817,304.5578470514545,1,2
0.32953939673260235,1373.4635008648588,1,2
0.12960948900382155,997.8285139023023,1,2
1.2684562458455584,2668.1622237228685,1,2
0.008512015875942653,106.29119765208259,0,3
0.4893869779359038,1136.0872605536567,0,3
0.40112485037594753,1351.0273271409558,1,1
0.4298256894956213,2087.8025477017445,0,3
0.14690347488854108,951.3948694449589,1,2
0.03411222151594119,1675.9126629431032,0,3
0.48302502326377184,1669.8460072653647,1,2
0.5096147491174998,2138.4248912117046,0,3
0.43139116577007136,2924.9978789681422,0,3
0.5932072886107265,2764.079306538933,0,3
0.020732661816178524,1102.0239832019543,1,2
1.1347956939364918,3543.698352391979,1,2
0.4533370528632139,1897.651256320734,0,3
0.6225338129413885,2959.9072467571577,1,2
0.1198277575801037,572.0554758509422,0,3
0.0296456314206255,1456.471812472029,1,1
0.39079538959082344,1856.1776824992835,0,3
0.9602425165312275,3289.4453161368856,1,2
0.08220753227170595,3271.5355714951565,1,2
0.5682083647454335,3160.3261409109923,0,3
0.005977116717820215,276.10056221490817,1,2
0.6168861248007195,1928.7662800416974,1,2
0.3303878386889257,1118.1166805583111,1,2
0.926661096155136,2653.567023882232,0,3
0.22797505330765336,2352.0896507515504,0,3
0.0006782089958848478,41.52730918064996,0,3
0.10523305341054173,452.8428161834557,1,2
0.1499587988881059,1285.6244734898316,0,3
0.3249852577230224,1829.2872972850446,1,2
0.2933794323962689,1708.3325485324347,1,2
0.011710216567827265,589.8600166917583,0,3
0.4562499690756869,1899.498137417285,1,1
0.5565527214130138,1528.7764983173138,1,1
0.12588502932503698,800.9202664237093,1,2
1.0190726456354284,5415.36695947491,1,3
0.032299186118148915,403.32621857397226,1,2
0.03759276103713801,218.68000040283013,1,2
0.4847753171445345,2008.0358839382625,0,3
0.08242799037503155,1100.5564642469071,0,3
1.0641671486674997,5574.8090489348,1,2
0.0006634971293713778,37.370431408482936,0,3
0.944278854897174,3833.7857144487807,1,2
0.2883430086811885,2198.582638530895,1,2
0.394735226062993,1723.8820612013535,1,2
0.0734588469472219,618.9402691287139,1,2
0.0077917083329619085,200.5584399684505,0,3
0.5268658325865815,2255.66508309103,0,3
0.42114858677380573,1372.4455842986943,0,3
0.44567293715955636,1225.9002674594583,1,2
0.1883226125867226,1994.3303802366922,1,2
0.004665374736927686,262.7698883436138,0,3
0.2775630044841293,674.0097183018976,1,2
0.3286062359206811,953.1975895026587,0,3
0.7611710034037605,3537.422709136598,0,3
0.5684894591611129,2846.605105139029,0,3
0.0025595807536938063,156.72528966208375,0,3
0.327329353877695,778.1678096466311,1,2
0.6863676675705417,1965.5811536934364,1,2
0.12189400259352,1152.8188982966155,1,2
0.3164759525908951,865.9552079432306,0,3
0.022234206971743255,572.308109291528,1,2
0.0879837765402464,449.34357432903676,1,2
0.8826619555369538,2440.744422163197,1,2
0.2715996648228675,2628.175640420422,0,3
0.1849393252862121,870.3418996694476,0,3
0.07869737688655136,922.5153307725175,0,3
0.1544576913990583,364.53902432966936,1,2
0.18793937377360878,832.6507876440413,1,2
0.7635966126673458,2122.3182449306405,0,3
0.3063894647598462,936.7671298275195,1,2
0.033496259788045,1071.729815006991,1,2
0.6640351929503422,2327.7085117673496,1,2
0.2650578894755922,1142.7141409970377,0,3
0.05120834434189546,508.62962058446305,0,3
0.03954774259622024,458.8488650843169,1,2
0.06550479350017654,767.867731222025,1,2
0.018989830670850822,362.2417039594399,0,3
0.15888426629759828,705.0811520417495,1,2
0.12303180816691482,839.1293595581317,1,2
1.4242099049099572,7509.637413336229,1,2
0.013437969976911325,258.0926760665504,1,2
0.5793751535955973,1731.995344718511,0,3
1.1121220316084734,3751.8634053501073,1,2
0.1695021162075744,1143.036022609426,1,2
0.1890298885891953,1165.2272264315502,1,2
0.028445632229859012,309.8826915632231,1,2
0.2895518406299601,1440.8321296882912,1,2
0.3294099556103158,1704.037718029406,0,3
0.3045663288002582,1037.6707293076895,0,3
0.04918342394616042,445.28040759563385,0,3
0.007766718124966987,96.9845196908136,0,2
0.5501387020031147,1585.286052739357,0,3
0.20318863202512483,1298.46298215645,1,2
0.3458343892518906,1439.4391757736532,1,2
0.6134379394748467,1878.6523354771825,0,3
0.011503720357649462,531.390603238616,0,3
0.6203011357872342,1601.1753179612615,1,2
1.0020108621472779,2511.7085961511625,1,2
0.8109758200507012,2164.4008131513438,0,3
0.6318144838350558,7274.4226518037985,1,2
0.02120385961943794,678.4282391876194,1,2
0.6747508935975064,1680.139928695787,1,2
0.28802941049028985,2192.1733808819654,1,2
0.30392683526494935,702.7410348432078,0,3
0.24156572641770174,1792.8219702194694,0,3
0.021693904774957074,270.8960079359649,0,3
0.4063123079107116,1580.6359395866273,0,3
0.25413135664566405,1927.7041526939029,1,2
0.3546758724913229,1165.2352436470023,1,2
0.11489806575371592,698.0793022250793,1,2
0.02487037991483157,270.9343988536172,1,2
0.9451348868883075,3080.5108534378896,0,3
1.0099288941878555,3267.004859255418,0,3
0.39960183132567434,1397.183581969541,1,2
0.4508455143716613,1482.6439283664138,1,2
0.011501668320215834,647.8133634895705,0,3
0.41472726082480676,1814.6781458355365,1,2
0.9672663927631993,2689.109876567313,0,3
0.5911597976023857,2501.3367722661587,0,3
0.08237908761638278,1522.888571790277,1,2
0.008558177061815784,189.72130525313713,1,1
0.26769891179519467,759.1251765016771,1,2
0.16838490856299285,814.6866950625869,1,2
0.06322145776574754,787.0582032810927,0,3
0.8951963937854106,2552.1616180496303,0,3
0.017266918360739247,797.6096322337912,0,3
0.3273072885906231,1351.6892229282134,0,3
0.17098415231593028,419.24826604294697,1,2
0.3153814616078212,1442.0958821663182,1,1
0.20720480597677937,973.6105738038849,0,3
0.010336914150786435,510.78452652675486,1,2
0.32566291306110623,1032.4528466938812,1,2
0.16223183941677172,819.6948326282134,1,2
0.3990822643123608,1070.7376890274543,1,2
0.08468882646890609,988.736330675804,1,2
0.05081969477542626,595.7243988334563,1,2
0.3684784109413463,1098.5471850717308,1,2
0.03764312947748567,184.75595443552794,1,2
0.5329388997433276,1473.6118882374974,1,2
0.48330317489450536,3218.4154049239382,1,2
0.02424095393013287,1221.0508155021544,1,2
0.30703046636410086,1333.5344555704198,1,2
0.8252633305118333,2257.6241929313032,1,2
0.786604390873669,1984.5486975502204,1,2
0.24518889114766335,2995.7545922285963,1,2
0.05380307793794547,1192.7294912565808,1,2
0.29833626374044475,1577.9754171006145,0,3
0.05510576234235142,239.21639985685422,0,3
0.514978912273474,2411.2222760888403,0,3
0.18939815043508546,1304.6348235974147,1,2
0.013007189297548558,245.1320971117749,0,3
0.20517320432215155,831.8831405176246,0,3
0.07107997802803515,363.3133632794086,0,3
0.04755923528182964,371.31309309863093,0,3
0.03850720375087031,208.60247749111832,1,2
0.05640667430392914,1250.4471216980742,1,2
0.3527631804687947,3274.59095683422,0,3
0.6786389760688406,2193.7025308750403,1,2
0.8605933130516754,3597.532094644392,0,3
0.6537773547991506,2534.8216610172617,1,2
0.02493031324401167,1796.9736550255323,1,2
0.45573348983544176,2173.4652595413404,1,2
0.15021405269020405,1070.1581028972741,1,2
0.321979797378172,1409.0281402327316,1,2
1.053150249221554,3382.5054006904647,1,2
0.009600759224520092,540.7476508741098,0,3
0.11876081635667708,499.1889243621866,0,3
0.5374505533451711,2282.6374629217626,1,2
0.9424793301746761,2829.1059949169376,1,1
0.32129493748508875,2483.3610703774884,0,3
0.022184324802789368,1358.3649297477236,1,2
0.8339897596907526,2082.3707445092077,1,2
0.519380930285846,2565.620630103421,0,3
0.09806243872028629,422.2255810561234,1,2
0.09390228013129376,1353.8302674303698,1,2
0.05108655188669091,737.0747284737462,1,2
1.0746470869781561,2936.7786647539956,1,2
0.4719417275036379,2067.2250154898743,1,2
0.5109670389370125,2002.6721639443097,1,2
0.7749611463986339,2755.1121185621346,1,2
0.08413162679389757,916.5180350296182,1,2
0.5301329158828436,2480.252825389792,0,3
0.6217562342979364,1500.5260438237967,1,2
1.4380865484266145,3828.530357674499,1,2
0.04340793786612406,493.384050837597,1,2
0.03572047357946839,1650.0335033562328,1,2
0.01576449639930676,355.71554736490873,0,3
0.5589765547670333,2795.583247266094,0,3
0.31816044341665145,1130.812947599558,0,3
0.0334009864727591,314.1606442551995,1,2
0.023249810685084676,253.2801470261128,0,3
0.7402755426906845,1678.1017330836733,1,1
0.5463847339768946,1652.316682033713,1,2
0.6255782494509414,3267.4736656528926,0,3
0.051800437093516026,605.3016290677964,0,3
0.008127067573430563,401.58796929060793,1,1
1.4180453548230152,3800.6461182689877,0,3
0.11814062869981592,624.4414783892618,1,2
0.5942976841362404,3020.0464980614825,0,3
0.05333012344892755,920.5582526847661,1,2
0.003726096336606581,95.90965633051341,1,1
0.5613453481984003,2375.9152990781395,1,2
0.6190616438767057,1858.2194686760306,1,2
0.6809947893843726,3504.970118995416,0,3
0.6858003699024576,2775.786744071477,0,3
0.030485579813302566,784.6983058932653,1,2
0.496096466046452,2291.6143546747844,1,2
0.46765057231180945,1476.4402988910458,1,2
0.20318842917591665,877.887818773067,1,2
0.13694715375900132,1618.1437603578654,1,2
0.026211153744051863,838.6391534752318,1,2
0.598593394339403,2580.797416654543,0,3
0.4550570759187978,2211.53074639299,1,2
1.0290274285094878,3273.705208362514,1,2
0.6921058688337384,4395.0511926560985,1,2
0.058325892722229496,1120.220223926318,1,2
0.12581371389157642,373.747467318367,1,2
0.22409809029380012,979.0720476032067,0,3
0.574076729992113,2494.9464891186353,0,3
0.06447581579836542,707.6850140376957,1,2
0.030566217811642163,1501.699661069252,1,2
0.20948999372427274,858.7685597155182,0,3
0.5865908007453428,2499.0026161976884,1,2
0.6320843603329449,3343.1268873733616,1,2
0.4834863739637763,3107.7798486577926,1,2
0.0028007775851749722,161.4587701971983,0,3
0.2320497511455871,1102.4399788447388,1,2
0.46604266149473833,1986.7707664509105,0,3
0.6114352697005246,3081.4647079300416,1,2
0.42967155261427964,2172.577295345493,1,2
0.0029677851130273237,167.15582493413686,1,2
0.2437241418025828,2333.0124601134967,0,3
0.07322974096852729,698.6828240543882,0,3
0.38047291645700604,2697.3329842129638,1,2
0.3112537594835981,2340.680444997204,1,2
0.002870493173326712,141.025580987795,1,2
0.8702944337659452,2478.572361376749,1,2
0.25112268723265463,1197.8068566281158,1,2
0.2813400460182827,1904.7882360568076,0,3
0.26831589745007656,879.2901707606208,1,2
0.020563969077680933,394.95621875383557,1,2
0.26695817037976477,1278.8338725335302,1,2
1.3634011649054865,3610.15634336354,1,2
0.19716795143701066,1768.4553417426193,0,3
0.11174808129773806,1413.624753813891,1,2
0.024532344172827913,1205.259124847893,0,3
0.04065599447104633,519.1740485839063,0,3
0.7273077098158619,1662.5722255333194,1,2
0.2737894001702329,1911.0221084465943,0,3
1.3674341785013924,4015.5971597154085,1,2
0.044265418039710736,1416.2944933881279,0,3
0.20448953063680975,911.9815807791433,1,1
0.8824772044143289,2452.1969669826517,0,3
0.10726781669742905,1008.8645260642153,1,2
0.023434367329559544,167.55358419206954,1,2
0.027655218687380287,301.2720382997592,1,2
0.6009638244972244,3045.7469155180893,0,3
0.6171062492313099,2199.1887446753003,1,2
0.26277951968126545,1141.1812920597106,1,2
0.12822983927757234,542.9711286500724,1,2
0.050110259561019825,722.9888218255333,0,3
0.6453129343404378,2640.573139784111,0,3
0.5626025089492026,2618.5481534241185,1,2
0.11131990411375073,3796.06316351795,1,2
0.37815702299244475,1154.7377007165485,1,2
0.04103601400259364,757.3920794648933,1,2
1.1757734821915302,3907.1811869893836,1,1
0.5347067486153979,1401.617110345367,1,2
0.512630987604955,2597.6846802533605,0,3
0.45147510176054567,4341.122613797995,1,2
0.014953285499433117,753.2179429136544,0,3
0.711674706670053,1960.566636070538,0,3
0.26746330105459076,2304.6655895714966,1,2
0.30806913625165927,2578.3996414449807,0,3
0.684226704760365,1969.3268562069404,0,3
0.029789203261370155,953.1206619047196,1,2
0.05608350712303124,194.66617010934604,1,1
0.7869314084402376,2152.775166004833,1,2
0.16545562550547283,2067.5109965618385,0,3
0.1497023684611922,645.1542763429098,1,2
0.02491064213194487,1150.6956652291417,1,2
0.8247793006884944,2057.558666441292,1,2
0.4428875286211697,1749.2693119326752,1,1
0.0351828072987726,1361.0861386548438,1,2
0.5194540519206854,3717.1814980094828,1,2
0.06374852442371493,1176.5915537762592,1,2
0.027705408019807122,335.50909768788466,0,3
0.14387563783883978,742.620460648045,1,2
0.5735485018423379,2624.355538178752,1,2
1.2421359482104282,2642.451611747064,0,3
0.012503788499514586,614.3035120508381,1,2
0.4494865407304487,2105.7264205690785,1,2
0.1818092931954883,750.8231249889159,1,2
0.10341039442037692,708.9367251349679,1,2
0.03704389070422339,466.58913894014063,0,3
0.009059548539200964,447.66524551138497,1,2
0.06272909976823235,343.28128480237297,0,3
0.40609820905145394,1106.7239092079303,1,2
0.2719472874487586,1483.8192239144132,1,2
0.6154622494343216,3887.21773484835,0,3
0.031139721401313512,365.02957944975583,0,3
0.19220662285411363,1045.0455980131953,0,3
0.29761958694342966,1026.9958919533167,0,3
0.6617984384603497,6080.375961604105,1,2
0.09579843283943576,1036.6184446876355,1,2
0.059706987915915735,650.4394759451092,1,2
0.6005540633605482,2474.719458320667,1,2
0.5284039385098819,2229.3116018226683,0,3
0.5319507271183601,3352.439226988241,1,2
0.16009213768010044,624.858915433509,0,3
0.015306004821312065,862.0866285505689,0,3
0.07552121873022243,543.9032985598595,1,1
0.054249450424699495,300.44214963298265,0,3
0.052464802077965784,2736.4515496667045,1,2
0.15806059845632556,536.2784073400893,0,3
0.01402205941603376,808.3413980919225,1,2
0.21517042923423801,733.5358519663745,0,3
0.4088374281780699,1725.3465852366617,0,3
0.10400615749525673,929.6397467498458,0,3
0.3185474562138318,1901.369522889753,0,3
0.08996989667763869,980.119320844849,0,3
0.2530529187734719,1915.0520327291767,1,2
0.9665893093751322,2754.9551164988557,1,2
0.6247397033151281,4379.794344416477,1,2
0.1884522251846525,492.1939677268749,0,3
0.01589454651813648,508.55407461289724,0,3
1.0088943814026938,3362.210714889425,1,2
1.374975732317658,4000.7265906172292,1,2
0.2984973942784152,1320.41307305912,1,1
0.20856249863308723,1005.1341011388142,0,3
0.005815051587628971,268.6142982395322,1,2
0.8859033511179225,3853.337375319433,1,1
0.4619350180636937,1342.013998546589,1,2
0.6550797639126867,1588.675196394786,0,3
0.8120211472031487,3223.0899785035563,1,1
0.04210264103898445,525.7438667375354,0,3
0.204099695801955,1215.0323184502474,0,3
0.6367088769052014,1682.6222999713202,1,2
0.38927846708927866,2797.244830063819,0,3
0.25867083369673227,1496.207556058261,1,1
0.00927572224813764,182.48178161400486,0,3
0.6101391270493413,1561.7733350498015,1,2
0.07298397965648952,862.3135761463733,1,2
0.6613656508213618,3052.7144955910258,1,2
0.19219692216955092,1480.2379199718541,0,3
0.06902024958701675,809.0770098926824,0,3
0.2459579007346484,2702.2908128273853,1,2
0.5340975399121671,1474.646299317754,0,3
1.1817768639465522,5444.835261047631,1,2
0.5881193457203377,1629.2201078532548,1,2
0.04857406795733607,529.1590215735843,1,2
0.8376928031387212,2619.8374349387495,1,2
0.20906752665094094,1814.639043100699,1,2
0.46017070224348655,1973.9370836683431,0,3
0.30069601730982193,2101.3032336439987,1,2
0.023305382895598373,1427.00826286779,1,2
0.6626495475836325,2969.4354199910986,1,2
0.1866825938741022,979.2060157550169,1,2
0.6812249182434028,3420.9199813733535,1,2
0.6400995843532185,5533.803585127362,1,2
0.0025676716151004663,136.48202656831714,0,3
0.02097981165739259,261.65781030836047,1,2
0.19180282882694735,1482.2627682669508,1,2
0.6350204059315193,2264.9935692248764,0,3
0.04973646076435095,283.4091848176431,1,2
0.007073413598992189,135.85357370392273,1,2
0.6724066650031506,1724.7844782394454,1,2
0.9379669292605161,3857.9888780865963,1,2
0.8552623024872218,3282.821043389783,1,2
0.11123507579368727,531.8964605920253,1,2
0.021782084612119033,1076.3320284052538,1,2
0.16317651313895867,449.43433996055046,0,3
0.4084327662451021,1533.3392008288686,1,2
0.1535070012777828,1564.3387356407118,0,3
0.19773770215218375,1572.7263054299058,1,2
0.029876901622703993,1476.326380081067,0,3
0.10692903667034394,817.2818501878941,0,3
0.3411887609218832,1067.712816716011,1,2
0.5323729949916861,2167.40362217037,0,3
0.361753214341189,3873.3737338024066,0,3
0.02856624026314336,412.1525726021365,0,3
1.370580100496701,3841.063963740096,0,3
0.4464976600799073,1339.8833720163075,0,3
0.2686554931753816,1478.9998192832588,1,2
0.625540074959733,3631.128831693228,1,2
0.043586762976415123,821.4314691903653,0,3
0.4815657140664445,1525.293083512426,0,3
0.16780727250803748,721.5745960170469,1,2
0.28336561048614634,1664.7096153187065,0,3
0.056490658494970196,251.72518270782518,1,2
0.02349586787975082,1183.5197871416176,1,2
0.23848897695140825,1074.2521784940368,1,2
0.3626755422537972,1149.7672923815223,1,2
0.4794039766999619,2912.0703262537136,0,3
1.3533519963494585,4881.661012233575,0,3
0.00882395340551353,508.68182917230445,0,3
1.2760644346559378,4803.8269595320035,0,3
0.5478338410522938,2421.9526681620223,1,2
0.5922997801259152,2250.965379504714,1,1
0.42980488330643174,4762.514310618134,0,3
0.02594215033658739,830.0322530647851,1,2
0.3697472787940188,1716.147373347071,1,2
0.8687752709809783,1973.0226345521567,0,3
0.050886635383809546,808.4837494609422,1,2
0.3605140285887271,3064.8031927595375,1,2
0.052558571017417274,990.5132031195882,1,2
0.1609899951635029,1405.9726200925845,1,2
0.2517732378040354,1950.4359421122633,0,3
0.22445609683611506,1548.9783846981622,1,2
0.3621961607945826,2616.141701368294,1,2
0.08369275176848702,981.0726816507413,0,3
0.9637153131813433,2731.078678001068,1,2
0.26485651700997476,1186.0430706604561,0,3
0.33498405832324113,1811.6994837635723,1,2
0.6097247120343123,3431.9143635404052,1,2
0.028404215401425875,354.6889617438522,0,3
0.8485347369709623,2530.5231217000814,1,2
0.38386678682396735,1042.1554574321037,0,3
0.4407934188477055,2115.204075384519,1,2
0.21252184832553772,1750.3482263874757,1,2
0.009575217984191973,212.26750053460353,1,2
0.13056971080284124,1934.9424123861568,1,2
0.04256297982981358,246.97921148118456,1,1
1.1340328034097231,3313.150871894759,0,3
0.5723006367248722,2520.288663773344,0,3
0.038721515098230824,743.6941346218692,1,2
0.15727353963720256,1285.435065126768,1,2
1.2085186257754146,3824.6643714091724,1,2
1.355897480908507,3851.7064306536267,1,2
0.5831692726312308,6251.72386802608,1,2
0.029407790558684973,1563.1418086104852,0,3
0.670986267929599,3490.8098734508476,1,2
1.350221280919418,3623.658906837986,1,2
0.7399537416153759,1983.3888734398233,1,2
0.6951277400617307,3444.0766847962414,1,2
0.03337178242431704,656.5248666913235,1,2
0.8298687200605406,2222.26072933285,1,2
0.8421169734698141,2330.38397281818,0,3
0.1562048215555662,411.4623138186329,1,2
0.9001536172372029,2672.903609490572,1,2
0.01643471030225388,947.4255035439967,0,3
0.43896424458259725,2079.05792630472,0,3
0.6777680820121555,2397.5139007766816,0,3
0.3859878749462659,1231.7710539682607,1,2
0.4061991550944447,1261.57739321877,0,3
0.01586334852369086,799.0590926114371,1,2
0.6413980013591528,2971.87713566146,0,3
0.6578724675685383,2582.1601737429387,0,3
0.7849957264206665,2552.5526193266887,1,2
0.20521582903263494,1861.764272659,1,2
0.005008049171192842,288.7032031918306,0,3
0.6725617937942593,1867.2545260977554,0,3
0.23137623334412172,1041.8957632832319,1,2
0.7376708219822857,1680.8363339719524,0,3
0.28765013743463785,1681.2543879661814,1,2
0.012789705827604232,644.2354032700067,1,1
0.14324367304665883,637.0512914066246,1,2
0.36943424268680036,2759.2665085145545,1,2
0.8339185551416107,2850.2946263391136,0,3
0.4344422940895518,2612.0578744427453,0,3
0.002415847160120384,136.06878853596996,1,2
0.6273761745834564,2722.365387946906,1,1
0.3746185630548954,1363.7191082944034,0,3
0.3596147347009622,2306.2598805047683,1,2
0.16308844183390908,3399.6044379442433,1,2
0.05697566710026474,1051.5865157186458,0,3
0.7740270056285372,2225.700134832384,1,2
0.11955723380889856,673.8618725757797,0,3
0.32431149733861303,1330.6992020279026,1,2
0.29079135413223023,1453.571066329073,1,2
0.03233773302447048,1493.7747898066832,0,3
0.38889691559096273,1292.9776700095251,0,3
0.20294656172939643,696.4994500046369,1,2
0.23696565158009142,1037.1939404287189,0,3
0.2711379768694415,1687.9475181753148,1,1
0.041364180416684646,763.4489699504851,0,3
0.05603499663465006,305.424936289044,1,2
0.08056894943947009,328.6730922754391,0,3
0.3568961020680341,1160.6720101786036,1,2
0.31315568426918156,968.5100491406455,1,1
0.07340348561894863,799.6471834380767,1,2
0.18252964089894202,802.3939198499367,1,2
0.7307494665392328,1685.1011552721359,1,2
0.5781140497213452,1362.1091416693175,0,3
0.7035517289751411,3299.3630986764606,1,2
0.006923869307679649,348.76499864402126,0,3
0.49993014729232915,2147.9959793800735,1,2
1.2644042535795366,3430.5279158681,1,2
0.40771774309778336,1889.1052105893075,1,1
0.2080922330031859,2304.868391594117,1,2
0.027336898615420494,703.6513054127987,1,2
0.767998306674968,2280.5442722869793,1,2
0.423455930031699,1508.3659556379662,0,3
0.33543615414568706,989.8237893662541,1,2
0.2666092769882433,1140.4053881074626,0,3
0.008681338906664197,277.76383988318844,0,3
0.9374857708668424,3854.8858391546914,1,2
0.3051148952967681,2317.1891426470797,1,2
0.03783585226806565,417.09517299329866,0,3
0.9986324909061647,3986.293164879831,1,2
0.03563248818605511,671.5260579781399,1,2
0.7976545517457675,2160.238000295564,0,3
0.10154611239713761,280.5973061457485,1,2
0.4587008540100667,2004.43052707874,0,3
0.26818574225700154,1158.9133290911248,1,2
0.0510817602720023,1132.4021650208676,1,2
0.49544042717047715,1906.148850757374,1,2
0.6086107141561521,2011.7380853971767,1,2
0.18668625104497652,1717.758115897193,1,2
0.1446673677773713,377.58388238477124,0,3
0.006589109819491181,304.37031959462036,1,2
0.2913492398425209,1487.3036324036036,0,3
0.31946229047369323,2010.5966377062682,1,2
0.17209211487318293,820.7094829596543,1,2
0.9538289691112181,2202.7174124417497,1,1
0.05771771540808217,720.7323371900683,1,2
0.0863599888045392,437.430998078816,1,2
0.042126955125267984,449.0353087960174,1,2
0.4163282404052768,1948.4793973763456,1,2
0.34477221263201774,983.1600424915672,1,2
0.026104752839595558,481.80929648402775,1,2
0.9426209047034608,2664.5795025937746,0,3
0.3373715793989119,1509.00797431402,0,3
0.42530119496861496,1146.1285288016527,1,2
0.14860857351784926,581.1690784639691,1,2
0.008253716232810548,158.5227317578534,1,1
0.27402309761593124,1227.8971488080456,1,2
0.12566646979363566,1162.6916344529275,1,2
0.1856155249505974,531.1094179463439,0,3
0.2600683738295921,2087.8580826200864,1,2
0.05537174625570584,1043.530002516408,1,2
0.5942395216211763,1797.1263796313424,0,3
0.3374245080912833,1012.4525346282725,0,3
0.09428024565330212,891.2262230309003,1,2
0.8751658537149682,3089.3043521329464,1,1
0.015792273792575848,780.3536891431024,0,3
0.5344471405019438,2261.0967114406417,1,2
0.5312471357103016,2161.285092386201,1,2
0.025595531875032333,233.42508405952373,1,2
0.45676975782433965,6466.884112479931,1,2
0.004609083282514945,232.16598311489685,0,3
0.5371204244860168,2387.688357932614,1,2
1.2052302126140568,3799.5495687565467,0,3
0.6356606687735524,1798.1664457561499,1,2
0.1842867521290703,1460.711429742138,1,2
0.018064988095282238,400.4723314397236,1,2
0.349611016817884,909.3342601991081,1,2
1.365633443935045,3659.9949655365385,0,3
0.11356889593181928,873.5387198409634,0,3
0.4165318157510357,1184.072803855683,1,2
0.06906745197062224,996.5024361114189,1,2
0.5217288421115677,2106.6556973356064,0,3
0.39643406870144626,1728.891166649171,1,2
0.5893551378215851,2288.3768284372413,1,2
0.6242621758936996,2699.2258431967684,1,1
0.023701280725649008,1451.24942111284,1,2
0.24388910457336188,2164.7935122972062,0,3
1.0926527068615393,3456.381163901692,0,3
0.42878931307150076,2576.495026258511,1,2
0.09538727698289436,597.7438696383862,1,2
0.01475817054313623,472.19514913369846,1,2
0.04898002962910096,375.1133659700955,1,2
0.08403403270506077,323.96317204766126,0,3
0.3356150695849804,1300.7288405729255,1,2
1.3588574954540684,7410.0845253228,1,2
0.012186960197641258,239.7547220402218,0,3
0.3641337684298808,987.6920317655209,1,2
0.2681174250709742,1059.4220886408468,0,3
0.21950525115533867,2160.997657561751,1,2
0.41120135768598853,1702.9120830657005,0,3
0.015074852816482562,217.49937383002927,1,2
0.4491646558636086,1805.641570684161,0,3
0.4512529418618231,1879.310504246337,1,2
0.3759432328983655,1385.793153468246,1,2
0.08397797916447437,650.4984313103718,1,2
0.0006344319947301198,14.064358012828015,0,2
0.5159632136592828,2019.5101916386795,1,2
0.4312774776688772,1423.324807073792,1,2
0.10760482767641073,2241.9264990605957,0,3
0.4600845108098878,2301.4119729606255,0,3
0.028012996084714633,1489.002897959205,1,1
0.022575753184250907,351.2872299888004,0,3
0.6963445141654397,2823.927408519428,1,2
0.07196394542587636,289.30707349309137,0,3
0.08216330001761372,539.5350712150992,1,2
0.07091200601772708,1023.1155881683529,1,2
0.5023551262003776,2178.8739119355164,1,2
0.6310272122789492,2505.774178566574,1,2
0.31617345389737755,1282.622608656176,1,2
0.6641859857236603,3669.4463862928897,0,3
0.0546224542623856,1049.0911512768653,0,3
0.2222247879773763,760.5768635716032,1,2
1.1770641552105547,3717.383787447189,1,2
1.2787209241798714,3724.484193305653,1,2
0.7372196611229148,4640.349360888481,0,3
0.061199801534878195,1129.5503735916093,1,2
0.12428357025578089,736.5263226035786,1,2
0.5618830789405608,2038.0174404839338,0,3
0.5821400133109664,3880.1170734354446,0,3
0.7242914625882285,2855.718446608515,0,3
0.014909373664445263,280.98046006583013,1,2
0.22427231984524598,1161.4758924266778,1,2
0.14412726237936613,1147.158025323406,0,3
0.8411924362352231,5106.009507130431,1,2
0.8308453771085346,4653.92157346246,1,1
0.08600879162885043,936.9676030639127,0,3
0.20765573780748942,595.440459566985,1,2
0.31306303825440496,2715.0344912542273,1,2
0.2077792579715541,1668.6182874073377,0,3
0.136160776723162,729.2161279819146,1,2
0.026507563150759455,682.3042246578265,0,3
0.3716582812805083,1306.3179278475457,1,2
0.029120865336879014,147.03791256156484,1,2
0.10310571089382113,2505.43843125356,1,2
0.1303507087094272,1832.259039851204,1,2
0.015208714045642306,931.2423961429085,1,2
0.5609839520851665,1636.569353458921,1,2
0.3644549849249409,1312.3296131162624,1,2
0.028221837465714397,1832.138913505356,1,2
0.5460545472994333,2510.557468210408,1,2
0.030186015078608415,376.9386408356282,1,2
0.39651691889879326,1718.4800276161939,0,3
0.2757837314150808,1273.166129451189,1,2
1.3505010301100968,5502.813039285514,1,2
0.545393722105937,1802.8024441901246,1,2
0.01844074905516974,216.16824330557924,1,2
0.4699352525095274,2086.3979384415575,1,2
0.33118060526100584,1438.3822790007962,0,3
0.18602028951805694,2267.007971371138,0,3
0.5465842439334032,3689.1187052905475,1,2
0.005993180834334521,154.2643727432789,0,3
0.9574640118967768,2682.918945122392,1,2
0.22827106431875557,989.4521104123013,1,2
0.4149968601682011,3126.51303557821,1,2
0.23888335268953856,1582.7671844112265,1,2
0.02880113700775696,553.1611200845895,0,3
0.6048078314113136,2027.2926017723698,1,2
0.6182301420850406,1704.6911340650552,1,2
0.17348353543517014,834.2929650322939,0,3
0.1247521464255822,1580.7290706002173,1,2
0.05289229571065728,1172.5388838743806,1,2
0.3763300609698626,1399.769174935532,0,3
0.5039246677822321,1378.0127124185983,1,2
0.48080396469199327,1426.5361183609225,0,3
0.4150135907780546,1493.1538346260425,1,2
0.050973002236659515,597.5215169701048,1,2
0.009796636782695921,122.30007887830958,0,3
0.3065876690069986,1248.673470612275,1,2
0.13576155132554915,2654.909560319594,0,3
0.21915082544241166,477.8736427154891,1,1
0.008232898111899848,380.3017248394272,1,2
1.334513825584055,3638.7019683638364,1,2
0.5864761016151842,1648.4859416974411,0,3
0.33328916601391867,2390.5635906592747,1,2
0.2683049197498546,2577.3943479161558,1,2
0.02450245769034051,1203.7908201692294,1,1
0.017804057078387857,208.51975559459467,1,2
0.6032142671987576,2409.433387357648,0,3
0.3342416657623581,2852.0520366302494,0,3
0.28812360123951025,1573.147802207163,1,2
0.018333375399525873,900.7075652401187,1,2
0.15165524798094124,1332.0898798868882,1,2
0.6591147766171005,3141.5044557616898,1,2
0.38228411524566397,1792.2010094277878,1,2
0.2647794392013281,1243.7481380454933,1,2
0.0637448911220975,1201.3293943424433,1,2
0.5147228784576826,1373.708443347332,0,3
0.8846817115934997,1991.2069318975205,0,3
0.6035189300988565,3021.197919186294,0,3
0.17725355708081436,1662.0583494815842,1,2
0.024742621225533067,1246.3205000997445,0,3
0.03144365239492962,329.4051234603244,1,2
0.8613982322101075,2774.9318071837265,1,1
0.3263102479619239,3191.876431164153,1,2
0.4776312871199265,2722.3847681049015,1,2
0.06887731185731608,807.401449000929,1,2
0.49895547944999885,2186.2853999824147,1,2
0.49890535835066885,1769.2229047614117,0,3
0.3967201988527279,1758.9786525365116,1,2
1.1565881187123157,2789.462653755477,1,2
0.04413688691204765,868.3073450397255,1,2
0.25168006680074256,959.3894147611314,0,3
0.1296291032589553,1262.863655896539,1,2
0.577860530315928,2063.589900820531,1,2
0.6533270234587168,1741.4460694895367,1,1
0.029358351284845343,1653.5629234687513,0,3
0.8117503748705116,2450.6381015179913,1,2
0.6762670592027276,1864.665944289109,1,2
0.35793812751170706,2817.2557337116486,1,2
0.9879617044454803,5696.272378659562,1,2
0.019288940605649375,210.13098896805224,0,3
0.33695423512475525,3211.376297753422,0,3
0.8688744788852804,2368.752279213858,1,2
0.6587734681417595,3856.0437039691806,1,2
1.1575764886540543,5033.2261317806715,1,2
0.007211009264906493,406.14874607737516,0,3
0.6956591656243785,1871.001842877914,0,3
0.016512994270936,150.2332725394389,0,3
0.29431363716714687,1996.499974530245,0,3
0.5573647743074335,3831.875192445528,1,2
0.015569764871646949,827.5953398314232,0,3
0.634182750413784,3171.5923585921223,1,2
0.059056227140564306,180.1461165913252,1,1
0.5536258066318976,2779.9641847893135,1,1
0.6947333972304807,2020.658901204325,1,2
0.02566353740283343,1185.474107310006,1,2
0.07196704426520698,674.3989503893514,0,3
0.06068076800618224,257.2137457289339,1,2
0.7695995635958923,2434.5810463350263,0,3
0.3004663746828889,3499.556058788664,1,2
0.023184454294871475,1070.957983198681,1,2
0.9662675503054079,2635.4580086201618,1,2
0.46467654989237195,2033.8714292647576,1,2
0.26396709691988673,1356.4304416701711,1,2
0.07296547307602154,1459.7071376579377,0,3
0.002043306056464933,117.79217484443872,0,3
0.9287948766146737,2227.9776536864806,1,2
0.2106438140660504,988.9423507006352,0,3
0.10914132542816186,1382.9462251919251,1,2
0.02030601128340283,304.4595726690622,0,3
0.005736797928944622,81.46132359084862,0,3
0.06211815689578012,278.5081624610468,1,2
0.6018635874264648,1665.8911547057692,0,3
0.8457733700900276,3782.7099718599584,1,2
0.9787745136347221,2169.2976235827864,1,2
0.03148911992983257,1726.6952029933652,1,2
0.3652925013310562,1243.8341505178332,1,2
0.6519933494903601,1699.3540707953468,1,2
0.0651406100222004,322.5737364231224,1,2
0.7301396859506686,2926.8404549649354,0,3
0.031404699291331876,557.8429045085018,0,3
0.668331075682551,2367.613850645186,1,2
0.3409629509884699,4008.2895161251013,1,2
0.01867866793896653,115.63917904834359,1,2
0.5040015099936719,2108.3709844802092,1,2
0.023881424287468218,541.8277278880674,0,3
0.6803646459014916,2990.258521876655,0,3
0.38984477048142474,1478.5895276271415,0,3
0.44170555684370855,2530.7098828536577,1,2
0.23766475723599734,1240.7658779784497,1,2
0.016038850882089697,501.9725098999084,1,1
0.8412706786813188,3094.425087615691,0,3
0.2397549882004847,840.6321966400229,0,3
0.514855503793018,1301.1234035694567,1,1
0.028486410546819895,198.37385837232208,1,2
0.008096181758554893,443.951378641577,1,2
0.08843339649199768,545.5290411666326,1,2
0.061033712774356846,569.9609345617323,1,2
0.9395219951391485,2802.3149701780744,1,2
0.025180010057056335,239.68746178314868,0,3
0.03471758307400009,460.50356844013646,1,2
0.037660051319884306,287.9347440348967,1,2
0.21691427622717904,1361.674624808927,0,3
0.8964445836878405,1972.0063787080828,0,3
0.26079654343808617,2210.746808366542,1,2
0.019037523854976333,431.92810323166276,1,2
0.22729022917832242,506.1922005962027,1,2
0.4691476609849566,2744.702132462778,0,3
1.0856236621533277,2321.5955434628086,1,2
0.15107520424488516,1558.244580787396,1,2
0.019170969757714748,1051.233619457746,1,2
1.454227316708178,3182.069252977796,1,2
0.21135872399068834,1893.6939667652691,1,2
0.8267066782802244,2687.4490768254896,1,2
0.46967775649273774,2286.1534225847568,1,2
0.019412672331670714,374.03418370675166,0,3
0.148528151629452,555.3315559351057,0,3
0.5624260558668069,2492.2921087201003,1,2
1.0041460220851726,3407.5909277712194,1,2
0.43253980981928125,1143.6709823569659,0,3
0.003067928068955819,38.42848672808671,0,2
0.36280850613288745,1437.1567068126421,1,2
0.6650118976850322,2181.527342179465,1,2
0.23525317422211248,1024.8744938432626,1,2
0.6939990215701984,3795.0215650231776,0,3
0.028456366588981173,1560.3952029559223,1,2
0.889121960175191,2035.9803192592292,1,2
0.26380598338069955,1383.0764906516126,1,2
0.03471029655759033,159.75399262056695,1,2
0.08876086076331441,749.4920220501091,1,2
0.019964523716946393,624.8354170025249,1,2
0.9995406822926061,2495.573806561078,1,2
0.2081676332248352,885.798841364382,1,1
0.8424506904962947,2785.0533743607616,1,2
0.2606271812889972,3905.5180773933644,1,2
0.02907508855602758,1594.322612005977,0,3
0.5671139313944268,1714.108810003004,1,2
0.6861302607676607,1628.2412755172165,1,2
0.07804661801244425,528.9372399029768,0,3
1.0550854255788213,3465.470350237724,1,2
0.086048351934457,950.0694539018492,1,2
0.6892832534150364,2262.806925823707,1,2
1.0271583561534992,2517.427671790968,1,2
0.09695660777944146,520.3021713971306,0,3
0.5147090979637465,1888.6030009530882,0,3
0.010216524310150025,181.47652178694372,1,2
0.527287582145521,1924.5448263394708,1,2
0.3108229500420502,1475.8640112426533,1,2
0.4409798591200677,2118.105459664069,1,2
0.13095399741967848,610.4864687185059,1,2
0.03214469135439233,567.8139286492338,1,2
0.21209948888266786,666.9261412306901,0,3
0.6946153611793034,2696.542898894472,1,2
1.0628917372147488,3291.8542227836965,0,3
0.6134803477651828,1716.1518073169502,0,3
0.0837699692559948,1049.2922517775585,1,2
0.231737240071768,974.695642580246,1,2
0.04014225014211507,718.418914414172,0,3
0.8826627391657018,2937.663091396852,0,3
0.11231508119731957,771.5269025706325,0,3
0.014031700709721331,154.92557301682456,1,2
0.21414087977544502,1326.632229063799,0,3
0.03651861048332059,756.6364012539344,0,3
0.570555308892682,1783.5010157312313,0,3
0.28481472658889995,2040.3102944112784,1,2
0.024602615880797297,434.5883375985406,1,1
0.02741639319770989,114.80063644255185,1,2
0.418430402605629,2078.8970550848867,0,3
1.1089300866776608,2663.3218962258957,0,3
0.5745031721350001,2129.0926958656078,0,3
0.057293453665060085,986.1433641883514,0,3
0.6732914723469745,2593.0916048716585,1,2
0.3053652976959526,1038.3976083018445,0,3
0.8929335638194298,3315.4034435697963,1,2
0.37830785493719205,1296.3682400532757,0,3
0.04886609419870489,941.5287778144242,1,2
0.5888228525459032,1760.9313136750918,0,3
0.5900639866684292,3306.8468789226263,1,2
0.22081003795963086,1008.2471364872174,1,2
0.15903575306718593,622.0981644512333,1,1
0.03215539089046048,340.4157571963355,0,3
0.5764769735681878,2536.8460421764007,1,2
0.7137624415760712,3563.9728768920054,1,2
0.29010735145588185,775.0532342198649,1,2
0.2644442205751881,836.4455255524267,1,2
0.038170890095435825,1194.6452802124331,0,3
0.7069895378810993,2594.725367738733,0,3
0.8305277983929416,3842.103352891896,0,3
0.7226258684731873,2176.517592615385,0,3
0.7580640066953698,2860.696907913541,0,3
0.05582452607026751,986.1019697925607,1,2
0.22094614039541202,939.268465990457,0,3
0.6477820139857318,6423.448681657758,1,2
0.2730754513832843,1308.4436814196424,1,2
0.08312221118320938,264.58223141732395,0,3
0.02002834080293592,626.8327186212109,0,3
0.5860815657624234,2337.7070356906975,1,2
0.7571175174086497,3789.840337968837,1,2
0.8484168191198016,2305.3215472803663,1,2
0.26967113468439713,589.2721990677928,1,2
0.025819920701845665,1499.6455314185255,0,3
0.05822464844239255,410.91338731567146,1,2
0.037056984691683476,2978.516331636729,0,3
1.100633229339135,3158.78329756397,1,2
0.544570435931585,1458.8639771855555,0,3
0.04392129719459793,846.2547691963866,1,2
0.19269526860383548,904.9461247793838,1,2
1.0618408762055467,4683.735882575997,1,2
0.08323528505996974,629.6583707927826,0,3
0.6340925433920016,3384.511570646807,1,2
0.030018878321480227,398.61897116151465,0,3
0.6746385656181827,2510.5287905801165,1,2
0.31053493443963937,1180.444386160091,1,2
0.6014645400031569,2661.867449803526,1,2
0.13877695732041467,891.210169316667,0,3
0.024874924633787467,311.5802227648072,0,3
0.7255008080227402,2157.159941550695,1,2
0.5699556989789185,2679.5074000776376,0,3
0.21518602150574645,641.9763587078212,0,3
0.42366973625185844,1599.8444761853893,0,3
0.02234683569907169,964.704735001449,1,2
0.6489421727371067,2315.320175090441,1,2
0.2808391536219389,3538.9956334912717,1,2
0.5969750354705818,2746.394270749062,1,2
0.4397450736759801,1163.2653297855945,1,2
0.00844591785296899,490.5469351820088,0,3
0.5383348191340616,3080.984006824325,1,2
0.1978735387112939,1894.3953870761723,0,3
0.39915257504083473,1577.4597360844045,0,3
0.23241457887037734,956.1228876064024,1,2
0.012707760341811977,140.30779970611263,0,3
0.36323055114254227,1143.2598568634328,0,3
0.749505489281285,3827.5253908110376,1,2
0.11514002774262136,771.6485247958874,1,2
0.8539570909859108,5355.15841136879,1,2
0.007406291029999149,81.7736855630791,0,2
0.8123842405042223,4040.208868081396,1,2
0.5439117039574736,2688.882578078853,1,2
0.08597887947026817,405.94940077188977,0,3
0.7822789885600343,2155.1172612513733,1,2
0.010959987679852382,121.82493027247851,1,2
0.617702734647976,3287.331142443138,1,2
0.7256101369016236,3485.4110329449577,0,3
0.05699060190077558,409.1001067948368,0,3
0.27055787814586724,2269.4353866862903,0,3
0.020303944282157448,349.4744798900157,0,3
0.6386471932036101,3643.1363211353537,1,2
0.02509342248056987,670.1904791008452,0,3
0.8791531146370346,3489.169278115762,1,2
0.7888441615066019,5743.2949317479515,1,2
0.06853336367400344,1179.6063509755015,1,2
0.23853670474667102,1894.3271631603866,0,3
0.8373387510489587,2474.2934851482387,1,2
0.6041559900109479,2660.4815636377175,1,2
1.072713204231577,2341.0824590082457,1,2
0.02501169666459131,441.8144691056097,1,2
0.46471678263909516,2299.393404153964,1,2
0.6836645237307578,2546.547565936205,0,3
0.19018049975137682,724.7503227352414,1,2
0.8374825869628831,2049.0571320120507,0,3
0.027938964374865278,1248.8728685066405,1,2
1.2809738241793567,2924.3033123438786,1,2
0.3425523049630747,1862.2212567282927,1,2
0.3667923258753787,1597.8415929774899,1,2
0.5894396312614841,2076.5134689312245,1,2
0.013349032953399759,177.26104636220737,1,2
0.382591096407806,1495.132819599613,0,3
1.7973134685405405,4208.984015389895,1,2
0.8566073366496529,3385.243709004399,1,2
0.1374034827387149,661.0024241724029,0,3
0.011459888407837045,665.6012092298683,0,3
0.6939603626861214,3092.113545203913,1,2
0.9091468437565832,2533.250541336596,1,2
0.42839632927763016,1803.9065164185336,1,2
0.4750128793329123,1524.15253506561,0,3
0.02453096628106664,556.5646991140256,0,3
0.2764519057190071,1597.7267229162726,1,2
0.4087414601143515,1818.2780790162262,1,2
0.05633730151276478,368.62028094777327,1,2
0.024851181971879584,166.87038526220692,1,2
0.028823725211484092,555.3618969438053,1,2
0.7442037876970997,3169.8109112468,0,3
0.5482835885094077,2798.0164886503458,1,2
0.6404211510967381,1740.7618820961804,0,3
0.47264431120913414,2927.279082036778,1,2
0.029691216673844154,929.2545123912082,0,3
0.45588248736282333,2758.2854498394554,0,3
0.34745544876082296,1359.627664469861,1,2
0.6940614867842736,3062.4155127784416,1,2
0.21357887411565515,830.3407921160183,1,2
0.06910683216189797,981.3024768879179,1,2
0.20613271758907728,755.2742742216942,1,2
0.21770265082031892,1051.501827648448,1,2
0.03026613442905284,158.09553684325286,0,3
0.661353172258756,2587.9398312925755,1,2
0.020161551086885908,1171.0020469487147,0,3
0.8036833327579207,3112.7969565326725,0,3
1.081654222701703,3292.6033219240007,1,2
0.5399750726421513,1560.69830075177,1,2
0.172664506646917,1016.3455768458903,0,3
0.02335849380062788,1044.1256435055457,0,3
0.2784910833743576,2461.2364314628835,0,3
1.075093473107952,2944.1608506858356,1,2
1.1455882840864773,2451.620541318007,1,2
1.4056623891657023,5199.1025319149385,1,2
0.016266468039938763,279.9808440619459,0,3
0.19294562940591722,1132.985605463969,1,2
0.43738964544455555,1697.4609229561022,1,2
0.058878952949332014,244.94037203786866,1,2
0.5152206604976678,3706.222560676125,0,3
0.058533503550825795,1033.9541992291304,0,3
0.3911806450564246,1677.2141118991976,1,2
0.17417633096449084,975.8604902842925,1,2
0.07671263452961033,459.2073052429135,1,2
0.14043461485356976,759.0482309841661,1,2
0.005691426370486852,101.09702971061363,1,2
0.5198456508388758,2049.53010722499,0,3
0.054678821465247024,211.52918415259066,1,2
0.8507147917230763,3342.7711475091546,1,2
0.9398671329792953,2693.6057119111697,1,2
0.06405332251702456,1102.495222641835,1,2
0.7370546371579572,3161.329721049168,1,2
0.3037576320458247,716.902354733296,1,2
0.4102325572689984,1777.211005465081,1,2
0.6250478090259572,3015.4735660836996,1,2
0.016961385811179817,351.05537948797576,1,2
0.8528527339081566,3443.3446852416746,1,2
0.36509954219703805,1366.9135395496078,0,3
0.09378627876743055,355.1484680799014,0,3
0.37902098932314865,3407.557591195371,0,3
0.02322338437510812,329.7671720160046,1,2
0.8995406534538015,2250.7516444630596,0,3
0.39508592693834077,1513.7237956348076,0,3
0.018664676676963164,311.8553715980269,1,2
0.6171935284597495,5938.995278420665,1,3
0.046644470069733796,493.80561573334523,0,3
0.25871901887773135,1372.641504670794,1,2
0.3290161980401892,1780.5339844963676,0,3
0.6231045667707814,2078.8889523582657,1,2
0.3937180559954859,5845.7807028154275,1,2
0.027890764533655403,1246.7183336017072,1,2
1.155580669333755,3000.756298307121,1,2
0.13598854162239124,1233.2400518724842,1,2
0.0590929965302556,416.083089274063,1,2
0.1562364352207962,764.0701389022273,1,2
0.011820618254273507,686.5527415178456,1,2
0.9393690409951098,2802.2107191389587,0,3
0.7011747857915547,2555.569588698922,0,3
0.25885655145761294,1394.9681640073281,1,2
0.2984270982350631,903.2459391540137,0,3
0.012781447029031234,219.99614905551968,1,2
0.11669536040795894,531.5514983293197,1,2
0.4368318598088679,2320.649590135294,1,2
0.07700843351275743,432.5292257298727,1,2
0.3354403162301193,2093.404658463426,1,2
0.035740070049056064,378.365265390349,0,3
0.7780824769471928,2869.999768395189,1,2
0.3783254807879855,1110.956772490195,1,2
0.6076753336983712,3210.484059729139,0,3
0.041548773341537865,153.97737680395406,1,2
0.016460043697656808,283.3126967975658,1,2
0.15437715155274273,605.2599101844395,1,2
0.4687848609789249,1800.4903666351852,0,3
0.48758446105837944,2298.2112511224727,0,3
0.26036249026299063,1340.2194569696749,1,2
0.030437191326613582,432.2017129702137,1,2
0.7856309890878743,3094.6210083418755,1,2
0.2828597794083029,1730.1056164119261,1,2
0.5428453096923674,2305.0080318185665,1,2
0.6260544326261412,3629.2404771062647,1,2
0.05495673117955562,976.1985701279443,1,2
0.6922231675213594,1848.365971520698,1,2
0.3082977417531948,2101.3491998659806,1,2
0.3294779101807824,1460.562025708738,0,3
0.04468848441851321,340.1093360965267,1,2
0.010849906862089599,484.99128758250765,1,2
0.38786069948938107,1506.9381617668282,1,2
0.8498791593380858,2160.781066153649,0,3
0.6392672334919024,1924.4111987861172,1,2
0.9096983853021329,2568.3955059679415,1,2
0.02375861466815376,457.76974398873733,1,2
0.6259757241011616,3347.323001722858,1,2
0.049195050354842965,785.735056826657,1,2
0.8337321718029636,3246.310740997374,1,2
0.3529043000735792,1035.013937125174,0,3
0.0037366546055625483,217.02845048961623,1,2
0.17778640209400962,1674.312403521477,0,3
0.48729700667342835,1688.8714024403578,1,2
0.1720915948208234,597.9979015981844,1,2
0.4550576848461454,2408.4385149987493,0,3
0.03325605483679654,1486.5470330964804,1,2
0.6605149597053623,1945.6087118455937,1,2
0.5080624168552628,2333.498230949052,0,3
0.06776258434547844,259.9156364603778,0,3
0.17828729155484963,816.1348153028681,1,2
0.04311823054171243,571.932066439073,0,3
1.2352173392851913,5077.589740973309,1,2
0.43194804234615913,1384.7493304259037,1,2
0.3413926685004228,1530.8219163913434,1,2
1.3705433693446396,3217.4104280797974,0,3
0.006658932558696548,208.4065195391117,1,2
0.6125218068752066,2842.8021679686804,1,2
1.106287322564516,2423.439889606157,1,2
0.2453576892665174,969.1524682092678,0,3
0.3250761245553866,1220.148779586676,1,2
0.013731567277535503,532.5934607459691,1,2
0.5941560146126089,3277.3049084801205,1,2
0.39955250149172034,1223.3356246881947,1,2
0.2993805283786578,1563.0416515129082,1,2
0.17291724203598993,679.9600851797366,0,3
0.035113931906387306,1569.5942153077117,1,2
0.7862480012669102,3238.416288046036,1,2
0.5000116210954987,2794.7797955548485,1,2
0.5254901775549854,2577.4248635290423,1,2
0.6846629959018798,1958.5372644381573,1,2
0.04484625931611883,1403.5662226695192,1,2
0.36291976157834094,1640.7878113484858,1,2
0.3902818885295366,2311.5938704043247,1,2
0.13522816988006917,1055.2424825778276,0,3
0.10820811174292934,265.9364019934548,1,2
0.0564731109767909,1088.0971771786394,1,2
0.4797150100242173,3409.450257235925,0,3
0.266659541572666,711.9894662330933,1,2
0.9857034950564603,2192.0896255875905,0,3
0.25807424613426694,1798.2704828931398,1,2
0.04793723317957175,532.8427604250307,0,3
0.38160244443102637,2132.497601996523,1,2
1.1067825418123356,3765.2814336718266,1,2
0.42949241520715536,1817.764452442475,1,2
0.13607708921148123,901.5353671751957,1,2
0.03772874883232608,855.9992909051917,0,3
0.4275039840320257,1762.6390354867024,0,3
0.45417937589955054,2096.2666099050693,1,2
0.06960165967159553,430.1330510250808,0,3
0.9062400272090795,2183.420158345081,0,3
0.03264167042188568,432.9680921936741,1,2
0.08616947517389927,1708.1108506250698,1,2
0.2703459887580826,1602.5587120156856,1,2
0.0335820994125888,156.44019352738047,1,2
0.995435046062836,4055.173991455845,0,3
0.09243249875052051,1027.4265851496639,0,3
0.12154096193968457,883.0096945542202,1,2
0.2572330561975627,875.5253876235947,0,3
0.33848004480739374,987.5404327443338,1,2
0.33645851393997656,1992.0655558344795,1,2
0.050894499299047,904.040986003729,1,2
0.3829207183559143,1744.6910364745097,0,3
0.7727590534694276,2368.304824551319,1,2
0.3137911451330353,1331.461543307904,1,2
0.5674162186250885,1582.3808222872271,1,2
0.004833130936368473,64.10797774119541,1,1
0.62944086643354,1791.4611867480942,1,2
0.05218478904791848,384.3404895310877,1,2
0.6717253358557935,1805.6925757838912,1,2
0.3560725347277932,2117.7954769795892,0,3
0.01327006314309513,274.6548604217275,1,2
1.0052341632274184,2605.9896913429934,1,2
0.6717934357131679,2501.5066829970724,1,2
0.3891038914648587,1181.1694783460784,1,2
0.3104554638058144,1071.2808006871762,1,2
0.00703296728333786,314.37392980669,1,2
0.03840704693844458,1124.187197547869,1,1
0.7752885162045765,2684.8031991721564,0,3
0.7379954302448183,2123.77805879236,1,2
0.16465801153769855,511.7730923523117,0,3
0.010173340552334141,210.56097467614003,1,1
0.2958936865002729,2307.16957721093,0,3
0.055792886491917416,496.8207385357067,0,3
0.42691254266032175,2182.02103087044,1,2
1.0352312902022782,2589.3837113731315,1,2
0.03550743491146945,1532.842996123755,0,3
0.9692886502519443,2365.076993136696,1,2
0.11886639724550914,685.0215808896484,1,2
0.248233623796132,1836.1611650289058,1,2
0.5739322590099961,1609.5858980584937,1,2
0.038631071130377885,664.9236869088015,1,2
0.6915501015362268,3284.906234013994,0,3
0.3255807601470013,1552.5996399292667,1,2
0.47641265192596277,3125.614497381784,1,2
0.10529642622749354,182.64192094078894,1,2
0.035332729624411446,1579.3744823951106,1,2
0.15290419216024176,1102.0672598304873,0,3
1.6843933713925068,3830.086055482196,1,2
0.41887787119267444,1425.051764281619,1,2
0.09847831642404972,1127.9111712177428,1,2
0.025707350994201423,1109.776952872148,0,3
0.4118882358374348,1381.2458359520206,1,2
0.6401291276007289,2331.624754742467,0,3
0.20436824461412648,1609.8923540413589,0,3
0.4597289602336252,3219.746623825965,1,2
0.020934363116025333,655.1887584566257,0,3
0.33652085325047265,1180.04393859801,0,3
0.23978616405472708,1496.7185108796111,0,3
0.7522838169935603,2033.1533136670776,1,1
0.0643943116136832,295.2413523551047,1,2
0.02783444204106633,631.5147834820336,1,2
1.276004087971563,2988.6971502349884,0,3
0.2143033032100445,1453.4066456627759,0,3
0.26785992618848614,1013.4551736552677,1,2
0.29332644801597807,2318.8734150583027,1,2
0.014429393694256259,451.60086731201136,1,2
0.5086519629926076,2893.5406999471993,1,1
0.2930511991502924,1327.5620702790875,1,2
0.5918635709206667,2000.9888477948627,1,2
0.471096700458427,1525.5062595054321,1,2
0.007526474379973331,155.7779151469154,0,3
0.24303764142903606,1660.048724137253,0,3
0.7438512879311908,2306.098294241325,1,2
1.3758936971925995,3111.5812232606145,1,2
0.04326384203381512,336.49193436227057,1,2
0.00540912071866355,241.78792088991392,1,2
0.13731824238490753,765.4912904298457,1,2
0.0634259073588578,427.345090942456,1,2
0.9060957576352868,2485.3354467628114,1,2
1.3324170865969014,5551.234717126731,1,2
0.015940850371715765,874.1111193266357,1,2
0.24043072611050448,1462.401407833134,0,3
0.7058047574006239,2202.4313452270903,0,3
0.06597443627525337,1725.5101244371087,0,3
1.1524825606305382,3517.1696707055644,1,2
0.007551492546187627,438.5978633784523,1,2
1.0321444353204807,3748.4387314783185,0,3
0.22038670585731296,1330.109547905574,1,2
0.17568805723666445,1189.5258552360249,1,2
0.9052558320338892,3501.707153762633,1,2
0.0045013907037386855,102.12867825572091,1,2
0.019951381908275424,1363.3130835340385,0,3
0.22192019464479965,882.060987950262,1,2
0.9102646045824392,3206.95089703419,1,2
0.2878814815609656,1058.1522460255742,0,3
0.041775717085732404,947.8179189394058,0,3
0.20344180753138305,1770.0754733136707,1,2
0.8347808572589931,2427.7507438818675,1,2
0.1369722547235576,806.2266295785845,1,2
1.0600387168153902,2646.9660906778267,0,3
0.07970809498325769,885.9894187050994,1,2
0.19120974300136803,982.256066408143,1,2
0.17191710350378514,1013.6330082094216,0,3
1.8170390721307894,6073.648211685872,1,2
0.4453643145032639,1375.0074407680238,1,2
0.03265281287240002,1409.6100053408957,1,2
0.029698521255911933,277.0171468379121,1,2
0.5188304308367333,3074.902491032002,0,3
0.6203749454059375,2058.5113955816514,0,3
0.04204599166589056,379.31699952691423,1,2
0.018205641118468535,1057.40093725265,1,2
0.17727592455615018,839.7490569577011,1,1
0.49443495115780006,1418.1378643204177,1,2
0.08972130770180195,2578.5504602228534,0,3
0.4378884411104053,1839.4165330899384,0,3
0.01150674142608196,630.9682603633948,0,3
0.08271122902974543,1028.2487487831268,0,3
0.5073624926550357,1976.0007782337238,1,2
0.8339798396705068,3132.7855099905705,0,3
0.6766577912379902,2275.9578376029312,0,3
0.057148633535478645,715.8367002046092,1,1
0.6678865191160754,2979.068781005051,0,3
0.42022403277273823,1646.9442637970762,1,2
0.4804048912286834,3212.010493347643,0,3
0.44426898060354386,1553.2005090350642,0,3
0.027644104282317655,475.81439506697524,0,3
0.8192792352006677,3729.8405619218784,1,2
0.6412171929318833,1876.0902962762113,0,3
0.06528763620351934,3080.2859856512287,0,3
1.63391889461108,2978.18686347544,1,2
0.029418297087704312,522.5583643027771,0,3
0.5474286796156798,1488.8420591439667,0,3
0.30792057654910676,1641.8739286945245,1,2
0.5452880584642166,2596.0161619485984,1,2
0.5657435167183125,3018.178278838385,1,2
0.05255595979134755,697.1167023673618,0,3
0.711129870324923,2924.9712534255,0,3
1.0232960143232401,2411.953400487383,0,3
0.5631668170621363,3438.505129904515,1,2
0.48464224589506066,1393.7610366539293,1,2
0.0015929933522699777,21.129901861489767,0,3
0.03756511586477317,459.9598622358944,1,2
0.944194810154397,3674.502665735601,1,2
1.342377085115262,5249.058428798293,1,1
0.7312905843554854,4561.935914792937,1,1
0.014180477898541191,823.6156322666917,0,3
0.4383746386626366,1959.0606405031056,1,2
0.4097165940750323,1308.1178453627122,1,2
0.5988232936695179,4729.330127906749,1,2
0.07502973930903636,574.4474088585464,1,2
0.0366292491979345,1146.396103486983,1,2
0.41399594267085144,1145.667690783508,0,3
0.6117984001571235,1433.4812267926752,0,3
0.3606963733978711,3500.7037236929064,1,2
0.6767967533611362,3831.782196179201,1,1
0.007672119999460255,110.28419270990172,1,2
1.1896755928849518,3370.4782137460493,0,3
0.7259921819145962,1874.1204099692786,0,3
0.10256352210404407,1066.9397879031555,0,3
0.49578086670109134,2593.9477358374966,1,2
0.07898619399607612,1047.6945965728214,1,2
1.3114282284569774,3649.0627648187196,1,2
0.1807147344007737,877.2185218741168,1,2
0.6287209684494345,2950.016703347445,1,2
0.03579771792734879,606.8252514410165,1,2
0.012754753518736516,181.1148164150964,1,2
0.8688590023127697,3342.345630146578,1,2
0.5604819183731495,1525.1767903886666,1,2
0.6981135811773228,2705.8061596801253,1,2
0.46399542492015644,2166.6003835094643,1,2
0.08022240409186981,1004.8558902454579,0,3
0.1917838973678711,1267.7448402872096,0,3
0.03421028760135838,314.6959988949201,1,2
0.12749402119711117,810.9939507393109,1,2
0.5722175569338894,2965.3888705733343,0,3
0.027681753252583385,1607.782535292584,1,2
0.3686295449727358,2023.0674819385893,0,3
0.4689818373692746,1496.2054838706094,0,3
0.3239584454574663,2123.4245937379396,1,2
0.39217465692900916,1887.5322169397361,1,2
0.0905113480791316,958.2060188968032,0,3
0.47327369782216805,1381.486355643696,0,3
0.6818158308763764,2977.0695928724754,0,3
0.9938060030491775,3113.1370349260123,0,3
0.08405967543958091,372.08576368877857,1,2
0.013466472085964987,142.56394231136767,1,2
0.3027742398672942,1186.2707124519463,0,3
0.668703093098291,2756.661706251572,0,3
0.8568924939658304,2191.074528984829,1,2
0.903496114299041,5063.72347593153,1,2
0.0253382618393858,1389.414987390851,1,2
0.15043112505447548,922.4318596188529,0,3
0.3374760641018358,1170.848925784865,1,2
0.21141640438392317,1212.8700397316447,1,2
1.1737481573241386,6159.766738408758,1,2
0.04950781730759453,657.4114791452488,1,2
0.16117257063156684,1534.7691465244652,1,2
0.037156599064916834,478.92050673320506,0,3
0.3691299400035936,2376.9897626447514,1,2
0.6328450662424544,3027.6641856363854,1,2
0.013880698605996548,173.86791025340423,0,3
0.5680016278614054,2412.0166833394005,1,2
0.93256041013317,3579.730879230005,1,2
0.06410355147052453,801.1790246609323,1,2
0.47755026062978795,2317.487589072102,1,2
0.0063697745904854565,247.05849119411383,1,2
0.10049328850421714,1735.6119767179032,1,2
0.6654721031520332,3057.7358609010525,1,2
0.6188616652676658,3085.4781713769644,1,2
0.16047583785623143,876.9833761308281,0,3
0.036229662375902666,481.0916179861858,1,2
0.16794448834959633,636.3518215381083,1,2
0.26580727182056296,984.1239063486546,1,2
0.5118224677356257,1502.2255169921968,1,2
0.24166424844647785,1003.1457207153683,1,2
0.06356825128443351,796.2480364290161,1,2
0.5748357409158827,3544.6593936403033,1,2
0.896700473110373,2008.9306891694623,1,2
0.2197141446047886,1611.2888082650475,1,2
0.5180933754402407,1296.449527599784,1,2
0.03343756633420705,575.5323173194419,0,3
0.4405800050571558,1757.199898714055,0,3
0.9097375821099928,3256.4146442768433,1,2
0.030235610446522017,1523.810014040559,1,2
0.08061506851142382,212.7189494377776,1,2
0.027420744805760514,343.4688506895353,0,3
0.7818208367227402,2319.4461354276327,1,2
0.49539496446552067,2326.186080855011,1,2
0.11463991187680396,1184.8091261189938,1,2
0.5198835115881786,2604.391005696521,1,2
0.01621256963137129,941.6414512365134,1,2
0.6710920884941604,2575.062586393128,1,2
0.3244036037686834,1653.5677495486696,1,2
0.42005896454950203,2932.934998671622,0,3
0.11925458246279258,576.8463257483829,1,2
0.0259983136946601,500.9232049247365,0,3
1.0983960276258986,3232.838282208146,0,3
0.8464388639340864,2513.5802349163464,1,2
0.36049693147827383,2556.7459603740676,0,3
0.4007426131634474,2164.4626113311097,0,3
0.06453524862350321,683.2078515500518,1,2
0.07818143222402513,412.50495135581633,0,3
0.4907404232707217,1558.2320190606958,0,3
1.4656573595605973,3472.7493105822477,0,3
0.5121421645823097,1341.1934794283557,0,3
0.003782864227371583,118.39338521095378,1,2
0.11629678687883754,1110.464872708839,1,2
0.49493137870720344,2110.225729297599,0,3
0.15380730194033085,1072.698558989328,1,2
0.6850843680085965,2867.13548252906,1,2
0.0071207547045909056,94.55609512919261,0,2
1.191042428187483,2740.160289088973,1,2
0.9924396764232448,2744.100700473281,1,2
0.500476463130181,2411.054500314164,1,2
0.01745662146801491,157.33932815447736,0,3
0.06477781211381556,859.2307123042988,0,3
0.395874933512398,2408.5463251003216,0,3
0.12888983461642284,908.4616096157242,1,2
0.4153466990793053,1154.522744634087,0,3
0.8038618772304961,1698.6174434695386,1,2
0.029410832843636315,920.4792593497358,1,2
0.1205793959651286,518.2308713977088,1,2
0.4699724528389567,2080.222435726747,1,1
0.1987949589583789,1056.0035939212692,1,2
0.1513721542382106,940.9391409215219,1,2
0.0024742551228492953,51.210471878388844,0,2
0.7040817598768679,3563.6209896233363,1,2
0.671744894432729,2166.4638127199505,0,3
0.13096515551615817,1356.3546609795594,1,2
0.4534212793024353,2014.9427160556174,0,3
0.04774678340001111,821.8246692985443,1,2
0.14240410197837894,678.0523796777204,1,2
0.039803636325674255,586.6377531711792,1,2
0.5791984518950086,1892.0083964576313,1,2
0.7327693354229028,2546.7493769573334,1,2
0.025597559390897612,270.9907210307215,0,3
0.7745574100177226,2876.5505420404393,1,2
0.722121203720028,3240.1883867836145,0,3
0.5615599152311117,2047.4462831325152,1,2
0.5589087519063367,2536.324524035276,1,2
0.029881991754146534,429.54376852836435,1,2
0.12230871634027551,1419.5571772910175,0,3
0.7673510388400575,2803.742401937165,1,2
1.6339792437525589,3537.0940284689555,1,2
0.178679553976036,1332.2449117272959,1,2
0.0800716116301648,1002.9670825605701,0,3
0.41015948461913027,1405.3565006833974,1,2
0.06206093221820195,1231.046145193643,1,2
0.43553299598211326,1428.7432009286226,0,3
0.8312343521109682,4135.97351301222,1,1
0.02582566517038567,808.2732398172964,0,3
0.6889166719896404,4028.4653731482576,0,3
1.2146294195006813,3706.4975477861976,1,2
0.750887019527177,2249.115922044097,1,2
1.0950239251607767,2855.0153626892406,1,2
0.008503438398144728,94.51933890716295,0,3
0.12527773866995165,891.0888309857099,0,3
0.06986185723490708,678.1360367585858,1,2
0.16305376572900449,1045.3148164921035,1,2
0.22735486963385249,1049.0515024721942,0,3
0.020166311726038545,870.5723115166944,1,2
0.6602163013015556,2541.80610662844,1,2
0.4443328558397546,3626.3880909148697,1,2
0.20746555673938508,944.088383685645,1,2
0.32386346778378095,4017.921820347132,1,2
0.06518414197464835,865.5764992853731,1,2
0.7691373490942218,2217.232841694591,1,2
0.7016925166721801,2380.3281770570115,1,2
0.8102352881063644,2261.9170328852492,1,2
0.47137832046595524,4407.934111184008,0,3
0.0011635287511054158,36.415292580923015,0,3
0.4134837964721743,2712.3207991991667,1,2
0.49712642380172906,3735.8675871810724,1,2
0.5682615925596107,2396.422855428071,1,2
0.9379033585802344,4054.519406547665,1,2
0.017247607132206938,945.7666827354304,0,3
0.8103665113844072,4136.2588348533045,0,3
0.7693843408088593,3580.7332285350944,0,3
1.0342629201540527,2293.8438265228233,0,3
0.8359825696687126,3685.7300018985825,1,2
0.06063991045820664,861.0739701031818,0,3
0.6871364641366106,1891.6105326512215,1,2
0.4042520877581432,3363.1611806511632,0,3
0.24812540496962365,1102.2572215119496,0,3
0.26220200387559495,928.4444881804928,0,3
0.0676301372248363,972.1609004063628,0,3
0.021016473779498654,598.2737587522115,1,2
0.5589968054430389,2086.0965088799644,0,3
0.9097457076960442,2642.1971557235884,0,3
0.18934519367794864,345.0169621704629,1,2
0.03694318428166348,490.56643463088557,1,2
0.2742436509894142,1789.5374331434223,0,3
0.18757544173369442,1391.8369451022138,0,3
0.2657295462479639,1010.0603831389506,0,3
0.6464602903146399,1736.3134332348461,1,2
0.06944800833806894,735.2171965415223,1,2
0.20250537297279939,961.1129104476662,1,2
0.8304892024209252,2962.3201683461994,1,2
0.23054126935512972,605.3885670878536,0,3
0.6859930501281517,3293.5097635691645,1,1
0.01891410092767723,845.4610974064165,1,2
0.20992274364123462,979.4940968136236,0,3
0.8134969005377309,3991.2448213002053,1,2
0.8627320454102975,3046.9375797923985,0,3
0.773159551187811,6314.662467692793,1,3
0.02157650575344928,383.2643174510742,0,3
0.6362227739033492,2812.1511352154525,1,2
0.7097777175992976,2407.0334579222567,1,2
0.10196962189096384,597.135570432469,0,3
0.9107227624277823,1949.283428353753,0,3
0.05029370920935457,559.0359949799191,1,2
0.5840012627052557,1634.0231772164987,1,2
0.053561486400066215,687.4020722548494,0,3
0.3218507837445064,1853.1783230689477,1,2
0.6297986912497121,1663.633730949472,1,2
0.0074002896035825355,429.8158527815395,1,2
0.11520487143273235,862.6587481849299,1,2
0.41068710760690635,2414.3553837296977,1,2
0.7678444053421607,2982.986580619289,0,3
0.19109203144826437,1505.8289879249992,1,1
0.0010323099856088989,18.33696273869894,0,3
0.5476263097946643,3203.724091411733,1,1
0.652762845122784,2502.7255323590875,1,2
0.6857289393367125,1842.9967606898972,0,3
0.8160727797138851,5224.6746120664175,1,2
0.015210812289325755,314.82318367110975,0,3
0.49976056286779236,2022.5444539852003,1,2
0.12367694933889718,825.29262226148,1,2
0.4922453448973346,1893.34460754345,1,2
0.4660483839009204,2274.9190316071185,1,2
0.048635629321370895,859.1150387114219,1,2
0.24555133022418477,1182.2158553411605,1,2
0.672315184383712,2745.2558631134602,0,3
0.8421838067251833,3097.5717806452867,1,2
1.1998340984420295,4244.351988592525,1,2
0.06905161925896187,992.5942354684049,1,2
0.16086261955051,772.1539894006622,1,2
0.8509624956063427,3345.016767693027,0,3
0.0725405380771784,495.36557514270436,1,1
0.8569093612419281,6099.351940243122,1,2
0.05675904270167961,626.6829229297867,1,2
0.25771444515293523,860.9682424289738,1,2
0.4641760496967862,2122.898207506853,1,2
0.23829198504249186,994.3487401619639,1,2
0.460209120035595,2321.3413706216747,0,3
0.015539845601852509,299.41439103853776,1,2
0.6631217951143031,1649.2882713230254,1,2
0.44049524196045425,2205.3985186716677,1,2
0.6570385491588557,3176.4865331954543,0,3
0.7150101417113832,2059.544180780305,1,2
0.016262575557396245,891.7528106801732,1,2
0.7458202679865803,3320.8566975283215,1,2
0.5031893809769883,1825.0801105023238,1,2
0.5638873381375624,2028.1171513472227,1,2
0.3745839004552657,838.983015751077,0,3
0.026602088824317263,457.87907150809144,0,3
0.802028421010074,2918.667427803439,0,3
0.20871142509084278,643.9040432542439,0,3
0.3865689209423306,1687.9590944048502,0,3
0.3812837506958642,1955.176557684446,0,3
0.055016162546549806,729.7495082122291,1,2
0.4282136854540027,1475.950025842182,0,3
0.317646897192053,1546.068094725674,1,2
0.19482956722645947,876.9041098032005,0,3
0.4346946357806289,1780.3488737367563,1,2
0.046591902712935215,618.0078092991009,1,2
0.6930341719569005,2373.3902859783657,0,3
0.5999718898812569,1770.3266339428117,1,2
0.5741858432407161,2336.775602738171,1,2
0.14677013697162394,1347.3838274036088,1,2
0.06244331688649975,828.2653256760316,0,3
0.2053987165019781,926.4748176852897,1,2
0.5811171987874363,2107.997360409983,1,2
0.6796447200192809,1834.3687995139117,1,2
0.437920689160137,1283.2684103464371,0,3
0.07123423252111843,892.2711672164253,1,2
0.7363476589653999,2320.82261007733,1,2
0.23317067077488585,1203.181154369001,1,2
0.8193726698151386,2539.154838270864,0,3
0.11161581654133723,753.5468985948692,0,3
0.027562170672191664,1232.0301743401894,1,2
0.22604303833848552,1367.7054726490526,1,2
1.0380595895858264,2350.2894729264617,1,2
0.36619040056573376,2216.7665942699923,1,2
1.2907400864093872,6425.59720807088,1,2
0.05847131535996312,840.5058590863109,1,2
1.0898393943741194,2812.7362556816074,0,3
0.6484683057957729,2833.566033616228,0,3
0.16679908743981559,1078.1412940310324,1,2
1.080946818465064,4084.1098537511316,1,2
0.01755986454039643,962.8892117238994,0,3
0.855059153416481,1853.0163731865605,1,2
0.13323399421865062,465.4167069321944,1,2
0.5806444505508761,2158.011855658565,1,2
0.2895712311442121,1133.198627990574,0,3
0.0034559499370932206,45.84067027332172,0,2
0.32772079435928464,1704.1518406106568,1,2
0.5355766284488268,1828.0169863324743,0,3
0.8780558146274587,3730.239288426284,1,2
0.4067085790311815,1344.791667415201,1,2
0.0659338179802371,825.8788316533098,1,2
0.8009478742504508,2630.5632202054276,0,3
1.4513701133211352,3118.7916335631107,0,3
0.08187678506260201,689.6198885728509,1,2
0.7512007293402894,1859.3948055568144,1,2
0.045081065891651444,775.9419468668065,1,2
0.26744484255094875,1731.6737060739667,0,3
1.190404773439,3688.769390082248,1,2
0.09404285129015583,964.7739500101229,0,3
0.040201384207678416,282.8679794654444,1,2
0.02587427289979969,1418.8069719502928,1,2
0.4250858040607932,1819.6959346845201,1,1
0.20746941524634552,1311.6867221002942,0,3
0.29056942778439865,1226.0580771928824,0,3
0.2894748816689745,1920.449871032195,0,3
0.028136804370705086,484.2948215662872,0,3
0.36025000088644454,2387.5236213992553,0,3
0.08676050595863573,391.1114500534062,0,3
1.0344799064994268,2465.8631612836257,1,2
0.096790208000706,1058.297170834366,1,2
0.013407552220196742,178.03812036457097,0,3
0.5523100185906058,1406.9214079851095,1,2
0.9729781940608628,2226.098301861027,0,3
0.5382945905288445,2810.0187193476986,0,3
0.13800794392357302,296.7945336201293,1,2
0.014256221000764895,446.18103192373815,1,2
0.2219707620175945,706.9040266739386,1,2
0.37302536012670623,1799.5627600019047,1,2
0.6491578755884869,2763.9738855368837,1,2
1.0158733565128466,3016.018179210145,0,3
0.01761243658420476,551.2214723249766,0,3
1.070890415182455,2359.243774351497,1,2
0.23729397509909417,907.8126806818645,0,3
0.46151435875175106,1381.3806549686635,1,2
0.7242516522792602,2032.9267205404626,1,2
0.01927312459134923,1119.4013918030091,0,3
1.105905836371079,3255.754909682373,1,2
0.6876476628256021,2202.466832881089,0,3
0.8099795630777495,2114.1062507741394,1,2
0.7698799332545674,3428.20056455797,1,2
0.027787416366740182,493.5889661292795,0,3
1.2611155955491318,2652.31825750979,1,2
0.31407694103593625,1213.3722830844977,1,2
0.23605840122882452,1754.1245064586058,1,2
0.7348313365905049,1966.1860495068172,1,2
0.006827713942342759,294.7499170849987,1,2
0.6460689006679642,2484.096663781303,1,2
0.4112576526824383,1212.0258741800724,1,2
0.640196069431076,2551.9902539451514,0,3
0.5485739895857086,3684.917223961858,1,2
0.03688818416208166,1154.500065223976,0,3
0.19170197016480672,870.4625767927794,0,3
0.4866740966258927,2177.073169146367,1,2
0.9103555709103975,2587.783785368588,1,1
0.203613477381377,1578.663681649767,1,1
0.011356286243461279,218.8075491329167,1,2
1.1187453140286854,2436.2277059183552,1,2
0.31221108621259774,1073.1133625746784,1,2
0.325038748803541,2652.1324732344297,1,2
0.7817215462076513,3275.240229464074,1,2
0.024270415962751625,428.72025386170014,1,1
0.6054677823718715,1774.368637306034,0,3
0.9892537147922419,2573.707264724442,1,2
0.29917681930345214,1194.6188575693202,0,3
0.9001773391796902,2610.553943029149,0,3
0.015311501909522763,479.2084607783935,1,2
0.8151836378357133,3098.2296899949265,1,2
0.3895176151655095,1682.2575065883393,1,2
0.18372299027173625,1121.0288815759504,0,3
0.6836627813887902,2946.5293001456093,1,2
0.09478269937783561,1003.4250396063677,0,3
1.0068208890496255,2598.1052234983235,1,2
0.09885099990241779,879.5148756498394,1,2
0.2776583918250354,2018.4538131306176,0,3
0.07073743512449923,196.20291846130607,1,2
0.009682579023477406,219.68077486653158,1,2
0.562654896535027,1546.214769350787,0,3
0.37365077745079706,2566.8132092086676,0,3
0.11769586156572757,850.3305672377699,0,3
0.5843533826856454,2585.550230427821,1,2
0.04650597408327264,660.3750473048364,1,1
0.05547181166360163,364.08112125294343,1,2
0.9917661615994616,3083.253662573691,1,2
0.3209960828701966,1246.714041959885,1,2
0.2354643456895215,1838.2556592800559,1,2
0.005469032290859188,60.38419568925537,0,2
0.5251681170661412,1987.4489892060506,1,2
0.3154941144156717,1351.2219661358106,1,2
0.831107243214545,3794.4188085182677,1,2
0.058141163151645,475.38931263688323,1,2
0.006233497694693687,120.10408366440561,0,3
1.793144948486089,3982.6831694233883,1,2
0.09900679195330575,518.6422538550178,1,2
0.8749938199612957,3842.6595995166176,1,2
0.4929591159437055,1600.2434121187562,0,3
0.0377303082479921,535.7624388101083,1,2
0.22975159427074998,1280.1180533891015,1,2
0.7771937432795696,2613.9214529811907,1,2
0.18231953638700088,1105.231104536287,1,2
0.900137473681704,2712.836008502694,0,3
0.004088517071130831,72.22085024596257,0,2
0.20435079865427563,1389.6169255237398,1,2
0.8046772929296395,2372.3059813225736,1,2
0.19469921142078322,915.526281451783,0,3
1.1501570913823624,2584.653006330015,0,3
0.06096205434232805,865.6483454798747,1,1
0.09810111184837635,670.6478452097797,0,3
0.7595612965726638,3712.932181521317,1,2
0.48916708997801484,2586.3519330557874,1,2
0.18441732303313116,1531.1485999892645,0,3
0.04164274447148405,552.9716260479615,1,1
0.5207255716128393,2144.7456374782932,1,2
0.146423539675374,1291.5717543569606,0,3
0.22151005928050288,1417.6721704221072,1,2
0.5337326868410578,2589.144756576305,1,2
0.02946235846388456,1711.2017781006177,1,2
0.032776242870679075,301.53432035993825,1,2
0.048751441885427585,512.4189433155541,1,2
1.2351288634274233,3399.212754243156,1,2
0.5850287680901951,3341.0590194298597,0,3
0.07316431076725978,1051.712818453214,0,3
0.8586653853812865,3255.050680386021,1,2
0.8627694413471414,2177.636626835895,0,3
1.081915374773253,2942.7634249423295,1,2
0.8054735566267893,5089.324224778278,1,2
0.08398462359145865,1051.9809853775957,0,3
0.7815400746660065,2937.7682898818657,0,3
0.8420833366127537,1810.4287560810023,0,3
0.8173415613155033,3388.3807726713053,1,2
0.45078579190568724,1646.329433193089,1,2
0.009654998515436997,137.09894754474425,1,1
0.37862966327032727,1811.6906072735426,0,3
0.4063156483834341,1367.2520695722155,1,2
0.3112482154025411,1117.1061078331074,1,2
0.6384317620417105,3859.940920950292,0,3
0.07424295677172758,985.8679837200376,1,2
0.7006867908049317,2444.7543908739035,1,2
0.5041775973288356,1741.139901124826,1,2
0.012802114780161909,54.58548738983246,0,3
0.05339311306614629,302.5383561773224,1,2
0.007627375035391605,443.0051904636794,1,2
0.34537821926729956,2313.888933736225,1,2
1.1992787536967182,4263.843342412118,0,3
0.19024340516921862,576.3107368660452,0,3
0.5787990827131605,2319.221072717735,1,2
0.025197298863688204,977.3040711249922,0,3
0.5406546851218008,2803.1976191376984,1,2
0.42559364836891406,2571.5958647158177,0,3
1.1451667785286157,2977.7552877554926,1,2
0.3149234140961287,4596.53257609575,1,2
0.04325148525547328,895.1902125692288,1,2
0.7176903189957455,2203.6969005861415,1,2
0.2371864050291395,883.711868348013,1,2
0.6950176449056025,2609.2440994097956,1,2
0.48499982108150047,1607.0944119844962,0,3
0.009805450294942477,122.82185502815885,1,2
0.36394917805623034,1500.4204668740558,1,2
0.33332206023756805,2527.8317314694227,1,2
1.0000142067606015,3765.7831557858694,0,3
0.42986441898120037,1983.6922306816352,1,2
0.03966034918099338,764.1568393052306,1,2
0.9006851376603467,3379.4474209155974,0,3
0.318494394823365,1696.897331923858,0,3
0.2299517213523997,1021.0554717283704,1,1
0.20288276322481902,692.6313228636611,0,3
0.0869108751589616,959.5926690531043,1,2
0.051527723354449745,730.9875439422509,0,3
0.1269605074812123,676.217419684802,0,3
0.4627052021942454,1680.8446889940335,1,2
0.031111993061073585,150.55514990195476,0,3
0.08778312735606435,975.746842207826,0,3
0.2766748114867668,642.5460726794544,0,3
0.29913413990345966,1705.0047082039869,1,2
0.2134547908848879,1401.3547884731852,1,2
0.5268956128796871,1447.74485552702,0,3
0.018108264109574005,702.3483084846363,1,2
0.6023325152785692,3460.6435715731814,0,3
0.6609580668584372,2174.8558076495074,1,2
0.43724681663686604,1665.5270340164243,0,3
0.796854008664791,4320.697007232938,0,3
0.01916769667680643,272.17726000117494,1,1
0.20182222754513424,895.2745647705447,0,3
0.780572218348122,3312.046640893628,0,3
0.7358935791378571,2279.3696943504206,1,2
0.39708654050921993,2465.6810878218685,0,3
0.0021908914569955134,84.97605842189355,0,3
0.7268047169268305,2434.8645834627073,1,2
0.04219607616000223,397.8870129146018,0,3
0.2584568652481383,1009.4132625219547,1,1
0.40656037793220207,879.8991899875207,1,1
0.04680885347646804,901.8908371392095,1,2
0.06933495321705617,354.6363210277982,1,1
0.3634002004486728,1348.664180209595,1,2
0.792994702491806,3700.241026711934,1,1
0.2967454499920487,1749.9574014725374,1,2
