energy,time_ms,violated,priority
0.052680327742600466,390.9491132981432,0,3
0.010431665944527529,192.63439354277529,1,2
0.031960261462207824,361.5833790449436,1,2
0.004492745214488219,205.7542126994131,1,2
0.030040213482194825,1764.9427192160008,1,1
0.11746258987467884,983.8372556827715,0,3
0.07532189628237834,948.0044373294677,1,1
0.6758438745112376,1559.328377151792,1,2
0.038821003293112735,236.8371860402761,1,2
1.068240592084175,3162.5665484935384,0,3
0.205417337856094,859.5841064892433,0,3
0.00476529642065828,94.33910434023358,0,2
0.08747675782100006,389.83736125028474,0,3
0.3219941026463499,2498.3793429524862,0,3
0.06687113180162847,841.6427732982955,1,2
0.009753912307854079,102.5921914162022,1,2
0.2124958402678384,1217.9539014049635,0,3
0.19289459969782816,734.774186397147,1,2
0.07739688133935656,333.1163970166039,0,3
0.27506592394843427,2111.138209785061,0,3
0.23815791253549806,666.9979095350466,1,2
0.005166431840824956,347.0838458486166,1,2
0.09586352187699365,811.7983373580439,1,2
0.006280530737437759,480.1323386755758,1,2
0.6440041067949943,1973.3654603503005,0,3
0.0012853141048329401,39.74175439759887,0,2
0.0022693422809394563,86.90022629604647,0,2
0.028222879100243372,1292.522943579115,1,2
0.03791429564943474,742.1001607276402,1,2
0.052814296977997235,322.14831633246064,1,2
0.007992229133896817,158.22305091140402,1,2
0.31011322621557363,934.5349081337251,1,2
0.0060775637251563215,464.6159706559461,1,2
0.03862953892624583,487.0906740721331,0,3
0.009368648221302303,185.47217298903914,1,2
0.010543638618336073,132.70266269331003,0,3
0.3279326207115791,2555.2262422047993,0,3
0.03558389025113156,389.8685446826539,1,2
0.0017858070312409193,55.21693426550105,0,2
0.21620555689311408,1218.9254896354482,1,2
0.6376116384756674,1440.6642010023584,0,3
0.5916242293307236,1729.9445717091614,0,3
0.021395095978901258,234.41155179413485,1,1
0.01576823998834761,477.9719356299933,1,2
0.10989118630922828,543.7585288299578,1,2
0.6988131134926583,2100.63019817798,0,3
0.34686670795812985,1248.3611515828225,0,3
0.1284618783576179,667.3206796525114,1,2
0.3024691376371737,991.5743283767997,1,2
0.06092117363511849,279.6974560381,0,3
0.043467067283681854,802.6764075653406,1,2
0.027727700815942613,1169.9404854943275,1,2
0.21414735697945939,1782.984821008507,1,2
0.03293149037140486,165.9708205658843,0,3
0.014608629085300832,1116.7965799067213,1,2
0.6580043902686421,1794.5999279555763,1,2
0.0826346314041305,268.8970040271563,0,3
0.19005520821527552,615.0604057078233,1,2
0.12405292439835855,318.5560179684082,1,2
0.0077705513221934175,594.0410349214197,1,2
0.023350898082082426,722.0069032558391,1,1
0.010671832727282645,815.837421949333,1,2
0.06246102210562812,664.2172204602936,0,3
0.006595989378355656,374.0173970438577,1,2
0.008928457298060034,176.75766422157835,1,2
0.08457206422613889,889.5336689222557,1,2
0.42996616623064104,1156.2064715558854,0,3
0.2846576318622029,794.3921394785764,1,2
0.45832499499622603,1082.728810866079,0,3
0.027293694400037528,906.6995865837819,1,2
0.007818802247164735,85.66531179559952,0,2
0.061328328530876004,468.103030378696,1,2
0.3663222500602659,1196.3386318190294,0,3
0.0161020694489333,202.66129825713446,1,2
0.3409114573119952,1138.6532703244084,1,2
0.0032335577992442014,123.82305959563786,1,2
0.37801311173135144,938.5183542223454,0,3
0.055845702750749855,702.876276707324,1,2
0.4304154933050514,1379.0479433759917,0,3
0.02395774029699888,474.2940547909456,1,2
0.06769059448713767,400.3348993508776,1,2
0.01859814079166917,712.1810830637328,1,2
0.8232079949585573,2346.3175776260855,0,3
0.019543778395063702,212.03897504855513,1,2
0.028699956895919077,869.9622760800797,1,2
0.22152709304776516,1404.7201393217695,1,2
0.16553390699879666,669.9151974082682,1,2
1.4302572824389643,3316.954675846663,0,3
0.018340066423861875,773.8393586385698,1,1
0.00814494396338275,228.84223908855984,1,2
1.2278399502546464,3010.438138612651,0,3
0.0101808298995884,577.2913327127883,1,2
0.2557431646750918,692.0245305682317,1,2
0.3654135750360953,1366.7248163011557,1,2
0.022599095836611367,865.3901876250121,1,2
0.08558349097028582,349.3812913304968,1,2
0.006443723484519821,295.10314721043505,1,2
0.013517548882784204,671.847456053791,1,2
0.3362478220386397,1579.5385273609688,1,2
0.23780419838201486,797.3745405964338,0,3
0.05072824973694508,550.3729045017096,1,2
0.03352780850699903,656.2430253734774,1,2
0.13845006184980196,549.7891202388105,1,2
0.014664307479727627,160.6668685057155,1,2
0.5477411955918954,1495.8759586705498,1,2
0.6489363006128454,1674.398138737065,1,2
0.29558462821050296,2669.7186591245777,0,3
0.8725418752437009,2352.865269405881,1,2
0.003409526274728811,130.56144387068537,1,2
0.1371411678607783,933.6151511542714,1,2
0.4082432334402162,1012.5936727653748,0,3
0.015315337825808987,161.0875739126753,1,2
0.014105075249614693,276.07999648994087,1,2
0.07230813128753395,190.89791671459284,1,2
0.03787528050376098,822.1028615294445,1,2
0.024151073872583615,330.4604582601747,1,2
0.4310639772312018,1236.0830870287825,0,3
0.07768361367582477,586.6390861521351,1,2
0.03240026320198731,286.2865326338864,1,2
0.007355130707207006,494.1218874512499,1,2
0.775628317511817,2465.516693023229,0,3
0.7522854261584254,2365.2588654698357,0,3
0.030514754237112304,229.18742312339901,1,2
0.007044846102303987,130.09232309930698,1,2
0.7211829239832629,2126.5257583678194,0,3
0.1253880192997853,830.9396671219873,1,2
0.008860769375000046,373.8706246599555,1,2
0.016533713005896244,549.2517988741168,1,2
0.002360783742125873,46.207847580070485,0,2
0.5928490545010996,1472.6582230535473,1,2
0.06090018859609887,1192.0052574201616,1,2
0.030458777368701014,333.716159805512,1,1
0.16589964910754582,1038.979427084574,1,2
0.01961217866508319,228.45886619139017,1,2
0.05113674965844302,1109.9500165905397,1,1
0.004337188495452277,80.09187410189759,1,1
0.6822334420239208,1427.8297375166123,0,3
0.18520152219544136,1166.7165138158111,0,3
1.0065156901706993,2211.4587864413143,0,3
0.365364749279261,1129.8042955466365,0,3
0.11252101162480947,635.3438343536302,1,2
0.014255570396308568,432.1194109722113,1,2
0.21224071313195325,741.181776356278,1,2
0.020837846433345523,879.2304971376233,1,2
0.0751700386571818,946.093151108142,1,2
0.25649207823065534,2617.52792058903,0,3
0.006689349826200205,222.22095085528912,1,2
0.5326270276958354,1316.4271530111528,1,2
0.6253611401666991,1423.8585016738082,1,2
0.1802478768118738,421.02602516523626,0,3
0.036452615434149106,416.1369959708525,0,3
0.05982913579242162,395.7277851924417,0,3
0.2601612957808833,842.0401988050166,0,3
0.014529202589815403,152.81895983613367,1,1
1.0102708347711589,2222.5106545458884,0,3
0.03760103474289531,1162.6193801412883,1,2
0.26032502317624917,776.1601662522596,0,3
0.27988153074942385,2168.9310888248297,0,3
0.03222167403232392,1359.558847343812,1,2
0.047693880020639276,517.4517041300167,1,2
0.1480453638338824,1392.7000418033579,1,2
0.503200904592253,1154.6480866162347,0,3
0.06313534956736412,794.6240667896046,1,2
0.019922832940499784,218.28096449407448,1,2
1.2138328454965128,3007.740698028683,0,3
0.02970447728874802,372.02802430666395,1,2
0.3588078288389571,2668.292156752595,0,3
0.04905650002013719,186.07129298643,1,2
0.10629006703004042,1086.4444825554397,0,3
0.08752188985780185,958.9179706300288,1,2
0.16815062292057348,474.2509531850656,0,3
0.6947910048012654,1615.894792854775,0,3
0.0031142013293736824,61.652190800691784,0,3
0.011856804700947058,672.3254052011722,1,2
0.8214448301476978,1971.2249873711385,1,2
0.04813766957599795,515.9998680209715,1,2
0.01865490575152182,1057.8032939498266,1,2
0.5501020881061233,1354.575377013684,1,2
0.8674191127562755,2672.3335134462445,0,3
0.21023903396366686,1850.2093097260188,0,3
0.2929753934948114,966.6648191400386,0,3
0.016955613328931057,213.4040361013832,1,2
0.019486312845125878,892.4144963604521,1,2
0.6102142817590795,2928.880715921114,0,3
0.07559836696640548,461.79058162640854,0,3
0.033427845472922886,420.72421703101116,1,2
0.042288532854753966,917.8948223584239,1,2
0.8827169531728468,2558.099529378617,0,3
0.159483067777164,510.6322861990179,1,2
0.18617879331955353,1153.2600889123714,1,2
0.3066387459751584,1279.1389306168758,1,2
0.07232355855944445,385.62157554373687,1,2
0.21952159574379027,1332.7947529466574,1,2
0.37014797701509833,1456.8753744369048,0,3
0.016256760259009333,540.051397586365,1,2
0.6460552112466933,1882.4141238910083,0,3
0.0657922299184511,828.0636704984825,1,2
0.014817968068665397,625.2282102786564,1,2
0.010935789617910575,214.04726354862638,0,3
0.0007242737059095255,42.553013304058965,0,2
0.05276717858682025,343.13581101263645,1,2
0.04135172306190172,1278.590202709418,1,2
0.005488027941678368,419.5472963213174,1,2
0.02832764610083571,297.9517550929009,1,2
0.1149404451861992,975.7320457254025,1,2
0.0010352993522664206,31.382325213526588,0,2
0.13956174769545637,487.04237587325053,0,3
0.04440742190288501,558.9136106779852,1,2
0.0055802657308664655,277.3496414103284,1,2
0.030628389981757844,928.4175567868941,1,2
0.8436913062654223,2596.3022633122237,0,3
0.02135108604998144,268.72563379582755,1,2
0.026612666841181687,1509.038266949959,1,2
0.14728750087115353,1380.7039707549986,0,3
0.008855949945487697,97.02863550507729,0,3
1.202741926791266,2913.8257221202475,0,3
0.27208912872779933,936.4402987765498,1,2
0.36630911434890606,931.8659598411391,0,3
0.03257617005272107,637.6165142441638,1,1
1.199824848420635,3676.4065881421575,0,3
0.014567979797136007,441.5892646865665,1,2
0.009472437488688945,724.1463746514294,1,1
0.017782657010171843,352.0452427380043,1,2
0.4618371548257763,1125.1145921537423,1,2
0.11685910341829138,438.2087907552449,1,2
0.02577188475513261,796.8635141017352,1,2
0.05679363348087125,655.0008442275838,1,2
0.37984260727475233,1132.7476093772696,0,3
0.021107513457583847,808.2728248695677,1,2
0.31084163162584644,1788.2469166751455,0,3
0.060220960913479914,1112.0590273710873,1,2
0.0072484043844792964,305.83861968681714,1,2
0.07693646996574556,325.37263536567525,1,2
0.022447134541760984,694.0626454919928,1,2
0.02278460764589367,239.64976874647098,1,2
0.6347291181999848,1933.384525259714,0,3
0.6548202913223277,1965.3518926148342,0,3
0.0022499040459179245,127.57801848711414,1,2
0.8860938829491533,1965.8568597087758,0,3
0.3636396557412168,1897.818257145587,1,2
0.0057276353853351,241.67140896155962,1,2
0.029753765836189248,374.48210191394674,1,2
0.03413346032881177,698.7976373691929,1,2
0.016614748707345715,825.7840788147444,1,2
0.02433813319803071,481.82473544811427,1,2
0.030800947109769425,1179.4647711157372,1,2
0.02047524652279263,378.10228179575967,1,2
0.2088101461649901,628.4215087823285,1,2
0.5064500029173943,1197.9245412595183,0,3
0.03313204395284599,678.2961297339701,1,2
0.7743259350174713,1723.2442306599592,0,3
0.00488036984230716,286.73475391134366,1,2
0.041626627945918954,852.2015928077806,1,2
0.01604987486661191,199.36401639844377,1,2
0.3500310764483701,1889.4896107259126,1,2
0.011999867893351208,917.362700112057,1,1
0.028471379870643312,863.0335761559068,1,2
0.05120834279586676,1013.7772695874337,1,2
1.067383179186602,2438.6879395874853,0,3
0.02634518223503792,1493.8708841055475,1,2
0.23424823336012768,1868.8727912368747,0,3
0.5404380695570532,1238.02581856601,0,3
0.02887935706403291,1105.881067491441,1,2
0.9946861095419398,2544.2336402653277,0,3
0.014159450278798408,437.8084650818948,1,1
0.007787937779780842,126.45784490588579,1,2
0.03829394875821829,260.0510223949254,0,3
0.04336710137182328,848.8284523571712,1,2
0.0046629695749752275,144.17844705456483,1,2
0.8790347703344826,2677.9244957373344,0,3
0.020020870477546433,434.5635118997181,1,2
0.6300538942771432,1666.3762129556978,1,2
0.0071213831200670034,78.02416356260686,0,3
0.026830714972683953,1132.0931334938982,1,1
0.015053027827997941,189.4580179273125,1,2
0.16930634848039197,413.5202052756091,0,3
0.051256424569547265,645.115435641813,1,2
0.391161956951029,1018.9052971439769,0,3
0.01979942530322039,1163.2690811033046,1,2
0.45518780220164634,1422.6693501239617,0,3
0.32675819420184493,1586.22204859789,0,3
0.46241070976918114,1213.9923263851076,0,3
0.38816335868459245,852.0945293586681,0,3
0.004512597740326259,303.15889703678397,1,2
0.019226429612203205,257.0752234705372,1,2
0.2428157126601344,1189.4659042024527,0,3
0.07876920053925393,294.6313898304863,1,2
0.15690050998243768,474.3990077323996,0,3
0.07169670083369782,366.5985593727129,1,2
0.00203430290338819,77.89983209846801,0,3
0.00107849226624101,35.82763394365496,0,3
0.039821653983890724,1524.8959012257908,1,1
0.029371069020584235,637.5144835060281,1,2
0.19690585389313886,757.7842187810364,1,2
0.013965270189290691,639.5673548693342,1,2
0.002218904426698756,48.16248630734921,0,2
0.16808301051405966,544.5388119107655,1,2
0.28737018041618495,1556.0735621342067,1,2
0.028435269503635074,357.88745367012103,1,1
0.03189266658139286,1059.4779578232376,1,2
0.015517963256987293,317.6916713484043,1,2
0.025924820416989385,1288.5120517661646,1,2
0.025229828623089822,1694.9543163246803,1,1
0.025142195408795982,762.1182715642485,1,2
0.0561337268099833,1218.4120308816441,1,1
0.36542368127401015,1515.2083609201886,0,3
0.19513584773266576,1136.5835675977758,0,3
0.14611623115608685,863.3047346890163,0,3
0.034861216401047536,1158.0935154969015,1,2
0.022550478196668132,697.2580186201853,1,2
0.0239989905788513,475.1106912181927,1,2
0.43639501807192677,1379.7820090370096,0,3
0.006472750621557657,119.52782970312558,0,3
0.30897200758291415,2660.4756574498615,0,3
0.5391181458892836,1314.2310757134294,1,2
0.0027027595430034134,153.25662779669148,1,2
0.005758861456598388,124.99911339669261,1,2
0.02306102135761043,1354.8965544776631,1,2
0.3697969583386132,956.5380672586748,1,2
0.20812249696008767,584.4622414652631,0,3
0.07158067823392665,878.3926775324696,1,2
0.0346034864437499,638.9987621348544,1,2
0.21916367745830764,1803.908430565652,0,3
0.30484238219677434,3120.7865331798553,0,3
0.030788844816602934,1745.8432595541667,1,1
0.0025195791054752606,49.315964522397,0,2
0.13871520093375153,927.9600022412889,1,2
0.06298913520038536,662.5232226473335,1,2
0.006566851110775616,326.3847796161909,0,3
0.2320099211271061,2183.993082218383,0,3
0.1991161731446907,572.0567641623607,1,2
0.005995347374851336,458.3307170365351,1,2
0.004165270196798396,76.91717723409101,0,2
0.3757564569442189,1295.7353373272688,1,2
0.054768048481740286,630.865372781575,1,2
0.9553028261636599,2248.713679689325,0,3
0.050788616490900045,639.2275842165975,1,2
0.08159788807631814,885.2910734087775,1,2
0.004545037963047961,93.04833907068944,0,2
0.011703823583882084,127.64566639542083,1,2
0.08469222142788628,927.9152133452051,1,2
0.009630128355531238,441.0309027978865,1,2
0.02107510331829333,638.835274836679,1,2
0.015104831226299254,1154.730108834978,1,2
0.039174870522691495,775.549277844253,1,2
0.846332187535155,1943.466749106001,0,3
0.5499408369033202,1295.3897058225882,0,3
0.018670330676652313,1096.9317582461158,1,2
0.03158647921421995,1049.3063791734646,1,2
0.25757160207685353,642.4186702287014,1,2
0.012514231880581133,287.8067510041626,1,2
0.009915134630646473,108.6334035289972,1,2
1.042211202986021,2320.737954640364,0,3
0.12336873388325068,695.7058647491763,0,3
0.05665128736988359,1046.140323506044,1,2
0.11329603244106382,436.6162130032693,1,2
0.4750179548717675,1550.5238886424738,0,3
0.9489413517915495,1985.7253662855187,0,3
0.19575128777692197,545.8622232057082,0,3
0.8706817146833592,2246.9864438061254,0,3
0.028434164537810235,582.1187423771627,1,2
0.039538276186099314,1222.5186478418243,1,1
0.43168908054079935,1072.9907093275729,0,3
0.042801048580598446,1323.4031698974693,1,2
1.1768783049760103,2842.6751495111157,0,3
0.7772458312288649,1699.2158545296393,0,3
0.09154337550441911,345.6525415445728,1,2
0.047526310343658125,499.88437195157815,1,2
0.9060849396223979,2262.303715568208,0,3
0.16150978238517064,711.6270398281798,0,3
0.0012094233780150952,81.24975422760575,0,2
0.730454365594656,2211.124820424784,0,3
0.06129656955432877,448.50600253286046,1,2
0.04855011924357424,257.47935782154644,1,2
0.01052898644953949,707.343331410448,1,2
0.009061894551974575,692.7612977252992,1,2
0.00374860488819,39.42803442299033,0,2
0.18218940133125708,1922.6075072948013,0,3
0.019969407155812507,368.76129443991016,1,2
1.0835767992512175,3387.543934318457,0,3
0.21949090936353968,1165.8687755576304,1,2
0.35342315648961087,822.7412902735529,0,3
0.00703517748924136,472.6272472809027,1,2
0.10742622580229662,1114.5832177721304,0,3
0.07695672011281847,840.8522358797295,0,3
0.04970896771439002,473.4533149864832,1,2
0.13527720778789412,463.0807608372051,1,2
0.18109871186659984,1623.3314963673943,0,3
0.4132507376542967,1238.8743198953766,0,3
0.029334758533948006,600.5561627461353,1,2
0.002014871544829084,135.36022272550787,1,2
0.2179328774361343,1962.144280261813,0,3
0.07078126752246906,775.5023288635814,1,2
0.5761364150190533,1343.1804710505612,1,2
0.05985891611175339,1185.0336336432786,1,2
0.29645391572634133,1449.2064857514938,0,3
0.08818053119868262,956.7090394009176,1,2
0.2634573170561265,1114.7204032865789,0,3
0.4023911981896007,1015.1901620189923,0,3
0.10255084123241581,338.77609675710073,0,3
0.21715049001433193,1196.3056372172402,0,3
0.07991031091016382,766.404437205118,1,2
0.5333392206634239,2538.2393299488826,0,3
0.043300668095140354,374.7116359865746,1,2
0.5809810872621219,1543.2409639095285,1,2
0.31437815013305404,846.6931174989551,1,2
0.028459842493878517,1672.091705652389,1,2
0.2521224047067914,2186.696207257185,0,3
0.1416034287586906,1388.8357954561004,0,3
0.008326956274472974,164.84968141930426,1,1
0.6674416650010428,1723.0976546132542,1,2
0.0816505094018328,929.0130505796745,1,2
0.07184527876476517,760.3310281428454,1,2
0.4258355739077616,1353.0073625063287,0,3
0.051581065654646326,542.532513526093,1,2
0.41214204146353434,937.490270147122,0,3
0.6317142660760863,1472.8200320497451,0,3
0.12833088737246176,1377.464928457701,0,3
0.47267427616144525,1245.2141765396382,0,3
0.4431657784339236,1239.7149237041165,1,2
0.00601671027834478,230.39868826198423,1,2
0.12251334216067616,677.5169463403998,1,2
0.67257299544742,2161.9261075818563,0,3
0.08459932043815703,889.8203512741562,1,2
0.22693827689546336,711.3345205108689,0,3
0.015789681832031378,342.72333944730786,1,2
0.19687715464693697,642.9802545522953,0,3
1.1309145894895705,2416.781661122968,0,3
0.027349773331042253,1359.3348761261434,1,2
0.07935446913180387,834.6547139188124,1,1
0.453208029538486,1386.8004115201313,0,3
0.1168091658209582,1126.3950047203205,1,2
0.5222226332362742,1560.3926276340467,0,3
0.17627240820955062,1585.9229018545768,0,3
0.216009384798282,1080.6515114567735,0,3
0.004623013884686242,271.6144045197151,1,2
0.02244594854916795,264.83429127920886,1,2
0.01071974083678732,324.9402140630438,1,2
0.03140413123918015,951.9320739829911,1,2
0.3256015479987817,1741.206906988298,0,3
0.34461742704607057,857.8803791009485,1,2
0.0027658095620472505,105.9115140331215,0,3
0.48747732549416656,2467.543358023259,1,2
0.09819520556965669,254.76571584937346,0,3
0.1401281496645192,1163.1130704824184,1,2
0.007936323965371396,240.5683912927801,1,2
0.19123476280877255,680.5531664464074,1,2
0.4249667416422107,1120.5498207396513,0,3
0.026929064034301085,1526.9791773751367,1,2
0.19944379040107246,1034.6751629672513,1,2
0.02155244079502026,233.8318294237836,1,2
0.009027927313525953,113.62585882098644,1,2
0.7597788816760763,1671.8249764144234,0,3
0.03191973097402232,343.87431238007,1,2
0.004030014431885414,44.1541340904764,0,2
0.9245141005653847,2104.5842985747654,0,3
0.6703933847415362,1539.1041166465711,0,3
0.06830956933054155,859.7470062974037,1,2
0.3408987020225179,2601.745319193725,0,3
0.00393586897959482,43.122646239823055,0,2
0.005485986230106329,368.55169247985657,1,2
0.22813106906183916,1115.0586795091215,0,3
0.08045830442135937,277.9330949858033,1,2
0.6248011836357434,1791.2692246665335,0,3
0.0035700964297481655,177.4404683121069,1,2
0.355283398295551,1443.1306983487955,0,3
0.26452305964402206,2262.3937876830264,0,3
0.01472166774698324,455.19216020717744,1,2
0.0052862855437311685,404.124547291683,1,2
0.053312023555497225,984.4764374897259,1,2
0.06241191372828846,683.8049972721408,1,2
0.10116128792162794,336.06508004609134,0,3
0.12578590039020732,515.8760939383425,1,2
0.002480314209747096,26.088082622375275,0,2
1.227342559615557,3839.1281389912015,0,3
0.21961782136629623,568.918706736073,0,3
0.009953154954974846,455.82454910463787,1,2
0.1670634681428741,986.220848796924,1,2
0.5373583586424421,1394.107750590754,0,3
0.2291258487788828,739.9790649321532,1,2
0.19341272902309561,1002.5084513446743,1,2
0.008772508825177707,589.3421600423992,1,2
0.046765996854782076,915.3553610335764,1,2
0.13821086407023697,362.4489860154221,1,2
0.048688398092336396,418.1982953158414,0,3
0.10151807619370712,917.3126671451761,0,3
0.030114123298434405,556.0967835352793,1,2
0.7423790745412968,2239.69664936433,0,3
0.33144196222314787,831.9779208986487,0,3
0.11459310976359814,500.4658165000011,1,2
0.023893984612834908,738.7990721433148,1,2
0.04502458515311944,881.2705420606543,1,2
0.0010922543958540596,33.77237188677064,0,2
0.10380015807027457,783.5234380150697,0,3
0.0029280669757807236,57.311336954259524,0,2
0.010932344774737443,461.2785184840755,1,2
0.046043252339589176,1423.6517122672185,1,2
0.017443343913942862,189.2504453420375,0,3
0.5125861161354219,1594.7344846284502,0,3
0.012878801823490155,254.96307506419313,1,2
0.03903464833131715,361.6345880045877,0,3
0.030044211235783224,928.9633246164911,1,2
0.004340328307912246,198.7739769821754,0,3
0.5976859561666708,1765.163299275177,0,3
0.00457063483438007,307.05786220785217,1,2
0.10485205418124066,577.4644509459707,0,3
0.029559216305903302,981.9604781779286,1,1
0.005107231640639963,233.89584210221253,1,2
0.48129359935239713,2087.7659296809857,0,3
0.020425040753893443,1200.0256585939708,1,2
0.03434998676703578,672.3355996510412,1,2
0.01203462886226505,920.0200973921537,1,2
0.0011452031876659848,23.44518469969367,0,2
0.021855883837215432,101.9701909029305,1,2
0.013014932595164643,737.9956110781759,1,2
0.02317311399379644,251.4152197493698,1,2
0.05284507414751355,1046.1798225725024,1,2
0.005713629737705804,189.80742017333978,1,2
0.03469099346861829,364.8817961470596,1,2
0.0839115925742694,780.5930394535413,0,3
0.12783371402152444,770.5841556587334,1,2
0.7874759573269796,2266.827622509039,0,3
0.04939197727556073,621.6494264850618,1,2
0.018595458951399236,203.73782821167254,1,2
0.02093820184767891,958.906644119885,1,1
0.016154131417666435,618.5923065030747,1,2
0.01197092976162698,397.6756281801026,1,2
0.07244661966615754,793.7484624948898,1,2
0.03786803564595907,699.2829448437551,1,2
0.00939869034414651,359.90530148439444,1,2
0.004614211935648419,352.7460433561147,1,1
0.009194511824337614,421.08097638640106,1,2
0.004970739620273741,153.6946590880282,1,1
0.19742095112901742,1951.099424915041,0,3
0.051378566560424416,1115.1987794892157,1,2
0.36014756005081733,997.2475062421325,0,3
0.05248140594434242,265.91135091659373,0,3
0.07037206999574998,607.7999452633012,0,3
0.014483992151415988,663.3232599633521,1,2
0.4485910875899918,1257.5026452535058,1,2
0.10615959488008887,602.4849528249508,0,3
0.08322934195758162,1047.5278688683015,1,1
0.017602122261381515,742.702599141238,1,1
0.10521531691115053,1183.7612502722698,0,3
0.010079917475315553,218.78990439726786,1,2
0.005033138594291119,212.36786452843907,1,2
0.34034900561679476,2031.815617351545,0,3
0.007380290670001373,311.4034195213935,1,2
1.1116210747838604,3338.792325871445,0,3
1.2250243851561182,3029.2433894785167,0,3
0.01324994962004251,606.8078251103957,1,1
0.2905289295810538,1271.3936406621538,0,3
0.011609632010270383,682.0968666367364,1,1
0.1015277725944302,453.1854489104453,1,2
0.0047821536533202555,321.2678174359452,1,2
0.1744971419438748,522.5953640345981,0,3
0.022060699169497575,451.637903390209,1,2
0.005424940833728873,269.6297035792462,1,2
0.0019248282805344157,109.14500038527328,1,2
0.06897205071357174,494.92687349540097,1,2
0.21904446283685167,906.2827739679065,1,2
0.13746557192532816,1240.5053149785138,0,3
0.015388274344988358,1176.3986927727133,1,2
0.015151085553028671,299.9477293077872,1,2
0.014534971057978449,182.9377344372917,1,2
0.01313920631282715,503.1413778015197,1,2
0.0852851254068081,343.876041937491,1,2
0.0017820296205005293,59.199223692695185,0,2
0.0033031342168010815,64.65256418998241,0,2
0.016156824576071437,739.9339516631796,1,2
0.04257088962552137,447.76298159895686,1,2
0.03790839565308404,1599.5039440551066,1,2
0.1821868954660311,801.63891647216,0,3
0.0565896148779442,172.57879628395733,0,3
0.04777615425840847,1037.0065279070236,1,2
0.013170269054650302,1006.8372159222288,1,2
0.023608586877024655,1586.0383686046048,1,2
0.012510563443580378,229.30350352144734,1,2
0.10715624588221508,414.3196922841149,1,2
0.024264836713899753,750.2657736001296,1,2
0.3862400803990241,1689.2292495497993,0,3
0.00863652491516982,176.81135014332526,1,2
0.034660139408450745,222.71528062592722,0,3
1.0230272686211799,2349.6859379088232,0,3
0.7499639988225686,1850.296275186055,0,3
0.18397978106441004,1647.942044791487,0,3
0.0030912564964305275,153.64122823936378,1,2
0.0028240321746978597,165.91942758725534,1,1
0.9641130163354218,2317.3275285044638,0,3
0.059235680192291286,1159.4256741036368,1,2
0.3091358710300773,1663.018884930379,1,2
0.12967915044055237,396.5770745229557,0,3
0.028215797595679774,1292.1986319774885,1,2
0.021625662106646588,428.125642942426,1,2
0.06502879032288393,191.02727469123846,1,2
0.027381180776571555,1552.6158965091668,1,2
0.006370508817864695,374.2843958967144,1,2
0.0012752313423880647,63.381382282600306,0,2
0.02346175082169262,1166.0928871651683,1,2
0.07925122974249757,970.1436707228651,1,2
0.4873306770961314,1549.051282488679,0,3
0.029027972766775732,1329.393811077333,1,2
0.1269893969138379,645.0768501576156,1,2
0.03028458440749149,599.5472927839984,1,2
0.046489189489280505,1409.1951861768616,1,2
0.01595575997747429,493.3501405356785,1,2
0.011549885793638994,244.7357398912649,1,2
0.6887795959070169,2068.2483518878894,0,3
0.29171878424201325,2935.4794030307585,0,3
0.0015651765564905172,16.462613955871703,0,3
0.043415173035568626,801.7181122109065,1,2
0.025275832854344107,500.388480052386,1,2
0.007397308490824444,338.7744712778344,1,2
0.04473170720138418,1485.992326001351,1,2
1.0920929664657069,2615.1981849090225,0,3
0.021494558678483572,466.5506885193684,1,2
0.19739477874027864,1450.3877694298237,0,3
0.045941961078277124,909.518123777034,1,2
0.3657473392784943,1149.3938338097396,1,2
0.04608963855075608,902.1169348006828,1,2
0.09704807653539688,507.02259140009056,0,3
0.871375746363523,1857.3175327811664,0,3
0.06433279340069036,745.229508235944,1,2
0.8561462921786899,1919.0961007237013,0,3
0.22549333310915498,2317.3958531995672,0,3
0.8567821763587531,2139.0503372033736,0,3
0.6482450607828191,3146.952078867569,0,3
0.020352304485332245,402.91684019537445,1,2
0.05430433707114667,1062.9040201965802,1,2
0.003693521752301535,122.69920651875557,1,2
0.0013383873807292035,75.89159649336415,0,2
0.036530348411987254,396.33368117808845,1,2
0.15341571121976516,1514.3258963544745,0,3
0.02563309305766074,1506.012631698485,1,2
0.3036123746467092,2301.538241962769,0,3
0.025977355586567684,1291.1231479301657,1,1
1.0848466671261736,3420.0739339974034,0,3
0.2341490187205143,1066.006902895732,0,3
0.018170380546893683,191.11707183086983,1,2
0.009676963879725563,443.17582888358834,1,1
0.005655716629039383,104.44022543267282,1,2
0.0010092824443196486,31.206889327004742,0,3
0.07461538996863121,268.00500051615785,1,2
0.19242251589309406,787.4118160840037,0,3
0.0005663702519834639,25.93805340161058,0,2
0.005489113984361615,101.3636890873961,1,2
0.18447895592978034,634.7855399673326,0,3
0.012536557512587958,958.3914049778771,1,2
0.1919697594875115,1078.5846096464088,0,3
0.009949933987116326,760.6498996055749,1,2
0.02525576510438629,1696.696743971751,1,2
0.38315964180946366,1161.266976164869,1,2
0.020164707468356406,437.68556935159415,1,2
0.005330486932055076,177.0793732334727,0,3
0.017893680064357043,196.0489130467138,1,2
0.04916168592172796,524.8164243547062,1,2
0.11752345994917375,715.6595009809138,1,2
0.01890267890983929,627.9491116766401,1,2
0.00045095848249996696,22.413479831343295,0,3
0.025846629539682583,1090.5707080718976,1,2
0.014157136698714514,155.11014233261648,1,2
0.008898345612055348,407.51745499199984,1,2
0.32516709598136767,840.1718675324339,1,2
0.005566641981084733,120.82688869605248,1,2
0.13829152379486656,816.7361598785689,0,3
0.024312491725249113,296.8071438891932,1,2
0.08128241734156519,237.06056591165685,1,2
0.5695081710703704,2817.4273530232963,0,3
0.00661540750150371,200.5283488082082,1,2
0.01575753285295712,164.5973413282754,1,2
0.01367049085219461,252.44354341370146,1,2
0.17316065897545252,620.187638472622,1,2
0.00265714107567487,101.75025720715722,1,2
0.08455407467902677,1064.2010085552977,1,2
0.82873461616754,1835.9963851559266,0,3
0.01612835695480387,617.6053215628882,1,2
0.04545809310848815,1405.5586606478032,1,1
0.25552612337318403,607.8889149629119,0,3
0.05935081888581764,1215.0602843605693,1,1
0.16221075540440158,1426.5777006269104,0,3
0.3705734784668883,2820.579643741261,0,3
0.5612686108094823,1434.6649846732287,0,3
0.0519778102235583,563.9299311670122,1,2
0.05955468835890678,2160.3368790515074,0,3
0.028722841038084278,530.4049318315765,1,2
0.5983951223616297,1591.2640145792031,1,2
0.010288585609086647,112.72505254340348,1,2
0.4817556521368419,1421.0868810748639,0,3
0.04908720548926288,617.8135564387208,1,2
0.11795843397809526,402.5653211149812,1,2
0.02926113057461494,139.4235391154959,1,2
0.03682111017134764,249.5421675700884,1,2
0.49904675659993797,1477.2179699190492,0,3
0.21817198517601322,2287.7570348329114,0,3
0.07720300163535775,971.6801054913949,1,2
0.01847718126017943,1047.725647090517,1,2
0.0033680619028798684,36.54157243039113,0,2
0.040008669887201545,168.10250746183058,1,2
0.0071013415666797445,542.8814660232069,1,2
0.3786318053355714,1439.299842429881,0,3
0.49902625906154047,1209.9973916313522,0,3
0.4392622886054791,1063.3752694561165,0,3
0.015644998226404874,887.1302207667395,1,2
0.08584010408021338,900.4268479375535,0,3
0.40355828575778113,1277.7159215714219,0,3
0.03180473773137015,1217.9030591182159,1,2
1.1128153135246739,2499.3872510216534,0,3
0.013861731299366435,300.87616026579184,1,1
0.02729026717964291,149.1771923850097,1,2
0.0038632789245946534,48.62338501711315,0,1
0.05682328183003339,715.1801265935101,1,2
0.0050873333190372535,53.50885441572305,0,2
0.686710344644631,2138.2482108261147,0,3
0.34671585721784637,1088.555219330829,0,3
0.03409274002913982,1438.5064627713448,1,2
0.01583531527333635,324.18866395046643,1,2
0.0025705522213129595,127.76125209667599,1,2
0.3636704778320381,1663.109499554819,1,2
0.01251094586607694,135.7367078517913,1,2
0.16412266006058038,918.7528492150498,0,3
0.5502540513804006,1687.2701534721004,0,3
0.1478892286287142,1312.1819311714958,0,3
0.03552985141869383,771.1940910410879,1,2
0.3533461671422636,1188.4893618969334,1,2
0.030972738713526324,1539.4030302493286,1,2
0.02093345919380641,409.73261315328796,1,2
0.33199078868037407,1445.4514422417105,0,3
0.0007436352524607394,34.05625705463426,0,2
0.005022089329826948,249.60723053987329,1,2
0.007281776431751145,220.72753702892422,1,2
0.01856937571926177,403.0580556124091,1,2
0.0312418146930315,611.4990482611664,1,2
0.3090361117677661,748.4785156932747,0,3
0.3643063727318959,1141.4179080849651,1,2
0.02613664108127162,868.2621456714588,1,2
0.0773331014500005,973.3175470278466,1,2
0.01948239304983234,211.37297866736677,1,1
0.18369418155934714,465.4559315636846,0,3
0.21695621421626532,1266.54631150489,0,3
0.019491082046722303,590.8199152397056,1,2
0.09597221335636578,655.1336287328804,0,3
0.026946318672291206,240.74995199632093,1,2
0.01206896311285956,400.9323070939649,1,2
0.2154583383074856,1161.7386096043076,0,3
0.029642087051569746,321.5999296380893,1,2
0.0078067249624725315,82.11156676472424,0,2
0.0630629797204425,299.579080860272,0,3
0.8271874945906111,2168.2744112189907,0,3
0.015556469745731983,773.1856355377271,1,2
0.16707222615186884,885.6624080857453,1,2
0.026433463914667006,878.1226334597245,1,2
0.012184820935426138,312.9057672000029,1,2
0.03786728481187764,741.1800130759567,1,2
0.8097229335921596,1872.9086948554761,0,3
0.14712336014849653,355.883072033606,1,2
0.08594887362176594,932.4968131003843,1,2
0.43516021131824795,1821.573255384772,0,3
0.040983649792526895,156.64005148211444,1,2
0.09376891053161415,754.8229971764648,0,3
0.06995375385312816,204.93948727622552,0,3
0.009143818452599298,277.17035053169116,1,2
0.1545978658516122,919.3860717891347,1,2
0.01664590847356687,943.8855949561653,1,2
0.013984347180478538,695.0482043192992,1,2
0.012630798926656112,848.5442956902283,1,2
0.24184705197999598,2433.165976320363,0,3
0.00275636902787542,91.56688799313102,0,2
0.5664781143968824,1676.8374679895212,0,3
0.003138148729772797,120.16954738754207,0,3
0.42884493452417194,1397.786866313913,1,2
0.09579257407795727,960.6742338721306,0,3
0.020728847995086872,449.9305358617113,1,2
0.012270496398562827,379.4022429028647,1,2
0.01653572576923008,511.2826116478378,1,2
0.4688555094288665,1070.3245962913443,0,3
0.3549388492922862,855.0145856306225,0,3
0.498397825962987,1453.9517532618352,0,3
0.5132678585443322,1645.3295014909077,1,2
0.27991480710617217,2073.4536089382027,0,3
0.04698306754097112,321.67274326166944,1,2
0.010344115203566758,694.9235753745693,1,2
0.020081228378148963,263.1661090463488,1,2
0.02263580825141169,448.1236187528616,1,2
0.012508865168171616,247.6393978687771,1,2
0.08322411249726142,1253.2479377321006,0,3
0.31480994829292747,749.6389658164584,1,2
0.055656724196443824,236.21918634271054,1,2
0.026279128581225285,570.4022918848151,1,2
0.03346000845211579,135.2821541307949,1,2
0.021879816581699456,404.0395101277114,1,2
0.0016924788143951423,113.70169471233633,1,1
0.25713486784459805,1413.1138020908782,0,3
0.39108774216242187,883.949951507769,0,3
0.05642445513865596,618.2044755131842,1,2
0.3448837784581142,1755.1683723962133,0,3
0.02170843577809657,429.76432254138905,1,2
0.03097552041025342,1306.9787368152317,1,1
0.005133614384138105,105.09797624509089,1,2
0.2325598272341965,846.5049726311762,1,2
0.012885714175446091,255.09991966625827,1,2
0.5104818558616756,1307.0203610098213,0,3
0.23147167893237677,681.8837246854296,1,2
0.6616073421292198,2072.2058198212826,0,3
0.12126904132900113,346.01344514279333,0,3
0.12542495622001157,1255.7050633939682,1,2
0.09031750449485854,949.9645287880157,1,2
0.04189519871394189,1269.9406679314786,1,1
0.0408092083438351,513.6263490874082,1,2
0.015299509738813258,164.87460316922756,0,3
0.07659542853392348,853.0813605892333,1,2
0.6975140399567471,2108.4598139947525,0,3
0.7109127593781205,1731.5166669117286,0,3
0.04673195226765932,1014.3415751148091,1,2
0.06520624417752945,319.32795779213006,0,3
0.01883010397418634,1106.3188659101459,1,2
0.06733734019398308,1642.7857488299458,0,3
0.013773925927778945,457.5713628689134,1,2
0.043485730554617394,476.44364812674115,1,2
0.013572485855064181,411.41353380273785,1,2
0.007621645766245724,235.66035182272134,1,2
0.0716109780980224,753.2082451282671,1,2
0.13085441276952933,629.9010881369646,0,3
0.2791045056325881,792.7738578425912,1,2
0.27362776369788916,1138.8119771611064,0,3
0.024880977517184624,769.3167716296496,1,2
0.3735395570410654,1173.2958205511457,0,3
0.009994142425161362,216.92811187080488,1,2
0.20728157357616767,747.8805909834831,0,3
0.19623482654594793,513.7277992980459,0,3
0.5643519074767757,1439.8740183753657,0,3
0.010206419079983372,110.73389172189482,0,3
0.02572657722465208,316.42626446898726,0,3
0.04834459754268173,989.7352983539865,1,2
0.005609535177520432,111.05259310169144,0,3
0.00042968326114173555,32.84831134285555,0,2
0.0020956491491436564,95.9744254772671,0,2
0.025124730881696804,275.2746311676525,0,3
0.050788098327066565,609.7782581017956,1,2
0.13449554117747992,501.0216541633954,1,2
0.009867607539051082,195.3501262123837,1,2
0.012346480658986385,943.8604603709488,1,2
0.2838039547057577,2921.150832033211,0,3
0.05013348772349361,992.4982439252205,1,1
0.38047679048785926,1840.809262368984,0,3
0.16681061930317664,555.1009864357753,0,3
0.5345181237945096,1600.6733691141364,0,3
0.04364544833211944,478.1935674592035,1,2
0.04793720627493002,621.604282434194,1,2
0.0754695871053049,818.8024635598792,1,2
0.031277049470072295,1773.5262989348078,1,2
1.1202056394808562,3331.430980336355,0,3
0.7144784829495996,2008.9620230785147,0,3
0.08626083928854042,961.7222435364605,0,3
0.015501515992513922,910.7554380069237,1,2
0.04147216923996671,900.1752212138598,1,1
0.04026135489928313,315.11560967434923,0,3
0.08362390700175906,907.2722362983429,1,2
1.1147970250757564,2680.2903657247443,0,3
0.026307493367177043,285.4214685058959,1,2
0.0034796629607083806,204.43948613973498,1,2
0.009983080113104366,178.13990689267487,1,2
0.012187979207902438,716.0763081025796,1,1
0.019215872378742834,1089.612210809238,1,2
0.3642376457782766,1457.956746317135,0,3
0.024863283482509855,952.0930267947111,1,2
0.01772489645912099,283.627095369539,0,3
0.6584631504884164,1545.0349118564086,0,3
0.5599118971163476,1426.6063279286984,0,3
0.04595949816941271,1421.0620436030279,1,2
0.009557939906528192,541.9711281937318,1,2
0.5025607371183309,1791.9308491756408,0,3
0.0037474042506210185,143.4998502151562,1,2
0.017999520862907434,759.4704053106077,1,1
0.012421208998474164,130.6469661579798,1,2
0.05701228979541598,618.5511956298357,1,2
0.011329770209895354,221.7586836245479,0,3
0.39956693748662986,1864.9356403535212,0,3
0.005256698667064128,308.84507678503445,1,2
0.0038238532576648043,216.8268564534899,1,2
0.013922059848464823,430.4683821067034,1,2
0.023017135168416948,499.59901113568253,1,2
0.015065944626128362,298.26218488883944,1,2
0.03814968000296753,704.4838772926637,1,2
0.014545734660049391,225.00556034203532,1,2
0.0062999087910846205,423.231475624386,1,2
0.011305481805987382,118.91168557649497,1,2
0.023407203853891344,508.0656568807798,1,2
0.07318401146362054,769.753497438724,1,2
0.29527166149918777,1784.7555138323205,1,2
0.09667439877780498,532.8080067502455,0,3
0.015664470481395035,1197.5132613418334,1,2
0.3682583164889852,2106.67766709268,0,3
0.2787598521722116,1652.318570744019,0,3
0.020557199342668045,426.8910918701445,1,2
0.08669040000155218,1013.6296601537167,0,3
0.019135483008772717,391.75138376350486,1,2
0.8899447065973466,2004.2558233708544,0,3
0.1678164039218931,760.6635414233515,0,3
0.032316657735304045,639.7764749327623,1,2
0.0006151124653973009,36.139499073315186,0,2
0.010657968952320808,626.1841219996027,1,2
0.03165338573296041,959.4875559483002,1,2
0.1471270251980415,742.9888954842729,1,2
0.029446720330921217,576.3634934044806,1,2
0.27494583240342335,2916.6231695924034,0,3
0.013185819048625485,269.94682370892065,1,2
0.057305511043987505,1243.8462232904446,1,2
0.014210295476013005,439.3805923404396,1,2
0.0008151069667089797,54.75935219890154,0,2
0.08212372765445185,899.7739695855098,1,1
0.022160245424132252,1014.8725629408957,1,1
0.03512561030021505,384.84748216643914,1,2
0.013509500157438502,448.7871091458466,1,2
0.11444915611565472,932.7906993457462,1,2
0.2044764991870089,910.0227336639924,1,2
0.04807809627341612,432.02747420985446,1,2
0.015171253730237663,295.92678206459766,0,3
0.015655920264828604,484.07913341469134,1,2
0.031373557956312394,680.9795578856013,1,2
0.02635006258380276,288.6997593389147,1,2
0.23165275032377192,899.5378490636527,0,3
0.004736800735009544,318.220982445623,1,1
0.48640645851783443,2025.5294127801276,0,3
0.014348177231886397,284.05246378862375,1,2
0.006957380358391425,189.01669799098119,0,3
0.04104622137335356,812.5966192000727,1,1
0.02112990608175471,432.58223179030205,1,1
0.014279029473408025,653.9365860183674,1,2
0.060512893387772784,1238.8508672253188,1,2
0.19553749451502345,2053.8310845893034,1,2
0.027540653359302274,298.80055905407573,1,2
0.060515804753586304,656.5623573295278,1,2
0.17230870409150192,621.9032471033378,1,2
0.03985843009138968,780.1528914229659,1,2
0.06250084404421552,684.7793464117083,1,2
0.03152714048605999,1330.253752063755,1,2
0.07445211059497629,480.9415329141343,1,2
0.20438568962222065,611.0879136471979,0,3
0.04693691418071916,507.51706951851037,1,2
0.11963012331880302,1146.4153333767274,0,3
0.011137399531350786,217.9933938038642,1,2
0.0032847188741492316,138.59517670952957,1,2
0.5513140793281872,2100.8593981582358,0,3
0.03588822599487469,389.3670150387182,1,2
0.03263212789463326,1084.0429455153712,1,2
0.055337599116268114,463.3977226278715,0,3
0.21072376063743567,852.5471011906059,0,3
0.016132304397601157,175.02640587158064,1,1
0.03660005721609455,749.2950689384292,1,2
0.055439938296221784,634.7419955206992,1,2
0.0035109637756908702,174.5014648328075,1,2
0.10622546000306506,1099.8652942312317,1,2
0.0025427069100526895,46.95441803636174,0,2
0.8419606220122997,1923.414481971259,0,3
0.19854462806316736,875.6231244885626,1,2
0.06766217141929651,711.674477152599,1,2
0.006135559814207923,347.9093096552295,1,2
0.004899438231632885,61.664528022460935,0,2
0.2965394893238954,1820.5163133790106,0,3
0.033224872114554306,650.3136221847138,1,2
0.11580276136017198,487.8556750436215,0,3
0.14107042198647285,1408.4387656969288,1,2
0.03968625367939859,1318.381794592099,1,2
0.010497336084526058,401.9758891872978,1,2
0.08421559419363442,425.1976486693752,1,2
0.021832456728931113,427.3287785015355,1,2
0.10242683084482535,1029.7044869555955,0,3
0.35671549224097326,1135.6853193908114,1,2
0.23091755016790286,1293.895153383642,1,2
0.10224347312290531,632.8934219923602,0,3
0.6908007874228878,2947.7267493646978,0,3
0.1123078160080341,538.7436267347592,1,2
0.6245036086195108,1936.445299057918,1,2
0.00980922006832584,200.81936440515548,1,2
0.6532309656934381,2096.5699401979577,0,3
0.0741435810743296,730.40430342028,1,2
0.019506638923743252,823.0616293899483,1,2
0.547790617601607,2709.3868584280644,0,3
0.014762869585499518,622.9033890980979,1,2
0.028407247800090032,556.0177974344358,1,2
0.456839046065508,1517.114067124903,0,3
1.021853859382295,2502.252228035891,0,3
0.03343458853210991,725.7153093183747,1,2
0.3025731981966117,1041.3700499492215,1,2
0.015519853423555493,470.4427626058698,1,2
0.38393702898088833,1010.9046940066872,0,3
0.03383659522394782,1295.7092487747277,1,2
0.33264733343557956,733.3781378611401,0,3
0.013756273505306822,1051.6359278671998,1,1
0.2278621731561947,2408.971502355745,0,3
0.13127058204385794,311.9945589940584,0,3
0.04235754036727591,459.5554279986866,1,1
0.07314366454275616,793.5675153203049,1,2
0.040323257165936426,875.2374810534343,1,2
0.03136375995567224,579.1729633991597,1,2
0.6811553694588309,2184.465223450258,0,3
0.14788477478916032,625.3829945295906,0,3
0.3689927165090014,1123.2340621484066,0,3
0.020869818206902865,693.297699568714,1,2
0.3055710026350589,1059.145587494994,1,2
0.01108646452374738,228.89178928156244,1,2
0.0770046529018191,678.3704386693635,0,3
0.4469167331681517,1234.878595085065,0,3
0.055126213561609475,666.2660990319184,1,2
0.07268136869810414,253.56623406421474,0,3
0.0477128258391075,186.45597849022133,0,3
0.43162182341601923,1240.6775419078444,1,2
0.01637023682480957,317.61332387661975,1,2
0.03862703127410443,198.42863884952217,1,1
0.44963096059206775,1296.31947724585,1,2
0.1300167566878842,479.16668992436814,0,3
0.09322185957571667,956.9728852884449,1,2
0.3326679046606185,2764.7847619277672,0,3
1.3275022219418724,2781.936710505196,0,3
0.02527337567472852,254.90014196957478,1,2
0.01269548216007035,283.7825136898547,1,2
0.3611601618850389,1159.2193556752316,1,2
0.44619263828356376,1293.5785485263486,0,3
0.3409854256368263,822.80496770422,0,3
0.008197828306076724,315.9899834797017,1,2
0.4095009419699107,1192.5918955711215,1,2
0.18709753576650795,1610.1918764423647,1,2
0.25911441975678456,818.5584233899738,0,3
0.026447416425303558,642.6638672497003,1,2
0.012948230268107819,156.49482002709374,1,2
0.008446148344361474,109.55292293972069,1,2
0.023282349894732077,234.7978012447632,1,2
0.04759385942334893,480.0182484535455,1,2
0.00931401089470903,213.07140241939607,1,1
0.04150714168064762,119.77186373119616,0,3
0.011846457370807256,562.4765706586109,1,2
0.7740485315252975,2034.0532963695446,0,3
0.016515496351896,232.07470123961318,1,1
0.08456775123316497,896.0065067826115,0,3
0.2697236143601646,621.1754958922407,1,2
0.3690362592899286,944.0697940201488,0,3
0.004515718106575222,54.57784405658774,0,2
0.013576665409596,177.14631741669706,1,2
0.011650043237534553,163.70566443611736,1,2
0.1281882660277271,353.9564568152233,1,2
0.005379435572612192,255.41867735228752,1,2
0.016233827553416118,228.11670925057828,1,2
0.9609360688337097,2673.833163398576,0,3
0.0039446654132956616,90.23989784719383,0,2
0.030429267658873084,696.1132865277596,1,2
0.006808192412345542,148.55969096235478,1,2
0.17612248677924167,851.9317508968611,1,2
0.14209387332342424,374.06461166753616,1,2
0.6417716033066697,2152.8353263119693,0,3
0.030908522930698352,563.3680085104828,1,2
0.10394402411419558,318.7204749817417,1,2
0.0035579797225078636,73.45825562043704,0,2
0.4339674580688071,896.8899419760318,0,3
1.4476813391428731,3030.7118562605892,0,3
0.017229462568367344,334.28391620172,1,2
0.171051607193894,398.8510593745902,1,2
0.07003871979747547,639.0816060772227,1,2
0.028397641239843858,908.6933167848805,1,2
0.2534256838490473,588.8948173415689,0,3
0.20651087515599498,1003.9656069422379,1,2
0.05943143007844379,1083.2535246441296,1,2
0.027952508843457333,773.5000815534142,1,2
0.7946303002400456,2131.7739777656434,0,3
0.07183962645935849,880.6064152620054,0,3
0.1395810335596978,655.2030265040584,0,3
0.05490573109669099,771.5318310214925,1,2
0.0026245988586369104,63.77692343729133,0,2
0.0014730210876044327,33.69747711026545,0,2
0.011038851678930477,481.6561563196234,1,2
0.06128051145568534,1265.2009921770725,1,2
0.03746962719447146,682.9569080188546,1,2
0.01979873323270798,547.8693113351234,1,2
0.22154783340094078,1090.177147644312,1,2
0.34334391466506103,1162.272429575472,0,3
0.6596933552509021,1771.2091005876985,0,3
0.0028136756971321687,51.284717734387044,0,2
0.02324322554906589,1014.1673250127245,1,2
0.0076854637872001835,296.2405998855891,1,2
0.005375585278249807,97.98050782226233,0,3
0.31339761382436276,1229.051448785614,0,3
0.01739739878823724,225.65740158609927,1,2
0.9660475936008597,2637.1820340503095,0,3
0.06619895489822968,426.36754201111427,0,3
0.0038807980091830085,80.12318068212896,0,2
1.1056583097585952,2881.158400136018,0,3
0.010725399461444868,467.9793541797645,1,2
0.19496943334167324,608.7300573484456,1,2
0.5277210128667901,1441.305193730431,0,3
1.296368081848842,2730.1048588151266,0,3
0.6618226010828362,2054.766824121998,0,3
0.0008472409609483068,36.96750682009736,0,2
0.0012903145105750448,31.354235135844455,0,2
0.01292019467733294,235.3362841592499,1,2
0.027843630980194527,336.52351934756854,1,2
0.04776905867652921,223.56947200582488,0,3
0.06461585925443732,780.9597957047225,1,2
0.37296294931586765,3167.3477706953327,0,3
1.1473013409671666,2438.7394519412023,0,3
0.026360598120725602,480.14796718430364,1,2
1.0684881258960301,2822.61162298933,0,3
0.3866134180477145,1257.9234190170698,1,2
0.2666688571428178,1117.8084806277914,0,3
0.048496600739513604,1341.9949113389641,1,2
0.05131817473021791,1059.5180105887375,1,2
0.047824475979034664,1323.395916881756,1,2
0.025377148200900927,580.5387837416454,1,2
0.1267645501571782,1050.9043109256602,0,3
0.16043894796640237,1401.6488599727209,1,2
0.07262547540752093,1020.5285477629844,1,2
0.0033780517238528726,147.39390078638087,1,2
0.011407005553367955,315.6539463138594,1,2
0.053660167590593236,1303.9251269943984,1,2
1.198586499470981,3394.9065206156147,0,3
0.9244062669215192,2611.7945850969827,0,3
1.0141111839903771,2831.315556325516,0,3
0.3489302691842773,1611.0490578106408,0,3
0.060219014842708044,785.7287777238214,1,2
0.08661636882764569,1046.862217493112,1,2
0.006458377717519249,78.05720454783552,0,2
0.8620560384253455,1921.846755432981,0,3
0.031886732773188105,618.6624721463447,1,2
0.13787888000202225,2041.3763935436546,0,3
0.010186512692243375,123.11616626117441,1,1
0.2635700505864954,884.2361904634985,0,3
0.19275680292302727,632.1048523708073,1,2
0.03732435771996077,1438.6887281572322,1,1
0.042715077790410214,977.1688730175819,1,2
0.39729473765289147,1242.7778250472297,1,2
0.06991485734780702,1273.68343557607,0,3
0.032401611441315536,1036.8159637312833,1,2
0.019085543612441382,906.1925252637664,1,2
0.065676144964052,246.00948692764962,1,2
0.4614459405340668,1015.2692467492154,0,3
0.06647706092223306,341.54968824272174,1,2
0.29713721915726904,1675.2501680429095,0,3
0.053023882762217506,1185.2445260554684,1,2
0.051237910480210994,994.111644826605,1,2
0.06257747576844473,756.3234979110144,1,2
0.030649347847970382,1337.3172778771159,1,2
0.004124619939170472,80.02536937170754,0,2
0.15492219990462264,410.4094639535499,1,2
0.05543986487760506,1144.6146643216578,1,2
0.5999734603890449,3214.9276864701715,0,3
0.8649983976489836,2378.5253399245607,0,3
0.3463242447885664,1529.1812766789794,0,3
0.3221398548306766,2903.772811623475,0,3
0.03113997870116344,1372.032861947625,1,2
0.04482127714764664,925.382686449249,1,2
0.6750226486116252,1484.9814025143862,0,3
0.014219897791969232,548.1140981004281,1,2
0.679926472407263,1791.8475172039352,0,3
0.04208428059602579,1164.553588210813,1,2
0.5965220264161667,2656.469712612216,0,3
0.0412440504943921,1002.2174024684041,1,2
0.028134825244916457,1227.6015821514977,1,1
0.003975801746447773,215.81268422278828,1,2
0.4268337523301138,1168.2909637952644,0,3
1.207842003491097,3286.6466700875176,0,3
0.12256450883493614,1130.0196099939594,1,2
0.017996683234526353,234.81805469388985,1,2
0.23944281329340297,2168.5461193952187,0,3
0.6207074912155737,1666.4947818607536,1,2
0.03336405713626483,1455.767681900641,1,2
0.8191158534464335,3172.271440839232,0,3
0.10562904875208923,943.4193462408756,1,2
0.059968780941902285,559.1100403015341,1,2
0.03973634054111577,820.398790477808,1,2
0.1732456660769973,637.7557021169481,1,2
0.0487931729864219,636.6460871541584,1,2
0.35406640586708976,1042.070929734715,1,2
0.00950498809683442,414.72937274111484,1,2
0.016752982388970664,383.2485803031625,1,2
0.43318590924524214,2522.041442262548,0,3
0.011075292665656716,525.8612294482557,1,2
0.02604152781233619,206.883036286931,1,2
0.022799096180088286,497.4927965597889,1,2
0.28767388534628596,1372.4898591328315,0,3
0.041825025397748454,421.8354148246036,1,2
0.5611098988593862,1844.653617772597,1,2
0.17692356732056427,600.1023252353964,1,2
0.2327003188673687,2068.2968729297418,1,2
0.3689871523170139,3168.0430710595238,0,3
0.282962091358165,845.387160824817,1,2
0.022661131468735215,988.7689225789269,1,2
0.48862254208680206,1602.124033526011,0,3
0.14234814493107592,1803.8342769723745,0,3
1.0381877785204128,2847.0767357047284,0,3
0.4598934503992615,1072.030060944683,1,2
0.0034023143999529467,131.14415560971872,1,2
0.17092554798863183,861.6359441055803,1,2
0.0008748135250100417,20.01261827331888,0,2
0.3571383827930363,1226.8936612764526,1,2
0.04492667493623563,534.7173992467598,0,3
0.015955642711178806,309.5694198146832,1,2
0.009866268342420506,430.4930463101091,1,1
0.03098336140531112,708.7889783387318,1,2
1.210347081078619,3176.866126112762,0,3
0.2895243403372386,717.0672954154824,1,2
0.2866635347255622,772.1539659128509,0,3
0.5140553787496562,1413.7093766296491,0,3
0.05157631451732106,504.8152174602143,1,2
0.22498698980886891,688.0737173612322,1,2
0.49703012159323146,1353.3653843096408,0,3
0.06460362122599908,837.9577588787708,1,2
0.008877817746605733,89.53916695238298,0,2
0.2647354119002614,582.6459190345432,1,2
0.014627583326962186,694.5260215132234,1,2
0.6155480274217089,1447.279238289424,0,3
0.5169523385994093,1739.9617647103903,0,3
0.008110190261363422,185.53227308961797,1,2
0.0172403887887032,173.80283944402572,1,2
0.8418842662540893,2205.151467841441,0,3
0.01125775058321893,257.53724490668714,1,2
0.07966215548855754,803.4500418533338,1,2
0.022312888477687115,432.9119212219444,1,2
0.03228269586222725,893.3247466994925,1,2
0.05741741030862118,1045.835633714091,1,2
0.05938984223779057,834.5422747419101,1,2
0.03707635435198285,1025.9745654878714,1,2
0.019943317242535143,258.67988673114286,1,2
0.02561155381659469,164.5665777880333,1,2
0.04796591957963262,136.81988117650377,1,2
0.1296583727342089,533.7298739430524,1,2
0.5563457397862266,1752.349424038343,0,3
0.030004922587369396,391.49978145360575,1,2
0.019189231329664262,1144.4614917338993,1,2
0.024974558625939627,325.8643382759965,1,2
1.0547641550130866,2895.009764132613,0,3
0.041392295648775,500.27530588625456,1,2
0.5225505393066595,1326.527057194106,0,3
0.0746190219037255,250.82511016527025,0,3
0.2884549575520933,1189.6754119762236,0,3
0.047064596557398135,217.1750994879147,1,2
0.15200767706650456,566.4454685356126,0,3
0.06577790244197289,924.3068892468856,1,2
0.20256890284275042,713.1230870362525,0,3
0.09627181334341828,376.16848774859625,1,2
0.1442328536591403,469.88782763267545,1,2
0.5752545881492468,1578.9316406928708,0,3
0.03410107942694332,828.6454612232335,1,2
0.004919917982954943,95.45564431899119,0,2
0.03853972380289709,881.6516420658533,1,2
1.140729952286116,2934.2094303514205,0,3
0.0012559062608351404,74.90327924346704,0,3
0.0762898977157992,405.3998520371957,1,2
0.02520553023798125,489.03460130919626,1,2
0.11185685503506132,457.7358490159005,1,2
0.048827329421899386,167.7081344258021,0,3
0.017242729076039486,394.452240533288,1,2
0.27487384388184594,708.5048422323556,1,2
0.032589312986279324,425.22052422232554,1,2
0.027486896670917204,1199.330635535031,1,2
0.09344840860228124,290.4907339523895,1,2
0.051167238657312514,992.740478800394,1,2
0.11427729137534269,1065.6694046493851,1,2
1.0113461795569587,2901.728345103179,0,3
0.08308732986676726,1084.111161749706,1,2
0.09975693702907254,900.7277840709766,1,2
0.03780001511605872,824.8237158854567,1,2
1.0909123273256798,3319.8590679386166,0,3
0.0036603974442624147,83.73685898353578,0,2
0.0023286740790418093,110.56677698336918,1,2
0.3052461072846835,847.5294717891402,1,2
1.2951170564555674,2791.6550489817696,0,3
0.007267578908026736,394.49545323619515,1,2
0.22421951796653547,621.2003258863695,1,2
0.06960661226652672,978.1076754742094,1,2
0.02585234584972764,312.4564614050948,1,2
0.048492857972551456,883.87675089593,1,2
0.032215738055349566,420.3461739089835,1,2
0.028529849384604605,652.66136017138,1,2
0.6862348128957785,1773.295993690121,1,2
0.6794699196559747,1957.9495934056852,1,2
0.0950118404713529,507.605964643603,0,3
0.04117495469040114,1000.5383962513328,1,2
0.04616342279975439,262.39270886045944,1,2
0.6788595937349141,1851.8179801186247,0,3
0.32677904461779644,1317.3972169304002,0,3
0.036276757574699225,571.8567551618885,0,3
0.02905906182017057,531.7653628663203,0,3
0.053943021422405465,760.317348971801,0,3
0.0023823313883688186,65.92372561298221,0,2
0.10880233295284314,1052.1241660805176,1,2
0.044314256972048854,535.5906966341435,1,2
0.8555224394679934,2298.2273731361574,0,3
0.046097440419790414,1120.1532449933857,1,2
1.0894565893137906,3357.274663944389,0,3
0.11696205375612069,1056.6598890129515,1,2
0.018792575594885362,420.07103580488445,1,2
0.15449236614843687,1432.6908451501254,0,3
0.26075750104261214,792.1818743221382,0,3
0.49095302450618283,1421.1461741914513,1,2
0.40783795435669734,1175.3289166908062,0,3
0.015351447475948913,591.7303282283704,1,2
0.05057553491416902,710.684190481017,1,2
0.4168242237870199,1396.008160313285,0,3
0.054822871602111745,715.3207007413099,1,1
0.2090535450519494,586.401838687038,1,2
0.4487259811874927,1468.6841903712484,0,3
1.5423010750618436,3208.952472419783,0,3
0.934887177459756,2067.3830787399975,1,2
0.24495495628712466,1222.8284870482858,1,2
0.34013383481262877,984.2800962498687,1,2
0.9722235590758093,2693.8565847186087,0,3
0.01645135500811089,455.2408698518821,1,2
0.43386477793860084,1517.8077078652113,0,3
0.062041451012243724,386.23763490789406,1,2
0.24368179760055728,2269.395618153796,0,3
0.24981983185177498,1222.3045683897583,1,2
0.03338355912731735,224.06475316863705,1,2
0.03891233266174468,1499.8981310485476,1,2
0.5841494294306346,1671.440541153587,1,2
0.33834294460474906,803.0379289497893,1,2
0.026792530156828632,325.28344673504006,1,2
0.02866619115878126,370.2066022410243,1,2
0.00913159587778986,128.31660278473413,1,2
1.2498048024893444,3288.2919324695204,0,3
0.7207100084742079,1959.5226295901455,0,3
0.0393070782945948,424.8760532358978,1,2
0.015820367177110568,206.42180543274642,1,2
0.02890630092089909,596.8011646204616,1,2
0.006446507018968019,156.64808480493278,1,2
0.22366305239360726,860.752485158009,0,3
0.0830368244560374,1077.0503263614066,1,2
0.06664127890643284,869.5255270760096,1,2
0.8073628682974695,2306.407595897949,0,3
0.004851934660607631,63.30732411403294,0,3
0.06838730326348182,892.3073940249046,1,2
0.6676787441139788,1849.696081339862,0,3
0.046170656225637555,648.7871161299745,1,2
0.11417185268197655,355.66036053284375,1,2
1.404613624922143,3633.4479215350457,0,3
0.001748127327115626,36.091938141181245,0,2
0.02548415048011089,1210.0020385439486,1,2
0.29743782091559057,2533.672223698243,0,3
0.037416844176448506,212.81359687775932,1,2
0.1771918034864832,651.2921935045331,1,2
0.9627394058513142,2099.9563818822767,0,3
0.3059905416991781,938.3519086908162,0,3
0.1733477234941275,1525.7603532321768,1,2
0.8236465494146461,1832.963365858092,1,2
0.3374376451320841,2806.755384364287,0,3
0.22364103401291313,587.2353790751183,1,2
0.029910284583358693,684.2408018397076,1,2
0.005754832430157875,128.6379510681812,1,2
0.06985719334580462,981.628824816054,1,1
0.7998138306965769,2317.7635719402642,1,2
0.03212654241724125,419.1823624469029,1,2
0.2365712756584302,806.8348372490399,0,3
0.14899921888182438,1383.541547091117,1,2
0.047212476695345784,974.7515309379262,1,2
0.041600137266577304,951.6630040946408,1,2
0.0041371747438018955,53.66228100865217,0,2
0.06035383458556544,391.1131918598983,1,2
0.10688533225022874,1098.4105656553343,0,3
0.118947522873103,324.40230353191856,1,2
0.025594856400182695,331.9846179038918,1,2
0.12484690342770534,1222.719730154815,1,2
0.2700364466469826,610.9415469990946,1,2
0.31084262393699924,2875.3747223659648,0,3
0.923995000915663,2652.325474541466,1,2
0.026024312596883193,474.022658117834,1,2
0.022451472036753007,285.12438112910843,0,3
0.33293813918269555,973.0462855070347,0,3
0.3048413896528573,1015.7947742332265,0,3
0.012037466386595672,233.54944409267634,1,2
0.3316333095770888,1284.9656949478456,0,3
0.43144721409294506,1200.1641169907668,1,2
0.27129655383581036,732.9749780456352,0,3
0.035812067289559026,1145.9468035188,1,2
0.1580231862798783,533.6223473617265,1,2
0.017478298828129978,376.9433117757745,0,3
0.27388593742160666,1068.6023286459313,0,3
0.07450301052901347,378.86579427882674,1,2
0.07035374822133443,988.6063822525537,1,2
0.635174732644802,1410.9882934683137,1,2
0.00812814440454625,105.42817166935467,1,2
0.5058923391413465,1166.7452912303313,0,3
0.5558345858683647,1668.6477512625854,1,2
0.912323735314769,2555.8532745802513,0,3
0.09539112830188791,293.59919094449486,0,3
0.03548938499655105,495.4791870255981,0,3
0.07544547643371517,760.9218056749667,1,2
0.22298024657056661,823.45720299951,1,2
0.029249569903313646,935.9540979298405,1,2
0.11088671995779167,990.8424349378184,1,2
0.0013864872721804217,31.71789155711035,0,2
0.03211776541057027,416.5916741646143,1,2
0.42853846924897177,1143.1382423305445,0,3
0.27436181350199695,811.1504524111031,0,3
0.03495983500953441,849.5129506919681,1,2
0.3361386090399746,977.7157138748319,1,2
0.1540145910299965,436.92063958599954,1,2
0.6611916442139242,1768.4753437116449,0,3
0.046292357159934294,1280.9992204649677,1,2
0.019018989303913814,415.0081258400199,1,2
0.014567681626692381,265.3446134875464,1,2
0.009447566175055742,122.54206851987747,1,2
0.027997653648940364,610.9290868770652,1,2
0.7347509390472644,3230.151210399061,0,3
0.18188069243455046,457.4943402369793,0,3
0.6193659787496907,1775.004799936532,1,2
0.010066071935597257,600.3487844510726,1,2
0.018319036894269353,586.1890519414754,1,2
0.8348978187720181,2263.2758592335654,0,3
0.004783183450049992,227.108285591358,1,2
0.009104148090213076,542.978857531647,1,2
0.005076719507119771,275.57220750672576,1,2
0.03560304919946665,1139.2584543016967,1,1
0.001417075392937668,31.67593101431774,0,3
0.5324993029211049,1865.321492338214,0,3
0.37492631812959665,3536.1806097322055,0,3
0.6195916877679084,1761.2425388381312,1,2
0.49963220185048796,2234.051991298927,0,3
0.07946172954207076,393.0468470962314,1,2
0.002072664875178701,98.41131357868807,0,2
0.04488743135561469,138.9406994947659,0,3
0.04635033718742373,1036.0705510492064,1,2
0.1182873442363417,664.1063252799861,1,2
0.5692157496860788,1873.3402904068723,1,2
0.0012487914249155042,27.91427416214757,0,2
0.32344078416858335,782.5253421698833,0,3
0.14868173245373373,1305.1928760393748,1,2
0.024388551271500525,237.77469493063592,0,3
0.5736718856011016,1660.2170556130832,0,3
0.9629637107272108,2047.0438281197864,0,3
0.04993475472656425,1030.9558409912147,1,2
0.06966144514054382,908.9322083352286,1,2
0.007374820671073644,400.3167024382249,1,2
0.533803220687847,1374.195272722643,1,2
0.00497450257635386,296.683412762197,1,2
0.6004244424192426,1708.388167262372,0,3
0.028911652376252407,1372.741788675358,1,2
0.13112146278200754,306.8872201807037,0,3
0.004488963204156793,213.13854005914894,1,2
0.8176287927005298,2291.304727187986,0,3
0.013088347589940987,238.56061750251465,1,2
0.03005880618566641,583.19726504651,1,2
0.5167396183247525,1209.7247030654537,1,2
0.05772287987371999,1290.281356898934,1,2
0.024422155520346184,1456.5573814811946,1,1
0.013639038722579978,191.654902117119,1,2
0.09515530539717995,890.9217436122782,0,3
0.126860392971288,406.58302644307736,0,3
0.7890202854585538,1652.4600302256829,0,3
0.08227778220430115,797.8785201316358,1,2
0.14100442882133116,557.1334694368849,1,2
0.006383878682217769,155.1262359994357,1,2
0.001097231583112825,47.875301008285895,0,2
1.1550915659012395,3614.763583193305,0,3
0.5380879610089663,1886.0676703612337,0,3
0.026122110327900586,539.318604227357,1,1
0.32347203984885026,863.5699601685961,1,2
0.19577696652931428,577.7811590666049,1,2
0.04611393353542386,840.5162213246383,1,2
0.003541482761259191,154.52485675806963,1,2
0.0008560685780051826,32.99765324687658,0,2
0.07544993142928874,682.3893389764911,0,3
0.017532812052779564,227.41381389743697,1,2
0.4613884552959542,1415.0496559657722,1,2
1.0911932122471806,3356.8766880153644,0,3
0.11935405429132555,404.7417767272017,0,3
0.4297713692631845,1458.4343349371318,0,3
0.0820374317044156,1064.087447586251,1,2
0.23588568291942516,633.4397690909897,1,2
0.25586758546569544,756.2289657630633,0,3
0.3165164477317036,996.3940118376862,0,3
0.19598856141407378,579.446982009648,1,2
0.022596201643012265,1226.5568659641704,1,2
0.8072038577893897,1897.3730825951368,0,3
1.032611093995773,2946.2031690347044,0,3
0.048580910437033685,885.4816784970002,1,2
0.23716123113018844,574.2223360866716,0,3
0.04845339922513703,1083.080363199947,1,2
0.10946618443837323,572.3118822405236,1,2
0.40661401078696063,1066.8174177705118,1,2
0.2937548563017823,1525.758450382792,1,2
0.027728641119421547,359.66141724317686,1,1
0.008391041123988982,323.4374821172256,1,2
0.04428196100933207,914.2479341914104,1,2
0.3508195844814374,1255.3130557712811,1,2
0.8136595884624368,2567.909105388115,0,3
0.1035848479110509,623.3177658202868,1,2
0.4710367287043549,1467.3329500478035,1,2
0.6014512021301711,1340.7757243029564,0,3
0.01418549983220016,258.5583532448611,1,2
0.03482444297049299,1342.328083497301,1,2
0.6700129335392082,1946.939992917767,1,2
0.14219475766406708,524.96877035474,0,3
0.01656737981005315,370.33116414740226,1,2
0.033510881935386254,691.8676111905384,1,1
0.3806486128770711,1020.6249542844761,1,2
0.004777590645621839,152.87765111699812,1,2
0.030981363802598864,601.096614598835,1,2
0.06482595014544604,845.8393865394582,1,2
0.019876649702305432,200.47028526004706,1,2
0.05229673977237756,337.5221895502432,1,2
0.39283608008325643,951.3037961628371,0,3
0.0587331413684608,1069.8011594904785,1,1
0.632942427803867,2001.830717752227,1,2
0.26086230936389604,923.8287395958362,1,2
1.1824845870459146,2545.0882521878493,0,3
0.018178854789328208,139.13639181342162,0,3
0.01363196005335488,248.46901304770554,1,2
0.0008501363172601676,32.76899086156838,0,2
0.0005305283037078383,20.449517075136583,0,2
0.04694904846825552,473.5148669459774,1,2
0.21129186191424087,853.5689918032416,1,2
0.02118826027150184,297.7360817697403,1,2
0.0005214027485202638,28.302549748572016,0,3
0.1822661010692814,639.1870682050123,0,3
0.03057832877419785,593.2769784885528,1,2
0.054704897727111006,661.1739942168844,1,2
0.1371916306071028,790.1821507010137,1,2
0.3774612440984969,795.4631161739201,0,3
0.171886093733025,1786.5738443913776,1,2
0.22128528103974576,599.0444368636738,0,3
0.496873981119242,1704.9816925599932,0,3
0.031927740894199315,713.6818005929159,1,2
0.0006377172879710796,30.27918152743411,0,2
0.19610321825964339,558.1310957073732,0,3
0.019040660946388576,1033.5566032404818,1,2
0.039941051931465105,774.9313830240744,1,2
0.0005677089923108214,21.882667994961498,0,3
0.001909044758417895,83.2969938654684,0,2
0.35704162610205437,3231.761336151825,0,3
0.7587784591942819,2152.4131696280288,1,2
0.02609427123611469,1238.9709209518098,1,2
0.04031701921041554,734.3587094706896,1,2
0.0071754426624297835,130.69787689318005,1,2
0.05136627170477368,361.5171730852216,1,2
0.01738650967198662,1036.945693832324,1,2
0.00760314936514206,98.61858950827663,0,2
0.005121785729442642,71.97100635956717,0,2
0.02489629294014925,453.47622200723225,1,2
0.0026112868450589664,155.73928870310723,1,2
0.1119742421398237,783.0618078310407,1,1
0.08031335809761304,1286.552181328914,1,2
0.15462597169793216,930.7527152353721,1,2
0.16091820263438109,907.43636707532,1,2
0.0396344341266966,592.0181154234658,1,2
0.04924059573146528,1016.6241941353795,1,2
0.011635890455109661,631.6141781171998,1,2
0.08813813510324531,543.5275359378959,1,2
0.14322501672987753,766.4046822503544,0,3
0.02447559563551982,594.7492447433838,1,2
0.030218220634219375,659.3834672932329,1,2
0.05228319875340733,1079.4419525175983,1,2
0.02439125115460641,503.5831853910736,1,2
0.8498260723043599,1948.4830864703772,0,3
0.013654148051163549,595.7688951193246,1,2
0.006786860317425596,368.40130266993015,1,2
0.012524369410620148,346.57356929116173,1,2
0.6701077211756333,2135.0515568484175,0,3
0.004364592889842535,56.94856094135063,0,2
0.009955344547245401,241.91172867890108,1,1
0.029093361814236197,805.0696938154083,1,2
0.08212870076687225,635.8618996196612,1,2
0.04681219336562468,416.7259447651104,0,3
0.10461703843641298,404.1275675497652,1,2
0.6114572087427446,3019.632176799378,0,3
0.33394107096085923,1185.5118524628035,1,2
0.01594147767072232,756.9104763382685,1,2
0.3580308295354814,3537.723620671509,0,3
0.01113602396566672,528.7447863034422,1,2
0.006689803747899492,87.28756748643166,0,2
0.011896389996657911,259.5878486434072,1,2
0.06591635364823002,926.2523967656289,1,2
0.002319558426107286,74.22332094041683,0,3
0.030090774835921135,1633.3739209923604,1,1
0.010297590489890672,224.7008850779522,1,2
0.0037226465492969847,83.21243589006845,0,2
0.4412132815551208,1477.6622628919547,0,3
0.04346517178352387,245.22952257273693,1,2
0.02052093077035584,374.0339170136996,1,2
0.054301804599837245,989.0860963640927,1,2
0.4929154699953643,1712.5048577546504,1,2
0.04068259319142581,641.7853555006503,1,2
0.00571208105430789,220.1754331262978,1,2
0.023008816396576627,124.54959518650985,0,3
0.10309568140257593,960.3083352073731,0,3
0.11748277786051808,446.4809108096474,1,2
0.032404770204051074,1413.9112941153417,1,1
0.035884189589101,325.72204669690973,1,2
0.1586264438518054,588.1801285095194,0,3
0.005111710380652826,242.7069321327155,1,2
0.07729353812950966,678.6405082850766,0,3
0.024760567750922703,480.40149379661034,1,2
0.04629009366143091,898.1147107221611,1,2
1.5197804961734909,3373.8772822059323,0,3
0.018527899238719784,1005.7231025893152,1,2
0.20419492091642907,659.6306994625202,1,2
0.11673659829237007,603.0838085259452,1,2
0.25758391805868497,1061.0187340940297,1,2
1.3306155469185095,3621.0036628582884,0,3
0.00645189220832947,83.68591470292704,0,2
0.5539908450948717,1715.27876999353,0,3
0.0687828868240816,897.4689096752282,1,1
0.15741355334286145,612.0066599451942,1,2
0.16623337878199884,450.15477598799714,0,3
0.010236717653703507,103.24464831346694,1,2
0.2842237984765047,859.5356276395747,0,3
0.011429967176429053,138.14479810392254,1,2
0.25648005318199607,2224.4618796298814,0,3
0.6248517789447162,2444.895281995004,0,3
0.039065806698230426,949.2867660938585,1,2
0.01619591614692695,768.9913606954651,1,2
0.015407048999911537,216.49886975562006,1,2
0.0029183517033145377,35.27176418161674,0,2
0.2885405833513987,1498.2994439787967,0,3
0.5266897538168207,1253.1786607174965,0,3
1.1890258416166768,3864.149466412198,0,3
0.6473843111496296,1496.7811970316636,0,3
0.3167358776439511,958.8549203372883,1,2
0.03314210031040188,465.71067947993095,1,2
0.019969281544476174,241.35260623765893,1,2
0.04877768352483643,1349.7730166456497,1,2
0.18144614872866624,1744.222810324583,0,3
0.2664153189600655,954.3241284192767,1,2
1.0082596300488071,3063.5624980000584,0,3
0.00226742637624174,123.07941988593517,1,2
0.03916143358586802,394.9711787314323,1,2
0.03015712939954018,1798.5959263337436,1,2
0.7406724320532082,1668.7384052390069,0,3
0.660142977552624,1554.1015163796624,0,3
0.6570142370021769,2090.3504729391716,0,3
0.06095671711976668,1182.6747373424855,1,2
0.01676287034772079,374.7009703101323,1,2
0.26656292360072315,1122.555758709227,0,3
0.01591568949148757,694.4463109580662,1,2
0.9522760049346067,4127.664858286607,0,3
0.08395747018136267,246.4175460570873,0,3
0.045764602243476664,1112.0653824166284,1,2
0.25877930414352135,1234.4520851208185,1,2
0.02853763698900052,1245.1773918479214,1,1
0.021127789595401687,513.3986151792134,1,2
0.2074031073649019,1084.3358032697506,1,2
0.4134950959914798,3956.342037793679,0,3
0.09755219746612155,736.2876689257076,1,2
0.25717875005527446,638.1853965914728,0,3
0.3690743185191625,3507.1083935166043,0,3
0.032146436198625526,623.7012061034683,1,2
0.006864605255803211,125.03609531170501,1,2
0.045323014417521616,1254.175628546673,1,2
0.0374842418506076,453.0418104095185,1,2
0.045650403344933616,259.83749779607876,0,3
0.13822351349872894,2464.7492648986013,1,2
0.15853231833878892,1290.484288975589,1,2
0.1575700216794994,1487.0072781958108,0,3
0.47022575572044595,1466.2208252520081,0,3
0.03800687979818435,706.6929316585775,1,2
0.06581243335365612,668.212721289051,0,3
0.4354606034460976,2280.38212896036,0,3
0.027987429495015655,313.3395773959313,0,3
0.012768790861607364,557.1382700058896,1,2
0.41854181549880154,1404.5125524154819,1,2
0.4181990331398323,2066.010800991746,0,3
0.2633260830758284,671.4536235629957,0,3
0.05463964071290238,708.7174063750304,1,2
0.5961442434482155,1433.777811719385,0,3
0.26235974379961075,885.4113742948559,0,3
0.11907535184120237,391.11597134672485,1,2
0.3395186546016421,1071.639617628286,0,3
0.3987345036234602,1134.9936309955033,0,3
0.3617665231910929,1329.3504219926242,1,2
0.058360674086749526,1304.5379910864583,1,1
0.2940641544969574,2844.068507523583,0,3
0.3890908664705925,3469.864385095435,0,3
0.319864799278337,1137.2110353538237,1,2
0.1481941886943531,582.146280855403,0,3
0.005608238406184392,155.19082343730224,1,2
0.05245987884258769,684.488721547351,1,1
0.21873605394314566,620.0500655070947,1,2
0.019904377155923,362.796026976645,1,2
0.024947580684800297,454.41040818248086,1,2
0.02916418627608872,667.172729398107,1,2
0.3839233072559053,1434.218740779928,0,3
0.13254426630285654,1302.0282960972988,1,2
0.05437951573553824,705.3433889604657,1,2
0.04189725061535523,506.37828945856546,1,2
0.03847674428158428,1082.0882976667074,0,3
0.46471505274844355,1525.7769389772538,0,3
0.21826655824339133,865.6216772327958,1,2
0.6352490515783016,2464.8957361294993,0,3
0.12388454176720276,1761.2574889767548,0,3
0.022773678578058648,553.3931976990392,1,2
1.0230249785758903,2896.289801296852,0,3
0.0869985248625253,1051.481029381873,1,2
0.3745178184858964,1515.8076164774125,1,2
0.022405758094223013,863.6427680237708,1,2
0.05698384770664627,574.7230230475648,1,2
0.001110591674688928,30.732223563735648,0,3
0.011373137576026295,617.3515443797628,1,2
0.062195733513798174,434.2917420639096,1,2
0.01319252705319063,1364.0359078831139,0,3
1.136962452785386,3580.1835889292843,0,3
0.3429717487015848,881.9342863664332,1,2
0.06641324467696247,1092.3301506041873,0,3
0.47134310763904197,1460.7737942614363,1,2
0.072353224369151,1782.5325466206168,0,3
0.01796238842473882,401.5138357705104,1,2
0.030755016632372668,851.0509023194536,1,2
0.054934427608114095,1065.8310160443036,1,1
0.4318279178280463,1431.3411772996456,0,3
0.003973686681755902,77.09698085271465,0,3
0.1255618309140043,696.9609778570563,1,2
0.041959680613568584,915.590630712404,1,2
0.013938393013616053,385.70234225251227,1,2
0.0009972157774052292,24.232028478082434,0,3
0.0009199528629894142,29.4374807856469,0,2
0.027067976036985523,493.36656392662707,1,2
0.010072618807919077,101.58959361773351,1,2
0.15254798273471215,1370.2595862807048,0,3
0.03401962045479022,754.1412252957742,0,3
0.03411065529206199,621.3122222341003,1,2
0.8228440472625609,2292.1745884402803,0,3
0.18015288287482661,1684.3533043830375,1,2
0.5553502999764789,1787.9382703461947,0,3
0.010856095866338993,224.13558462536665,1,2
0.6401877472607156,1968.9380160924438,0,3
0.3182861018967948,1007.2956691444097,1,2
0.061040341105602344,1184.2971996428982,1,2
0.006682954182422408,291.5960933245909,1,2
0.015293632266075918,184.84180304818278,1,2
0.03927477240227805,715.8591940023819,1,2
0.037603177744001626,685.3911268035242,1,2
0.0017051369127762336,74.39992086985647,0,2
0.2572690377846526,2171.718279828103,0,3
0.4464838879089737,1645.80507335481,1,2
0.03701892442899614,447.4178938863535,1,2
0.04441522925534917,614.7505408962705,1,2
0.392972990548983,1245.796284518957,1,2
0.6410818305035193,3081.8216960209425,0,3
0.417734923982458,1747.7752012623166,1,2
0.03018252548962093,549.7628768497385,1,2
0.5641913294728712,1934.705694141413,0,3
0.6163674355468957,2247.3287836192817,0,3
0.2912102767872254,2847.7114971735555,0,3
0.021744626024273614,474.48349379789994,1,2
0.005014797620476784,238.10545885757335,1,2
0.362474291170348,3065.7887553431387,0,3
0.010632133403888662,294.2117325157234,1,2
0.03781679538135205,689.2847241522766,1,2
0.06526455807279087,365.6568082065167,0,3
0.11371178143978568,820.4370290985011,0,3
0.4152570464022444,2044.1511885513135,0,3
0.025662361146733863,1392.9927586352746,1,2
0.023729479370013438,1415.245607878631,1,2
0.38990788251838104,2030.695998150057,0,3
0.008591552156554784,237.74489549337974,1,2
0.008356575066169084,267.4012200416393,1,2
0.04703131046531266,912.4957080964508,1,2
0.48213103683859887,1831.7357515659203,1,2
1.127677324455836,2407.2309522974156,0,3
0.03370005200645628,653.84426915339,1,2
0.5113701123920331,1943.4222868358017,0,3
0.05462899320726161,1221.1236105282976,1,2
0.016166512484174587,333.774753982134,1,2
0.27711696371101807,1119.383909510385,1,2
0.04782485061061839,620.3244319106053,1,2
0.7507687484443457,2707.2977097656167,0,3
0.22679045601773895,2342.050681681102,0,3
0.033801789118137165,676.526419567615,0,3
0.014609964456375529,355.01752257856674,1,1
0.01668133553019315,533.784407772032,1,2
0.2892692421363545,1016.3860554488422,1,2
0.06286531443465224,648.72231890541,1,2
0.5876759804503843,2056.2640662792332,0,3
0.8311221666513616,2337.1196876626873,0,3
0.03131815173334818,323.5184245843007,1,2
0.009084703146865238,431.3469007276766,1,2
0.1769911200815797,539.7560323303827,1,2
0.01789308252497846,326.1362663888087,1,1
0.09653871146634824,1017.3312191643333,0,3
0.0020157036772602433,109.41552142934361,1,2
1.0458468198923332,4261.202619738175,0,3
0.01888709303694341,265.400226577521,1,2
0.006651021760344869,93.45973351827249,0,3
0.0308568857774192,1674.959610933984,1,2
0.031015013869519506,312.80868611603756,1,1
0.3935151532168686,3078.8053119596484,1,2
1.299847313447964,3079.729627249233,0,3
0.02790872703091163,1325.1223197306567,1,2
0.024571682073836663,476.73675709340876,1,2
0.007990715011031404,104.26166477742319,1,2
0.3068189112024882,2244.506063568163,1,2
0.582371279712473,2438.9467520000785,0,3
0.05936597839929624,774.598484679564,1,2
0.004215940048142966,251.44212155593442,1,2
0.0028150162948199823,133.6585835154663,1,1
0.027347731971515635,1631.0411600112407,1,2
0.018201538764650336,331.758481913187,1,2
0.00171190360717546,20.69039871560812,0,2
0.03311212590014876,683.6348709696296,1,2
0.020579669270300242,500.0794643713169,1,2
1.0220660730883406,3276.646942850173,0,3
0.07683552413455295,288.2092967621138,1,2
0.04937468262120229,720.3077188299758,1,2
0.008467076675501298,184.75774744352123,1,2
0.2071956322436133,2301.716532297727,0,3
0.0628021565540941,633.4048457816865,1,2
0.0018802217551762272,24.532854703836918,0,3
0.5654623494897342,3072.8674411898296,0,3
0.35296047383796086,3028.099516456712,0,3
0.02360200738493709,306.13586108641897,1,2
0.3823959563940149,4107.569514157937,0,3
0.2749477769704857,2224.1910172415983,1,2
0.8542343716083689,2931.866668820027,0,3
0.8964907967496094,3436.508598553499,0,3
1.115288056118529,3845.8854550969254,0,3
0.3208799399662238,1948.8417865984263,1,2
0.6008084393181268,2493.5101839343793,0,3
0.05402822716378976,704.9522979223891,1,2
0.15255219357451036,1929.5672787835913,0,3
0.05636998813108763,1230.0339809903946,1,2
0.014961388097711687,150.89634242971306,1,2
0.496572653298236,1982.7716107752085,1,2
0.35359956285319655,1562.8624048684644,0,3
0.17008728276799667,1237.5568203009236,1,2
0.0015693247296803044,28.603998633275015,0,2
0.00757910593084706,138.05044517975242,1,2
0.0024330373003053807,145.10833968879118,1,2
0.08674723362793825,1010.1131808588098,0,3
0.0015115900698485642,29.32768484423432,0,3
0.024349764016048717,531.3294921969176,1,2
0.011321289979232277,436.385601154238,1,2
0.001449883388804067,68.84129245246457,0,2
0.354682937378819,3585.182165789874,0,3
0.0499649976642419,1090.2724485980377,1,1
1.1788907524414924,4342.098261642167,0,3
0.46442223385346915,1952.6930898567714,0,3
0.035547737251873116,463.8216054300661,1,2
0.23869660881483035,1334.7831674136899,0,3
0.04380240008237989,955.8001045692995,1,2
0.22074549938692806,896.0443812410018,0,3
0.13147264778816378,964.8560978934138,1,2
0.41707798902893667,2071.6109332461315,0,3
0.8438429409507416,2581.2203783644873,0,3
0.0093289265304975,170.03784919812855,1,2
0.028334471983655903,906.6719699962701,1,1
0.08273570819630628,1073.1446210560716,1,2
0.3605959536416118,3033.2416656071296,0,3
0.07379020436662716,430.3161766573879,0,3
0.04254447787488522,973.2661544504188,1,2
0.0035688500010525115,69.24238930578525,0,2
0.7813953954916192,1764.3941272611014,0,3
0.007196245966067612,313.9924579802438,1,2
0.01921513782551594,372.80974361105336,1,2
0.0483549306065314,679.4804003989082,1,2
0.015829338336520737,288.3251961637883,1,2
0.029703680623474702,721.7900589627493,1,2
0.18642176038202177,1495.7782594948715,1,2
0.5102320623737114,1309.239757770772,0,3
0.15950299752840058,1822.5264461264785,1,2
0.3087228448054744,1072.67284072807,0,3
0.24441421524729334,2590.897352003511,0,3
0.49560217683498997,1485.8582827215216,0,3
0.3133718807240518,1377.5836090594105,1,2
0.30416548356286344,2261.882690655021,1,2
0.00462328679783569,46.62916724309077,0,2
0.01813078692498883,1081.3349995111682,1,1
0.04515952197293165,634.5787221095961,1,2
0.05673921462005301,1268.2934564162763,1,1
0.028024331266521853,532.15702818739,1,2
0.09196303689695008,488.0516925269407,1,2
0.04889691109481641,186.07102367468465,0,3
0.020435109732257692,456.7866532542917,1,2
0.009380280557943294,559.4476243366078,1,2
0.41907547856346755,1543.7616984667907,1,2
0.026780314120888975,487.7929296904739,1,2
0.06426871573380337,692.0003892665098,1,2
0.052719437667774226,1178.4392552439833,1,2
0.7353232646074217,2155.077254477923,1,2
0.0013203869077340457,29.51465025081531,0,3
0.0030272344599645597,73.56084140041108,0,2
0.038119537685719185,535.6533119750807,1,2
0.970811846600813,2516.740624317628,0,3
0.021495212281502644,522.326870422285,1,2
0.9190703651440569,2730.7955679062006,0,3
0.03538867237911992,645.027454943615,1,2
0.04273603465954023,557.6134442835295,1,2
0.20744574706976823,922.7019475830615,0,3
0.022690507752977283,513.5273006042195,1,2
0.011126793200324128,603.9795896511419,1,1
0.0018635488231105496,33.96680558277729,0,2
0.24694361610010135,751.270011926374,0,3
0.22780665800375846,2445.4322678419667,1,2
0.005204941267807286,107.461519165278,0,3
0.20438400646821858,2606.7266773465303,1,2
0.02774649776628382,1210.6577617078833,1,2
0.5265727571718398,2095.4613514925077,1,2
0.7626291011187343,1649.3068562425747,0,3
0.27262511527472594,1138.1003727783147,1,2
0.017353745668125864,480.21176792130524,1,2
0.9077482015909485,3085.414068920325,0,3
0.25243349029952433,598.8752348246913,0,3
0.02985536435384769,579.2501116173327,1,2
0.5609448224230242,1677.3322688750018,0,3
0.22969162634696558,769.5043767898201,0,3
1.2451208907277107,2832.7763980083396,0,3
0.30703516340999576,1079.2829781161774,1,2
0.13917652246952594,434.41849857387336,0,3
0.0218820539776482,954.7755797253101,1,2
0.030111491852502493,833.243324742111,1,2
0.01598325116296097,442.2875294405909,1,1
1.2191963348337722,2669.627845100571,0,3
0.012252377673327354,252.963299760185,1,2
0.03406743619492407,379.43836946762957,1,2
0.007687659433913739,140.02770470889874,1,2
0.2545228351773434,1165.4642584105427,1,2
0.018612548598273354,812.1178613412728,1,2
0.05701586074986727,1038.5215658209252,1,2
0.0022165968172246386,70.92866258879963,0,2
0.0022840624505051804,29.626015010350926,0,2
0.007569314643654249,359.3953879824347,1,2
0.33271512400602077,1949.0201003107536,1,2
0.031134250818519806,756.5524629395791,1,2
0.8394362986254597,2016.8012967619022,0,3
0.046999903936898575,1075.1904371403166,1,2
0.14715418287218313,853.4950418116509,0,3
0.47712443525858844,1723.3263547904655,1,2
0.06484843577537033,911.2460829369861,1,2
0.01278354660750571,292.4420246386287,1,2
0.3331397874044535,845.307074157553,0,3
0.0069032092442103425,220.89511067490463,1,2
0.03291381327503518,735.7235076652051,1,2
0.05885920345137562,838.5721822768875,1,2
0.028989504390951923,562.450802983616,1,2
0.021888295264157944,843.6968671072543,1,2
0.5878245268806004,1654.88590380976,0,3
0.006565003641859756,181.666371373515,1,2
0.5392456982506418,2367.777317094175,0,3
0.04192286541447146,547.0033325326253,1,2
0.044870839223973266,542.3176575810554,1,2
0.9226108504503814,2544.717528059344,0,3
0.02884021092850184,1369.3497078805838,1,2
0.22011209254485303,2123.790538642088,0,3
0.5584317266678719,1867.950040374907,1,2
0.00286836861062715,125.15499257404534,1,2
0.01540790741360109,731.5762553946673,1,2
0.033310313486403745,607.1453176125992,1,2
0.031159414208806444,696.5073699280019,1,2
0.003335191008746897,60.790349665452446,0,2
0.05413532281322693,308.6403212930686,1,2
0.01691647541669897,170.61480194958986,1,2
0.2780033702245893,970.1055481887357,1,2
0.6045580228450944,1475.7752101175422,1,2
0.529867816386783,1553.0910676233561,1,2
1.2134221431540841,3376.363556836746,0,3
0.41380957703623056,1499.2428969043515,0,3
0.05512204497548347,1339.4482857979015,1,2
0.02164387606113295,1174.8631565725914,1,2
0.12502525083743632,552.2703106581922,1,2
0.3892974903717538,1289.26458606082,0,3
0.046226181802149935,841.9917909807803,1,2
0.7480399825347578,2106.0404757131896,0,3
0.0508954235118144,927.0401994015617,1,1
0.3531989002326341,1622.944922101882,0,3
0.02353655076228783,485.9369915410502,1,1
0.323742444762871,1136.173246297696,1,2
0.023964895944929697,289.64437612043344,1,2
1.179186003823503,3382.4042880519896,0,3
0.06742869239286033,480.20737291427696,1,2
0.8129777999315834,2679.530230510293,0,3
0.1640243558923807,449.6010430315935,1,2
0.008991257919041602,392.3138797153893,1,2
0.022253062331443394,268.95482336211523,1,2
0.3489398159939983,1523.8284070835323,0,3
0.06310311061140109,823.3600317237868,1,1
0.019800245703164823,940.1269892515656,1,2
0.007831337243610728,179.1531090288158,1,2
0.0009945579731524543,22.231385785345118,0,1
0.017441271022286837,227.57111849282904,1,1
0.40629179076837,1512.3408167281132,0,3
0.06321884380205768,643.007299719466,1,2
0.044773949810679156,580.7519443570797,1,2
0.02329819254948342,1106.2115059030882,1,2
0.016444069960000703,455.03927845488414,1,2
0.18617067426659464,913.3679220285024,1,2
0.018731261728455902,1016.7619338940688,1,2
0.013803805634881067,823.27028723027,1,2
0.43394426374256406,1753.4241892091468,0,3
1.0900468152038192,3053.0603692009504,0,3
0.4202330106926142,1210.1462379422805,1,2
0.008360818400536362,152.3921936479786,1,2
0.03677344263775642,370.8865752526671,1,2
0.3654365384077356,1379.6285405668527,0,3
0.04402685726600113,444.0424703059949,1,2
0.7461052944287772,2445.0065935499297,1,2
0.008870739203494618,161.5770392034947,1,2
0.021682475345359716,304.68076046239804,1,2
0.010611536305306594,242.75416337342034,1,2
0.5350568455840252,1723.8378144097899,0,3
0.0527523221758918,145.12812567985273,1,2
0.07235390695770498,938.4848181854213,1,2
0.28477541408569035,2701.602830077115,0,3
0.02115951666200876,334.03586991735585,1,2
0.004708651138599118,105.25262761606285,1,2
0.0012061338761885528,21.96925601429097,0,3
0.01292842625203649,156.25546485138838,1,2
0.044007017726812064,594.6802271502469,1,2
0.39328546743188875,2116.3182404868207,0,3
0.03880780634415582,1020.6428518678931,0,3
0.01333792637371545,990.1089694169569,1,2
0.25861260833025307,1761.7245462547808,0,3
0.16755258227246816,1257.5151524381904,1,2
0.0028320892433837718,210.23335138432347,1,2
0.017556759529035564,776.7672172810336,1,2
0.02329117653051141,115.70703471357801,1,2
0.15647616470086007,504.9604509514676,1,2
0.026469677227314286,952.383936524059,1,1
0.025169012680139304,793.1414507602743,1,2
0.19808936030473595,1410.787470955035,0,3
0.020362345920509263,645.9341825493967,1,2
0.31409988401169897,1149.716092700194,0,3
0.02394648894249969,323.6671262388196,0,3
0.02553387648565128,433.90522278972196,0,3
0.04789186193903773,647.319169054624,1,2
0.6917455542304768,1700.2875664012356,0,3
0.4437819611239961,1644.8105646330566,1,2
0.0358478376163117,310.9999750654437,0,3
0.0029058700369571453,135.31509243708456,1,2
0.002320794115061435,44.12491496784467,0,2
0.048583790607339354,1170.8347475287246,1,2
0.035477517829561794,1413.374617077498,1,2
0.01270482521994529,696.1949553670923,1,2
0.02065302590547173,1131.737918431373,1,2
0.11802489198363567,1199.7191185066567,1,2
0.005053539710235381,370.641291135501,1,2
0.04163729594950813,1003.4291742451364,1,2
0.020163460708938017,272.53470846444964,1,2
0.07994446731680226,265.58568735626426,1,2
0.0028717676112760644,176.01473465238917,1,2
0.027215035527034945,1583.031867992025,0,3
0.001811883382142712,132.88879372693276,1,2
0.020542073713379298,277.59129550300617,1,2
0.001793910073059493,88.35262890888059,0,2
0.008873401106973738,319.2666311735774,1,2
0.1375225387452041,2244.6289921189646,1,2
0.029354874972749165,1056.1938909428502,1,2
0.07480521779170436,425.60078410218097,1,2
0.02876233809154543,382.0636116672813,1,2
0.07641253580340734,1032.585857800832,1,2
0.5998134783751446,3436.5018678534825,0,3
0.29867937768959824,2333.868357616036,0,3
0.024459257140796154,330.52538762591246,1,2
0.08933404283228878,1011.7381676729009,1,2
0.019538045339309383,264.0814276565886,1,2
0.021922756162874556,253.95153782123074,1,2
0.019081464850286976,324.2573551912768,1,2
0.07405045628570651,1000.8857014579131,1,2
0.026975856649874785,1328.5994029905328,1,2
0.03093979412726859,981.471914182275,1,2
0.010122488075221786,742.4126977977512,1,2
0.16358404170523447,956.3800103329502,1,2
0.019937757329683076,1092.542859422225,1,1
0.009936146210612265,728.7458438198189,1,2
0.009014683787959396,312.67055083945843,1,2
0.03028591901548943,880.7073502035588,1,2
0.024996398057931954,332.0388659047765,1,2
0.41900926854111337,1610.9092886612389,0,3
0.32989956684860733,825.3639943525677,1,2
0.23549662817034211,902.7181962597256,0,3
0.19091256878507928,885.5132600851804,1,2
0.3091687940856988,1456.1592881216102,1,2
0.36628062077410245,1238.922969639778,0,3
0.08846493888270346,534.4227759462033,1,1
0.3763326831540032,1603.1330092477474,0,3
0.0011210812416949266,38.88423572269128,0,2
0.8883578609569616,2603.6070607230854,0,3
0.005536673558918861,339.3506227674771,1,2
0.00735708273684429,362.34681473845427,0,3
0.5834933997754509,1463.6888238252886,0,3
0.05436676992181163,734.6747122750381,1,1
0.044369813886825676,1290.2636765721343,1,2
0.13574493923474037,803.4796175524833,0,3
0.050143061237528125,893.148822862677,1,2
0.030379738090996134,883.4355866934536,1,2
0.14967162276176166,1208.6869371986966,0,3
0.007791054381906504,344.70117460515,1,2
0.4436822125963041,1942.4465161731835,0,3
0.02640824159322377,837.722039134249,0,3
0.009031873517824248,359.81719003211657,1,2
0.10820969971200821,838.7023968544855,1,2
0.3057978426015933,1229.5668147312613,0,3
0.324746485164731,1197.7876169165359,1,2
0.025187043457141994,1240.497802705027,1,2
0.13359340905749342,696.862505041735,1,2
0.2799034214673281,1332.1837220517127,0,3
0.012037335377004592,592.855930510713,1,2
0.02978473704570814,402.49021876255205,1,1
0.07969496295212836,401.13302820866005,1,2
0.07138649985027541,353.015524540958,1,2
0.04602044699664983,636.0897015909526,0,3
0.042605103402754856,575.7357321187742,1,2
0.3739349807870835,1409.1229347480914,0,3
0.010046411204065488,615.7588780335288,1,2
0.1168256703668442,571.9168554098735,1,2
0.03775171951348401,510.1504781568712,1,2
0.03181958171397737,1267.6475658927016,1,2
0.0019875370842831874,79.18069350064151,0,2
0.4498067976671035,2780.0700199320354,0,3
0.025409648304176417,914.2438976419212,1,2
0.05399171835708332,695.2468130371656,0,3
0.015095853235985859,287.0152229713431,1,2
0.27856809817362044,1550.4345148381801,0,3
0.8168669872217711,1861.3768351388235,0,3
0.015494061386634499,373.3958430381157,1,2
0.002398365722251535,131.42487897712786,1,2
0.11553026517784283,427.5579071316886,1,2
0.2825513680825808,2791.364358948247,0,3
0.044385135375127796,1407.9849270707434,1,2
0.00586358349616931,186.0045511059431,1,2
0.002391549023182828,105.80978093688945,1,1
0.060502223249471396,803.6793759610231,1,2
0.0611482879975289,1298.0521216079035,0,3
0.01721198015341251,685.701180543255,1,2
0.013314992782686124,320.88184182787984,1,2
0.06145152107544829,1168.3686736800828,1,2
0.10554554699983079,866.9335062434354,0,3
0.5141790065081459,1940.2380939269003,1,2
0.30110805852765665,1183.3818832587065,1,2
0.032908728310322745,1037.0401432282417,1,2
0.011898570214679766,160.82424596706676,1,2
0.01403038035760958,914.0760149322808,1,2
0.01822004182137898,246.26694086290763,1,1
0.0009701030104643309,38.647545116537465,0,2
0.18171710992312565,777.2667421777312,1,2
0.008935913841246024,283.464990964692,1,2
0.04585191383843267,619.6108699294942,1,2
0.09542486272505045,320.6776223735589,1,2
0.01336567995753909,423.9859980423094,1,2
0.010364412180821831,510.46207779472354,1,2
0.05014380812726726,567.0255456112529,0,3
0.3684223709309113,1345.7258945855974,0,3
0.009770268876497422,132.0286175914737,0,3
0.02561592057678544,1192.8340278900976,1,2
0.009714049773701734,129.03627405545197,0,3
0.05014816310679247,677.6673941562125,1,2
0.25933385481592924,974.0819475711253,0,3
0.09865870577933594,606.8717711685794,0,3
0.2946549202478082,1405.4234903647068,0,3
0.014308979825500912,190.07288260101936,1,2
0.5516636398241943,1162.6568953148806,0,3
0.2295094534156939,2131.1700102366426,0,3
0.02707784356126833,858.9631476760054,1,2
0.2681280879355887,1461.2395618629296,0,3
0.024069720567411225,1185.4680572733523,0,3
0.02433135292923069,875.4466284078718,1,2
0.41208328353555795,1462.128957523971,1,2
0.3740375655868747,1187.2698092394949,0,3
0.058959062019484205,407.24390687153067,0,3
0.19514989271723185,841.2004636551767,1,2
0.237990684461942,959.968817195114,0,3
0.47391969206747947,1159.5306210485792,1,2
0.04095821074569996,987.0637045439905,1,2
0.07184236330116547,971.0405282264384,1,2
0.4686596213541381,1315.189989821707,0,3
0.008135862752352927,400.7028409101212,1,2
0.031210134837670083,151.83519740813057,1,2
0.006702650190991217,367.28968480673495,1,2
0.1383319823979646,838.0892579519814,0,3
0.7554648849945607,2705.984278877844,0,3
0.32184162954247475,667.2912540276078,0,3
0.024680555846725356,469.2477549078366,1,2
0.08480309235963045,878.1866901882363,0,3
0.017233540070446206,597.7381562664931,1,2
0.001312760912775183,17.73973784475453,0,2
0.215781817196891,617.9756783679024,1,2
0.011173496139597835,189.874746770893,1,1
0.02152727413792815,290.96837422426466,1,2
0.023998889459659094,956.0821409007191,1,2
0.010949556688676813,600.0103109010441,0,3
0.4129885521098636,2093.788806482328,0,3
0.07585779448238407,642.4021089440992,1,2
0.0047294134314689205,62.82301428150959,0,2
0.011899971652188531,554.135506280498,1,2
0.003166541954528006,126.15059610262853,1,2
0.2815133651912321,1034.7438766047367,0,3
0.0063459558918233325,413.4375494237984,1,2
0.1688674828407818,967.6782386098292,1,2
0.04109748967551051,1478.6953638418402,1,1
0.004602949786849644,252.2309725585154,1,2
0.30839377477010577,872.36809735882,1,2
0.2996204223926001,860.1757697282746,0,3
0.01789053567265798,520.2525390737007,1,2
0.5760185611482372,1730.5288447992712,0,3
0.009486362560772656,341.3210989063429,1,1
0.42887742073184987,1815.7078200843553,0,3
0.007449568460457081,546.3730040537295,1,2
0.0031424090080190005,53.39994816247876,0,2
0.002032785915862763,100.11760476327139,1,2
0.061472120118065646,1009.812419281969,1,2
0.0025016566564742514,116.49244371270326,1,2
0.03128281876587269,985.803478871213,1,2
0.631187269354609,2239.0493039125386,0,3
0.007750497642618162,568.444024964207,0,3
0.016418564386320444,726.409822326261,1,2
0.050164514703993995,822.9364391991492,1,2
0.0019916111004723417,71.65853983045778,0,3
0.06683055966149172,511.33686564898227,0,3
0.40856738009614935,1595.7315439005645,0,3
0.8195799009369097,2024.3652543397704,0,3
0.007317591037355603,230.59644195016082,1,2
0.23947566181737995,2572.3330772944164,0,3
0.012442381589376692,495.6870545143943,1,2
0.014350829006187732,1074.5893720820652,1,2
0.029716165644721675,1383.7665311769517,1,2
0.011743134909017546,861.2756472143976,1,2
0.0193576267991111,1186.4565681314034,1,2
0.038952000057035856,526.4856134019572,0,3
0.31754577641865317,1504.1402578983993,0,3
0.03989972758578631,539.2953512480623,1,2
0.053691712789744904,567.9487124326678,0,3
0.012713323791527632,626.1493237704966,1,2
0.00842192769589763,414.79194725966056,1,2
0.1756020318435767,1278.3528745109365,0,3
0.02236313004260415,380.02372764920875,1,2
0.01774406406158989,638.4347431132885,1,2
0.0044228414036961,328.31902211860387,1,2
0.0019871818378736136,97.87153889864581,0,2
0.0050612298336873635,277.3436562224304,1,2
0.05897425710328059,796.9370891685859,1,1
0.2573470548553643,960.9912688122745,0,3
0.03163662262076569,601.5024227920899,1,2
0.1387241321450195,1187.4492560607382,0,3
0.07823352935289307,575.9726264363876,0,3
0.5052776822908789,1152.5066461714503,0,3
0.0006820292924378252,50.0220107164476,1,1
0.04362421089744134,1383.8468865721202,1,2
0.005049717672865334,201.1736789626376,1,2
0.02912219165930844,917.7164649056397,1,2
0.0072842997699832995,290.19629973941215,1,2
0.005075567509630516,86.25072077434426,0,2
0.0209127113734272,725.3486798294274,1,2
0.034162824402325195,461.7538389470374,1,2
0.1658564888172353,969.8182953934391,0,3
0.00506224612457165,375.78369777268574,1,2
0.2725551931016663,1009.0906277621077,0,3
0.45657823208073023,1724.7927910533917,0,3
0.008119397186458325,528.9768370267245,1,2
0.30355892340858076,1560.421750590473,0,3
0.5896605457220122,2212.217118762627,0,3
1.1120298559776691,3953.853239788693,0,3
0.3802103327681315,1366.544033226692,0,3
0.34972714006293715,1315.7146884316396,0,3
0.006825455498183285,164.4886157519527,0,3
0.5038052712031923,1338.4706078782729,0,3
0.11853046746479694,641.7313093058633,1,2
0.012148127404148104,537.4720262751099,1,2
0.012031489303343195,560.2597729878063,1,2
0.004383755542550235,325.4175769753641,1,2
0.020905611835321653,276.9075630867023,1,2
0.00834996701179274,369.42925768346305,0,3
0.030411554125116962,964.7150888483121,1,2
0.3234215797499575,2426.0816670821005,0,3
0.07075874416222744,379.48137916002764,0,3
0.04114206190274663,364.8717646144263,1,2
0.0017464328799381616,86.01430945325136,0,2
0.0018457580314935502,135.3732589715073,0,3
0.4083218300706052,1354.7151986874853,0,3
0.3046281685316757,1314.637807112937,0,3
0.006122188643857035,192.9261844525389,1,2
0.24957522293338344,1344.967459634927,0,3
0.01978085465168403,1468.3842948751999,1,2
0.00403244765208607,68.5246557783554,0,3
0.03654900894097678,494.00614508491753,0,3
0.02062645446277462,350.51185134625644,1,2
0.17723713761383283,925.8111935072437,0,3
0.019535859226359652,470.8002920133642,1,2
0.008161132552208938,500.207459336076,1,2
0.24897289168077383,1678.6320883031817,0,3
0.551443669694196,2132.570094282886,0,3
0.07156163442761306,441.12317723886684,0,3
0.009705658200802183,711.8411832362212,1,2
0.10990770116819709,497.45381878710833,1,1
0.3774959578289867,1690.2979025131322,0,3
0.24899836078818774,835.9522001282996,0,3
0.043090654513131425,1253.0660250193405,1,2
0.46156298663860984,1739.5889968454562,0,3
0.002142968670008222,139.61391010639582,1,2
0.1400582371848319,851.4652543488851,0,3
0.010668619683374056,202.8408867887415,1,2
0.2031251951613552,1639.8198460025806,0,3
0.8159547450313054,2234.1996290240995,0,3
0.15008540838240675,629.4469826503476,1,2
0.01890655817250358,655.7660920032247,1,1
0.00260139709597737,82.52149890961542,0,2
0.05643398067015993,610.4276319673769,1,2
0.18033629482503463,653.8599134316853,1,2
0.09607414117257725,524.7007142737737,1,2
0.0298510504536404,251.69809199575178,1,2
0.13181912540846338,664.3904331506357,0,3
0.04952205510305045,376.51021956827594,1,2
0.011117007391651933,681.3772460163597,1,2
0.018332563276437692,247.78781083622664,1,2
0.5558491180038186,2471.2048534022733,0,3
0.209400879614033,827.4469407409873,0,3
0.6194053552799283,1443.789102256957,1,2
0.02350329495377788,745.5713439135104,1,2
0.007824263528344129,103.93335801704018,0,3
0.1059251624087483,599.8050689633214,1,2
0.037665169075032805,1355.1998267854842,1,2
0.006123399143952667,398.9380290968551,1,2
0.3428049990072478,2119.464518210386,0,3
0.02351067073631385,1094.8007114844982,1,1
0.4469719398787535,1590.124359939723,0,3
0.03650321724393837,694.0302659716558,1,2
0.4342688897095867,1403.4590497220713,0,3
0.09235873341994646,411.8894871932882,0,3
0.4546568060219168,1404.881281722231,0,3
0.0167014264779403,579.2820180378611,1,2
0.4840195993442661,1585.4269279557154,0,3
0.014421980423568964,638.0745594180037,1,2
0.005078266040649845,96.55232050682613,0,2
0.10446297854557143,370.62543534460906,0,3
0.02507527596962799,1234.9930945835317,1,2
0.01505021630227105,203.4227343944064,0,3
0.0800875408649782,1063.8403253252511,1,2
0.39149405529030545,1292.3120739158135,0,3
0.010105207300784503,447.0867042461309,1,2
0.0031233133235977753,59.383093884672284,0,2
0.030844996502229678,896.9651910719058,1,2
0.060484574261599366,336.16441966297765,1,2
0.021560178003408797,683.9318027803666,1,2
0.02625514038413541,632.730181789203,1,2
0.004473262277843225,328.0820575901482,1,2
0.029449350556043665,244.96922698069014,1,2
0.029407826322172377,390.63793423789826,1,2
0.3036400017711605,930.7257073959929,0,3
0.76715237797064,1869.8839444260293,0,3
0.01261034572316256,239.7586365539978,1,2
0.0746622234729175,1008.9333544491813,1,2
0.10823381866222657,550.6978008328922,0,3
0.2207857645367238,1465.8226487997283,0,3
0.5247705272094372,1626.0552797549428,0,3
0.16108397197956967,911.0634963564246,1,2
0.02589211683063294,1205.6954157515058,1,2
0.15578963244804678,685.8941098416965,1,2
0.6502935234002193,2206.1261116981427,0,3
0.039116013744834574,1407.401489315955,1,2
0.29054027396977433,1036.920145767329,0,3
0.12556582106521677,582.9338486914608,1,1
0.0018413012602208558,58.40974458399667,0,2
0.15595622104146442,1182.3392082976175,0,3
0.03060728928893883,520.1193279590555,1,2
0.013805996068635548,496.74232029979737,1,2
0.2729350343035193,844.0774485993537,0,3
0.015527346168166154,951.6932027905754,1,2
0.5490465249785301,1273.0821044431168,1,2
0.303055599199425,825.847269626083,1,2
0.11083667138005249,493.45793485771173,0,3
0.09651964062691992,770.7869677008357,1,2
0.33728372581928573,1705.1543209451281,0,3
0.20820843052069596,1129.9804382650107,0,3
0.11342780425758554,706.4290743419887,1,2
0.0009955460775038596,28.95024408787292,0,2
0.2461097191535755,964.0344196423131,1,1
0.12442783810353733,512.2635322141098,0,3
0.2829357498014507,949.8585461092846,1,2
0.14639914976178986,621.1544958650117,0,3
0.03827690922284207,300.533741106644,0,3
0.004214715068045987,207.58072656821793,1,2
0.2650709032398364,959.5978739894495,0,3
0.20897599446199394,668.9699302978678,0,3
0.09258085913080354,397.7419048524564,1,2
0.05150649807559888,529.2755300039664,0,3
0.027662236424561806,804.4112820126186,1,2
0.3347030611314212,1134.4906049447463,0,3
0.35267240355976176,1501.405796860129,0,3
0.07573134401544324,1005.974921748892,1,2
0.0660540613235132,892.6086388292223,1,2
0.007920724494551104,251.26116222363504,1,2
0.0015468861007986296,55.65725117768769,0,2
0.0326381605533973,223.17151135744157,1,2
0.2948233033571591,974.5011214173475,0,3
0.04186414411757991,565.7229237355227,1,2
0.007911221311311683,484.89004278034224,1,2
0.004560756500214788,132.625718578113,1,2
0.43310004381753103,1621.1023767953918,0,3
0.0022334718865735102,53.825081570184416,0,3
0.1538520619046692,436.1985753120947,1,2
0.007473814330602583,368.0960121704521,1,2
0.02518916819678638,132.77489717761205,1,2
0.2959341021635282,2106.554870684781,0,3
0.042972106860533085,447.1263063351646,1,2
0.015882718480688,500.50602055321394,1,2
0.01652384465627475,1211.9067958484218,1,2
0.013228621718755997,616.005584531615,1,2
0.05153962421411625,427.69891835970174,1,2
0.10653941778299213,522.3280160308,1,2
0.043002965326324416,212.22166397913466,1,2
0.011552985255348758,415.6785699199798,1,1
0.003809725974369222,151.77414654718547,0,3
0.2456636256474969,1703.0851111006,0,3
0.020228099514898797,385.50501463415264,0,3
0.01465302209940706,648.2965824126176,1,2
0.06059457924145912,167.03474268377627,1,2
0.3819292654774758,1757.8586180377429,0,3
0.03902506626057942,185.48592823436053,1,2
0.02296683609648504,541.2512863697499,0,3
0.0016494028912522813,59.34582446906543,0,2
0.015105734520882987,668.3260284659651,1,1
0.02119476049505631,1161.423717479167,1,2
0.04054334025998994,1277.6267436922712,1,2
0.01675727076424266,780.3210789258675,1,1
0.34835540426369294,2133.4559263634537,0,3
0.013690945235855272,181.86323960524612,1,2
0.2391454919084234,1474.8556877440583,0,3
0.0046675611712395934,63.07417500503074,0,2
0.0306129078378414,1219.5753688519037,1,2
0.04637550722270904,247.1474612708483,1,2
0.36001174566539773,1218.3135583274213,1,2
0.011451992883853353,627.5426490812343,0,3
0.052570364520472396,236.40548308874168,1,2
0.06767081135673758,914.6567204351992,1,2
0.0009240066094069244,22.26790111919339,0,2
0.26291752148548114,1637.8683767736352,0,3
0.26966503888746757,1109.865769612117,1,2
0.012403700886725117,390.8730724211789,1,2
0.0024075378801540126,131.92749195692002,0,3
0.4056573763172024,3563.100025634859,0,3
0.0010642720577729425,79.00368323950329,0,2
0.4300785920459365,1467.5549124638153,0,3
0.02272205128624757,1005.296251813788,1,2
0.00417678969113039,56.45460257151925,0,2
0.01616433835235573,1053.102881642456,1,2
0.01547910048307874,684.8449332788159,1,2
0.020123188258868715,1475.8931176346605,1,2
0.023460970907592738,682.2394760634895,1,1
0.010144696646313872,365.008082413974,1,2
0.2535752819709834,890.2465934983784,1,2
0.023567680116403734,1291.4542091446624,1,2
0.31197080465289023,2884.5040970275163,0,3
0.020763891079201013,827.2043366757458,1,2
0.03214345592561611,1761.3868334329416,1,2
1.1760787264487396,2881.9440362269756,0,3
0.12764893869101304,852.8024000819325,1,2
0.05765268326322735,226.59643127954251,1,2
0.05488055670898586,142.60827234909593,1,2
0.00440809673857153,323.3026275276352,1,2
0.7997261996760596,1964.1199662994247,0,3
0.003980429378411744,158.57473106049628,1,2
0.011881714418755449,728.247230876532,1,2
0.008942396689059339,663.8173672461029,1,2
0.48730677386108034,1803.2567697737065,0,3
0.6628633620832882,2231.726555120143,0,3
0.011754448323876007,862.1054059440656,1,2
0.08052209314046764,701.7377418846044,0,3
0.0006977278924419894,51.173391670826646,0,2
0.0018944613672047053,88.21771509445205,0,2
0.0032421953039840825,150.97645513324022,1,2
0.03893696942056572,1551.1943228196826,1,1
0.003070912542813688,74.00680487876333,0,2
0.16472157337127935,917.5723891455807,0,3
0.026695265476983376,499.5912306214972,0,3
0.010909455621467789,809.8372685245669,1,2
0.30327818087652486,1739.5958309569596,0,3
0.26819540035677564,1340.54654879311,0,3
0.6697603051728773,1908.6397419259174,0,3
0.03709987772908418,209.63528685531872,1,2
0.11916264045488226,443.77666946258034,1,2
0.8611665037674807,2785.278782012322,0,3
0.5407877532482793,2326.3245510170523,0,3
0.0035157200944249986,84.72635003732954,0,2
0.46822037065476235,3234.909946426805,0,3
0.0007503691545701762,34.941779990588685,0,2
0.19936713598155634,808.3660762022771,1,2
0.07424013870176893,986.1665429562335,1,2
0.005040605534430082,159.89805045776524,1,2
0.04559516341626838,616.2763797552548,1,2
0.4303871788313781,1371.690197662975,0,3
0.05527888440655977,1332.1817391919726,1,2
0.039982938937084885,540.4200580478745,1,2
0.02198009247330481,762.3703485096004,1,2
0.012756224779301072,370.94799461866916,1,2
0.003963195280371238,53.56760359321006,1,1
0.05034880475767093,855.5931316519872,1,2
0.4982601847257564,2370.221151965904,0,3
0.20930595054611748,985.4283314244545,0,3
0.005393616895716316,102.54803963354271,1,2
0.004633456241582463,88.09521764133014,0,2
0.46482242717812905,3585.3108966103596,0,3
0.1866513501379348,2644.7292002607387,0,3
0.09717456236574123,376.26108408222433,0,3
0.027442943475630425,661.3553902251688,1,2
0.008927712232315081,581.6383741407782,1,2
1.1509503041041165,2391.9054576354574,0,3
0.07293368480867048,457.00021326474615,0,3
0.31639346394433787,1333.0074005240951,0,3
0.15572288319729735,1551.1693708485152,0,3
0.029197878999740395,1163.2026019685866,1,1
0.025270112203339138,429.42299308421934,1,2
0.10082796029772394,419.7110043097599,1,1
0.001820816120023752,84.78834168714107,0,2
0.02700805655485353,365.04808998911426,1,2
0.5617291818955629,1941.0520665717306,0,3
0.0063680729983308145,296.53645051433676,1,2
0.02141735470696179,284.49675633659166,1,2
0.35461479396958545,871.9419601213257,0,3
0.1133581560055546,398.71047668480367,1,2
0.21417326649023435,901.3540972942726,0,3
0.04587085878778774,1455.1150338765804,1,2
0.20510173940256485,924.605525545253,0,3
0.09044665664197254,436.53592413906983,0,3
0.06946316784783621,938.8826884283523,1,2
0.03799356762200341,722.3660770966658,1,2
0.006365716909058133,281.6396842065497,1,2
0.058149319688692115,211.75081727104228,1,2
0.01953497876471798,615.5982991834155,1,2
0.02664963058276957,360.203509030614,0,3
0.03203349015969787,377.6719867197645,1,2
0.009306894855238905,176.58796860192666,1,2
0.02883243061803478,1420.0383180811712,1,2
0.054024501397168787,544.7622759707044,1,2
0.49805900346354776,1514.0794977337123,1,2
0.016008513673731576,216.37533705142314,1,2
0.019926340156813157,338.61458795668887,1,2
0.016585201805458805,399.6915499152886,1,2
0.01755931692823656,1143.985411200215,1,2
0.014617503949496395,801.0053136127883,1,2
0.5635148356611108,1486.9022985059348,1,2
0.29451190938993194,1564.5983059221078,0,3
0.004298105845464556,200.14611196873258,1,2
0.2505826256091271,850.9822754432575,0,3
0.7534149082818717,2332.8498659077195,0,3
0.015239592234767469,258.9712011635679,1,2
0.04438254302857614,1407.9026926731322,1,1
0.04539150286764482,613.3891963230191,1,2
0.06618652633512499,487.88759604304465,0,3
0.019151500784008766,1247.7158188462504,1,2
0.05721225189607071,499.77696456725397,1,2
0.16162350792801,519.9062325999364,0,3
0.03283422281867936,443.69884833658205,1,2
0.0015877227458468625,38.262987244111805,0,2
0.00606026115559609,80.50128808667948,0,2
0.011915018808406109,287.1434662455656,1,2
0.33926315277722247,1672.8904643377277,0,3
0.0228757390370949,240.87104583700315,1,2
0.012143195183737151,206.35314870969356,1,2
0.26376028353258474,1305.2288621876887,0,3
0.08811185363039631,279.5127400383391,0,3
0.011198156638165672,821.3053567781278,1,2
0.001748584335021007,33.245575122834495,0,3
0.14028211877391608,681.1297369383539,1,1
0.12396887970009217,692.0179941693602,0,3
0.08453639942330632,349.43433131025245,1,2
0.0026025773175521838,128.18064372211825,1,2
0.016688836896603113,283.59867315059597,1,1
0.7209469184143624,2497.493018291589,0,3
0.013240254891489845,476.3868469513055,1,2
0.06605246464927486,386.4571610307336,0,3
0.31934324819028437,1063.5580557574958,1,2
0.018055788363783746,840.7880051057717,1,1
0.04082694128302289,341.63832387358264,1,2
0.31582042840783164,1297.474116608125,0,3
0.02061242116795143,273.80444703657605,1,2
0.020216295521179126,701.1937861850629,1,2
0.02198904291780963,692.9322823387341,1,2
0.7135998715773946,2216.5111737830016,0,3
0.002638970393843448,171.92830697710832,1,2
0.03879345151322475,1230.605574096729,1,2
1.2261652419725642,2660.2763701935655,0,3
0.014783539599989317,199.7744710169249,1,2
0.24566958097975425,833.0362238968248,0,3
0.1429930112119315,791.3397994301953,1,2
0.0040542334342320565,297.34926423651183,1,2
0.11295879661536663,486.372643416692,1,2
0.6176676838690693,2325.74464233297,0,3
0.023548361297818423,567.4987338406928,1,2
0.44700939315228905,2149.8563399447344,0,3
0.3886508732961564,1115.567291417179,0,3
0.015719678554990773,1024.1333993321982,1,2
0.00670898604813899,195.09572491385237,1,2
0.013110492512544451,854.1455359167402,1,2
0.006261608812717264,407.942356850588,1,2
0.27578386802985616,1079.345570297538,1,2
0.4716398305267836,1116.3642406424387,0,3
0.1075246923772874,415.87164519324176,0,3
0.032119238641003266,434.13218918544226,1,2
0.0377512948785895,501.46813588392314,1,2
0.02136975803849875,363.1430436294266,1,2
0.0053703677132174886,349.8782066415186,0,3
0.2221632958752396,1620.1987820449929,1,2
0.15788386424214892,588.3302426322414,1,2
0.2591588531368641,1071.3382291993173,0,3
0.026087545221637108,1598.9428712437862,1,2
0.07999563100501389,297.8528175087489,0,3
0.02658527664826797,505.4619295561241,0,3
0.3123297827449159,1225.4066579508767,1,2
1.0843326569955956,2637.9574959665483,0,3
0.003140302922350345,192.4736470441665,1,2
0.015441359005480276,555.5829845837779,1,2
0.07819083395215569,407.90504876561835,0,3
0.1571933525221221,1192.1641543147969,0,3
0.06141819613595049,390.00393810510053,0,3
0.1407187187448904,555.0291894230444,0,3
0.2838610783138188,1078.9436679241694,0,3
0.6516949301048853,2039.291364227499,0,3
0.0900829970548342,509.5173702151563,1,2
0.01827552723391138,347.46989401406773,1,2
0.019428140777439793,1442.2014265085527,1,2
0.015500440138667415,263.40387193016863,1,2
0.0716036464666512,473.26236408563756,1,2
0.24518150787841061,960.6821279202861,1,2
0.08369839808181125,335.88502860247917,0,3
0.11422095036890147,497.43709736789305,1,2
1.197256309690179,2534.2165818990347,0,3
0.03246795441292545,1029.9482031508267,1,2
0.2465114399393092,912.2640767975596,1,2
0.5763708085266713,1773.7714891751,0,3
0.38798569406933964,1679.9613310141358,0,3
0.01382798247062134,402.1144543817098,1,2
0.002924120032043044,136.16492389568984,1,2
0.1466583341826626,1076.1680508466318,0,3
0.019527346488166883,331.8343626045792,1,2
0.05893662475572225,337.95470105091357,1,2
0.5792570844350015,1617.827367255896,0,3
0.023353622001601643,444.0189581334665,1,2
0.032894061891731545,1036.5779659999682,1,2
0.17865849473279777,648.4828367583153,0,3
0.2671396187552885,788.8036520551498,0,3
0.23133253437270884,1312.4451252898866,0,3
0.051441359276028754,1239.7001170053813,1,2
0.008529311391030484,339.7958188379086,1,2
0.001138442266072224,56.0699048291305,0,2
0.007941436686508485,134.95134029751864,0,3
0.00976297589109107,388.94328453017715,1,2
0.30574201623971525,2347.357335347245,0,3
0.022903654961049822,369.9059347337727,0,3
0.35467824130569214,1268.4751394244327,1,2
0.08509576908890046,347.3069498108623,0,3
0.44676581194491444,3057.221484418379,0,3
0.021789688320382933,1014.6612380281621,1,2
0.04291076888077681,264.61472023993787,1,2
0.015097220516366826,478.9139144908258,1,2
0.2476301941838076,1849.3087902137545,0,3
0.0015406761051930881,29.292646725293647,0,2
0.002411140156454051,83.62939162398293,1,1
0.022767196550703292,307.7274959922069,1,2
0.030461987023856777,1347.7357740327832,1,2
0.21155407656477798,935.5104132293212,1,2
0.017509800506754474,332.91124509940084,1,2
0.25426021263078696,1023.2280076686859,0,3
0.09467427433018251,380.06924988123177,1,2
0.007049653912776117,222.15304202811296,1,2
0.006481820352394516,258.2266437731754,1,2
0.022252728679620793,1651.8779338228596,1,2
0.01793674816711914,645.3675532625638,1,2
0.3093730048714836,1067.5473613962179,0,3
0.13229855025843656,475.87459217993177,1,2
0.5776844470133818,1954.4341622989812,0,3
0.031342999000120164,235.86738447879017,1,2
0.2485059108449493,988.5260206631177,0,3
0.10609488985766934,497.4548165204287,1,2
0.10486870869726422,824.3990565332571,1,2
0.0027688323000113913,47.05164124526692,0,2
0.5329687330881079,1841.0487678822092,0,3
0.019324868079391603,1184.4487394560126,1,2
0.017513772108081117,1300.0928605145098,1,1
0.007335711073998948,231.16745172053902,1,2
0.032637053573054374,441.03444029822793,1,2
0.36561480155834397,1643.833697735962,0,3
0.03997220966601632,1438.2075786705116,1,2
0.24194669930813759,975.1838721459167,1,2
0.006431394562525209,223.07024049102588,1,2
0.1497714940660887,610.8249294386088,1,2
0.625267111942717,1675.5658395474595,0,3
0.04739651152926956,640.623880906292,0,3
0.0052152501811004465,164.3461802528242,1,2
0.04293309778264939,816.2806328537318,1,2
0.15530295289656504,527.8319522922967,1,2
0.021278738053133538,670.5487173570283,1,2
0.023600206633229457,743.7042670367579,1,2
0.019884473931288078,792.1695892998417,1,2
0.14197842536163383,455.15842715786283,1,2
0.004544541248807119,223.82513624674883,1,1
0.30627462981859144,1128.0753320845874,1,2
0.6900872658254347,2165.7693072343372,0,3
0.01496080508609141,974.6929694501142,1,2
0.09345116325624711,671.1962440491521,1,2
0.033816424965383445,449.1994153892449,1,1
0.016186827850140015,887.0006235876075,1,2
0.2758894577933063,1129.8921537801227,0,3
0.5012109372412192,2153.043169809388,0,3
0.12532550212845334,885.7352184897744,1,2
0.013166027424640979,721.4677665041747,1,2
0.3023611130901646,1010.1742641164515,1,2
0.6258464227702423,1958.3241487324071,0,3
0.056296027938217565,760.9121163931741,1,2
0.024078516336062054,700.1975508261993,1,2
0.0185798227361031,1210.4711270749074,1,2
0.0132752131267785,973.6427168945621,1,2
0.3793433086433029,1347.1894991787021,0,3
0.32703282853850335,1281.7852990608344,0,3
0.02678384045360965,1714.1028550411054,0,3
0.157232743526115,731.3750277554617,0,3
0.26222064123053956,1189.9585999358565,1,2
0.03746637111834062,1299.5054703054554,1,2
0.004727188991743871,188.3245880717096,0,3
0.2724013066693486,1001.2470528985889,1,2
0.015333507888405843,755.1971264786948,1,2
0.3133705862702859,1061.8481145905725,1,2
0.024571609691425387,1600.8346527133067,1,2
0.03336190216024671,1058.3060067979122,1,2
0.23177551758596718,833.7878206238414,1,2
0.002566937495709503,89.03315741656554,0,2
0.033020681289243424,1460.9405952932416,1,2
0.03337022061497015,1051.582973361248,1,2
0.005378546232979788,170.61820272902264,0,3
0.16505527358488237,787.4650759903998,0,3
0.023386329517883928,1034.6860462479594,1,2
0.38811386889639077,1459.5008074692428,1,2
0.6248350884214028,1505.1307423764522,0,3
0.026312547000170966,1295.9304569758585,1,2
0.045424821277271675,262.2558250485316,1,2
0.09971025305368891,720.1678926206176,0,3
0.01727746386751598,233.52680604333275,1,2
0.3895265972637119,2098.1103675114296,0,3
0.9571775998008586,4101.079636531737,0,3
0.045571525287024135,1445.6195788401037,1,2
0.007032415144278734,169.47619580603342,1,2
0.059388119658273314,515.1867294990022,1,2
0.8443438164247075,2708.2300144007168,0,3
0.3873809782758627,3280.480480298976,0,3
0.281392255584,1754.517402427431,0,3
0.0032599123787339607,144.22895425670123,1,2
0.0050363952763830405,234.5253860998869,0,3
0.008392781584380917,371.32351136697423,1,2
0.5048262824980759,3704.777106463289,0,3
0.276208137323499,1861.5593913334471,0,3
0.04034631031277762,1672.092875433187,0,3
0.040349975126037003,1451.799650564991,1,2
0.012910579952042065,174.4645971281995,1,2
1.0954429181716256,2350.23693371908,0,3
0.006769320641475979,299.4964047247051,1,2
0.0760416410136826,266.8902612311802,0,3
0.13362047062386012,1080.3777478032841,0,3
0.1963326468349052,1084.6252783367122,0,3
0.012891206756019359,945.4785734973796,1,2
0.006073568198694689,82.09196636748324,0,2
0.5816631258696434,2528.2358916728454,0,3
0.03521830055305296,848.7359574243541,1,2
0.03467539998590851,468.5792358881472,1,2
0.0022785497804558934,124.85924325946924,1,2
0.031060907274704543,1374.2339222733447,1,2
0.05268550933146224,1269.6832471364678,1,2
0.028277165899994412,647.7324071426976,1,2
0.03085323130965983,416.9291070221486,1,2
0.029688430382216566,567.915499322707,1,2
0.5998508713891265,1894.2177783394202,0,3
0.012324176325921844,427.4589204798797,1,2
0.021634837515095554,521.3841736751035,1,2
0.2318505887746917,751.8993224509979,0,3
0.01337233177501428,658.6064065905307,1,2
0.16704398052322086,1149.9215135017278,0,3
0.020618738494865792,821.4216610306177,1,2
0.01854034853089732,667.0852072258398,0,3
0.006624964196967467,491.7883252384817,1,1
0.2221431032226212,1088.8893362081014,0,3
0.044725779398398016,411.9468833139104,1,2
1.2823224139453617,2838.7507911459834,0,3
0.21888949076316006,869.2041379720473,0,3
0.007326134128413013,230.86565710457958,1,2
0.029374308727412927,1446.7265875940798,1,2
0.4622088878096793,1771.5671887919877,0,3
0.014169015645250563,240.77855525456016,1,2
0.02408769359836227,1319.9497418729725,1,2
0.06098807047926652,824.3310137980591,1,2
0.017371339015664948,602.5176552616978,1,2
0.04674581373993082,381.4503048725621,1,2
0.0023506780989650646,68.35716223972756,0,2
0.11591915093277354,513.9765184117207,1,2
0.033782859219323697,574.082790142414,1,2
0.022965077750366672,305.0558866111142,1,2
0.0004682897150536247,34.7623636665155,0,2
0.020102443473775124,382.20478204838537,1,2
0.28477549139264563,1088.5792322007355,1,2
0.0027388747621582563,66.00493087461817,0,3
0.2390245240474893,1046.1172449899077,0,3
0.011256302313708546,733.3454759982518,1,2
0.03206425069233342,1418.6250454302067,1,1
0.24213442076423575,1807.4001735139368,0,3
0.38552016855455534,1396.825108913716,0,3
0.21355876764103046,1031.1155291409618,0,3
0.21754672051731233,813.6753539185637,1,2
0.019588548928177678,679.420657183742,1,2
0.02950247211649114,253.85714408178234,0,3
0.0027460483269328147,79.85443480539638,0,2
0.04850031892316298,655.3995740664191,1,2
0.208546596343029,827.6155757035148,0,3
0.27077495519171735,1514.5571426175566,0,3
0.342872682113512,1653.5144124485817,0,3
0.02800879872870976,882.6305401828911,1,2
0.347543552720672,1302.2337158241683,0,3
0.0446925407576004,1077.0583978772004,1,2
0.03893503962712783,740.2661449661595,1,2
0.03910276796046961,175.26261779519135,1,2
0.28808358012890173,1246.4510633510508,0,3
0.006348519666274214,228.42092477907084,1,2
0.08626629191702437,350.6620994843697,1,2
0.6518309835760469,1565.8241101785322,0,3
0.257909768749409,1204.3643633299753,0,3
0.07753074872642386,276.13993551368645,1,2
0.25291261520783637,1038.868996162325,0,3
0.029026088972634652,392.2383764036101,1,2
0.4253849917987071,1233.0335985132392,0,3
0.996631109729838,2068.1927154903915,0,3
0.7978820807464861,2544.790514431395,0,3
0.5371524495114579,1289.453326969684,0,3
0.5151186465256864,1174.972595470583,0,3
0.09002873502496014,341.30634574042574,0,3
0.01682686147716276,828.7469199932381,1,2
0.028539926822285542,385.7532567641252,1,2
0.04595812278222946,437.4794010753756,1,2
0.007175493473824101,136.42659524601189,1,2
0.006607836030371275,325.4453461462681,1,2
0.034686320923535165,1093.0567379998186,1,2
0.014476372379381298,275.23712514504797,1,2
0.0391988693889041,520.6969462750668,1,2
0.29545337172658126,1077.5206807005256,1,2
0.14447492070071033,486.02874050101207,1,2
0.007948549762686113,435.5620916830055,1,2
0.15308976595314513,499.94521341912053,1,2
0.02712153321063959,404.7878937737084,1,2
0.017238752571515897,597.918949694088,0,3
0.02974664601746486,937.394655776932,1,2
0.010421090327355055,177.0888773094759,0,3
0.018585452984119167,1379.6465196056952,1,2
0.05466326993122905,1039.304659524256,1,2
0.010099439694947667,740.7222625952576,1,2
0.001542563378474673,53.50316800869516,0,2
0.059283337581908575,787.488346606027,1,2
0.011626401079037637,852.714048821233,1,2
0.01380818123899941,262.5329059037657,0,3
0.006103573910954699,219.60773069730345,1,2
0.32513156108949215,883.9233378483182,1,2
0.05987938751923126,795.4059571654586,1,2
0.009449173265836022,418.0616594520833,1,2
0.011735423710063224,719.2808645969394,1,2
0.03677693112980083,1158.937336219717,1,2
0.000376685738347491,20.641504802801293,0,1
0.08061568852529867,302.53666357227894,1,2
0.03310881173526881,1630.6561854971999,1,2
0.4872206422690779,2109.192726612033,0,3
0.032410946126418996,1291.2066957620266,1,2
0.07647967930056009,599.5397985261508,1,2
0.004151531516449398,143.99414073840083,1,2
0.4309791386581166,2341.487059314902,0,3
0.015342979121118427,291.71379084389196,1,2
0.009639883281995198,448.89196034100667,0,3
0.024888125251665175,789.5009200992536,1,2
0.09852008631897322,729.143667406655,1,2
0.009615115674840123,473.55815650572856,1,2
0.06400410715690552,453.4852169173342,0,3
1.0261780858918024,2128.898746337754,0,3
0.006193410656683856,214.81586788288968,1,2
0.05820856835925737,1106.7108937339813,1,2
0.02002228286600725,270.5672035478383,1,2
0.00782948175421485,346.4013245107183,1,1
0.014363184072342326,452.6215150927965,1,2
0.045937467752723705,1107.0602517013995,1,2
0.25913673191934633,1749.1868397320736,0,3
0.05176937360684976,496.9940545075702,0,3
0.032133468318332435,1012.6096722130318,1,2
0.0012021984992969287,78.32295243506356,0,2
0.06345839764237007,542.0658302882695,0,3
0.3503033240882984,1691.397760712374,0,3
0.3737099606187162,1819.0974786796064,0,3
0.12011194462650446,692.2843379553987,1,2
0.055335643997014225,239.99595319212065,1,2
0.0229021199524454,551.9247777332386,1,2
0.0009898756624046343,31.19357238718487,0,3
0.0013306488536987714,65.5363533236462,1,1
0.009264612860792313,567.841342017528,1,2
0.2811668659385609,2023.41258430888,0,3
0.017390053266263958,625.6973684966986,1,2
0.0866338896892415,316.7853491151383,0,3
0.012032138325459707,893.1769259710364,1,2
0.4528883210762069,2112.4353994702938,0,3
0.015498105888631866,84.8707623669324,0,3
0.1401161008917124,550.0528968158048,1,2
0.0009958089507268772,31.380545828196972,0,2
0.03649076814581077,1157.5598698145654,1,2
0.014974841310569028,538.7975906810816,1,2
0.06430428662320746,303.6309301316013,1,2
0.07374271363979899,979.5590128206384,1,2
0.3929758219568514,2473.631935121985,0,3
0.015808126087635477,866.2486453368258,1,2
0.002727537358019811,202.4721929727499,1,2
0.038092573937297716,647.3191326896768,1,2
0.019587526315262782,621.3553609199088,1,2
0.16752223238934905,584.7106697605227,1,2
0.014127705805406938,1048.7363510105279,1,2
0.0010841635181016531,14.65384303809761,0,3
0.004426721815131316,128.7280216888471,1,2
0.15727057771036887,926.422366398683,1,2
0.4899119944925626,1895.7650241316649,0,3
0.19777017980439082,658.2630010509229,1,2
0.08725434995501381,412.67899185108513,1,2
0.5096402587067065,1723.6638725311248,0,3
0.27564058599214775,983.8073031213753,1,2
0.052186308198884146,379.7085925051687,0,3
0.006991146597718261,251.54276194501492,1,2
0.018603258372156192,1019.4154116936005,1,2
0.6463880798052749,2065.2011458230836,0,3
0.016854244263167024,784.8367584999748,1,2
0.2566776850284583,1843.8234815239546,0,3
0.4099641292959648,1400.5037307843359,0,3
0.01911491482129381,258.3056629388207,0,3
0.8520327918715048,2213.1760930636688,0,3
0.015901035281452643,572.1222229536937,1,2
0.13268309161200473,673.6770319500461,0,3
0.0605996503666319,347.2707111413989,0,3
0.015130087597588776,439.97936300381406,1,2
1.0540277391082733,3649.8614911287727,0,3
0.02635605891062734,1049.9884701471517,1,2
0.03446234557558557,191.10237751150504,1,2
0.018361944812973534,855.0445230145033,1,1
0.005145150443010414,68.34544377342893,0,2
0.8923344749668918,1818.5770698491453,0,3
0.014482922030200308,421.15994161837824,1,2
0.006625977905533008,431.68091844595233,1,2
0.007789194566583166,507.4642131916919,1,2
0.10319631958114577,528.6720157782622,1,2
0.04286654370469293,1359.8121736415483,1,2
0.39810488929103727,1354.468480000449,1,2
0.326949808137578,2305.0319802998247,0,3
0.006018175150702867,208.73789737715884,1,2
0.05971079146249839,793.1664167587224,1,2
0.4026504380912022,1246.858829842548,0,3
0.5774283645226592,1893.4095776114518,1,2
0.017337539420127775,504.171539055531,1,2
0.8822830984708226,3006.432887998969,0,3
0.2342611980068832,1082.7963313189132,0,3
0.013940779246771572,442.2292933249501,1,2
0.02662460614480232,353.6671167178919,1,2
0.0360558575136164,1595.2265030010212,1,2
0.1917454714719782,1285.090354603701,1,2
0.03156090904705997,419.23834076502936,1,2
0.23471905444274893,991.5208309777904,1,2
0.32188455056207715,1037.4484195670693,0,3
0.30878508307690267,1015.6999840427403,0,3
0.1267477270899218,475.8021142592775,1,2
0.01582436485106294,381.3559212565393,1,2
0.004182147850072792,71.06855849503049,0,2
0.018617065111056683,1381.993170017926,1,2
0.01901027103820371,256.9478895520358,1,2
0.5639047620860026,1814.8668729868098,0,3
0.09550930968290393,580.0693389824995,0,3
0.02396828431370652,1469.0503461996607,1,2
0.590484412214118,1532.5075097748543,0,3
0.00676856421020661,370.90162018335747,1,2
0.025241036406590492,428.9288988924071,1,2
0.5907284307403531,1952.7178034102549,1,2
0.0019207482987071839,84.98005048235781,0,2
0.20184725279220267,717.6342425498558,1,2
0.01388831587139219,440.5650505298539,1,2
0.3659240837061919,1193.172496718859,1,2
0.23029297093431156,620.1298633222241,0,3
0.24853410304931697,756.007712496577,0,3
0.15158519175543989,836.612582470178,1,2
0.026753689187633666,962.6027399671839,1,2
0.5499406308854112,1582.65506967311,0,3
0.05467256471545456,267.5845460221706,1,2
0.04629114336001951,1458.755059982532,1,2
0.02300970089401879,1260.8782418960768,1,2
0.30525985177451576,1437.6807488434013,0,3
0.007441921129852559,100.56494569589043,1,1
0.41138046180271237,1867.827134211936,0,3
0.017379374934474435,108.85181845084213,1,2
0.01686831454502222,585.0704611036882,1,2
0.03609271773234781,1137.3759816452596,1,2
0.6257535402440215,1370.8409641726587,0,3
0.6440546277867161,1957.5222054899698,1,2
0.14393767483214487,539.1539245552744,0,3
0.4936009796986883,1838.382218235608,0,3
0.014054823042870241,1043.3260739643388,1,2
0.36550697057122794,1550.2220015411324,0,3
0.057146220924902465,240.56689227387665,1,2
0.18470357831432338,1342.4737857758626,1,2
0.010201046370761701,757.2502071261569,1,2
0.4509478937733072,1619.8471156116805,0,3
0.36235646179501263,1118.7036529726192,1,2
0.00855170383593366,340.6879024778211,1,2
0.05210453375734489,704.2587640195806,1,1
0.35754207174652525,1192.7829361681,1,2
0.053548519273645054,711.310068326388,1,2
0.17918035313191552,566.4507101838544,1,2
0.13989935773371878,800.9450130596761,1,2
0.5226508790890605,1699.278991873178,0,3
0.006876200534584681,199.95828256640087,1,2
0.032407943613263906,1291.0870798435387,1,2
0.1856970999191299,701.500318932361,1,2
0.16063727087304644,490.1902555814433,0,3
0.12555263185069418,483.83259781699695,1,2
0.47998581585495814,1768.4037625174017,1,2
0.003887271141220173,171.9853132458055,1,2
0.020990493324790804,1539.503792107178,1,2
0.06498068223442134,354.6426938102603,1,2
0.3096226426915344,4156.750059000988,0,3
0.5356708046295816,1572.5818366034543,1,2
0.16033672901718496,571.9148590410861,1,2
0.02660113169041882,113.97136916588191,1,2
0.18700519079260217,1738.913260415659,1,2
0.36814314310387863,1426.690617077112,1,2
0.15300293513653873,872.2301601252522,0,3
0.06134974334698004,263.98808933453927,1,2
0.07680186175565927,276.39905793518363,0,3
0.10378285138336306,611.1396943190018,0,3
0.00108641790458427,20.47451553124658,0,2
0.03981244575153068,783.2323819968734,1,2
0.1889854635946115,1502.2912815217785,1,2
0.002082027147622466,53.59134336852056,0,2
0.016183605902754663,318.38094749619484,1,2
0.034024550369045004,1088.6327399970567,1,2
0.02616586325755789,377.52002911885904,1,2
0.016841304189873237,1031.207268470068,1,2
0.093572414683355,219.9158515281008,1,2
0.028239852320772856,726.8933184310607,1,1
0.07531052507518628,940.4171729369876,1,2
0.00524830327166115,61.522256779035835,0,2
0.3316489445491214,1800.309455622673,1,2
0.05572946272679119,465.9942302802117,1,2
0.020581322562646564,149.20235329587155,1,2
0.22983111756365993,585.7501692312615,1,2
0.9714524467483224,2031.5350695630977,0,3
0.46377535586567337,1699.3037626237785,1,2
0.012269169097773105,153.2075006208566,0,3
0.18996243849886799,755.5193146169453,0,3
0.1336317482864837,531.3676807362202,1,2
0.6056814130946127,1849.8872293786321,0,3
0.48075742939271093,3624.535292165886,0,3
0.2609668863385525,2706.0858750233697,0,3
0.004720748490337255,104.6515582570263,0,3
0.01525276063022632,1099.4169527938443,1,1
0.4787045686376973,2025.5847551445552,1,2
0.3580660597467347,1169.922041811451,1,2
0.44816174208649456,955.2071787664979,1,2
0.008293459757617305,597.7914736804403,1,2
0.017226202141636542,443.40215014112175,1,2
0.910927824435762,3827.869352028473,0,3
0.5419299016183465,1454.1082904421366,1,2
0.015740726698980675,792.8824594850231,1,2
0.2756216639693838,1110.9522683469663,0,3
0.032165449452099225,292.73194919601826,1,2
0.18372355211950947,2202.8995026924053,0,3
0.04451114037033772,555.8192662909261,1,2
0.12109462722002108,656.429390713171,1,2
0.002714266798076126,69.86518121801599,0,2
0.9847642791717374,4502.707358712257,0,3
0.09222366165342824,485.44869918463354,1,2
0.013854799177003127,162.41030071415304,1,2
0.19206019486996345,579.6887056897665,0,3
0.11868342132618541,721.1396345605305,0,3
0.002483698129817571,63.93034761857086,0,2
0.26365814922990066,2510.9728046136765,1,2
0.003930310360329465,221.36854438827692,1,2
0.025567297947932867,1256.1057733562172,1,2
1.463858428335666,3634.945332187501,0,3
0.0012777101304961341,63.13630494786043,0,2
0.20972969843599043,1282.8287690038023,0,3
0.020854418575369217,384.9051092007104,1,2
0.12240707096490538,1011.7262307608363,0,3
0.006281094088714593,139.24196243210972,1,2
0.04587779906699679,386.1166230953884,1,2
0.4042375446889792,1101.554344782991,1,2
0.5409203735789769,1665.183028228534,0,3
1.291468630763032,2771.605456606295,0,3
0.004284071957907359,227.71557676654723,1,2
0.03112898525893005,1538.1963867360964,1,1
0.20740829907550018,625.5699685073748,0,3
0.009991107489092306,461.5185757814641,1,2
0.03759234515955934,542.3808532357053,1,2
0.08102407299647349,1011.7633569957585,1,1
0.26931116222703927,651.8381422906609,1,2
0.27565110133162973,1388.6891463403447,1,2
0.01999172392024817,234.34925704813767,1,2
0.41318101947087715,1348.0336056517262,0,3
0.9779214994700202,3275.3978280011456,0,3
0.19620117569120554,794.4162827567056,1,2
0.05451846506088234,680.7826759172558,1,2
0.008966669762428358,646.3163610777398,1,2
0.02176469576562633,271.7799888038201,1,1
0.0037940946087396035,191.11386166758933,1,2
0.005464468484189935,315.01478943160583,1,2
0.057004531173125615,1263.7006667882529,1,2
0.032659693267806586,382.84716632058837,1,2
0.018753953304511115,360.192648406327,1,2
0.008438795446151214,162.07740478789117,1,2
0.009545254908741852,468.9525589854833,1,2
0.040405649740763376,1040.0407371047759,1,2
0.23638726081440586,1443.530095314333,0,3
0.18562253326749573,688.520089138148,1,2
0.36030424171108366,2693.7541968541136,0,3
0.06463197653749832,701.4847473505265,0,3
0.03894982440898974,456.5820560955832,0,3
0.13941280371685083,2017.9417234542102,1,2
0.27105676620978103,1431.79954218882,1,2
0.03924920848371376,1255.798325353162,1,2
0.08867460454799976,1039.4715222039335,1,2
0.011507694757745802,226.39149658510098,1,2
0.05044766504689238,527.6074994545708,1,2
0.0005043832048033577,16.137996367268013,0,2
0.01760745241892379,991.7120418033018,1,2
0.06363813877737635,745.9862191924115,1,2
0.46081252170780457,5636.426641456123,1,3
0.05191531360413298,272.18657426301246,1,2
0.010221952428531536,154.0504462761902,1,2
0.4088613451692658,1892.453736327617,1,2
0.029200097394513742,1470.8498204764298,1,2
0.5419077292386929,1141.2015966120553,0,3
0.01842346755768007,200.70264807504742,1,2
0.1856860516219272,723.3872823204385,1,2
0.04412582998674848,831.5906683612187,1,2
0.6309579267654578,1554.5188389703078,1,2
0.5065267186382455,3566.8380149427385,0,3
0.2293328031040378,2145.707558032705,1,2
0.11772657356063368,506.3408323429016,1,2
0.9157559377479084,6921.992555869519,1,3
0.0045274753127352175,260.9991596482791,1,2
0.022325524561463476,1096.8394216694148,1,2
0.024586260387527835,290.93502896434705,1,2
0.0008750012298711575,53.577063746995826,0,2
0.011509696360232788,531.666652335689,1,2
0.4433660017997913,1093.9578733394194,0,3
0.03164707139255011,279.90888945388065,1,1
0.03121312666288335,1533.481898853397,1,2
0.23228480722954767,2344.8387555473687,0,3
0.5548322492965937,1804.9716197504733,0,3
0.08423774398697344,209.57238461858014,1,2
0.46493784381375014,2354.7837814126556,0,3
0.003678559541895388,225.24130520624485,1,2
0.1971729948360129,540.5675284876613,0,3
0.20218583477485805,710.6402508124999,1,2
0.00779083855276466,477.039619527721,1,2
0.5868973207463025,1597.0863566252494,1,2
0.6947807472849437,1628.2151592048772,0,3
0.020999889864359883,970.046541121487,1,1
0.5372665101927093,3059.4581802361054,0,3
0.007559845193300504,462.8957011849249,1,2
0.6940635469006792,2481.952445405065,0,3
0.003972355956078969,78.14837191959194,0,2
0.23613751385896253,1517.4084074496957,1,2
0.04600394420908317,905.0380634489443,1,2
0.3661638514120817,1256.5118339574651,0,3
0.0021861307973785687,108.02467428634058,1,2
0.0009409418548768143,47.39655966299451,0,2
0.9879221119519649,2829.489064545754,0,3
0.004563798208150066,242.58414691117108,1,2
0.05247846761823071,1007.9132612092714,1,1
0.5204366652919216,1155.3695360469924,1,2
0.5804040607521842,2452.118063182534,0,3
0.4760081382183574,1268.719520293675,1,2
0.39023746919632407,1936.331680282265,0,3
0.045070551533393774,1160.1152299060652,1,2
0.5858690941229124,2857.7945625092334,0,3
0.2664445714841896,1129.4817309572852,1,2
0.02927659115655833,1474.7029184524656,1,2
0.8689183819183781,2144.3755481148523,0,3
0.013496608840681924,147.0301465170576,1,2
0.23826526654656183,531.3811964156536,0,3
0.022747794649607023,727.8272232752844,1,2
0.028668183077137307,413.62339944735197,1,2
0.24298722433091324,859.234799576785,1,2
0.25583657319292874,2002.033426007546,1,2
1.3438468176055434,3742.9111462396722,0,3
0.028564113989387453,1403.3375199030588,1,2
0.02428980484529871,1122.0173689904336,1,2
0.00349618432196931,171.76540596845527,1,2
0.8465570113537599,2974.3513248564004,0,3
0.6934208705170235,2065.633177020272,0,3
0.005638542058838665,61.42547915849304,0,2
0.008028038697764505,452.1666428062727,1,2
0.17007106756207585,740.5725641324043,0,3
0.010640426290259686,525.7821652992674,1,2
0.025886948533843247,1492.326594070261,1,2
0.28292033469456634,1288.3281951607055,1,2
0.04658298503409928,546.0603586451571,1,2
0.4665531202252149,1342.6166324382266,1,2
0.1905962500828722,1129.030291704115,0,3
0.0635769447965034,1250.752647145135,1,2
1.0948609046900701,3562.158591671603,0,3
0.14757538793833766,1003.3066488144589,1,2
0.11198964039112659,889.7768612639912,0,3
0.024577231589343808,1214.4504073051914,1,1
0.9075900288288151,2676.941998815296,0,3
0.0007525732432883588,37.187381276694,0,2
0.23734799257334308,1863.9070790189398,1,2
0.03877752158430588,730.7970207329513,1,2
0.4081720359468573,920.5969103486412,0,3
0.5463455913185551,1739.41571301675,0,3
0.2535131926373352,1151.9756307367625,1,2
0.0013112157387681904,29.067587598471246,0,3
0.5300156063386158,2923.195562353363,0,3
0.8502453958783229,2381.920488870812,0,3
0.1094497995444091,607.7513414565592,1,2
0.01823686304986532,842.4142239170429,1,2
0.6396281384853468,2278.0820123574813,0,3
0.48780709056476157,2724.5472076152714,0,3
0.15824082615382137,830.3093277838159,0,3
0.001735242611840558,87.40660175291987,1,1
0.010571719652984925,609.4367732287687,1,2
0.10592766456243906,404.8499463020634,1,2
0.018763547249461228,1056.8272633374684,1,2
0.3158778144396054,1586.7731444275641,0,3
0.22739473365407933,1042.0580009037037,0,3
0.049685155894705166,1278.895067680666,1,2
0.36737924484456136,1228.8459868194118,0,3
1.0124442684294057,3215.4957817741606,0,3
0.5320369394188036,2222.0880840585237,0,3
0.0024584661011169315,35.470650631536444,0,3
0.041375333732417904,258.0053037117453,0,3
0.3751467811226713,3901.636734067615,0,3
0.48299535445984776,2317.618308668296,1,2
0.019860518789407495,200.24656813004935,1,2
0.04277905113135745,521.8138119630875,1,2
0.621501535261966,4459.984255118326,0,3
0.4395920779739698,2043.3253839428905,0,3
0.18620044815968356,1796.803345049217,1,2
0.027964289748901958,1291.7526101829521,1,2
0.4093482512191192,1907.1499725489975,0,3
0.32487316933918636,1245.4510766855362,1,2
0.20895430942054802,697.0603037460053,0,3
0.014238675322915333,280.1182238149311,1,2
0.0034025564938065037,66.93867651726812,0,2
0.10450500559118224,678.3241949326496,1,2
0.6803732817271946,5315.628174978484,1,3
0.04801996614959254,886.2932451376721,1,1
0.0208450872883221,1049.9962545195012,1,1
0.3230058222401174,1782.883376798868,0,3
0.018465989662407502,340.82243730845954,1,2
0.0015176391703346297,28.010709983295907,0,2
0.4474365373190723,2376.250831772382,0,3
0.25996670262964305,946.7431185293099,1,2
0.03090092253739762,988.6906837989808,1,2
0.6454603298325551,2322.7851125817633,0,3
0.0015858074516618686,18.589332245727913,0,1
0.9090181641840646,1826.6576069955547,0,3
0.13412539707872545,435.91852842380933,0,3
0.0742507382197615,808.8770333585239,1,2
0.007709561390333702,409.79405478391976,1,2
0.2212242498119906,1177.1269176684941,1,2
0.006789117624486639,489.3586932768466,1,2
0.02992441613254283,1507.3347702149183,1,1
0.05014839694094212,925.5771927198003,1,2
0.4623944497762059,1326.0800078387824,1,2
0.874074304016778,2386.0843856148895,0,3
0.2501248948126665,872.9149378634584,1,2
0.020775853697163546,259.4321255858098,1,2
0.45570861303513444,1351.7617597481433,1,2
0.0297891576754424,1376.0486151419314,1,2
0.022244461204287018,410.5607997654509,1,2
0.5818558302312296,1522.4735941036433,0,3
0.1231062412713414,733.7129376179964,1,2
0.08209845320338452,962.3838139105126,1,2
0.41842641810778786,1873.3484150438342,0,3
0.48328392597570075,2090.960121979177,1,2
0.4322086658594107,2379.910010778458,1,2
0.01437451892769957,276.080246018825,1,2
0.3432433807631095,1175.4057669170427,0,3
0.025050132821645227,361.42231499001673,1,2
0.006348968361166774,457.6327930555698,1,2
0.22345546420712717,1826.8468232882442,0,3
0.2826572064786916,1684.4706997324024,0,3
0.22445312349005828,461.43925743376127,0,3
0.1598874826394116,724.461276300727,0,3
0.09768770493438766,411.1406139694777,1,2
0.02108223932838944,227.19615043970242,1,2
0.09620718805727019,534.6559610972138,0,3
0.3330906455419084,702.7821124088064,0,3
0.0163301876784383,806.9339707914237,1,2
0.46872994840038074,1965.9459587884817,0,3
0.2886617102295873,1035.0681174396332,0,3
0.3154333489378025,2374.352882483047,0,3
0.33730783094532507,4125.3985150436165,0,3
0.09675938140505283,796.4913345797644,0,3
0.5961207692854483,5999.1035013766395,1,3
0.07003603595698096,775.3257416732974,0,3
1.057620796720722,2989.3254204677683,1,2
0.02814209479741052,329.89046036553844,1,2
0.23817063270577482,849.0139943172466,0,3
0.5634332591183543,3427.756317740245,0,3
0.0013158830949437858,33.87080848320972,0,2
0.1946053604746108,1414.469853787692,1,2
0.11316691257452631,812.3828825036903,1,2
0.21504442798589993,1197.775128637313,1,2
0.8972623135905565,2520.1600489191937,0,3
0.6747601743063277,4507.104940698296,0,3
0.778514492236206,2696.728344385726,0,3
0.10135629524469301,464.37713498428394,1,2
0.0468707886960397,883.3218663549778,1,2
0.0009775769409947463,51.962128353472764,0,2
0.6855714106946744,2091.406666646079,0,3
0.01295113512408218,244.07570615909842,1,2
0.016453939672440826,319.66049740650686,1,2
0.015056188975915308,867.9567305791733,1,2
0.4283477599101117,1423.5992802448388,1,2
0.17276453356970406,1919.9791610890754,0,3
0.34736919685922074,1534.7993344615022,0,3
0.0005776671361441781,18.482752906531363,0,2
0.8018448166183625,2917.629783452475,0,3
0.4552677951566645,1398.6500139245238,0,3
0.014275745884587644,1028.9938601796393,1,2
0.02496135024560328,311.6972349777786,1,1
0.35582626843325055,1382.7412524779268,1,2
0.7026754706793142,2421.688761304144,0,3
0.14661068938693309,543.3211919381051,1,2
0.08362617727234246,268.7010908942558,1,2
0.5008120942464113,1423.829031644343,1,2
0.02568147143285128,1269.014914411505,1,1
0.18373143613628498,1094.10381619648,0,3
1.0577085841651757,3093.3677555821396,0,3
0.24460642300484042,1460.903390311427,1,2
0.011025937748833384,244.42767265026396,1,2
0.31777140785835956,2872.294859637818,0,3
0.028234778856540327,1395.1831213310754,1,1
0.006615838181830634,351.65828729580966,1,2
0.2944441281728115,2429.4929967326034,0,3
0.07240044756427721,258.9834722447303,1,2
0.19765741301324252,1569.844461891459,1,2
0.7882094828607094,2413.607710885142,0,3
0.0489655604552911,195.13676541457636,1,1
0.036063717318621284,1153.8769204359053,1,2
0.01662175411381531,767.8076023076264,1,2
0.06888929040303325,1142.7078788944357,0,3
0.02682047766867408,690.3586390268741,1,1
0.23780251244645106,873.6178940069873,1,2
0.08872494932414832,621.0045102580156,1,2
0.032533041614317165,1040.9111611730145,1,2
0.17957498239607156,1349.171847317877,1,2
0.006300042553424514,385.7569223569131,1,2
0.15924129292206826,1544.0547652960154,0,3
0.4066092895266129,1082.365983984981,1,2
0.46615894862049495,3717.004073119459,0,3
0.18776884718823417,765.4522645248297,1,2
0.41691225850948765,1876.8808885875128,0,3
0.2747997219497814,1746.9596914328672,0,3
0.45974887037948836,2632.0361154610823,0,3
0.0397982035380398,433.5559966497495,1,2
0.27903535913579725,1064.882530476023,1,2
1.1291119906401448,3601.036367554721,0,3
0.07486921022152156,228.41090458608213,1,2
0.35181675351216185,1858.7627138586456,0,3
0.03889010460897732,561.1048746949263,1,2
0.02374971973438754,1454.2153824971547,1,2
0.3445380865545123,1938.8282687204987,0,3
0.16194704212198585,1289.7926775849248,1,2
0.23594375189133288,544.4493346460379,0,3
0.022004063936467207,414.68623346201025,1,2
0.5581896234579983,4713.157348608355,0,3
0.01964094783749278,907.2730208191587,1,2
1.3174464287866068,4571.806500843274,0,3
0.02879609599926717,1763.209259996726,1,2
0.029467662274762347,321.01654222310333,1,2
0.498645552668357,1402.5175602979216,1,2
0.5725938277045424,5311.439221552338,1,3
0.29472830539622674,1348.373010997052,0,3
0.26664946523140076,1013.9891098029206,1,2
0.059189977156254896,239.82289990989207,1,2
0.47604478332208733,2043.4211185024158,0,3
0.05660510951159686,524.4083459844265,1,2
0.2653734827893409,2213.9131808600287,0,3
0.5693691904159482,2704.0015768933426,0,3
0.0987513414749114,993.6635018520824,0,3
0.13267243408856794,461.0134731424529,1,2
0.018461846991840804,1330.7274699173356,1,1
0.02772497031032668,522.5018225738406,1,2
0.02823550541499634,407.38074343395425,1,2
0.5082259528557156,2232.193642346842,0,3
0.0018309784488486167,34.506423844951385,0,2
0.33542189211863205,6483.701650926334,1,3
0.09264175430974547,713.840704696124,1,2
0.5394064770479916,1874.69165129745,1,2
0.11989886206650693,652.2990928380777,0,3
0.11750540060675331,575.5230481874516,1,2
0.005507068393525564,272.12428011926596,1,2
0.1972495487844511,1197.0556484031977,1,2
0.022540266025941006,325.21005719167994,1,2
0.12037164998414307,647.6152222577175,1,2
0.8514006753684964,3896.3885790751106,0,3
0.5798953969114055,4993.557258051564,0,3
0.11757915270785725,623.3975455495845,1,2
0.019027955265999756,365.4551917525015,1,2
0.6800087188478038,2261.784966436306,1,2
0.16167648660129763,614.1928199015013,1,2
0.02232724496400306,1287.117382280219,1,2
0.04633333009709051,911.5180897017958,1,1
0.2196057176123471,842.9717867606004,0,3
0.16547246513096361,603.3404488512662,1,2
0.027371412817597602,1344.7408378905552,1,1
0.14028940366958978,563.3356827987875,1,2
0.04420456926462515,383.96245026662154,0,3
0.038420757735383754,851.7276814584877,1,2
0.09854648899465075,561.2479031314788,1,2
0.20506894050686345,484.1095988785399,1,2
0.4500631991720657,3322.297187290857,0,3
0.5689493786767735,2700.0464207276145,0,3
0.1127105157932213,1410.8368834281678,1,2
0.004349006352574403,313.4757981026203,1,2
0.1474416395788918,546.5251231983348,0,3
1.0214464164790973,2696.055012969181,0,3
0.05080630742301567,553.4767223808227,1,2
0.06467061175587287,933.0650012534766,1,2
0.2885738356665639,1196.3112924702411,0,3
0.7215359034965038,1804.7598913358802,1,2
0.01189929866041988,549.66352594553,1,2
0.02223493100845546,572.3267459841857,1,1
0.7450487285643229,2027.6077778567453,1,2
0.3613013732347303,795.587922072896,1,2
0.2151468233100861,1364.116695783488,1,2
0.4122197864636171,1849.257059634019,1,2
0.013915564749772171,262.25124364486936,1,2
0.2524236547416121,1104.519086569031,1,2
0.07847146794586599,305.0209803248055,0,3
0.2902663377595251,2310.2255908003594,0,3
0.04823720196242498,525.4892511021235,1,1
1.0119863637945143,2726.8500715217847,0,3
0.7640923719944457,5466.681396336496,1,3
0.18947253385474602,812.877522943137,1,2
0.04323442898626047,539.8767229442724,1,2
0.3706124759623803,1106.7553290260273,0,3
0.02197921291560203,1345.805755794653,1,2
0.6163603199658327,4594.019387850932,0,3
0.263664142935451,658.3971929127451,0,3
0.8586448739329545,3366.5940280362533,0,3
0.03159993282756778,700.520736910954,1,1
1.0330976237229108,2402.8407473016796,0,3
0.35847583940057737,2630.6384756526286,0,3
0.6966399134151582,2134.1063846260286,0,3
0.20413320030021928,661.1958217307542,1,2
0.18381742758405545,830.3078834555074,1,2
0.7596284486462597,3654.710161769383,0,3
0.5085050260796773,2265.537439354277,0,3
0.06077083931297742,509.21339134581234,0,3
0.007817096030905548,361.094606465717,1,2
0.011477929492448528,610.0979068837572,1,2
0.5578905846497159,2987.710491956028,0,3
0.025154656875323613,1813.1443140619629,1,1
0.3804813668269864,1905.3712212032904,0,3
0.07614559336743937,633.2203861268916,1,2
0.3235813417666752,4078.4192721108843,0,3
0.12292099418776868,1717.6195097951509,0,3
0.0020980399255153648,105.68121078857945,1,2
0.6477078905665546,2007.1492324957565,0,3
0.09595562677861895,597.3636310134237,1,2
0.09671287593559778,969.7430557458758,0,3
0.03470207304538571,769.2902992782227,1,2
0.004807584697520415,106.57658019230809,1,2
0.3620460201738091,1152.8377672694482,0,3
0.32353440564688934,2574.5189400191152,0,3
0.048033197249679,693.0210498265498,1,2
0.0783164067020282,457.6230752609749,1,2
0.009556869415096422,441.4598447869812,1,2
0.29579865373864045,1323.9112683443507,1,2
0.022183856493391513,277.0141303294251,1,2
0.7431858601976054,2843.597221490596,0,3
0.011741618557811322,661.3281829191694,1,2
0.032440855423826374,1498.5383160657946,1,2
1.0108563104558503,2000.1251105579945,0,3
0.06763368944965298,792.8233171476234,1,2
0.24962591102006926,668.6803519233364,1,2
0.18869069430836777,535.6939687635345,1,2
0.046006761046743595,663.7837092958982,1,1
0.18218291038758333,1608.3735452939313,1,2
0.022768891651056132,1282.4219819897817,1,2
0.1385879773977851,939.8083237440927,0,3
0.017810881217221828,222.40793760359819,1,2
0.1531178809360124,1722.959031024165,1,2
0.2379210168024635,1660.1732737271402,1,2
0.520240191228126,1690.1750831759753,1,2
0.37455180238417785,995.3832433870293,1,2
0.0033004824629699102,152.45897087630652,1,2
0.04836825062799739,311.03694046628124,1,2
0.07941772674217491,865.165475030811,1,2
0.4067688264740163,1026.08775153624,1,2
0.05739988887014146,665.7888774611149,1,2
0.21744335765471762,1011.9400576208637,1,2
0.029190502652444748,1434.1116133420085,1,2
0.01100183347384561,283.1870064967357,1,2
1.174245713234378,2755.729731181467,0,3
0.886416541546967,2018.6898457768668,0,3
0.5633976764437956,2312.7357742762806,0,3
0.036839874372209834,1178.71045888833,1,2
0.0013516547061368028,66.79017538800211,0,2
0.03515589153372267,779.3507403433466,1,2
0.12516425918411023,824.6702949741649,1,2
0.7790263624250827,3247.309384130256,0,3
0.49139003522165664,1976.8250998897504,0,3
0.8579652122063576,2633.3779324453303,0,3
0.025478046944770558,1468.7543018422682,1,2
0.46996513094517917,4233.801978838724,0,3
0.007000090434641996,131.92295498761365,1,2
0.4017445383898922,1679.8457687332514,1,2
0.013008529698331038,732.6849586783824,1,2
0.021689676852590885,236.28426986278004,1,2
0.19907000838655142,1273.3725457732742,1,2
0.022051730146019573,1018.6341305625108,1,2
0.01667085532666508,886.1227059681652,1,2
0.01819196949996233,1024.634046311042,1,2
0.0274082533646294,607.5978056409726,1,2
0.005568789273964314,143.34054119743487,1,2
0.10459009035722389,699.3505704595691,0,3
0.02528104905839754,1547.9799693448883,1,2
0.7128533089769414,1655.8454229407482,0,3
0.001766315296049313,93.8867298083189,0,2
0.01621831258552522,801.4058155286273,1,2
0.5746599533633591,2322.9411183522816,0,3
0.4732034567218663,2549.4324792760685,0,3
0.10145758243631811,751.7217940157748,1,2
0.007907281945845755,420.30369392616757,1,2
0.502556165363326,2166.575778803689,0,3
0.25182924227795594,1074.4944395641533,1,2
0.07750007774468777,439.9537167612179,1,2
0.0026950943454654803,143.25505485153272,1,2
0.03539570609476238,1635.0315401439177,1,2
0.28686934953901405,2734.6796565621307,0,3
0.3385753085374074,1410.0730922397158,1,2
0.1756679843398127,755.6964953994599,1,2
0.9820924570063065,2736.5733179703484,0,3
0.028358208300299958,308.9303076478339,1,2
0.017695127850588917,874.3806293782377,1,2
0.4042856234575371,2136.925019844799,0,3
0.018158540115443458,965.1991087578527,1,2
0.028272727348982007,169.38991085181522,1,2
0.0018536723385525677,133.61245503919406,1,2
0.018149834922515064,1022.2608825598888,1,2
0.2060304831046334,2738.0515445820356,0,3
0.21821652016580065,863.2926058768054,1,2
0.010991647438618074,792.276482016124,1,1
0.020110916789444967,1159.350856544047,1,2
0.7694578304366584,2992.800648205672,0,3
0.15982307118043285,845.7610222953746,0,3
0.14069256378173883,651.5659549147799,1,2
0.2582642218575998,640.1299065668824,1,2
0.07646556876846397,1103.2421695363885,1,2
0.5030672524419979,2549.4506110971743,0,3
0.03519103880169069,905.8167402235587,1,2
0.635529307600066,2710.8651435524844,0,3
0.3460122837922272,1666.9665587812653,0,3
0.2954965349310062,2370.094152894433,0,3
0.016632775830116943,319.4528363871674,1,2
0.005726469824769727,281.33797409847074,1,2
0.43267566466144125,1353.991614396797,1,2
0.10603791895063192,665.0849325134056,0,3
0.6236351405740829,2819.251497859373,0,3
0.30438343278240104,1759.5984548013123,1,2
0.0029628570724852007,145.56336308815378,1,2
0.0373284678723924,688.96277068535,1,1
0.5518656105790242,1308.241984193088,1,2
0.0665455045551243,780.06727256732,1,2
0.737733858215643,6770.42646563756,1,3
0.13858140277479,450.05887230674045,0,3
0.01692700895262451,325.10394396560906,1,2
0.30717352786719293,2446.3677955951853,0,3
0.002746718281367496,154.70458361970742,1,2
0.006727705002890277,215.25633261127842,1,1
0.023242830982997353,428.98747645789314,1,2
0.01691958759456593,375.08060648896765,1,2
0.7562255955540862,2170.1300206943997,0,3
0.059235678987847755,694.3792049611185,1,2
0.030862328412322008,684.1692088448573,1,1
0.5593936653291031,4743.138587796399,0,3
0.2845931805863767,1360.2823439426963,0,3
0.15807589470403202,583.8799576782397,1,2
0.6216716128278701,7506.061977494213,1,3
0.006993461155455257,343.5844863621978,1,1
0.006449375450000066,70.25858336345718,0,3
0.35088468048760635,1585.3144347818481,1,2
0.013052633233276888,142.19353908645627,0,3
0.007822419358992218,386.5341929218381,1,2
0.2290333198722917,1083.3496466991132,1,2
0.023027939584834557,1063.7281094190273,1,2
0.00818897922277394,125.48598479679887,1,2
0.01985971055053526,286.53510994576425,1,2
0.5740381714097973,3503.6345550782034,0,3
0.032346469197059385,597.0111903889955,1,2
0.009086074020745785,556.3479803235257,1,2
0.2104588253869016,1186.3134043548296,1,2
0.531246811585061,2015.9478366873902,0,3
0.013690322698526958,632.3961823762577,1,2
0.05465046310951579,640.6298665459309,1,2
0.06642194011790249,723.591214857272,1,2
0.12040602775654592,713.1809797119311,1,2
0.0472297607458983,247.64725381658897,1,2
0.6132355460695587,4370.6573251231475,0,3
0.018148299229818376,580.664035308402,1,1
0.0965497829421081,827.4175693511368,0,3
0.0036008480356386386,220.48296409487747,1,2
0.014465846080195835,885.755963688194,1,1
0.8824576264199577,3624.93017399843,0,3
0.3268989210469802,1436.8924643663274,1,2
0.04385224521666491,547.5915143656772,1,2
0.012411600913922379,145.49267809814717,1,1
0.18817373068359436,774.9381808248828,1,2
0.02529966412464587,497.7216501527132,1,2
0.07767925989399126,369.21567392776086,1,2
0.004100395429001628,105.54410860265348,1,1
0.7627621704189226,2285.0544033397696,0,3
0.04940825072571736,931.142604136784,1,2
0.42629811110290333,1444.1816669137788,0,3
0.6697464748129857,4139.579698314293,0,3
0.002574609173180154,126.4889803041912,1,2
0.5064063602494824,1753.5852817290001,0,3
0.06314040482005356,362.09425247148044,1,2
0.003818008092716805,275.20151432250356,1,2
0.010131629720574504,110.37254023266034,1,2
0.018454700156744414,852.4767591694115,1,2
0.007070560462203654,181.99610604047282,1,2
0.19826608860358583,791.7482140005401,1,2
0.6867665151695858,5183.511344524869,1,3
0.34978042799241077,1577.3606929679486,1,2
0.07502791502489616,175.95182266530315,0,3
0.3904665816195789,1439.850286029153,1,2
0.01368783092245388,986.6170280873482,1,2
0.02934070766305353,195.5942408255819,1,2
0.630143478437753,2610.533936126285,0,3
0.24273735962997228,1843.5367597994934,0,3
0.005905249254423965,290.1212985703544,1,2
0.005282424325141518,117.10302680441819,1,2
0.18747447077685095,1517.996158055307,0,3
0.018822049069167308,155.22740138313188,0,3
0.3472239554653165,1583.142227438649,0,3
0.716930102516675,2890.889186097714,0,3
0.16996785335320852,3086.2999681453844,0,3
0.08546083702691928,458.94083913529226,1,2
0.033641333472318694,646.7031280721682,1,2
0.022441312781536753,323.7823637369987,1,1
0.045384763071109724,118.65269241609514,1,2
0.20497325266161925,937.5599999104978,1,2
0.006072677489088637,350.07672311516586,1,2
0.1884896732540045,2140.7123767223593,0,3
0.02015596536722408,446.8260040059793,1,1
0.2674645569264374,962.7602948864122,0,3
0.2796964573345074,2216.4816804532074,0,3
0.019660025336126517,214.17353350174565,1,2
0.009029395294655858,417.0942671877929,1,2
0.009765825176616281,482.56494309779134,1,2
0.2712303642489866,1334.1158659406306,1,2
0.036900655519925434,708.7222957121454,1,2
0.28416368073121073,669.806101033483,1,2
0.23559231842147466,1179.9893361708675,1,2
0.7633580105061122,1841.4630710256338,0,3
0.0399248855194654,498.5498100373676,1,2
1.2447545741154207,5350.026034249327,1,3
0.2212255483322145,2542.519355280096,0,3
0.0922593252427008,794.8797192712567,1,2
0.03833027672671496,176.25355914012388,1,2
0.7039043036286501,2304.0708268142853,1,2
0.2008535072561369,864.1302410045698,1,2
0.04411456190669713,550.8671138892232,1,2
0.17241335037146455,2292.4481348382546,0,3
0.0071319724507275875,83.60321760060839,1,1
0.0806464303227821,989.0612364000662,1,2
0.19398806655903902,841.084009108152,1,2
0.1035294031867847,724.7551952930398,1,2
0.06977300594326805,417.7798511722162,1,2
0.24620995182485997,600.402560715494,1,2
0.8108598545467993,2231.918318139987,1,2
0.02606313063158504,482.123464815461,1,2
0.004733612348605861,341.1981470225399,1,2
0.08257767285696388,567.397156244622,1,2
0.09211361870016234,685.3363622860976,1,2
0.006936531518377924,136.46275684348402,1,2
0.05637908901767831,636.7917185653085,1,2
0.018870502983411756,1155.4568231052642,1,2
0.5843156288771856,2579.565865201778,0,3
0.21860192994134225,1383.412304651368,1,2
1.1679153859009266,3766.1046157213186,0,3
0.008855091151305186,437.5622623049996,1,2
0.5341186203321144,2079.2731347416848,0,3
0.07328043122631189,467.1152714200444,1,2
0.004964088490697721,97.6587792992586,0,2
0.00400959879020746,128.28914621730374,1,2
0.08179633341468552,411.41424937434897,1,2
0.0651128506669032,522.5552717523103,1,2
0.08296400306079608,1488.3992299043848,1,2
0.11292477691156519,529.4461120652987,0,3
0.023137959063937046,1229.8751620453338,1,2
0.35261588945450895,2125.5396700229453,1,2
0.05397163789366428,1061.786928930437,1,2
0.788321063654027,3414.9266876578627,0,3
0.2915943345548701,1910.0396731881378,0,3
0.19082156027091463,829.8889206797567,1,2
0.11795816203413746,497.43701737907554,1,2
0.013685536779460364,837.9769666757737,1,2
0.7983405965927849,3004.5497601370525,0,3
0.08655421037020586,336.0053607151277,0,3
0.058214976124644595,1145.2663496877344,1,1
0.2126277797563574,1756.3430598979714,0,3
0.08692465166337277,946.9448526570878,1,2
0.3153422157472031,1106.084569554485,1,2
0.47111937702957796,1538.1857989522937,1,2
0.5233371608554117,2128.918291596284,1,2
0.05465364298694604,270.07040669322305,0,3
0.04722185658754615,385.4402034755896,0,3
0.00906004710673194,510.29289196854796,1,2
0.0011177339894133708,24.778401973411455,0,1
0.022680015646623523,327.22635913249877,1,2
0.0015313548208902435,86.2511497982635,0,2
0.38778336777538575,1340.630963621179,1,2
0.004753411923590912,342.62529774786765,1,2
0.7758623709648733,2681.3927199436876,0,3
0.2430707620913409,1324.6060380912909,0,3
0.006264976046415247,361.16231903716766,1,2
0.2141659902617734,1248.4694651215045,0,3
0.9528721605873282,3789.9023690384374,0,3
0.411973734840638,2045.255343138198,0,3
0.5125296156666717,1106.4715862782568,0,3
0.22229949891975964,891.392195041339,0,3
0.17014793757575444,1556.179945224958,1,2
0.13629944029746024,1441.3019754176255,1,2
0.01058757460238448,523.17057116453,1,2
0.02218844767452556,1090.1049177172547,1,2
0.3009484280846364,2163.163473647167,0,3
0.015952263933549954,783.7250094179125,1,2
0.01525920127002481,811.0876409970119,1,2
1.4360432960028346,3984.8404793694535,0,3
0.05326561000889555,624.3961842208934,1,2
0.26320709586812735,966.2760104119852,0,3
0.011898183906936595,549.6120322106747,1,2
0.015338476346037319,283.0986580425191,1,2
0.010567350599467576,647.0477953361233,1,2
0.014173556781448025,314.2054287067115,1,2
0.7497271095202659,4767.288857403233,0,3
0.3501305004347281,1084.5992260719406,1,2
0.11568292016479408,381.53890483021934,1,2
0.02266899307486946,1633.9779987033035,1,2
0.6425909000197152,4007.1049245268186,0,3
0.34472606955726803,3637.3629444764274,1,2
0.21746740093684339,1450.6359194036181,1,2
0.01479218673735351,473.28351451438317,1,2
0.3567754771509974,2964.714453481717,0,3
0.006001880624968674,302.32313681990524,1,2
1.0388535104663414,2832.9983182313026,0,3
0.0047383352490431505,59.16851376197651,0,2
0.009631153023803258,694.2122259715737,1,2
0.0232153675266936,456.7171713173638,1,1
0.11280464202544982,350.0721588920707,0,3
0.0639509907434866,579.9279371309352,1,2
0.14402064906924505,1864.76316590149,1,2
0.06485998670304749,1197.1055522103486,1,2
0.2017262108941488,1846.2438213206085,1,2
0.1230533525459359,1053.5559919820073,0,3
0.024303856798826337,1200.9419645628093,1,2
0.0804763613878565,648.6126222026247,0,3
0.016590911214746023,166.2183983899661,0,3
0.008142967255274587,410.1726704451467,1,2
0.0321168190947268,349.8760816810429,1,2
0.0038167563521937214,176.30717692632246,1,2
0.015269828994038056,1100.647238181913,1,2
0.48376335812635024,1408.799516727081,1,2
0.22477979765774894,2416.3412385815864,0,3
0.6865665245118596,2799.5780164245357,1,2
0.6451148259416237,2037.780798612498,0,3
0.2429619956030425,1431.0166250848636,1,2
0.05592687555805425,698.3697717018473,1,2
0.9941289508787177,3161.6745986721703,0,3
0.1242074683327401,1812.9075503874672,0,3
0.014122278665825138,451.8494661127453,1,2
0.272549590346651,2224.4004991145093,0,3
0.6178483721701028,6697.886741681278,1,3
0.16466801984093998,1494.5248790291053,1,2
0.0611988796110149,882.9749886474114,1,2
0.0038316551782228716,72.21096331887667,0,2
0.20179794538584647,726.169531104063,0,3
0.1386871367984922,617.7420287448272,0,3
0.11400000666151117,1930.9479321372933,0,3
0.06666653620161019,608.936784898986,1,2
0.09586201577200326,546.2947802613232,1,2
0.02585705313381111,1374.405898337243,1,2
0.017064376988473025,101.70053848435757,1,2
0.1539654710156002,2425.798134905822,0,3
0.21139567038218313,1543.5126304314954,0,3
0.03125328053091353,1661.2369894505807,1,2
0.20906116828636087,1365.8571863824382,1,2
0.03645350716002972,455.20203335255513,1,2
0.16596162778573323,2344.0566613683336,1,2
0.05253044683347677,655.9579056836468,1,2
0.511265607980731,5133.537256695105,1,3
0.17270141004864933,2002.5673610755978,1,2
0.30551801184728095,849.8135310120948,1,2
0.18507873880678893,1499.5302845848169,0,3
0.2568166174958212,2312.7152273701936,0,3
0.5098570261387144,1784.57989300261,0,3
0.2175174657883542,4483.8092692468645,0,3
0.19583856917202394,692.4992154700626,0,3
0.002172878653668603,55.92985958893855,0,2
1.4003173923355117,4858.433560240327,0,3
0.11131595527551633,675.7187237586663,1,2
0.18965042137314575,2041.6380535236224,0,3
0.053219253227010696,1002.9643493170684,1,1
0.18525792247649162,821.2536616572485,1,2
0.031245869894628752,257.97162709917654,1,2
0.462703369852006,3018.2798415180832,0,3
0.018131728797140905,1045.2549494224143,1,2
0.021428197520423537,251.18805105676267,1,1
0.020157623382668837,1234.2682913945255,1,2
0.07348459453544731,1060.2327924646818,1,2
0.33487198412784874,873.1247348037624,0,3
0.34809723108768514,1400.7458094926762,1,2
0.2158885686917917,2971.4522515906265,1,2
0.21900119242250035,1191.857426295529,0,3
0.12492231955417345,620.984211759511,1,2
0.04143760995536941,597.8601799980141,1,1
0.007612270842961179,376.149990374016,1,2
0.18008899634977293,1121.8756218048536,1,2
0.2277827176029715,1983.3093256370519,0,3
0.010772476223203273,529.2451945788127,1,2
0.08572891785310459,365.3523837760256,0,3
0.00720730287156096,441.3092373028859,1,2
0.1860450043467398,865.4030491200958,1,2
0.5266645408322495,1498.0113253246827,0,3
0.038857575439829824,455.50068475050443,1,2
0.035586739689504106,1138.6157793577402,1,2
0.12278317365272251,315.8895766130443,1,2
0.029251788917730545,307.5864387924035,0,3
0.03149930763904831,424.4413974205449,1,2
0.467366426530807,1534.3510640280872,1,2
0.04493660041272451,160.82529492305508,1,2
0.8633702791221725,3214.5972345989667,0,3
0.11220021473179462,653.7450769861357,0,3
0.22303304307918576,2043.8540467656128,0,3
0.02248660566693763,431.8828098444029,1,1
0.7373713408269708,2013.4054342126194,1,2
0.4380514217134492,1275.836747886447,0,3
0.510845213734523,1675.0854500636422,1,2
0.0843972644212359,989.3311998961585,1,2
0.27913024684519616,1902.645113244851,0,3
0.17468008084326314,1302.8264528617797,1,2
0.006361117553142504,358.27993321724165,1,2
0.09684827086364835,893.9833132126955,1,2
0.4370802163145136,2960.8366589292345,0,3
0.10053423529272298,959.2314570132256,0,3
0.0033792029697387906,156.09530210469464,1,2
0.03830993400275274,735.7892154612479,1,2
0.003601782856990372,66.47726086808831,0,2
0.010714721036027525,603.4897964325226,1,2
0.07081777964708638,678.298471656975,1,2
0.3331094065338501,1321.2970360461213,1,2
0.01619250303881615,139.995161300869,0,3
0.04147485873249657,517.9046269858833,1,2
0.018521805435900478,201.77392700248745,1,2
0.03808219007302582,204.0017892515301,1,2
0.22922999678597483,1227.2048937572372,1,2
0.32652624548998005,3156.2051016091227,0,3
0.10577154284998691,1168.2234144080724,1,2
0.054396403850833726,1044.749576191967,1,2
0.29075215094638784,1352.1429511292488,0,3
0.02807861155010958,1414.3590070855591,1,2
0.1275659732185426,454.6074162168804,1,2
0.06427466339001282,360.0629727281405,1,2
0.030388255498744,142.03392306013976,1,2
0.27919322795941814,1127.965830734119,0,3
0.04156533626014237,921.4380342449501,1,2
0.08615185324172958,984.3802769919878,1,2
0.3544177686616842,1840.0266975288873,1,2
0.09029084446374601,274.6406582465932,0,3
0.6148566061354982,1945.4477042523315,0,3
0.004436846047431199,98.3578882799222,0,2
0.2313264024764366,818.2361831047498,1,2
0.5716279880305131,3355.7059820960653,0,3
0.3194905989188242,1592.0626191147257,0,3
0.018880617293082404,272.4087915657691,1,2
0.06386787368219571,797.53055963617,1,1
0.013548417480870547,260.21395568770475,1,2
0.0026167716038129406,50.25830441974781,0,2
0.23962265629962856,1040.5605822169014,1,2
0.032229669054422164,619.0102782851301,1,2
0.6639437556507155,3720.8934855065327,0,3
0.2249879591089844,1126.9928149355906,0,3
0.03585345666068174,133.46158441133704,1,2
0.02805493556142379,167.93651525688952,1,2
0.5515721691305912,3517.191623478807,0,3
0.30451405601913756,2495.095523278905,0,3
0.11606046379259079,1652.0867730013763,0,3
0.011600260455767666,228.21254653026995,1,2
1.0844337994728885,2458.90338923973,0,3
0.5585927398407841,4396.830107998667,0,3
0.05632396557960596,812.6399238733549,1,2
0.08750908237870035,1497.7992901829105,1,2
0.03828654852011959,552.3967915715986,1,2
0.5011385249096917,1345.8716963880265,1,2
0.273728790955201,1955.570655686939,0,3
0.11591000941341162,971.0731823133318,1,2
0.653135521084891,3099.4731904861806,0,3
0.2376608104452237,2319.672981896851,0,3
0.03525269730252064,664.3685596427935,1,2
0.2558097671949904,1986.2911116068105,1,2
0.23238541381509445,754.9331431418827,1,2
0.03795682628908565,413.4962935122593,1,2
1.0736224317521923,3256.624098192128,0,3
0.14276829910058347,893.6722737699741,1,2
0.0017630205611172125,20.666679887468188,0,2
0.009928248945940391,715.6268604316595,1,2
0.08757517465269027,1026.5836601981293,1,2
0.0008683800531493417,42.90981697467411,0,2
0.030807101851012517,384.6942721510347,1,2
0.11110586217383644,1335.8543946132122,1,2
0.06491258969029458,260.4242265086973,0,3
0.8027599558223636,3318.205673371254,0,3
1.1424068617220353,2266.105764547001,0,3
0.05730373906129231,1100.588510642558,1,2
0.03195063501950193,1609.3982546569152,1,1
0.42506360139697935,1612.9410288607844,0,3
0.7507763892892383,2026.9682913523525,0,3
0.0054902479616070424,253.61066555377133,1,2
0.06532966661483688,633.4235200819273,0,3
0.017718635541333825,1021.4410166730199,1,2
0.8706263515826755,2118.765728234513,1,2
0.16103305614619193,807.3293642226745,1,2
0.3989301566054196,1373.3947551839653,1,2
0.032194912200882685,1030.092539153672,1,1
0.1449928298506341,687.4065661417985,1,2
0.03903527524239565,487.44107349699163,1,1
0.2930315209504216,1451.0676791157732,1,2
0.41169532306451756,996.591718392964,1,2
0.16065015033280872,1825.0413440871528,1,2
0.0036408007334511124,116.48926540543214,1,2
0.6757464569173729,1445.842711292559,0,3
0.003569353906192372,176.37475927399345,1,2
0.07403379170550968,745.3404833664381,0,3
0.3988647954956979,1464.9285223151899,1,2
0.01107964768079257,213.6172286546329,1,2
0.03191907967457756,707.59571981266,1,1
0.5327373948311765,4904.730786773542,0,3
0.5422145519845019,1309.2519867609399,0,3
0.9198930090059165,4226.321758561329,0,3
0.20978825487613076,3405.7629350022316,0,3
0.019984276414261242,190.28542107613822,1,2
0.05334186530487668,1005.2750834111886,1,1
0.018882436168681502,951.1347675874877,1,2
0.10742844694594782,569.9631842830365,1,2
0.042437914434986616,612.2925330434934,1,2
0.4267251196772691,1140.510299558647,1,2
0.031404341358126905,696.1847821146613,1,2
0.1514909682371481,1700.2267331287321,0,3
0.005266765451619701,168.51283095088024,1,2
0.051989596101848834,959.5597735109078,1,2
0.5252419319592944,1319.2421144636146,1,2
0.017965261126319906,249.65915220250565,1,2
0.16869660310179824,986.1007275667897,1,2
0.5206986423986296,2465.969581155122,0,3
0.02513036679884349,313.80777754827614,1,2
0.4395124314919689,1414.846534184847,1,2
0.008486860758659802,416.9542991337027,1,2
0.07822218239258143,976.7756041157955,1,2
0.3304467015292285,1411.882904975796,1,2
0.23261570889706765,4363.038642437634,0,3
0.4118375378657356,1346.223934310328,1,2
0.03400547866297795,653.1168773357555,1,1
0.07567777802114284,1110.8016097978737,1,2
0.717620760359832,2368.9339129031864,0,3
0.27754027590336316,1018.6843679527564,1,2
0.04485034504723612,525.7498093762155,1,2
0.05822390689110361,255.42603477909853,0,3
0.4941957876234779,1993.5914965785432,1,2
0.30670846500366183,1575.6274464138783,0,3
0.14764199830354818,1853.070444293235,0,3
0.006717441103428981,331.9331981900314,1,2
0.4357687451054416,2862.3749168441414,0,3
0.052086853529619837,981.6232658408345,1,2
0.014158079008599932,278.5326481978141,1,1
0.05577376084316368,691.560720455007,1,2
0.11346989237201366,2048.2504694876975,0,3
0.019983708296726917,1223.6193239097065,1,2
0.4302510522806606,3615.1858268065394,0,3
0.25884799618180576,1229.3128045279514,1,2
0.20462338581651762,883.4705889446319,1,2
0.060871663591479615,369.5764428877733,1,2
0.34873279909084215,1229.8341303249988,1,2
0.0007192768385686021,23.0136271337694,0,2
0.003961640000859347,199.55335783061517,1,2
0.005161204946084988,253.56685495098142,1,2
1.3963726920590458,3711.682121509339,0,3
0.2037882608312262,1829.3231871867472,0,3
1.3933502028080496,3837.881892242933,0,3
0.021812638992718153,314.7118834426974,1,1
0.02222133142329694,260.48541538710026,1,1
0.020576714107641968,1158.9510325389647,1,2
0.13192204472636096,618.4871195497288,1,2
0.01526200844148825,220.1996477062025,1,2
0.19073270046510926,1017.1534285878787,0,3
0.3579829888999358,1816.514006839518,0,3
0.024413703717857588,265.9594329977833,1,2
0.10601907635376236,1780.9962188165887,1,2
0.16566766542796785,1714.2828932632544,0,3
0.024208271171114595,1482.2928739544177,1,2
0.4810021708510556,2427.1273476337833,0,3
0.22958537380630845,2140.7507716326913,0,3
0.1126309288376578,505.4579980162981,1,2
0.004085822593096585,58.95008504543708,0,2
0.023093095915134528,1227.490506067212,1,2
0.012182502839123912,601.9817765555629,1,2
0.17230597424857838,476.62222700304915,0,3
0.022948253985678888,508.7266444706822,1,2
0.1994659441227141,2497.2484379974658,0,3
0.05396406701990257,1196.298365625479,1,2
0.623163473339787,1785.794413816609,0,3
0.057303671901900805,1100.5872207641683,1,2
0.018232427236786624,313.81922335690695,1,2
0.08164501790650347,270.2725167260958,0,3
0.019313938583352838,256.4686876279379,1,2
0.19823960518412875,570.9688568553488,1,2
0.019374807086876663,273.88225233258055,1,2
0.1974157648317842,907.4615251168011,0,3
0.05082223693385135,874.7598285576854,1,2
0.031073474955155625,598.70901034178,1,2
0.006034148083866171,136.90426109706522,0,3
0.025653802555238827,453.1568293217256,1,2
0.10465088210615044,688.6476459653653,1,2
0.1218526874673536,393.08231912066327,0,3
0.029354358956950627,505.2515504586033,1,2
0.0853540183398625,429.38815178835256,0,3
0.012939606885531944,171.82430098510272,1,2
0.2927598570275382,958.3439414916324,0,3
0.04951556346668743,620.225810626962,0,3
0.4576462750275606,1711.301254040254,1,2
0.6064194307781616,1731.4020426768707,0,3
0.02673108452856605,354.96054511749855,1,1
0.04544285106609679,481.08457482365594,1,2
0.566574542671612,1950.6027942359503,0,3
0.41719578805883384,1446.6579053375585,1,2
0.001252095215637297,24.124778078079267,0,1
0.2597555262509262,1271.3050143850364,1,2
0.06916527035708618,866.3556035935509,0,3
0.08176235638212152,488.48287560708275,1,2
0.018707219374602416,330.4502012505593,1,2
0.05419348417026752,779.0134476878959,1,2
1.0252359625544116,2731.8878072266175,0,3
0.49852536216660076,1249.710852913378,1,2
0.41923000765056906,1664.8516968194365,0,3
0.013985629658304218,198.59299862536383,1,2
0.26888779337703556,1063.2412949847755,1,2
0.008265267151548662,369.4577851215741,1,2
0.012742385227719756,141.63703803478433,1,2
0.00434617645799426,77.2013027841085,0,2
0.006223158799736534,107.11392597358953,1,2
0.02159857970464898,240.07741097559986,1,2
0.05192785558834955,1000.5213473336787,1,2
0.01137267884959276,142.45276564880945,0,3
0.14711908351279837,689.1307474484813,1,2
0.058784285508621026,1132.6277943264188,1,2
0.038969087367314165,806.5560153118743,1,2
0.01700150525888846,225.7620175516611,1,2
0.04287165900651789,537.0050868577772,1,2
0.0281177485697808,352.1994334454069,1,2
0.04936475657241834,951.1367684460329,1,2
0.010486014539574106,406.7112413453987,1,2
0.0242320561360245,549.7829509744952,1,2
0.004465821828340044,55.93833069194972,0,2
0.029531599096556237,312.6387641163844,1,2
0.06745118542661865,895.6804398365498,1,2
0.024101061905698662,754.2978374820063,1,2
0.05526308388692044,976.1844786485013,1,2
0.02277401075778189,712.7647376120395,1,2
0.46045984728742345,1755.361700797789,1,2
0.003412534214285422,132.35877379224382,1,2
0.043409485868790856,623.9970315021513,1,2
0.19874642338825255,697.9529761210233,1,2
0.03191624961782748,998.8920057323627,1,2
0.3166408778236307,1594.887072379251,1,2
0.010790801719026752,482.3492852315974,0,3
0.09122091952195452,1007.1803497254832,1,2
0.04579704036053645,650.3083375989042,1,2
0.00679003908303302,97.6045706784643,0,2
0.11054167428185742,327.61324924861833,1,2
0.4473074264849763,1402.3215849806206,0,3
0.08875989838384567,939.664149004967,1,2
0.05562389149232944,512.009995117587,1,2
0.07839525070598603,225.17588771518905,1,2
0.1814437340902788,716.1874580951169,0,3
0.02191447837929256,389.2677384517273,0,3
0.003001245933814939,134.15581795255528,1,2
0.21085817412058563,856.5122684192896,1,2
0.7092490779054865,1740.6519888280802,1,2
0.001218079466267662,47.24450933320781,0,3
0.017054496258234707,661.476800125514,1,2
0.7122574740204314,2812.656071196184,0,3
0.0015019235555599776,26.678726989580454,0,2
0.019085035883938728,212.13830103866516,1,2
0.0561616415812428,797.4834942608003,1,2
0.05462483998951774,970.3031739098816,1,2
0.21831545695518295,1078.0345801339297,1,2
0.003670318929088102,52.11775657209993,0,2
0.012393062725484402,178.1461861883515,1,1
0.016842705224147467,727.093432769261,1,2
0.0053379456994874916,167.06321544976217,0,3
0.01099349483755488,145.8207384866479,1,2
0.08684121023240308,460.8436664563262,0,3
0.01532127076457963,217.55882132073575,1,2
0.008134584846700679,472.4644183135509,1,2
0.4878437866135556,1099.5100390750047,0,3
0.11974450268273679,855.7757030510725,1,1
0.044610267074698534,1396.180305896957,1,1
0.03347284537100078,475.3073617106055,1,2
0.24489956784813957,1707.3483100282415,0,3
0.015366629389025513,480.9338012939882,1,2
0.2682582152401044,773.2466633304273,1,2
0.05112991109025876,442.68642558849626,1,2
0.010020578538465674,432.5847155135842,1,2
0.17679626527001893,818.9730883234033,1,2
0.0376858330689274,376.14599711372193,0,3
0.007490084619187971,435.03123262144436,0,3
0.004327753331944796,193.4507537694346,0,3
0.02873419152781045,510.40657042691794,1,2
0.18199835170321446,868.2001756162236,0,3
0.6722666949583257,1989.2279159845523,0,3
0.021030063547020937,815.6734113329672,1,2
0.5231490035680674,3152.977364569327,0,3
0.06956891013504174,871.4115454218652,1,2
0.010346412104929271,600.9294474038646,1,2
0.015124921275251377,878.4698011046312,1,2
0.7092202539995323,3561.574731058802,0,3
0.0045854445662777965,78.92534734114007,0,2
0.59325490969931,3670.3076571613647,0,3
0.8883275351214381,3214.45153071446,0,3
0.5842720672805629,2076.179098168505,0,3
0.2829956078380256,931.9913361878208,0,3
0.019237179261148814,341.7107692717809,1,2
0.08272699815379876,546.9770293788121,1,2
0.006777370650005505,116.65310197949667,0,3
0.03510125827881106,1569.0277036284251,1,2
0.0014069246499202306,60.73642326124431,0,3
0.7707153768032285,1967.1523333437747,1,2
0.01974957603570483,348.86271684353875,1,1
0.09694085347410486,803.2916420224072,1,2
0.31875803522754215,2193.8934205713745,0,3
0.003131118741825573,97.99552007706212,0,3
0.006913095424800818,73.18606766812009,0,3
0.020085353148241808,354.79398926790645,1,2
0.22703627114855993,747.0478889823061,0,3
0.0074645417375074795,128.4807919624349,1,2
0.26722369729363543,1250.8786469462946,0,3
0.31866247732729935,882.0962829510081,0,3
0.023275931609366207,291.5514343329489,0,3
0.0680484413913965,1208.7471317877175,1,2
0.0545791334068739,683.6514600781966,1,2
0.8089184002473692,1854.9126169468966,0,3
0.06630186629339295,486.7912781767641,1,2
0.08629628905369076,327.0840785758209,0,3
0.06577550353411146,429.23895823130306,0,3
0.0021280666726159222,41.00258156971302,0,3
0.02159307231345979,286.4164487700456,0,3
0.013517121592416373,604.2158968591149,1,2
0.012752849581096496,215.28653022238262,0,3
0.007118927913787512,222.80312591913352,1,2
0.01095218834183885,188.51067906963956,1,2
0.4918161746235104,1673.45331746576,0,3
0.0033451233667326024,144.40775394365946,1,2
0.021776768147673597,1194.1216896844107,1,2
0.03891702220248541,216.71966245542728,1,2
0.018973809619803182,365.57838466022355,0,3
0.5096707852216967,2177.1976573712973,0,3
0.0449702269252348,389.18639913540585,1,2
0.07186053822829251,954.231983917185,1,2
0.021645610291820393,839.5480473768797,1,2
0.03432977865972089,197.3317071866257,1,2
0.010959479553898213,343.001970609396,1,2
0.04893215886495016,518.0244260754762,1,2
0.018928570772256088,846.1079000603582,1,2
0.5301997752339911,3132.2367043735408,0,3
0.04737901533816426,980.6190599321629,1,2
0.012423608698244682,555.3358250508061,1,2
0.4461527467892567,1348.2241443692499,1,2
0.05268685541297531,343.3436602408316,1,2
0.06697102147350749,888.3220443339992,1,2
0.40460904775466683,1769.5426818604765,0,3
0.024797491426017997,1070.4986476376678,1,1
0.01076469704531905,481.1824052321334,1,2
0.002509109731358491,56.92730920899099,1,1
0.0037940479931202146,118.74340673083975,1,2
0.02487082264456059,329.8934304686406,1,2
0.022856025980360937,393.40128601803775,1,2
0.03934071066928435,434.3651756415652,0,3
0.010987645746574999,249.2904551270744,0,3
0.23027782011989148,998.8078367246211,0,3
0.007532029678687244,106.95323672735555,1,2
0.003639547881256704,113.90797247796897,1,2
0.03265907029685939,740.9771561727899,1,2
0.002082538641666177,27.65391171032055,0,2
0.12000954203770717,650.6015233019275,1,2
0.005067915991008639,226.53605538563033,1,2
0.06325170041423125,792.2829594647209,1,2
0.024015261374970603,426.5840291501252,1,1
0.010314395954644456,565.5864011552085,1,1
0.00725761121452544,128.91723248634375,1,2
0.023763563403385247,1062.2322715806915,1,2
0.04343790135483649,420.6684087470618,1,2
0.040632939415335086,584.0850926687581,1,2
0.03565861408536405,377.50292496187046,1,2
0.004870338802348929,100.80300368892367,1,2
0.11586644001296412,705.0747507319978,1,2
0.0017295245547697404,19.22440192854313,0,2
0.04044969104701432,714.5160528322992,1,2
0.08015693477835488,885.0216597910527,1,2
0.04497706230829764,476.1534628611272,0,3
0.024944532126505707,565.9477844639202,1,2
0.0959910116663179,1354.239021110852,0,3
0.1120612934603256,807.0171457841918,1,2
0.26100237203902904,1213.8268186648613,1,2
0.04430406856722732,853.6298268629281,1,2
0.018867873884469727,428.0790422648883,1,2
0.02840016637680093,504.47326857646937,1,2
0.06578292996537287,712.6924759119223,1,2
0.008604859026192999,384.63755602926597,1,2
0.0041357965924629005,73.46431698623735,0,2
0.051702944077494685,686.5604421816382,1,2
0.0673249548515943,1189.249157472233,1,2
0.02524042769296411,278.68237816767487,0,3
0.020736189851833804,399.5350929488117,1,1
0.05983125871290416,793.6182678048051,1,2
0.0061870034975340564,267.0906812005412,1,2
0.046210047880418534,956.424556071663,1,2
0.02872126991447838,1668.1586508836167,1,2
0.2528523160977931,1244.2460367546132,0,3
0.036853601212008855,390.15375694654244,1,2
0.0548135162466025,1243.6227675514779,1,2
0.4216614747321227,1444.1783883203345,1,2
0.016270412308236604,287.40567553218375,0,3
0.4367704439092809,1326.755718309377,0,3
0.005826731061250835,319.5068199750654,1,2
0.22918364058076854,782.2521006783709,0,3
0.002090396601582917,81.07825842939582,0,3
0.0916648822723282,970.418005905967,1,2
0.023279763013351485,902.9304010264548,0,3
0.03957684005547895,561.9828019732489,0,3
0.016905606953632853,729.8088774564412,0,3
0.0087567938712383,391.42904991615245,1,2
0.39561152626688395,1198.7877583438913,0,3
0.016755440364534767,380.1516221645064,1,2
0.02856786104888998,317.54394092181604,1,2
0.026840026114167196,517.1409214949867,1,2
0.007908289826661773,83.72177712415274,0,2
0.021760236491536942,374.54039591934696,0,3
0.005950411840297665,345.6055744495143,0,3
0.07073566831644656,939.294900587535,1,2
0.5797854426573315,2686.071076975178,0,3
0.009778607229058196,172.73239074640034,1,2
0.3230276556443137,1430.2096336276516,0,3
0.006345226973097765,283.6319093612262,1,2
0.033120762918227374,365.69003857855773,1,2
0.031343411550208415,392.60368812365704,1,2
0.02403099604102651,1317.731511063341,1,2
0.33990038191411426,1167.9493536456482,1,2
0.08675992697138415,918.4912829974171,1,2
0.00918600569608672,176.99161060148927,1,2
0.17748390965876243,1005.6467477566054,0,3
0.4149177866108477,1454.911561908788,1,2
0.048694254649875805,838.1326840200084,1,2
0.033514755406359134,576.8609069997852,1,2
0.06572229782800307,412.17895735743934,0,3
0.0026713417810797805,146.48211983137298,1,2
0.6417144835299696,1983.1136831216797,0,3
0.5217560854872716,1409.0944351456071,0,3
0.0027292717326703403,149.65868906366498,0,3
0.048164548202328225,509.89805106611675,1,2
0.022348224432080586,866.7996850790395,1,2
0.3401117527804252,1454.3525415174272,0,3
0.02044766261935964,423.2119969672503,1,2
0.008900858084929226,153.20288051317263,0,3
0.24104271187207166,900.3282551426701,1,2
0.35711528620118604,1208.870569592969,0,3
0.007412351739337211,82.39144606520243,0,2
0.008363867849869568,147.74198981034945,1,2
0.010006465757108316,581.1850404663445,0,3
0.01285099297790516,498.4394487380801,1,2
0.16064317664072164,1144.519062370417,0,3
0.00962419244125777,558.9822430017173,1,2
0.6120094677423136,2495.562291838707,0,3
0.4451456113179767,2260.7033501757055,0,3
0.007328014514787045,105.33778994418583,1,1
0.008351621848742472,189.48368556305263,1,2
0.19395598730637828,666.7101945561104,0,3
0.025388888015727744,1096.029022409269,1,2
0.009987935186705092,206.72357885750884,1,2
0.2048745491870554,1135.4717557146657,0,3
0.05302075023620019,759.0045939783283,1,2
0.01738134650273073,674.154034948271,1,2
0.2497435164145634,907.320835026158,0,3
0.7875080544928986,3656.2290971742104,0,3
0.04416053869646317,553.1494340999276,1,2
0.035772850372872075,1544.3008846501536,1,1
0.22796348701798635,1249.4120226798527,1,2
0.35069747936137763,2139.8624348680946,0,3
0.48827361671936603,1911.2341888381504,0,3
0.05214967498853657,552.0869318379868,1,2
0.061646262062519504,1095.0249694172344,1,2
0.5129018508238786,1985.2551603141428,0,3
0.2656813181027483,811.8917911919962,0,3
0.024487948071901047,555.5886912239838,0,3
0.05410508338063391,717.6647036294488,1,2
0.06875503306562095,759.1319908998822,1,2
0.06316436007822597,2050.1757312373343,0,3
0.13354149667314782,591.6867462429339,1,2
0.7538012683728469,3105.346188649279,0,3
0.251919692984378,1323.9450157218434,1,2
0.02607735049938277,539.7314982109347,1,1
0.031845792807654504,567.9415968757988,0,3
0.050963457010048896,537.1741235680048,1,2
0.036410499515912534,517.021432497247,1,2
0.05467790787184943,776.414787759266,1,2
0.1446838332032672,607.7205567261193,0,3
0.021946357142244386,686.8614253502469,1,1
0.0645457904231819,433.1953367581265,1,2
0.026251801737105035,277.9169127984658,1,2
0.019585306165793116,1137.5331943175113,1,2
0.30180398610680403,1296.6417917841954,1,2
0.005328252461317015,75.66006390692777,0,2
0.03268879251187677,360.92060512821257,1,2
0.36238996969731535,855.6780898578751,0,3
0.0025211816759674807,28.024007950629898,0,2
0.0319464479647596,453.6328396901097,1,2
0.018359756415795687,574.6105551414133,1,2
0.0526673478741071,1869.0586751241096,0,3
0.028607642620816942,649.057351642336,1,2
0.5836239290389896,1491.1250269397206,0,3
0.05959838817685787,1052.7646558734068,1,2
0.02541077349726056,1475.8818729575382,1,2
0.005182411037272979,162.19540257824045,1,2
0.030609900885701275,526.8621230859044,0,3
0.1606860899408671,1281.7569731232527,0,3
0.2906195769524381,956.353084739564,0,3
0.029193694314886873,515.6865896755811,1,2
0.007504284753465201,411.49490727521606,1,2
0.014380820295766096,254.0273284727561,1,2
0.040059229629209284,771.8422790167749,1,2
0.2535045303526373,1405.3869437641301,0,3
0.28629618109036176,1556.40827941483,0,3
0.01919274889183704,330.3484211453773,1,2
0.01668761414251691,184.24980954175743,1,2
0.08080282340582887,855.4259037621392,1,2
0.003210997750712191,46.15703283518991,0,3
0.049304921414789774,949.9838929450102,1,2
0.043700497351311374,771.9393168658605,0,3
1.0091120458721299,3496.5354724391113,0,3
0.006986032200189333,270.9606988904033,1,2
0.61503215768736,2291.6910968929237,1,2
0.003883245993109359,55.820379435430496,0,2
0.17470621634331593,1278.446589630759,1,2
0.019288415961617247,1057.6737421839484,1,2
0.07564990927363266,840.8809564011985,1,1
0.029486901670122093,520.8658965306215,1,2
0.05248678401945164,1011.2905158389698,1,2
0.0008846744208165104,51.38273108030563,0,2
0.05415106095572362,597.8879055068649,1,2
0.3463286283541297,1703.4346973150307,0,3
0.013471139262936048,142.61335177393605,1,2
0.5441947872053443,4107.993358948043,1,2
0.009524750148285318,135.24944813494466,1,2
0.035961631950933326,1394.8101937463541,1,2
0.02180362684410632,230.82593419707945,0,3
0.05719281829798744,635.722530422835,1,2
0.22771550498687096,1035.8605343923748,0,3
0.04452937203549613,590.6498352444711,1,2
0.006285027622837002,69.39369118812478,0,2
0.304569057629711,3449.100936391725,1,2
0.023010080740042495,476.2472074021348,1,2
0.35716316242417057,2395.6334029252203,0,3
0.008174905785554543,90.26004683153937,0,2
0.07092107209592655,1007.0643022420367,1,2
0.03824953728737473,1587.933060917584,0,3
0.2735427305301545,1686.3468115491141,0,3
0.0050969370895551985,115.6405836259647,1,2
0.05588097658559474,591.5886708408635,1,2
0.01332508183221132,595.6317115981046,1,2
0.0052696425299990175,306.06584596215066,1,2
0.2810053729739365,2130.825963487069,0,3
0.017684950634554084,763.4528595084237,1,2
0.01310749218688231,761.2956024592357,1,2
0.7281103365158704,3796.1375176320607,0,3
0.0341419128354085,1068.5492249268273,1,2
0.0730694298955585,806.7677276453904,1,2
0.013371481200305157,518.627138755012,1,2
0.05319243303934538,494.2201197520501,0,3
0.02528477530454953,446.63821600911444,1,1
0.009484556334054138,367.86861830826683,1,2
0.015208355058840195,201.7278034525801,0,3
0.7795119563046609,3792.106199480718,0,3
0.08593714663468775,1012.4333283083287,1,2
0.053590488034055896,760.973654851539,1,2
0.011000724905098264,122.2777418786628,1,2
0.3270100226284362,1682.9443703710956,1,2
0.06693745931647516,1213.536110166253,1,2
0.035415621456422734,1108.4128484539738,1,1
0.013103351109021558,231.46171134933516,1,2
0.030623805948248164,440.2071027232153,1,2
0.04691653247074002,674.409668859124,1,1
0.6316973567939937,3389.790998962557,0,3
0.023046099449433217,409.6485969049978,0,3
0.024470264501968375,270.1789204507628,1,2
0.1837851946611661,2085.837357764353,0,3
0.016054678575285836,178.4545891029318,1,2
0.44211459114726115,2052.43690753376,1,2
0.026234048921440614,328.60444513116653,1,2
0.25259544376252885,1804.6971851852811,0,3
0.0022818572047506695,39.2756623408538,0,2
0.02393077617741568,425.0833152743194,0,3
0.06726108544927488,1157.7077107564612,1,2
0.04538930126967787,602.7219398438488,1,2
0.10235567198340015,911.9498993054649,1,2
0.028601948201291836,1109.3570215778727,1,2
0.013707913156481953,171.70362112920125,0,3
0.09216145596067452,975.6750251317023,1,2
0.07690886497439486,814.2021844659477,1,2
0.034323001014222684,1534.239571562334,1,2
0.06495083416809873,922.2881797819224,1,2
0.01213218764244411,275.2581079540828,0,3
0.3308734024014909,1301.043300986922,0,3
0.018326013131566222,379.29951986370764,1,2
0.24929596750699737,1656.6160823499633,0,3
0.013362448355635832,276.5669875443931,0,3
0.004543886615273171,80.71323605766615,0,2
0.348576281375617,1557.77125322111,1,2
0.015719534186531596,678.606549310878,1,2
0.6824701216122387,4699.352346066526,0,3
0.042480309822787665,297.0770596946266,0,3
0.002537219456945939,31.78089643434026,0,3
0.192809762833665,1450.1011184033932,1,2
0.04414099389406036,487.36563828158137,1,2
1.0452054608435632,2972.82446221084,0,3
0.1409032006026964,1234.2358879958106,0,3
0.1268792032022484,1006.548802420463,1,2
0.04241222270759455,749.1828287551701,0,3
0.04464148369920175,592.1369151800229,1,2
0.020793541601203714,369.3564945242277,0,3
0.06594957098141792,678.8369656461854,0,3
0.05036775113959933,2366.3904722720836,1,2
0.055361108680924684,952.8835576741934,1,2
0.04250644258591466,603.5825415283592,1,2
0.5056076066461089,2652.881810977927,0,3
0.006277401708990548,66.45624254020647,0,3
0.014723145743976788,253.41695336224845,1,1
0.15910535812551185,1328.9679022767525,1,2
0.05304129415094642,664.3886761706019,1,2
0.03742170970514232,1501.304568630494,1,1
0.016982713326051672,241.15095613252979,0,3
0.05096440861332551,877.2069084476251,1,2
0.01226745051318079,548.3555476895958,1,2
0.2981837880891157,1561.8361724181443,0,3
0.3689255382479917,1303.8398485408745,0,3
0.024658062694866877,510.35603182135645,0,3
0.0773326011337757,859.5847929856895,1,2
0.045479677929632076,645.801857851894,0,3
0.006153110886311492,81.70680811844731,0,3
0.06881721599969505,728.5392602591522,1,2
0.016346184524020306,232.1123810668901,1,2
0.23885248984862412,1898.2009235860899,1,2
0.00792589103065593,140.00542965386163,1,2
0.017470713011599498,192.8960915236268,0,3
0.024734793487861288,328.4519103756311,1,2
0.013763496993916453,312.2696625729016,1,2
0.026563029257723785,1146.7162709740005,1,2
0.6447271167708746,3172.199280071941,0,3
0.004503414934627556,50.05737473661373,0,2
0.057290063751270395,1185.7512879540814,1,2
0.004500886496937516,93.1563278380965,0,2
0.018008830451287147,319.8915612135803,0,3
0.035221601249513346,1366.1073148716077,1,2
0.013864140392673429,173.66050412567682,1,2
0.26014974134743407,1955.1145577855368,1,2
0.006625869990965677,256.99142403900646,1,2
0.43288887182063884,2151.0240868579917,0,3
0.05943485135711474,1055.743594374593,1,2
0.06354499135658039,1992.8541457025137,1,2
0.0169385536361289,731.2311737060996,1,1
0.06011142788301989,853.569628726226,1,2
0.036135541908649496,819.8522136990719,1,2
0.40117945024515983,3466.502901013891,0,3
0.028518616599034485,549.483208587576,1,2
0.02622349946845775,289.53658331969194,0,3
0.05105853261272366,567.5373328014462,1,2
0.07129540594643115,946.7276246152408,1,2
0.030213387756707222,335.83467101176416,1,2
0.0679691688760947,965.1478975894803,1,2
0.03258995882943955,362.25127052632723,1,2
0.1023537962152509,2324.9577483504445,1,2
0.4876316673710932,3051.704627804399,0,3
0.023914146735321745,1388.956368357422,1,2
0.5831604839590729,4041.0560928222994,0,3
0.7895406903226172,3335.7779359329325,0,3
0.0702609790750554,743.823779803174,1,2
0.12539061203723362,1049.0121688360748,0,3
1.1384589178679625,4973.445930545175,0,3
0.007352039241775185,92.090732271663,0,2
0.034001493498633156,375.41428317766565,1,2
0.028719887600055317,1283.7801691224047,0,3
0.0038339322212883166,86.98521324909333,0,2
0.034388377296206696,1076.2628937487095,1,2
0.020045451034026707,454.7962071909426,1,2
0.014834585392740492,164.8927338133723,0,3
0.0025780564065124934,99.99266331302839,0,3
0.010957071693452457,155.58811272138755,1,2
0.1751560958083161,671.2906461111687,0,3
0.003486442336835737,43.67074457352969,0,3
0.00828401213945109,481.1432974794774,1,2
0.05092436923732921,1155.3848273812596,1,2
0.0674932965682767,1161.704562742957,1,2
0.45219071862326055,3052.7332642441775,0,3
0.655538706107605,2914.6816596027293,0,3
0.012034922913414929,132.8789265924379,1,2
0.001854318577306129,101.68092977481318,1,2
0.03584959793990715,636.797813433598,0,3
0.02173735291133623,971.6605783908037,1,2
0.09712176873866443,3526.5399052743333,1,2
0.01053782823824132,131.99553036911362,1,2
0.07166113820415997,2449.7037190048177,0,3
0.031015493974258405,550.9294352053155,1,2
0.06408172616286525,1138.2862136966235,1,2
0.08660656017780695,962.6687969910796,1,1
0.03597003808444455,903.5208931094076,0,3
0.971037519104189,4794.524978536043,0,3
0.19334516831317752,882.9816877961449,0,3
0.015238970647997133,202.3574210938606,0,3
0.030049368446678246,1343.2080182104803,1,2
0.019203434358524556,858.3943137879887,1,2
0.010873466933573538,596.2428685191977,0,3
0.06171772427152011,773.0685644344487,1,2
0.012557845945190698,688.6052198920809,1,2
0.02129342491455363,1236.742354496218,1,2
0.4089742573666793,2443.6784458281054,1,2
0.06860870021980302,757.5163136232269,1,1
0.018394425173569033,264.41379055234677,1,2
0.0013983625566526842,76.67873614753535,0,2
0.18462690655580055,2057.1849667362276,1,2
0.009472246513686257,519.4074224112384,0,3
0.5817208248157598,2478.460153266193,0,3
0.0759398750961221,1433.8196702691741,1,2
0.02278123184780771,1249.2011157359268,1,1
0.3511990761468887,2589.2302831195793,0,3
0.0026750436265609015,28.319574928231262,0,1
0.03145998718357237,1725.0977187407223,1,1
0.03988739667108316,904.9752330309715,1,2
0.23698996796777985,2364.065832458441,0,3
0.024370664000079412,269.07922019723475,0,3
0.010328788294094999,445.89001809123727,1,2
0.31816757369865784,1857.148647135786,0,3
0.016278147138573933,231.14626450835516,1,2
0.6481919235254968,3197.574016996609,0,3
0.005582711502630179,69.92835231582816,0,2
0.012300606861608774,477.09213706562576,1,2
0.08577537884144973,908.0682811968919,1,2
0.27018997020651736,1923.2681258496439,0,3
0.06508080662795986,723.4008797384573,1,2
0.023105277941867862,408.1388897489536,1,2
0.06915380852408587,1190.2855391307576,1,2
0.5655594296603338,3121.5619199367407,0,3
0.13773948977035502,2876.263255410494,0,3
0.004778179834584729,262.00986937080626,1,2
0.009149328645490314,408.9753706362484,1,2
0.010099985650051957,391.73869975104816,1,2
0.04011973302768516,910.2465384057314,1,1
0.027787079410149147,399.43009503628997,1,2
0.040332446050927014,1262.2961160636883,1,2
0.011545660117229581,205.08601322735888,1,2
0.38036850145042955,3971.4531244621744,0,3
0.024181863136938715,343.37736877376324,1,2
0.03273173091283609,1024.41435739217,0,3
0.05880764288884217,1133.0778332749612,1,2
0.029104904221040253,1300.9904280790597,1,2
0.020062633300243934,221.5137726044362,0,3
0.002860033828111284,41.112042287979435,0,2
0.5419062535266211,4492.516155957583,1,2
0.061631807388758814,2054.655234438897,1,2
0.06506688048683545,1155.785548569234,1,2
0.02725809253077508,618.438421625577,0,3
0.026796858939132556,1197.820708071384,1,2
0.3904500455192113,4218.467863042909,0,3
0.3142644998511711,4117.334465030473,0,3
0.003714488277495697,203.68270388689177,1,2
0.02976881743727246,394.86178023646175,1,2
0.003967513475101841,68.28942637447555,0,2
0.04785033857250588,849.9674396936351,1,2
0.07211136678152619,763.4130652934624,1,2
0.03313933810143041,1481.329790175674,1,1
0.020589337091894273,295.9649249192324,1,2
0.001000654407267726,14.20908204937262,0,2
0.04046812220090581,714.8416265261103,1,2
0.3705582567337225,2351.977655442627,0,3
0.3680374652546363,2908.8210134112283,0,3
0.005396979850320499,209.32761118688146,1,2
0.009315429344754178,132.27713676509248,1,2
0.12462375038289608,2023.213588463653,1,2
0.5959075653484467,5123.140629775152,1,3
0.019160867702470247,254.1550180088693,1,2
0.6621757319663191,3760.6502763920903,0,3
0.060503432440151335,1165.751503840531,1,2
0.025584444359341103,529.5296577498666,1,2
0.022974912396457235,305.0825498515869,1,2
0.03684016102654121,489.1983947087155,1,2
0.0007033846593605433,38.56985904602354,0,2
0.0065239143761142695,115.88454678631027,1,2
0.020104295971658564,1102.41224560023,1,2
0.05342578885906423,709.4379996621528,0,3
0.024150030248056027,755.8304137182636,1,2
0.017633633173439047,339.7564991117292,1,2
0.0078116960281418455,428.35170017743235,1,2
0.05055398807643897,535.1940577852214,1,2
0.010427152543238517,149.8868761926246,0,3
0.008561099908835912,123.06298548787092,1,2
0.03914426867668127,754.2132443761375,1,2
0.05464379046129898,351.12866169034737,0,3
0.014198733451853405,201.61902765754581,1,2
0.02025915184185,905.5849291609544,1,1
0.007129071028139292,101.23130867052102,0,3
0.06495567381557217,1147.3974327720045,1,2
0.297227231012142,1401.4944986932965,1,2
0.06646981066053413,523.7685793920731,0,3
0.11176810683488726,1239.560306927204,1,2
0.016241413123458517,508.31215838584853,1,2
0.09284521706548894,444.6756035367577,0,3
0.2680707262308249,775.7433676364702,0,3
0.02187686323467918,290.1807295851554,1,1
0.051315745773874745,1164.264476140586,1,2
0.4882747761425036,2511.613651775569,0,3
0.0081848175684418,317.4568660842039,1,2
0.24884191961079982,1154.4026513325216,0,3
0.1840680834079393,991.7626893512974,0,3
0.7662495263728137,3273.858219983181,0,3
0.04286855390792923,536.9661927777264,1,2
0.22726186271385965,1727.7000708423043,0,3
0.014579285790719888,799.4501876838963,1,2
0.06946503983848182,766.9712548926702,1,2
0.007346634398486602,77.77576457163843,0,2
0.061518108436134464,770.5682012223987,1,2
0.16061860598897654,1189.833691666099,0,3
0.2156653436291046,865.2782679079784,0,3
0.6986388462341618,1959.3284990360314,0,3
0.04178744582512128,738.1465735845977,1,2
0.05159301227114507,569.6442045855148,1,2
0.047186872733588535,626.5917886722988,1,2
0.18680334445640492,1271.6845566776217,0,3
0.07251488848199474,689.9203944543759,0,3
0.6075685359685089,2216.0591312364336,0,3
0.003982879902224462,178.03489713038076,1,2
0.09885180810808637,547.8119651754589,0,3
0.5179558840572756,2400.7797266256603,0,3
0.14939485582534862,816.0466545917053,0,3
0.15859707066463005,757.1349292645597,1,2
0.004064946474507943,175.48225459267871,1,2
0.012450135065687038,176.7892984723418,1,2
0.06568348882176331,695.3637932353989,1,1
0.05667287167693255,629.9431023152777,1,2
0.7863704961963938,2964.5093890860408,0,3
0.04104568495373037,227.59521818580748,0,3
0.04986686305421708,662.1792271132396,1,2
0.04928088332462804,654.3980357433027,1,1
0.012980944544031479,406.2683393930293,1,2
0.02239835422120797,297.4264667637599,1,2
0.1700159591540867,1109.105970910796,1,2
0.0134008338278166,236.71653956970897,1,2
0.021413911824238845,670.1973317297898,1,2
0.5161781623053647,2096.216381576834,0,3
0.041642869234178835,459.7835652024805,1,2
0.008668371757441019,91.76844857899209,0,2
0.18828019922831715,999.8942349503462,1,2
0.006572941380177448,87.1853018762231,0,2
0.49508812358877974,1847.8563739927715,1,2
0.005230053842327139,233.7836240768952,0,3
0.10735914035499788,686.859606511869,1,2
0.004263841136551755,133.44665729883636,1,2
0.25630621072264104,1771.3038181931352,0,3
0.003578314119661959,196.2156401637035,1,2
0.020290963045531105,875.9534634505965,1,2
0.07401588253115461,783.5753818770386,1,2
0.04944136488289817,850.9920554050768,1,2
0.05408234528722888,597.129208144584,1,1
0.6423907130939096,1863.713096569775,0,3
0.3478741842352276,1092.1659276789803,1,2
0.026372749737483166,379.09957280949993,1,2
0.030044271872408553,224.22899286853917,1,2
0.45479278638431136,1332.0748461326775,0,3
0.016414052756596353,513.7153104315584,0,3
0.0020493393005540177,42.415849380739395,0,3
0.43097185538045457,1280.117299835376,0,3
0.0013310765437378673,18.901006867705114,0,2
0.025567120446355063,342.6439313129066,1,2
0.25793634481692285,958.0457555233942,1,2
0.012146286904969567,524.3507692857381,1,2
1.1415373704937077,2783.2228278712887,0,3
0.5163751160852127,2309.4423626831763,0,3
0.11309805358524726,1195.947088125314,1,2
1.375310157122255,3440.0440934592725,0,3
0.011239089407159113,198.53080685582603,1,2
0.26571969745786383,1614.0435501773438,1,2
1.2468629675234486,3468.874012171762,0,3
0.05754341777194638,1305.559456210848,1,2
0.4527037332821434,1654.8856979188809,0,3
0.07380079030581724,820.3272116434614,1,2
0.321037456002052,2269.306753747729,0,3
0.043917777263297215,583.1816565867227,1,2
0.04926557187764068,699.5607553761267,1,2
0.02096088269430031,936.9523274245649,1,1
0.04181180453025659,1308.5960221087046,1,1
0.012013851111434262,127.18564787082781,0,3
0.0358402357910064,813.1522346346753,1,2
0.3862476825325662,1495.9413946753211,0,3
0.04716096156435206,837.7220088757049,1,2
0.04307694795553867,829.986247634844,1,2
0.01564139795017367,489.53331165137587,0,3
0.0006126295767304758,19.17364333212433,0,2
0.026842012707668016,1080.5777525123447,1,2
0.041964732309560326,466.4558699197616,1,2
0.058367665017438,731.106137451076,1,2
0.03227482471094097,621.856048914022,0,3
0.04803256696436958,614.215164753264,0,3
0.033095136996870965,637.661437837827,0,3
0.034354777094661115,1483.0831791776077,1,2
0.3820810131882619,1336.5899144570878,0,3
0.247918003469743,1018.7857386900155,0,3
0.025604407730217923,1105.3329297657576,1,2
0.03136191317015627,445.33256859060936,1,2
0.07342126151694775,777.2803763681447,1,1
0.005075226012826089,196.8480459372693,0,3
0.020639506845877918,890.9999720067917,1,1
0.9263672303702617,3423.9107654403206,0,3
0.007110481842231409,275.7876107937678,1,2
1.0092879427441517,3082.932232846655,0,3
0.04507881181593541,775.9031493835419,1,2
0.0449132242315331,624.7536059090903,1,2
0.05473606082015075,685.617113406058,1,2
0.5189687792178698,2690.666044320997,0,3
0.3979529306675497,1884.1639601497031,0,3
0.042630026138668994,473.85089413962146,1,2
0.006650433113788933,114.4682344073969,1,2
0.16430967184419396,1672.0961602762584,0,3
0.01808779578846506,723.2018800184869,1,2
0.5098390701470258,2445.1341484866234,0,3
0.06769342562648034,1165.1492135730944,1,2
0.003295980592611376,43.7671380897313,0,3
0.03436659039930678,455.84790508799307,0,3
0.07705468340022446,815.7459035272725,1,2
0.02751153117362304,390.65795434536375,1,2
0.037966472500944266,1472.570069599784,1,2
0.009044127742252203,525.2915340393482,0,3
0.01247487632536998,177.14061915437392,0,3
0.03807023586883879,863.747034208509,0,3
0.44418742804073075,2510.831473121344,0,3
0.038383095323651945,426.64444961390456,1,2
0.11797117272228855,705.3430243341286,0,3
0.01108441196639778,643.7931806902194,1,2
0.20954781534098604,2843.153381747057,1,2
0.06697798749031328,784.2003006862624,0,3
0.003572384081959675,73.93880803905394,0,2
0.0007371957948965624,40.42388118661986,0,2
0.010911470972136928,144.7327513810447,1,2
0.02294627357335975,889.9956579357658,1,2
0.06701342310102391,709.4432546307874,1,2
0.02253271662458655,1308.7215947323061,1,2
0.0273651505255126,1181.3435531315984,1,1
0.0709836817033742,942.5882561910532,1,2
0.3964469649696967,3155.8388925279896,0,3
0.2280405054539457,1385.2479618771988,0,3
0.08062658674904011,1069.4532171188748,1,2
0.00724085085045492,102.8185586293593,1,2
0.006105230612895245,191.07715115021315,1,2
0.02815555182122859,404.7267643264766,1,1
0.04077142293153528,701.7637373983245,0,3
0.20853807348873216,1351.1090423098965,0,3
0.0398708902488588,499.41782933872855,1,1
0.019210113623821613,745.0847153458145,1,2
0.24078138242284702,1940.6654171274238,0,3
0.03436421158816649,455.81635188290926,1,2
0.033505420931481275,1048.6287555057852,1,2
0.059993741647341066,1241.7101984101323,1,2
0.2376646833732186,1017.7060826465838,0,3
0.11301291042918778,911.7014345548394,0,3
0.558427094141238,2617.3213929781223,0,3
0.034848721008471216,1351.6447576116425,1,2
0.04952079802830956,711.8451266776885,1,2
0.006814272276109825,395.77940950092716,0,3
0.03449419812861529,489.8103559800493,1,2
0.02458475605503725,769.4361518133978,1,2
0.09227093741962894,856.6027054461888,0,3
0.007351050666645418,285.1183288503917,1,2
0.02287058891790686,1254.1009803443235,1,2
0.04827086619783559,930.06020637713,1,2
0.03116172497408455,553.5269421871675,1,2
0.08952963375868167,408.40028149844784,0,3
0.6157322462646967,3103.0434777887635,0,3
0.03419639331450111,453.59036415479903,0,3
0.05311851273248286,754.2717048709854,1,1
0.14473497587554987,1227.5152237029658,0,3
0.03566851100877024,396.47068897299096,1,2
0.5576952221087697,2502.47556040571,0,3
0.008448702781314748,145.42031682188815,1,2
0.02668313028418361,383.5611907232088,1,2
0.05105676693527562,983.7376233969607,1,2
0.007966691217196458,308.9966032502809,1,2
0.020750573115984335,230.651456626711,1,2
0.0011215770054965376,43.501558618712245,0,1
0.071714469705464,898.2865586630827,1,1
0.32383764740315796,2090.354184909084,1,2
0.06547959925410368,929.7965327530575,1,2
0.026901512162549577,841.9443312748423,1,2
0.04056104069697158,450.85323989655063,1,2
0.006836907397643641,397.09407887010445,0,3
0.1393346755870987,1189.9372976870634,0,3
0.03426250764223263,1479.0999406174635,1,2
0.7207617640496755,3418.108193334027,0,3
0.00373619966523029,161.29037491013622,1,2
0.0919817486334284,973.7725383578169,1,2
0.2424101724308532,816.9209253612328,0,3
0.36634324798480816,2737.2730551957875,0,3
0.026175744770723326,371.6900684684967,1,2
0.0598213277685689,633.3035309133487,1,2
0.2863849754199423,1440.4264107378615,0,3
0.32379586078075506,1428.4573587045766,1,2
0.13123395346169753,886.0395024847769,0,3
0.03772780026153182,419.3605659470062,1,2
0.3120419188397788,1491.4567670259653,1,2
0.06168903042408812,886.7594510846739,1,2
0.019358754090643148,372.99531255469765,0,3
0.01661008570907877,644.2398636867877,1,2
0.03581614799253185,690.0885900212339,1,2
0.016997300723366107,759.7800486247473,1,2
0.0009200757659944372,17.72758444599347,0,2
0.034416307657429215,382.5519154834446,1,2
0.012130524911836275,251.06946293893728,1,2
0.011475887804166439,445.10453011088634,1,2
0.01659857016840569,741.956776249532,1,2
0.6939543038378345,3239.590914109361,0,3
0.005767786977240269,334.9985488520125,1,2
0.03459504728104367,529.9260070571829,0,3
0.018388438716329565,575.5082333163987,0,3
0.02203309588226734,1279.7031472213712,1,2
0.04648696426806925,821.160344052336,1,2
0.018350022664693728,1006.2172642661933,1,2
0.06731542686048794,1189.080852043427,1,1
0.035865682797286864,398.6623373661634,1,2
0.0056557762330677035,108.972819940523,1,2
0.04843183353292328,538.3404539735882,0,3
0.01143487009261251,493.63916533954716,1,2
0.6489855916669066,2230.7127369996388,0,3
0.03299006375463263,682.8061975384949,1,1
0.22477778131062734,635.2285590037869,0,3
0.21373510225406098,1803.1814535364776,1,2
0.04277895730335885,970.579683945512,1,2
0.01915392531691727,856.1812575708894,1,2
0.05212771719481921,897.2299471153564,1,2
0.022676312669121453,879.5249367610892,1,2
0.14727442695578527,887.7456368360246,0,3
0.015167800983291064,292.24601139308874,1,2
0.005618834767901628,79.78627152303235,0,3
0.03837256020626076,588.9849488164234,1,2
0.012823688184270186,247.08075530065955,1,2
0.026237936566007397,505.5401450116319,0,3
0.013981785853639694,624.986408644031,1,2
0.045248126539367786,778.8174193444405,0,3
0.01259779991134205,167.10068213280815,1,2
0.2611232234282313,1286.9733446355003,1,2
0.20097934278522986,775.6995048592233,1,2
0.010213321519342287,112.76642236909524,1,2
0.05779942460672352,1020.9871980968444,1,2
0.12150339902135641,702.5368943907238,1,2
0.017479524881093507,218.94636210782573,0,3
0.0596447096547877,1059.4713155421512,1,2
0.04400929361284136,551.2549569290115,1,2
0.2024218901476961,987.0703699074002,0,3
0.0027680746419486927,36.75710511416128,0,3
0.03195100925181854,661.300544825044,1,2
0.008154714594248864,168.78080944383865,0,3
0.04777514040723821,822.3127542841123,1,2
0.0674019260480981,713.5561738408755,1,2
0.2728576438062739,1074.14295012206,0,3
0.04744165489256477,523.8086046123345,0,3
0.051938312235653254,922.5822761118849,1,2
0.01937808177631804,1062.5905366977788,1,2
0.05581473773946899,960.691487852424,1,2
0.04075759034513519,701.5256488835744,1,2
0.019624346773497444,378.11262667985415,1,2
0.3754679686406646,2196.066633497417,0,3
0.4245979203717712,1814.91907020976,0,3
0.007646891235039648,239.3269452034672,0,3
0.0013564579439896648,58.55779399906358,0,2
0.5781033414960584,1746.724981495781,1,2
0.07016163641467071,930.6432382602097,1,1
0.04756611650227745,631.6277450220075,1,2
0.0055531881590148695,173.79972035527507,1,2
0.008008483670999132,310.6175680792736,1,2
0.08167946678679622,901.8321055612371,1,2
0.11463961023403335,484.1965501762583,1,2
0.004022314577557811,71.44853150722767,0,2
0.026884758626020862,357.0011746828537,1,2
0.03477732052083605,178.74249270148002,1,2
0.013274474713288185,176.27099174902008,1,2
0.22873191891615857,694.317870403126,1,2
0.010825003483733464,467.3114465865368,1,2
0.16465721873092484,911.776706375714,1,2
0.005073298553306578,158.7804779155771,1,2
0.10596188474637516,491.9120906893681,0,3
0.1725355740426193,939.5303848972516,1,2
0.008471405521171428,378.67217880939694,1,2
0.010529688897160834,611.5743376673402,1,2
0.028144296282691276,638.5448340223704,1,2
0.38316589041418103,1616.9055860033056,1,2
0.024683344128916665,327.40666388480713,1,2
0.02947251433007976,1272.3176788652502,1,2
0.12555297897753862,411.50125751774493,0,3
0.019924054283096085,221.46434783364185,1,2
0.013056935917422217,506.4271649729943,1,2
0.024711503787658004,436.51176780029056,1,2
0.15524790309589054,602.3773496459139,0,3
0.035846545499333214,1390.3464431559207,1,2
0.13316909940080138,690.2203514222223,1,2
0.02698263962266725,844.4834006306494,1,2
0.0302270018506864,434.5031747910846,1,2
0.09853887916009003,509.7705176806119,1,2
0.015726120239325746,279.34369024118604,1,2
0.10855692574507217,777.2130775899138,0,3
0.2091592466242644,1059.5613403122245,1,2
0.43060457487815756,1472.201045104923,0,3
0.02056343894045339,228.57138057630053,1,2
0.45402246210953695,2220.134981519332,0,3
0.39610356194930985,1674.8765787609555,0,3
0.25988397025855076,966.0425289589931,0,3
0.02451963422108845,767.3980151241252,1,2
0.04161217732228224,440.5308242094902,0,3
0.3718704687249919,1177.6647262994231,0,3
0.7795729016524101,1684.3427712318373,0,3
0.022592766590372675,975.3214817532516,1,2
0.32130902577797804,1344.491586485044,0,3
0.00958449802391044,556.6767535199881,1,2
0.05098660054384614,900.6433331118145,1,2
0.01957642456977036,1137.0173427801967,1,1
0.03646520674075311,402.6164159540677,1,2
0.022165889425634234,391.5452358217802,1,2
0.00840033300451002,105.22153000972817,1,2
0.0063687487251273215,349.2281745965559,1,2
0.038761755150665156,264.44691712918143,0,3
0.03080627393734433,340.13550751903995,1,2
0.2570673634456415,1348.264066618267,1,2
0.006693877600118799,367.05650609814705,1,2
0.0064650502647081035,375.49626320783483,1,2
0.012878209821366025,136.33625424140567,1,2
0.39953041126154715,2355.1976106454513,0,3
0.0178101531425589,796.1145855391911,1,2
0.1459489640373688,584.840330830534,0,3
0.032677499899454766,1460.6856033565605,1,2
0.04134928256996488,796.6984085794628,1,2
0.06851062876760235,984.8176757160137,1,2
0.05301142583785829,585.3050670243522,1,2
0.007730602607629864,333.7272909875504,1,2
0.015140797311216174,189.65175044822757,1,2
0.05014334336755648,208.4686639239764,0,3
0.01855417957615124,357.493151563278,1,2
0.008515256890464304,494.574212373657,1,2
0.1594784216177196,574.3740877066955,1,2
0.04171134357128365,803.6744286124894,1,1
0.06056924941524471,641.2214664950993,1,2
0.09689109539599154,317.66993700296786,1,2
0.03869351145985705,513.8089292869334,1,2
0.037250349902131406,528.9471312802718,1,1
0.09887901548986985,515.7889595367719,1,2
0.06278053294306737,693.1668684871421,1,2
0.421543709492891,1598.2614023075998,0,3
0.0057816378976222015,102.6994606032164,1,2
0.5692244581166483,1273.236554624668,0,3
0.020150223100599857,286.12892849927033,1,2
0.6040524942752811,1713.7327001713597,0,3
0.0031859009823502434,142.40990629507036,1,2
0.04271294191645601,567.1827168117743,1,2
0.1166452944553595,454.2932919983251,1,2
0.02076322948809424,294.8334902275102,1,2
0.010894320238961482,192.44069593476794,1,2
0.039762463441800025,337.6021584020966,1,2
0.5155117441167999,2935.98780330118,0,3
0.4326291628788397,1190.4522495854842,1,2
0.4519121860731818,1363.5960182263261,1,2
0.4237667016821352,1791.8793135143258,0,3
0.08013985150863964,848.4072958667982,1,2
0.03862501226526118,744.208457571842,1,2
0.4612965094592351,2167.086583230276,1,2
0.014039200363433306,199.35369136712708,1,2
0.11814834390764281,564.6689583025139,1,2
0.3917631250588149,999.9268187112591,1,2
0.03508995317729364,504.40649503114275,1,2
1.239374522966803,3812.481123572195,0,3
0.06093209629701816,332.30549630175386,1,2
0.022653222213812,300.8108442846588,1,2
0.03286370499179534,411.6466953355911,1,2
0.07954678429240757,878.2849202027863,1,2
0.008649406680079772,373.3917272042566,1,2
0.01035073823192216,567.5792175940642,1,2
0.030947932823826997,596.2901239664249,1,2
0.02049256735134001,916.0186121342923,1,2
0.3221417639748713,1347.1036872686159,1,2
0.030559665035272823,912.6345704866359,0,3
0.004515258721734833,194.9220698300087,1,2
0.45203394141432945,1588.0486507728713,0,3
0.24224178675315683,1183.6155449511832,0,3
0.34522895280228627,867.7585838039128,0,3
0.03894090891616598,883.501082094766,1,2
0.4710007670025356,1541.4511501370362,0,3
0.06123698100328467,1081.709274441123,1,2
0.34296202673760723,1389.138287675584,0,3
0.04452092111627739,557.6635396218279,1,2
0.041502164760869445,941.6114953670574,1,2
0.5804842804281606,2302.999010221848,0,3
0.04405624575049862,1378.8409418308406,1,2
